jd,fid,pid,diffmaglim,pdiffimfilename,programpi,programid,nid,rcid,field,magzpsci,magzpsciunc,magzpscirms,clrcoeff,clrcounc,rbversion,candid,isdiffpos,tblid,xpos,ypos,ra,dec,magpsf,sigmapsf,chipsf,magap,sigmagap,distnr,magnr,sigmagnr,chinr,sharpnr,sky,magdiff,fwhm,classtar,mindtoedge,magfromlim,seeratio,aimage,bimage,aimagerat,bimagerat,elong,nneg,nbad,rb,sumrat,magapbig,sigmagapbig,ranr,decnr,scorr,obj_id
2460230.0388889,2,2475538880915,19.497600555419922,/ztf/archive/sci/2023/1012/538715/ztf_20231012538715_000861_zr_c03_o_q2_scimrefdiffimg.fits.fz,Kasliwal,3,2475,9,861,28.715299606323242,2.3011600205791183e-05,0.03083599917590618,0.10385599732398987,3.378069959580898e-05,t17_f5_c3,,,,,,,,,,,,,,,,,,,,,,,,,,,,,,,,,,,,,,,ZTF18acwwqdf
2460237.0069907,2,2482506990915,21.275999069213867,/ztf/archive/sci/2023/1019/506817/ztf_20231019506817_000861_zr_c03_o_q2_scimrefdiffimg.fits.fz,Kasliwal,3,2482,9,861,28.716299057006836,6.901990218466381e-06,0.019523700699210167,0.10025200247764587,9.549769856675994e-06,t17_f5_c3,2.482506990915015e+18,t,1.0,1523.6300048828125,76.48629760742188,175.0709225,74.4652336,20.849300384521484,0.10843899846076965,1.3187899589538574,20.92099952697754,0.25049999356269836,0.3300729990005493,18.499000549316406,0.02500000037252903,0.8989999890327454,0.07900000363588333,-1.7155699729919434,0.07165700197219849,1.4171600341796875,0.9890000224113464,76.48629760742188,0.35499200224876404,2.0,0.7409999966621399,0.6899999976158142,0.5228760242462158,0.48688799142837524,1.0739099979400635,5.0,0.0,0.7728570103645325,0.9508010149002075,21.03179931640625,0.35440000891685486,175.0709983,74.465324,7.18619,ZTF18acwwqdf
2460029.8917593,1,2275391750915,20.04450035095215,/ztf/archive/sci/2023/0326/391725/ztf_20230326391725_000861_zg_c03_o_q2_scimrefdiffimg.fits.fz,Kulkarni,1,2275,9,861,26.31920051574707,2.5433699192944914e-05,0.03719240054488182,-0.09990639984607697,3.8756199501222e-05,t17_f5_c3,2.275391750915015e+18,t,0.0,1451.0400390625,191.40199279785156,175.0713278,74.4652015,19.88520050048828,0.20017899572849274,0.916471004486084,20.0531005859375,0.28369998931884766,0.5562009811401367,18.385000228881836,0.010999999940395355,0.3160000145435333,-0.003000000026077032,0.9668560028076172,0.16789300739765167,2.9200000762939453,0.5339999794960022,191.40199279785156,-0.008558000437915325,1.21042001247406,1.1260000467300415,0.9700000286102295,0.3856160044670105,0.33219200372695923,1.160830020904541,3.0,0.0,0.8728569746017456,1.0,20.024799346923828,0.35190001130104065,175.0709546,74.4653219,7.66174,ZTF18acwwqdf
2460032.6642014,1,2278164200915,19.82979965209961,/ztf/archive/sci/2023/0329/164190/ztf_20230329164190_000861_zg_c03_o_q2_scimrefdiffimg.fits.fz,Kulkarni,1,2278,9,861,26.34320068359375,2.577680061222054e-05,0.03638770058751106,-0.14976400136947632,4.0515398723073304e-05,t17_f5_c3,2.278164200915015e+18,t,0.0,1464.030029296875,166.45599365234375,175.0708124,74.4652035,19.87019920349121,0.22941400110721588,1.4509400129318237,19.782800674438477,0.2946000099182129,0.44210198521614075,18.385000228881836,0.010999999940395355,0.3160000145435333,-0.003000000026077032,0.8355429768562317,-0.08743000030517578,2.5199999809265137,0.6460000276565552,166.45599365234375,0.046959999948740005,1.2685099840164185,0.699999988079071,0.6389999985694885,0.2777779996395111,0.2535710036754608,1.095460057258606,6.0,0.0,0.9314290285110474,0.8686270117759705,20.195600509643555,0.5501999855041504,175.0709546,74.4653219,7.10232,ZTF18acwwqdf
2460032.8456366,2,2278345630915,20.17569923400879,/ztf/archive/sci/2023/0329/345613/ztf_20230329345613_000861_zr_c03_o_q2_scimrefdiffimg.fits.fz,Kulkarni,1,2278,9,861,26.24570083618164,1.0035099876404274e-05,0.023852400481700897,0.09951110184192657,1.4054099665372632e-05,t17_f5_c3,,,,,,,,,,,,,,,,,,,,,,,,,,,,,,,,,,,,,,,ZTF18acwwqdf
2460042.7633912,1,2288263390915,18.008899688720703,/ztf/archive/sci/2023/0408/263345/ztf_20230408263345_000861_zg_c03_o_q2_scimrefdiffimg.fits.fz,Kulkarni,1,2288,9,861,25.26289939880371,0.00014200000441633165,0.045827899128198624,-0.11650100350379944,0.0003417209954932332,t17_f5_c3,,,,,,,,,,,,,,,,,,,,,,,,,,,,,,,,,,,,,,,ZTF18acwwqdf
2460042.8241435,2,2288324140915,19.350799560546875,/ztf/archive/sci/2023/0408/324132/ztf_20230408324132_000861_zr_c03_o_q2_scimrefdiffimg.fits.fz,Kulkarni,1,2288,9,861,25.97410011291504,1.5685100152040832e-05,0.030044399201869965,0.09384240210056305,2.2089699996286072e-05,t17_f5_c3,,,,,,,,,,,,,,,,,,,,,,,,,,,,,,,,,,,,,,,ZTF18acwwqdf
2460044.6602199,1,2290160210915,20.391399383544922,/ztf/archive/sci/2023/0410/160220/ztf_20230410160220_000861_zg_c03_o_q2_scimrefdiffimg.fits.fz,Kulkarni,1,2290,9,861,26.380399703979492,2.198100082750898e-05,0.03522050008177757,-0.16204999387264252,3.1372601370094344e-05,t17_f5_c3,2.290160210915015e+18,t,1.0,1483.27001953125,146.00900268554688,175.0710836,74.4653106,20.11039924621582,0.26951199769973755,2.4407100677490234,20.816200256347656,0.49790000915527344,0.12924599647521973,18.385000228881836,0.010999999940395355,0.3160000145435333,-0.003000000026077032,0.5533599853515625,0.7058050036430359,1.4782400131225586,0.8920000195503235,146.00900268554688,-0.4247939884662628,2.0,0.5090000033378601,0.48399999737739563,0.34432899951934814,0.3274169862270355,1.051650047302246,11.0,0.0,0.6657140254974365,0.4726080000400543,20.90060043334961,0.6848999857902527,175.0709546,74.4653219,6.60227,ZTF18acwwqdf
2460044.7212153,2,2290221210915,20.390100479125977,/ztf/archive/sci/2023/0410/221215/ztf_20230410221215_000861_zr_c03_o_q2_scimrefdiffimg.fits.fz,Kulkarni,1,2290,9,861,26.25079917907715,9.738960216054693e-06,0.02371229976415634,0.10257799923419952,1.3665900041814893e-05,t17_f5_c3,,,,,,,,,,,,,,,,,,,,,,,,,,,,,,,,,,,,,,,ZTF18acwwqdf
2460046.760706,1,2292260700915,20.646699905395508,/ztf/archive/sci/2023/0412/260706/ztf_20230412260706_000861_zg_c03_o_q2_scimrefdiffimg.fits.fz,Kulkarni,1,2292,9,861,26.372600555419922,1.1846499546663836e-05,0.025779200717806816,-0.11044800281524658,1.664890078245662e-05,t17_f5_c3,,,,,,,,,,,,,,,,,,,,,,,,,,,,,,,,,,,,,,,ZTF18acwwqdf
2460046.8289352,2,2292328930915,20.527999877929688,/ztf/archive/sci/2023/0412/328889/ztf_20230412328889_000861_zr_c03_o_q2_scimrefdiffimg.fits.fz,Kulkarni,1,2292,9,861,26.232500076293945,1.0263100193697028e-05,0.024004599079489708,0.10235299915075302,1.4426499546971172e-05,t17_f5_c3,,,,,,,,,,,,,,,,,,,,,,,,,,,,,,,,,,,,,,,ZTF18acwwqdf
2460050.7171875,2,2296217180915,20.395200729370117,/ztf/archive/sci/2023/0416/217118/ztf_20230416217118_000861_zr_c03_o_q2_scimrefdiffimg.fits.fz,Kulkarni,1,2296,9,861,26.20789909362793,1.1761399946408346e-05,0.02590320073068142,0.09859529882669449,1.651350066822488e-05,t17_f5_c3,,,,,,,,,,,,,,,,,,,,,,,,,,,,,,,,,,,,,,,ZTF18acwwqdf
2460050.8530671,1,2296353060915,20.327499389648438,/ztf/archive/sci/2023/0416/353056/ztf_20230416353056_000861_zg_c03_o_q2_scimrefdiffimg.fits.fz,Kulkarni,1,2296,9,861,26.298500061035156,1.656769927649293e-05,0.030508700758218765,-0.11513400077819824,2.367449997109361e-05,t17_f5_c3,2.296353060915015e+18,t,0.0,1491.010009765625,158.53199768066406,175.0711792,74.4653196,20.29949951171875,0.2518959939479828,1.437559962272644,20.223100662231445,0.3138999938964844,0.21404999494552612,18.385000228881836,0.010999999940395355,0.3160000145435333,-0.003000000026077032,0.7672039866447449,-0.07636699825525284,1.440369963645935,0.7129999995231628,158.53199768066406,0.10436200350522995,2.0,0.6510000228881836,0.5049999952316284,0.4519670009613037,0.35060399770736694,1.2891099452972412,6.0,0.0,0.9414290189743042,0.9567369818687439,20.811100006103516,0.6862000226974487,175.0709546,74.4653219,5.50015,ZTF18acwwqdf
2460052.7197338,1,2298219730915,20.601600646972656,/ztf/archive/sci/2023/0418/219722/ztf_20230418219722_000861_zg_c03_o_q2_scimrefdiffimg.fits.fz,Kulkarni,1,2298,9,861,26.346399307250977,1.570650056237355e-05,0.03002209961414337,-0.1436379998922348,2.2053900465834886e-05,t17_f5_c3,2.298219730915015e+18,t,0.0,1481.8299560546875,164.44400024414062,175.0711171,74.4652974,20.156400680541992,0.2116360068321228,1.7114200592041016,20.298200607299805,0.26570001244544983,0.17756099998950958,18.385000228881836,0.010999999940395355,0.3160000145435333,-0.003000000026077032,0.2986389994621277,0.1417739987373352,1.43927001953125,0.8420000076293945,164.44400024414062,0.30337798595428467,2.0,0.6330000162124634,0.593999981880188,0.4398050010204315,0.41270801424980164,1.065659999847412,9.0,0.0,0.9399999976158142,0.7687889933586121,20.164199829101562,0.29739999771118164,175.0709546,74.4653219,6.66411,ZTF18acwwqdf
2460052.7796412,2,2298279640915,20.219200134277344,/ztf/archive/sci/2023/0418/279595/ztf_20230418279595_000861_zr_c03_o_q2_scimrefdiffimg.fits.fz,Kulkarni,1,2298,9,861,26.206899642944336,8.513929969922174e-06,0.021886000409722328,0.08407559990882874,1.1922399608010892e-05,t17_f5_c3,,,,,,,,,,,,,,,,,,,,,,,,,,,,,,,,,,,,,,,ZTF18acwwqdf
2459956.9874537,2,2202487450915,19.71470069885254,/ztf/archive/sci/2023/0112/487407/ztf_20230112487407_000861_zr_c03_o_q2_scimrefdiffimg.fits.fz,Kulkarni,1,2202,9,861,26.281600952148438,1.0871500307985116e-05,0.024900799617171288,0.07258539646863937,1.5256699953170028e-05,t17_f5_c3,,,,,,,,,,,,,,,,,,,,,,,,,,,,,,,,,,,,,,,ZTF18acwwqdf
2459957.0272685,1,2202527260915,19.554100036621094,/ztf/archive/sci/2023/0112/527106/ztf_20230112527106_000861_zg_c03_o_q2_scimrefdiffimg.fits.fz,Kulkarni,1,2202,9,861,26.405799865722656,2.9323400667635724e-05,0.03540150076150894,-0.11600299924612045,5.487180169438943e-05,t17_f5_c3,2.202527260915015e+18,t,0.0,1467.3299560546875,171.9149932861328,175.0712584,74.4652138,19.856800079345703,0.29169899225234985,1.3863099813461304,19.659799575805664,0.26899999380111694,0.48635900020599365,18.385000228881836,0.010999999940395355,0.3160000145435333,-0.003000000026077032,0.6618260145187378,-0.19704200327396393,2.3399999141693115,0.6880000233650208,171.9149932861328,-0.10570300370454788,1.7156599760055542,0.7350000143051147,0.6669999957084656,0.31410300731658936,0.28504300117492676,1.1019500494003296,8.0,0.0,0.7685710191726685,0.8399009704589844,19.51849937438965,0.30239999294281006,175.0709546,74.4653219,6.30782,ZTF18acwwqdf
2459965.7647685,2,2211264760915,19.743900299072266,/ztf/archive/sci/2023/0121/264757/ztf_20230121264757_000861_zr_c03_o_q2_scimrefdiffimg.fits.fz,Kulkarni,1,2211,9,861,26.223600387573242,1.5128000086406246e-05,0.029261000454425812,0.09554349631071091,2.1351299437810667e-05,t17_f5_c3,,,,,,,,,,,,,,,,,,,,,,,,,,,,,,,,,,,,,,,ZTF18acwwqdf
2459965.9082755,1,2211408270915,20.055700302124023,/ztf/archive/sci/2023/0121/408229/ztf_20230121408229_000861_zg_c03_o_q2_scimrefdiffimg.fits.fz,Kulkarni,1,2211,9,861,26.369199752807617,3.134669896098785e-05,0.04024539887905121,-0.11343800276517868,4.948089917888865e-05,t17_f5_c3,2.211408270915015e+18,t,0.0,1425.6700439453125,165.5850067138672,175.0712031,74.4654117,20.243200302124023,0.33505499362945557,0.8171629905700684,20.118900299072266,0.25999999046325684,0.3974049985408783,18.385000228881836,0.010999999940395355,0.3160000145435333,-0.003000000026077032,0.3863219916820526,-0.12431000173091888,2.3499999046325684,0.37400001287460327,165.5850067138672,-0.06321500241756439,1.7283200025558472,1.3980000019073486,1.0140000581741333,0.5948939919471741,0.4314889907836914,1.3787000179290771,3.0,0.0,0.5642859935760498,0.9764599800109863,20.27790069580078,0.38280001282691956,175.0709546,74.4653219,6.00943,ZTF18acwwqdf
2459968.8043866,2,2214304380915,19.88089942932129,/ztf/archive/sci/2023/0124/304363/ztf_20230124304363_000861_zr_c03_o_q2_scimrefdiffimg.fits.fz,Kulkarni,1,2214,9,861,26.261699676513672,1.1547999747563154e-05,0.025549499318003654,0.08464279770851135,1.6189200323424302e-05,t17_f5_c3,,,,,,,,,,,,,,,,,,,,,,,,,,,,,,,,,,,,,,,ZTF18acwwqdf
2460244.9862616,2,2490486260915,20.657899856567383,/ztf/archive/sci/2023/1027/486215/ztf_20231027486215_000861_zr_c03_o_q2_scimrefdiffimg.fits.fz,Kasliwal,3,2490,9,861,28.73259925842285,6.519539965665899e-06,0.01893560029566288,0.09781970083713531,9.086010322789662e-06,t17_f5_c3,2.490486260915015e+18,t,1.0,1482.8599853515625,101.64700317382812,175.0709872,74.4651908,20.58060073852539,0.13482899963855743,0.8467879891395569,20.39229965209961,0.25429999828338623,0.4573589861392975,18.499000549316406,0.02500000037252903,0.8989999890327454,0.07900000363588333,-13.283300399780273,-0.18827100098133087,1.495229959487915,0.9810000061988831,101.64700317382812,0.26560699939727783,2.0,0.8339999914169312,0.7570000290870667,0.557774007320404,0.5062770247459412,1.1017199754714966,6.0,0.0,0.7242860198020935,0.9899430274963379,20.04949951171875,0.2379000037908554,175.0709983,74.465324,6.47084,ZTF18acwwqdf
2460248.9651157,2,2494465113715,19.19659996032715,/ztf/archive/sci/2023/1031/465116/ztf_20231031465116_001871_zr_c10_o_q2_scimrefdiffimg.fits.fz,Kulkarni,2,2494,37,1871,26.260700225830078,3.977489905082621e-05,0.04661159962415695,0.10129900276660919,5.67700008105021e-05,t17_f5_c3,,,,,,,,,,,,,,,,,,,,,,,,,,,,,,,,,,,,,,,ZTF18acwwqdf
2460248.9655903,2,2494465593715,19.1835994720459,/ztf/archive/sci/2023/1031/465579/ztf_20231031465579_001871_zr_c10_o_q2_scimrefdiffimg.fits.fz,Kulkarni,3,2494,37,1871,26.263399124145508,3.3527601772220805e-05,0.042903799563646317,0.10287100076675415,4.764850018545985e-05,t17_f5_c3,,,,,,,,,,,,,,,,,,,,,,,,,,,,,,,,,,,,,,,ZTF18acwwqdf
2460249.9907292,2,2495490720915,18.67840003967285,/ztf/archive/sci/2023/1101/490718/ztf_20231101490718_000861_zr_c03_o_q2_scimrefdiffimg.fits.fz,Kulkarni,1,2495,9,861,25.848899841308594,4.106659980607219e-05,0.04197070002555847,0.10110499709844589,5.93426993873436e-05,t17_f5_c3,,,,,,,,,,,,,,,,,,,,,,,,,,,,,,,,,,,,,,,ZTF18acwwqdf
2460250.0104514,1,2495510450915,19.12070083618164,/ztf/archive/sci/2023/1101/510428/ztf_20231101510428_000861_zg_c03_o_q2_scimrefdiffimg.fits.fz,Kulkarni,1,2495,9,861,26.217100143432617,5.336659887689166e-05,0.042131099849939346,-0.12155699729919434,0.00010052300058305264,t17_f5_c3,,,,,,,,,,,,,,,,,,,,,,,,,,,,,,,,,,,,,,,ZTF18acwwqdf
2460250.9947569,3,2496494750915,18.966699600219727,/ztf/archive/sci/2023/1102/494722/ztf_20231102494722_000861_zi_c03_o_q2_scimrefdiffimg.fits.fz,Kulkarni,2,2496,9,861,25.624099731445312,5.817079909320455e-06,0.028815599158406258,0.16816799342632294,2.3473399778595194e-05,t17_f5_c3,,,,,,,,,,,,,,,,,,,,,,,,,,,,,,,,,,,,,,,ZTF18acwwqdf
2459517.9838773,1,1763483870915,20.240299224853516,/ztf/archive/sci/2021/1030/483877/ztf_20211030483877_000861_zg_c03_o_q2_scimrefdiffimg.fits.fz,Kulkarni,1,1763,9,861,26.32309913635254,1.8866800019168295e-05,0.03204429894685745,-0.11460600048303604,2.6416300897835754e-05,t17_f5_c3,1.76348387091501e+18,f,0.0,1485.9599609375,57.483699798583984,175.0716475,74.4652955,20.23710060119629,0.21446000039577484,1.120110034942627,20.12070083618164,0.31279999017715454,0.668586015701294,18.385000228881836,0.010999999940395355,0.3160000145435333,-0.003000000026077032,-0.34654900431632996,-0.11636099964380264,1.4093400239944458,0.6710000038146973,57.483699798583984,0.1196030005812645,2.0,0.8259999752044678,0.6449999809265137,0.586089015007019,0.4576599895954132,1.2806199789047241,3.0,0.0,0.9399999976158142,1.0,20.34429931640625,0.4909999966621399,175.0709546,74.4653219,6.22084,ZTF18acwwqdf
2459518.0174074,2,1763517400915,20.370500564575195,/ztf/archive/sci/2021/1030/517407/ztf_20211030517407_000861_zr_c03_o_q2_scimrefdiffimg.fits.fz,Kulkarni,1,1763,9,861,26.25279998779297,1.0995099728461355e-05,0.02459939941763878,0.10477399826049805,1.5223299669742119e-05,t17_f5_c3,,,,,,,,,,,,,,,,,,,,,,,,,,,,,,,,,,,,,,,ZTF18acwwqdf
2459521.9730324,2,1767473030915,20.216999053955078,/ztf/archive/sci/2021/1103/473032/ztf_20211103473032_000861_zr_c03_o_q2_scimrefdiffimg.fits.fz,Kulkarni,1,1767,9,861,26.23579978942871,1.3931099601904862e-05,0.02767219953238964,0.10271800309419632,1.9357299606781453e-05,t17_f5_c3,,,,,,,,,,,,,,,,,,,,,,,,,,,,,,,,,,,,,,,ZTF18acwwqdf
2459522.0145023,1,1767514500915,20.22480010986328,/ztf/archive/sci/2021/1103/514491/ztf_20211103514491_000861_zg_c03_o_q2_scimrefdiffimg.fits.fz,Kulkarni,1,1767,9,861,26.34819984436035,2.999339994858019e-05,0.04060550034046173,-0.09907089918851852,4.371999966679141e-05,t17_f5_c3,,,,,,,,,,,,,,,,,,,,,,,,,,,,,,,,,,,,,,,ZTF18acwwqdf
2459524.0084375,2,1769508430915,20.389699935913086,/ztf/archive/sci/2021/1105/508438/ztf_20211105508438_000861_zr_c03_o_q2_scimrefdiffimg.fits.fz,Kulkarni,1,1769,9,861,26.2406005859375,9.46156978898216e-06,0.022924799472093582,0.10837200284004211,1.3263300388643984e-05,t17_f5_c3,,,,,,,,,,,,,,,,,,,,,,,,,,,,,,,,,,,,,,,ZTF18acwwqdf
2459524.0352778,1,1769535270915,20.503000259399414,/ztf/archive/sci/2021/1105/535266/ztf_20211105535266_000861_zg_c03_o_q2_scimrefdiffimg.fits.fz,Kulkarni,1,1769,9,861,26.364700317382812,1.699960012047086e-05,0.03090279921889305,-0.11297599971294403,2.3930300812935457e-05,t17_f5_c3,1.76953527091501e+18,f,0.0,1496.1099853515625,108.31199645996094,175.07114,74.4652766,20.386699676513672,0.2145089954137802,0.8581370115280151,20.2106990814209,0.28029999136924744,0.2507300078868866,18.385000228881836,0.010999999940395355,0.3160000145435333,-0.003000000026077032,-0.22628900408744812,-0.1759749948978424,1.3521699905395508,0.5899999737739563,108.31199645996094,0.29229700565338135,2.0,0.9459999799728394,0.765999972820282,0.6996170282363892,0.5664979815483093,1.2349900007247925,5.0,0.0,0.9557139873504639,0.9780300259590149,20.229700088500977,0.3637999892234802,175.0709546,74.4653219,5.59467,ZTF18acwwqdf
2459525.9736458,1,1771473640915,20.604700088500977,/ztf/archive/sci/2021/1107/473634/ztf_20211107473634_000861_zg_c03_o_q2_scimrefdiffimg.fits.fz,Kulkarni,1,1771,9,861,26.32670021057129,1.6598400179645978e-05,0.030226999893784523,-0.10016299784183502,2.314569974259939e-05,t17_f5_c3,1.77147364091501e+18,f,0.0,1484.300048828125,84.39769744873047,175.0712048,74.4652599,20.33970069885254,0.23038899898529053,1.332360029220581,19.96299934387207,0.20069999992847443,0.337240993976593,18.385000228881836,0.010999999940395355,0.3160000145435333,-0.003000000026077032,-0.3262749910354614,-0.3766610026359558,2.5299999713897705,0.6959999799728394,84.39769744873047,0.6416940093040466,1.0908399820327759,0.8809999823570251,0.6669999957084656,0.3482210040092468,0.2636359930038452,1.3208400011062622,7.0,0.0,0.9100000262260437,0.8314729928970337,20.019399642944336,0.2685000002384186,175.0709546,74.4653219,6.45863,ZTF18acwwqdf
2459526.0136921,2,1771513690915,19.508899688720703,/ztf/archive/sci/2021/1107/513681/ztf_20211107513681_000861_zr_c03_o_q2_scimrefdiffimg.fits.fz,Kulkarni,1,1771,9,861,25.584299087524414,0.00012869900092482567,0.08472210168838501,0.10269299894571304,0.00018012399959843606,t17_f5_c3,,,,,,,,,,,,,,,,,,,,,,,,,,,,,,,,,,,,,,,ZTF18acwwqdf
2459352.703206,1,1598203200915,19.729700088500977,/ztf/archive/sci/2021/0518/203194/ztf_20210518203194_000861_zg_c03_o_q2_scimrefdiffimg.fits.fz,Kulkarni,1,1598,9,861,26.216400146484375,2.9938999432488345e-05,0.03671500086784363,-0.0640764981508255,5.2440398576436564e-05,t17_f5_c3,,,,,,,,,,,,,,,,,,,,,,,,,,,,,,,,,,,,,,,ZTF18acwwqdf
2459354.7216551,2,1600221650915,19.67289924621582,/ztf/archive/sci/2021/0520/221447/ztf_20210520221447_000861_zr_c03_o_q2_scimrefdiffimg.fits.fz,Kulkarni,1,1600,9,861,26.202899932861328,1.6986499758786522e-05,0.031005000695586205,0.10996600240468979,2.3821699869586155e-05,t17_f5_c3,,,,,,,,,,,,,,,,,,,,,,,,,,,,,,,,,,,,,,,ZTF18acwwqdf
2459354.8432639,1,1600343260915,19.480600357055664,/ztf/archive/sci/2021/0520/343241/ztf_20210520343241_000861_zg_c03_o_q2_scimrefdiffimg.fits.fz,Kulkarni,1,1600,9,861,26.243499755859375,5.1210699893999845e-05,0.0427200011909008,-0.07412809878587723,9.722899994812906e-05,t17_f5_c3,,,,,,,,,,,,,,,,,,,,,,,,,,,,,,,,,,,,,,,ZTF18acwwqdf
2459358.7995139,2,1604299510915,19.680599212646484,/ztf/archive/sci/2021/0524/299514/ztf_20210524299514_000861_zr_c03_o_q2_scimrefdiffimg.fits.fz,Kulkarni,1,1604,9,861,26.133899688720703,1.4795499737374485e-05,0.0289366003125906,0.11051300168037415,2.072159986710176e-05,t17_f5_c3,,,,,,,,,,,,,,,,,,,,,,,,,,,,,,,,,,,,,,,ZTF18acwwqdf
2459358.8846875,1,1604384680915,19.24250030517578,/ztf/archive/sci/2021/0524/384688/ztf_20210524384688_000861_zg_c03_o_q2_scimrefdiffimg.fits.fz,Kulkarni,1,1604,9,861,26.163799285888672,4.0799201087793335e-05,0.04068649932742119,-0.058662299066782,7.229339826153591e-05,t17_f5_c3,,,,,,,,,,,,,,,,,,,,,,,,,,,,,,,,,,,,,,,ZTF18acwwqdf
2459361.780706,1,1607280700915,19.304899215698242,/ztf/archive/sci/2021/0527/280637/ztf_20210527280637_000861_zg_c03_o_q2_scimrefdiffimg.fits.fz,Kulkarni,1,1607,9,861,26.32430076599121,3.383310104254633e-05,0.03895629942417145,-0.09133409708738327,5.8564699429553e-05,t17_f5_c3,,,,,,,,,,,,,,,,,,,,,,,,,,,,,,,,,,,,,,,ZTF18acwwqdf
2459361.8600116,2,1607360010915,19.59980010986328,/ztf/archive/sci/2021/0527/360012/ztf_20210527360012_000861_zr_c03_o_q2_scimrefdiffimg.fits.fz,Kulkarni,1,1607,9,861,26.206499099731445,1.6301399227813818e-05,0.0300843995064497,0.10863199830055237,2.26519005082082e-05,t17_f5_c3,,,,,,,,,,,,,,,,,,,,,,,,,,,,,,,,,,,,,,,ZTF18acwwqdf
2459363.7884838,1,1609288480915,19.75909996032715,/ztf/archive/sci/2021/0529/288391/ztf_20210529288391_000861_zg_c03_o_q2_scimrefdiffimg.fits.fz,Kulkarni,1,1609,9,861,26.329999923706055,2.888870039896574e-05,0.03853119909763336,-0.09170269966125488,4.487510159378871e-05,t17_f5_c3,,,,,,,,,,,,,,,,,,,,,,,,,,,,,,,,,,,,,,,ZTF18acwwqdf
2459363.8704745,2,1609370470915,19.72909927368164,/ztf/archive/sci/2021/0529/370428/ztf_20210529370428_000861_zr_c03_o_q2_scimrefdiffimg.fits.fz,Kulkarni,1,1609,9,861,26.1914005279541,1.4737600395164918e-05,0.02847049944102764,0.1147959977388382,2.0435199985513464e-05,t17_f5_c3,,,,,,,,,,,,,,,,,,,,,,,,,,,,,,,,,,,,,,,ZTF18acwwqdf
2459365.8254977,1,1611325490915,20.010700225830078,/ztf/archive/sci/2021/0531/325498/ztf_20210531325498_000861_zg_c03_o_q2_scimrefdiffimg.fits.fz,Kulkarni,1,1611,9,861,26.182300567626953,2.212250001321081e-05,0.03411860018968582,-0.07482259720563889,3.253030081395991e-05,t17_f5_c3,,,,,,,,,,,,,,,,,,,,,,,,,,,,,,,,,,,,,,,ZTF18acwwqdf
2459365.8449537,2,1611344950915,19.90250015258789,/ztf/archive/sci/2021/0531/344803/ztf_20210531344803_000861_zr_c03_o_q2_scimrefdiffimg.fits.fz,Kulkarni,1,1611,9,861,26.11359977722168,1.5294199329218827e-05,0.028987200930714607,0.1095770001411438,2.123890044458676e-05,t17_f5_c3,,,,,,,,,,,,,,,,,,,,,,,,,,,,,,,,,,,,,,,ZTF18acwwqdf
2459367.7835764,1,1613283570915,20.35379981994629,/ztf/archive/sci/2021/0602/283530/ztf_20210602283530_000861_zg_c03_o_q2_scimrefdiffimg.fits.fz,Kulkarni,1,1613,9,861,26.163400650024414,1.641020025999751e-05,0.029739899560809135,-0.09230200201272964,2.3132299247663468e-05,t17_f5_c3,1.61328357091501e+18,f,0.0,1461.0799560546875,92.40390014648438,175.0707148,74.4652851,20.252399444580078,0.22548000514507294,0.8210269808769226,20.131000518798828,0.3163999915122986,0.24789899587631226,18.385000228881836,0.010999999940395355,0.3160000145435333,-0.003000000026077032,-0.010370999574661255,-0.12144400179386139,1.2727700471878052,0.7210000157356262,92.40390014648438,0.22278399765491486,2.0,0.7059999704360962,0.5789999961853027,0.5546960234642029,0.4549129903316498,1.2193399667739868,9.0,0.0,0.9357140064239502,0.8153280019760132,20.192899703979492,0.42739999294281006,175.0709546,74.4653219,6.3991,ZTF18acwwqdf
2459367.8665856,2,1613366580915,19.9507999420166,/ztf/archive/sci/2021/0602/366586/ztf_20210602366586_000861_zr_c03_o_q2_scimrefdiffimg.fits.fz,Kulkarni,1,1613,9,861,26.030000686645508,1.6788000721135177e-05,0.030287299305200577,0.11924099922180176,2.3373899239231832e-05,t17_f5_c3,,,,,,,,,,,,,,,,,,,,,,,,,,,,,,,,,,,,,,,ZTF18acwwqdf
2459369.6985995,2,1615198590915,20.411800384521484,/ztf/archive/sci/2021/0604/198530/ztf_20210604198530_000861_zr_c03_o_q2_scimrefdiffimg.fits.fz,Kulkarni,1,1615,9,861,26.200899124145508,9.23015977605246e-06,0.022858599200844765,0.1068200021982193,1.2962100299773738e-05,t17_f5_c3,,,,,,,,,,,,,,,,,,,,,,,,,,,,,,,,,,,,,,,ZTF18acwwqdf
2459369.7428009,1,1615242800915,20.462499618530273,/ztf/archive/sci/2021/0604/242778/ztf_20210604242778_000861_zg_c03_o_q2_scimrefdiffimg.fits.fz,Kulkarni,1,1615,9,861,26.292400360107422,1.608320053492207e-05,0.029689399525523186,-0.11260499805212021,2.245679934276268e-05,t17_f5_c3,,,,,,,,,,,,,,,,,,,,,,,,,,,,,,,,,,,,,,,ZTF18acwwqdf
2459371.6978125,1,1617197810915,20.5177001953125,/ztf/archive/sci/2021/0606/197812/ztf_20210606197812_000861_zg_c03_o_q2_scimrefdiffimg.fits.fz,Kulkarni,1,1617,9,861,26.338499069213867,1.4119200386630837e-05,0.028317799791693687,-0.11445699632167816,1.987249925150536e-05,t17_f5_c3,,,,,,,,,,,,,,,,,,,,,,,,,,,,,,,,,,,,,,,ZTF18acwwqdf
2459371.8449653,2,1617344960915,20.30500030517578,/ztf/archive/sci/2021/0606/344745/ztf_20210606344745_000861_zr_c03_o_q2_scimrefdiffimg.fits.fz,Kulkarni,1,1617,9,861,26.175800323486328,1.1370099855412263e-05,0.025014499202370644,0.10890500247478485,1.5869700291659683e-05,t17_f5_c3,,,,,,,,,,,,,,,,,,,,,,,,,,,,,,,,,,,,,,,ZTF18acwwqdf
2459373.7219676,2,1619221960915,20.41830062866211,/ztf/archive/sci/2021/0608/221968/ztf_20210608221968_000861_zr_c03_o_q2_scimrefdiffimg.fits.fz,Kulkarni,1,1619,9,861,26.211599349975586,1.0715600183175411e-05,0.02454419992864132,0.10912299901247025,1.5055499716254417e-05,t17_f5_c3,,,,,,,,,,,,,,,,,,,,,,,,,,,,,,,,,,,,,,,ZTF18acwwqdf
2459373.8405671,1,1619340560915,20.12579917907715,/ztf/archive/sci/2021/0608/340567/ztf_20210608340567_000861_zg_c03_o_q2_scimrefdiffimg.fits.fz,Kulkarni,1,1619,9,861,26.236099243164062,2.5090899725910276e-05,0.03632359951734543,-0.0738058015704155,3.7448098737513646e-05,t17_f5_c3,,,,,,,,,,,,,,,,,,,,,,,,,,,,,,,,,,,,,,,ZTF18acwwqdf
2459375.7410301,2,1621241030915,20.210800170898438,/ztf/archive/sci/2021/0610/241030/ztf_20210610241030_000861_zr_c03_o_q2_scimrefdiffimg.fits.fz,Kulkarni,1,1621,9,861,26.215099334716797,1.1460099813120905e-05,0.025551600381731987,0.11023200303316116,1.6155199773493223e-05,t17_f5_c3,,,,,,,,,,,,,,,,,,,,,,,,,,,,,,,,,,,,,,,ZTF18acwwqdf
2459375.7827083,1,1621282700915,20.008899688720703,/ztf/archive/sci/2021/0610/282697/ztf_20210610282697_000861_zg_c03_o_q2_scimrefdiffimg.fits.fz,Kulkarni,1,1621,9,861,26.278900146484375,2.683690036064945e-05,0.037777699530124664,-0.07150769978761673,4.073899981449358e-05,t17_f5_c3,1.62128270091501e+18,f,0.0,1477.739990234375,100.63300323486328,175.0702555,74.4652112,20.21190071105957,0.2742899954319,1.1161999702453613,21.195100784301758,0.8754000067710876,0.7624279856681824,18.385000228881836,0.010999999940395355,0.3160000145435333,-0.003000000026077032,-0.05961799994111061,0.983227014541626,1.6764299869537354,0.48899999260902405,100.63300323486328,-1.1862399578094482,2.0,0.8980000019073486,0.7289999723434448,0.535660982131958,0.4348520040512085,1.231819987297058,6.0,0.0,0.7271429896354675,0.9793609976768494,21.018299102783203,0.9506999850273132,175.0709546,74.4653219,5.48082,ZTF18acwwqdf
2459377.7404167,2,1623240410915,20.34469985961914,/ztf/archive/sci/2021/0612/240405/ztf_20210612240405_000861_zr_c03_o_q2_scimrefdiffimg.fits.fz,Kulkarni,1,1623,9,861,26.227500915527344,1.0101600310008507e-05,0.02379940077662468,0.10365699976682663,1.4174100215313956e-05,t17_f5_c3,,,,,,,,,,,,,,,,,,,,,,,,,,,,,,,,,,,,,,,ZTF18acwwqdf
2459377.8253704,1,1623325370915,20.403900146484375,/ztf/archive/sci/2021/0612/325370/ztf_20210612325370_000861_zg_c03_o_q2_scimrefdiffimg.fits.fz,Kulkarni,1,1623,9,861,26.266599655151367,1.85488006536616e-05,0.03215090185403824,-0.09293950349092484,2.590770054666791e-05,t17_f5_c3,1.62332537091501e+18,f,0.0,1451.8399658203125,66.8427963256836,175.0706128,74.4652723,20.208599090576172,0.21946799755096436,1.2034800052642822,20.434900283813477,0.4081999957561493,0.3700000047683716,18.385000228881836,0.010999999940395355,0.3160000145435333,-0.003000000026077032,-0.14602099359035492,0.22625300288200378,1.2426400184631348,0.925000011920929,66.8427963256836,-0.030977999791502953,2.0,0.6710000038146973,0.4490000009536743,0.5399789810180664,0.36132699251174927,1.4944299459457397,7.0,0.0,0.8514289855957031,0.8516200184822083,20.233600616455078,0.43320000171661377,175.0709546,74.4653219,8.06644,ZTF18acwwqdf
2459379.745081,2,1625245080915,20.087400436401367,/ztf/archive/sci/2021/0614/245081/ztf_20210614245081_000861_zr_c03_o_q2_scimrefdiffimg.fits.fz,Kulkarni,1,1625,9,861,26.090700149536133,1.5069499568198808e-05,0.028749899938702583,0.103753000497818,2.107130057993345e-05,t17_f5_c3,,,,,,,,,,,,,,,,,,,,,,,,,,,,,,,,,,,,,,,ZTF18acwwqdf
2459315.7431829,2,1561243180915,19.729299545288086,/ztf/archive/sci/2021/0411/243183/ztf_20210411243183_000861_zr_c03_o_q2_scimrefdiffimg.fits.fz,Kulkarni,1,1561,9,861,25.688400268554688,1.4699199709866662e-05,0.02889700047671795,0.0992916002869606,2.0625100660254247e-05,t17_f5_c3,,,,,,,,,,,,,,,,,,,,,,,,,,,,,,,,,,,,,,,ZTF18acwwqdf
2459317.7025463,2,1563202540915,20.431400299072266,/ztf/archive/sci/2021/0413/202535/ztf_20210413202535_000861_zr_c03_o_q2_scimrefdiffimg.fits.fz,Kulkarni,1,1563,9,861,26.231199264526367,9.682969903224148e-06,0.023389199748635292,0.10430300235748291,1.3573800060839858e-05,t17_f5_c3,,,,,,,,,,,,,,,,,,,,,,,,,,,,,,,,,,,,,,,ZTF18acwwqdf
2459317.7456829,1,1563245680915,20.801000595092773,/ztf/archive/sci/2021/0413/245683/ztf_20210413245683_000861_zg_c03_o_q2_scimrefdiffimg.fits.fz,Kulkarni,1,1563,9,861,26.346099853515625,1.3022099665249698e-05,0.027011200785636902,-0.1199290007352829,1.829390021157451e-05,t17_f5_c3,1.56324568091502e+18,f,0.0,1485.7900390625,125.71600341796875,175.0706048,74.4653838,20.149099349975586,0.16900399327278137,1.3438700437545776,20.039100646972656,0.1835000067949295,0.3850429952144623,18.385000228881836,0.010999999940395355,0.3160000145435333,-0.003000000026077032,-0.39752501249313354,-0.11001600325107574,1.3672599792480469,0.8759999871253967,125.71600341796875,0.7618740200996399,2.0,0.7400000095367432,0.609000027179718,0.5412269830703735,0.4454149901866913,1.215109944343567,7.0,0.0,0.9442859888076782,0.9691830277442932,20.43470001220703,0.33410000801086426,175.0709546,74.4653219,7.51404,ZTF18acwwqdf
2459320.6810532,1,1566181050915,20.171899795532227,/ztf/archive/sci/2021/0416/181053/ztf_20210416181053_000861_zg_c03_o_q2_scimrefdiffimg.fits.fz,Kulkarni,1,1566,9,861,26.12190055847168,2.019400017161388e-05,0.03351850062608719,-0.10669399797916412,2.8958100301679224e-05,t17_f5_c3,1.56618105091501e+18,f,0.0,1458.9599609375,141.66900634765625,175.0712675,74.4652927,20.13990020751953,0.21042500436306,1.0017800331115723,20.39780044555664,0.44850000739097595,0.33059099316596985,18.385000228881836,0.010999999940395355,0.3160000145435333,-0.003000000026077032,-0.8531330227851868,0.2579190135002136,1.3498300313949585,0.6439999938011169,141.66900634765625,-0.2258799970149994,2.0,0.7260000109672546,0.6430000066757202,0.5378450155258179,0.47635599970817566,1.129080057144165,7.0,0.0,0.9328569769859314,0.8015959858894348,20.525100708007812,0.6449000239372253,175.0709546,74.4653219,6.32632,ZTF18acwwqdf
2459322.7008912,1,1568200890915,20.11949920654297,/ztf/archive/sci/2021/0418/200891/ztf_20210418200891_000861_zg_c03_o_q2_scimrefdiffimg.fits.fz,Kulkarni,1,1568,9,861,26.22960090637207,2.5097999241552316e-05,0.037549298256635666,-0.09210280328989029,3.6142999306321144e-05,t17_f5_c3,1.56820089091501e+18,f,0.0,1473.449951171875,133.62600708007812,175.0711907,74.4654061,20.202600479125977,0.2434220016002655,0.933709979057312,20.12179946899414,0.34630000591278076,0.37435001134872437,18.385000228881836,0.010999999940395355,0.3160000145435333,-0.003000000026077032,-0.627020001411438,-0.08077999949455261,1.422719955444336,0.8360000252723694,133.62600708007812,-0.0023380001075565815,2.0,0.8059999942779541,0.7450000047683716,0.566519021987915,0.523643970489502,1.08187997341156,4.0,0.0,0.9542859792709351,0.9953380227088928,19.760299682617188,0.3174999952316284,175.0709546,74.4653219,5.29023,ZTF18acwwqdf
2459322.7445602,2,1568244560915,20.201499938964844,/ztf/archive/sci/2021/0418/244560/ztf_20210418244560_000861_zr_c03_o_q2_scimrefdiffimg.fits.fz,Kulkarni,1,1568,9,861,26.170400619506836,1.0242200005450286e-05,0.024010300636291504,0.10523000359535217,1.4360100067278836e-05,t17_f5_c3,,,,,,,,,,,,,,,,,,,,,,,,,,,,,,,,,,,,,,,ZTF18acwwqdf
2459324.6795602,1,1570179560915,19.845300674438477,/ztf/archive/sci/2021/0420/179514/ztf_20210420179514_000861_zg_c03_o_q2_scimrefdiffimg.fits.fz,Kulkarni,1,1570,9,861,26.288400650024414,2.7240199415246025e-05,0.03757860139012337,-0.07459790259599686,4.2896201193798333e-05,t17_f5_c3,,,,,,,,,,,,,,,,,,,,,,,,,,,,,,,,,,,,,,,ZTF18acwwqdf
2459324.7228472,2,1570222840915,19.983800888061523,/ztf/archive/sci/2021/0420/222847/ztf_20210420222847_000861_zr_c03_o_q2_scimrefdiffimg.fits.fz,Kulkarni,1,1570,9,861,26.208499908447266,1.1644499863905367e-05,0.025580599904060364,0.10668499767780304,1.6367599528166465e-05,t17_f5_c3,,,,,,,,,,,,,,,,,,,,,,,,,,,,,,,,,,,,,,,ZTF18acwwqdf
2459328.727419,1,1574227410915,19.510700225830078,/ztf/archive/sci/2021/0424/227407/ztf_20210424227407_000861_zg_c03_o_q2_scimrefdiffimg.fits.fz,Kulkarni,1,1574,9,861,26.31290054321289,2.64963000518037e-05,0.03531549870967865,-0.09350589662790298,4.457019895198755e-05,t17_f5_c3,,,,,,,,,,,,,,,,,,,,,,,,,,,,,,,,,,,,,,,ZTF18acwwqdf
2459328.7394444,2,1574239440915,19.845600128173828,/ztf/archive/sci/2021/0424/239410/ztf_20210424239410_000861_zr_c03_o_q2_scimrefdiffimg.fits.fz,Kulkarni,1,1574,9,861,26.220800399780273,1.3001499610254541e-05,0.027066700160503387,0.10263799875974655,1.8211499991593882e-05,t17_f5_c3,,,,,,,,,,,,,,,,,,,,,,,,,,,,,,,,,,,,,,,ZTF18acwwqdf
2459334.7001968,1,1580200190915,20.594100952148438,/ztf/archive/sci/2021/0430/200150/ztf_20210430200150_000861_zg_c03_o_q2_scimrefdiffimg.fits.fz,Kulkarni,1,1580,9,861,26.333200454711914,1.5550600437563844e-05,0.02956789918243885,-0.10249300301074982,2.181250056310091e-05,t17_f5_c3,1.58020019091501e+18,f,0.0,1497.550048828125,104.1719970703125,175.0706245,74.4653114,20.230199813842773,0.1821890026330948,1.3133599758148193,20.278499603271484,0.2921000123023987,0.3049449920654297,18.385000228881836,0.010999999940395355,0.3160000145435333,-0.003000000026077032,-0.12331599742174149,0.04827199876308441,1.2727700471878052,0.6190000176429749,104.1719970703125,0.3155759871006012,2.0,0.8230000138282776,0.652999997138977,0.6466209888458252,0.5130540132522583,1.2603399753570557,6.0,0.0,0.9628570079803467,0.9729329943656921,20.198699951171875,0.3456999957561493,175.0709546,74.4653219,5.37882,ZTF18acwwqdf
2459334.8405903,2,1580340590915,20.051300048828125,/ztf/archive/sci/2021/0430/340567/ztf_20210430340567_000861_zr_c03_o_q2_scimrefdiffimg.fits.fz,Kulkarni,1,1580,9,861,26.22760009765625,1.3230699551058933e-05,0.026978200301527977,0.1094600036740303,1.8361899492447264e-05,t17_f5_c3,,,,,,,,,,,,,,,,,,,,,,,,,,,,,,,,,,,,,,,ZTF18acwwqdf
2459336.7619792,1,1582261970915,20.443199157714844,/ztf/archive/sci/2021/0502/261794/ztf_20210502261794_000861_zg_c03_o_q2_scimrefdiffimg.fits.fz,Kulkarni,1,1582,9,861,26.285999298095703,1.848419924499467e-05,0.03225160017609596,-0.08397340029478073,2.625719935167581e-05,t17_f5_c3,1.58226197091503e+18,f,0.0,1470.8699951171875,123.36299896240234,175.0706646,74.4652902,20.141000747680664,0.2190289944410324,0.9404709935188293,20.244199752807617,0.2678999900817871,0.29833999276161194,18.385000228881836,0.010999999940395355,0.3160000145435333,-0.003000000026077032,-0.07814700156450272,0.10320600122213364,2.430000066757202,0.6420000195503235,123.36299896240234,0.19903700053691864,1.276710033416748,0.9860000014305115,0.7670000195503235,0.4057610034942627,0.31563800573349,1.2855299711227417,3.0,0.0,0.9485710263252258,0.9655749797821045,20.273700714111328,0.35019999742507935,175.0709546,74.4653219,8.83168,ZTF18acwwqdf
2459336.8802778,2,1582380270915,20.004100799560547,/ztf/archive/sci/2021/0502/380127/ztf_20210502380127_000861_zr_c03_o_q2_scimrefdiffimg.fits.fz,Kulkarni,1,1582,9,861,26.16670036315918,1.2468800377973821e-05,0.026224499568343163,0.09650690108537674,1.7403099263901822e-05,t17_f5_c3,,,,,,,,,,,,,,,,,,,,,,,,,,,,,,,,,,,,,,,ZTF18acwwqdf
2459339.7246759,1,1585224670915,20.62540054321289,/ztf/archive/sci/2021/0505/224664/ztf_20210505224664_000861_zg_c03_o_q2_scimrefdiffimg.fits.fz,Kulkarni,1,1585,9,861,26.276399612426758,1.1934200301766396e-05,0.02605919912457466,-0.08766549825668335,1.683730079093948e-05,t17_f5_c3,1.58522467091501e+18,f,1.0,1473.010009765625,124.1709976196289,175.0709146,74.465316,20.197399139404297,0.17309600114822388,1.4791899919509888,20.270599365234375,0.2913999855518341,0.03460099920630455,18.385000228881836,0.010999999940395355,0.3160000145435333,-0.003000000026077032,-0.35252100229263306,0.07321800291538239,1.2337199449539185,0.7369999885559082,124.1709976196289,0.35478198528289795,2.0,0.6650000214576721,0.578000009059906,0.5390220284461975,0.46850401163101196,1.1505199670791626,10.0,0.0,0.9242860078811646,0.7224149703979492,20.07699966430664,0.31029999256134033,175.0709546,74.4653219,5.52941,ZTF18acwwqdf
2459339.7707986,2,1585270790915,20.38319969177246,/ztf/archive/sci/2021/0505/270799/ztf_20210505270799_000861_zr_c03_o_q2_scimrefdiffimg.fits.fz,Kulkarni,1,1585,9,861,26.18790054321289,1.343749954685336e-05,0.027601299807429314,0.10127999633550644,1.884969969978556e-05,t17_f5_c3,,,,,,,,,,,,,,,,,,,,,,,,,,,,,,,,,,,,,,,ZTF18acwwqdf
2459341.6829167,1,1587182910915,20.475500106811523,/ztf/archive/sci/2021/0507/182894/ztf_20210507182894_000861_zg_c03_o_q2_scimrefdiffimg.fits.fz,Kulkarni,1,1587,9,861,26.31089973449707,1.578679984959308e-05,0.029817400500178337,-0.11659300327301025,2.2350099243340082e-05,t17_f5_c3,1.58718291091501e+18,f,0.0,1472.8399658203125,136.6649932861328,175.0710401,74.4652959,20.093900680541992,0.17655999958515167,1.1872999668121338,20.59709930419922,0.39169999957084656,0.13683100044727325,18.385000228881836,0.010999999940395355,0.3160000145435333,-0.003000000026077032,-0.657463014125824,0.5031539797782898,2.809999942779541,0.9599999785423279,136.6649932861328,-0.12160000205039978,1.0102399587631226,0.7549999952316284,0.671999990940094,0.26868298649787903,0.23914599418640137,1.1235100030899048,7.0,0.0,0.9442859888076782,0.9495649933815002,20.61590003967285,0.5073999762535095,175.0709546,74.4653219,9.13536,ZTF18acwwqdf
2459341.7056597,2,1587205650915,20.41710090637207,/ztf/archive/sci/2021/0507/205613/ztf_20210507205613_000861_zr_c03_o_q2_scimrefdiffimg.fits.fz,Kulkarni,1,1587,9,861,26.207300186157227,9.708090146887116e-06,0.023432200774550438,0.10205599665641785,1.3627200132759754e-05,t17_f5_c3,,,,,,,,,,,,,,,,,,,,,,,,,,,,,,,,,,,,,,,ZTF18acwwqdf
2459343.7057292,2,1589205720915,20.313600540161133,/ztf/archive/sci/2021/0509/205729/ztf_20210509205729_000861_zr_c03_o_q2_scimrefdiffimg.fits.fz,Kulkarni,1,1589,9,861,26.14150047302246,1.0855499567696825e-05,0.024786200374364853,0.09912049770355225,1.5257800441759173e-05,t17_f5_c3,,,,,,,,,,,,,,,,,,,,,,,,,,,,,,,,,,,,,,,ZTF18acwwqdf
2459343.7483218,1,1589248320915,20.542400360107422,/ztf/archive/sci/2021/0509/248322/ztf_20210509248322_000861_zg_c03_o_q2_scimrefdiffimg.fits.fz,Kulkarni,1,1589,9,861,26.220800399780273,1.2089400115655735e-05,0.026163099333643913,-0.09217079728841782,1.7120299162343144e-05,t17_f5_c3,1.58924832091501e+18,f,0.0,1475.8599853515625,124.88899993896484,175.0707775,74.4653117,20.096799850463867,0.14523400366306305,0.7680559754371643,19.89349937438965,0.218299999833107,0.17046299576759338,18.385000228881836,0.010999999940395355,0.3160000145435333,-0.003000000026077032,-0.6981899738311768,-0.2033499926328659,1.2540199756622314,0.9150000214576721,124.88899993896484,0.6489289999008179,2.0,0.6480000019073486,0.5659999847412109,0.5167359709739685,0.4513469934463501,1.1448800563812256,6.0,0.0,0.945713996887207,0.921688973903656,20.275800704956055,0.3952000141143799,175.0709546,74.4653219,7.01912,ZTF18acwwqdf
2459280.8075463,2,1526307540915,20.586000442504883,/ztf/archive/sci/2021/0307/307523/ztf_20210307307523_000861_zr_c03_o_q2_scimrefdiffimg.fits.fz,Kulkarni,1,1526,9,861,26.266399383544922,9.42464976105839e-06,0.022959399968385696,0.10151299834251404,1.322919979429571e-05,t17_f5_c3,,,,,,,,,,,,,,,,,,,,,,,,,,,,,,,,,,,,,,,ZTF18acwwqdf
2459280.8674421,1,1526367440915,20.35580062866211,/ztf/archive/sci/2021/0307/367431/ztf_20210307367431_000861_zg_c03_o_q2_scimrefdiffimg.fits.fz,Kulkarni,1,1526,9,861,26.32069969177246,1.858990071923472e-05,0.032408200204372406,-0.11716900020837784,2.6571300622890703e-05,t17_f5_c3,1.52636744091501e+18,f,0.0,1459.739990234375,120.19100189208984,175.0709527,74.4652914,19.794700622558594,0.17179900407791138,0.9833760261535645,19.78260040283203,0.1850000023841858,0.10956600308418274,18.385000228881836,0.010999999940395355,0.3160000145435333,-0.003000000026077032,-0.5284289717674255,-0.012143000029027462,2.9200000762939453,0.902999997138977,120.19100189208984,0.5731610059738159,1.0859099626541138,0.9559999704360962,0.8159999847412109,0.3273969888687134,0.27945199608802795,1.1715699434280396,0.0,0.0,0.9542859792709351,1.0,19.635900497436523,0.20600000023841858,175.0709546,74.4653219,10.3061,ZTF18acwwqdf
2459290.8204745,1,1536320470915,20.426000595092773,/ztf/archive/sci/2021/0317/320475/ztf_20210317320475_000861_zg_c03_o_q2_scimrefdiffimg.fits.fz,Kulkarni,1,1536,9,861,26.386199951171875,1.5879499187576585e-05,0.030039500445127487,-0.14083200693130493,2.2325399186229333e-05,t17_f5_c3,1.53632047091501e+18,f,0.0,1447.1199951171875,166.87100219726562,175.0709939,74.4653696,20.08919906616211,0.1648710072040558,1.2395000457763672,19.929800033569336,0.20440000295639038,0.17721199989318848,18.385000228881836,0.010999999940395355,0.3160000145435333,-0.003000000026077032,-0.8637229800224304,-0.15936100482940674,2.7899999618530273,0.6510000228881836,166.87100219726562,0.4962249994277954,1.105389952659607,1.1549999713897705,0.8880000114440918,0.4139780104160309,0.31828001141548157,1.3006800413131714,3.0,0.0,0.8799999952316284,0.9773569703102112,19.88610076904297,0.25,175.0709546,74.4653219,6.64854,ZTF18acwwqdf
2459290.8468403,2,1536346840915,20.42690086364746,/ztf/archive/sci/2021/0317/346840/ztf_20210317346840_000861_zr_c03_o_q2_scimrefdiffimg.fits.fz,Kulkarni,1,1536,9,861,26.261899948120117,9.313000191468745e-06,0.0229909997433424,0.10456100106239319,1.2972799595445395e-05,t17_f5_c3,,,,,,,,,,,,,,,,,,,,,,,,,,,,,,,,,,,,,,,ZTF18acwwqdf
2459292.8065278,1,1538306520915,20.470800399780273,/ztf/archive/sci/2021/0319/306528/ztf_20210319306528_000861_zg_c03_o_q2_scimrefdiffimg.fits.fz,Kulkarni,1,1538,9,861,26.315000534057617,1.3814799785905052e-05,0.028025999665260315,-0.11263400316238403,1.9504899682942778e-05,t17_f5_c3,1.53830652091501e+18,f,0.0,1474.800048828125,150.01800537109375,175.0710109,74.46531,20.02199935913086,0.18633300065994263,1.0113199949264526,20.26849937438965,0.29840001463890076,0.08247900009155273,18.385000228881836,0.010999999940395355,0.3160000145435333,-0.003000000026077032,-0.34154200553894043,0.24646200239658356,3.4100000858306885,0.8259999752044678,150.01800537109375,0.20232799649238586,0.810001015663147,0.921999990940094,0.6710000038146973,0.27038100361824036,0.19677400588989258,1.3740700483322144,7.0,0.0,0.9100000262260437,0.94793701171875,20.243000030517578,0.3714999854564667,175.0709546,74.4653219,7.03329,ZTF18acwwqdf
2459292.8473495,2,1538347340915,20.378000259399414,/ztf/archive/sci/2021/0319/347350/ztf_20210319347350_000861_zr_c03_o_q2_scimrefdiffimg.fits.fz,Kulkarni,1,1538,9,861,26.20359992980957,8.8198903540615e-06,0.02264159917831421,0.10418900102376938,1.2421500287018716e-05,t17_f5_c3,,,,,,,,,,,,,,,,,,,,,,,,,,,,,,,,,,,,,,,ZTF18acwwqdf
2459295.7894329,1,1541289430915,19.646799087524414,/ztf/archive/sci/2021/0322/289433/ztf_20210322289433_000861_zg_c03_o_q2_scimrefdiffimg.fits.fz,Kulkarni,1,1541,9,861,26.259700775146484,2.8242700864211656e-05,0.036336999386548996,-0.08021610230207443,4.796779830940068e-05,t17_f5_c3,,,,,,,,,,,,,,,,,,,,,,,,,,,,,,,,,,,,,,,ZTF18acwwqdf
2459297.6868056,1,1543186800915,19.3164005279541,/ztf/archive/sci/2021/0324/186736/ztf_20210324186736_000861_zg_c03_o_q2_scimrefdiffimg.fits.fz,Kulkarni,1,1543,9,861,26.208900451660156,3.5662400478031486e-05,0.03802090138196945,-0.07933440059423447,6.437079719034955e-05,t17_f5_c3,,,,,,,,,,,,,,,,,,,,,,,,,,,,,,,,,,,,,,,ZTF18acwwqdf
2459297.7634375,2,1543263430915,19.573299407958984,/ztf/archive/sci/2021/0324/263438/ztf_20210324263438_000861_zr_c03_o_q2_scimrefdiffimg.fits.fz,Kulkarni,1,1543,9,861,26.165700912475586,1.2754599993058946e-05,0.027006300166249275,0.10261499881744385,1.7968299289350398e-05,t17_f5_c3,,,,,,,,,,,,,,,,,,,,,,,,,,,,,,,,,,,,,,,ZTF18acwwqdf
2459301.763912,1,1547263910915,19.075599670410156,/ztf/archive/sci/2021/0328/263912/ztf_20210328263912_000861_zg_c03_o_q2_scimrefdiffimg.fits.fz,Kulkarni,1,1547,9,861,26.318500518798828,4.618459934135899e-05,0.04087889939546585,-0.05962060019373894,8.62598026287742e-05,t17_f5_c3,,,,,,,,,,,,,,,,,,,,,,,,,,,,,,,,,,,,,,,ZTF18acwwqdf
2459301.8045718,2,1547304570915,19.013599395751953,/ztf/archive/sci/2021/0328/304572/ztf_20210328304572_000861_zr_c03_o_q2_scimrefdiffimg.fits.fz,Kulkarni,1,1547,9,861,26.222400665283203,3.4164098906330764e-05,0.041758399456739426,0.11265800148248672,4.875180093222298e-05,t17_f5_c3,,,,,,,,,,,,,,,,,,,,,,,,,,,,,,,,,,,,,,,ZTF18acwwqdf
2459303.8428009,2,1549342800915,19.736299514770508,/ztf/archive/sci/2021/0330/342801/ztf_20210330342801_000861_zr_c03_o_q2_scimrefdiffimg.fits.fz,Kulkarni,1,1549,9,861,26.21660041809082,1.400640030624345e-05,0.028128700330853462,0.10211300104856491,1.9709099433384836e-05,t17_f5_c3,,,,,,,,,,,,,,,,,,,,,,,,,,,,,,,,,,,,,,,ZTF18acwwqdf
2459303.8637731,1,1549363770915,19.40959930419922,/ztf/archive/sci/2021/0330/363773/ztf_20210330363773_000861_zg_c03_o_q2_scimrefdiffimg.fits.fz,Kulkarni,1,1549,9,861,26.304000854492188,3.182639920851216e-05,0.037855301052331924,-0.10602200031280518,5.572260124608874e-05,t17_f5_c3,,,,,,,,,,,,,,,,,,,,,,,,,,,,,,,,,,,,,,,ZTF18acwwqdf
2459305.8072801,2,1551307280915,19.79199981689453,/ztf/archive/sci/2021/0401/307211/ztf_20210401307211_000861_zr_c03_o_q2_scimrefdiffimg.fits.fz,Kulkarni,1,1551,9,861,26.091999053955078,5.180740117793903e-05,0.05408500134944916,0.10723800212144852,7.258490222739056e-05,t17_f5_c3,,,,,,,,,,,,,,,,,,,,,,,,,,,,,,,,,,,,,,,ZTF18acwwqdf
2459305.8233449,1,1551323340915,19.396099090576172,/ztf/archive/sci/2021/0401/323345/ztf_20210401323345_000861_zg_c03_o_q2_scimrefdiffimg.fits.fz,Kulkarni,1,1551,9,861,26.29129981994629,6.958209996810183e-05,0.051942601799964905,-0.07975559681653976,0.0001280249998671934,t17_f5_c3,1.55132334091501e+18,f,0.0,1458.6300048828125,140.24600219726562,175.0711817,74.4653574,19.696300506591797,0.29867199063301086,0.7501590251922607,19.97010040283203,0.4133000075817108,0.2503249943256378,18.385000228881836,0.010999999940395355,0.3160000145435333,-0.003000000026077032,-0.10127300024032593,0.2737930119037628,2.3499999046325684,0.4620000123977661,140.24600219726562,-0.5739579796791077,1.6996300220489502,1.1799999475479126,1.0880000591278076,0.502128005027771,0.4629789888858795,1.0845600366592407,4.0,0.0,0.7628570199012756,1.0,19.926700592041016,0.5098000168800354,175.0709546,74.4653219,5.60397,ZTF18acwwqdf
2459307.7624884,2,1553262480915,20.400999069213867,/ztf/archive/sci/2021/0403/262442/ztf_20210403262442_000861_zr_c03_o_q2_scimrefdiffimg.fits.fz,Kulkarni,1,1553,9,861,26.254600524902344,9.453980055695865e-06,0.02308950014412403,0.09673520177602768,1.3288799891597591e-05,t17_f5_c3,,,,,,,,,,,,,,,,,,,,,,,,,,,,,,,,,,,,,,,ZTF18acwwqdf
2459307.7867014,1,1553286700915,20.579099655151367,/ztf/archive/sci/2021/0403/286701/ztf_20210403286701_000861_zg_c03_o_q2_scimrefdiffimg.fits.fz,Kulkarni,1,1553,9,861,26.360000610351562,1.3864500033378135e-05,0.027993500232696533,-0.10946200042963028,1.9570899894461036e-05,t17_f5_c3,1.55328670091501e+18,f,0.0,1477.4300537109375,126.54000091552734,175.0708683,74.4653451,20.191999435424805,0.22940100729465485,1.4462300539016724,20.552200317382812,0.35929998755455017,0.11308100074529648,18.385000228881836,0.010999999940395355,0.3160000145435333,-0.003000000026077032,-0.2198610007762909,0.3602289855480194,2.3399999141693115,0.7889999747276306,126.54000091552734,0.02685300074517727,1.1547000408172607,0.6869999766349792,0.5730000138282776,0.2935900092124939,0.24487200379371643,1.1989500522613525,4.0,0.0,0.9728569984436035,1.0,20.64940071105957,0.5001999735832214,175.0709546,74.4653219,8.2665,ZTF18acwwqdf
2459309.7003356,1,1555200330915,20.54129981994629,/ztf/archive/sci/2021/0405/200289/ztf_20210405200289_000861_zg_c03_o_q2_scimrefdiffimg.fits.fz,Kulkarni,1,1555,9,861,26.32469940185547,1.348289970337646e-05,0.02762730047106743,-0.11114200204610825,1.8966600691783242e-05,t17_f5_c3,1.55520033091501e+18,f,0.0,1492.9200439453125,113.77300262451172,175.0710566,74.4653124,20.014699935913086,0.16810999810695648,0.8252500295639038,20.20400047302246,0.28189998865127563,0.12489599734544754,18.385000228881836,0.010999999940395355,0.3160000145435333,-0.003000000026077032,-0.021236000582575798,0.18928299844264984,2.8499999046325684,0.9850000143051147,113.77300262451172,0.33733001351356506,0.9044179916381836,0.8050000071525574,0.6539999842643738,0.28245601058006287,0.2294739931821823,1.2308900356292725,6.0,0.0,0.9685710072517395,0.9679629802703857,20.1476993560791,0.34130001068115234,175.0709546,74.4653219,7.5127,ZTF18acwwqdf
2459309.7622685,2,1555262260915,20.28059959411621,/ztf/archive/sci/2021/0405/262268/ztf_20210405262268_000861_zr_c03_o_q2_scimrefdiffimg.fits.fz,Kulkarni,1,1555,9,861,26.171499252319336,8.883120244718157e-06,0.022369999438524246,0.10204000025987625,1.2451199836505111e-05,t17_f5_c3,,,,,,,,,,,,,,,,,,,,,,,,,,,,,,,,,,,,,,,ZTF18acwwqdf
2459311.6652083,2,1557165200915,20.195499420166016,/ztf/archive/sci/2021/0407/165197/ztf_20210407165197_000861_zr_c03_o_q2_scimrefdiffimg.fits.fz,Kulkarni,1,1557,9,861,26.099700927734375,1.0466300409461837e-05,0.024260099977254868,0.09821529686450958,1.4680599633720703e-05,t17_f5_c3,,,,,,,,,,,,,,,,,,,,,,,,,,,,,,,,,,,,,,,ZTF18acwwqdf
2459311.7205671,1,1557220560915,20.395299911499023,/ztf/archive/sci/2021/0407/220556/ztf_20210407220556_000861_zg_c03_o_q2_scimrefdiffimg.fits.fz,Kulkarni,1,1557,9,861,26.297399520874023,1.6960000721155666e-05,0.030852999538183212,-0.10829699784517288,2.4067900085356086e-05,t17_f5_c3,1.55722056091501e+18,f,0.0,1490.469970703125,127.77400207519531,175.0707954,74.465312,20.209400177001953,0.19132499396800995,1.0876400470733643,20.509599685668945,0.38510000705718994,0.15556399524211884,18.385000228881836,0.010999999940395355,0.3160000145435333,-0.003000000026077032,-0.45760300755500793,0.30022600293159485,2.3399999141693115,0.9039999842643738,127.77400207519531,-0.11429200321435928,1.2216800451278687,0.8550000190734863,0.7139999866485596,0.3653849959373474,0.3051280081272125,1.1974799633026123,4.0,0.0,0.9742860198020935,0.9286810159683228,20.330900192260742,0.41659998893737793,175.0709546,74.4653219,7.4247,ZTF18acwwqdf
2459313.7240509,2,1559224050915,20.390199661254883,/ztf/archive/sci/2021/0409/224051/ztf_20210409224051_000861_zr_c03_o_q2_scimrefdiffimg.fits.fz,Kulkarni,1,1559,9,861,26.21419906616211,1.1248000191699248e-05,0.025241399183869362,0.10631400346755981,1.581290052854456e-05,t17_f5_c3,,,,,,,,,,,,,,,,,,,,,,,,,,,,,,,,,,,,,,,ZTF18acwwqdf
2459313.7378819,1,1559237880915,20.357200622558594,/ztf/archive/sci/2021/0409/237847/ztf_20210409237847_000861_zg_c03_o_q2_scimrefdiffimg.fits.fz,Kulkarni,1,1559,9,861,26.29010009765625,1.4652800018666312e-05,0.028669200837612152,-0.11837200075387955,2.083750041492749e-05,t17_f5_c3,1.55923788091501e+18,f,0.0,1476.27001953125,125.58100128173828,175.0710849,74.4653314,20.08810043334961,0.21984100341796875,1.2999600172042847,20.068599700927734,0.2671999931335449,0.14429399371147156,18.385000228881836,0.010999999940395355,0.3160000145435333,-0.003000000026077032,-0.7463930249214172,-0.019464999437332153,2.880000114440918,0.949999988079071,125.58100128173828,0.2885729968547821,0.9856870174407959,0.8579999804496765,0.578000009059906,0.2979170083999634,0.2006939947605133,1.484429955482483,8.0,0.0,0.8142859935760498,0.8230050206184387,19.92959976196289,0.3000999987125397,175.0709546,74.4653219,8.68847,ZTF18acwwqdf
2459336.7619792,1,1582261970915,20.443199157714844,/ztf/archive/sci/2021/0502/261794/ztf_20210502261794_000861_zg_c03_o_q2_scimrefdiffimg.fits.fz,Kulkarni,1,1582,9,861,26.285999298095703,1.848419924499467e-05,0.03225160017609596,-0.08397340029478073,2.625719935167581e-05,t17_f5_c3,1.58226197091502e+18,f,0.0,1470.8699951171875,123.36299896240234,175.0706646,74.4652902,20.141000747680664,0.2190289944410324,0.9404709935188293,20.244199752807617,0.2678999900817871,0.29833999276161194,18.385000228881836,0.010999999940395355,0.3160000145435333,-0.003000000026077032,-0.07814700156450272,0.10320600122213364,2.430000066757202,0.6420000195503235,123.36299896240234,0.19903700053691864,1.276710033416748,0.9860000014305115,0.7670000195503235,0.4057610034942627,0.31563800573349,1.2855299711227417,3.0,0.0,0.9485710263252258,0.9655749797821045,20.273700714111328,0.35019999742507935,175.0709546,74.4653219,8.83168,ZTF18acwwqdf
2459345.6823032,1,1591182300915,20.472400665283203,/ztf/archive/sci/2021/0511/182280/ztf_20210511182280_000861_zg_c03_o_q2_scimrefdiffimg.fits.fz,Kulkarni,1,1591,9,861,26.281299591064453,1.7909900634549558e-05,0.03189510107040405,-0.13411299884319305,2.5247900339309126e-05,t17_f5_c3,1.59118230091501e+18,f,0.0,1495.030029296875,119.1719970703125,175.0707844,74.465358,20.408300399780273,0.196274995803833,0.9521239995956421,20.798599243164062,0.5019000172615051,0.19052700698375702,18.385000228881836,0.010999999940395355,0.3160000145435333,-0.003000000026077032,-0.17848199605941772,0.3903439939022064,1.3333499431610107,0.550000011920929,119.1719970703125,-0.32617199420928955,2.0,0.7459999918937683,0.6439999938011169,0.559490978717804,0.4829919934272766,1.1583900451660156,7.0,0.0,0.947143018245697,0.8651779890060425,20.5221004486084,0.49619999527931213,175.0709546,74.4653219,5.82773,ZTF18acwwqdf
2459345.7026736,2,1591202670915,20.320899963378906,/ztf/archive/sci/2021/0511/202627/ztf_20210511202627_000861_zr_c03_o_q2_scimrefdiffimg.fits.fz,Kulkarni,1,1591,9,861,26.160999298095703,9.594949915481266e-06,0.023305999115109444,0.10236100107431412,1.3494700397131965e-05,t17_f5_c3,,,,,,,,,,,,,,,,,,,,,,,,,,,,,,,,,,,,,,,ZTF18acwwqdf
2459317.7456829,1,1563245680915,20.801000595092773,/ztf/archive/sci/2021/0413/245683/ztf_20210413245683_000861_zg_c03_o_q2_scimrefdiffimg.fits.fz,Kulkarni,1,1563,9,861,26.346099853515625,1.3022099665249698e-05,0.027011200785636902,-0.1199290007352829,1.829390021157451e-05,t17_f5_c3,1.56324568091501e+18,f,0.0,1485.7900390625,125.71600341796875,175.0706048,74.4653838,20.149099349975586,0.16900399327278137,1.3438700437545776,20.039100646972656,0.1835000067949295,0.3850429952144623,18.385000228881836,0.010999999940395355,0.3160000145435333,-0.003000000026077032,-0.39752501249313354,-0.11001600325107574,1.3672599792480469,0.8759999871253967,125.71600341796875,0.7618740200996399,2.0,0.7400000095367432,0.609000027179718,0.5412269830703735,0.4454149901866913,1.215109944343567,7.0,0.0,0.9442859888076782,0.9691830277442932,20.43470001220703,0.33410000801086426,175.0709546,74.4653219,7.51404,ZTF18acwwqdf
2459248.9099884,1,1494409980915,20.145599365234375,/ztf/archive/sci/2021/0203/409988/ztf_20210203409988_000861_zg_c03_o_q2_scimrefdiffimg.fits.fz,Kulkarni,1,1494,9,861,26.393400192260742,1.9644199710455723e-05,0.03320920094847679,-0.1130789965391159,2.818020038830582e-05,t17_f5_c3,1.49440998091501e+18,f,0.0,1448.239990234375,141.2469940185547,175.071041,74.4653347,20.172399520874023,0.21767599880695343,1.2137800455093384,20.113000869750977,0.34529998898506165,0.10418599843978882,18.385000228881836,0.010999999940395355,0.3160000145435333,-0.003000000026077032,-1.0142199993133545,-0.059372998774051666,1.3764699697494507,0.5669999718666077,141.2469940185547,0.03257700055837631,2.0,1.0679999589920044,0.6179999709129333,0.7758970260620117,0.44897401332855225,1.72816002368927,7.0,0.0,0.6314290165901184,0.9601969718933105,20.516199111938477,0.6409000158309937,175.0709546,74.4653219,5.30167,ZTF18acwwqdf
2459248.9279282,2,1494427920915,20.201900482177734,/ztf/archive/sci/2021/0203/427882/ztf_20210203427882_000861_zr_c03_o_q2_scimrefdiffimg.fits.fz,Kulkarni,1,1494,9,861,26.276599884033203,8.865399649948813e-06,0.02238979935646057,0.09414079785346985,1.2484900253184605e-05,t17_f5_c3,,,,,,,,,,,,,,,,,,,,,,,,,,,,,,,,,,,,,,,ZTF18acwwqdf
2459250.8109491,1,1496310940915,20.298799514770508,/ztf/archive/sci/2021/0205/310926/ztf_20210205310926_000861_zg_c03_o_q2_scimrefdiffimg.fits.fz,Kulkarni,1,1496,9,861,26.363800048828125,1.794720083125867e-05,0.031557999551296234,-0.1132429987192154,2.5762099539861083e-05,t17_f5_c3,1.49631094091501e+18,f,0.0,1449.989990234375,124.83599853515625,175.0712615,74.4652998,20.155799865722656,0.2268349975347519,0.943045973777771,20.312599182128906,0.30709999799728394,0.30261000990867615,18.385000228881836,0.010999999940395355,0.3160000145435333,-0.003000000026077032,-0.3745439946651459,0.1568170040845871,1.809999942779541,0.5559999942779541,124.83599853515625,-0.01381599996238947,1.8060400485992432,1.0269999504089355,0.6919999718666077,0.5674030184745789,0.38231998682022095,1.4840999841690063,4.0,0.0,0.7614290118217468,0.9934809803962708,20.582700729370117,0.5020999908447266,175.0709546,74.4653219,6.68273,ZTF18acwwqdf
2459250.8996181,2,1496399610915,20.058700561523438,/ztf/archive/sci/2021/0205/399606/ztf_20210205399606_000861_zr_c03_o_q2_scimrefdiffimg.fits.fz,Kulkarni,1,1496,9,861,26.263099670410156,1.129019983636681e-05,0.025464000180363655,0.10515400022268295,1.5878300473559648e-05,t17_f5_c3,,,,,,,,,,,,,,,,,,,,,,,,,,,,,,,,,,,,,,,ZTF18acwwqdf
2459252.7232639,2,1498223260915,20.406999588012695,/ztf/archive/sci/2021/0207/223252/ztf_20210207223252_000861_zr_c03_o_q2_scimrefdiffimg.fits.fz,Kulkarni,1,1498,9,861,26.224599838256836,1.1084999641752802e-05,0.024721000343561172,0.10234300047159195,1.5424000594066456e-05,t17_f5_c3,,,,,,,,,,,,,,,,,,,,,,,,,,,,,,,,,,,,,,,ZTF18acwwqdf
2459252.8952778,1,1498395270915,20.724300384521484,/ztf/archive/sci/2021/0207/395278/ztf_20210207395278_000861_zg_c03_o_q2_scimrefdiffimg.fits.fz,Kulkarni,1,1498,9,861,26.40049934387207,1.2691500160144642e-05,0.026822900399565697,-0.13168899714946747,1.791949944163207e-05,t17_f5_c3,1.49839527091501e+18,f,0.0,1460.25,138.6580047607422,175.0710188,74.4653687,20.066499710083008,0.16787399351596832,1.6461900472640991,19.890499114990234,0.1770000010728836,0.18519000709056854,18.385000228881836,0.010999999940395355,0.3160000145435333,-0.003000000026077032,-0.8578420281410217,-0.1759590059518814,2.3399999141693115,0.9549999833106995,138.6580047607422,0.833823025226593,1.1222800016403198,0.9010000228881836,0.7009999752044678,0.3850429952144623,0.29957300424575806,1.2853100299835205,2.0,0.0,0.9371430277824402,1.0,19.963300704956055,0.24040000140666962,175.0709546,74.4653219,7.79981,ZTF18acwwqdf
2459254.8021065,1,1500302100915,20.590499877929688,/ztf/archive/sci/2021/0209/302049/ztf_20210209302049_000861_zg_c03_o_q2_scimrefdiffimg.fits.fz,Kulkarni,1,1500,9,861,26.36989974975586,1.7197800843860023e-05,0.03104330040514469,-0.11653900146484375,2.4136799765983596e-05,t17_f5_c3,1.50030210091501e+18,f,0.0,1469.010009765625,119.93599700927734,175.0712586,74.4653177,19.879899978637695,0.1388629972934723,1.177690029144287,20.05780029296875,0.20090000331401825,0.2897599935531616,18.385000228881836,0.010999999940395355,0.3160000145435333,-0.003000000026077032,-0.1604660004377365,0.1779329925775528,3.009999990463257,0.9350000023841858,119.93599700927734,0.532666027545929,1.0157099962234497,0.8970000147819519,0.7730000019073486,0.2980070114135742,0.2568109929561615,1.1604100465774536,2.0,0.0,0.947143018245697,1.0,20.139299392700195,0.2750000059604645,175.0709546,74.4653219,10.0736,ZTF18acwwqdf
2459254.9067708,2,1500406770915,20.30470085144043,/ztf/archive/sci/2021/0209/406725/ztf_20210209406725_000861_zr_c03_o_q2_scimrefdiffimg.fits.fz,Kulkarni,1,1500,9,861,26.060800552368164,9.720820344227832e-06,0.023431500419974327,0.0933959037065506,1.3659800060850102e-05,t17_f5_c3,,,,,,,,,,,,,,,,,,,,,,,,,,,,,,,,,,,,,,,ZTF18acwwqdf
2459256.9148727,2,1502414870915,20.516000747680664,/ztf/archive/sci/2021/0211/414873/ztf_20210211414873_000861_zr_c03_o_q2_scimrefdiffimg.fits.fz,Kulkarni,1,1502,9,861,26.263099670410156,8.330829587066546e-06,0.021728400141000748,0.09526990354061127,1.1700100003508851e-05,t17_f5_c3,,,,,,,,,,,,,,,,,,,,,,,,,,,,,,,,,,,,,,,ZTF18acwwqdf
2459260.8684954,1,1506368490915,20.01650047302246,/ztf/archive/sci/2021/0215/368426/ztf_20210215368426_000861_zg_c03_o_q2_scimrefdiffimg.fits.fz,Kulkarni,1,1506,9,861,26.140399932861328,2.0798899640794843e-05,0.03382499888539314,-0.11702100187540054,3.077180008403957e-05,t17_f5_c3,1.50636849091501e+18,f,0.0,1448.949951171875,159.39700317382812,175.0707898,74.4653226,20.179399490356445,0.22248899936676025,0.9201260209083557,20.439199447631836,0.46860000491142273,0.1550920009613037,18.385000228881836,0.010999999940395355,0.3160000145435333,-0.003000000026077032,-0.1825370043516159,0.2597860097885132,2.3399999141693115,0.7879999876022339,159.39700317382812,-0.42273199558258057,1.3223299980163574,0.8539999723434448,0.8109999895095825,0.3649570047855377,0.34658101201057434,1.0530200004577637,5.0,0.0,0.9585710167884827,0.9936010241508484,20.45050048828125,0.6057000160217285,175.0709546,74.4653219,6.53661,ZTF18acwwqdf
2459260.8957407,2,1506395740915,19.62969970703125,/ztf/archive/sci/2021/0215/395671/ztf_20210215395671_000861_zr_c03_o_q2_scimrefdiffimg.fits.fz,Kulkarni,1,1506,9,861,25.912399291992188,1.260980025108438e-05,0.026869600638747215,0.0908128023147583,1.7635700714890845e-05,t17_f5_c3,,,,,,,,,,,,,,,,,,,,,,,,,,,,,,,,,,,,,,,ZTF18acwwqdf
2459263.8643981,1,1509364390915,20.00860023498535,/ztf/archive/sci/2021/0218/364352/ztf_20210218364352_000861_zg_c03_o_q2_scimrefdiffimg.fits.fz,Kulkarni,1,1509,9,861,26.377099990844727,3.757730155484751e-05,0.043783798813819885,-0.0831449031829834,6.0009599110344425e-05,t17_f5_c3,1.50936439091501e+18,f,0.0,1453.06005859375,143.6739959716797,175.0709338,74.4653266,19.79509925842285,0.2164440006017685,1.4804799556732178,19.743499755859375,0.179299995303154,0.025976000353693962,18.385000228881836,0.010999999940395355,0.3160000145435333,-0.003000000026077032,-0.5226500034332275,-0.05162300169467926,5.949999809265137,0.5379999876022339,143.6739959716797,0.26513200998306274,0.7291169762611389,1.3830000162124634,1.2979999780654907,0.23243699967861176,0.2181510031223297,1.0654900074005127,1.0,0.0,0.5914289951324463,1.0,19.532100677490234,0.1881999969482422,175.0709546,74.4653219,8.73265,ZTF18acwwqdf
2459263.8920486,2,1509392040915,19.730899810791016,/ztf/archive/sci/2021/0218/391921/ztf_20210218391921_000861_zr_c03_o_q2_scimrefdiffimg.fits.fz,Kulkarni,1,1509,9,861,26.26490020751953,1.890460043796338e-05,0.03274359926581383,0.11181700229644775,2.6524399800109677e-05,t17_f5_c3,,,,,,,,,,,,,,,,,,,,,,,,,,,,,,,,,,,,,,,ZTF18acwwqdf
2459265.8069907,2,1511306990915,20.227500915527344,/ztf/archive/sci/2021/0220/306944/ztf_20210220306944_000861_zr_c03_o_q2_scimrefdiffimg.fits.fz,Kulkarni,1,1511,9,861,26.263599395751953,1.0412300071038771e-05,0.023721300065517426,0.10977800190448761,1.4462199942499865e-05,t17_f5_c3,,,,,,,,,,,,,,,,,,,,,,,,,,,,,,,,,,,,,,,ZTF18acwwqdf
2459265.9026042,1,1511402600915,20.58289909362793,/ztf/archive/sci/2021/0220/402581/ztf_20210220402581_000861_zg_c03_o_q2_scimrefdiffimg.fits.fz,Kulkarni,1,1511,9,861,26.412500381469727,1.952680031536147e-05,0.032597001641988754,-0.12991799414157867,2.7211299311602488e-05,t17_f5_c3,1.51140260091501e+18,f,0.0,1423.18994140625,95.7146987915039,175.0710439,74.4653153,19.88050079345703,0.13497400283813477,1.0746899843215942,19.966400146484375,0.19220000505447388,0.09714999794960022,18.385000228881836,0.010999999940395355,0.3160000145435333,-0.003000000026077032,0.06792499870061874,0.08587100356817245,3.200000047683716,0.9599999785423279,95.7146987915039,0.616491973400116,0.9192140102386475,0.8970000147819519,0.8130000233650208,0.28031298518180847,0.2540630102157593,1.1033200025558472,1.0,0.0,0.9414290189743042,1.0,19.71820068359375,0.19449999928474426,175.0709546,74.4653219,11.13,ZTF18acwwqdf
2459267.8289005,2,1513328900915,19.72960090637207,/ztf/archive/sci/2021/0222/328866/ztf_20210222328866_000861_zr_c03_o_q2_scimrefdiffimg.fits.fz,Kulkarni,1,1513,9,861,26.273300170898438,2.1835900042788126e-05,0.03463299944996834,0.10402700304985046,3.0377599614439532e-05,t17_f5_c3,,,,,,,,,,,,,,,,,,,,,,,,,,,,,,,,,,,,,,,ZTF18acwwqdf
2459269.8369097,2,1515336900915,18.49959945678711,/ztf/archive/sci/2021/0224/336748/ztf_20210224336748_000861_zr_c03_o_q2_scimrefdiffimg.fits.fz,Kulkarni,1,1515,9,861,25.438400268554688,5.075800072518177e-05,0.04797700047492981,0.1004360020160675,7.289060158655047e-05,t17_f5_c3,,,,,,,,,,,,,,,,,,,,,,,,,,,,,,,,,,,,,,,ZTF18acwwqdf
2459269.9478356,1,1515447830915,19.754199981689453,/ztf/archive/sci/2021/0224/447789/ztf_20210224447789_000861_zg_c03_o_q2_scimrefdiffimg.fits.fz,Kulkarni,1,1515,9,861,26.396799087524414,2.5190900487359613e-05,0.03567029908299446,-0.12550200521945953,3.890350126312114e-05,t17_f5_c3,,,,,,,,,,,,,,,,,,,,,,,,,,,,,,,,,,,,,,,ZTF18acwwqdf
2459271.8005556,2,1517300550915,19.27090072631836,/ztf/archive/sci/2021/0226/300509/ztf_20210226300509_000861_zr_c03_o_q2_scimrefdiffimg.fits.fz,Kulkarni,1,1517,9,861,26.269500732421875,2.2438400264945813e-05,0.035386499017477036,0.09647200256586075,3.137869862257503e-05,t17_f5_c3,,,,,,,,,,,,,,,,,,,,,,,,,,,,,,,,,,,,,,,ZTF18acwwqdf
2459271.901331,1,1517401330915,19.010000228881836,/ztf/archive/sci/2021/0226/400833/ztf_20210226400833_000861_zg_c03_o_q2_scimrefdiffimg.fits.fz,Kulkarni,1,1517,9,861,26.364999771118164,5.1451199396979064e-05,0.040172699838876724,-0.08252730220556259,0.00010001000191550702,t17_f5_c3,,,,,,,,,,,,,,,,,,,,,,,,,,,,,,,,,,,,,,,ZTF18acwwqdf
2459273.8838194,1,1519383810915,18.999300003051758,/ztf/archive/sci/2021/0228/383773/ztf_20210228383773_000861_zg_c03_o_q2_scimrefdiffimg.fits.fz,Kulkarni,1,1519,9,861,26.292299270629883,4.03615013055969e-05,0.03621179983019829,-0.10322599858045578,7.695300155319273e-05,t17_f5_c3,,,,,,,,,,,,,,,,,,,,,,,,,,,,,,,,,,,,,,,ZTF18acwwqdf
2459273.9555093,2,1519455500915,19.015499114990234,/ztf/archive/sci/2021/0228/455463/ztf_20210228455463_000861_zr_c03_o_q2_scimrefdiffimg.fits.fz,Kulkarni,1,1519,9,861,26.212799072265625,3.3382599212927744e-05,0.041299499571323395,0.08429259806871414,4.643329884856939e-05,t17_f5_c3,,,,,,,,,,,,,,,,,,,,,,,,,,,,,,,,,,,,,,,ZTF18acwwqdf
2459275.6641088,1,1521164100915,19.997100830078125,/ztf/archive/sci/2021/0302/163981/ztf_20210302163981_000861_zg_c03_o_q2_scimrefdiffimg.fits.fz,Kulkarni,1,1521,9,861,26.280099868774414,2.3661299564992078e-05,0.034323498606681824,-0.08360839635133743,3.7114299630047753e-05,t17_f5_c3,1.52116410091501e+18,f,0.0,1397.8699951171875,50.63119888305664,175.0709162,74.4652365,19.710100173950195,0.2070239931344986,0.8300020098686218,19.88680076599121,0.24650000035762787,0.30576398968696594,18.385000228881836,0.010999999940395355,0.3160000145435333,-0.003000000026077032,0.19276900589466095,0.17672500014305115,4.789999961853027,0.800000011920929,50.63119888305664,0.11028199642896652,0.7530159950256348,1.0889999866485596,0.8259999752044678,0.22734899818897247,0.17244300246238708,1.3184000253677368,2.0,0.0,0.7428569793701172,1.0,20.010900497436523,0.3531000018119812,175.0709546,74.4653219,9.70138,ZTF18acwwqdf
2459275.9162037,2,1521416200915,19.800199508666992,/ztf/archive/sci/2021/0302/416134/ztf_20210302416134_000861_zr_c03_o_q2_scimrefdiffimg.fits.fz,Kulkarni,1,1521,9,861,26.253400802612305,1.5583000276819803e-05,0.029077600687742233,0.1097629964351654,2.1650099370162934e-05,t17_f5_c3,,,,,,,,,,,,,,,,,,,,,,,,,,,,,,,,,,,,,,,ZTF18acwwqdf
2459203.8895833,1,1449389580915,20.22610092163086,/ztf/archive/sci/2020/1220/389572/ztf_20201220389572_000861_zg_c03_o_q2_scimrefdiffimg.fits.fz,Kulkarni,1,1449,9,861,26.314800262451172,2.605299960123375e-05,0.03770330175757408,-0.07198269665241241,3.748789822566323e-05,t17_f5_c3,,,,,,,,,,,,,,,,,,,,,,,,,,,,,,,,,,,,,,,ZTF18acwwqdf
2459203.9678588,2,1449467850915,19.91659927368164,/ztf/archive/sci/2020/1220/467778/ztf_20201220467778_000861_zr_c03_o_q2_scimrefdiffimg.fits.fz,Kulkarni,1,1449,9,861,26.257099151611328,3.571659908629954e-05,0.0450206995010376,0.10225299745798111,5.015759961679578e-05,t17_f5_c3,,,,,,,,,,,,,,,,,,,,,,,,,,,,,,,,,,,,,,,ZTF18acwwqdf
2459205.8939583,1,1451393950915,19.729299545288086,/ztf/archive/sci/2020/1222/393877/ztf_20201222393877_000861_zg_c03_o_q2_scimrefdiffimg.fits.fz,Kulkarni,1,1451,9,861,25.59000015258789,5.897930168430321e-05,0.05470849946141243,-0.11243300139904022,9.066530037671328e-05,t17_f5_c3,,,,,,,,,,,,,,,,,,,,,,,,,,,,,,,,,,,,,,,ZTF18acwwqdf
2459215.9668056,2,1461466800915,19.19300079345703,/ztf/archive/sci/2021/0101/466806/ztf_20210101466806_000861_zr_c03_o_q2_scimrefdiffimg.fits.fz,Kulkarni,1,1461,9,861,26.239999771118164,2.3739599782857113e-05,0.03654630109667778,0.10118400305509567,3.314180139568634e-05,t17_f5_c3,,,,,,,,,,,,,,,,,,,,,,,,,,,,,,,,,,,,,,,ZTF18acwwqdf
2459215.9989352,1,1461498930915,19.025800704956055,/ztf/archive/sci/2021/0101/498889/ztf_20210101498889_000861_zg_c03_o_q2_scimrefdiffimg.fits.fz,Kulkarni,1,1461,9,861,26.34309959411621,5.11188009113539e-05,0.039767298847436905,-0.06913989782333374,9.955889981938526e-05,t17_f5_c3,,,,,,,,,,,,,,,,,,,,,,,,,,,,,,,,,,,,,,,ZTF18acwwqdf
2459217.8886458,2,1463388640915,19.924299240112305,/ztf/archive/sci/2021/0103/388646/ztf_20210103388646_000861_zr_c03_o_q2_scimrefdiffimg.fits.fz,Kulkarni,1,1463,9,861,26.241899490356445,1.063859963323921e-05,0.024425199255347252,0.10186100006103516,1.491229977546027e-05,t17_f5_c3,,,,,,,,,,,,,,,,,,,,,,,,,,,,,,,,,,,,,,,ZTF18acwwqdf
2459217.9363079,1,1463436300915,19.681400299072266,/ztf/archive/sci/2021/0103/436238/ztf_20210103436238_000861_zg_c03_o_q2_scimrefdiffimg.fits.fz,Kulkarni,1,1463,9,861,26.402000427246094,3.1406099878950045e-05,0.039308298379182816,-0.1298609972000122,5.2152401622151956e-05,t17_f5_c3,,,,,,,,,,,,,,,,,,,,,,,,,,,,,,,,,,,,,,,ZTF18acwwqdf
2459219.9043634,1,1465404360915,19.92970085144043,/ztf/archive/sci/2021/0105/404225/ztf_20210105404225_000861_zg_c03_o_q2_scimrefdiffimg.fits.fz,Kulkarni,1,1465,9,861,26.347999572753906,2.466260048095137e-05,0.03574249893426895,-0.08830949664115906,3.941600152757019e-05,t17_f5_c3,,,,,,,,,,,,,,,,,,,,,,,,,,,,,,,,,,,,,,,ZTF18acwwqdf
2459219.9668403,2,1465466840915,20.06529998779297,/ztf/archive/sci/2021/0105/466794/ztf_20210105466794_000861_zr_c03_o_q2_scimrefdiffimg.fits.fz,Kulkarni,1,1465,9,861,26.266399383544922,1.05539002106525e-05,0.024473000317811966,0.09631440043449402,1.487119970988715e-05,t17_f5_c3,,,,,,,,,,,,,,,,,,,,,,,,,,,,,,,,,,,,,,,ZTF18acwwqdf
2459221.9241319,2,1467424130915,20.131000518798828,/ztf/archive/sci/2021/0107/424132/ztf_20210107424132_000861_zr_c03_o_q2_scimrefdiffimg.fits.fz,Kulkarni,1,1467,9,861,26.24169921875,1.1462700058473274e-05,0.025539599359035492,0.10604199767112732,1.6107400369946845e-05,t17_f5_c3,,,,,,,,,,,,,,,,,,,,,,,,,,,,,,,,,,,,,,,ZTF18acwwqdf
2459221.9681597,1,1467468150915,19.431400299072266,/ztf/archive/sci/2021/0107/468160/ztf_20210107468160_000861_zg_c03_o_q2_scimrefdiffimg.fits.fz,Kulkarni,1,1467,9,861,25.790000915527344,3.896520138368942e-05,0.04263380169868469,-0.0890246033668518,6.594740261789411e-05,t17_f5_c3,,,,,,,,,,,,,,,,,,,,,,,,,,,,,,,,,,,,,,,ZTF18acwwqdf
2459223.8835185,1,1469383510915,20.260799407958984,/ztf/archive/sci/2021/0109/383472/ztf_20210109383472_000861_zg_c03_o_q2_scimrefdiffimg.fits.fz,Kulkarni,1,1469,9,861,26.349199295043945,2.279050022480078e-05,0.03561539947986603,-0.09617999941110611,3.230349830118939e-05,t17_f5_c3,,,,,,,,,,,,,,,,,,,,,,,,,,,,,,,,,,,,,,,ZTF18acwwqdf
2459223.9873032,2,1469487300915,19.971599578857422,/ztf/archive/sci/2021/0109/487106/ztf_20210109487106_000861_zr_c03_o_q2_scimrefdiffimg.fits.fz,Kulkarni,1,1469,9,861,26.263599395751953,1.2077300198143348e-05,0.026072800159454346,0.1048159971833229,1.7023199688992463e-05,t17_f5_c3,,,,,,,,,,,,,,,,,,,,,,,,,,,,,,,,,,,,,,,ZTF18acwwqdf
2459225.8949421,2,1471394940915,19.555599212646484,/ztf/archive/sci/2021/0111/394861/ztf_20210111394861_000861_zr_c03_o_q2_scimrefdiffimg.fits.fz,Kulkarni,1,1471,9,861,25.72719955444336,1.5257400264090393e-05,0.02929520048201084,0.10435400158166885,2.148589919670485e-05,t17_f5_c3,,,,,,,,,,,,,,,,,,,,,,,,,,,,,,,,,,,,,,,ZTF18acwwqdf
2459227.8726389,2,1473372630915,20.01140022277832,/ztf/archive/sci/2021/0113/372639/ztf_20210113372639_000861_zr_c03_o_q2_scimrefdiffimg.fits.fz,Kulkarni,1,1473,9,861,25.9552001953125,1.4658299733127933e-05,0.028808100149035454,0.1026960015296936,2.0616700567188673e-05,t17_f5_c3,,,,,,,,,,,,,,,,,,,,,,,,,,,,,,,,,,,,,,,ZTF18acwwqdf
2459227.9458796,1,1473445870915,20.472999572753906,/ztf/archive/sci/2021/0113/445880/ztf_20210113445880_000861_zg_c03_o_q2_scimrefdiffimg.fits.fz,Kulkarni,1,1473,9,861,26.278200149536133,1.790329952200409e-05,0.03167000040411949,-0.10742100328207016,2.513129948056303e-05,t17_f5_c3,1.47344587091501e+18,f,0.0,1462.780029296875,144.18800354003906,175.0708792,74.4653448,20.366199493408203,0.17227999866008759,0.7302380204200745,20.38599967956543,0.35089999437332153,0.09920600056648254,18.385000228881836,0.010999999940395355,0.3160000145435333,-0.003000000026077032,-0.7181980013847351,0.019814999774098396,1.3034100532531738,0.47200000286102295,144.18800354003906,0.08703400194644928,2.0,0.8130000233650208,0.7260000109672546,0.6237459778785706,0.5569990277290344,1.1198400259017944,7.0,0.0,0.9614289999008179,0.9618200063705444,20.058799743652344,0.3312000036239624,175.0709546,74.4653219,5.71251,ZTF18acwwqdf
2459229.9129398,2,1475412930915,19.4468994140625,/ztf/archive/sci/2021/0115/412801/ztf_20210115412801_000861_zr_c03_o_q2_scimrefdiffimg.fits.fz,Kulkarni,1,1475,9,861,26.26689910888672,3.3523599995533004e-05,0.04200790077447891,0.1035199984908104,4.7271700168494135e-05,t17_f5_c3,,,,,,,,,,,,,,,,,,,,,,,,,,,,,,,,,,,,,,,ZTF18acwwqdf
2459231.9343866,1,1477434380915,20.490800857543945,/ztf/archive/sci/2021/0117/434340/ztf_20210117434340_000861_zg_c03_o_q2_scimrefdiffimg.fits.fz,Kulkarni,1,1477,9,861,26.401899337768555,1.6496400348842144e-05,0.030269499868154526,-0.12771299481391907,2.314320045115892e-05,t17_f5_c3,1.47743438091501e+18,f,0.0,1492.949951171875,117.9280014038086,175.0709242,74.465337,20.170900344848633,0.1775050014257431,0.7973570227622986,20.299100875854492,0.2824999988079071,0.061037998646497726,18.385000228881836,0.010999999940395355,0.3160000145435333,-0.003000000026077032,-0.4243620038032532,0.12815600633621216,1.4771699905395508,0.6790000200271606,117.9280014038086,0.19170400500297546,2.0,0.8709999918937683,0.6729999780654907,0.5896409749984741,0.4556010067462921,1.2941999435424805,6.0,0.0,0.9371430277824402,1.0,20.1033992767334,0.3005000054836273,175.0709546,74.4653219,6.6208,ZTF18acwwqdf
2459231.9753819,2,1477475380915,20.41029930114746,/ztf/archive/sci/2021/0117/475336/ztf_20210117475336_000861_zr_c03_o_q2_scimrefdiffimg.fits.fz,Kulkarni,1,1477,9,861,26.281200408935547,8.969440386863425e-06,0.022554900497198105,0.0985305979847908,1.2579899703268893e-05,t17_f5_c3,,,,,,,,,,,,,,,,,,,,,,,,,,,,,,,,,,,,,,,ZTF18acwwqdf
2459874.0109375,3,2119510930915,19.277099609375,/ztf/archive/sci/2022/1021/510926/ztf_20221021510926_000861_zi_c03_o_q2_scimrefdiffimg.fits.fz,Kulkarni,2,2119,9,861,25.39240074157715,4.481289943214506e-05,0.07943029701709747,0.1428080052137375,0.0001816629956010729,t17_f5_c3,,,,,,,,,,,,,,,,,,,,,,,,,,,,,,,,,,,,,,,ZTF18acwwqdf
2459879.9879282,3,2125487920915,19.17140007019043,/ztf/archive/sci/2022/1027/487928/ztf_20221027487928_000861_zi_c03_o_q2_scimrefdiffimg.fits.fz,Kulkarni,2,2125,9,861,25.587799072265625,4.835339950659545e-06,0.026293199509382248,0.17041799426078796,1.9286899259896018e-05,t17_f5_c3,,,,,,,,,,,,,,,,,,,,,,,,,,,,,,,,,,,,,,,ZTF18acwwqdf
2459885.0165162,1,2130516510915,20.27869987487793,/ztf/archive/sci/2022/1101/516516/ztf_20221101516516_000861_zg_c03_o_q2_scimrefdiffimg.fits.fz,Kulkarni,1,2130,9,861,26.343000411987305,2.054169999610167e-05,0.033912599086761475,-0.15512099862098694,2.9226599508547224e-05,t17_f5_c3,,,,,,,,,,,,,,,,,,,,,,,,,,,,,,,,,,,,,,,ZTF18acwwqdf
2459888.9691319,2,2134469130915,18.98780059814453,/ztf/archive/sci/2022/1105/469132/ztf_20221105469132_000861_zr_c03_o_q2_scimrefdiffimg.fits.fz,Kulkarni,1,2134,9,861,25.608400344848633,2.984240018122364e-05,0.04080810025334358,0.08616060018539429,4.174129935563542e-05,t17_f5_c3,,,,,,,,,,,,,,,,,,,,,,,,,,,,,,,,,,,,,,,ZTF18acwwqdf
2459893.9679514,2,2139467950915,19.167499542236328,/ztf/archive/sci/2022/1110/467951/ztf_20221110467951_000861_zr_c03_o_q2_scimrefdiffimg.fits.fz,Kulkarni,1,2139,9,861,26.237499237060547,2.1268300770316273e-05,0.0345086008310318,0.08503449708223343,3.0093100576777942e-05,t17_f5_c3,,,,,,,,,,,,,,,,,,,,,,,,,,,,,,,,,,,,,,,ZTF18acwwqdf
2459295.7695255,2,1541269523715,19.55229949951172,/ztf/archive/sci/2021/0322/269525/ztf_20210322269525_001871_zr_c10_o_q2_scimrefdiffimg.fits.fz,Kulkarni,2,1541,37,1871,26.18589973449707,2.1638199541484937e-05,0.034639399498701096,0.11293099820613861,3.0883198633091524e-05,t17_f5_c3,,,,,,,,,,,,,,,,,,,,,,,,,,,,,,,,,,,,,,,ZTF18acwwqdf
2459295.8446991,3,1541344690915,19.35449981689453,/ztf/archive/sci/2021/0322/344653/ztf_20210322344653_000861_zi_c03_o_q2_scimrefdiffimg.fits.fz,Kulkarni,2,1541,9,861,25.552900314331055,3.879139967466472e-06,0.023824000731110573,0.1775279939174652,1.5073100257723127e-05,t17_f5_c3,,,,,,,,,,,,,,,,,,,,,,,,,,,,,,,,,,,,,,,ZTF18acwwqdf
2459303.9872454,3,1549487240915,19.10890007019043,/ztf/archive/sci/2021/0330/487118/ztf_20210330487118_000861_zi_c03_o_q2_scimrefdiffimg.fits.fz,Kulkarni,2,1549,9,861,25.546300888061523,4.965349944541231e-06,0.02651990018785,0.17781400680541992,1.9905199224012904e-05,t17_f5_c3,,,,,,,,,,,,,,,,,,,,,,,,,,,,,,,,,,,,,,,ZTF18acwwqdf
2459306.8875926,3,1552387590915,19.70599937438965,/ztf/archive/sci/2021/0402/387512/ztf_20210402387512_000861_zi_c03_o_q2_scimrefdiffimg.fits.fz,Kulkarni,2,1552,9,861,25.571699142456055,4.661750153900357e-06,0.025995099917054176,0.18265900015830994,1.851009983511176e-05,t17_f5_c3,,,,,,,,,,,,,,,,,,,,,,,,,,,,,,,,,,,,,,,ZTF18acwwqdf
2459310.8430671,3,1556343060915,17.79450035095215,/ztf/archive/sci/2021/0406/342998/ztf_20210406342998_000861_zi_c03_o_q2_scimrefdiffimg.fits.fz,Kulkarni,2,1556,9,861,23.695600509643555,7.516439654864371e-05,0.08815810084342957,0.15585100650787354,0.00024831100017763674,t17_f5_c3,,,,,,,,,,,,,,,,,,,,,,,,,,,,,,,,,,,,,,,ZTF18acwwqdf
2459313.8244676,3,1559324460915,19.718700408935547,/ztf/archive/sci/2021/0409/324398/ztf_20210409324398_000861_zi_c03_o_q2_scimrefdiffimg.fits.fz,Kulkarni,2,1559,9,861,25.542400360107422,2.9140001061023213e-06,0.02042119950056076,0.1823039948940277,1.1687799997162074e-05,t17_f5_c3,,,,,,,,,,,,,,,,,,,,,,,,,,,,,,,,,,,,,,,ZTF18acwwqdf
2459316.7628125,3,1562262810915,19.86039924621582,/ztf/archive/sci/2021/0412/262743/ztf_20210412262743_000861_zi_c03_o_q2_scimrefdiffimg.fits.fz,Kulkarni,2,1562,9,861,25.554000854492188,3.44812997354893e-06,0.022473599761724472,0.18563500046730042,1.3720499737246428e-05,t17_f5_c3,,,,,,,,,,,,,,,,,,,,,,,,,,,,,,,,,,,,,,,ZTF18acwwqdf
2459319.7887616,3,1565288760915,18.979299545288086,/ztf/archive/sci/2021/0415/288762/ztf_20210415288762_000861_zi_c03_o_q2_scimrefdiffimg.fits.fz,Kulkarni,2,1565,9,861,25.546499252319336,1.1920000360987615e-05,0.03990589827299118,0.18327300250530243,4.6698500227648765e-05,t17_f5_c3,,,,,,,,,,,,,,,,,,,,,,,,,,,,,,,,,,,,,,,ZTF18acwwqdf
2459322.6999537,1,1568199950915,20.1564998626709,/ztf/archive/sci/2021/0418/199954/ztf_20210418199954_000861_zg_c03_o_q2_scimrefdiffimg.fits.fz,Kulkarni,2,1568,9,861,26.230100631713867,2.0656900233007036e-05,0.033876098692417145,-0.09757229685783386,2.9634600650751963e-05,t17_f5_c3,1.56819995091501e+18,f,0.0,1472.9300537109375,134.06700134277344,175.0710995,74.4653838,20.06410026550293,0.18229800462722778,1.0941599607467651,20.121299743652344,0.3441999852657318,0.25980299711227417,18.385000228881836,0.010999999940395355,0.3160000145435333,-0.003000000026077032,-0.4311400055885315,0.05721300095319748,1.3821899890899658,0.7139999866485596,134.06700134277344,0.03517000004649162,2.0,0.9020000100135803,0.6819999814033508,0.6525859832763672,0.49341800808906555,1.3225799798965454,6.0,0.0,0.945713996887207,0.9135059714317322,20.164100646972656,0.4578000009059906,175.0709546,74.4653219,5.48397,ZTF18acwwqdf
2459322.7202315,3,1568220230915,19.60540008544922,/ztf/archive/sci/2021/0418/220231/ztf_20210418220231_000861_zi_c03_o_q2_scimrefdiffimg.fits.fz,Kulkarni,2,1568,9,861,25.549400329589844,2.9981799798406428e-06,0.020834099501371384,0.1761769950389862,1.1988099686277565e-05,t17_f5_c3,,,,,,,,,,,,,,,,,,,,,,,,,,,,,,,,,,,,,,,ZTF18acwwqdf
2459322.7436227,2,1568243620915,20.20549964904785,/ztf/archive/sci/2021/0418/243623/ztf_20210418243623_000861_zr_c03_o_q2_scimrefdiffimg.fits.fz,Kulkarni,2,1568,9,861,26.17140007019043,1.0703600310080219e-05,0.02446259930729866,0.10505100339651108,1.4993400327512063e-05,t17_f5_c3,,,,,,,,,,,,,,,,,,,,,,,,,,,,,,,,,,,,,,,ZTF18acwwqdf
2459323.7837037,1,1569283700915,20.00320053100586,/ztf/archive/sci/2021/0419/283692/ztf_20210419283692_000861_zg_c03_o_q2_scimrefdiffimg.fits.fz,Kulkarni,2,1569,9,861,26.295799255371094,2.2007099687471054e-05,0.03425410017371178,-0.07612580060958862,3.375719825271517e-05,t17_f5_c3,1.56928370091501e+18,f,0.0,1475.4599609375,136.49899291992188,175.070797,74.4652322,19.964799880981445,0.23590700328350067,0.9961569905281067,20.124900817871094,0.3458000123500824,0.35261300206184387,18.385000228881836,0.010999999940395355,0.3160000145435333,-0.003000000026077032,-0.3951680064201355,0.16010500490665436,1.5894099473953247,0.6890000104904175,136.49899291992188,-0.12169600278139114,2.0,0.9739999771118164,0.8230000138282776,0.6128050088882446,0.5178020000457764,1.1834800243377686,4.0,0.0,0.9314290285110474,0.9685760140419006,20.38680076599121,0.5626999735832214,175.0709546,74.4653219,7.0701,ZTF18acwwqdf
2459323.8246875,2,1569324680915,20.18829917907715,/ztf/archive/sci/2021/0419/324664/ztf_20210419324664_000861_zr_c03_o_q2_scimrefdiffimg.fits.fz,Kulkarni,2,1569,9,861,26.202800750732422,9.496189704805147e-06,0.023182900622487068,0.10596799850463867,1.336819968855707e-05,t17_f5_c3,,,,,,,,,,,,,,,,,,,,,,,,,,,,,,,,,,,,,,,ZTF18acwwqdf
2459324.6804861,1,1570180480915,19.93549919128418,/ztf/archive/sci/2021/0420/180486/ztf_20210420180486_000861_zg_c03_o_q2_scimrefdiffimg.fits.fz,Kulkarni,2,1570,9,861,26.285999298095703,2.5231700419681147e-05,0.036251001060009,-0.0772332027554512,3.88154003303498e-05,t17_f5_c3,1.57018048091506e+18,f,0.0,1486.4300537109375,126.60299682617188,175.0712145,74.4654165,20.018999099731445,0.20842699706554413,1.0785599946975708,19.803499221801758,0.29660001397132874,0.4176439940929413,18.385000228881836,0.010999999940395355,0.3160000145435333,-0.003000000026077032,-1.3128000497817993,-0.2155109941959381,1.461050033569336,0.4309999942779541,126.60299682617188,0.13197000324726105,2.0,0.9589999914169312,0.8169999718666077,0.6563779711723328,0.5591869950294495,1.1738100051879883,4.0,0.0,0.9285709857940674,0.9662309885025024,19.60449981689453,0.31630000472068787,175.0709546,74.4653219,5.61844,ZTF18acwwqdf
2459324.7237847,2,1570223780915,19.957300186157227,/ztf/archive/sci/2021/0420/223785/ztf_20210420223785_000861_zr_c03_o_q2_scimrefdiffimg.fits.fz,Kulkarni,2,1570,9,861,26.19879913330078,1.242199959960999e-05,0.026444699615240097,0.11357799917459488,1.7471400497015566e-05,t17_f5_c3,,,,,,,,,,,,,,,,,,,,,,,,,,,,,,,,,,,,,,,ZTF18acwwqdf
2459325.7426505,3,1571242650915,19.432300567626953,/ztf/archive/sci/2021/0421/242650/ztf_20210421242650_000861_zi_c03_o_q2_scimrefdiffimg.fits.fz,Kulkarni,2,1571,9,861,25.594600677490234,3.3615799566177884e-06,0.022018300369381905,0.18052799999713898,1.3513499652617611e-05,t17_f5_c3,,,,,,,,,,,,,,,,,,,,,,,,,,,,,,,,,,,,,,,ZTF18acwwqdf
2459325.7794676,2,1571279460915,20.131799697875977,/ztf/archive/sci/2021/0421/279213/ztf_20210421279213_000861_zr_c03_o_q2_scimrefdiffimg.fits.fz,Kulkarni,2,1571,9,861,26.239599227905273,1.038249956764048e-05,0.02422739937901497,0.10164699703454971,1.4568499864253681e-05,t17_f5_c3,,,,,,,,,,,,,,,,,,,,,,,,,,,,,,,,,,,,,,,ZTF18acwwqdf
2459325.8423727,1,1571342370915,19.654300689697266,/ztf/archive/sci/2021/0421/342373/ztf_20210421342373_000861_zg_c03_o_q2_scimrefdiffimg.fits.fz,Kulkarni,2,1571,9,861,26.279499053955078,3.167059912811965e-05,0.03842049837112427,-0.05393730103969574,5.396550113800913e-05,t17_f5_c3,1.57134237091501e+18,f,0.0,1474.8399658203125,126.19200134277344,175.0706996,74.4652742,19.76449966430664,0.33037900924682617,1.6457300186157227,20.150699615478516,0.41769999265670776,0.30306199193000793,18.385000228881836,0.010999999940395355,0.3160000145435333,-0.003000000026077032,-0.6408759951591492,0.38623398542404175,1.8501499891281128,0.6389999985694885,126.19200134277344,-0.4964359998703003,2.0,0.6399999856948853,0.546999990940094,0.34591901302337646,0.29565200209617615,1.1700199842453003,8.0,0.0,0.7471429705619812,0.8124989867210388,20.099899291992188,0.5103999972343445,175.0709546,74.4653219,6.24732,ZTF18acwwqdf
2459328.7264815,1,1574226480915,19.499799728393555,/ztf/archive/sci/2021/0424/226458/ztf_20210424226458_000861_zg_c03_o_q2_scimrefdiffimg.fits.fz,Kulkarni,2,1574,9,861,26.318599700927734,2.583659988886211e-05,0.0352231003344059,-0.10411199927330017,4.325250120018609e-05,t17_f5_c3,,,,,,,,,,,,,,,,,,,,,,,,,,,,,,,,,,,,,,,ZTF18acwwqdf
2459328.7403819,2,1574240380915,19.840499877929688,/ztf/archive/sci/2021/0424/240370/ztf_20210424240370_000861_zr_c03_o_q2_scimrefdiffimg.fits.fz,Kulkarni,2,1574,9,861,26.23080062866211,1.1472900041553658e-05,0.02546910010278225,0.09927500039339066,1.6189700545510277e-05,t17_f5_c3,,,,,,,,,,,,,,,,,,,,,,,,,,,,,,,,,,,,,,,ZTF18acwwqdf
2459329.7586343,2,1575258630915,19.662900924682617,/ztf/archive/sci/2021/0425/258634/ztf_20210425258634_000861_zr_c03_o_q2_scimrefdiffimg.fits.fz,Kulkarni,2,1575,9,861,26.212600708007812,1.2640300155908335e-05,0.02670300006866455,0.11087299883365631,1.774459997250233e-05,t17_f5_c3,,,,,,,,,,,,,,,,,,,,,,,,,,,,,,,,,,,,,,,ZTF18acwwqdf
2459329.7990856,1,1575299080915,19.32900047302246,/ztf/archive/sci/2021/0425/298958/ztf_20210425298958_000861_zg_c03_o_q2_scimrefdiffimg.fits.fz,Kulkarni,2,1575,9,861,26.328100204467773,3.2274598197545856e-05,0.03728029876947403,-0.11075899749994278,5.6761899031698704e-05,t17_f5_c3,,,,,,,,,,,,,,,,,,,,,,,,,,,,,,,,,,,,,,,ZTF18acwwqdf
2459334.7001968,1,1580200190915,20.594100952148438,/ztf/archive/sci/2021/0430/200150/ztf_20210430200150_000861_zg_c03_o_q2_scimrefdiffimg.fits.fz,Kulkarni,1,1580,9,861,26.333200454711914,1.5550600437563844e-05,0.02956789918243885,-0.10249300301074982,2.181250056310091e-05,t17_f5_c3,1.58020019091501e+18,0,0.0,1497.550048828125,104.1719970703125,175.0706245,74.4653114,20.230199813842773,0.1821890026330948,1.3133599758148193,20.278499603271484,0.2921000123023987,0.3049449920654297,18.385000228881836,0.010999999940395355,0.3160000145435333,-0.003000000026077032,-0.12331599742174149,0.04827199876308441,1.2727700471878052,0.6190000176429749,104.1719970703125,0.3155759871006012,2.0,0.8230000138282776,0.652999997138977,0.6466209888458252,0.5130540132522583,1.2603399753570557,6.0,0.0,0.9628570079803467,0.9729329943656921,20.198699951171875,0.3456999957561493,175.0709546,74.4653219,5.37882,ZTF18acwwqdf
2460251.9847569,2,2497484750915,19.48940086364746,/ztf/archive/sci/2023/1103/484630/ztf_20231103484630_000861_zr_c03_o_q2_scimrefdiffimg.fits.fz,Kulkarni,1,2497,9,861,26.228599548339844,2.8212700271978974e-05,0.03993130102753639,0.1010340005159378,3.977830056101084e-05,t17_f5_c3,,,,,,,,,,,,,,,,,,,,,,,,,,,,,,,,,,,,,,,ZTF18acwwqdf
2460251.985706,2,2497485700915,20.99020004272461,/ztf/archive/sci/2023/1103/485694/ztf_20231103485694_000861_zr_c03_o_q2_scimrefdiffimg.fits.fz,Kasliwal,3,2497,9,861,28.732799530029297,7.537560122727882e-06,0.020414799451828003,0.11287900060415268,1.054459971783217e-05,t17_f5_c3,2.497485700915015e+18,t,0.0,1492.199951171875,108.14600372314453,175.0710155,74.4652294,20.232799530029297,0.08904500305652618,1.0124900341033936,19.999399185180664,0.13899999856948853,0.33684399724006653,18.499000549316406,0.02500000037252903,0.8989999890327454,0.07900000363588333,-7.641660213470459,-0.23343299329280853,2.9000000953674316,0.9490000009536743,108.14600372314453,0.9908239841461182,0.9727330207824707,0.8669999837875366,0.7789999842643738,0.2989659905433655,0.2686209976673126,1.1129599809646606,3.0,0.0,0.75142902135849,1.0,19.95789909362793,0.17139999568462372,175.0709983,74.465324,8.34185,ZTF18acwwqdf
2460252.0137037,1,2497513700915,19.787500381469727,/ztf/archive/sci/2023/1103/513692/ztf_20231103513692_000861_zg_c03_o_q2_scimrefdiffimg.fits.fz,Kulkarni,1,2497,9,861,26.350500106811523,2.6770900149131194e-05,0.03717640042304993,-0.11396100372076035,4.183630153420381e-05,t17_f5_c3,,,,,,,,,,,,,,,,,,,,,,,,,,,,,,,,,,,,,,,ZTF18acwwqdf
2460253.9690625,1,2499469060915,20.096900939941406,/ztf/archive/sci/2023/1105/469062/ztf_20231105469062_000861_zg_c03_o_q2_scimrefdiffimg.fits.fz,Kulkarni,1,2499,9,861,26.301000595092773,2.0405899704201147e-05,0.03329560160636902,-0.08799420297145844,2.9941900720587e-05,t17_f5_c3,,,,,,,,,,,,,,,,,,,,,,,,,,,,,,,,,,,,,,,ZTF18acwwqdf
2460254.0222917,2,2499522290915,20.15329933166504,/ztf/archive/sci/2023/1105/521759/ztf_20231105521759_000861_zr_c03_o_q2_scimrefdiffimg.fits.fz,Kulkarni,1,2499,9,861,26.26289939880371,8.479790267301723e-06,0.021938800811767578,0.09497419744729996,1.1926899787795264e-05,t17_f5_c3,,,,,,,,,,,,,,,,,,,,,,,,,,,,,,,,,,,,,,,ZTF18acwwqdf
2460254.9503241,1,2500450323715,20.12190055847168,/ztf/archive/sci/2023/1106/450278/ztf_20231106450278_001871_zg_c10_o_q2_scimrefdiffimg.fits.fz,Kulkarni,2,2500,37,1871,26.1919002532959,1.697369953035377e-05,0.030602900311350822,-0.07127220183610916,2.5489200197625905e-05,t17_f5_c3,,,,,,,,,,,,,,,,,,,,,,,,,,,,,,,,,,,,,,,ZTF18acwwqdf
2460254.9517361,1,2500451733715,20.07710075378418,/ztf/archive/sci/2023/1106/451725/ztf_20231106451725_001871_zg_c10_o_q2_scimrefdiffimg.fits.fz,Kulkarni,3,2500,37,1871,26.192100524902344,1.905670069390908e-05,0.0325298011302948,-0.0607014000415802,2.865779970306903e-05,t17_f5_c3,,,,,,,,,,,,,,,,,,,,,,,,,,,,,,,,,,,,,,,ZTF18acwwqdf
2460256.9868171,2,2502486810915,19.552499771118164,/ztf/archive/sci/2023/1108/486806/ztf_20231108486806_000861_zr_c03_o_q2_scimrefdiffimg.fits.fz,Kulkarni,1,2502,9,861,26.23430061340332,3.5118599043926224e-05,0.04423839971423149,0.09184339642524719,4.9648100684862584e-05,t17_f5_c3,,,,,,,,,,,,,,,,,,,,,,,,,,,,,,,,,,,,,,,ZTF18acwwqdf
2460257.0183449,3,2502518340915,18.745500564575195,/ztf/archive/sci/2023/1108/518299/ztf_20231108518299_000861_zi_c03_o_q2_scimrefdiffimg.fits.fz,Kulkarni,2,2502,9,861,25.596399307250977,1.4345900126500055e-05,0.04259540140628815,0.1746560037136078,5.730799966841005e-05,t17_f5_c3,,,,,,,,,,,,,,,,,,,,,,,,,,,,,,,,,,,,,,,ZTF18acwwqdf
2460258.9727199,2,2504472710915,19.760700225830078,/ztf/archive/sci/2023/1110/472697/ztf_20231110472697_000861_zr_c03_o_q2_scimrefdiffimg.fits.fz,Kulkarni,1,2504,9,861,26.21430015563965,1.5590900147799402e-05,0.029640600085258484,0.10109099745750427,2.1921399820712395e-05,t17_f5_c3,,,,,,,,,,,,,,,,,,,,,,,,,,,,,,,,,,,,,,,ZTF18acwwqdf
2459522.9676505,2,1768467650915,20.392000198364258,/ztf/archive/sci/2021/1104/467604/ztf_20211104467604_000861_zr_c03_o_q2_scimrefdiffimg.fits.fz,Kulkarni,2,1768,9,861,26.221399307250977,9.838639925874304e-06,0.0233341995626688,0.10473600029945374,1.3681799828191288e-05,t17_f5_c3,,,,,,,,,,,,,,,,,,,,,,,,,,,,,,,,,,,,,,,ZTF18acwwqdf
2458440.9506944,1,686450690915,18.479700088500977,/ztf/archive/sci/2018/1118/450637/ztf_20181118450637_000861_zg_c03_o_q2_scimrefdiffimg.fits.fz,Kulkarni,1,686,9,861,24.497800827026367,1.2745000123977661,0.3448539972305298,-4.054689884185791,4.3836798667907715,t12_f5_c3,,,,,,,,,,,,,,,,,,,,,,,,,,,,,,,,,,,,,,,ZTF18acwwqdf
2458441.0562037,2,686556200915,20.022199630737305,/ztf/archive/sci/2018/1118/556123/ztf_20181118556123_000861_zr_c03_o_q2_scimrefdiffimg.fits.fz,Kulkarni,1,686,9,861,26.192699432373047,1.2589400284923613e-05,0.02657580003142357,0.07387299835681915,1.77549991349224e-05,t12_f5_c3,,,,,,,,,,,,,,,,,,,,,,,,,,,,,,,,,,,,,,,ZTF18acwwqdf
2458443.9262037,2,689426200915,19.69070053100586,/ztf/archive/sci/2018/1121/426169/ztf_20181121426169_000861_zr_c03_o_q2_scimrefdiffimg.fits.fz,Kulkarni,1,689,9,861,26.149700164794922,1.1587800145207439e-05,0.02521510049700737,0.10061399638652802,1.6096100807772018e-05,t12_f5_c3,,,,,,,,,,,,,,,,,,,,,,,,,,,,,,,,,,,,,,,ZTF18acwwqdf
2458447.9455903,2,693445590915,19.413700103759766,/ztf/archive/sci/2018/1125/445463/ztf_20181125445463_000861_zr_c03_o_q2_scimrefdiffimg.fits.fz,Kulkarni,1,693,9,861,26.185400009155273,1.868370054580737e-05,0.031844500452280045,0.08154039829969406,2.5933999495464377e-05,t12_f5_c3,,,,,,,,,,,,,,,,,,,,,,,,,,,,,,,,,,,,,,,ZTF18acwwqdf
2458450.9904051,1,696490400915,19.89590072631836,/ztf/archive/sci/2018/1128/490336/ztf_20181128490336_000861_zg_c03_o_q2_scimrefdiffimg.fits.fz,Kulkarni,1,696,9,861,26.319599151611328,2.5227000151062384e-05,0.036160100251436234,-0.1352510005235672,3.911120074917562e-05,t12_f5_c3,,,,,,,,,,,,,,,,,,,,,,,,,,,,,,,,,,,,,,,ZTF18acwwqdf
2458451.029294,2,696529290915,20.053300857543945,/ztf/archive/sci/2018/1128/529259/ztf_20181128529259_000861_zr_c03_o_q2_scimrefdiffimg.fits.fz,Kulkarni,1,696,9,861,26.202899932861328,9.901569683279376e-06,0.02361300028860569,0.09185480326414108,1.3912300346419215e-05,t12_f5_c3,,,,,,,,,,,,,,,,,,,,,,,,,,,,,,,,,,,,,,,ZTF18acwwqdf
2458462.9717245,1,708471720915,16.992399215698242,/ztf/archive/sci/2018/1210/471667/ztf_20181210471667_000861_zg_c03_o_q2_scimrefdiffimg.fits.fz,Kulkarni,1,708,9,861,23.563800811767578,0.002331519965082407,0.021439500153064728,-0.1811639964580536,0.00976622011512518,t12_f5_c3,,,,,,,,,,,,,,,,,,,,,,,,,,,,,,,,,,,,,,,ZTF18acwwqdf
2458465.9987616,2,711498760915,19.881200790405273,/ztf/archive/sci/2018/1213/498681/ztf_20181213498681_000861_zr_c03_o_q2_scimrefdiffimg.fits.fz,Kulkarni,1,711,9,861,26.21769905090332,1.2961600077687763e-05,0.026689499616622925,0.06653310358524323,1.8252099835081026e-05,t12_f5_c3,,,,,,,,,,,,,,,,,,,,,,,,,,,,,,,,,,,,,,,ZTF18acwwqdf
2458466.0416551,1,711541650915,20.104799270629883,/ztf/archive/sci/2018/1213/541609/ztf_20181213541609_000861_zg_c03_o_q2_scimrefdiffimg.fits.fz,Kulkarni,1,711,9,861,26.350099563598633,3.945500066038221e-05,0.04085550084710121,-0.15212200582027435,6.835549720562994e-05,t12_f5_c3,,,,,,,,,,,,,,,,,,,,,,,,,,,,,,,,,,,,,,,ZTF18acwwqdf
2458487.9926736,1,733492670915,20.59440040588379,/ztf/archive/sci/2019/0104/492558/ztf_20190104492558_000861_zg_c03_o_q2_scimrefdiffimg.fits.fz,Kulkarni,1,733,9,861,26.320899963378906,1.6364399925805628e-05,0.030359700322151184,-0.12303700298070908,2.3189599232864566e-05,t12_f5_c3,,,,,,,,,,,,,,,,,,,,,,,,,,,,,,,,,,,,,,,ZTF18acwwqdf
2458488.0389236,2,733538920915,20.332399368286133,/ztf/archive/sci/2019/0104/538889/ztf_20190104538889_000861_zr_c03_o_q2_scimrefdiffimg.fits.fz,Kulkarni,1,733,9,861,26.208099365234375,8.30864973977441e-06,0.021576600149273872,0.09021519869565964,1.1690999599522911e-05,t12_f5_c3,,,,,,,,,,,,,,,,,,,,,,,,,,,,,,,,,,,,,,,ZTF18acwwqdf
2458491.9630556,1,737463050915,20.00860023498535,/ztf/archive/sci/2019/0108/462963/ztf_20190108462963_000861_zg_c03_o_q2_scimrefdiffimg.fits.fz,Kulkarni,1,737,9,861,26.039499282836914,3.577760071493685e-05,0.042819298803806305,-0.08853030204772949,5.6817400036379695e-05,t12_f5_c3,,,,,,,,,,,,,,,,,,,,,,,,,,,,,,,,,,,,,,,ZTF18acwwqdf
2458494.9475,2,740447500915,20.332300186157227,/ztf/archive/sci/2019/0111/447477/ztf_20190111447477_000861_zr_c03_o_q2_scimrefdiffimg.fits.fz,Kulkarni,1,740,9,861,26.200599670410156,9.931560271070339e-06,0.02356100082397461,0.07000859826803207,1.3931699868408032e-05,t15_f5_c3,,,,,,,,,,,,,,,,,,,,,,,,,,,,,,,,,,,,,,,ZTF18acwwqdf
2458494.9902778,1,740490270915,20.75309944152832,/ztf/archive/sci/2019/0111/490220/ztf_20190111490220_000861_zg_c03_o_q2_scimrefdiffimg.fits.fz,Kulkarni,1,740,9,861,26.30500030517578,1.5459199858014472e-05,0.029359500855207443,-0.13705800473690033,2.17594006244326e-05,t15_f5_c3,7.4049027091501e+17,f,0.0,1391.68994140625,129.45899963378906,175.0704195,74.4652746,20.597999572753906,0.23626099526882172,1.5661300420761108,20.856199264526367,0.3671000003814697,0.534587025642395,18.385000228881836,0.010999999940395355,0.3160000145435333,-0.003000000026077032,-0.4227609932422638,0.25822100043296814,2.5299999713897705,0.5189999938011169,129.45899963378906,-0.10314500331878662,1.2026900053024292,1.0829999446868896,0.7279999852180481,0.4280630052089691,0.28774699568748474,1.4876400232315063,4.0,0.0,0.6842859983444214,0.9378899931907654,20.770000457763672,0.4284999966621399,175.0709546,74.4653219,6.78906,ZTF18acwwqdf
2458503.0125463,2,748512540915,19.398700714111328,/ztf/archive/sci/2019/0119/512500/ztf_20190119512500_000861_zr_c03_o_q2_scimrefdiffimg.fits.fz,Kulkarni,1,748,9,861,26.12849998474121,1.6731299183447845e-05,0.030586300417780876,0.08024830371141434,2.3487900762120262e-05,t15_f5_c3,,,,,,,,,,,,,,,,,,,,,,,,,,,,,,,,,,,,,,,ZTF18acwwqdf
2458505.9348032,1,751434800915,18.772499084472656,/ztf/archive/sci/2019/0122/434780/ztf_20190122434780_000861_zg_c03_o_q2_scimrefdiffimg.fits.fz,Kulkarni,1,751,9,861,26.315099716186523,7.115789776435122e-05,0.03717060014605522,-0.12001000344753265,0.00015977199655026197,t15_f5_c3,,,,,,,,,,,,,,,,,,,,,,,,,,,,,,,,,,,,,,,ZTF18acwwqdf
2458508.964375,2,754464370915,19.66069984436035,/ztf/archive/sci/2019/0125/464248/ztf_20190125464248_000861_zr_c03_o_q2_scimrefdiffimg.fits.fz,Kulkarni,1,754,9,861,26.207300186157227,1.4736699995410163e-05,0.028846500441432,0.08424749970436096,2.0641000446630642e-05,t15_f5_c3,,,,,,,,,,,,,,,,,,,,,,,,,,,,,,,,,,,,,,,ZTF18acwwqdf
2458509.0508449,1,754550840915,19.570100784301758,/ztf/archive/sci/2019/0125/550810/ztf_20190125550810_000861_zg_c03_o_q2_scimrefdiffimg.fits.fz,Kulkarni,1,754,9,861,26.276399612426758,4.302500019548461e-05,0.04207940027117729,-0.06766050308942795,7.597119838465005e-05,t15_f5_c3,,,,,,,,,,,,,,,,,,,,,,,,,,,,,,,,,,,,,,,ZTF18acwwqdf
2458511.9033218,2,757403320915,19.806900024414062,/ztf/archive/sci/2019/0128/403252/ztf_20190128403252_000861_zr_c03_o_q2_scimrefdiffimg.fits.fz,Kulkarni,1,757,9,861,26.120899200439453,1.4830099644314032e-05,0.028454000130295753,0.07885990291833878,2.054290052910801e-05,t15_f5_c3,,,,,,,,,,,,,,,,,,,,,,,,,,,,,,,,,,,,,,,ZTF18acwwqdf
2458511.9566204,1,757456620915,20.478200912475586,/ztf/archive/sci/2019/0128/456609/ztf_20190128456609_000861_zg_c03_o_q2_scimrefdiffimg.fits.fz,Kulkarni,1,757,9,861,26.22330093383789,1.7906799257616512e-05,0.03123589977622032,-0.08698949962854385,2.5118299163295887e-05,t15_f5_c3,7.5745662091501e+17,f,0.0,1413.030029296875,86.77449798583984,175.070881,74.4653501,20.140300750732422,0.20455700159072876,1.089609980583191,20.471599578857422,0.385699987411499,0.11802200227975845,18.385000228881836,0.010999999940395355,0.3160000145435333,-0.003000000026077032,-0.8206539750099182,0.331292986869812,2.2300000190734863,0.7129999995231628,86.77449798583984,0.006599999964237213,1.143720030784607,0.7360000014305115,0.5040000081062317,0.33004501461982727,0.22600899636745453,1.460319995880127,6.0,0.0,0.7785710096359253,0.8493160009384155,20.14780044555664,0.3650999963283539,175.0709546,74.4653219,7.252,ZTF18acwwqdf
2458514.9153588,2,760415350915,18.843000411987305,/ztf/archive/sci/2019/0131/415324/ztf_20190131415324_000861_zr_c03_o_q2_scimrefdiffimg.fits.fz,Kulkarni,1,760,9,861,24.88909912109375,4.1387000237591565e-05,0.04729079827666283,0.10261599719524384,5.7756900787353516e-05,t15_f5_c3,,,,,,,,,,,,,,,,,,,,,,,,,,,,,,,,,,,,,,,ZTF18acwwqdf
2458514.9479398,1,760447930915,17.133399963378906,/ztf/archive/sci/2019/0131/447940/ztf_20190131447940_000861_zg_c03_o_q2_scimrefdiffimg.fits.fz,Kulkarni,1,760,9,861,23.13640022277832,0.0023649900685995817,0.075273796916008,-0.29568299651145935,0.007542070001363754,t15_f5_c3,,,,,,,,,,,,,,,,,,,,,,,,,,,,,,,,,,,,,,,ZTF18acwwqdf
2458524.9487963,2,770448790915,20.427799224853516,/ztf/archive/sci/2019/0210/448750/ztf_20190210448750_000861_zr_c03_o_q2_scimrefdiffimg.fits.fz,Kulkarni,1,770,9,861,26.163000106811523,9.991659680963494e-06,0.023749399930238724,0.10333000123500824,1.4075199942453764e-05,t15_f5_c3,,,,,,,,,,,,,,,,,,,,,,,,,,,,,,,,,,,,,,,ZTF18acwwqdf
2458534.7642477,1,780264240915,19.141000747680664,/ztf/archive/sci/2019/0220/264144/ztf_20190220264144_000861_zg_c03_o_q2_scimrefdiffimg.fits.fz,Kulkarni,2,780,9,861,26.202199935913086,4.0710001485422254e-05,0.03970250114798546,-0.049892399460077286,7.583440310554579e-05,t15_f5_c3,,,,,,,,,,,,,,,,,,,,,,,,,,,,,,,,,,,,,,,ZTF18acwwqdf
2458534.7858796,1,780285870915,19.18950080871582,/ztf/archive/sci/2019/0220/285868/ztf_20190220285868_000861_zg_c03_o_q2_scimrefdiffimg.fits.fz,Kulkarni,2,780,9,861,26.2106990814209,3.807929897448048e-05,0.03871839866042137,-0.041887398809194565,6.906960334163159e-05,t15_f5_c3,,,,,,,,,,,,,,,,,,,,,,,,,,,,,,,,,,,,,,,ZTF18acwwqdf
2458534.7949653,1,780294960915,19.217199325561523,/ztf/archive/sci/2019/0220/294907/ztf_20190220294907_000861_zg_c03_o_q2_scimrefdiffimg.fits.fz,Kulkarni,1,780,9,861,26.204099655151367,3.396909960429184e-05,0.036397501826286316,-0.03103259950876236,6.229970313142985e-05,t15_f5_c3,,,,,,,,,,,,,,,,,,,,,,,,,,,,,,,,,,,,,,,ZTF18acwwqdf
2458534.7964468,1,780296440915,19.28059959411621,/ztf/archive/sci/2019/0220/296435/ztf_20190220296435_000861_zg_c03_o_q2_scimrefdiffimg.fits.fz,Kulkarni,2,780,9,861,26.190200805664062,3.14801000058651e-05,0.036069199442863464,-0.034014198929071426,5.620389856630936e-05,t15_f5_c3,,,,,,,,,,,,,,,,,,,,,,,,,,,,,,,,,,,,,,,ZTF18acwwqdf
2458534.847963,2,780347960915,19.4822998046875,/ztf/archive/sci/2019/0220/347905/ztf_20190220347905_000861_zr_c03_o_q2_scimrefdiffimg.fits.fz,Kulkarni,2,780,9,861,26.141599655151367,1.8558899682830088e-05,0.03222120180726051,0.1172190010547638,2.6237899874104187e-05,t15_f5_c3,,,,,,,,,,,,,,,,,,,,,,,,,,,,,,,,,,,,,,,ZTF18acwwqdf
2458534.8642824,2,780364280915,19.265199661254883,/ztf/archive/sci/2019/0220/364248/ztf_20190220364248_000861_zr_c03_o_q2_scimrefdiffimg.fits.fz,Kulkarni,2,780,9,861,26.14459991455078,2.405479972367175e-05,0.03662709891796112,0.1124730035662651,3.4148401027778164e-05,t15_f5_c3,,,,,,,,,,,,,,,,,,,,,,,,,,,,,,,,,,,,,,,ZTF18acwwqdf
2458534.886088,2,780386080915,19.387500762939453,/ztf/archive/sci/2019/0220/386076/ztf_20190220386076_000861_zr_c03_o_q2_scimrefdiffimg.fits.fz,Kulkarni,2,780,9,861,26.127399444580078,2.3206199330161326e-05,0.03597719967365265,0.11871100217103958,3.272969843237661e-05,t15_f5_c3,,,,,,,,,,,,,,,,,,,,,,,,,,,,,,,,,,,,,,,ZTF18acwwqdf
2458534.8870023,2,780387000915,19.386699676513672,/ztf/archive/sci/2019/0220/386991/ztf_20190220386991_000861_zr_c03_o_q2_scimrefdiffimg.fits.fz,Kulkarni,1,780,9,861,26.138700485229492,2.6119299946003594e-05,0.03820880129933357,0.11849600076675415,3.688119977596216e-05,t15_f5_c3,,,,,,,,,,,,,,,,,,,,,,,,,,,,,,,,,,,,,,,ZTF18acwwqdf
2458538.7209144,2,784220910915,17.312400817871094,/ztf/archive/sci/2019/0224/220880/ztf_20190224220880_000861_zr_c03_o_q2_scimrefdiffimg.fits.fz,Kulkarni,1,784,9,861,23.792200088500977,0.00018240099598187953,0.06123749911785126,0.09000919759273529,0.000304976012557745,t15_f5_c3,,,,,,,,,,,,,,,,,,,,,,,,,,,,,,,,,,,,,,,ZTF18acwwqdf
2458538.7218287,2,784221820915,17.30430030822754,/ztf/archive/sci/2019/0224/221817/ztf_20190224221817_000861_zr_c03_o_q2_scimrefdiffimg.fits.fz,Kulkarni,2,784,9,861,23.743499755859375,0.00016343400056939572,0.05969750136137009,0.10362300276756287,0.00026991800405085087,t15_f5_c3,,,,,,,,,,,,,,,,,,,,,,,,,,,,,,,,,,,,,,,ZTF18acwwqdf
2458538.806412,1,784306410915,18.896299362182617,/ztf/archive/sci/2019/0224/306412/ztf_20190224306412_000861_zg_c03_o_q2_scimrefdiffimg.fits.fz,Kulkarni,2,784,9,861,25.200700759887695,4.8259498726110905e-05,0.04072370007634163,-0.10124699771404266,9.331400360679254e-05,t15_f5_c3,,,,,,,,,,,,,,,,,,,,,,,,,,,,,,,,,,,,,,,ZTF18acwwqdf
2458538.8252083,1,784325200915,19.018800735473633,/ztf/archive/sci/2019/0224/325174/ztf_20190224325174_000861_zg_c03_o_q2_scimrefdiffimg.fits.fz,Kulkarni,1,784,9,861,25.398500442504883,5.846239946549758e-05,0.047800298780202866,-0.11166299879550934,0.00010784000187413767,t15_f5_c3,,,,,,,,,,,,,,,,,,,,,,,,,,,,,,,,,,,,,,,ZTF18acwwqdf
2458538.8261111,1,784326110915,19.2992000579834,/ztf/archive/sci/2019/0224/326111/ztf_20190224326111_000861_zg_c03_o_q2_scimrefdiffimg.fits.fz,Kulkarni,2,784,9,861,25.573299407958984,4.48317987320479e-05,0.04443550109863281,-0.11122000217437744,7.86337986937724e-05,t15_f5_c3,,,,,,,,,,,,,,,,,,,,,,,,,,,,,,,,,,,,,,,ZTF18acwwqdf
2458538.849838,2,784349830915,18.600299835205078,/ztf/archive/sci/2019/0224/349757/ztf_20190224349757_000861_zr_c03_o_q2_scimrefdiffimg.fits.fz,Kulkarni,2,784,9,861,25.083599090576172,5.1626699132611975e-05,0.0484904982149601,0.10905499756336212,7.336550334002823e-05,t15_f5_c3,,,,,,,,,,,,,,,,,,,,,,,,,,,,,,,,,,,,,,,ZTF18acwwqdf
2458538.8648032,2,784364800915,18.274799346923828,/ztf/archive/sci/2019/0224/364664/ztf_20190224364664_000861_zr_c03_o_q2_scimrefdiffimg.fits.fz,Kulkarni,2,784,9,861,24.871700286865234,0.00012278600479476154,0.0705970972776413,0.1313530057668686,0.00017609600035939366,t15_f5_c3,,,,,,,,,,,,,,,,,,,,,,,,,,,,,,,,,,,,,,,ZTF18acwwqdf
2458538.9072454,1,784407240915,18.497499465942383,/ztf/archive/sci/2019/0224/407188/ztf_20190224407188_000861_zg_c03_o_q2_scimrefdiffimg.fits.fz,Kulkarni,2,784,9,861,25.203899383544922,6.117489829193801e-05,0.03756109997630119,-0.12280700355768204,0.000129955995362252,t15_f5_c3,,,,,,,,,,,,,,,,,,,,,,,,,,,,,,,,,,,,,,,ZTF18acwwqdf
2458539.7357755,1,785235770915,20.442699432373047,/ztf/archive/sci/2019/0225/235764/ztf_20190225235764_000861_zg_c03_o_q2_scimrefdiffimg.fits.fz,Kulkarni,2,785,9,861,26.13759994506836,2.121780016750563e-05,0.034555401653051376,-0.07370100170373917,3.0413699278142303e-05,t15_f5_c3,,,,,,,,,,,,,,,,,,,,,,,,,,,,,,,,,,,,,,,ZTF18acwwqdf
2458539.7605324,1,785260530915,18.03459930419922,/ztf/archive/sci/2019/0225/259965/ztf_20190225259965_000861_zg_c03_o_q2_scimrefdiffimg.fits.fz,Kulkarni,2,785,9,861,24.15719985961914,0.00021656800527125597,0.05373549833893776,-0.14255699515342712,0.0005236809956841171,t15_f5_c3,,,,,,,,,,,,,,,,,,,,,,,,,,,,,,,,,,,,,,,ZTF18acwwqdf
2458539.7814583,1,785281450915,18.072900772094727,/ztf/archive/sci/2019/0225/281447/ztf_20190225281447_000861_zg_c03_o_q2_scimrefdiffimg.fits.fz,Kulkarni,2,785,9,861,24.103099822998047,0.0003516770084388554,0.0806036964058876,-0.12127400189638138,0.0007691470091231167,t15_f5_c3,,,,,,,,,,,,,,,,,,,,,,,,,,,,,,,,,,,,,,,ZTF18acwwqdf
2458539.8070949,2,785307090915,19.414400100708008,/ztf/archive/sci/2019/0225/307083/ztf_20190225307083_000861_zr_c03_o_q2_scimrefdiffimg.fits.fz,Kulkarni,2,785,9,861,25.39349937438965,4.7496698243776336e-05,0.051595401018857956,0.09703630208969116,6.653620221186429e-05,t15_f5_c3,,,,,,,,,,,,,,,,,,,,,,,,,,,,,,,,,,,,,,,ZTF18acwwqdf
2458539.8233565,2,785323350915,17.662599563598633,/ztf/archive/sci/2019/0225/323310/ztf_20190225323310_000861_zr_c03_o_q2_scimrefdiffimg.fits.fz,Kulkarni,2,785,9,861,23.83099937438965,0.0001220760022988543,0.056905798614025116,0.09378460049629211,0.00019425600476097316,t15_f5_c3,,,,,,,,,,,,,,,,,,,,,,,,,,,,,,,,,,,,,,,ZTF18acwwqdf
2458539.8419792,2,785341970915,19.80699920654297,/ztf/archive/sci/2019/0225/341979/ztf_20190225341979_000861_zr_c03_o_q2_scimrefdiffimg.fits.fz,Kulkarni,2,785,9,861,25.814199447631836,1.691149918769952e-05,0.030873699113726616,0.0998682975769043,2.377860073465854e-05,t15_f5_c3,,,,,,,,,,,,,,,,,,,,,,,,,,,,,,,,,,,,,,,ZTF18acwwqdf
2458540.771956,2,786271950915,20.158300399780273,/ztf/archive/sci/2019/0226/271898/ztf_20190226271898_000861_zr_c03_o_q2_scimrefdiffimg.fits.fz,Kulkarni,2,786,9,861,26.11240005493164,1.1779599844885524e-05,0.025792600587010384,0.07223830372095108,1.6616000721114688e-05,t15_f5_c3,,,,,,,,,,,,,,,,,,,,,,,,,,,,,,,,,,,,,,,ZTF18acwwqdf
2458540.8268519,2,786326850915,19.93269920349121,/ztf/archive/sci/2019/0226/326794/ztf_20190226326794_000861_zr_c03_o_q2_scimrefdiffimg.fits.fz,Kulkarni,2,786,9,861,25.877599716186523,1.5260100553859957e-05,0.029158199205994606,0.07178810238838196,2.136429975507781e-05,t15_f5_c3,,,,,,,,,,,,,,,,,,,,,,,,,,,,,,,,,,,,,,,ZTF18acwwqdf
2458540.8499074,2,786349900915,20.388900756835938,/ztf/archive/sci/2019/0226/349896/ztf_20190226349896_000861_zr_c03_o_q2_scimrefdiffimg.fits.fz,Kulkarni,2,786,9,861,26.167800903320312,1.166970014310209e-05,0.02545510046184063,0.07754070311784744,1.6302599760820158e-05,t15_f5_c3,,,,,,,,,,,,,,,,,,,,,,,,,,,,,,,,,,,,,,,ZTF18acwwqdf
2458540.8669676,1,786366960915,20.433399200439453,/ztf/archive/sci/2019/0226/366887/ztf_20190226366887_000861_zg_c03_o_q2_scimrefdiffimg.fits.fz,Kulkarni,2,786,9,861,26.34779930114746,2.8752499929396436e-05,0.03958800062537193,-0.16651000082492828,4.142949910601601e-05,t15_f5_c3,7.8636696091501e+17,f,0.0,1400.0,124.75599670410156,175.0706564,74.4653617,20.306800842285156,0.20926499366760254,1.6439399719238281,20.108999252319336,0.218299999833107,0.3114370107650757,18.385000228881836,0.010999999940395355,0.3160000145435333,-0.003000000026077032,-0.46522799134254456,-0.19780799746513367,2.3499999046325684,0.4259999990463257,124.75599670410156,0.32436901330947876,1.4419000148773193,1.2020000219345093,0.8539999723434448,0.5114889740943909,0.3634040057659149,1.4074900150299072,4.0,0.0,0.6871430277824402,0.9800829887390137,20.18280029296875,0.2973000109195709,175.0709546,74.4653219,5.83135,ZTF18acwwqdf
2458540.8816667,1,786381660915,20.232099533081055,/ztf/archive/sci/2019/0226/381655/ztf_20190226381655_000861_zg_c03_o_q2_scimrefdiffimg.fits.fz,Kulkarni,2,786,9,861,26.319900512695312,2.9081900720484555e-05,0.03943679854273796,-0.1630219966173172,4.3313499190844595e-05,t15_f5_c3,7.8638166091501e+17,f,0.0,1409.760009765625,124.02400207519531,175.0716321,74.4652475,20.41189956665039,0.23831400275230408,1.1983699798583984,20.152599334716797,0.25429999828338623,0.7022299766540527,18.385000228881836,0.010999999940395355,0.3160000145435333,-0.003000000026077032,-0.34457001090049744,-0.25930699706077576,1.8148200511932373,0.35899999737739563,124.02400207519531,0.07949099689722061,2.0,1.128000020980835,0.9890000224113464,0.6215490102767944,0.5449579954147339,1.1405500173568726,3.0,0.0,0.7657139897346497,1.0,20.19860076904297,0.337799996137619,175.0709546,74.4653219,5.30866,ZTF18acwwqdf
2458540.9024306,1,786402430915,19.23740005493164,/ztf/archive/sci/2019/0226/402419/ztf_20190226402419_000861_zg_c03_o_q2_scimrefdiffimg.fits.fz,Kulkarni,2,786,9,861,25.530000686645508,7.127570279408246e-05,0.052802398800849915,-0.13944199681282043,0.00013208200107328594,t15_f5_c3,,,,,,,,,,,,,,,,,,,,,,,,,,,,,,,,,,,,,,,ZTF18acwwqdf
2458541.7397222,1,787239720915,20.076400756835938,/ztf/archive/sci/2019/0227/239595/ztf_20190227239595_000861_zg_c03_o_q2_scimrefdiffimg.fits.fz,Kulkarni,2,787,9,861,26.069700241088867,3.8453101296909153e-05,0.04420189931988716,-0.13680599629878998,5.9749399952124804e-05,t15_f5_c3,7.8723972091501e+17,f,0.0,1398.06005859375,91.85459899902344,175.0711875,74.4652799,19.996700286865234,0.2070769965648651,1.2645800113677979,20.103900909423828,0.27379998564720154,0.2648569941520691,18.385000228881836,0.010999999940395355,0.3160000145435333,-0.003000000026077032,-0.2213129997253418,0.10720500349998474,3.690000057220459,0.5,91.85459899902344,-0.027528999373316765,1.0074000358581543,1.2879999876022339,1.003000020980835,0.34905099868774414,0.2718159854412079,1.2841500043869019,1.0,0.0,0.607142984867096,1.0,20.2091007232666,0.38449999690055847,175.0709546,74.4653219,7.61272,ZTF18acwwqdf
2458541.7408218,1,787240820915,19.603599548339844,/ztf/archive/sci/2019/0227/240729/ztf_20190227240729_000861_zg_c03_o_q2_scimrefdiffimg.fits.fz,Kulkarni,1,787,9,861,25.651199340820312,5.545519888983108e-05,0.04951779916882515,-0.1276089996099472,9.271199814975262e-05,t15_f5_c3,,,,,,,,,,,,,,,,,,,,,,,,,,,,,,,,,,,,,,,ZTF18acwwqdf
2458541.7660995,1,787266090915,19.835100173950195,/ztf/archive/sci/2019/0227/266053/ztf_20190227266053_000861_zg_c03_o_q2_scimrefdiffimg.fits.fz,Kulkarni,2,787,9,861,25.59119987487793,3.264849874540232e-05,0.040381401777267456,-0.060944899916648865,5.205610068514943e-05,t15_f5_c3,7.8726609091501e+17,f,0.0,1395.219970703125,92.96199798583984,175.0709823,74.4652766,19.847200393676758,0.23190400004386902,1.378980040550232,20.40130043029785,0.5978999733924866,0.16353799402713776,18.385000228881836,0.010999999940395355,0.3160000145435333,-0.003000000026077032,-0.49514898657798767,0.5540630221366882,2.5899999141693115,0.6000000238418579,92.96199798583984,-0.566182017326355,1.0690900087356567,0.5920000076293945,0.5879999995231628,0.22857099771499634,0.22702699899673462,1.0068000555038452,9.0,0.0,0.6514289975166321,0.7756590247154236,19.815500259399414,0.4462999999523163,175.0709546,74.4653219,7.03481,ZTF18acwwqdf
2458543.7502315,2,789250230915,19.842599868774414,/ztf/archive/sci/2019/0301/250185/ztf_20190301250185_000861_zr_c03_o_q2_scimrefdiffimg.fits.fz,Kulkarni,2,789,9,861,25.83329963684082,1.4207899766915943e-05,0.027943100780248642,0.09858740121126175,1.9815899577224627e-05,t15_f5_c3,,,,,,,,,,,,,,,,,,,,,,,,,,,,,,,,,,,,,,,ZTF18acwwqdf
2458543.7570949,2,789257090915,19.52549934387207,/ztf/archive/sci/2019/0301/257083/ztf_20190301257083_000861_zr_c03_o_q2_scimrefdiffimg.fits.fz,Kulkarni,2,789,9,861,25.570199966430664,1.935560067067854e-05,0.032534901052713394,0.1043040007352829,2.700810000533238e-05,t15_f5_c3,,,,,,,,,,,,,,,,,,,,,,,,,,,,,,,,,,,,,,,ZTF18acwwqdf
2458543.786713,1,789286710915,18.69890022277832,/ztf/archive/sci/2019/0301/286713/ztf_20190301286713_000861_zg_c03_o_q2_scimrefdiffimg.fits.fz,Kulkarni,2,789,9,861,24.4601993560791,0.0001757360005285591,0.07086089998483658,-0.051609400659799576,0.00033758499193936586,t15_f5_c3,,,,,,,,,,,,,,,,,,,,,,,,,,,,,,,,,,,,,,,ZTF18acwwqdf
2458543.8058565,1,789305850915,20.627199172973633,/ztf/archive/sci/2019/0301/305856/ztf_20190301305856_000861_zg_c03_o_q2_scimrefdiffimg.fits.fz,Kulkarni,2,789,9,861,26.077600479125977,2.2969299607211724e-05,0.035447098314762115,-0.07305389642715454,3.213819945813157e-05,t15_f5_c3,7.8930585091501e+17,f,0.0,1413.780029296875,94.2323989868164,175.0708655,74.4652316,19.825599670410156,0.178724005818367,1.1046799421310425,19.91790008544922,0.18230000138282776,0.33289799094200134,18.385000228881836,0.010999999940395355,0.3160000145435333,-0.003000000026077032,-0.38063299655914307,0.0923129990696907,2.859999895095825,0.9390000104904175,94.2323989868164,0.7093470096588135,1.011080026626587,0.9330000281333923,0.6850000023841858,0.3262239992618561,0.23950999975204468,1.3620400428771973,1.0,0.0,0.692857027053833,1.0,19.774599075317383,0.20229999721050262,175.0709546,74.4653219,11.6744,ZTF18acwwqdf
2458543.8490856,2,789349080915,20.042200088500977,/ztf/archive/sci/2019/0301/349016/ztf_20190301349016_000861_zr_c03_o_q2_scimrefdiffimg.fits.fz,Kulkarni,2,789,9,861,25.79400062561035,1.2338799933786504e-05,0.026086000725626945,0.09686390310525894,1.728790084598586e-05,t15_f5_c3,,,,,,,,,,,,,,,,,,,,,,,,,,,,,,,,,,,,,,,ZTF18acwwqdf
2458546.7471181,1,792247110915,19.533599853515625,/ztf/archive/sci/2019/0304/247118/ztf_20190304247118_000861_zg_c03_o_q2_scimrefdiffimg.fits.fz,Kulkarni,2,792,9,861,25.49020004272461,5.5935201089596376e-05,0.047330599278211594,-0.04534149914979935,0.00010127099812962115,t15_f5_c3,,,,,,,,,,,,,,,,,,,,,,,,,,,,,,,,,,,,,,,ZTF18acwwqdf
2458547.699838,2,793199830915,20.18429946899414,/ztf/archive/sci/2019/0305/199838/ztf_20190305199838_000861_zr_c03_o_q2_scimrefdiffimg.fits.fz,Kulkarni,2,793,9,861,26.144500732421875,1.2460500329325441e-05,0.026033300906419754,0.10570500046014786,1.73462995007867e-05,t15_f5_c3,,,,,,,,,,,,,,,,,,,,,,,,,,,,,,,,,,,,,,,ZTF18acwwqdf
2458547.8050347,2,793305030915,20.521099090576172,/ztf/archive/sci/2019/0305/305035/ztf_20190305305035_000861_zr_c03_o_q2_scimrefdiffimg.fits.fz,Kulkarni,2,793,9,861,26.17259979248047,8.28830980026396e-06,0.02147579938173294,0.09969019889831543,1.1614100003498606e-05,t15_f5_c3,,,,,,,,,,,,,,,,,,,,,,,,,,,,,,,,,,,,,,,ZTF18acwwqdf
2458547.8221296,1,793322120915,20.689800262451172,/ztf/archive/sci/2019/0305/322130/ztf_20190305322130_000861_zg_c03_o_q2_scimrefdiffimg.fits.fz,Kulkarni,2,793,9,861,26.233800888061523,1.666979915171396e-05,0.030486099421977997,-0.05520639941096306,2.361229962843936e-05,t15_f5_c3,7.9332212091501e+17,0,0.0,1408.8599853515625,115.4209976196289,175.0709594,74.4653109,19.84480094909668,0.16868500411510468,1.685379981994629,20.21980094909668,0.2295999974012375,0.039785999804735184,18.385000228881836,0.010999999940395355,0.3160000145435333,-0.003000000026077032,-0.39925599098205566,0.3749710023403168,2.490000009536743,0.906000018119812,115.4209976196289,0.47000399231910706,1.1436400413513184,0.6779999732971191,0.6629999876022339,0.2722890079021454,0.26626500487327576,1.0226199626922607,8.0,0.0,0.7614290118217468,0.9470409750938416,20.281999588012695,0.30809998512268066,175.0709546,74.4653219,12.4924,ZTF18acwwqdf
2458547.8221296,1,793322120915,20.689800262451172,/ztf/archive/sci/2019/0305/322130/ztf_20190305322130_000861_zg_c03_o_q2_scimrefdiffimg.fits.fz,Kulkarni,2,793,9,861,26.233800888061523,1.666979915171396e-05,0.030486099421977997,-0.05520639941096306,2.361229962843936e-05,t15_f5_c3,7.9332212091501e+17,f,0.0,1408.8599853515625,115.4209976196289,175.0709594,74.4653109,19.84480094909668,0.16868500411510468,1.685379981994629,20.21980094909668,0.2295999974012375,0.039785999804735184,18.385000228881836,0.010999999940395355,0.3160000145435333,-0.003000000026077032,-0.39925599098205566,0.3749710023403168,2.490000009536743,0.906000018119812,115.4209976196289,0.47000399231910706,1.1436400413513184,0.6779999732971191,0.6629999876022339,0.2722890079021454,0.26626500487327576,1.0226199626922607,8.0,0.0,0.7614290118217468,0.9470409750938416,20.281999588012695,0.30809998512268066,175.0709546,74.4653219,12.4924,ZTF18acwwqdf
2458547.8490856,1,793349080915,20.71739959716797,/ztf/archive/sci/2019/0305/348993/ztf_20190305348993_000861_zg_c03_o_q2_scimrefdiffimg.fits.fz,Kulkarni,2,793,9,861,26.222200393676758,1.2223799785715528e-05,0.026146400719881058,-0.04273670166730881,1.7416299670003355e-05,t15_f5_c3,7.9334908091501e+17,f,1.0,1430.4200439453125,119.69200134277344,175.0710994,74.4652247,20.013200759887695,0.17034700512886047,1.6478500366210938,20.236299514770508,0.23360000550746918,0.37512800097465515,18.385000228881836,0.010999999940395355,0.3160000145435333,-0.003000000026077032,-0.17063799500465393,0.22312000393867493,2.6500000953674316,0.8560000061988831,119.69200134277344,0.48114100098609924,1.047469973564148,0.75,0.6110000014305115,0.2830190062522888,0.23056599497795105,1.2274999618530273,5.0,0.0,0.8557140231132507,0.9587050080299377,20.21299934387207,0.2896000146865845,175.0709546,74.4653219,10.2891,ZTF18acwwqdf
2458548.003588,2,793503580915,20.381999969482422,/ztf/archive/sci/2019/0305/503449/ztf_20190305503449_000861_zr_c03_o_q2_scimrefdiffimg.fits.fz,Kulkarni,2,793,9,861,26.156299591064453,9.128970305027906e-06,0.02232459932565689,0.10335999727249146,1.270929988095304e-05,t15_f5_c3,,,,,,,,,,,,,,,,,,,,,,,,,,,,,,,,,,,,,,,ZTF18acwwqdf
2458556.6990972,2,802199090915,19.603700637817383,/ztf/archive/sci/2019/0314/199097/ztf_20190314199097_000861_zr_c03_o_q2_scimrefdiffimg.fits.fz,Kulkarni,2,802,9,861,26.130599975585938,2.5446299332543276e-05,0.03727789968252182,0.11104000359773636,3.59168006980326e-05,t15_f5_c3,,,,,,,,,,,,,,,,,,,,,,,,,,,,,,,,,,,,,,,ZTF18acwwqdf
2458556.7187384,2,802218730915,19.944000244140625,/ztf/archive/sci/2019/0314/218669/ztf_20190314218669_000861_zr_c03_o_q2_scimrefdiffimg.fits.fz,Kulkarni,2,802,9,861,26.16200065612793,1.1811999684141483e-05,0.025758199393749237,0.08585590124130249,1.6684200090821832e-05,t15_f5_c3,,,,,,,,,,,,,,,,,,,,,,,,,,,,,,,,,,,,,,,ZTF18acwwqdf
2458556.7196412,2,802219640915,20.058900833129883,/ztf/archive/sci/2019/0314/219641/ztf_20190314219641_000861_zr_c03_o_q2_scimrefdiffimg.fits.fz,Kulkarni,1,802,9,861,26.135000228881836,1.2535099813248962e-05,0.02655700035393238,0.10860999673604965,1.7630000002100132e-05,t15_f5_c3,,,,,,,,,,,,,,,,,,,,,,,,,,,,,,,,,,,,,,,ZTF18acwwqdf
2458556.8494907,1,802349490915,19.88680076599121,/ztf/archive/sci/2019/0314/349491/ztf_20190314349491_000861_zg_c03_o_q2_scimrefdiffimg.fits.fz,Kulkarni,2,802,9,861,26.238100051879883,4.5102999138180166e-05,0.04498149827122688,-0.05036430060863495,7.610949978698045e-05,t15_f5_c3,8.0234949091502e+17,f,0.0,1394.0899658203125,110.375,175.0714639,74.4652383,19.70210075378418,0.23500700294971466,1.194849967956543,19.922399520874023,0.22269999980926514,0.5569490194320679,18.385000228881836,0.010999999940395355,0.3160000145435333,-0.003000000026077032,-0.06805799901485443,0.22029699385166168,3.890000104904175,0.5080000162124634,110.375,-0.03558500111103058,1.181380033493042,1.2949999570846558,1.0700000524520874,0.33290499448776245,0.27506399154663086,1.210279941558838,2.0,0.0,0.5614290237426758,1.0,19.54290008544922,0.20059999823570251,175.0709546,74.4653219,7.30016,ZTF18acwwqdf
2458557.7191667,2,803219160915,19.503700256347656,/ztf/archive/sci/2019/0315/219005/ztf_20190315219005_000861_zr_c03_o_q2_scimrefdiffimg.fits.fz,Kulkarni,2,803,9,861,26.14780044555664,2.3845799660193734e-05,0.03624669834971428,0.10707099735736847,3.368379839230329e-05,t15_f5_c3,,,,,,,,,,,,,,,,,,,,,,,,,,,,,,,,,,,,,,,ZTF18acwwqdf
2458557.7459144,2,803245910915,19.670499801635742,/ztf/archive/sci/2019/0315/245822/ztf_20190315245822_000861_zr_c03_o_q2_scimrefdiffimg.fits.fz,Kulkarni,2,803,9,861,26.15730094909668,1.9820699890260585e-05,0.033355601131916046,0.1047229990363121,2.7949899958912283e-05,t15_f5_c3,,,,,,,,,,,,,,,,,,,,,,,,,,,,,,,,,,,,,,,ZTF18acwwqdf
2458557.7585532,2,803258550915,19.444299697875977,/ztf/archive/sci/2019/0315/258519/ztf_20190315258519_000861_zr_c03_o_q2_scimrefdiffimg.fits.fz,Kulkarni,2,803,9,861,26.162900924682617,3.0510700526065193e-05,0.0405007004737854,0.09844820201396942,4.3261999962851405e-05,t15_f5_c3,,,,,,,,,,,,,,,,,,,,,,,,,,,,,,,,,,,,,,,ZTF18acwwqdf
2458557.8224769,1,803322470915,19.677900314331055,/ztf/archive/sci/2019/0315/322465/ztf_20190315322465_000861_zg_c03_o_q2_scimrefdiffimg.fits.fz,Kulkarni,2,803,9,861,26.241100311279297,3.9013000787235796e-05,0.04172259941697121,-0.05321190133690834,6.711100286338478e-05,t15_f5_c3,,,,,,,,,,,,,,,,,,,,,,,,,,,,,,,,,,,,,,,ZTF18acwwqdf
2458558.7731829,2,804273180915,19.342199325561523,/ztf/archive/sci/2019/0316/273183/ztf_20190316273183_000861_zr_c03_o_q2_scimrefdiffimg.fits.fz,Kulkarni,2,804,9,861,26.181400299072266,2.3531900296802633e-05,0.03595200181007385,0.07584349811077118,3.355149965500459e-05,t15_f5_c3,,,,,,,,,,,,,,,,,,,,,,,,,,,,,,,,,,,,,,,ZTF18acwwqdf
2458558.7942361,2,804294230915,19.809200286865234,/ztf/archive/sci/2019/0316/294236/ztf_20190316294236_000861_zr_c03_o_q2_scimrefdiffimg.fits.fz,Kulkarni,2,804,9,861,26.153200149536133,1.6972100638668053e-05,0.030685199424624443,0.10916999727487564,2.388130087638274e-05,t15_f5_c3,,,,,,,,,,,,,,,,,,,,,,,,,,,,,,,,,,,,,,,ZTF18acwwqdf
2458558.8209722,2,804320970915,19.649599075317383,/ztf/archive/sci/2019/0316/320938/ztf_20190316320938_000861_zr_c03_o_q2_scimrefdiffimg.fits.fz,Kulkarni,2,804,9,861,26.166000366210938,2.9492899557226337e-05,0.040657199919223785,0.10800399631261826,4.137189898756333e-05,t15_f5_c3,,,,,,,,,,,,,,,,,,,,,,,,,,,,,,,,,,,,,,,ZTF18acwwqdf
2458558.8872917,1,804387290915,19.4685001373291,/ztf/archive/sci/2019/0316/387245/ztf_20190316387245_000861_zg_c03_o_q2_scimrefdiffimg.fits.fz,Kulkarni,2,804,9,861,26.31439971923828,5.0639300752663985e-05,0.04344629868865013,-0.14976899325847626,9.790449985302985e-05,t15_f5_c3,,,,,,,,,,,,,,,,,,,,,,,,,,,,,,,,,,,,,,,ZTF18acwwqdf
2458558.9135532,1,804413550915,19.36949920654297,/ztf/archive/sci/2019/0316/413553/ztf_20190316413553_000861_zg_c03_o_q2_scimrefdiffimg.fits.fz,Kulkarni,2,804,9,861,26.29680061340332,6.25550965196453e-05,0.04211600124835968,-0.1311040073633194,0.0001303080061916262,t15_f5_c3,,,,,,,,,,,,,,,,,,,,,,,,,,,,,,,,,,,,,,,ZTF18acwwqdf
2458558.9297685,1,804429760915,19.576000213623047,/ztf/archive/sci/2019/0316/429769/ztf_20190316429769_000861_zg_c03_o_q2_scimrefdiffimg.fits.fz,Kulkarni,2,804,9,861,26.30150032043457,4.765690027852543e-05,0.04291699826717377,-0.14589199423789978,8.904599962988868e-05,t15_f5_c3,,,,,,,,,,,,,,,,,,,,,,,,,,,,,,,,,,,,,,,ZTF18acwwqdf
2458559.715,2,805214990915,19.854700088500977,/ztf/archive/sci/2019/0317/214942/ztf_20190317214942_000861_zr_c03_o_q2_scimrefdiffimg.fits.fz,Kulkarni,1,805,9,861,26.13800048828125,1.3091300388623495e-05,0.027010999619960785,0.10454300045967102,1.840190088842064e-05,t15_f5_c3,,,,,,,,,,,,,,,,,,,,,,,,,,,,,,,,,,,,,,,ZTF18acwwqdf
2458559.7159838,2,805215980915,19.87660026550293,/ztf/archive/sci/2019/0317/215949/ztf_20190317215949_000861_zr_c03_o_q2_scimrefdiffimg.fits.fz,Kulkarni,2,805,9,861,26.136699676513672,1.4875199667585548e-05,0.028981400653719902,0.1073250025510788,2.094629962812178e-05,t15_f5_c3,,,,,,,,,,,,,,,,,,,,,,,,,,,,,,,,,,,,,,,ZTF18acwwqdf
2458559.7364931,2,805236490915,19.908100128173828,/ztf/archive/sci/2019/0317/236493/ztf_20190317236493_000861_zr_c03_o_q2_scimrefdiffimg.fits.fz,Kulkarni,2,805,9,861,26.14349937438965,1.3343200407689437e-05,0.027434000745415688,0.10232499986886978,1.8774600903270766e-05,t15_f5_c3,,,,,,,,,,,,,,,,,,,,,,,,,,,,,,,,,,,,,,,ZTF18acwwqdf
2458559.7793287,2,805279320915,19.83639907836914,/ztf/archive/sci/2019/0317/279329/ztf_20190317279329_000861_zr_c03_o_q2_scimrefdiffimg.fits.fz,Kulkarni,2,805,9,861,26.14189910888672,1.440639971406199e-05,0.02845039963722229,0.1051120012998581,2.024549939960707e-05,t15_f5_c3,,,,,,,,,,,,,,,,,,,,,,,,,,,,,,,,,,,,,,,ZTF18acwwqdf
2458559.8233218,1,805323320915,19.340599060058594,/ztf/archive/sci/2019/0317/323287/ztf_20190317323287_000861_zg_c03_o_q2_scimrefdiffimg.fits.fz,Kulkarni,2,805,9,861,26.324899673461914,5.778520062449388e-05,0.04322649911046028,-0.17049500346183777,0.0001193429998238571,t15_f5_c3,,,,,,,,,,,,,,,,,,,,,,,,,,,,,,,,,,,,,,,ZTF18acwwqdf
2458559.8242245,1,805324220915,19.263999938964844,/ztf/archive/sci/2019/0317/324225/ztf_20190317324225_000861_zg_c03_o_q2_scimrefdiffimg.fits.fz,Kulkarni,1,805,9,861,26.306400299072266,5.833239993080497e-05,0.04093720018863678,-0.15752699971199036,0.0001288759958697483,t15_f5_c3,,,,,,,,,,,,,,,,,,,,,,,,,,,,,,,,,,,,,,,ZTF18acwwqdf
2458559.8432292,1,805343220915,19.309099197387695,/ztf/archive/sci/2019/0317/343229/ztf_20190317343229_000861_zg_c03_o_q2_scimrefdiffimg.fits.fz,Kulkarni,2,805,9,861,26.305299758911133,5.019349919166416e-05,0.043162401765584946,-0.15776099264621735,9.679859795141965e-05,t15_f5_c3,,,,,,,,,,,,,,,,,,,,,,,,,,,,,,,,,,,,,,,ZTF18acwwqdf
2458560.6988773,1,806198870915,19.12070083618164,/ztf/archive/sci/2019/0318/198692/ztf_20190318198692_000861_zg_c03_o_q2_scimrefdiffimg.fits.fz,Kulkarni,2,806,9,861,26.31570053100586,6.727869913447648e-05,0.04500589892268181,-0.1582999974489212,0.00013767399650532752,t15_f5_c3,,,,,,,,,,,,,,,,,,,,,,,,,,,,,,,,,,,,,,,ZTF18acwwqdf
2458560.7166551,1,806216650915,19.08370018005371,/ztf/archive/sci/2019/0318/216644/ztf_20190318216644_000861_zg_c03_o_q2_scimrefdiffimg.fits.fz,Kulkarni,2,806,9,861,26.302000045776367,6.084820051910356e-05,0.04344230145215988,-0.13916100561618805,0.00011916200310224667,t15_f5_c3,,,,,,,,,,,,,,,,,,,,,,,,,,,,,,,,,,,,,,,ZTF18acwwqdf
2458560.746169,1,806246160915,19.128700256347656,/ztf/archive/sci/2019/0318/246157/ztf_20190318246157_000861_zg_c03_o_q2_scimrefdiffimg.fits.fz,Kulkarni,2,806,9,861,26.33340072631836,6.282550020841882e-05,0.04298359900712967,-0.16042199730873108,0.00012914900435134768,t15_f5_c3,,,,,,,,,,,,,,,,,,,,,,,,,,,,,,,,,,,,,,,ZTF18acwwqdf
2458560.8337037,2,806333700915,19.892099380493164,/ztf/archive/sci/2019/0318/333704/ztf_20190318333704_000861_zr_c03_o_q2_scimrefdiffimg.fits.fz,Kulkarni,2,806,9,861,26.17650032043457,1.2389599760354031e-05,0.026207000017166138,0.10727600008249283,1.7360800484311767e-05,t15_f5_c3,,,,,,,,,,,,,,,,,,,,,,,,,,,,,,,,,,,,,,,ZTF18acwwqdf
2458560.8466319,2,806346630915,19.86009979248047,/ztf/archive/sci/2019/0318/346574/ztf_20190318346574_000861_zr_c03_o_q2_scimrefdiffimg.fits.fz,Kulkarni,2,806,9,861,26.178600311279297,1.4620500223827548e-05,0.028495199978351593,0.10008099675178528,2.0537099771900102e-05,t15_f5_c3,,,,,,,,,,,,,,,,,,,,,,,,,,,,,,,,,,,,,,,ZTF18acwwqdf
2458560.866331,2,806366330915,19.89739990234375,/ztf/archive/sci/2019/0318/366331/ztf_20190318366331_000861_zr_c03_o_q2_scimrefdiffimg.fits.fz,Kulkarni,2,806,9,861,26.177799224853516,1.2831200365326367e-05,0.02671230025589466,0.10475999861955643,1.804349994927179e-05,t15_f5_c3,,,,,,,,,,,,,,,,,,,,,,,,,,,,,,,,,,,,,,,ZTF18acwwqdf
2458561.6833333,2,807183330915,19.205900192260742,/ztf/archive/sci/2019/0319/183333/ztf_20190319183333_000861_zr_c03_o_q2_scimrefdiffimg.fits.fz,Kulkarni,2,807,9,861,26.13640022277832,2.8918999305460602e-05,0.03978860005736351,0.08497209846973419,4.044370143674314e-05,t15_f5_c3,,,,,,,,,,,,,,,,,,,,,,,,,,,,,,,,,,,,,,,ZTF18acwwqdf
2458561.7513773,1,807251370915,18.848400115966797,/ztf/archive/sci/2019/0319/251296/ztf_20190319251296_000861_zg_c03_o_q2_scimrefdiffimg.fits.fz,Kulkarni,2,807,9,861,26.29210090637207,7.330840162467211e-05,0.04086339846253395,-0.17295700311660767,0.00017391999426763505,t15_f5_c3,,,,,,,,,,,,,,,,,,,,,,,,,,,,,,,,,,,,,,,ZTF18acwwqdf
2458561.7799653,1,807279960915,18.756500244140625,/ztf/archive/sci/2019/0319/279954/ztf_20190319279954_000861_zg_c03_o_q2_scimrefdiffimg.fits.fz,Kulkarni,2,807,9,861,26.279800415039062,9.634029993321747e-05,0.041186898946762085,-0.16731899976730347,0.00021840499539393932,t15_f5_c3,,,,,,,,,,,,,,,,,,,,,,,,,,,,,,,,,,,,,,,ZTF18acwwqdf
2458561.8022685,1,807302260915,18.77739906311035,/ztf/archive/sci/2019/0319/302269/ztf_20190319302269_000861_zg_c03_o_q2_scimrefdiffimg.fits.fz,Kulkarni,2,807,9,861,26.282899856567383,8.260190224973485e-05,0.039653800427913666,-0.1582850068807602,0.00018664399976842105,t15_f5_c3,,,,,,,,,,,,,,,,,,,,,,,,,,,,,,,,,,,,,,,ZTF18acwwqdf
2458562.757419,1,808257410915,17.656600952148438,/ztf/archive/sci/2019/0320/257384/ztf_20190320257384_000861_zg_c03_o_q2_scimrefdiffimg.fits.fz,Kulkarni,2,808,9,861,25.82200050354004,0.0014873200561851263,0.061006098985672,-0.15333899855613708,0.0042519401758909225,t15_f5_c3,,,,,,,,,,,,,,,,,,,,,,,,,,,,,,,,,,,,,,,ZTF18acwwqdf
2458562.7583218,1,808258320915,18.294099807739258,/ztf/archive/sci/2019/0320/258322/ztf_20190320258322_000861_zg_c03_o_q2_scimrefdiffimg.fits.fz,Kulkarni,1,808,9,861,26.21780014038086,0.0005274579743854702,0.044701699167490005,-0.0981483981013298,0.0011380099458619952,t15_f5_c3,,,,,,,,,,,,,,,,,,,,,,,,,,,,,,,,,,,,,,,ZTF18acwwqdf
2458562.846169,2,808346160915,19.078800201416016,/ztf/archive/sci/2019/0320/346123/ztf_20190320346123_000861_zr_c03_o_q2_scimrefdiffimg.fits.fz,Kulkarni,2,808,9,861,26.120800018310547,2.696470073715318e-05,0.038042500615119934,0.09926749765872955,3.712849866133183e-05,t15_f5_c3,,,,,,,,,,,,,,,,,,,,,,,,,,,,,,,,,,,,,,,ZTF18acwwqdf
2458567.7682407,1,813268240915,20.57200050354004,/ztf/archive/sci/2019/0325/268241/ztf_20190325268241_000861_zg_c03_o_q2_scimrefdiffimg.fits.fz,Kulkarni,2,813,9,861,26.20560073852539,1.2555099601740949e-05,0.02595829963684082,-0.08878889679908752,1.7622200175537728e-05,t15_f5_c3,,,,,,,,,,,,,,,,,,,,,,,,,,,,,,,,,,,,,,,ZTF18acwwqdf
2458567.7834954,1,813283490915,20.40839958190918,/ztf/archive/sci/2019/0325/283449/ztf_20190325283449_000861_zg_c03_o_q2_scimrefdiffimg.fits.fz,Kulkarni,2,813,9,861,26.200599670410156,1.7637099517742172e-05,0.030928300693631172,-0.07113640010356903,2.4521899831597693e-05,t15_f5_c3,8.1328349091501e+17,f,0.0,1407.5400390625,81.1948013305664,175.0707034,74.4653363,19.971599578857422,0.1845110058784485,1.3111000061035156,20.04439926147461,0.2921999990940094,0.23297500610351562,18.385000228881836,0.010999999940395355,0.3160000145435333,-0.003000000026077032,-0.9379749894142151,0.07275199890136719,2.1700000762939453,0.9539999961853027,81.1948013305664,0.364003986120224,1.1120200157165527,0.6039999723434448,0.5519999861717224,0.27834099531173706,0.25437799096107483,1.0942000150680542,5.0,0.0,0.9014289975166321,0.8926180005073547,19.964599609375,0.34689998626708984,175.0709546,74.4653219,8.15353,ZTF18acwwqdf
2458567.801956,1,813301950915,20.23590087890625,/ztf/archive/sci/2019/0325/301898/ztf_20190325301898_000861_zg_c03_o_q2_scimrefdiffimg.fits.fz,Kulkarni,1,813,9,861,26.18869972229004,1.8762000763672404e-05,0.03184819966554642,-0.06942559778690338,2.675580071809236e-05,t15_f5_c3,,,,,,,,,,,,,,,,,,,,,,,,,,,,,,,,,,,,,,,ZTF18acwwqdf
2458567.8028588,1,813302850915,20.234699249267578,/ztf/archive/sci/2019/0325/302859/ztf_20190325302859_000861_zg_c03_o_q2_scimrefdiffimg.fits.fz,Kulkarni,2,813,9,861,26.189699172973633,1.896299909276422e-05,0.03221609815955162,-0.06661079823970795,2.7241800125921145e-05,t15_f5_c3,8.1330285091501e+17,f,0.0,1415.47998046875,89.5376968383789,175.0710066,74.4653187,19.900699615478516,0.16707000136375427,1.5523099899291992,19.53350067138672,0.2076999992132187,0.0514569990336895,18.385000228881836,0.010999999940395355,0.3160000145435333,-0.003000000026077032,-0.5079150199890137,-0.3671819865703583,2.9100000858306885,0.8709999918937683,89.5376968383789,0.7011520266532898,0.8523010015487671,0.6380000114440918,0.6050000190734863,0.21924400329589844,0.20790399610996246,1.054550051689148,5.0,0.0,0.8528569936752319,0.9816939830780029,19.386199951171875,0.2320999950170517,175.0709546,74.4653219,8.82523,ZTF18acwwqdf
2458567.8698264,2,813369820915,20.036699295043945,/ztf/archive/sci/2019/0325/369664/ztf_20190325369664_000861_zr_c03_o_q2_scimrefdiffimg.fits.fz,Kulkarni,2,813,9,861,26.117799758911133,1.15233997348696e-05,0.02504670061171055,0.10343699902296066,1.592519947735127e-05,t15_f5_c3,,,,,,,,,,,,,,,,,,,,,,,,,,,,,,,,,,,,,,,ZTF18acwwqdf
2458567.8947801,2,813394780915,19.77519989013672,/ztf/archive/sci/2019/0325/394722/ztf_20190325394722_000861_zr_c03_o_q2_scimrefdiffimg.fits.fz,Kulkarni,1,813,9,861,26.101200103759766,1.9979999706265517e-05,0.0330565981566906,0.10664399713277817,2.7678599508362822e-05,t15_f5_c3,,,,,,,,,,,,,,,,,,,,,,,,,,,,,,,,,,,,,,,ZTF18acwwqdf
2458567.8957639,2,813395760915,19.770299911499023,/ztf/archive/sci/2019/0325/395729/ztf_20190325395729_000861_zr_c03_o_q2_scimrefdiffimg.fits.fz,Kulkarni,2,813,9,861,26.10140037536621,1.5689800420659594e-05,0.02944749966263771,0.11234000325202942,2.166800004488323e-05,t15_f5_c3,,,,,,,,,,,,,,,,,,,,,,,,,,,,,,,,,,,,,,,ZTF18acwwqdf
2458568.0260764,2,813526070915,19.522300720214844,/ztf/archive/sci/2019/0325/525856/ztf_20190325525856_000861_zr_c03_o_q2_scimrefdiffimg.fits.fz,Kulkarni,2,813,9,861,26.05150032043457,1.6952999430941418e-05,0.030512599274516106,0.1094600036740303,2.3370899725705385e-05,t15_f5_c3,,,,,,,,,,,,,,,,,,,,,,,,,,,,,,,,,,,,,,,ZTF18acwwqdf
2458568.6974306,1,814197430915,20.36400032043457,/ztf/archive/sci/2019/0326/197141/ztf_20190326197141_000861_zg_c03_o_q2_scimrefdiffimg.fits.fz,Kulkarni,2,814,9,861,26.165199279785156,2.2401000023819506e-05,0.03458290174603462,-0.12182100117206573,3.193520024069585e-05,t15_f5_c3,8.1419743091501e+17,0,0.0,1392.699951171875,86.10369873046875,175.0715584,74.4653325,20.189199447631836,0.19839300215244293,0.9164779782295227,19.988399505615234,0.22460000216960907,0.5761299729347229,18.385000228881836,0.010999999940395355,0.3160000145435333,-0.003000000026077032,-0.14822399616241455,-0.20077399909496307,1.568410038948059,0.492000013589859,86.10369873046875,0.3756220042705536,2.0,1.0160000324249268,0.890999972820282,0.6477890014648438,0.5680909752845764,1.1402900218963623,2.0,0.0,0.7971429824829102,1.0,19.81290054321289,0.24320000410079956,175.0709546,74.4653219,6.23178,ZTF18acwwqdf
2458568.7213079,1,814221300915,20.24489974975586,/ztf/archive/sci/2019/0326/221308/ztf_20190326221308_000861_zg_c03_o_q2_scimrefdiffimg.fits.fz,Kulkarni,2,814,9,861,26.063600540161133,2.4893499357858673e-05,0.03622720018029213,-0.14647400379180908,3.587449828046374e-05,t15_f5_c3,,,,,,,,,,,,,,,,,,,,,,,,,,,,,,,,,,,,,,,ZTF18acwwqdf
2458567.7834954,1,813283490915,20.40839958190918,/ztf/archive/sci/2019/0325/283449/ztf_20190325283449_000861_zg_c03_o_q2_scimrefdiffimg.fits.fz,Kulkarni,2,813,9,861,26.200599670410156,1.7637099517742172e-05,0.030928300693631172,-0.07113640010356903,2.4521899831597693e-05,t15_f5_c3,8.1328349091501e+17,0,0.0,1407.5400390625,81.1948013305664,175.0707034,74.4653363,19.971599578857422,0.1845110058784485,1.3111000061035156,20.04439926147461,0.2921999990940094,0.23297500610351562,18.385000228881836,0.010999999940395355,0.3160000145435333,-0.003000000026077032,-0.9379749894142151,0.07275199890136719,2.1700000762939453,0.9539999961853027,81.1948013305664,0.364003986120224,1.1120200157165527,0.6039999723434448,0.5519999861717224,0.27834099531173706,0.25437799096107483,1.0942000150680542,5.0,0.0,0.9014289975166321,0.8926180005073547,19.964599609375,0.34689998626708984,175.0709546,74.4653219,8.15353,ZTF18acwwqdf
2458568.6974306,1,814197430915,20.36400032043457,/ztf/archive/sci/2019/0326/197141/ztf_20190326197141_000861_zg_c03_o_q2_scimrefdiffimg.fits.fz,Kulkarni,2,814,9,861,26.165199279785156,2.2401000023819506e-05,0.03458290174603462,-0.12182100117206573,3.193520024069585e-05,t15_f5_c3,8.1419743091501e+17,f,0.0,1392.699951171875,86.10369873046875,175.0715584,74.4653325,20.189199447631836,0.19839300215244293,0.9164779782295227,19.988399505615234,0.22460000216960907,0.5761299729347229,18.385000228881836,0.010999999940395355,0.3160000145435333,-0.003000000026077032,-0.14822399616241455,-0.20077399909496307,1.568410038948059,0.492000013589859,86.10369873046875,0.3756220042705536,2.0,1.0160000324249268,0.890999972820282,0.6477890014648438,0.5680909752845764,1.1402900218963623,2.0,0.0,0.7971429824829102,1.0,19.81290054321289,0.24320000410079956,175.0709546,74.4653219,6.23178,ZTF18acwwqdf
2458568.7458102,1,814245810915,20.491300582885742,/ztf/archive/sci/2019/0326/245764/ztf_20190326245764_000861_zg_c03_o_q2_scimrefdiffimg.fits.fz,Kulkarni,2,814,9,861,26.1781005859375,2.083489926008042e-05,0.033575400710105896,-0.1529799997806549,2.9415599783533253e-05,t15_f5_c3,8.1424581091501e+17,f,0.0,1423.27001953125,81.56649780273438,175.0708377,74.4653368,20.07509994506836,0.18024800717830658,1.4010900259017944,20.197999954223633,0.2556000053882599,0.112295001745224,18.385000228881836,0.010999999940395355,0.3160000145435333,-0.003000000026077032,-0.18386200070381165,0.12293499708175659,1.4899400472640991,0.49799999594688416,81.56649780273438,0.29334500432014465,2.0,0.9330000281333923,0.7889999747276306,0.6261990070343018,0.5295510292053223,1.1825100183486938,3.0,0.0,0.8442860245704651,0.9836289882659912,20.228700637817383,0.3346000015735626,175.0709546,74.4653219,7.82191,ZTF18acwwqdf
2458568.7842361,2,814284230915,19.945199966430664,/ztf/archive/sci/2019/0326/284236/ztf_20190326284236_000861_zr_c03_o_q2_scimrefdiffimg.fits.fz,Kulkarni,2,814,9,861,26.011699676513672,1.061770035448717e-05,0.024165499955415726,0.07044479995965958,1.4726399967912585e-05,t15_f5_c3,,,,,,,,,,,,,,,,,,,,,,,,,,,,,,,,,,,,,,,ZTF18acwwqdf
2458568.8017824,2,814301780915,19.759300231933594,/ztf/archive/sci/2019/0326/301782/ztf_20190326301782_000861_zr_c03_o_q2_scimrefdiffimg.fits.fz,Kulkarni,2,814,9,861,25.90760040283203,1.6463000065414235e-05,0.02995840087532997,0.07922419905662537,2.2661499315290712e-05,t15_f5_c3,,,,,,,,,,,,,,,,,,,,,,,,,,,,,,,,,,,,,,,ZTF18acwwqdf
2458572.7661343,1,818266130915,20.07550048828125,/ztf/archive/sci/2019/0330/266134/ztf_20190330266134_000861_zg_c03_o_q2_scimrefdiffimg.fits.fz,Kulkarni,1,818,9,861,25.86870002746582,2.4805400244076736e-05,0.03612079843878746,-0.10408200323581696,3.63135986845009e-05,t15_f5_c3,8.1826613091501e+17,f,0.0,1412.1700439453125,82.69930267333984,175.0708944,74.4654064,20.008699417114258,0.2431419938802719,2.19923996925354,20.36440086364746,0.46380001306533813,0.30351200699806213,18.385000228881836,0.010999999940395355,0.3160000145435333,-0.003000000026077032,-0.002073999959975481,0.35568100214004517,2.9100000858306885,0.7300000190734863,82.69930267333984,-0.2888540029525757,0.952314019203186,0.8809999823570251,0.597000002861023,0.30274900794029236,0.20515500009059906,1.4757100343704224,8.0,0.0,0.6000000238418579,0.977865993976593,20.474899291992188,0.6567000150680542,175.0709546,74.4653219,6.16238,ZTF18acwwqdf
2458572.8047801,2,818304780915,19.62150001525879,/ztf/archive/sci/2019/0330/304780/ztf_20190330304780_000861_zr_c03_o_q2_scimrefdiffimg.fits.fz,Kulkarni,1,818,9,861,25.654699325561523,1.4335199921333697e-05,0.028012799099087715,0.09796380251646042,1.985500057344325e-05,t15_f5_c3,,,,,,,,,,,,,,,,,,,,,,,,,,,,,,,,,,,,,,,ZTF18acwwqdf
2458573.7466898,2,819246680915,20.007600784301758,/ztf/archive/sci/2019/0331/246632/ztf_20190331246632_000861_zr_c03_o_q2_scimrefdiffimg.fits.fz,Kulkarni,2,819,9,861,26.10740089416504,1.6261199561995454e-05,0.029777999967336655,0.11402200162410736,2.2588799765799195e-05,t15_f5_c3,,,,,,,,,,,,,,,,,,,,,,,,,,,,,,,,,,,,,,,ZTF18acwwqdf
2458573.7627894,2,819262780915,20.04360008239746,/ztf/archive/sci/2019/0331/262755/ztf_20190331262755_000861_zr_c03_o_q2_scimrefdiffimg.fits.fz,Kulkarni,2,819,9,861,26.106399536132812,1.4144699889584444e-05,0.027635399252176285,0.11093299835920334,1.9598599465098232e-05,t15_f5_c3,,,,,,,,,,,,,,,,,,,,,,,,,,,,,,,,,,,,,,,ZTF18acwwqdf
2458573.7827083,2,819282700915,19.910499572753906,/ztf/archive/sci/2019/0331/282708/ztf_20190331282708_000861_zr_c03_o_q2_scimrefdiffimg.fits.fz,Kulkarni,2,819,9,861,26.12179946899414,2.3382299332297407e-05,0.03581000119447708,0.10221599787473679,3.25047985825222e-05,t15_f5_c3,,,,,,,,,,,,,,,,,,,,,,,,,,,,,,,,,,,,,,,ZTF18acwwqdf
2458575.745463,2,821245460915,18.989299774169922,/ztf/archive/sci/2019/0402/245451/ztf_20190402245451_000861_zr_c03_o_q2_scimrefdiffimg.fits.fz,Kulkarni,1,821,9,861,25.05470085144043,3.062070027226582e-05,0.04058599844574928,0.10694599896669388,4.293000165489502e-05,t15_f5_c3,,,,,,,,,,,,,,,,,,,,,,,,,,,,,,,,,,,,,,,ZTF18acwwqdf
2458575.7809028,1,821280900915,20.57710075378418,/ztf/archive/sci/2019/0402/280903/ztf_20190402280903_000861_zg_c03_o_q2_scimrefdiffimg.fits.fz,Kulkarni,1,821,9,861,26.131099700927734,2.0474999473663047e-05,0.03347000107169151,-0.12212099879980087,2.8273700081626885e-05,t15_f5_c3,8.2128090091501e+17,f,0.0,1411.8499755859375,80.3573989868164,175.0707915,74.4653059,19.967100143432617,0.15045499801635742,1.3487000465393066,19.87420082092285,0.20149999856948853,0.15713199973106384,18.385000228881836,0.010999999940395355,0.3160000145435333,-0.003000000026077032,-0.07391899824142456,-0.09289699792861938,3.569999933242798,0.921999990940094,80.3573989868164,0.7029100060462952,0.7261210083961487,0.828000009059906,0.7519999742507935,0.23193299770355225,0.21064400672912598,1.1010600328445435,5.0,0.0,0.7971429824829102,0.958765983581543,19.84630012512207,0.24969999492168427,175.0709546,74.4653219,10.2011,ZTF18acwwqdf
2458573.8051736,1,819305170915,20.423200607299805,/ztf/archive/sci/2019/0331/305174/ztf_20190331305174_000861_zg_c03_o_q2_scimrefdiffimg.fits.fz,Kulkarni,2,819,9,861,26.208200454711914,2.1193600332480855e-05,0.034197401255369186,-0.09944559633731842,2.969679917441681e-05,t15_f5_c3,8.1930517091501e+17,f,0.0,1419.5,83.82730102539062,175.0707243,74.4652439,20.02720069885254,0.17252099514007568,1.259220004081726,20.10110092163086,0.24169999361038208,0.3535600006580353,18.385000228881836,0.010999999940395355,0.3160000145435333,-0.003000000026077032,-0.5220000147819519,0.07389800250530243,3.0,0.7770000100135803,83.82730102539062,0.32207199931144714,1.0204700231552124,0.9160000085830688,0.8259999752044678,0.3053329885005951,0.2753329873085022,1.1089600324630737,4.0,0.0,0.8171430230140686,0.9728969931602478,19.98590087890625,0.2770000100135803,175.0709546,74.4653219,9.9319,ZTF18acwwqdf
2458573.8286458,1,819328640915,20.461000442504883,/ztf/archive/sci/2019/0331/328611/ztf_20190331328611_000861_zg_c03_o_q2_scimrefdiffimg.fits.fz,Kulkarni,2,819,9,861,26.192800521850586,1.83810007001739e-05,0.03163930028676987,-0.08371719717979431,2.5803999960771762e-05,t15_f5_c3,,,,,,,,,,,,,,,,,,,,,,,,,,,,,,,,,,,,,,,ZTF18acwwqdf
2458581.7238773,1,827223870915,20.620100021362305,/ztf/archive/sci/2019/0408/223877/ztf_20190408223877_000861_zg_c03_o_q2_scimrefdiffimg.fits.fz,Kulkarni,1,827,9,861,26.141000747680664,1.3554100405599456e-05,0.02716810069978237,-0.09407330304384232,1.8940800146083347e-05,t15_f5_c3,8.2722387091501e+17,f,0.0,1417.06005859375,90.68109893798828,175.071228,74.4653428,20.113000869750977,0.18532900512218475,1.429800033569336,19.77720069885254,0.1867000013589859,0.2649820148944855,18.385000228881836,0.010999999940395355,0.3160000145435333,-0.003000000026077032,-0.8308359980583191,-0.3358370065689087,2.569999933242798,0.777999997138977,90.68109893798828,0.8428570032119751,0.9580960273742676,0.7540000081062317,0.5559999942779541,0.29338499903678894,0.2163420021533966,1.3561099767684937,8.0,0.0,0.8385710120201111,0.9376729726791382,19.746400833129883,0.23080000281333923,175.0709546,74.4653219,7.17405,ZTF18acwwqdf
2458581.7649421,2,827264940915,20.115299224853516,/ztf/archive/sci/2019/0408/264942/ztf_20190408264942_000861_zr_c03_o_q2_scimrefdiffimg.fits.fz,Kulkarni,1,827,9,861,25.989999771118164,1.1408399586798623e-05,0.024966100230813026,0.10520800203084946,1.587109909451101e-05,t15_f5_c3,,,,,,,,,,,,,,,,,,,,,,,,,,,,,,,,,,,,,,,ZTF18acwwqdf
2458582.740625,2,828240620915,20.404199600219727,/ztf/archive/sci/2019/0409/240625/ztf_20190409240625_000861_zr_c03_o_q2_scimrefdiffimg.fits.fz,Kulkarni,2,828,9,861,26.14579963684082,1.0147099601454102e-05,0.023578200489282608,0.09584839642047882,1.4025199561729096e-05,t15_f5_c3,,,,,,,,,,,,,,,,,,,,,,,,,,,,,,,,,,,,,,,ZTF18acwwqdf
2458582.7573958,2,828257390915,20.3656005859375,/ztf/archive/sci/2019/0409/257396/ztf_20190409257396_000861_zr_c03_o_q2_scimrefdiffimg.fits.fz,Kulkarni,2,828,9,861,26.122100830078125,9.350559594167862e-06,0.022757800295948982,0.10172300040721893,1.2967399925400969e-05,t15_f5_c3,,,,,,,,,,,,,,,,,,,,,,,,,,,,,,,,,,,,,,,ZTF18acwwqdf
2458582.7821181,2,828282110915,20.132400512695312,/ztf/archive/sci/2019/0409/282083/ztf_20190409282083_000861_zr_c03_o_q2_scimrefdiffimg.fits.fz,Kulkarni,2,828,9,861,25.976900100708008,1.2264399629202671e-05,0.025839999318122864,0.0969804972410202,1.6928399418247864e-05,t15_f5_c3,,,,,,,,,,,,,,,,,,,,,,,,,,,,,,,,,,,,,,,ZTF18acwwqdf
2458582.8231597,1,828323150915,20.71339988708496,/ztf/archive/sci/2019/0409/323160/ztf_20190409323160_000861_zg_c03_o_q2_scimrefdiffimg.fits.fz,Kulkarni,2,828,9,861,26.22089958190918,1.3870800103177316e-05,0.02749820053577423,-0.103363998234272,1.932889972522389e-05,t15_f5_c3,8.2832315091501e+17,f,0.0,1434.510009765625,63.26530075073242,175.0707584,74.465343,20.057899475097656,0.1533759981393814,1.2181199789047241,19.845800399780273,0.17810000479221344,0.18061700463294983,18.385000228881836,0.010999999940395355,0.3160000145435333,-0.003000000026077032,-0.4092639982700348,-0.21209600567817688,3.390000104904175,0.8659999966621399,63.26530075073242,0.8676170110702515,0.7472289800643921,0.8140000104904175,0.734000027179718,0.24011799693107605,0.21651899814605713,1.108989953994751,4.0,0.0,0.8285710215568542,1.0,19.82740020751953,0.2222999930381775,175.0709546,74.4653219,9.43382,ZTF18acwwqdf
2458582.8478588,1,828347850915,20.029699325561523,/ztf/archive/sci/2019/0409/347824/ztf_20190409347824_000861_zg_c03_o_q2_scimrefdiffimg.fits.fz,Kulkarni,2,828,9,861,25.811500549316406,2.7811200197902508e-05,0.03887689858675003,-0.11927799880504608,3.9685401134192944e-05,t15_f5_c3,8.2834785091501e+17,f,0.0,1435.97998046875,70.8510971069336,175.070829,74.4653327,20.046499252319336,0.17968599498271942,0.9314060211181641,20.59709930419922,0.6535999774932861,0.10710400342941284,18.385000228881836,0.010999999940395355,0.3160000145435333,-0.003000000026077032,-0.6141089797019958,0.5506389737129211,1.2665499448776245,0.7059999704360962,70.8510971069336,-0.5674120187759399,2.0,0.75,0.6970000267028809,0.5921589732170105,0.5503129959106445,1.0760400295257568,10.0,0.0,0.7114289999008179,0.769366979598999,20.277999877929688,0.6234999895095825,175.0709546,74.4653219,6.21726,ZTF18acwwqdf
2458582.8729977,1,828372990915,20.580900192260742,/ztf/archive/sci/2019/0409/372951/ztf_20190409372951_000861_zg_c03_o_q2_scimrefdiffimg.fits.fz,Kulkarni,2,828,9,861,26.2007999420166,1.4815699614700861e-05,0.028382200747728348,-0.11140300333499908,2.0465000488911755e-05,t15_f5_c3,8.2837299091501e+17,f,0.0,1441.510009765625,65.76020050048828,175.0708419,74.4653005,20.13479995727539,0.16286499798297882,1.2069599628448486,20.103500366210938,0.24709999561309814,0.12117300182580948,18.385000228881836,0.010999999940395355,0.3160000145435333,-0.003000000026077032,-0.2542079985141754,-0.03125,2.869999885559082,0.828000009059906,65.76020050048828,0.47739800810813904,0.9040719866752625,0.7889999747276306,0.6449999809265137,0.2749130129814148,0.22473900020122528,1.2232600450515747,5.0,0.0,0.8857139945030212,0.9871479868888855,20.056499481201172,0.3012999892234802,175.0709546,74.4653219,9.21339,ZTF18acwwqdf
2458583.7688773,2,829268870915,20.182899475097656,/ztf/archive/sci/2019/0410/268877/ztf_20190410268877_000861_zr_c03_o_q2_scimrefdiffimg.fits.fz,Kulkarni,2,829,9,861,26.10059928894043,1.1238699698878918e-05,0.024999499320983887,0.10726899653673172,1.57766007760074e-05,t15_f5_c3,,,,,,,,,,,,,,,,,,,,,,,,,,,,,,,,,,,,,,,ZTF18acwwqdf
2458584.7706366,1,830270630915,20.220300674438477,/ztf/archive/sci/2019/0411/270637/ztf_20190411270637_000861_zg_c03_o_q2_scimrefdiffimg.fits.fz,Kulkarni,1,830,9,861,26.215200424194336,2.567999945313204e-05,0.03703799843788147,-0.10991299897432327,3.700110028148629e-05,t15_f5_c3,8.3027063091501e+17,f,0.0,1419.47998046875,91.52140045166016,175.0708493,74.4652847,19.954200744628906,0.2217710018157959,1.652109980583191,20.073400497436523,0.27799999713897705,0.1513269990682602,18.385000228881836,0.010999999940395355,0.3160000145435333,-0.003000000026077032,-0.08930899947881699,0.11922799795866013,4.980000019073486,0.8690000176429749,91.52140045166016,0.1468989998102188,0.6237900257110596,0.9869999885559082,0.8190000057220459,0.1981929987668991,0.1644580066204071,1.2051299810409546,4.0,0.0,0.6371430158615112,0.9746270179748535,19.864299774169922,0.29260000586509705,175.0709546,74.4653219,9.01672,ZTF18acwwqdf
2458584.8229167,2,830322910915,20.173500061035156,/ztf/archive/sci/2019/0411/322917/ztf_20190411322917_000861_zr_c03_o_q2_scimrefdiffimg.fits.fz,Kulkarni,1,830,9,861,26.105300903320312,1.3789699551125523e-05,0.027447400614619255,0.09987449645996094,1.9269200492999516e-05,t15_f5_c3,,,,,,,,,,,,,,,,,,,,,,,,,,,,,,,,,,,,,,,ZTF18acwwqdf
2458585.6621412,2,831162140915,20.066200256347656,/ztf/archive/sci/2019/0412/162141/ztf_20190412162141_000861_zr_c03_o_q2_scimrefdiffimg.fits.fz,Kulkarni,2,831,9,861,26.084299087524414,9.852289622358512e-06,0.023530500009655952,0.10471100360155106,1.3856600162398536e-05,t15_f5_c3,,,,,,,,,,,,,,,,,,,,,,,,,,,,,,,,,,,,,,,ZTF18acwwqdf
2458582.8231597,1,828323150915,20.71339988708496,/ztf/archive/sci/2019/0409/323160/ztf_20190409323160_000861_zg_c03_o_q2_scimrefdiffimg.fits.fz,Kulkarni,2,828,9,861,26.22089958190918,1.3870800103177316e-05,0.02749820053577423,-0.103363998234272,1.932889972522389e-05,t15_f5_c3,8.2832315091501e+17,0,0.0,1434.510009765625,63.26530075073242,175.0707584,74.465343,20.057899475097656,0.1533759981393814,1.2181199789047241,19.845800399780273,0.17810000479221344,0.18061700463294983,18.385000228881836,0.010999999940395355,0.3160000145435333,-0.003000000026077032,-0.4092639982700348,-0.21209600567817688,3.390000104904175,0.8659999966621399,63.26530075073242,0.8676170110702515,0.7472289800643921,0.8140000104904175,0.734000027179718,0.24011799693107605,0.21651899814605713,1.108989953994751,4.0,0.0,0.8285710215568542,1.0,19.82740020751953,0.2222999930381775,175.0709546,74.4653219,9.43382,ZTF18acwwqdf
2458582.8478588,1,828347850915,20.029699325561523,/ztf/archive/sci/2019/0409/347824/ztf_20190409347824_000861_zg_c03_o_q2_scimrefdiffimg.fits.fz,Kulkarni,2,828,9,861,25.811500549316406,2.7811200197902508e-05,0.03887689858675003,-0.11927799880504608,3.9685401134192944e-05,t15_f5_c3,8.2834785091501e+17,0,0.0,1435.97998046875,70.8510971069336,175.070829,74.4653327,20.046499252319336,0.17968599498271942,0.9314060211181641,20.59709930419922,0.6535999774932861,0.10710400342941284,18.385000228881836,0.010999999940395355,0.3160000145435333,-0.003000000026077032,-0.6141089797019958,0.5506389737129211,1.2665499448776245,0.7059999704360962,70.8510971069336,-0.5674120187759399,2.0,0.75,0.6970000267028809,0.5921589732170105,0.5503129959106445,1.0760400295257568,10.0,0.0,0.7114289999008179,0.769366979598999,20.277999877929688,0.6234999895095825,175.0709546,74.4653219,6.21726,ZTF18acwwqdf
2458585.7150694,1,831215060915,20.215900421142578,/ztf/archive/sci/2019/0412/215012/ztf_20190412215012_000861_zg_c03_o_q2_scimrefdiffimg.fits.fz,Kulkarni,2,831,9,861,26.236000061035156,1.976669955183752e-05,0.03297270089387894,-0.10923799872398376,2.864949965442065e-05,t15_f5_c3,8.3121506091501e+17,f,0.0,1404.1099853515625,116.43499755859375,175.0712064,74.4653196,20.108999252319336,0.18566900491714478,1.159190058708191,20.20439910888672,0.3495999872684479,0.23990699648857117,18.385000228881836,0.010999999940395355,0.3160000145435333,-0.003000000026077032,-0.6807299852371216,0.09544599801301956,2.75,0.8379999995231628,116.43499755859375,0.011544999666512012,1.0118600130081177,0.8949999809265137,0.7649999856948853,0.3254550099372864,0.2781819999217987,1.1699299812316895,5.0,0.0,0.8542860150337219,0.979777991771698,20.332799911499023,0.5033000111579895,175.0709546,74.4653219,6.99373,ZTF18acwwqdf
2458585.76375,1,831263740915,20.264999389648438,/ztf/archive/sci/2019/0412/263750/ztf_20190412263750_000861_zg_c03_o_q2_scimrefdiffimg.fits.fz,Kulkarni,2,831,9,861,26.235300064086914,1.948690078279469e-05,0.03269220143556595,-0.11602800339460373,2.781630064419005e-05,t15_f5_c3,,,,,,,,,,,,,,,,,,,,,,,,,,,,,,,,,,,,,,,ZTF18acwwqdf
2458585.7871412,1,831287140915,20.306400299072266,/ztf/archive/sci/2019/0412/287141/ztf_20190412287141_000861_zg_c03_o_q2_scimrefdiffimg.fits.fz,Kulkarni,2,831,9,861,26.24250030517578,2.2134199753054418e-05,0.03517790138721466,-0.11479300260543823,3.149070107610896e-05,t15_f5_c3,,,,,,,,,,,,,,,,,,,,,,,,,,,,,,,,,,,,,,,ZTF18acwwqdf
2458585.8050694,2,831305060915,20.229400634765625,/ztf/archive/sci/2019/0412/305035/ztf_20190412305035_000861_zr_c03_o_q2_scimrefdiffimg.fits.fz,Kulkarni,2,831,9,861,26.10409927368164,9.614729606255423e-06,0.02321939915418625,0.10096299648284912,1.3434399988909718e-05,t15_f5_c3,,,,,,,,,,,,,,,,,,,,,,,,,,,,,,,,,,,,,,,ZTF18acwwqdf
2458585.820544,2,831320540915,20.197999954223633,/ztf/archive/sci/2019/0412/320544/ztf_20190412320544_000861_zr_c03_o_q2_scimrefdiffimg.fits.fz,Kulkarni,2,831,9,861,26.08810043334961,1.1093199645983987e-05,0.024948500096797943,0.10232099890708923,1.547859938000329e-05,t15_f5_c3,,,,,,,,,,,,,,,,,,,,,,,,,,,,,,,,,,,,,,,ZTF18acwwqdf
2458586.6819329,1,832181930915,19.99209976196289,/ztf/archive/sci/2019/0413/181933/ztf_20190413181933_000861_zg_c03_o_q2_scimrefdiffimg.fits.fz,Kulkarni,2,832,9,861,26.182199478149414,2.4877699615899473e-05,0.03639790043234825,-0.09424679726362228,3.7080899346619844e-05,t15_f5_c3,,,,,,,,,,,,,,,,,,,,,,,,,,,,,,,,,,,,,,,ZTF18acwwqdf
2458586.6934028,2,832193400915,20.096900939941406,/ztf/archive/sci/2019/0413/193310/ztf_20190413193310_000861_zr_c03_o_q2_scimrefdiffimg.fits.fz,Kulkarni,2,832,9,861,26.099700927734375,1.0763399586721789e-05,0.024615900591015816,0.10115300118923187,1.513010010967264e-05,t15_f5_c3,,,,,,,,,,,,,,,,,,,,,,,,,,,,,,,,,,,,,,,ZTF18acwwqdf
2458586.7263426,2,832226340915,20.093900680541992,/ztf/archive/sci/2019/0413/226343/ztf_20190413226343_000861_zr_c03_o_q2_scimrefdiffimg.fits.fz,Kulkarni,2,832,9,861,26.097999572753906,1.029739996738499e-05,0.024023499339818954,0.10249800235033035,1.447609975002706e-05,t15_f5_c3,,,,,,,,,,,,,,,,,,,,,,,,,,,,,,,,,,,,,,,ZTF18acwwqdf
2458586.7414005,2,832241400915,20.110599517822266,/ztf/archive/sci/2019/0413/241400/ztf_20190413241400_000861_zr_c03_o_q2_scimrefdiffimg.fits.fz,Kulkarni,2,832,9,861,26.111799240112305,1.0346399903937709e-05,0.024102499708533287,0.09895879775285721,1.4539399671775755e-05,t15_f5_c3,,,,,,,,,,,,,,,,,,,,,,,,,,,,,,,,,,,,,,,ZTF18acwwqdf
2458586.7700347,1,832270030915,19.953100204467773,/ztf/archive/sci/2019/0413/270035/ztf_20190413270035_000861_zg_c03_o_q2_scimrefdiffimg.fits.fz,Kulkarni,2,832,9,861,26.22209930419922,2.1821799236931838e-05,0.03368639945983887,-0.12037400156259537,3.32234994857572e-05,t15_f5_c3,,,,,,,,,,,,,,,,,,,,,,,,,,,,,,,,,,,,,,,ZTF18acwwqdf
2458587.7629861,2,833262980915,19.24489974975586,/ztf/archive/sci/2019/0414/262986/ztf_20190414262986_000861_zr_c03_o_q2_scimrefdiffimg.fits.fz,Kulkarni,1,833,9,861,25.695100784301758,2.6726500436780043e-05,0.038101401180028915,0.10345900058746338,3.7189900467637926e-05,t15_f5_c3,,,,,,,,,,,,,,,,,,,,,,,,,,,,,,,,,,,,,,,ZTF18acwwqdf
2458587.8260069,1,833326000915,20.04199981689453,/ztf/archive/sci/2019/0414/326007/ztf_20190414326007_000861_zg_c03_o_q2_scimrefdiffimg.fits.fz,Kulkarni,1,833,9,861,26.197399139404297,2.417110044916626e-05,0.035791199654340744,-0.10157400369644165,3.528179877321236e-05,t15_f5_c3,,,,,,,,,,,,,,,,,,,,,,,,,,,,,,,,,,,,,,,ZTF18acwwqdf
2458591.6953241,1,837195320915,19.416900634765625,/ztf/archive/sci/2019/0418/195266/ztf_20190418195266_000861_zg_c03_o_q2_scimrefdiffimg.fits.fz,Kulkarni,1,837,9,861,26.209400177001953,2.471550033078529e-05,0.033568400889635086,-0.08975909650325775,4.222249845042825e-05,t15_f5_c3,,,,,,,,,,,,,,,,,,,,,,,,,,,,,,,,,,,,,,,ZTF18acwwqdf
2458591.913287,2,837413280915,19.258899688720703,/ztf/archive/sci/2019/0418/413194/ztf_20190418413194_000861_zr_c03_o_q2_scimrefdiffimg.fits.fz,Kulkarni,1,837,9,861,26.10099983215332,2.4718099666642956e-05,0.03664400056004524,0.12117899954319,3.4202701499452814e-05,t15_f5_c3,,,,,,,,,,,,,,,,,,,,,,,,,,,,,,,,,,,,,,,ZTF18acwwqdf
2458594.7469676,1,840246960915,19.4778995513916,/ztf/archive/sci/2019/0421/246968/ztf_20190421246968_000861_zg_c03_o_q2_scimrefdiffimg.fits.fz,Kulkarni,1,840,9,861,26.254100799560547,3.7504101783270016e-05,0.04234829917550087,-0.1081790030002594,6.267809658311307e-05,t15_f5_c3,,,,,,,,,,,,,,,,,,,,,,,,,,,,,,,,,,,,,,,ZTF18acwwqdf
2458594.8464931,2,840346490915,19.201499938964844,/ztf/archive/sci/2019/0421/346493/ztf_20190421346493_000861_zr_c03_o_q2_scimrefdiffimg.fits.fz,Kulkarni,1,840,9,861,26.088899612426758,2.456880065437872e-05,0.036713000386953354,0.11012399941682816,3.427909905440174e-05,t15_f5_c3,,,,,,,,,,,,,,,,,,,,,,,,,,,,,,,,,,,,,,,ZTF18acwwqdf
2458597.8114699,1,843311460915,20.3262996673584,/ztf/archive/sci/2019/0424/311435/ztf_20190424311435_000861_zg_c03_o_q2_scimrefdiffimg.fits.fz,Kulkarni,1,843,9,861,26.234100341796875,1.4452400137088262e-05,0.028436599299311638,-0.1096780002117157,2.049089926003944e-05,t15_f5_c3,8.4331146091501e+17,f,0.0,1432.6300048828125,128.3780059814453,175.0707859,74.4654229,20.363100051879883,0.22135800123214722,1.4708399772644043,20.148700714111328,0.3224000036716461,0.3904939889907837,18.385000228881836,0.010999999940395355,0.3160000145435333,-0.003000000026077032,-0.8341760039329529,-0.21436800062656403,1.2985600233078003,0.6620000004768372,128.3780059814453,0.17760999500751495,2.0,0.7440000176429749,0.6930000185966492,0.5729420185089111,0.5336679816246033,1.0735900402069092,6.0,0.0,0.8700000047683716,0.8228430151939392,19.760400772094727,0.288100004196167,175.0709546,74.4653219,5.6396,ZTF18acwwqdf
2458597.894213,2,843394210915,20.08839988708496,/ztf/archive/sci/2019/0424/394074/ztf_20190424394074_000861_zr_c03_o_q2_scimrefdiffimg.fits.fz,Kulkarni,1,843,9,861,26.101600646972656,1.2427100045897532e-05,0.02628210000693798,0.1019349992275238,1.7394599126419052e-05,t15_f5_c3,,,,,,,,,,,,,,,,,,,,,,,,,,,,,,,,,,,,,,,ZTF18acwwqdf
2458601.7787963,2,847278790915,20.53499984741211,/ztf/archive/sci/2019/0428/278750/ztf_20190428278750_000861_zr_c03_o_q2_scimrefdiffimg.fits.fz,Kulkarni,1,847,9,861,26.139799118041992,8.483550118398853e-06,0.021692899987101555,0.10199899971485138,1.1852000170620158e-05,t15_f5_c3,,,,,,,,,,,,,,,,,,,,,,,,,,,,,,,,,,,,,,,ZTF18acwwqdf
2460258.973669,2,2504473660915,21.135400772094727,/ztf/archive/sci/2023/1110/473657/ztf_20231110473657_000861_zr_c03_o_q2_scimrefdiffimg.fits.fz,Kasliwal,3,2504,9,861,28.718900680541992,6.736559953424148e-06,0.01930760033428669,0.10047200322151184,9.375959962198976e-06,t17_f5_c3,2.504473660915015e+18,t,0.0,1466.6099853515625,122.3949966430664,175.0710724,74.4652909,20.232900619506836,0.08328499644994736,2.1256299018859863,20.151500701904297,0.1388999968767166,0.12845300137996674,18.499000549316406,0.02500000037252903,0.8989999890327454,0.07900000363588333,-5.3123698234558105,-0.08135300129652023,2.4100000858306885,0.9520000219345093,122.3949966430664,0.983922004699707,1.1825200319290161,0.7990000247955322,0.7839999794960022,0.3315350115299225,0.32531100511550903,1.019129991531372,4.0,0.0,0.7828570008277893,0.9971380233764648,20.0039005279541,0.1551000028848648,175.0709983,74.465324,13.453,ZTF18acwwqdf
2460259.0169676,1,2504516960915,20.08799934387207,/ztf/archive/sci/2023/1110/516956/ztf_20231110516956_000861_zg_c03_o_q2_scimrefdiffimg.fits.fz,Kulkarni,1,2504,9,861,26.331600189208984,2.2948599507799372e-05,0.034954000264406204,-0.13899600505828857,3.4459299058653414e-05,t17_f5_c3,,,,,,,,,,,,,,,,,,,,,,,,,,,,,,,,,,,,,,,ZTF18acwwqdf
2460259.9897685,3,2505489760915,19.161100387573242,/ztf/archive/sci/2023/1111/489768/ztf_20231111489768_000861_zi_c03_o_q2_scimrefdiffimg.fits.fz,Kulkarni,2,2505,9,861,25.612300872802734,5.535369837161852e-06,0.027901500463485718,0.16773000359535217,2.2566899133380502e-05,t17_f5_c3,,,,,,,,,,,,,,,,,,,,,,,,,,,,,,,,,,,,,,,ZTF18acwwqdf
2460260.9685648,1,2506468560915,20.130699157714844,/ztf/archive/sci/2023/1112/468553/ztf_20231112468553_000861_zg_c03_o_q2_scimrefdiffimg.fits.fz,Kulkarni,1,2506,9,861,26.335100173950195,2.4758999643381685e-05,0.03686780110001564,-0.14246900379657745,3.577920142561197e-05,t17_f5_c3,2.506468560915015e+18,t,0.0,1474.25,121.58699798583984,175.0699272,74.465222,20.348100662231445,0.24776799976825714,0.705810010433197,20.286800384521484,0.3490000069141388,1.0402799844741821,18.385000228881836,0.010999999940395355,0.3160000145435333,-0.003000000026077032,-0.014444000087678432,-0.0613429993391037,1.6392899751663208,0.5180000066757202,121.58699798583984,-0.15608899295330048,2.0,0.9039999842643738,0.7680000066757202,0.5514580011367798,0.4684950113296509,1.1770800352096558,4.0,0.0,0.8357139825820923,0.9047470092773438,20.215299606323242,0.41659998893737793,175.0709546,74.4653219,6.10722,ZTF18acwwqdf
2460261.0081134,2,2506508110915,19.924999237060547,/ztf/archive/sci/2023/1112/508113/ztf_20231112508113_000861_zr_c03_o_q2_scimrefdiffimg.fits.fz,Kulkarni,1,2506,9,861,26.249300003051758,1.243049973709276e-05,0.026379000395536423,0.09598550200462341,1.7466400095145218e-05,t17_f5_c3,,,,,,,,,,,,,,,,,,,,,,,,,,,,,,,,,,,,,,,ZTF18acwwqdf
2460263.0111343,3,2508511130915,19.35919952392578,/ztf/archive/sci/2023/1114/511134/ztf_20231114511134_000861_zi_c03_o_q2_scimrefdiffimg.fits.fz,Kulkarni,2,2508,9,861,25.638200759887695,4.0231197999673896e-06,0.024046700447797775,0.1629990041255951,1.6021700503188185e-05,t17_f5_c3,,,,,,,,,,,,,,,,,,,,,,,,,,,,,,,,,,,,,,,ZTF18acwwqdf
2460264.007581,2,2509507580915,19.780799865722656,/ztf/archive/sci/2023/1115/507581/ztf_20231115507581_000861_zr_c03_o_q2_scimrefdiffimg.fits.fz,Kulkarni,1,2509,9,861,26.042600631713867,3.36876000801567e-05,0.04363099858164787,0.08637110143899918,4.749869913212024e-05,t17_f5_c3,,,,,,,,,,,,,,,,,,,,,,,,,,,,,,,,,,,,,,,ZTF18acwwqdf
2460286.8752083,2,2532375203715,19.890100479125977,/ztf/archive/sci/2023/1208/375197/ztf_20231208375197_001871_zr_c10_o_q2_scimrefdiffimg.fits.fz,Kulkarni,2,2532,37,1871,26.2406005859375,1.49511997733498e-05,0.028783399611711502,0.10740000009536743,2.159409996238537e-05,t17_f5_c3,2.532375203715015e+18,1,1.0,859.7260131835938,1030.6800537109375,175.0710095,74.4653148,19.91860008239746,0.24377700686454773,1.4066499471664429,20.32379913330078,0.4404999911785126,0.04320399835705757,18.507999420166016,0.028999999165534973,1.1740000247955322,0.09200000017881393,0.14288200438022614,0.40524598956108093,1.6650899648666382,0.5070000290870667,859.7260131835938,-0.433665007352829,2.0,0.8450000286102295,0.7179999947547913,0.5074790120124817,0.43120700120925903,1.1768800020217896,5.0,0.0,0.8771430253982544,0.9690060019493103,19.977699279785156,0.40939998626708984,175.0710413,74.465324,7.19252,ZTF18acwwqdf
2460286.8752083,2,2532375203715,19.890100479125977,/ztf/archive/sci/2023/1208/375197/ztf_20231208375197_001871_zr_c10_o_q2_scimrefdiffimg.fits.fz,Kulkarni,2,2532,37,1871,26.2406005859375,1.49511997733498e-05,0.028783399611711502,0.10740000009536743,2.159409996238537e-05,t17_f5_c3,2.532375203715015e+18,t,1.0,859.7260131835938,1030.6800537109375,175.0710095,74.4653148,19.91860008239746,0.24377700686454773,1.4066499471664429,20.32379913330078,0.4404999911785126,0.04320399835705757,18.507999420166016,0.028999999165534973,1.1740000247955322,0.09200000017881393,0.14288200438022614,0.40524598956108093,1.6650899648666382,0.5070000290870667,859.7260131835938,-0.433665007352829,2.0,0.8450000286102295,0.7179999947547913,0.5074790120124817,0.43120700120925903,1.1768800020217896,5.0,0.0,0.8771430253982544,0.9690060019493103,19.977699279785156,0.40939998626708984,175.0710413,74.465324,7.19252,ZTF18acwwqdf
2460286.8941667,2,2532394163715,20.122400283813477,/ztf/archive/sci/2023/1208/394155/ztf_20231208394155_001871_zr_c10_o_q2_scimrefdiffimg.fits.fz,Kulkarni,3,2532,37,1871,26.2367000579834,1.090279965865193e-05,0.024388300254940987,0.11693300306797028,1.5607100067427382e-05,t17_f5_c3,2.532394163715015e+18,t,14.0,857.1589965820312,1041.7099609375,175.0710869,74.4654213,19.915700912475586,0.2128939926624298,0.9772729873657227,19.98699951171875,0.3066999912261963,0.3466170132160187,18.507999420166016,0.028999999165534973,1.1740000247955322,0.09200000017881393,0.25423699617385864,0.07128600031137466,1.4160499572753906,0.7749999761581421,857.1589965820312,0.13536100089550018,2.0,0.9079999923706055,0.6850000023841858,0.6412209868431091,0.4837400019168854,1.3255499601364136,4.0,0.0,0.9157140254974365,0.9802979826927185,20.416500091552734,0.5817000269889832,175.0710413,74.465324,5.82804,ZTF18acwwqdf
2460287.888287,1,2533388280915,19.80620002746582,/ztf/archive/sci/2023/1209/388287/ztf_20231209388287_000861_zg_c03_o_q2_scimrefdiffimg.fits.fz,Kulkarni,1,2533,9,861,26.29520034790039,4.3386800825828686e-05,0.044987600296735764,-0.0990023985505104,7.235730299726129e-05,t17_f5_c3,,,,,,,,,,,,,,,,,,,,,,,,,,,,,,,,,,,,,,,ZTF18acwwqdf
2460311.9880556,1,2557488050915,19.98940086364746,/ztf/archive/sci/2024/0102/488056/ztf_20240102488056_000861_zg_c03_o_q2_scimrefdiffimg.fits.fz,Kulkarni,1,2557,9,861,26.407899856567383,2.3725400751573034e-05,0.035378601402044296,-0.1493140012025833,3.629549973993562e-05,t17_f5_c3,,,,,,,,,,,,,,,,,,,,,,,,,,,,,,,,,,,,,,,ZTF18acwwqdf
2460312.0085185,2,2557508510915,20.08169937133789,/ztf/archive/sci/2024/0102/508507/ztf_20240102508507_000861_zr_c03_o_q2_scimrefdiffimg.fits.fz,Kulkarni,1,2557,9,861,26.339099884033203,1.1451000318629667e-05,0.025540299713611603,0.07651220262050629,1.6139400031534024e-05,t17_f5_c3,,,,,,,,,,,,,,,,,,,,,,,,,,,,,,,,,,,,,,,ZTF18acwwqdf
2460315.8114815,2,2561311480915,20.0492000579834,/ztf/archive/sci/2024/0106/311481/ztf_20240106311481_000861_zr_c03_o_q2_scimrefdiffimg.fits.fz,Kulkarni,1,2561,9,861,26.217500686645508,1.2321400390646886e-05,0.026235299184918404,0.09705080091953278,1.7471600585849956e-05,t17_f5_c3,,,,,,,,,,,,,,,,,,,,,,,,,,,,,,,,,,,,,,,ZTF18acwwqdf
2460315.8922569,2,2561392250915,19.972000122070312,/ztf/archive/sci/2024/0106/392257/ztf_20240106392257_000861_zr_c03_o_q2_scimrefdiffimg.fits.fz,Kulkarni,1,2561,9,861,26.236000061035156,1.1903600352525245e-05,0.02581699937582016,0.10570099949836731,1.6892199710127898e-05,t17_f5_c3,,,,,,,,,,,,,,,,,,,,,,,,,,,,,,,,,,,,,,,ZTF18acwwqdf
2460322.9496412,1,2568449640915,20.14069938659668,/ztf/archive/sci/2024/0113/449630/ztf_20240113449630_000861_zg_c03_o_q2_scimrefdiffimg.fits.fz,Kulkarni,1,2568,9,861,26.40679931640625,2.411800051049795e-05,0.035377200692892075,-0.14333899319171906,3.715589991770685e-05,t17_f5_c3,2.568449640915015e+18,t,0.0,1422.489990234375,186.24200439453125,175.0709766,74.4653654,19.982799530029297,0.25319400429725647,1.7043999433517456,20.289100646972656,0.2888000011444092,0.15611599385738373,18.385000228881836,0.010999999940395355,0.3160000145435333,-0.003000000026077032,0.22778500616550446,0.3063119947910309,2.3299999237060547,0.6330000162124634,186.24200439453125,-0.14838799834251404,1.7019599676132202,0.8259999752044678,0.7720000147819519,0.3545059859752655,0.33133000135421753,1.069949984550476,5.0,0.0,0.8857139945030212,0.9942860007286072,20.32469940185547,0.3792000114917755,175.0709546,74.4653219,8.20821,ZTF18acwwqdf
2460323.0154282,2,2568515420915,20.23419952392578,/ztf/archive/sci/2024/0113/515417/ztf_20240113515417_000861_zr_c03_o_q2_scimrefdiffimg.fits.fz,Kulkarni,1,2568,9,861,26.268999099731445,9.466069968766533e-06,0.023211399093270302,0.09371469914913177,1.330820032308111e-05,t17_f5_c3,,,,,,,,,,,,,,,,,,,,,,,,,,,,,,,,,,,,,,,ZTF18acwwqdf
2460325.9773495,2,2571477340915,20.065500259399414,/ztf/archive/sci/2024/0116/477338/ztf_20240116477338_000861_zr_c03_o_q2_scimrefdiffimg.fits.fz,Kulkarni,1,2571,9,861,26.242399215698242,9.54134975472698e-06,0.023476000875234604,0.09041939675807953,1.343890016869409e-05,t17_f5_c3,,,,,,,,,,,,,,,,,,,,,,,,,,,,,,,,,,,,,,,ZTF18acwwqdf
2460326.0152778,1,2571515270915,20.32390022277832,/ztf/archive/sci/2024/0116/515255/ztf_20240116515255_000861_zg_c03_o_q2_scimrefdiffimg.fits.fz,Kulkarni,1,2571,9,861,26.392099380493164,1.9022199921892025e-05,0.03249109908938408,-0.13206100463867188,2.6904499463853426e-05,t17_f5_c3,2.571515270915015e+18,t,1.0,1443.9300537109375,177.6510009765625,175.0710212,74.465216,20.010099411010742,0.2064410001039505,1.1352699995040894,20.014400482177734,0.2257000058889389,0.38170599937438965,18.385000228881836,0.010999999940395355,0.3160000145435333,-0.003000000026077032,0.8089550137519836,0.004327999893575907,2.5,0.7979999780654907,177.6510009765625,0.30954301357269287,1.338879942893982,0.9079999923706055,0.7689999938011169,0.36320000886917114,0.3075999915599823,1.1807500123977661,2.0,0.0,0.9314290285110474,1.0,19.86709976196289,0.2502000033855438,175.0709546,74.4653219,8.33408,ZTF18acwwqdf
2460327.890544,2,2573390540915,20.417800903320312,/ztf/archive/sci/2024/0118/390521/ztf_20240118390521_000861_zr_c03_o_q2_scimrefdiffimg.fits.fz,Kulkarni,1,2573,9,861,26.232900619506836,9.046720151673071e-06,0.022681299597024918,0.10907299816608429,1.2717299796349835e-05,t17_f5_c3,,,,,,,,,,,,,,,,,,,,,,,,,,,,,,,,,,,,,,,ZTF18acwwqdf
2460328.012581,1,2573512580915,20.39419937133789,/ztf/archive/sci/2024/0118/512581/ztf_20240118512581_000861_zg_c03_o_q2_scimrefdiffimg.fits.fz,Kulkarni,1,2573,9,861,26.349899291992188,1.882009928522166e-05,0.03266489878296852,-0.13542300462722778,2.6823799998965114e-05,t17_f5_c3,2.573512580915015e+18,t,1.0,1447.1400146484375,177.41200256347656,175.0711364,74.4653744,20.019899368286133,0.22472600638866425,1.4355700016021729,20.13409996032715,0.2517000138759613,0.25450998544692993,18.385000228881836,0.010999999940395355,0.3160000145435333,-0.003000000026077032,0.5255669951438904,0.11422999948263168,2.3299999237060547,0.8529999852180481,177.41200256347656,0.26014000177383423,1.3471399545669556,0.7480000257492065,0.6150000095367432,0.32102999091148376,0.263947993516922,1.2162599563598633,6.0,0.0,0.9599999785423279,0.9630860090255737,19.699600219726562,0.21449999511241913,175.0709546,74.4653219,8.22294,ZTF18acwwqdf
2460338.7958449,2,2584295840915,18.798900604248047,/ztf/archive/sci/2024/0129/295845/ztf_20240129295845_000861_zr_c03_o_q2_scimrefdiffimg.fits.fz,Kulkarni,1,2584,9,861,25.85610008239746,3.3267500839428976e-05,0.04145929962396622,0.09865870326757431,4.6749799366807565e-05,t17_f5_c3,,,,,,,,,,,,,,,,,,,,,,,,,,,,,,,,,,,,,,,ZTF18acwwqdf
2460341.779537,1,2587279530915,20.091999053955078,/ztf/archive/sci/2024/0201/279502/ztf_20240201279502_000861_zg_c03_o_q2_scimrefdiffimg.fits.fz,Kulkarni,1,2587,9,861,26.320600509643555,2.352820047235582e-05,0.03523600101470947,-0.09908390045166016,3.606259997468442e-05,t17_f5_c3,2.587279530915015e+18,t,0.0,1442.6700439453125,146.18600463867188,175.070411,74.4654132,19.89859962463379,0.1922059953212738,1.228309988975525,19.612600326538086,0.18129999935626984,0.6107969880104065,18.385000228881836,0.010999999940395355,0.3160000145435333,-0.003000000026077032,-0.12557299435138702,-0.28603699803352356,4.039999961853027,0.7860000133514404,146.18600463867188,0.47939300537109375,0.8757429718971252,1.2389999628067017,0.9399999976158142,0.3066830039024353,0.23267300426959991,1.318079948425293,2.0,0.0,0.7257140278816223,1.0,19.53179931640625,0.2142000049352646,175.0709546,74.4653219,7.85597,ZTF18acwwqdf
2460341.9024653,2,2587402460915,19.926799774169922,/ztf/archive/sci/2024/0201/402465/ztf_20240201402465_000861_zr_c03_o_q2_scimrefdiffimg.fits.fz,Kulkarni,1,2587,9,861,26.252399444580078,1.1464700037322473e-05,0.025474200025200844,0.09206560254096985,1.605219949851744e-05,t17_f5_c3,,,,,,,,,,,,,,,,,,,,,,,,,,,,,,,,,,,,,,,ZTF18acwwqdf
2460352.8928356,2,2598392830915,20.339399337768555,/ztf/archive/sci/2024/0212/392836/ztf_20240212392836_000861_zr_c03_o_q2_scimrefdiffimg.fits.fz,Kulkarni,1,2598,9,861,26.2460994720459,1.0916800420091022e-05,0.024851400405168533,0.10323099792003632,1.5357900338131003e-05,t17_f5_c3,,,,,,,,,,,,,,,,,,,,,,,,,,,,,,,,,,,,,,,ZTF18acwwqdf
2460352.9779514,1,2598477950915,20.232900619506836,/ztf/archive/sci/2024/0212/477951/ztf_20240212477951_000861_zg_c03_o_q2_scimrefdiffimg.fits.fz,Kulkarni,1,2598,9,861,26.38949966430664,2.6461999368621036e-05,0.037951599806547165,-0.13735899329185486,3.908970029442571e-05,t17_f5_c3,,,,,,,,,,,,,,,,,,,,,,,,,,,,,,,,,,,,,,,ZTF18acwwqdf
2460325.9217593,3,2571421750915,19.615999221801758,/ztf/archive/sci/2024/0116/421482/ztf_20240116421482_000861_zi_c03_o_q2_scimrefdiffimg.fits.fz,Kulkarni,2,2571,9,861,25.547399520874023,3.3263299883401487e-06,0.02194320037961006,0.1702200025320053,1.3227199815446511e-05,t17_f5_c3,,,,,,,,,,,,,,,,,,,,,,,,,,,,,,,,,,,,,,,ZTF18acwwqdf
2460328.9273495,3,2574427340915,16.092300415039062,/ztf/archive/sci/2024/0119/427199/ztf_20240119427199_000861_zi_c03_o_q2_scimrefdiffimg.fits.fz,Kulkarni,2,2574,9,861,22.300399780273438,0.0001733840035740286,0.07603819668292999,0.16981199383735657,0.0006674319738522172,t17_f5_c3,,,,,,,,,,,,,,,,,,,,,,,,,,,,,,,,,,,,,,,ZTF18acwwqdf
2460335.9077546,3,2581407750915,19.204099655151367,/ztf/archive/sci/2024/0126/407732/ztf_20240126407732_000861_zi_c03_o_q2_scimrefdiffimg.fits.fz,Kulkarni,2,2581,9,861,25.586599349975586,4.553489816316869e-06,0.025805100798606873,0.17961399257183075,1.767980029399041e-05,t17_f5_c3,,,,,,,,,,,,,,,,,,,,,,,,,,,,,,,,,,,,,,,ZTF18acwwqdf
2460338.881875,3,2584381870915,16.589799880981445,/ztf/archive/sci/2024/0129/381829/ztf_20240129381829_000861_zi_c03_o_q2_scimrefdiffimg.fits.fz,Kulkarni,2,2584,9,861,23.938899993896484,8.159269782481715e-05,0.05929030105471611,0.15731899440288544,0.0002874670026358217,t17_f5_c3,,,,,,,,,,,,,,,,,,,,,,,,,,,,,,,,,,,,,,,ZTF18acwwqdf
2460353.8523727,3,2599352370915,19.78070068359375,/ztf/archive/sci/2024/0213/352361/ztf_20240213352361_000861_zi_c03_o_q2_scimrefdiffimg.fits.fz,Kulkarni,2,2599,9,861,25.63010025024414,3.5649200071929954e-06,0.022762399166822433,0.16675500571727753,1.4173099771142006e-05,t17_f5_c3,,,,,,,,,,,,,,,,,,,,,,,,,,,,,,,,,,,,,,,ZTF18acwwqdf
2460354.8030093,1,2600303000915,20.465200424194336,/ztf/archive/sci/2024/0214/303009/ztf_20240214303009_000861_zg_c03_o_q2_scimrefdiffimg.fits.fz,Kulkarni,1,2600,9,861,26.35569953918457,1.7831700461101718e-05,0.03164390102028847,-0.14974500238895416,2.538519947847817e-05,t17_f5_c3,2.600303000915015e+18,t,0.0,1421.06005859375,148.4530029296875,175.0704554,74.4652494,20.28569984436035,0.206046000123024,1.3656500577926636,19.989200592041016,0.21690000593662262,0.540582001209259,18.385000228881836,0.010999999940395355,0.3160000145435333,-0.003000000026077032,0.18949200212955475,-0.2965100109577179,2.3299999237060547,0.7749999761581421,148.4530029296875,0.4759899973869324,1.2807400226593018,0.7950000166893005,0.6980000138282776,0.3412019908428192,0.2995710074901581,1.1389700174331665,5.0,0.0,0.945713996887207,0.9986379742622375,19.804100036621094,0.23240000009536743,175.0709546,74.4653219,7.69031,ZTF18acwwqdf
2460354.8934144,2,2600393410915,20.386699676513672,/ztf/archive/sci/2024/0214/393403/ztf_20240214393403_000861_zr_c03_o_q2_scimrefdiffimg.fits.fz,Kulkarni,1,2600,9,861,26.271400451660156,8.654429620946757e-06,0.022085100412368774,0.08580350130796432,1.2132600204495247e-05,t17_f5_c3,,,,,,,,,,,,,,,,,,,,,,,,,,,,,,,,,,,,,,,ZTF18acwwqdf
2460355.8270255,1,2601327020915,20.464000701904297,/ztf/archive/sci/2024/0215/327002/ztf_20240215327002_000861_zg_c03_o_q2_scimrefdiffimg.fits.fz,Qin,3,2601,9,861,26.359600067138672,1.9181699826731347e-05,0.03268929943442345,-0.13940399885177612,2.7256999601377174e-05,t17_f5_c3,2.601327020915015e+18,1,0.0,1428.1300048828125,173.73599243164062,175.0708669,74.4653362,19.90559959411621,0.19033199548721313,1.41211998462677,19.933900833129883,0.2102999985218048,0.09774000197649002,18.385000228881836,0.010999999940395355,0.3160000145435333,-0.003000000026077032,0.8243160247802734,0.028334999457001686,1.4642900228500366,0.6629999876022339,173.73599243164062,0.5301349759101868,2.0,0.6729999780654907,0.5370000004768372,0.4596090018749237,0.3667309880256653,1.2532600164413452,4.0,0.0,0.9528570175170898,0.9626610279083252,19.713600158691406,0.21809999644756317,175.0709546,74.4653219,6.93851,ZTF18acwwqdf
2460356.8705787,2,2602370570915,20.416200637817383,/ztf/archive/sci/2024/0216/370579/ztf_20240216370579_000861_zr_c03_o_q2_scimrefdiffimg.fits.fz,Kulkarni,1,2602,9,861,26.277099609375,7.276089945662534e-06,0.02028300054371357,0.07242199778556824,1.0161999853153247e-05,t17_f5_c3,,,,,,,,,,,,,,,,,,,,,,,,,,,,,,,,,,,,,,,ZTF18acwwqdf
2460355.8270255,1,2601327020915,20.464000701904297,/ztf/archive/sci/2024/0215/327002/ztf_20240215327002_000861_zg_c03_o_q2_scimrefdiffimg.fits.fz,Qin,3,2601,9,861,26.359600067138672,1.9181699826731347e-05,0.03268929943442345,-0.13940399885177612,2.7256999601377174e-05,t17_f5_c3,2.601327020915015e+18,t,0.0,1428.1300048828125,173.73599243164062,175.0708669,74.4653362,19.90559959411621,0.19033199548721313,1.41211998462677,19.933900833129883,0.2102999985218048,0.09774000197649002,18.385000228881836,0.010999999940395355,0.3160000145435333,-0.003000000026077032,0.8243160247802734,0.028334999457001686,1.4642900228500366,0.6629999876022339,173.73599243164062,0.5301349759101868,2.0,0.6729999780654907,0.5370000004768372,0.4596090018749237,0.3667309880256653,1.2532600164413452,4.0,0.0,0.9528570175170898,0.9626610279083252,19.713600158691406,0.21809999644756317,175.0709546,74.4653219,6.93851,ZTF18acwwqdf
2460355.849537,1,2601349530915,20.33810043334961,/ztf/archive/sci/2024/0215/349514/ztf_20240215349514_000861_zg_c03_o_q2_scimrefdiffimg.fits.fz,Qin,3,2601,9,861,26.347000122070312,2.0666799173341133e-05,0.03388559818267822,-0.11387500166893005,2.975979987240862e-05,t17_f5_c3,2.601349530915015e+18,t,1.0,1433.1600341796875,177.88699340820312,175.0711039,74.4652921,20.167999267578125,0.17608200013637543,1.1371500492095947,20.461599349975586,0.3504999876022339,0.17734099924564362,18.385000228881836,0.010999999940395355,0.3160000145435333,-0.003000000026077032,0.9319279789924622,0.293599009513855,2.3499999046325684,0.8740000128746033,177.88699340820312,-0.12349600344896317,1.3577500581741333,0.7519999742507935,0.7020000219345093,0.3199999928474426,0.2987230122089386,1.0712300539016724,5.0,0.0,0.947143018245697,0.9726070165634155,20.52739906311035,0.4733999967575073,175.0709546,74.4653219,6.82923,ZTF18acwwqdf
2460356.8934491,3,2602393440915,19.895599365234375,/ztf/archive/sci/2024/0216/393333/ztf_20240216393333_000861_zi_c03_o_q2_scimrefdiffimg.fits.fz,Kulkarni,2,2602,9,861,25.61840057373047,2.228840003226651e-06,0.018069399520754814,0.17984800040721893,8.811810403130949e-06,t17_f5_c3,,,,,,,,,,,,,,,,,,,,,,,,,,,,,,,,,,,,,,,ZTF18acwwqdf
2460356.9898958,1,2602489890915,20.42009925842285,/ztf/archive/sci/2024/0216/489873/ztf_20240216489873_000861_zg_c03_o_q2_scimrefdiffimg.fits.fz,Kulkarni,1,2602,9,861,26.379499435424805,1.8932400053017773e-05,0.032839298248291016,-0.1250459998846054,2.674919960554689e-05,t17_f5_c3,2.602489890915015e+18,t,0.0,1452.6500244140625,182.11700439453125,175.0711064,74.4652796,19.90250015258789,0.17199000716209412,1.1988999843597412,20.039499282836914,0.2126999944448471,0.20851999521255493,18.385000228881836,0.010999999940395355,0.3160000145435333,-0.003000000026077032,0.01447799988090992,0.13698500394821167,1.8600000143051147,0.7870000004768372,182.11700439453125,0.38064199686050415,1.8005900382995605,1.034999966621399,0.8840000033378601,0.5564519762992859,0.47526898980140686,1.1708099842071533,1.0,0.0,0.9314290285110474,1.0,19.911399841308594,0.2393999993801117,175.0709546,74.4653219,7.39477,ZTF18acwwqdf
2460363.7225463,1,2609222540915,18.454700469970703,/ztf/archive/sci/2024/0223/222512/ztf_20240223222512_000861_zg_c03_o_q2_scimrefdiffimg.fits.fz,Kulkarni,1,2609,9,861,25.997299194335938,9.729419980430976e-05,0.04456380009651184,-0.13486100733280182,0.0002195590059272945,t17_f5_c3,,,,,,,,,,,,,,,,,,,,,,,,,,,,,,,,,,,,,,,ZTF18acwwqdf
2460363.7844907,2,2609284490915,18.62019920349121,/ztf/archive/sci/2024/0223/284491/ztf_20240223284491_000861_zr_c03_o_q2_scimrefdiffimg.fits.fz,Kulkarni,1,2609,9,861,25.91390037536621,2.865009992092382e-05,0.03749559819698334,0.09366630017757416,4.085259934072383e-05,t17_f5_c3,,,,,,,,,,,,,,,,,,,,,,,,,,,,,,,,,,,,,,,ZTF18acwwqdf
2460365.8459259,1,2611345920915,17.372600555419922,/ztf/archive/sci/2024/0225/345926/ztf_20240225345926_000861_zg_c03_o_q2_scimrefdiffimg.fits.fz,Kulkarni,1,2611,9,861,25.087200164794922,0.000980537966825068,0.07545769959688187,-0.20490799844264984,0.002703920006752014,t17_f5_c3,,,,,,,,,,,,,,,,,,,,,,,,,,,,,,,,,,,,,,,ZTF18acwwqdf
2460369.783287,1,2615283280915,20.031099319458008,/ztf/archive/sci/2024/0229/283275/ztf_20240229283275_000861_zg_c03_o_q2_scimrefdiffimg.fits.fz,Kulkarni,1,2615,9,861,26.342100143432617,2.4440099878120236e-05,0.03627470135688782,-0.11773999780416489,3.633320011431351e-05,t17_f5_c3,2.615283280915015e+18,t,0.0,1442.27001953125,163.4080047607422,175.0708829,74.465361,19.531099319458008,0.19172799587249756,1.6510499715805054,19.915599822998047,0.30959999561309814,0.155007004737854,18.385000228881836,0.010999999940395355,0.3160000145435333,-0.003000000026077032,1.0104199647903442,0.38446199893951416,2.890000104904175,0.8519999980926514,163.4080047607422,0.11550000309944153,0.9899449944496155,0.6129999756813049,0.578000009059906,0.2121109962463379,0.20000000298023224,1.0605499744415283,5.0,0.0,0.9414290189743042,0.9705439805984497,19.800100326538086,0.35569998621940613,175.0709546,74.4653219,9.42899,ZTF18acwwqdf
2460369.8306134,2,2615330610915,20.22319984436035,/ztf/archive/sci/2024/0229/330613/ztf_20240229330613_000861_zr_c03_o_q2_scimrefdiffimg.fits.fz,Kulkarni,1,2615,9,861,26.232799530029297,9.696579581941478e-06,0.023569099605083466,0.10800900310277939,1.3597699762613047e-05,t17_f5_c3,,,,,,,,,,,,,,,,,,,,,,,,,,,,,,,,,,,,,,,ZTF18acwwqdf
2460379.8115509,2,2625311550915,19.951799392700195,/ztf/archive/sci/2024/0310/311539/ztf_20240310311539_000861_zr_c03_o_q2_scimrefdiffimg.fits.fz,Kulkarni,1,2625,9,861,26.096200942993164,1.193309981317725e-05,0.026060499250888824,0.10145699977874756,1.675970088399481e-05,t17_f5_c3,,,,,,,,,,,,,,,,,,,,,,,,,,,,,,,,,,,,,,,ZTF18acwwqdf
2460357.8882755,1,2603388270915,20.561100006103516,/ztf/archive/sci/2024/0217/388275/ztf_20240217388275_000861_zg_c03_o_q2_scimrefdiffimg.fits.fz,Qin,3,2603,9,861,26.40839958190918,1.381699985358864e-05,0.028033599257469177,-0.13846099376678467,1.9356399207026698e-05,t17_f5_c3,2.603388270915015e+18,t,0.0,1437.27001953125,182.0919952392578,175.0710206,74.4653007,19.778400421142578,0.1602039933204651,1.8618199825286865,19.73740005493164,0.17069999873638153,0.09817799925804138,18.385000228881836,0.010999999940395355,0.3160000145435333,-0.003000000026077032,0.3397580087184906,-0.04099699854850769,1.3844799995422363,0.7850000262260437,182.0919952392578,0.8237209916114807,2.0,0.6230000257492065,0.593999981880188,0.44998899102211,0.4290429949760437,1.0488200187683105,6.0,0.0,0.9328569769859314,0.9202399849891663,19.542600631713867,0.1808999925851822,175.0709546,74.4653219,7.22567,ZTF18acwwqdf
2460357.9325926,1,2603432590915,16.88050079345703,/ztf/archive/sci/2024/0217/432581/ztf_20240217432581_000861_zg_c03_o_q2_scimrefdiffimg.fits.fz,Qin,3,2603,9,861,23.07309913635254,0.0042169298976659775,0.12004800140857697,-0.19401900470256805,0.012485399842262268,t17_f5_c3,,,,,,,,,,,,,,,,,,,,,,,,,,,,,,,,,,,,,,,ZTF18acwwqdf
2460363.8254282,3,2609325420915,18.457500457763672,/ztf/archive/sci/2024/0223/325382/ztf_20240223325382_000861_zi_c03_o_q2_scimrefdiffimg.fits.fz,Kulkarni,2,2609,9,861,25.46489906311035,1.3744200259679928e-05,0.042085200548172,0.16356399655342102,4.921849904349074e-05,t17_f5_c3,,,,,,,,,,,,,,,,,,,,,,,,,,,,,,,,,,,,,,,ZTF18acwwqdf
2460365.8323032,2,2611332303715,18.196300506591797,/ztf/archive/sci/2024/0225/332245/ztf_20240225332245_001871_zr_c10_o_q2_scimrefdiffimg.fits.fz,Kulkarni,2,2611,37,1871,25.515399932861328,4.4388598325895146e-05,0.03901899978518486,0.11703100055456161,6.825820310041308e-05,t17_f5_c3,,,,,,,,,,,,,,,,,,,,,,,,,,,,,,,,,,,,,,,ZTF18acwwqdf
2460365.8327778,2,2611332773715,18.10379981994629,/ztf/archive/sci/2024/0225/332766/ztf_20240225332766_001871_zr_c10_o_q2_scimrefdiffimg.fits.fz,Kulkarni,3,2611,37,1871,25.442899703979492,9.29948000703007e-05,0.055896300822496414,0.11583399772644043,0.00014724400534760207,t17_f5_c3,,,,,,,,,,,,,,,,,,,,,,,,,,,,,,,,,,,,,,,ZTF18acwwqdf
2460368.842338,3,2614342330915,19.30229949951172,/ztf/archive/sci/2024/0228/342303/ztf_20240228342303_000861_zi_c03_o_q2_scimrefdiffimg.fits.fz,Kulkarni,2,2614,9,861,25.58009910583496,3.865899998345412e-06,0.023780299350619316,0.17235200107097626,1.4906099750078283e-05,t17_f5_c3,,,,,,,,,,,,,,,,,,,,,,,,,,,,,,,,,,,,,,,ZTF18acwwqdf
2460374.806169,3,2620306160915,18.61639976501465,/ztf/archive/sci/2024/0305/306007/ztf_20240305306007_000861_zi_c03_o_q2_scimrefdiffimg.fits.fz,Kulkarni,2,2620,9,861,24.566200256347656,1.2559699825942516e-05,0.042041800916194916,0.16107699275016785,4.8606998461764306e-05,t17_f5_c3,,,,,,,,,,,,,,,,,,,,,,,,,,,,,,,,,,,,,,,ZTF18acwwqdf
2460374.8260532,1,2620326050915,18.595699310302734,/ztf/archive/sci/2024/0305/326030/ztf_20240305326030_000861_zg_c03_o_q2_scimrefdiffimg.fits.fz,Qin,3,2620,9,861,25.055299758911133,6.53669994790107e-05,0.03866079822182655,-0.15656399726867676,0.00014329899568110704,t17_f5_c3,,,,,,,,,,,,,,,,,,,,,,,,,,,,,,,,,,,,,,,ZTF18acwwqdf
2460374.8486806,1,2620348680915,19.848899841308594,/ztf/archive/sci/2024/0305/348669/ztf_20240305348669_000861_zg_c03_o_q2_scimrefdiffimg.fits.fz,Qin,3,2620,9,861,26.10219955444336,4.405129948281683e-05,0.047297801822423935,-0.14466899633407593,7.000710320426151e-05,t17_f5_c3,2.620348680915015e+18,t,0.0,1440.9200439453125,183.5780029296875,175.0707899,74.4652779,19.594200134277344,0.24692800641059875,1.5323599576950073,19.829500198364258,0.26019999384880066,0.22140899300575256,18.385000228881836,0.010999999940395355,0.3160000145435333,-0.003000000026077032,0.380621999502182,0.23529799282550812,2.0299999713897705,0.7360000014305115,183.5780029296875,0.01935099996626377,1.8461999893188477,0.7620000243186951,0.6980000138282776,0.37536901235580444,0.3438419997692108,1.091689944267273,4.0,0.0,0.9014289975166321,0.94411301612854,19.633899688720703,0.27709999680519104,175.0709546,74.4653219,9.45615,ZTF18acwwqdf
2460379.8645949,1,2625364590915,20.06730079650879,/ztf/archive/sci/2024/0310/364514/ztf_20240310364514_000861_zg_c03_o_q2_scimrefdiffimg.fits.fz,Kulkarni,1,2625,9,861,26.23349952697754,2.7282900191494264e-05,0.038600701838731766,-0.13950200378894806,4.056379839312285e-05,t17_f5_c3,2.625364590915015e+18,t,0.0,1437.2900390625,157.052001953125,175.071097,74.4652974,19.387500762939453,0.16081300377845764,1.2542699575424194,19.642499923706055,0.21170000731945038,0.1611970067024231,18.385000228881836,0.010999999940395355,0.3160000145435333,-0.003000000026077032,0.7325050234794617,0.2550010085105896,2.059999942779541,0.8999999761581421,157.052001953125,0.42475101351737976,1.5440800189971924,0.777999997138977,0.7099999785423279,0.3776699900627136,0.3446600139141083,1.0957800149917603,3.0,0.0,0.9628570079803467,1.0,19.668100357055664,0.2757999897003174,175.0709546,74.4653219,11.6035,ZTF18acwwqdf
2460380.7874306,1,2626287430915,17.281099319458008,/ztf/archive/sci/2024/0311/287384/ztf_20240311287384_000861_zg_c03_o_q2_scimrefdiffimg.fits.fz,Qin,3,2626,9,861,23.83099937438965,0.0008094690274447203,0.07922770082950592,-0.11395999789237976,0.0022109500132501125,t17_f5_c3,,,,,,,,,,,,,,,,,,,,,,,,,,,,,,,,,,,,,,,ZTF18acwwqdf
2460380.8056134,1,2626305610915,19.095800399780273,/ztf/archive/sci/2024/0311/305613/ztf_20240311305613_000861_zg_c03_o_q2_scimrefdiffimg.fits.fz,Qin,3,2626,9,861,25.45789909362793,5.204910121392459e-05,0.044320300221443176,-0.15479999780654907,9.977359877666458e-05,t17_f5_c3,2.626305610915015e+18,t,0.0,1444.280029296875,176.61199951171875,175.0707497,74.4653028,19.392900466918945,0.3063330054283142,1.23580002784729,19.372100830078125,0.38339999318122864,0.2065580040216446,18.385000228881836,0.010999999940395355,0.3160000145435333,-0.003000000026077032,0.8564500212669373,-0.020824000239372253,2.3499999046325684,0.8240000009536743,176.61199951171875,-0.27626100182533264,1.3992300033569336,0.6899999976158142,0.6290000081062317,0.29361701011657715,0.267659991979599,1.0969799757003784,8.0,0.0,0.8700000047683716,0.8560569882392883,19.554899215698242,0.5814999938011169,175.0709546,74.4653219,5.8318,ZTF18acwwqdf
2460388.8051389,1,2634305130915,19.78339958190918,/ztf/archive/sci/2024/0319/305058/ztf_20240319305058_000861_zg_c03_o_q2_scimrefdiffimg.fits.fz,Kulkarni,1,2634,9,861,26.35610008239746,2.567249975982122e-05,0.03669999912381172,-0.11268900334835052,4.0294598875334486e-05,t17_f5_c3,2.634305130915015e+18,t,0.0,1433.9300537109375,184.61900329589844,175.0708642,74.4653047,19.407100677490234,0.1599320024251938,1.2324700355529785,19.514699935913086,0.2542000114917755,0.10559800267219543,18.385000228881836,0.010999999940395355,0.3160000145435333,-0.003000000026077032,1.526379942893982,0.10756699740886688,2.9700000286102295,0.9729999899864197,184.61900329589844,0.2686919867992401,1.014680027961731,0.9169999957084656,0.7889999747276306,0.30875399708747864,0.2656570076942444,1.1622300148010254,2.0,0.0,0.9628570079803467,1.0,19.44729995727539,0.30570000410079956,175.0709546,74.4653219,10.4824,ZTF18acwwqdf
2460388.8640046,2,2634364000915,19.732200622558594,/ztf/archive/sci/2024/0319/364005/ztf_20240319364005_000861_zr_c03_o_q2_scimrefdiffimg.fits.fz,Kulkarni,1,2634,9,861,26.235700607299805,2.7632899218588136e-05,0.039703499525785446,0.10465800017118454,3.874420144711621e-05,t17_f5_c3,,,,,,,,,,,,,,,,,,,,,,,,,,,,,,,,,,,,,,,ZTF18acwwqdf
2460390.8369329,2,2636336930915,19.922199249267578,/ztf/archive/sci/2024/0321/336343/ztf_20240321336343_000861_zr_c03_o_q2_scimrefdiffimg.fits.fz,Kulkarni,1,2636,9,861,26.22249984741211,1.171589974546805e-05,0.025867700576782227,0.10264100134372711,1.641349990677554e-05,t17_f5_c3,,,,,,,,,,,,,,,,,,,,,,,,,,,,,,,,,,,,,,,ZTF18acwwqdf
2460383.8752546,1,2629375250915,20.0531005859375,/ztf/archive/sci/2024/0314/375231/ztf_20240314375231_000861_zg_c03_o_q2_scimrefdiffimg.fits.fz,Qin,3,2629,9,861,26.3164005279541,2.6903899197350256e-05,0.03802119940519333,-0.11884099990129471,4.152390101808123e-05,t17_f5_c3,2.629375250915015e+18,t,0.0,1449.9200439453125,184.593994140625,175.0707246,74.4652591,19.440399169921875,0.14454099535942078,1.1860300302505493,19.508100509643555,0.16439999639987946,0.3126850128173828,18.385000228881836,0.010999999940395355,0.3160000145435333,-0.003000000026077032,1.0037800073623657,0.06770700216293335,3.2899999618530273,0.8669999837875366,184.593994140625,0.5449709892272949,1.1221100091934204,0.9710000157356262,0.8820000290870667,0.2951369881629944,0.2680850028991699,1.100909948348999,1.0,0.0,0.8971430063247681,1.0,19.587200164794922,0.22439999878406525,175.0709546,74.4653219,13.2408,ZTF18acwwqdf
2460389.8915394,3,2635391530915,19.225000381469727,/ztf/archive/sci/2024/0320/391470/ztf_20240320391470_000861_zi_c03_o_q2_scimrefdiffimg.fits.fz,Kulkarni,2,2635,9,861,25.587900161743164,3.924009888578439e-06,0.02402859926223755,0.16823400557041168,1.5171400264080148e-05,t17_f5_c3,,,,,,,,,,,,,,,,,,,,,,,,,,,,,,,,,,,,,,,ZTF18acwwqdf
2460390.969838,1,2636469830915,19.377899169921875,/ztf/archive/sci/2024/0321/469838/ztf_20240321469838_000861_zg_c03_o_q2_scimrefdiffimg.fits.fz,Kulkarni,1,2636,9,861,26.288299560546875,3.677820131997578e-05,0.03980720043182373,-0.13574199378490448,6.629960262216628e-05,t17_f5_c3,2.636469830915015e+18,t,0.0,1460.93994140625,149.58599853515625,175.0711847,74.4653319,19.196300506591797,0.18129999935626984,1.2292799949645996,19.180099487304688,0.22550000250339508,0.2218790054321289,18.385000228881836,0.010999999940395355,0.3160000145435333,-0.003000000026077032,0.7803620100021362,-0.016155999153852463,2.240000009536743,0.7860000133514404,149.58599853515625,0.19776999950408936,1.6149300336837769,1.0210000276565552,0.777999997138977,0.4558039903640747,0.3473210036754608,1.3123400211334229,2.0,0.0,0.8471429944038391,1.0,19.183000564575195,0.28940001130104065,175.0709546,74.4653219,7.74982,ZTF18acwwqdf
2460391.6652546,1,2637165250915,19.257099151611328,/ztf/archive/sci/2024/0322/165243/ztf_20240322165243_000861_zg_c03_o_q2_scimrefdiffimg.fits.fz,Qin,3,2637,9,861,26.290800094604492,3.666260090540163e-05,0.03795360028743744,-0.09377139806747437,6.816600216552615e-05,t17_f5_c3,2.637165250915015e+18,1,0.0,1444.0400390625,143.90699768066406,175.0707469,74.4652219,19.332799911499023,0.1710200011730194,1.4594800472259521,19.0487003326416,0.24869999289512634,0.4068810045719147,18.385000228881836,0.010999999940395355,0.3160000145435333,-0.003000000026077032,-0.1323699951171875,-0.2841379940509796,2.3399999141693115,0.8180000185966492,143.90699768066406,0.208405002951622,1.3811999559402466,1.1740000247955322,1.0440000295639038,0.501708984375,0.44615399837493896,1.124519944190979,2.0,0.0,0.8257139921188354,1.0,18.885400772094727,0.2745000123977661,175.0709546,74.4653219,7.91908,ZTF18acwwqdf
2460392.9150231,1,2638415020915,18.390499114990234,/ztf/archive/sci/2024/0323/414954/ztf_20240323414954_000861_zg_c03_o_q2_scimrefdiffimg.fits.fz,Kulkarni,1,2638,9,861,25.839799880981445,0.00012891599908471107,0.04590990021824837,-0.10003799945116043,0.00029625798924826086,t17_f5_c3,,,,,,,,,,,,,,,,,,,,,,,,,,,,,,,,,,,,,,,ZTF18acwwqdf
2460397.9220023,2,2643422000915,19.4552001953125,/ztf/archive/sci/2024/0328/421991/ztf_20240328421991_000861_zr_c03_o_q2_scimrefdiffimg.fits.fz,Kulkarni,1,2643,9,861,26.125,2.8572800147230737e-05,0.040144000202417374,0.08362189680337906,4.02133991883602e-05,t17_f5_c3,,,,,,,,,,,,,,,,,,,,,,,,,,,,,,,,,,,,,,,ZTF18acwwqdf
2460397.9709722,1,2643470970915,18.84040069580078,/ztf/archive/sci/2024/0328/470972/ztf_20240328470972_000861_zg_c03_o_q2_scimrefdiffimg.fits.fz,Kulkarni,1,2643,9,861,26.026100158691406,7.559380173915997e-05,0.045268598943948746,-0.15118800103664398,0.00015486599295400083,t17_f5_c3,,,,,,,,,,,,,,,,,,,,,,,,,,,,,,,,,,,,,,,ZTF18acwwqdf
2460403.7558912,2,2649255890915,20.356800079345703,/ztf/archive/sci/2024/0403/255694/ztf_20240403255694_000861_zr_c03_o_q2_scimrefdiffimg.fits.fz,Kulkarni,1,2649,9,861,26.218299865722656,8.959340448200237e-06,0.022653799504041672,0.10187499970197678,1.2495799637690652e-05,t17_f5_c3,,,,,,,,,,,,,,,,,,,,,,,,,,,,,,,,,,,,,,,ZTF18acwwqdf
2460403.8476042,1,2649347600915,20.392499923706055,/ztf/archive/sci/2024/0403/347569/ztf_20240403347569_000861_zg_c03_o_q2_scimrefdiffimg.fits.fz,Kulkarni,1,2649,9,861,26.340599060058594,1.6059999325079843e-05,0.03041750006377697,-0.10445199906826019,2.2654900021734647e-05,t17_f5_c3,2.649347600915015e+18,t,0.0,1452.0999755859375,177.99000549316406,175.0712476,74.4653057,19.503599166870117,0.11608099937438965,1.2076599597930908,19.456600189208984,0.1589999943971634,0.28482601046562195,18.385000228881836,0.010999999940395355,0.3160000145435333,-0.003000000026077032,1.1283600330352783,-0.0469839982688427,2.890000104904175,0.9070000052452087,177.99000549316406,0.9358670115470886,0.9202749729156494,0.75,0.7110000252723694,0.25951600074768066,0.24602100253105164,1.0548499822616577,4.0,0.0,0.945713996887207,0.9881600141525269,19.715700149536133,0.25609999895095825,175.0709546,74.4653219,9.22999,ZTF18acwwqdf
2460407.7917014,1,2653291700915,20.069599151611328,/ztf/archive/sci/2024/0407/291690/ztf_20240407291690_000861_zg_c03_o_q2_scimrefdiffimg.fits.fz,Kulkarni,1,2653,9,861,26.364900588989258,2.4415799998678267e-05,0.03568140044808388,-0.15322500467300415,3.779599865083583e-05,t17_f5_c3,2.653291700915015e+18,t,0.0,1429.93994140625,177.12600708007812,175.0708591,74.4653552,19.479900360107422,0.13867899775505066,1.1916099786758423,19.377500534057617,0.14339999854564667,0.1363469958305359,18.385000228881836,0.010999999940395355,0.3160000145435333,-0.003000000026077032,0.6376609802246094,-0.10236699879169464,2.630000114440918,0.9549999833106995,177.12600708007812,0.6920980215072632,1.4017499685287476,1.0019999742507935,0.9890000224113464,0.3809889853000641,0.37604600191116333,1.0131399631500244,1.0,0.0,0.9185709953308105,1.0,19.23740005493164,0.16030000150203705,175.0709546,74.4653219,11.3018,ZTF18acwwqdf
2460407.8724769,2,2653372470915,20.034700393676758,/ztf/archive/sci/2024/0407/372465/ztf_20240407372465_000861_zr_c03_o_q2_scimrefdiffimg.fits.fz,Kulkarni,1,2653,9,861,26.23150062561035,9.635249625716824e-06,0.023478399962186813,0.08638259768486023,1.35235995912808e-05,t17_f5_c3,,,,,,,,,,,,,,,,,,,,,,,,,,,,,,,,,,,,,,,ZTF18acwwqdf
2460391.6652546,1,2637165250915,19.257099151611328,/ztf/archive/sci/2024/0322/165243/ztf_20240322165243_000861_zg_c03_o_q2_scimrefdiffimg.fits.fz,Qin,3,2637,9,861,26.290800094604492,3.666260090540163e-05,0.03795360028743744,-0.09377139806747437,6.816600216552615e-05,t17_f5_c3,2.637165250915015e+18,t,0.0,1444.0400390625,143.90699768066406,175.0707469,74.4652219,19.332799911499023,0.1710200011730194,1.4594800472259521,19.0487003326416,0.24869999289512634,0.4068810045719147,18.385000228881836,0.010999999940395355,0.3160000145435333,-0.003000000026077032,-0.1323699951171875,-0.2841379940509796,2.3399999141693115,0.8180000185966492,143.90699768066406,0.208405002951622,1.3811999559402466,1.1740000247955322,1.0440000295639038,0.501708984375,0.44615399837493896,1.124519944190979,2.0,0.0,0.8257139921188354,1.0,18.885400772094727,0.2745000123977661,175.0709546,74.4653219,7.91908,ZTF18acwwqdf
2460391.8278009,1,2637327800915,19.583999633789062,/ztf/archive/sci/2024/0322/327801/ztf_20240322327801_000861_zg_c03_o_q2_scimrefdiffimg.fits.fz,Qin,3,2637,9,861,26.384599685668945,3.76308016711846e-05,0.042527299374341965,-0.14411699771881104,6.222890078788623e-05,t17_f5_c3,2.637327800915015e+18,t,0.0,1466.5,176.27999877929688,175.0708354,74.465363,19.359600067138672,0.20942999422550201,2.180259943008423,19.62809944152832,0.3449000120162964,0.1849830001592636,18.385000228881836,0.010999999940395355,0.3160000145435333,-0.003000000026077032,2.0459299087524414,0.2684580087661743,2.509999990463257,0.7110000252723694,176.27999877929688,-0.04412800073623657,1.175320029258728,0.6000000238418579,0.5189999938011169,0.23904399573802948,0.20677299797534943,1.1560699939727783,7.0,0.0,0.8728569746017456,0.8385390043258667,19.433900833129883,0.36959999799728394,175.0709546,74.4653219,8.52761,ZTF18acwwqdf
2460392.788912,3,2638288910915,15.545499801635742,/ztf/archive/sci/2024/0323/288889/ztf_20240323288889_000861_zi_c03_o_q2_scimrefdiffimg.fits.fz,Kulkarni,2,2638,9,861,23.352500915527344,0.0002961879945360124,0.04813839867711067,0.1205739974975586,0.002134470036253333,t17_f5_c3,,,,,,,,,,,,,,,,,,,,,,,,,,,,,,,,,,,,,,,ZTF18acwwqdf
2460395.7832523,1,2641283250915,18.977699279785156,/ztf/archive/sci/2024/0326/283218/ztf_20240326283218_000861_zg_c03_o_q2_scimrefdiffimg.fits.fz,Qin,3,2641,9,861,26.302600860595703,5.203839828027412e-05,0.04035219922661781,-0.10891900211572647,0.00010131699673365802,t17_f5_c3,2.641283250915015e+18,t,1.0,1424.8299560546875,193.6580047607422,175.0705115,74.4654272,19.303600311279297,0.22944900393486023,0.9997130036354065,19.36009979248047,0.35350000858306885,0.5640419721603394,18.385000228881836,0.010999999940395355,0.3160000145435333,-0.003000000026077032,1.806130051612854,0.056547001004219055,2.549999952316284,0.7360000014305115,193.6580047607422,-0.38244199752807617,1.5350099802017212,1.312999963760376,1.1610000133514404,0.5149019956588745,0.45529401302337646,1.1309200525283813,3.0,0.0,0.6842859983444214,0.96806800365448,19.510799407958984,0.5210999846458435,175.0709546,74.4653219,6.82903,ZTF18acwwqdf
2460396.8662384,1,2642366230915,19.35070037841797,/ztf/archive/sci/2024/0327/366238/ztf_20240327366238_000861_zg_c03_o_q2_scimrefdiffimg.fits.fz,Qin,3,2642,9,861,26.358299255371094,4.0225200791610405e-05,0.04086960107088089,-0.14097000658512115,7.207949965959415e-05,t17_f5_c3,2.642366230915015e+18,t,1.0,1445.8699951171875,185.3300018310547,175.0705387,74.4652412,19.680299758911133,0.222353994846344,0.9290279746055603,20.036699295043945,0.527400016784668,0.48911699652671814,18.385000228881836,0.010999999940395355,0.3160000145435333,-0.003000000026077032,3.5505099296569824,0.3563860058784485,1.7347500324249268,0.6480000019073486,185.3300018310547,-0.6860209703445435,2.0,0.8859999775886536,0.7850000262260437,0.5107349753379822,0.45251399278640747,1.128659963607788,3.0,0.0,0.8600000143051147,1.0,20.023500442504883,0.6690000295639038,175.0709546,74.4653219,6.24652,ZTF18acwwqdf
2460396.8933565,1,2642393350915,19.284500122070312,/ztf/archive/sci/2024/0327/393333/ztf_20240327393333_000861_zg_c03_o_q2_scimrefdiffimg.fits.fz,Qin,3,2642,9,861,26.3435001373291,4.3092401028843597e-05,0.04126479849219322,-0.12493199855089188,8.129989873850718e-05,t17_f5_c3,2.642393350915015e+18,t,1.0,1451.4000244140625,179.46800231933594,175.0711376,74.4652467,19.399499893188477,0.23858299851417542,0.8848369717597961,19.47570037841797,0.32100000977516174,0.319227010011673,18.385000228881836,0.010999999940395355,0.3160000145435333,-0.003000000026077032,2.748539924621582,0.07622700184583664,3.4100000858306885,0.7649999856948853,179.46800231933594,-0.19119800627231598,1.0623699426651,1.0130000114440918,1.00600004196167,0.29706698656082153,0.29501500725746155,1.0069600343704224,1.0,0.0,0.8342859745025635,1.0,18.99839973449707,0.265500009059906,175.0709546,74.4653219,7.81177,ZTF18acwwqdf
2460397.8616204,3,2643361620915,19.273300170898438,/ztf/archive/sci/2024/0328/361609/ztf_20240328361609_000861_zi_c03_o_q2_scimrefdiffimg.fits.fz,Kulkarni,2,2643,9,861,25.579700469970703,3.763389941013884e-06,0.023296700790524483,0.1713320016860962,1.492689989390783e-05,t17_f5_c3,,,,,,,,,,,,,,,,,,,,,,,,,,,,,,,,,,,,,,,ZTF18acwwqdf
2460404.9494213,3,2650449420915,19.309600830078125,/ztf/archive/sci/2024/0404/449340/ztf_20240404449340_000861_zi_c03_o_q2_scimrefdiffimg.fits.fz,Kulkarni,2,2650,9,861,25.612499237060547,4.478679784369888e-06,0.025663400068879128,0.1629199981689453,1.7906499124364927e-05,t17_f5_c3,,,,,,,,,,,,,,,,,,,,,,,,,,,,,,,,,,,,,,,ZTF18acwwqdf
2460408.894537,3,2654394530915,19.45210075378418,/ztf/archive/sci/2024/0408/394537/ztf_20240408394537_000861_zi_c03_o_q2_scimrefdiffimg.fits.fz,Kulkarni,2,2654,9,861,25.592100143432617,4.195409928797744e-06,0.024668000638484955,0.16753000020980835,1.6684000001987442e-05,t17_f5_c3,,,,,,,,,,,,,,,,,,,,,,,,,,,,,,,,,,,,,,,ZTF18acwwqdf
2460412.8844444,1,2658384440915,20.350400924682617,/ztf/archive/sci/2024/0412/384421/ztf_20240412384421_000861_zg_c03_o_q2_scimrefdiffimg.fits.fz,Kulkarni,1,2658,9,861,26.30970001220703,1.875549969554413e-05,0.03215859830379486,-0.13508300483226776,2.6806199457496405e-05,t17_f5_c3,2.658384440915015e+18,t,0.0,1481.5400390625,139.72999572753906,175.0709309,74.4652807,19.303699493408203,0.13719700276851654,2.071010112762451,19.24839973449707,0.121799997985363,0.15356099605560303,18.385000228881836,0.010999999940395355,0.3160000145435333,-0.003000000026077032,0.3206320106983185,-0.055319998413324356,2.75,0.9900000095367432,139.72999572753906,1.1020300388336182,1.0935699939727783,0.7649999856948853,0.6809999942779541,0.2781819999217987,0.24763600528240204,1.1233500242233276,2.0,0.0,0.9728569984436035,1.0,19.252399444580078,0.15469999611377716,175.0709546,74.4653219,17.109,ZTF18acwwqdf
2460412.9065741,2,2658406570915,20.367599487304688,/ztf/archive/sci/2024/0412/406493/ztf_20240412406493_000861_zr_c03_o_q2_scimrefdiffimg.fits.fz,Kulkarni,1,2658,9,861,26.18000030517578,9.302309990744106e-06,0.02281779982149601,0.10146400332450867,1.3102399861963931e-05,t17_f5_c3,,,,,,,,,,,,,,,,,,,,,,,,,,,,,,,,,,,,,,,ZTF18acwwqdf
2460413.7272454,3,2659227240915,19.530099868774414,/ztf/archive/sci/2024/0413/227095/ztf_20240413227095_000861_zi_c03_o_q2_scimrefdiffimg.fits.fz,Kulkarni,2,2659,9,861,25.593299865722656,2.8331699013506295e-06,0.020400799810886383,0.180976003408432,1.1005299711541738e-05,t17_f5_c3,,,,,,,,,,,,,,,,,,,,,,,,,,,,,,,,,,,,,,,ZTF18acwwqdf
2460413.7488426,1,2659248840915,20.344999313354492,/ztf/archive/sci/2024/0413/248634/ztf_20240413248634_000861_zg_c03_o_q2_scimrefdiffimg.fits.fz,Qin,3,2659,9,861,26.331499099731445,1.5503099348279648e-05,0.02967830002307892,-0.10652100294828415,2.2176500351633877e-05,t17_f5_c3,2.659248840915015e+18,1,0.0,1446.449951171875,175.593994140625,175.0711085,74.4653008,19.434499740600586,0.1347540020942688,1.9629499912261963,19.342899322509766,0.133200004696846,0.1645199954509735,18.385000228881836,0.010999999940395355,0.3160000145435333,-0.003000000026077032,0.28219500184059143,-0.0915910005569458,2.4100000858306885,0.9919999837875366,175.593994140625,1.0020899772644043,1.2495900392532349,0.9010000228881836,0.8489999771118164,0.3738589882850647,0.35228198766708374,1.0612499713897705,0.0,0.0,0.9714289903640747,1.0,19.2091007232666,0.14920000731945038,175.0709546,74.4653219,15.1146,ZTF18acwwqdf
2460391.8278009,1,2637327800915,19.583999633789062,/ztf/archive/sci/2024/0322/327801/ztf_20240322327801_000861_zg_c03_o_q2_scimrefdiffimg.fits.fz,Qin,3,2637,9,861,26.384599685668945,3.76308016711846e-05,0.042527299374341965,-0.14411699771881104,6.222890078788623e-05,t17_f5_c3,2.637327800915025e+18,t,0.0,1466.5,176.27999877929688,175.0708354,74.465363,19.359600067138672,0.20942999422550201,2.180259943008423,19.62809944152832,0.3449000120162964,0.1849830001592636,18.385000228881836,0.010999999940395355,0.3160000145435333,-0.003000000026077032,2.0459299087524414,0.2684580087661743,2.509999990463257,0.7110000252723694,176.27999877929688,-0.04412800073623657,1.175320029258728,0.6000000238418579,0.5189999938011169,0.23904399573802948,0.20677299797534943,1.1560699939727783,7.0,0.0,0.8728569746017456,0.8385390043258667,19.433900833129883,0.36959999799728394,175.0709546,74.4653219,8.52761,ZTF18acwwqdf
2460413.7488426,1,2659248840915,20.344999313354492,/ztf/archive/sci/2024/0413/248634/ztf_20240413248634_000861_zg_c03_o_q2_scimrefdiffimg.fits.fz,Qin,3,2659,9,861,26.331499099731445,1.5503099348279648e-05,0.02967830002307892,-0.10652100294828415,2.2176500351633877e-05,t17_f5_c3,2.659248840915015e+18,t,0.0,1446.449951171875,175.593994140625,175.0711085,74.4653008,19.434499740600586,0.1347540020942688,1.9629499912261963,19.342899322509766,0.133200004696846,0.1645199954509735,18.385000228881836,0.010999999940395355,0.3160000145435333,-0.003000000026077032,0.28219500184059143,-0.0915910005569458,2.4100000858306885,0.9919999837875366,175.593994140625,1.0020899772644043,1.2495900392532349,0.9010000228881836,0.8489999771118164,0.3738589882850647,0.35228198766708374,1.0612499713897705,0.0,0.0,0.9714289903640747,1.0,19.2091007232666,0.14920000731945038,175.0709546,74.4653219,15.1146,ZTF18acwwqdf
2460413.8455208,1,2659345520915,20.538999557495117,/ztf/archive/sci/2024/0413/345440/ztf_20240413345440_000861_zg_c03_o_q2_scimrefdiffimg.fits.fz,Qin,3,2659,9,861,26.33169937133789,1.512240032752743e-05,0.0293371994048357,-0.12912699580192566,2.133310044882819e-05,t17_f5_c3,2.659345520915015e+18,t,0.0,1463.780029296875,168.281005859375,175.071038,74.465295,19.395700454711914,0.13153299689292908,2.104530096054077,19.66830062866211,0.147599995136261,0.12442100048065186,18.385000228881836,0.010999999940395355,0.3160000145435333,-0.003000000026077032,0.7127569913864136,0.27262499928474426,2.2799999713897705,0.8429999947547913,168.281005859375,0.8707429766654968,1.3651599884033203,0.796999990940094,0.7310000061988831,0.34956100583076477,0.3206140100955963,1.0902899503707886,2.0,0.0,0.9342859983444214,0.9678940176963806,19.630800247192383,0.17970000207424164,175.0709546,74.4653219,11.7034,ZTF18acwwqdf
2460416.7321759,2,2662232170915,20.05139923095703,/ztf/archive/sci/2024/0416/231979/ztf_20240416231979_000861_zr_c03_o_q2_scimrefdiffimg.fits.fz,Kulkarni,1,2662,9,861,26.23270034790039,1.2574299944390077e-05,0.026652399450540543,0.09692990034818649,1.7466700228396803e-05,t17_f5_c3,,,,,,,,,,,,,,,,,,,,,,,,,,,,,,,,,,,,,,,ZTF18acwwqdf
2460416.8080324,1,2662308030915,18.287700653076172,/ztf/archive/sci/2024/0416/307986/ztf_20240416307986_000861_zg_c03_o_q2_scimrefdiffimg.fits.fz,Kulkarni,1,2662,9,861,25.216100692749023,0.0016578399809077382,0.1656610071659088,-0.14362099766731262,0.003981810063123703,t17_f5_c3,,,,,,,,,,,,,,,,,,,,,,,,,,,,,,,,,,,,,,,ZTF18acwwqdf
2460417.7053356,1,2663205330915,20.04360008239746,/ztf/archive/sci/2024/0417/205336/ztf_20240417205336_000861_zg_c03_o_q2_scimrefdiffimg.fits.fz,Qin,3,2663,9,861,26.300899505615234,2.7469499400467612e-05,0.039236098527908325,-0.08289589732885361,4.040179919684306e-05,t17_f5_c3,2.663205330915015e+18,1,0.0,1474.77001953125,165.08900451660156,175.0712835,74.465346,19.56089973449707,0.14803899824619293,1.2333699464797974,19.85610008239746,0.3359000086784363,0.3279629945755005,18.385000228881836,0.010999999940395355,0.3160000145435333,-0.003000000026077032,0.9664700031280518,0.29515698552131653,2.3499999046325684,0.9670000076293945,165.08900451660156,0.1875459998846054,1.0456000566482544,0.6050000190734863,0.5490000247955322,0.2574470043182373,0.23361699283123016,1.1019999980926514,5.0,0.0,0.949999988079071,0.9723690152168274,19.996999740600586,0.489300012588501,175.0709546,74.4653219,5.51218,ZTF18acwwqdf
2460417.7053356,1,2663205330915,20.04360008239746,/ztf/archive/sci/2024/0417/205336/ztf_20240417205336_000861_zg_c03_o_q2_scimrefdiffimg.fits.fz,Qin,3,2663,9,861,26.300899505615234,2.7469499400467612e-05,0.039236098527908325,-0.08289589732885361,4.040179919684306e-05,t17_f5_c3,2.663205330915015e+18,t,0.0,1474.77001953125,165.08900451660156,175.0712835,74.465346,19.56089973449707,0.14803899824619293,1.2333699464797974,19.85610008239746,0.3359000086784363,0.3279629945755005,18.385000228881836,0.010999999940395355,0.3160000145435333,-0.003000000026077032,0.9664700031280518,0.29515698552131653,2.3499999046325684,0.9670000076293945,165.08900451660156,0.1875459998846054,1.0456000566482544,0.6050000190734863,0.5490000247955322,0.2574470043182373,0.23361699283123016,1.1019999980926514,5.0,0.0,0.949999988079071,0.9723690152168274,19.996999740600586,0.489300012588501,175.0709546,74.4653219,5.51218,ZTF18acwwqdf
2460417.8216088,1,2663321600915,19.594999313354492,/ztf/archive/sci/2024/0417/321586/ztf_20240417321586_000861_zg_c03_o_q2_scimrefdiffimg.fits.fz,Qin,3,2663,9,861,26.355300903320312,3.9284099329961464e-05,0.043144598603248596,-0.15884900093078613,6.753660272806883e-05,t17_f5_c3,2.663321600915015e+18,t,1.0,1457.43994140625,169.96200561523438,175.0709417,74.4652431,19.265300750732422,0.21147599816322327,2.0873100757598877,19.75119972229004,0.304500013589859,0.2804509997367859,18.385000228881836,0.010999999940395355,0.3160000145435333,-0.003000000026077032,1.6368399858474731,0.485944002866745,2.309999942779541,0.6660000085830688,169.96200561523438,-0.15617699921131134,1.608489990234375,0.6489999890327454,0.6349999904632568,0.28095200657844543,0.27489200234413147,1.0220500230789185,8.0,0.0,0.8285710215568542,0.9496300220489502,19.579700469970703,0.3328999876976013,175.0709546,74.4653219,10.1859,ZTF18acwwqdf
2460418.7154745,1,2664215470915,19.495800018310547,/ztf/archive/sci/2024/0418/215463/ztf_20240418215463_000861_zg_c03_o_q2_scimrefdiffimg.fits.fz,Kulkarni,1,2664,9,861,26.338199615478516,4.236449967720546e-05,0.042626600712537766,-0.1816129982471466,7.721749716438353e-05,t17_f5_c3,2.664215470915015e+18,t,1.0,1469.219970703125,160.3730010986328,175.0709382,74.4652859,19.130199432373047,0.19611500203609467,1.8467400074005127,19.387300491333008,0.2443999946117401,0.1288910061120987,18.385000228881836,0.010999999940395355,0.3160000145435333,-0.003000000026077032,2.6194698810577393,0.25708600878715515,2.890000104904175,0.9919999837875366,160.3730010986328,0.10852400213479996,1.254729986190796,0.6899999976158142,0.6620000004768372,0.238754004240036,0.22906599938869476,1.0422999858856201,7.0,0.0,0.6600000262260437,0.9228379726409912,19.314199447631836,0.29269999265670776,175.0709546,74.4653219,8.31992,ZTF18acwwqdf
2460418.7849306,2,2664284930915,19.530799865722656,/ztf/archive/sci/2024/0418/284884/ztf_20240418284884_000861_zr_c03_o_q2_scimrefdiffimg.fits.fz,Kulkarni,1,2664,9,861,26.087900161743164,1.4148599802865647e-05,0.0284401997923851,0.09018439799547195,1.9852699551847763e-05,t17_f5_c3,,,,,,,,,,,,,,,,,,,,,,,,,,,,,,,,,,,,,,,ZTF18acwwqdf
2460419.806331,1,2665306330915,19.871700286865234,/ztf/archive/sci/2024/0419/306319/ztf_20240419306319_000861_zg_c03_o_q2_scimrefdiffimg.fits.fz,Qin,3,2665,9,861,26.350200653076172,2.3580400011269376e-05,0.03562169894576073,-0.10353100299835205,3.597990144044161e-05,t17_f5_c3,2.665306330915015e+18,1,2.0,1475.3800048828125,155.85499572753906,175.0709971,74.4653423,19.49519920349121,0.1730930060148239,1.8321800231933594,19.43709945678711,0.24729999899864197,0.08301299810409546,18.385000228881836,0.010999999940395355,0.3160000145435333,-0.003000000026077032,1.437880039215088,-0.05813499912619591,1.850000023841858,0.722000002861023,155.85499572753906,0.4346030056476593,1.436329960823059,0.6299999952316284,0.609000027179718,0.3405410051345825,0.3291890025138855,1.0344799757003784,9.0,0.0,0.9242860078811646,0.8455880284309387,19.351200103759766,0.2924000024795532,175.0709546,74.4653219,8.64433,ZTF18acwwqdf
2460419.806331,1,2665306330915,19.871700286865234,/ztf/archive/sci/2024/0419/306319/ztf_20240419306319_000861_zg_c03_o_q2_scimrefdiffimg.fits.fz,Qin,3,2665,9,861,26.350200653076172,2.3580400011269376e-05,0.03562169894576073,-0.10353100299835205,3.597990144044161e-05,t17_f5_c3,2.665306330915015e+18,t,2.0,1475.3800048828125,155.85499572753906,175.0709971,74.4653423,19.49519920349121,0.1730930060148239,1.8321800231933594,19.43709945678711,0.24729999899864197,0.08301299810409546,18.385000228881836,0.010999999940395355,0.3160000145435333,-0.003000000026077032,1.437880039215088,-0.05813499912619591,1.850000023841858,0.722000002861023,155.85499572753906,0.4346030056476593,1.436329960823059,0.6299999952316284,0.609000027179718,0.3405410051345825,0.3291890025138855,1.0344799757003784,9.0,0.0,0.9242860078811646,0.8455880284309387,19.351200103759766,0.2924000024795532,175.0709546,74.4653219,8.64433,ZTF18acwwqdf
2460419.8312963,1,2665331290915,19.770999908447266,/ztf/archive/sci/2024/0419/331285/ztf_20240419331285_000861_zg_c03_o_q2_scimrefdiffimg.fits.fz,Qin,3,2665,9,861,26.350400924682617,2.358650090172887e-05,0.03504199907183647,-0.11240100115537643,3.7723999412264675e-05,t17_f5_c3,2.665331290915015e+18,t,0.0,1483.469970703125,152.1179962158203,175.0712763,74.4653002,19.394399642944336,0.14992600679397583,1.3261200189590454,19.42620086669922,0.24639999866485596,0.31591901183128357,18.385000228881836,0.010999999940395355,0.3160000145435333,-0.003000000026077032,1.3067500591278076,0.03181999921798706,2.0899999141693115,0.9959999918937683,152.1179962158203,0.3447990119457245,1.3856699466705322,0.7770000100135803,0.6779999732971191,0.3717699944972992,0.32440200448036194,1.1460200548171997,5.0,0.0,0.9542859792709351,1.0,19.314599990844727,0.28450000286102295,175.0709546,74.4653219,8.61864,ZTF18acwwqdf
2460419.8675926,3,2665367590915,19.294599533081055,/ztf/archive/sci/2024/0419/367535/ztf_20240419367535_000861_zi_c03_o_q2_scimrefdiffimg.fits.fz,Kulkarni,2,2665,9,861,25.611000061035156,4.371299837657716e-06,0.025211500003933907,0.1690949946641922,1.738920036586933e-05,t17_f5_c3,,,,,,,,,,,,,,,,,,,,,,,,,,,,,,,,,,,,,,,ZTF18acwwqdf
2460420.8023495,1,2666302340915,19.58489990234375,/ztf/archive/sci/2024/0420/302350/ztf_20240420302350_000861_zg_c03_o_q2_scimrefdiffimg.fits.fz,Kulkarni,1,2666,9,861,26.318300247192383,3.363550058566034e-05,0.04093629866838455,-0.1159920021891594,5.599329961114563e-05,t17_f5_c3,2.666302340915015e+18,t,0.0,1478.550048828125,158.86300659179688,175.0711553,74.465239,19.215299606323242,0.13405099511146545,1.3661600351333618,18.838699340820312,0.1665000021457672,0.35139501094818115,18.385000228881836,0.010999999940395355,0.3160000145435333,-0.003000000026077032,1.3257800340652466,-0.3766170144081116,2.990000009536743,0.9610000252723694,158.86300659179688,0.7461569905281067,0.9895020127296448,0.9259999990463257,0.8330000042915344,0.30969899892807007,0.2785950005054474,1.1116399765014648,2.0,0.0,0.8857139945030212,1.0,18.9148006439209,0.22859999537467957,175.0709546,74.4653219,11.6164,ZTF18acwwqdf
2460420.8932639,2,2666393260915,19.761699676513672,/ztf/archive/sci/2024/0420/393241/ztf_20240420393241_000861_zr_c03_o_q2_scimrefdiffimg.fits.fz,Kulkarni,1,2666,9,861,26.222200393676758,1.1301700396870729e-05,0.025356799364089966,0.08549059927463531,1.5973000699887052e-05,t17_f5_c3,,,,,,,,,,,,,,,,,,,,,,,,,,,,,,,,,,,,,,,ZTF18acwwqdf
2460421.803588,1,2667303580915,19.631900787353516,/ztf/archive/sci/2024/0421/303588/ztf_20240421303588_000861_zg_c03_o_q2_scimrefdiffimg.fits.fz,Qin,3,2667,9,861,26.28730010986328,2.7006799427908845e-05,0.03721969947218895,-0.09437959641218185,4.438250107341446e-05,t17_f5_c3,2.667303580915015e+18,t,0.0,1472.280029296875,158.0189971923828,175.0709491,74.4653289,19.43829917907715,0.18292999267578125,1.5061999559402466,19.510900497436523,0.34630000591278076,0.02556600049138069,18.385000228881836,0.010999999940395355,0.3160000145435333,-0.003000000026077032,1.8751599788665771,0.07258500158786774,1.2590500116348267,0.9750000238418579,158.0189971923828,0.12102500349283218,2.0,0.621999979019165,0.527999997138977,0.49402299523353577,0.41936400532722473,1.178030014038086,5.0,0.0,0.9300000071525574,0.9939839839935303,19.478500366210938,0.4309000074863434,175.0709546,74.4653219,6.05829,ZTF18acwwqdf
2460421.977581,1,2667477580915,19.699199676513672,/ztf/archive/sci/2024/0421/477488/ztf_20240421477488_000861_zg_c03_o_q2_scimrefdiffimg.fits.fz,Qin,3,2667,9,861,26.16200065612793,2.4772300093900412e-05,0.035578999668359756,-0.06405089795589447,3.865570033667609e-05,t17_f5_c3,2.667477580915015e+18,t,0.0,1485.0400390625,76.71710205078125,175.0713462,74.4653007,19.486000061035156,0.1575929969549179,1.27114999294281,18.9867000579834,0.20319999754428864,0.3803659975528717,18.385000228881836,0.010999999940395355,0.3160000145435333,-0.003000000026077032,-0.2156970053911209,-0.49934500455856323,1.2489800453186035,0.7110000252723694,76.71710205078125,0.71253502368927,2.0,0.8029999732971191,0.746999979019165,0.6429259777069092,0.5980889797210693,1.074970006942749,2.0,0.0,0.7928569912910461,1.0,19.288700103759766,0.3431999981403351,175.0709546,74.4653219,6.54543,ZTF18acwwqdf
2460422.8038079,2,2668303800915,19.84320068359375,/ztf/archive/sci/2024/0422/303785/ztf_20240422303785_000861_zr_c03_o_q2_scimrefdiffimg.fits.fz,Kulkarni,1,2668,9,861,26.20680046081543,1.7636499251239002e-05,0.031727999448776245,0.10465899854898453,2.4778000806691125e-05,t17_f5_c3,,,,,,,,,,,,,,,,,,,,,,,,,,,,,,,,,,,,,,,ZTF18acwwqdf
2460422.8208102,1,2668320810915,19.439699172973633,/ztf/archive/sci/2024/0422/320741/ztf_20240422320741_000861_zg_c03_o_q2_scimrefdiffimg.fits.fz,Kulkarni,1,2668,9,861,26.35140037536621,3.502759864204563e-05,0.039650801569223404,-0.1264750063419342,6.36335025774315e-05,t17_f5_c3,2.668320810915015e+18,t,0.0,1476.800048828125,148.4709930419922,175.0711835,74.4652099,19.46150016784668,0.2294040024280548,1.1891800165176392,19.432100296020508,0.32030001282691956,0.45407500863075256,18.385000228881836,0.010999999940395355,0.3160000145435333,-0.003000000026077032,2.6721699237823486,-0.029349999502301216,1.5099400281906128,0.9010000228881836,148.4709930419922,0.007639000192284584,2.0,0.8090000152587891,0.6639999747276306,0.5357829928398132,0.4397520124912262,1.218369960784912,8.0,0.0,0.8728569746017456,0.7640460133552551,19.38409996032715,0.3930000066757202,175.0709546,74.4653219,6.22408,ZTF18acwwqdf
2460422.9272801,3,2668427280915,19.28730010986328,/ztf/archive/sci/2024/0422/427257/ztf_20240422427257_000861_zi_c03_o_q2_scimrefdiffimg.fits.fz,Kulkarni,2,2668,9,861,25.60700035095215,4.030659965792438e-06,0.023896699771285057,0.17172099649906158,1.6649000826873817e-05,t17_f5_c3,,,,,,,,,,,,,,,,,,,,,,,,,,,,,,,,,,,,,,,ZTF18acwwqdf
2460423.783125,1,2669283120915,19.369300842285156,/ztf/archive/sci/2024/0423/283125/ztf_20240423283125_000861_zg_c03_o_q2_scimrefdiffimg.fits.fz,Qin,3,2669,9,861,26.36440086364746,3.642859883257188e-05,0.041146401315927505,-0.1071309968829155,6.361550185829401e-05,t17_f5_c3,2.669283120915015e+18,1,0.0,1473.530029296875,157.7209930419922,175.0708994,74.4652944,19.312400817871094,0.1985190063714981,2.007040023803711,19.348100662231445,0.35899999737739563,0.11096599698066711,18.385000228881836,0.010999999940395355,0.3160000145435333,-0.003000000026077032,4.269139766693115,0.03567799925804138,1.3274199962615967,0.9739999771118164,157.7209930419922,0.02122499980032444,2.0,0.5950000286102295,0.5709999799728394,0.44823798537254333,0.43015798926353455,1.0420299768447876,7.0,0.0,0.8771430253982544,0.9197199940681458,19.195899963378906,0.40049999952316284,175.0709546,74.4653219,9.55291,ZTF18acwwqdf
2460423.8258333,1,2669325830915,19.2012996673584,/ztf/archive/sci/2024/0423/325718/ztf_20240423325718_000861_zg_c03_o_q2_scimrefdiffimg.fits.fz,Qin,3,2669,9,861,26.35930061340332,3.872589877573773e-05,0.039323098957538605,-0.13693499565124512,7.25189020158723e-05,t17_f5_c3,2.669325830915015e+18,1,0.0,1484.06005859375,150.0760040283203,175.0709745,74.4651866,19.39929962158203,0.2165369987487793,0.9170160293579102,19.629600524902344,0.47859999537467957,0.48159000277519226,18.385000228881836,0.010999999940395355,0.3160000145435333,-0.003000000026077032,5.028619766235352,0.2302599996328354,2.5299999713897705,0.6990000009536743,150.0760040283203,-0.4283269941806793,1.1911499500274658,0.9229999780654907,0.7049999833106995,0.36482200026512146,0.278656005859375,1.3092199563980103,4.0,0.0,0.8371430039405823,0.9864550232887268,19.559999465942383,0.576200008392334,175.0709546,74.4653219,6.42617,ZTF18acwwqdf
2460423.874838,1,2669374833715,19.355499267578125,/ztf/archive/sci/2024/0423/374838/ztf_20240423374838_001871_zg_c10_o_q2_scimrefdiffimg.fits.fz,Kulkarni,2,2669,37,1871,26.203699111938477,3.232249946449883e-05,0.03635450080037117,-0.05733859911561012,5.733159923693165e-05,t17_f5_c3,2.669374833715015e+18,1,4.0,867.5150146484375,1081.22998046875,175.0712135,74.4652331,19.29669952392578,0.19811399281024933,1.5877399444580078,19.592100143432617,0.5221999883651733,0.45060500502586365,18.395999908447266,0.02199999988079071,0.7089999914169312,-0.04800000041723251,0.9224820137023926,0.2954240143299103,1.1571099758148193,0.9559999704360962,867.5150146484375,-0.23664100468158722,2.0,0.699999988079071,0.6100000143051147,0.6049559712409973,0.527176022529602,1.1475399732589722,7.0,0.0,0.8485710024833679,0.7609549760818481,19.829299926757812,0.8335000276565552,175.0710171,74.4653466,6.22576,ZTF18acwwqdf
2460423.783125,1,2669283120915,19.369300842285156,/ztf/archive/sci/2024/0423/283125/ztf_20240423283125_000861_zg_c03_o_q2_scimrefdiffimg.fits.fz,Qin,3,2669,9,861,26.36440086364746,3.642859883257188e-05,0.041146401315927505,-0.1071309968829155,6.361550185829401e-05,t17_f5_c3,2.669283120915015e+18,t,0.0,1473.530029296875,157.7209930419922,175.0708994,74.4652944,19.312400817871094,0.1985190063714981,2.007040023803711,19.348100662231445,0.35899999737739563,0.11096599698066711,18.385000228881836,0.010999999940395355,0.3160000145435333,-0.003000000026077032,4.269139766693115,0.03567799925804138,1.3274199962615967,0.9739999771118164,157.7209930419922,0.02122499980032444,2.0,0.5950000286102295,0.5709999799728394,0.44823798537254333,0.43015798926353455,1.0420299768447876,7.0,0.0,0.8771430253982544,0.9197199940681458,19.195899963378906,0.40049999952316284,175.0709546,74.4653219,9.55291,ZTF18acwwqdf
2460423.8258333,1,2669325830915,19.2012996673584,/ztf/archive/sci/2024/0423/325718/ztf_20240423325718_000861_zg_c03_o_q2_scimrefdiffimg.fits.fz,Qin,3,2669,9,861,26.35930061340332,3.872589877573773e-05,0.039323098957538605,-0.13693499565124512,7.25189020158723e-05,t17_f5_c3,2.669325830915015e+18,t,0.0,1484.06005859375,150.0760040283203,175.0709745,74.4651866,19.39929962158203,0.2165369987487793,0.9170160293579102,19.629600524902344,0.47859999537467957,0.48159000277519226,18.385000228881836,0.010999999940395355,0.3160000145435333,-0.003000000026077032,5.028619766235352,0.2302599996328354,2.5299999713897705,0.6990000009536743,150.0760040283203,-0.4283269941806793,1.1911499500274658,0.9229999780654907,0.7049999833106995,0.36482200026512146,0.278656005859375,1.3092199563980103,4.0,0.0,0.8371430039405823,0.9864550232887268,19.559999465942383,0.576200008392334,175.0709546,74.4653219,6.42617,ZTF18acwwqdf
2460423.874838,1,2669374833715,19.355499267578125,/ztf/archive/sci/2024/0423/374838/ztf_20240423374838_001871_zg_c10_o_q2_scimrefdiffimg.fits.fz,Kulkarni,2,2669,37,1871,26.203699111938477,3.232249946449883e-05,0.03635450080037117,-0.05733859911561012,5.733159923693165e-05,t17_f5_c3,2.669374833715015e+18,t,4.0,867.5150146484375,1081.22998046875,175.0712135,74.4652331,19.29669952392578,0.19811399281024933,1.5877399444580078,19.592100143432617,0.5221999883651733,0.45060500502586365,18.395999908447266,0.02199999988079071,0.7089999914169312,-0.04800000041723251,0.9224820137023926,0.2954240143299103,1.1571099758148193,0.9559999704360962,867.5150146484375,-0.23664100468158722,2.0,0.699999988079071,0.6100000143051147,0.6049559712409973,0.527176022529602,1.1475399732589722,7.0,0.0,0.8485710024833679,0.7609549760818481,19.829299926757812,0.8335000276565552,175.0710171,74.4653466,6.22576,ZTF18acwwqdf
2460423.8753125,1,2669375313715,19.318599700927734,/ztf/archive/sci/2024/0423/375312/ztf_20240423375312_001871_zg_c10_o_q2_scimrefdiffimg.fits.fz,Kulkarni,3,2669,37,1871,26.183500289916992,4.040839849039912e-05,0.03977470099925995,-0.05080059915781021,7.305629696929827e-05,t17_f5_c3,2.669375313715015e+18,t,5.0,867.791015625,1080.43994140625,175.0710322,74.465311,19.28849983215332,0.19859500229358673,0.8578330278396606,19.219999313354492,0.3767000138759613,0.13118399679660797,18.395999908447266,0.02199999988079071,0.7089999914169312,-0.04800000041723251,0.807420015335083,-0.0684799998998642,2.3499999046325684,0.9929999709129333,867.791015625,0.09862200170755386,1.0009000301361084,0.8360000252723694,0.7419999837875366,0.35574498772621155,0.3157449960708618,1.1266900300979614,4.0,0.0,0.88857102394104,0.9841099977493286,18.747400283813477,0.3131999969482422,175.0710171,74.4653466,6.44328,ZTF18acwwqdf
2460424.8011806,1,2670301180915,18.9153995513916,/ztf/archive/sci/2024/0424/301157/ztf_20240424301157_000861_zg_c03_o_q2_scimrefdiffimg.fits.fz,Kulkarni,1,2670,9,861,26.35449981689453,5.299039912642911e-05,0.03901879861950874,-0.14597700536251068,0.00010638200183166191,t17_f5_c3,,,,,,,,,,,,,,,,,,,,,,,,,,,,,,,,,,,,,,,ZTF18acwwqdf
2460429.6762616,1,2675176260915,20.261600494384766,/ztf/archive/sci/2024/0429/176192/ztf_20240429176192_000861_zg_c03_o_q2_scimrefdiffimg.fits.fz,Qin,3,2675,9,861,26.326900482177734,1.8721699234447442e-05,0.03251060098409653,-0.10731799900531769,2.6761599656310864e-05,t17_f5_c3,2.675176260915015e+18,1,0.0,1444.8299560546875,171.21400451660156,175.0708631,74.4653027,19.31089973449707,0.1086290031671524,1.1101000308990479,19.479000091552734,0.16830000281333923,0.11069399863481522,18.385000228881836,0.010999999940395355,0.3160000145435333,-0.003000000026077032,1.221310019493103,0.16805799305438995,3.0399999618530273,0.9800000190734863,171.21400451660156,0.7826120257377625,0.9512109756469727,0.859000027179718,0.7749999761581421,0.28256601095199585,0.25493401288986206,1.108389973640442,2.0,0.0,0.9442859888076782,0.9899489879608154,19.550899505615234,0.22849999368190765,175.0709546,74.4653219,13.0605,ZTF18acwwqdf
2460429.6762616,1,2675176260915,20.261600494384766,/ztf/archive/sci/2024/0429/176192/ztf_20240429176192_000861_zg_c03_o_q2_scimrefdiffimg.fits.fz,Qin,3,2675,9,861,26.326900482177734,1.8721699234447442e-05,0.03251060098409653,-0.10731799900531769,2.6761599656310864e-05,t17_f5_c3,2.675176260915015e+18,t,0.0,1444.8299560546875,171.21400451660156,175.0708631,74.4653027,19.31089973449707,0.1086290031671524,1.1101000308990479,19.479000091552734,0.16830000281333923,0.11069399863481522,18.385000228881836,0.010999999940395355,0.3160000145435333,-0.003000000026077032,1.221310019493103,0.16805799305438995,3.0399999618530273,0.9800000190734863,171.21400451660156,0.7826120257377625,0.9512109756469727,0.859000027179718,0.7749999761581421,0.28256601095199585,0.25493401288986206,1.108389973640442,2.0,0.0,0.9442859888076782,0.9899489879608154,19.550899505615234,0.22849999368190765,175.0709546,74.4653219,13.0605,ZTF18acwwqdf
2460429.748588,1,2675248580915,20.03820037841797,/ztf/archive/sci/2024/0429/248565/ztf_20240429248565_000861_zg_c03_o_q2_scimrefdiffimg.fits.fz,Qin,3,2675,9,861,26.3617000579834,3.941879913327284e-05,0.045611098408699036,-0.1624010056257248,6.099780148360878e-05,t17_f5_c3,2.675248580915015e+18,t,0.0,1460.9300537109375,168.41200256347656,175.0708126,74.4653391,19.213699340820312,0.14496900141239166,1.6562000513076782,19.40730094909668,0.15049999952316284,0.14844000339508057,18.385000228881836,0.010999999940395355,0.3160000145435333,-0.003000000026077032,0.031272999942302704,0.19362300634384155,2.259999990463257,0.777999997138977,168.41200256347656,0.63087397813797,1.6455800533294678,0.9399999976158142,0.8130000233650208,0.41592898964881897,0.35973501205444336,1.156209945678711,2.0,0.0,0.9014289975166321,1.0,19.456300735473633,0.19990000128746033,175.0709546,74.4653219,14.5068,ZTF18acwwqdf
2460430.727581,1,2676227580915,20.28580093383789,/ztf/archive/sci/2024/0430/227546/ztf_20240430227546_000861_zg_c03_o_q2_scimrefdiffimg.fits.fz,Kulkarni,1,2676,9,861,26.375200271606445,2.282249988638796e-05,0.035623300820589066,-0.1631689965724945,3.299550007795915e-05,t17_f5_c3,2.676227580915025e+18,t,0.0,1478.4300537109375,159.8470001220703,175.0707695,74.4652628,19.441200256347656,0.1594099998474121,2.610680103302002,19.740699768066406,0.19550000131130219,0.27421000599861145,18.385000228881836,0.010999999940395355,0.3160000145435333,-0.003000000026077032,0.776419997215271,0.2995159924030304,2.319999933242798,0.9819999933242798,159.8470001220703,0.5450689792633057,1.3346099853515625,0.6779999732971191,0.5820000171661377,0.29224100708961487,0.2508620023727417,1.1649500131607056,5.0,0.0,0.9185709953308105,1.0,19.70199966430664,0.23970000445842743,175.0709546,74.4653219,10.5874,ZTF18acwwqdf
2460430.7624537,2,2676262450915,20.34910011291504,/ztf/archive/sci/2024/0430/262431/ztf_20240430262431_000861_zr_c03_o_q2_scimrefdiffimg.fits.fz,Kulkarni,1,2676,9,861,26.223499298095703,1.0117800229636487e-05,0.02410770021378994,0.10442599654197693,1.4295100299932528e-05,t17_f5_c3,,,,,,,,,,,,,,,,,,,,,,,,,,,,,,,,,,,,,,,ZTF18acwwqdf
2460430.790706,3,2676290700915,19.567699432373047,/ztf/archive/sci/2024/0430/290625/ztf_20240430290625_000861_zi_c03_o_q2_scimrefdiffimg.fits.fz,Kulkarni,2,2676,9,861,25.615400314331055,2.736650003498653e-06,0.02002749964594841,0.17233499884605408,1.0767799722088967e-05,t17_f5_c3,,,,,,,,,,,,,,,,,,,,,,,,,,,,,,,,,,,,,,,ZTF18acwwqdf
2460431.7822569,1,2677282250915,20.403600692749023,/ztf/archive/sci/2024/0501/282211/ztf_20240501282211_000861_zg_c03_o_q2_scimrefdiffimg.fits.fz,Qin,3,2677,9,861,26.3794002532959,2.105309977196157e-05,0.03448890149593353,-0.16210000216960907,3.0394499844987877e-05,t17_f5_c3,2.677282250915015e+18,1,0.0,1473.050048828125,158.05099487304688,175.0710036,74.4652973,19.332399368286133,0.11164899915456772,1.5827800035476685,19.445999145507812,0.1256999969482422,0.09919500350952148,18.385000228881836,0.010999999940395355,0.3160000145435333,-0.003000000026077032,0.47606900334358215,0.1136310026049614,4.070000171661377,0.9179999828338623,158.05099487304688,0.9576129913330078,0.8247249722480774,0.8899999856948853,0.8050000071525574,0.2186730057001114,0.1977889984846115,1.1055899858474731,2.0,0.0,0.9228569865226746,1.0,19.44659996032715,0.15870000422000885,175.0709546,74.4653219,9.78989,ZTF18acwwqdf
2460431.7822569,1,2677282250915,20.403600692749023,/ztf/archive/sci/2024/0501/282211/ztf_20240501282211_000861_zg_c03_o_q2_scimrefdiffimg.fits.fz,Qin,3,2677,9,861,26.3794002532959,2.105309977196157e-05,0.03448890149593353,-0.16210000216960907,3.0394499844987877e-05,t17_f5_c3,2.677282250915015e+18,t,0.0,1473.050048828125,158.05099487304688,175.0710036,74.4652973,19.332399368286133,0.11164899915456772,1.5827800035476685,19.445999145507812,0.1256999969482422,0.09919500350952148,18.385000228881836,0.010999999940395355,0.3160000145435333,-0.003000000026077032,0.47606900334358215,0.1136310026049614,4.070000171661377,0.9179999828338623,158.05099487304688,0.9576129913330078,0.8247249722480774,0.8899999856948853,0.8050000071525574,0.2186730057001114,0.1977889984846115,1.1055899858474731,2.0,0.0,0.9228569865226746,1.0,19.44659996032715,0.15870000422000885,175.0709546,74.4653219,9.78989,ZTF18acwwqdf
2460431.7970949,1,2677297090915,20.52669906616211,/ztf/archive/sci/2024/0501/297049/ztf_20240501297049_000861_zg_c03_o_q2_scimrefdiffimg.fits.fz,Qin,3,2677,9,861,26.366899490356445,1.7681599274510518e-05,0.03160110116004944,-0.14969399571418762,2.515239975764416e-05,t17_f5_c3,2.677297090915015e+18,t,0.0,1464.449951171875,158.3470001220703,175.0710663,74.4653168,19.28890037536621,0.1417050063610077,3.066159963607788,19.45490074157715,0.12430000305175781,0.1078760027885437,18.385000228881836,0.010999999940395355,0.3160000145435333,-0.003000000026077032,0.5433480143547058,0.16603699326515198,2.369999885559082,0.6930000185966492,158.3470001220703,1.0717899799346924,1.2917399406433105,0.7300000190734863,0.7160000205039978,0.30801698565483093,0.3021099865436554,1.0195499658584595,3.0,0.0,0.9442859888076782,1.0,19.472900390625,0.15940000116825104,175.0709546,74.4653219,15.9313,ZTF18acwwqdf
2460432.7849537,1,2678284950915,20.114200592041016,/ztf/archive/sci/2024/0502/284884/ztf_20240502284884_000861_zg_c03_o_q2_scimrefdiffimg.fits.fz,Kulkarni,1,2678,9,861,26.25480079650879,2.6887299100053497e-05,0.038298100233078,-0.15154099464416504,3.995899896835908e-05,t17_f5_c3,2.678284950915015e+18,t,0.0,1477.4599609375,159.46200561523438,175.0710431,74.4652519,19.202800750732422,0.17394399642944336,2.7771201133728027,19.474199295043945,0.16940000653266907,0.2628670036792755,18.385000228881836,0.010999999940395355,0.3160000145435333,-0.003000000026077032,0.43231600522994995,0.271373987197876,2.299999952316284,0.9620000123977661,159.46200561523438,0.6399800181388855,1.4221199750900269,0.8209999799728394,0.6940000057220459,0.35695698857307434,0.30173900723457336,1.1829999685287476,3.0,0.0,0.9257140159606934,1.0,19.294599533081055,0.1826999932527542,175.0709546,74.4653219,12.2405,ZTF18acwwqdf
2460432.823912,2,2678323910915,20.18829917907715,/ztf/archive/sci/2024/0502/323877/ztf_20240502323877_000861_zr_c03_o_q2_scimrefdiffimg.fits.fz,Kulkarni,1,2678,9,861,26.140199661254883,9.435830179427285e-06,0.02325190044939518,0.09431149810552597,1.3331099580682348e-05,t17_f5_c3,,,,,,,,,,,,,,,,,,,,,,,,,,,,,,,,,,,,,,,ZTF18acwwqdf
2460433.7602778,1,2679260270915,20.64419937133789,/ztf/archive/sci/2024/0503/260278/ztf_20240503260278_000861_zg_c03_o_q2_scimrefdiffimg.fits.fz,Qin,3,2679,9,861,26.241100311279297,1.2395200428727549e-05,0.02676130086183548,-0.09433169662952423,1.7544500224175863e-05,t17_f5_c3,2.679260270915015e+18,1,0.0,1485.6199951171875,154.35899353027344,175.0710772,74.4652866,19.454099655151367,0.1307619959115982,2.708509922027588,19.257600784301758,0.11270000040531158,0.1714639961719513,18.385000228881836,0.010999999940395355,0.3160000145435333,-0.003000000026077032,0.28882700204849243,-0.19649599492549896,2.319999933242798,0.9900000095367432,154.35899353027344,1.3866100311279297,1.091860055923462,0.7360000014305115,0.6700000166893005,0.31724101305007935,0.28879299759864807,1.0985100269317627,4.0,0.0,0.9442859888076782,0.9855290055274963,19.015399932861328,0.11400000005960464,175.0709546,74.4653219,11.4002,ZTF18acwwqdf
2460433.8067477,3,2679306740915,19.541799545288086,/ztf/archive/sci/2024/0503/306748/ztf_20240503306748_000861_zi_c03_o_q2_scimrefdiffimg.fits.fz,Kulkarni,2,2679,9,861,25.56410026550293,4.043080025439849e-06,0.024289999157190323,0.16854900121688843,1.602769953024108e-05,t17_f5_c3,,,,,,,,,,,,,,,,,,,,,,,,,,,,,,,,,,,,,,,ZTF18acwwqdf
2460434.7831944,1,2680283190915,20.28019905090332,/ztf/archive/sci/2024/0504/283171/ztf_20240504283171_000861_zg_c03_o_q2_scimrefdiffimg.fits.fz,Kulkarni,1,2680,9,861,26.310300827026367,2.522189970477484e-05,0.037129901349544525,-0.14173300564289093,3.656890112324618e-05,t17_f5_c3,2.680283190915015e+18,t,0.0,1464.1700439453125,159.70700073242188,175.0711509,74.4652967,19.211299896240234,0.13919399678707123,1.9083199501037598,19.28420066833496,0.11339999735355377,0.20731499791145325,18.385000228881836,0.010999999940395355,0.3160000145435333,-0.003000000026077032,0.39981400966644287,0.07288599759340286,2.809999942779541,0.9240000247955322,159.70700073242188,0.995959997177124,1.2798700332641602,0.8999999761581421,0.8529999852180481,0.32028499245643616,0.30355900526046753,1.0550999641418457,1.0,0.0,0.951429009437561,1.0,19.116300582885742,0.12280000001192093,175.0709546,74.4653219,14.9251,ZTF18acwwqdf
2460434.8469792,2,2680346970915,20.35140037536621,/ztf/archive/sci/2024/0504/346759/ztf_20240504346759_000861_zr_c03_o_q2_scimrefdiffimg.fits.fz,Kulkarni,1,2680,9,861,26.205900192260742,7.445230039593298e-06,0.020494399592280388,0.08563549816608429,1.0478200238139834e-05,t17_f5_c3,,,,,,,,,,,,,,,,,,,,,,,,,,,,,,,,,,,,,,,ZTF18acwwqdf
2460437.7032639,3,2683203260915,19.52440071105957,/ztf/archive/sci/2024/0507/203229/ztf_20240507203229_000861_zi_c03_o_q2_scimrefdiffimg.fits.fz,Kulkarni,1,2683,9,861,25.613399505615234,3.3352000627928646e-06,0.022110600024461746,0.16369999945163727,1.3094600035401527e-05,t17_f5_c3,,,,,,,,,,,,,,,,,,,,,,,,,,,,,,,,,,,,,,,ZTF18acwwqdf
2460437.7384491,2,2683238440915,20.346799850463867,/ztf/archive/sci/2024/0507/238449/ztf_20240507238449_000861_zr_c03_o_q2_scimrefdiffimg.fits.fz,Kulkarni,1,2683,9,861,26.22089958190918,9.481230335950386e-06,0.02320289984345436,0.10327199846506119,1.3374599802773446e-05,t17_f5_c3,,,,,,,,,,,,,,,,,,,,,,,,,,,,,,,,,,,,,,,ZTF18acwwqdf
2460438.7429051,2,2684242900915,20.219499588012695,/ztf/archive/sci/2024/0508/242905/ztf_20240508242905_000861_zr_c03_o_q2_scimrefdiffimg.fits.fz,Kulkarni,1,2684,9,861,26.21109962463379,9.906480045174249e-06,0.023770099505782127,0.09967000037431717,1.3953300367575139e-05,t17_f5_c3,,,,,,,,,,,,,,,,,,,,,,,,,,,,,,,,,,,,,,,ZTF18acwwqdf
2460433.7602778,1,2679260270915,20.64419937133789,/ztf/archive/sci/2024/0503/260278/ztf_20240503260278_000861_zg_c03_o_q2_scimrefdiffimg.fits.fz,Qin,3,2679,9,861,26.241100311279297,1.2395200428727549e-05,0.02676130086183548,-0.09433169662952423,1.7544500224175863e-05,t17_f5_c3,2.679260270915015e+18,t,0.0,1485.6199951171875,154.35899353027344,175.0710772,74.4652866,19.454099655151367,0.1307619959115982,2.708509922027588,19.257600784301758,0.11270000040531158,0.1714639961719513,18.385000228881836,0.010999999940395355,0.3160000145435333,-0.003000000026077032,0.28882700204849243,-0.19649599492549896,2.319999933242798,0.9900000095367432,154.35899353027344,1.3866100311279297,1.091860055923462,0.7360000014305115,0.6700000166893005,0.31724101305007935,0.28879299759864807,1.0985100269317627,4.0,0.0,0.9442859888076782,0.9855290055274963,19.015399932861328,0.11400000005960464,175.0709546,74.4653219,11.4002,ZTF18acwwqdf
2460433.8457986,1,2679345790915,20.319000244140625,/ztf/archive/sci/2024/0503/345729/ztf_20240503345729_000861_zg_c03_o_q2_scimrefdiffimg.fits.fz,Qin,3,2679,9,861,26.252399444580078,2.0256300558685325e-05,0.033511899411678314,-0.15634599328041077,2.947149914689362e-05,t17_f5_c3,2.679345790915015e+18,t,0.0,1474.6500244140625,141.5970001220703,175.0710705,74.4653046,19.273399353027344,0.147474005818367,2.07108998298645,19.30739974975586,0.12060000002384186,0.1263969987630844,18.385000228881836,0.010999999940395355,0.3160000145435333,-0.003000000026077032,0.14023199677467346,0.033969998359680176,2.700000047683716,0.9319999814033508,141.5970001220703,1.0115699768066406,1.2305899858474731,0.7839999794960022,0.7540000081062317,0.29036998748779297,0.27925899624824524,1.0397900342941284,1.0,0.0,0.9542859792709351,1.0,19.218799591064453,0.1404000073671341,175.0709546,74.4653219,13.5651,ZTF18acwwqdf
2460438.8049653,1,2684304960915,20.141700744628906,/ztf/archive/sci/2024/0508/304954/ztf_20240508304954_000861_zg_c03_o_q2_scimrefdiffimg.fits.fz,Kulkarni,1,2684,9,861,26.338699340820312,2.3255199266714044e-05,0.03519440069794655,-0.16647900640964508,3.54092990164645e-05,t17_f5_c3,2.684304960915015e+18,t,0.0,1464.6800537109375,156.21299743652344,175.0711067,74.4652656,19.317699432373047,0.15883800387382507,2.019089937210083,19.437700271606445,0.15309999883174896,0.24702100455760956,18.385000228881836,0.010999999940395355,0.3160000145435333,-0.003000000026077032,0.411873996257782,0.12004099786281586,2.3499999046325684,0.9760000109672546,156.21299743652344,0.7040150165557861,1.4545400142669678,0.781000018119812,0.6959999799728394,0.3323400020599365,0.2961699962615967,1.122130036354065,4.0,0.0,0.949999988079071,0.9973599910736084,19.43600082397461,0.19429999589920044,175.0709546,74.4653219,8.98714,ZTF18acwwqdf
2460438.8455324,3,2684345530915,19.25790023803711,/ztf/archive/sci/2024/0508/345451/ztf_20240508345451_000861_zi_c03_o_q2_scimrefdiffimg.fits.fz,Kulkarni,1,2684,9,861,25.59469985961914,5.084179974801373e-06,0.02714410051703453,0.16595299541950226,2.028800008702092e-05,t17_f5_c3,,,,,,,,,,,,,,,,,,,,,,,,,,,,,,,,,,,,,,,ZTF18acwwqdf
2460439.7388426,1,2685238840915,20.092300415039062,/ztf/archive/sci/2024/0509/238819/ztf_20240509238819_000861_zg_c03_o_q2_scimrefdiffimg.fits.fz,Qin,3,2685,9,861,26.2273006439209,2.7177800802746788e-05,0.03833889961242676,-0.09748270362615585,4.058520062244497e-05,t17_f5_c3,2.685238840915015e+18,1,0.0,1452.449951171875,138.41099548339844,175.0707548,74.4652241,19.307300567626953,0.17532600462436676,1.389140009880066,19.305099487304688,0.14499999582767487,0.39663198590278625,18.385000228881836,0.010999999940395355,0.3160000145435333,-0.003000000026077032,0.42695799469947815,-0.0022169998846948147,2.9200000762939453,0.9660000205039978,138.41099548339844,0.7872089743614197,1.1488900184631348,1.0410000085830688,0.8859999775886536,0.35650700330734253,0.30342501401901245,1.1749399900436401,1.0,0.0,0.9271429777145386,1.0,19.441299438476562,0.20829999446868896,175.0709546,74.4653219,12.0141,ZTF18acwwqdf
2460439.7388426,1,2685238840915,20.092300415039062,/ztf/archive/sci/2024/0509/238819/ztf_20240509238819_000861_zg_c03_o_q2_scimrefdiffimg.fits.fz,Qin,3,2685,9,861,26.2273006439209,2.7177800802746788e-05,0.03833889961242676,-0.09748270362615585,4.058520062244497e-05,t17_f5_c3,2.685238840915015e+18,t,0.0,1452.449951171875,138.41099548339844,175.0707548,74.4652241,19.307300567626953,0.17532600462436676,1.389140009880066,19.305099487304688,0.14499999582767487,0.39663198590278625,18.385000228881836,0.010999999940395355,0.3160000145435333,-0.003000000026077032,0.42695799469947815,-0.0022169998846948147,2.9200000762939453,0.9660000205039978,138.41099548339844,0.7872089743614197,1.1488900184631348,1.0410000085830688,0.8859999775886536,0.35650700330734253,0.30342501401901245,1.1749399900436401,1.0,0.0,0.9271429777145386,1.0,19.441299438476562,0.20829999446868896,175.0709546,74.4653219,12.0141,ZTF18acwwqdf
2460439.8483565,1,2685348350915,20.0310001373291,/ztf/archive/sci/2024/0509/348356/ztf_20240509348356_000861_zg_c03_o_q2_scimrefdiffimg.fits.fz,Qin,3,2685,9,861,26.209999084472656,3.365419979672879e-05,0.04252069815993309,-0.13292700052261353,5.1193099352531135e-05,t17_f5_c3,2.685348350915015e+18,t,0.0,1475.9599609375,105.16400146484375,175.0712658,74.465291,19.31399917602539,0.14857499301433563,1.4144799709320068,19.19409942626953,0.14059999585151672,0.32742899656295776,18.385000228881836,0.010999999940395355,0.3160000145435333,-0.003000000026077032,0.17776800692081451,-0.11993599683046341,2.9200000762939453,0.7649999856948853,105.16400146484375,0.8369100093841553,1.1274100542068481,0.9259999990463257,0.7710000276565552,0.3171229958534241,0.264041006565094,1.2010400295257568,7.0,0.0,0.9128569960594177,0.9789479970932007,19.222200393676758,0.18330000340938568,175.0709546,74.4653219,8.25332,ZTF18acwwqdf
2460440.7417708,3,2686241770915,19.287799835205078,/ztf/archive/sci/2024/0510/241759/ztf_20240510241759_000861_zi_c03_o_q2_scimrefdiffimg.fits.fz,Kulkarni,2,2686,9,861,25.600000381469727,4.547780008579139e-06,0.025467799976468086,0.1779100000858307,1.8638100300449878e-05,t17_f5_c3,,,,,,,,,,,,,,,,,,,,,,,,,,,,,,,,,,,,,,,ZTF18acwwqdf
2460440.8265741,1,2686326570915,19.677000045776367,/ztf/archive/sci/2024/0510/326551/ztf_20240510326551_000861_zg_c03_o_q2_scimrefdiffimg.fits.fz,Kulkarni,1,2686,9,861,26.309799194335938,3.116729931207374e-05,0.03999749943614006,-0.13059499859809875,4.98984991281759e-05,t17_f5_c3,,,,,,,,,,,,,,,,,,,,,,,,,,,,,,,,,,,,,,,ZTF18acwwqdf
2460442.6793634,1,2688179360915,19.594499588012695,/ztf/archive/sci/2024/0512/179317/ztf_20240512179317_000861_zg_c03_o_q2_scimrefdiffimg.fits.fz,Kulkarni,1,2688,9,861,26.321300506591797,4.6870900405338034e-05,0.04850810021162033,-0.14886799454689026,7.743020250927657e-05,t17_f5_c3,,,,,,,,,,,,,,,,,,,,,,,,,,,,,,,,,,,,,,,ZTF18acwwqdf
2460442.7441088,2,2688244100915,19.733200073242188,/ztf/archive/sci/2024/0512/244062/ztf_20240512244062_000861_zr_c03_o_q2_scimrefdiffimg.fits.fz,Kulkarni,1,2688,9,861,26.233699798583984,1.2099500054318924e-05,0.026341600343585014,0.08988460153341293,1.7117299648816697e-05,t17_f5_c3,,,,,,,,,,,,,,,,,,,,,,,,,,,,,,,,,,,,,,,ZTF18acwwqdf
2460444.7624074,2,2690262400915,20.154499053955078,/ztf/archive/sci/2024/0514/262361/ztf_20240514262361_000861_zr_c03_o_q2_scimrefdiffimg.fits.fz,Kulkarni,1,2690,9,861,26.231300354003906,9.90862008620752e-06,0.02370939962565899,0.09441900253295898,1.3902000318921637e-05,t17_f5_c3,,,,,,,,,,,,,,,,,,,,,,,,,,,,,,,,,,,,,,,ZTF18acwwqdf
2460441.8249306,1,2687324930915,19.553300857543945,/ztf/archive/sci/2024/0511/324919/ztf_20240511324919_000861_zg_c03_o_q2_scimrefdiffimg.fits.fz,Qin,3,2687,9,861,26.291799545288086,3.200389983248897e-05,0.03913930058479309,-0.14890600740909576,5.4301701311487705e-05,t17_f5_c3,2.687324930915015e+18,t,1.0,1482.989990234375,141.31100463867188,175.0711157,74.465239,19.327800750732422,0.12908999621868134,1.3671000003814697,19.702800750732422,0.32600000500679016,0.33233898878097534,18.385000228881836,0.010999999940395355,0.3160000145435333,-0.003000000026077032,0.9432420134544373,0.3749690055847168,2.9200000762939453,0.7229999899864197,141.31100463867188,-0.14948700368404388,1.1800600290298462,0.9049999713897705,0.8299999833106995,0.30993199348449707,0.2842470109462738,1.0903600454330444,5.0,0.0,0.7271429896354675,0.9748250246047974,19.8981990814209,0.49959999322891235,175.0709546,74.4653219,6.42479,ZTF18acwwqdf
2460441.8402778,1,2687340270915,19.585100173950195,/ztf/archive/sci/2024/0511/340266/ztf_20240511340266_000861_zg_c03_o_q2_scimrefdiffimg.fits.fz,Qin,3,2687,9,861,26.281299591064453,4.56117995781824e-05,0.047359101474285126,-0.1445620059967041,7.435279985656962e-05,t17_f5_c3,,,,,,,,,,,,,,,,,,,,,,,,,,,,,,,,,,,,,,,ZTF18acwwqdf
2460443.7683681,3,2689268360915,19.07830047607422,/ztf/archive/sci/2024/0513/268368/ztf_20240513268368_000861_zi_c03_o_q2_scimrefdiffimg.fits.fz,Kulkarni,2,2689,9,861,25.581300735473633,5.971100108581595e-06,0.02968670055270195,0.17303599417209625,2.3533100829808973e-05,t17_f5_c3,,,,,,,,,,,,,,,,,,,,,,,,,,,,,,,,,,,,,,,ZTF18acwwqdf
2460443.7995255,1,2689299520915,19.47369956970215,/ztf/archive/sci/2024/0513/299479/ztf_20240513299479_000861_zg_c03_o_q2_scimrefdiffimg.fits.fz,Qin,3,2689,9,861,26.284799575805664,4.905289824819192e-05,0.04792330041527748,-0.13645200431346893,8.36472972878255e-05,t17_f5_c3,2.689299520915015e+18,t,7.0,1473.469970703125,143.1320037841797,175.0711823,74.4652723,19.22879981994629,0.12680000066757202,1.0017800331115723,18.812599182128906,0.15129999816417694,0.27949199080467224,18.385000228881836,0.010999999940395355,0.3160000145435333,-0.003000000026077032,-3.492189884185791,-0.41621100902557373,2.3499999046325684,0.8960000276565552,143.1320037841797,0.6610890030860901,1.4986799955368042,1.1299999952316284,1.003999948501587,0.4808509945869446,0.4272339940071106,1.125499963760376,5.0,0.0,0.6514289975166321,0.9841330051422119,18.565500259399414,0.15440000593662262,175.0709546,74.4653219,8.20243,ZTF18acwwqdf
2460443.8251389,1,2689325130915,19.556400299072266,/ztf/archive/sci/2024/0513/325069/ztf_20240513325069_000861_zg_c03_o_q2_scimrefdiffimg.fits.fz,Qin,3,2689,9,861,26.24679946899414,5.2550800319295377e-05,0.05088970065116882,-0.10273999720811844,8.496970258420333e-05,t17_f5_c3,2.689325130915015e+18,t,1.0,1486.260009765625,128.9320068359375,175.0709577,74.4652205,19.30780029296875,0.1264529973268509,1.3796299695968628,18.54159927368164,0.12150000035762787,0.36068400740623474,18.385000228881836,0.010999999940395355,0.3160000145435333,-0.003000000026077032,-2.6862099170684814,-0.766152024269104,2.9100000858306885,0.7760000228881836,128.9320068359375,1.0148199796676636,1.0910099744796753,1.5420000553131104,1.3109999895095825,0.5298969745635986,0.4505150020122528,1.176200032234192,3.0,0.0,0.4442859888076782,1.0,18.07509994506836,0.10140000283718109,175.0709546,74.4653219,7.07931,ZTF18acwwqdf
2460444.8187963,1,2690318790915,19.992399215698242,/ztf/archive/sci/2024/0514/318495/ztf_20240514318495_000861_zg_c03_o_q2_scimrefdiffimg.fits.fz,Kulkarni,1,2690,9,861,26.373199462890625,4.030370109830983e-05,0.039981499314308167,-0.18803299963474274,6.713980110362172e-05,t17_f5_c3,2.690318790915015e+18,t,0.0,1474.1099853515625,139.53399658203125,175.0712524,74.4653201,19.136199951171875,0.1525219976902008,3.8597800731658936,19.221900939941406,0.12240000069141388,0.28356701135635376,18.385000228881836,0.010999999940395355,0.3160000145435333,-0.003000000026077032,0.4782930016517639,0.08566900342702866,3.0399999618530273,0.7630000114440918,139.53399658203125,0.7704709768295288,1.3278299570083618,0.9319999814033508,0.8059999942779541,0.30657899379730225,0.26513200998306274,1.1563299894332886,1.0,0.0,0.8428570032119751,1.0,19.278099060058594,0.16359999775886536,175.0709546,74.4653219,10.369,ZTF18acwwqdf
2460445.7614699,1,2691261460915,19.824100494384766,/ztf/archive/sci/2024/0515/261458/ztf_20240515261458_000861_zg_c03_o_q2_scimrefdiffimg.fits.fz,Qin,3,2691,9,861,26.283899307250977,3.124100112472661e-05,0.04009079933166504,-0.1260319948196411,4.938100028084591e-05,t17_f5_c3,2.691261460915015e+18,1,0.0,1481.5799560546875,152.11700439453125,175.0707817,74.4652716,19.403900146484375,0.14957499504089355,1.3196300268173218,19.517000198364258,0.2190999984741211,0.2431589961051941,18.385000228881836,0.010999999940395355,0.3160000145435333,-0.003000000026077032,0.1539119929075241,0.11312499642372131,2.759999990463257,0.9509999752044678,152.11700439453125,0.30711498856544495,1.2317500114440918,0.8790000081062317,0.8259999752044678,0.318477988243103,0.2992750108242035,1.0641599893569946,4.0,0.0,0.9599999785423279,0.9987800121307373,19.633699417114258,0.3109999895095825,175.0709546,74.4653219,9.55336,ZTF18acwwqdf
2460446.780081,2,2692280080915,19.93939971923828,/ztf/archive/sci/2024/0516/280035/ztf_20240516280035_000861_zr_c03_o_q2_scimrefdiffimg.fits.fz,Kulkarni,1,2692,9,861,26.1697998046875,1.1286399967502803e-05,0.02516219951212406,0.09467220306396484,1.5894200259936042e-05,t17_f5_c3,,,,,,,,,,,,,,,,,,,,,,,,,,,,,,,,,,,,,,,ZTF18acwwqdf
2460445.7614699,1,2691261460915,19.824100494384766,/ztf/archive/sci/2024/0515/261458/ztf_20240515261458_000861_zg_c03_o_q2_scimrefdiffimg.fits.fz,Qin,3,2691,9,861,26.283899307250977,3.124100112472661e-05,0.04009079933166504,-0.1260319948196411,4.938100028084591e-05,t17_f5_c3,2.691261460915015e+18,t,0.0,1481.5799560546875,152.11700439453125,175.0707817,74.4652716,19.403900146484375,0.14957499504089355,1.3196300268173218,19.517000198364258,0.2190999984741211,0.2431589961051941,18.385000228881836,0.010999999940395355,0.3160000145435333,-0.003000000026077032,0.1539119929075241,0.11312499642372131,2.759999990463257,0.9509999752044678,152.11700439453125,0.30711498856544495,1.2317500114440918,0.8790000081062317,0.8259999752044678,0.318477988243103,0.2992750108242035,1.0641599893569946,4.0,0.0,0.9599999785423279,0.9987800121307373,19.633699417114258,0.3109999895095825,175.0709546,74.4653219,9.55336,ZTF18acwwqdf
2460445.7798495,1,2691279840915,19.858200073242188,/ztf/archive/sci/2024/0515/279838/ztf_20240515279838_000861_zg_c03_o_q2_scimrefdiffimg.fits.fz,Qin,3,2691,9,861,26.297500610351562,3.243680112063885e-05,0.04070109874010086,-0.13450799882411957,5.2567800594260916e-05,t17_f5_c3,2.691279840915015e+18,t,1.0,1477.5899658203125,148.0449981689453,175.0712196,74.4652715,19.308500289916992,0.15676400065422058,1.5669300556182861,19.303699493408203,0.17679999768733978,0.309457004070282,18.385000228881836,0.010999999940395355,0.3160000145435333,-0.003000000026077032,0.2835400104522705,-0.004844000097364187,1.6764299869537354,0.7900000214576721,148.0449981689453,0.5545079708099365,2.0,0.8090000152587891,0.7390000224113464,0.4825719892978668,0.4408169984817505,1.0947200059890747,2.0,0.0,0.9442859888076782,0.9880970120429993,19.353900909423828,0.23639999330043793,175.0709546,74.4653219,9.64596,ZTF18acwwqdf
2460446.7497338,3,2692249730915,19.166799545288086,/ztf/archive/sci/2024/0516/249734/ztf_20240516249734_000861_zi_c03_o_q2_scimrefdiffimg.fits.fz,Kulkarni,2,2692,9,861,25.535999298095703,4.4418998186301906e-06,0.025647299364209175,0.17377600073814392,1.7543099602335133e-05,t17_f5_c3,,,,,,,,,,,,,,,,,,,,,,,,,,,,,,,,,,,,,,,ZTF18acwwqdf
2460446.8604398,1,2692360430915,19.83049964904785,/ztf/archive/sci/2024/0516/360266/ztf_20240516360266_000861_zg_c03_o_q2_scimrefdiffimg.fits.fz,Kulkarni,1,2692,9,861,26.243799209594727,2.753549961198587e-05,0.037363000214099884,-0.11158300191164017,4.441390046849847e-05,t17_f5_c3,2.692360430915015e+18,t,1.0,1480.18994140625,112.06500244140625,175.0710539,74.4653515,19.24880027770996,0.14124999940395355,1.2805900573730469,19.25779914855957,0.16329999268054962,0.1402900069952011,18.385000228881836,0.010999999940395355,0.3160000145435333,-0.003000000026077032,0.40138301253318787,0.009033000096678734,2.6700000762939453,0.8659999966621399,112.06500244140625,0.5727249979972839,1.3443399667739868,0.9520000219345093,0.8960000276565552,0.3565540015697479,0.3355810046195984,1.0625,3.0,0.0,0.9442859888076782,1.0,19.183300018310547,0.19439999759197235,175.0709546,74.4653219,10.2989,ZTF18acwwqdf
2460447.7434028,1,2693243400915,19.222900390625,/ztf/archive/sci/2024/0517/243356/ztf_20240517243356_000861_zg_c03_o_q2_scimrefdiffimg.fits.fz,Qin,3,2693,9,861,26.329999923706055,6.572910206159577e-05,0.05096980184316635,-0.14811499416828156,0.00012199200136819854,t17_f5_c3,,,,,,,,,,,,,,,,,,,,,,,,,,,,,,,,,,,,,,,ZTF18acwwqdf
2460447.853044,1,2693353040915,19.75,/ztf/archive/sci/2024/0517/352500/ztf_20240517352500_000861_zg_c03_o_q2_scimrefdiffimg.fits.fz,Qin,3,2693,9,861,26.26759910583496,3.10397008433938e-05,0.03905690088868141,-0.12536899745464325,4.988539876649156e-05,t17_f5_c3,2.693353040915015e+18,t,0.0,1482.780029296875,87.8812026977539,175.071132,74.4653079,19.187599182128906,0.14793899655342102,1.4324899911880493,19.549800872802734,0.2483000010251999,0.19836600124835968,18.385000228881836,0.010999999940395355,0.3160000145435333,-0.003000000026077032,0.4852280020713806,0.36215099692344666,2.180000066757202,0.796999990940094,87.8812026977539,0.20017799735069275,1.51187002658844,0.7900000214576721,0.7170000076293945,0.36238500475883484,0.32889899611473083,1.1018099784851074,2.0,0.0,0.9557139873504639,1.0,19.561100006103516,0.3208000063896179,175.0709546,74.4653219,9.11776,ZTF18acwwqdf
2460448.7416204,2,2694241620915,19.334999084472656,/ztf/archive/sci/2024/0518/241574/ztf_20240518241574_000861_zr_c03_o_q2_scimrefdiffimg.fits.fz,Kulkarni,1,2694,9,861,26.282100677490234,2.117830081260763e-05,0.03457669913768768,0.05611870065331459,3.0162400435074233e-05,t17_f5_c3,,,,,,,,,,,,,,,,,,,,,,,,,,,,,,,,,,,,,,,ZTF18acwwqdf
2460448.8647917,1,2694364790915,19.522300720214844,/ztf/archive/sci/2024/0518/364641/ztf_20240518364641_000861_zg_c03_o_q2_scimrefdiffimg.fits.fz,Kulkarni,1,2694,9,861,26.53190040588379,0.0011753600556403399,0.18712300062179565,-0.0850059986114502,0.002356549957767129,t17_f5_c3,,,,,,,,,,,,,,,,,,,,,,,,,,,,,,,,,,,,,,,ZTF18acwwqdf
2460449.6983449,3,2695198340915,19.411300659179688,/ztf/archive/sci/2024/0519/198067/ztf_20240519198067_000861_zi_c03_o_q2_scimrefdiffimg.fits.fz,Kulkarni,2,2695,9,861,25.588699340820312,3.19145010507782e-06,0.021715400740504265,0.1803009957075119,1.2507500287028961e-05,t17_f5_c3,,,,,,,,,,,,,,,,,,,,,,,,,,,,,,,,,,,,,,,ZTF18acwwqdf
2460449.7582755,1,2695258270915,19.679800033569336,/ztf/archive/sci/2024/0519/258275/ztf_20240519258275_000861_zg_c03_o_q2_scimrefdiffimg.fits.fz,Qin,3,2695,9,861,26.32550048828125,2.5706600354169495e-05,0.03584820032119751,-0.10743899643421173,4.234820153214969e-05,t17_f5_c3,2.695258270915015e+18,1,0.0,1477.969970703125,141.08599853515625,175.0711474,74.4653196,19.31450080871582,0.12719100713729858,1.5953500270843506,19.14929962158203,0.19779999554157257,0.18381400406360626,18.385000228881836,0.010999999940395355,0.3160000145435333,-0.003000000026077032,0.42282000184059143,-0.16524800658226013,3.049999952316284,0.8500000238418579,141.08599853515625,0.5305299758911133,0.9969580173492432,0.9449999928474426,0.8059999942779541,0.3098360002040863,0.26426199078559875,1.1724599599838257,5.0,0.0,0.945713996887207,0.9829890131950378,19.07819938659668,0.2371000051498413,175.0709546,74.4653219,7.15994,ZTF18acwwqdf
2460450.7596644,2,2696259660915,19.44860076904297,/ztf/archive/sci/2024/0520/259653/ztf_20240520259653_000861_zr_c03_o_q2_scimrefdiffimg.fits.fz,Kulkarni,1,2696,9,861,26.172199249267578,1.5994599380064756e-05,0.03041289933025837,0.08845160156488419,2.258160020573996e-05,t17_f5_c3,,,,,,,,,,,,,,,,,,,,,,,,,,,,,,,,,,,,,,,ZTF18acwwqdf
2460450.8065278,1,2696306520915,19.09600067138672,/ztf/archive/sci/2024/0520/306505/ztf_20240520306505_000861_zg_c03_o_q2_scimrefdiffimg.fits.fz,Kulkarni,1,2696,9,861,26.252599716186523,6.0968901379965246e-05,0.041460998356342316,-0.11635000258684158,0.00012233099550940096,t17_f5_c3,2.696306520915015e+18,t,0.0,1458.3499755859375,138.8249969482422,175.07054,74.4652704,19.231599807739258,0.20762400329113007,1.3797800540924072,19.261199951171875,0.2689000070095062,0.43507999181747437,18.385000228881836,0.010999999940395355,0.3160000145435333,-0.003000000026077032,0.6834200024604797,0.029596000909805298,4.199999809265137,0.7609999775886536,138.8249969482422,-0.16522200405597687,1.005519986152649,1.3339999914169312,1.100000023841858,0.3176189959049225,0.2619050145149231,1.212730050086975,4.0,0.0,0.6528570055961609,1.0,19.206499099731445,0.3278999924659729,175.0709546,74.4653219,6.72837,ZTF18acwwqdf
2460449.7582755,1,2695258270915,19.679800033569336,/ztf/archive/sci/2024/0519/258275/ztf_20240519258275_000861_zg_c03_o_q2_scimrefdiffimg.fits.fz,Qin,3,2695,9,861,26.32550048828125,2.5706600354169495e-05,0.03584820032119751,-0.10743899643421173,4.234820153214969e-05,t17_f5_c3,2.695258270915015e+18,t,0.0,1477.969970703125,141.08599853515625,175.0711474,74.4653196,19.31450080871582,0.12719100713729858,1.5953500270843506,19.14929962158203,0.19779999554157257,0.18381400406360626,18.385000228881836,0.010999999940395355,0.3160000145435333,-0.003000000026077032,0.42282000184059143,-0.16524800658226013,3.049999952316284,0.8500000238418579,141.08599853515625,0.5305299758911133,0.9969580173492432,0.9449999928474426,0.8059999942779541,0.3098360002040863,0.26426199078559875,1.1724599599838257,5.0,0.0,0.945713996887207,0.9829890131950378,19.07819938659668,0.2371000051498413,175.0709546,74.4653219,7.15994,ZTF18acwwqdf
2460449.7799306,1,2695279930915,19.486299514770508,/ztf/archive/sci/2024/0519/279884/ztf_20240519279884_000861_zg_c03_o_q2_scimrefdiffimg.fits.fz,Qin,3,2695,9,861,26.31369972229004,3.371019920450635e-05,0.03887980058789253,-0.09793350100517273,5.895620051887818e-05,t17_f5_c3,2.695279930915015e+18,t,0.0,1477.68994140625,141.0330047607422,175.0711208,74.4652308,19.37070083618164,0.18083100020885468,0.9626020193099976,19.672000885009766,0.3249000012874603,0.36039701104164124,18.385000228881836,0.010999999940395355,0.3160000145435333,-0.003000000026077032,1.1104600429534912,0.30134400725364685,3.809999942779541,0.8190000057220459,141.0330047607422,-0.1857140064239502,0.9374690055847168,0.9789999723434448,0.9120000004768372,0.25695499777793884,0.23937000334262848,1.0734599828720093,4.0,0.0,0.8799999952316284,1.0,19.646299362182617,0.4065999984741211,175.0709546,74.4653219,8.71157,ZTF18acwwqdf
2460451.7203125,1,2697220310915,19.274599075317383,/ztf/archive/sci/2024/0521/220231/ztf_20240521220231_000861_zg_c03_o_q2_scimrefdiffimg.fits.fz,Qin,3,2697,9,861,26.287399291992188,3.957250009989366e-05,0.03988590091466904,-0.11532700061798096,7.336569979088381e-05,t17_f5_c3,2.697220310915015e+18,t,0.0,1465.949951171875,163.3350067138672,175.0712632,74.465229,19.37339973449707,0.19664600491523743,1.582610011100769,18.846500396728516,0.19419999420642853,0.44213300943374634,18.385000228881836,0.010999999940395355,0.3160000145435333,-0.003000000026077032,2.0368800163269043,-0.5269320011138916,2.9200000762939453,0.6740000247955322,163.3350067138672,0.4281339943408966,1.1610699892044067,1.281000018119812,1.1510000228881836,0.43869900703430176,0.39417800307273865,1.1129399538040161,3.0,0.0,0.5828570127487183,1.0,18.832300186157227,0.24580000340938568,175.0709546,74.4653219,5.99936,ZTF18acwwqdf
2460451.8519907,1,2697351990915,18.86720085144043,/ztf/archive/sci/2024/0521/351806/ztf_20240521351806_000861_zg_c03_o_q2_scimrefdiffimg.fits.fz,Qin,3,2697,9,861,26.18899917602539,5.642789983539842e-05,0.03874479979276657,-0.13376100361347198,0.00011726099910447374,t17_f5_c3,2.697351990915015e+18,t,0.0,1469.56005859375,119.02200317382812,175.0716365,74.4652461,19.38599967956543,0.25419801473617554,1.2562199831008911,19.049800872802734,0.2930999994277954,0.7027260065078735,18.385000228881836,0.010999999940395355,0.3160000145435333,-0.003000000026077032,2.427380084991455,-0.3361609876155853,1.9627799987792969,0.6800000071525574,119.02200317382812,-0.18261900544166565,2.0,1.0369999408721924,0.8539999723434448,0.5283330082893372,0.43509799242019653,1.2142900228500366,6.0,0.0,0.6757140159606934,0.9555580019950867,18.95709991455078,0.34529998898506165,175.0709546,74.4653219,5.4406,ZTF18acwwqdf
2460452.7172106,3,2698217210915,19.153900146484375,/ztf/archive/sci/2024/0522/217211/ztf_20240522217211_000861_zi_c03_o_q2_scimrefdiffimg.fits.fz,Kulkarni,2,2698,9,861,25.490800857543945,4.218430149194319e-06,0.024747300893068314,0.1710589975118637,1.6810099623398855e-05,t17_f5_c3,,,,,,,,,,,,,,,,,,,,,,,,,,,,,,,,,,,,,,,ZTF18acwwqdf
2460452.8055903,1,2698305590915,19.33989906311035,/ztf/archive/sci/2024/0522/305567/ztf_20240522305567_000861_zg_c03_o_q2_scimrefdiffimg.fits.fz,Kulkarni,1,2698,9,861,26.16659927368164,4.0537299355491996e-05,0.041787900030612946,-0.08192799985408783,7.260349957505241e-05,t17_f5_c3,2.698305590915015e+18,t,0.0,1486.2099609375,131.6269989013672,175.070988,74.4653426,19.346599578857422,0.1857990026473999,1.5538500547409058,19.472900390625,0.4357999861240387,0.08011700212955475,18.385000228881836,0.010999999940395355,0.3160000145435333,-0.003000000026077032,3.7211999893188477,0.12634800374507904,2.3399999141693115,0.6980000138282776,131.6269989013672,-0.13297900557518005,1.077180027961731,0.7789999842643738,0.7039999961853027,0.33290600776672363,0.30085501074790955,1.106529951095581,6.0,0.0,0.8999999761581421,0.8820469975471497,19.67009925842285,0.6707000136375427,175.0709546,74.4653219,6.23396,ZTF18acwwqdf
2460452.8481713,2,2698348170915,18.84709930419922,/ztf/archive/sci/2024/0522/348125/ztf_20240522348125_000861_zr_c03_o_q2_scimrefdiffimg.fits.fz,Kulkarni,1,2698,9,861,26.071699142456055,3.558029857231304e-05,0.04256249964237213,0.07458849996328354,5.016359864384867e-05,t17_f5_c3,,,,,,,,,,,,,,,,,,,,,,,,,,,,,,,,,,,,,,,ZTF18acwwqdf
2460455.7140625,1,2701214060915,19.667400360107422,/ztf/archive/sci/2024/0525/214062/ztf_20240525214062_000861_zg_c03_o_q2_scimrefdiffimg.fits.fz,Qin,3,2701,9,861,26.333099365234375,3.2012500014388934e-05,0.039618801325559616,-0.10168600082397461,5.311660061124712e-05,t17_f5_c3,2.701214060915015e+18,t,0.0,1487.949951171875,128.37399291992188,175.0710793,74.4652676,19.39310073852539,0.14787299931049347,0.872655987739563,19.624500274658203,0.29429998993873596,0.22663499414920807,18.385000228881836,0.010999999940395355,0.3160000145435333,-0.003000000026077032,1.1045299768447876,0.23138399422168732,2.559999942779541,0.8450000286102295,128.37399291992188,0.04285399988293648,1.2486900091171265,0.8600000143051147,0.7630000114440918,0.3359380066394806,0.2980470061302185,1.1271300315856934,3.0,0.0,0.9557139873504639,1.0,19.57309913635254,0.3594000041484833,175.0709546,74.4653219,8.32587,ZTF18acwwqdf
2460456.7904167,3,2702290410915,19.311899185180664,/ztf/archive/sci/2024/0526/290417/ztf_20240526290417_000861_zi_c03_o_q2_scimrefdiffimg.fits.fz,Kulkarni,2,2702,9,861,25.580799102783203,3.3521300792926922e-06,0.02217850089073181,0.17674000561237335,1.3340600162337068e-05,t17_f5_c3,,,,,,,,,,,,,,,,,,,,,,,,,,,,,,,,,,,,,,,ZTF18acwwqdf
2460456.8197917,2,2702319790915,19.584299087524414,/ztf/archive/sci/2024/0526/319769/ztf_20240526319769_000861_zr_c03_o_q2_scimrefdiffimg.fits.fz,Kulkarni,1,2702,9,861,26.214799880981445,1.240940036950633e-05,0.026524100452661514,0.07839140295982361,1.7445499906898476e-05,t17_f5_c3,,,,,,,,,,,,,,,,,,,,,,,,,,,,,,,,,,,,,,,ZTF18acwwqdf
2460457.7013426,1,2703201340915,20.40530014038086,/ztf/archive/sci/2024/0527/201319/ztf_20240527201319_000861_zg_c03_o_q2_scimrefdiffimg.fits.fz,Qin,3,2703,9,861,26.35219955444336,1.4350600395118818e-05,0.02862749993801117,-0.12653499841690063,2.035100078501273e-05,t17_f5_c3,2.703201340915015e+18,1,0.0,1455.489990234375,162.58700561523438,175.0710816,74.4652606,19.357200622558594,0.14571300148963928,2.8463399410247803,19.43000030517578,0.1542000025510788,0.24916499853134155,18.385000228881836,0.010999999940395355,0.3160000145435333,-0.003000000026077032,0.9948890209197998,0.0728129968047142,2.299999952316284,0.9959999918937683,162.58700561523438,0.97530597448349,1.150130033493042,0.6169999837875366,0.5809999704360962,0.26826098561286926,0.2526090145111084,1.061959981918335,1.0,0.0,0.9542859792709351,1.0,19.463699340820312,0.20200000703334808,175.0709546,74.4653219,16.5238,ZTF18acwwqdf
2460457.7013426,1,2703201340915,20.40530014038086,/ztf/archive/sci/2024/0527/201319/ztf_20240527201319_000861_zg_c03_o_q2_scimrefdiffimg.fits.fz,Qin,3,2703,9,861,26.35219955444336,1.4350600395118818e-05,0.02862749993801117,-0.12653499841690063,2.035100078501273e-05,t17_f5_c3,2.703201340915015e+18,t,0.0,1455.489990234375,162.58700561523438,175.0710816,74.4652606,19.357200622558594,0.14571300148963928,2.8463399410247803,19.43000030517578,0.1542000025510788,0.24916499853134155,18.385000228881836,0.010999999940395355,0.3160000145435333,-0.003000000026077032,0.9948890209197998,0.0728129968047142,2.299999952316284,0.9959999918937683,162.58700561523438,0.97530597448349,1.150130033493042,0.6169999837875366,0.5809999704360962,0.26826098561286926,0.2526090145111084,1.061959981918335,1.0,0.0,0.9542859792709351,1.0,19.463699340820312,0.20200000703334808,175.0709546,74.4653219,16.5238,ZTF18acwwqdf
2460457.7197106,1,2703219710915,20.381999969482422,/ztf/archive/sci/2024/0527/219664/ztf_20240527219664_000861_zg_c03_o_q2_scimrefdiffimg.fits.fz,Qin,3,2703,9,861,26.34119987487793,1.909989987325389e-05,0.03288479894399643,-0.12103500217199326,2.6959200113196857e-05,t17_f5_c3,2.703219710915015e+18,t,0.0,1460.050048828125,158.74000549316406,175.071198,74.4653166,19.391199111938477,0.11894100159406662,2.0417098999023438,19.498899459838867,0.1670999974012375,0.2324959933757782,18.385000228881836,0.010999999940395355,0.3160000145435333,-0.003000000026077032,0.4941050112247467,0.10768300294876099,2.3399999141693115,0.9369999766349792,158.74000549316406,0.8830609917640686,1.1335300207138062,0.656000018119812,0.6140000224113464,0.2803420126438141,0.2623929977416992,1.0684000253677368,2.0,0.0,0.9628570079803467,1.0,19.59149932861328,0.23109999299049377,175.0709546,74.4653219,8.97543,ZTF18acwwqdf
2460458.6988889,1,2704198880915,20.34000015258789,/ztf/archive/sci/2024/0528/198866/ztf_20240528198866_000861_zg_c03_o_q2_scimrefdiffimg.fits.fz,Kulkarni,1,2704,9,861,26.373300552368164,2.3707400032435544e-05,0.03590869903564453,-0.16584700345993042,3.417790139792487e-05,t17_f5_c3,2.704198880915015e+18,t,0.0,1464.97998046875,139.66799926757812,175.0711126,74.4652911,19.316299438476562,0.14065299928188324,2.6805999279022217,19.43939971923828,0.1420000046491623,0.18613100051879883,18.385000228881836,0.010999999940395355,0.3160000145435333,-0.003000000026077032,0.7191219925880432,0.1230819970369339,1.5450799465179443,0.6520000100135803,139.66799926757812,0.900638997554779,2.0,0.7049999833106995,0.6240000128746033,0.4562860131263733,0.40386098623275757,1.1298099756240845,4.0,0.0,0.9442859888076782,1.0,19.41510009765625,0.1761000007390976,175.0709546,74.4653219,6.84214,ZTF18acwwqdf
2460458.8701389,2,2704370130915,19.944400787353516,/ztf/archive/sci/2024/0528/370046/ztf_20240528370046_000861_zr_c03_o_q2_scimrefdiffimg.fits.fz,Kulkarni,1,2704,9,861,26.152700424194336,1.3364799997361843e-05,0.027125300839543343,0.11764699965715408,1.8645099771674722e-05,t17_f5_c3,,,,,,,,,,,,,,,,,,,,,,,,,,,,,,,,,,,,,,,ZTF18acwwqdf
2460459.700463,1,2705200460915,20.263500213623047,/ztf/archive/sci/2024/0529/200417/ztf_20240529200417_000861_zg_c03_o_q2_scimrefdiffimg.fits.fz,Qin,3,2705,9,861,26.372100830078125,2.248450073238928e-05,0.03500020131468773,-0.1792069971561432,3.291040047770366e-05,t17_f5_c3,2.705200460915015e+18,1,0.0,1481.02001953125,133.85400390625,175.071139,74.4653069,19.19809913635254,0.11402799934148788,1.6115000247955322,19.138599395751953,0.10599999874830246,0.18361300230026245,18.385000228881836,0.010999999940395355,0.3160000145435333,-0.003000000026077032,0.3335539996623993,-0.05951400101184845,1.6951700448989868,0.8389999866485596,133.85400390625,1.1249200105667114,2.0,0.8450000286102295,0.7360000014305115,0.4984759986400604,0.4341759979724884,1.1481000185012817,2.0,0.0,0.9314290285110474,1.0,19.144500732421875,0.1348000019788742,175.0709546,74.4653219,5.32447,ZTF18acwwqdf
2460459.700463,1,2705200460915,20.263500213623047,/ztf/archive/sci/2024/0529/200417/ztf_20240529200417_000861_zg_c03_o_q2_scimrefdiffimg.fits.fz,Qin,3,2705,9,861,26.372100830078125,2.248450073238928e-05,0.03500020131468773,-0.1792069971561432,3.291040047770366e-05,t17_f5_c3,2.705200460915015e+18,t,0.0,1481.02001953125,133.85400390625,175.071139,74.4653069,19.19809913635254,0.11402799934148788,1.6115000247955322,19.138599395751953,0.10599999874830246,0.18361300230026245,18.385000228881836,0.010999999940395355,0.3160000145435333,-0.003000000026077032,0.3335539996623993,-0.05951400101184845,1.6951700448989868,0.8389999866485596,133.85400390625,1.1249200105667114,2.0,0.8450000286102295,0.7360000014305115,0.4984759986400604,0.4341759979724884,1.1481000185012817,2.0,0.0,0.9314290285110474,1.0,19.144500732421875,0.1348000019788742,175.0709546,74.4653219,5.32447,ZTF18acwwqdf
2460459.7412384,1,2705241230915,20.400100708007812,/ztf/archive/sci/2024/0529/241192/ztf_20240529241192_000861_zg_c03_o_q2_scimrefdiffimg.fits.fz,Qin,3,2705,9,861,26.345199584960938,1.746400084812194e-05,0.03117150068283081,-0.1420540064573288,2.4885599486879073e-05,t17_f5_c3,2.705241230915015e+18,t,0.0,1482.1800537109375,120.36900329589844,175.0711136,74.4652867,19.472200393676758,0.13662900030612946,1.8328100442886353,19.762699127197266,0.19249999523162842,0.19656799733638763,18.385000228881836,0.010999999940395355,0.3160000145435333,-0.003000000026077032,0.7391369938850403,0.2904829978942871,2.509999990463257,0.9649999737739563,120.36900329589844,0.6374490261077881,1.1555399894714355,0.7889999747276306,0.6600000262260437,0.31434300541877747,0.26294800639152527,1.195449948310852,1.0,0.0,0.947143018245697,1.0,19.892799377441406,0.275299996137619,175.0709546,74.4653219,8.95752,ZTF18acwwqdf
2460459.7659606,3,2705265960915,19.592500686645508,/ztf/archive/sci/2024/0529/265949/ztf_20240529265949_000861_zi_c03_o_q2_scimrefdiffimg.fits.fz,Kulkarni,2,2705,9,861,25.593000411987305,2.7066701022704365e-06,0.01966159977018833,0.16857300698757172,1.091820013243705e-05,t17_f5_c3,,,,,,,,,,,,,,,,,,,,,,,,,,,,,,,,,,,,,,,ZTF18acwwqdf
2460460.7413773,1,2706241370915,20.291000366210938,/ztf/archive/sci/2024/0530/241354/ztf_20240530241354_000861_zg_c03_o_q2_scimrefdiffimg.fits.fz,Kulkarni,1,2706,9,861,26.307600021362305,1.869650077424012e-05,0.032152701169252396,-0.12974199652671814,2.6788700779434294e-05,t17_f5_c3,2.706241370915015e+18,t,0.0,1476.5699462890625,134.48199462890625,175.071151,74.4653282,19.39459991455078,0.17302900552749634,2.904910087585449,19.528499603271484,0.17430000007152557,0.18830899894237518,18.385000228881836,0.010999999940395355,0.3160000145435333,-0.003000000026077032,-0.025908999145030975,0.13390499353408813,2.2899999618530273,0.984000027179718,134.48199462890625,0.7624970078468323,1.238669991493225,0.6970000267028809,0.6740000247955322,0.3043670058250427,0.29432299733161926,1.034119963645935,6.0,0.0,0.9442859888076782,0.9338039755821228,19.261499404907227,0.1736000031232834,175.0709546,74.4653219,12.2699,ZTF18acwwqdf
2460460.7773148,2,2706277310915,20.228200912475586,/ztf/archive/sci/2024/0530/277292/ztf_20240530277292_000861_zr_c03_o_q2_scimrefdiffimg.fits.fz,Kulkarni,1,2706,9,861,26.181900024414062,9.216179932991508e-06,0.022783499211072922,0.09793110191822052,1.3006199878873304e-05,t17_f5_c3,,,,,,,,,,,,,,,,,,,,,,,,,,,,,,,,,,,,,,,ZTF18acwwqdf
2460461.7415741,1,2707241570915,20.00659942626953,/ztf/archive/sci/2024/0531/241562/ztf_20240531241562_000861_zg_c03_o_q2_scimrefdiffimg.fits.fz,Qin,3,2707,9,861,26.29759979248047,3.2848100090632215e-05,0.041800498962402344,-0.18288099765777588,4.9996699090115726e-05,t17_f5_c3,2.707241570915015e+18,1,0.0,1459.22998046875,136.7830047607422,175.0711442,74.4652692,19.266599655151367,0.12480899691581726,1.1531100273132324,19.15760040283203,0.1225999966263771,0.26008298993110657,18.385000228881836,0.010999999940395355,0.3160000145435333,-0.003000000026077032,0.33380600810050964,-0.10900799930095673,2.740000009536743,0.7419999837875366,136.7830047607422,0.8489639759063721,1.3690299987792969,0.9290000200271606,0.8550000190734863,0.3390510082244873,0.3120439946651459,1.086549997329712,1.0,0.0,0.9285709857940674,1.0,19.042600631713867,0.14010000228881836,175.0709546,74.4653219,12.1823,ZTF18acwwqdf
2460462.764375,1,2708264370915,20.472700119018555,/ztf/archive/sci/2024/0601/264375/ztf_20240601264375_000861_zg_c03_o_q2_scimrefdiffimg.fits.fz,Kulkarni,1,2708,9,861,26.332399368286133,1.4552099855791312e-05,0.02844429947435856,-0.1573289930820465,2.0945999494870193e-05,t17_f5_c3,2.708264370915015e+18,t,0.0,1469.1600341796875,126.28500366210938,175.0710677,74.4653286,19.453399658203125,0.17038500308990479,2.668060064315796,19.517499923706055,0.1445000022649765,0.11031000316143036,18.385000228881836,0.010999999940395355,0.3160000145435333,-0.003000000026077032,0.5172780156135559,0.06409399956464767,2.5299999713897705,0.9710000157356262,126.28500366210938,0.95517897605896,1.149839997291565,0.6449999809265137,0.5640000104904175,0.2549409866333008,0.22292500734329224,1.1436200141906738,4.0,0.0,0.945713996887207,0.969605028629303,19.53580093383789,0.1859000027179718,175.0709546,74.4653219,6.4546,ZTF18acwwqdf
2460462.8653472,2,2708365340915,20.15839958190918,/ztf/archive/sci/2024/0601/365197/ztf_20240601365197_000861_zr_c03_o_q2_scimrefdiffimg.fits.fz,Kulkarni,1,2708,9,861,26.15489959716797,1.3345399565878324e-05,0.027032600715756416,0.10475599765777588,1.8513799659558572e-05,t17_f5_c3,,,,,,,,,,,,,,,,,,,,,,,,,,,,,,,,,,,,,,,ZTF18acwwqdf
2460464.7642361,1,2710264230915,18.647499084472656,/ztf/archive/sci/2024/0603/264236/ztf_20240603264236_000861_zg_c03_o_q2_scimrefdiffimg.fits.fz,Kulkarni,1,2710,9,861,24.907400131225586,0.000241119007114321,0.08056119829416275,-0.14775300025939941,0.0004996440256945789,t17_f5_c3,2.710264230915015e+18,t,0.0,1463.3499755859375,132.7530059814453,175.0711413,74.4651223,19.161399841308594,0.3020020127296448,1.2072399854660034,19.170799255371094,0.5159000158309937,0.7318320274353027,18.385000228881836,0.010999999940395355,0.3160000145435333,-0.003000000026077032,1.030210018157959,0.009351000189781189,2.3499999046325684,0.4970000088214874,132.7530059814453,-0.5232920050621033,1.3027299642562866,0.9850000143051147,0.6790000200271606,0.4191490113735199,0.28893598914146423,1.450659990310669,10.0,0.0,0.6085709929466248,0.7257729768753052,18.95400047302246,0.5422999858856201,175.0709546,74.4653219,5.12513,ZTF18acwwqdf
2460464.8423264,2,2710342320915,19.88629913330078,/ztf/archive/sci/2024/0603/342315/ztf_20240603342315_000861_zr_c03_o_q2_scimrefdiffimg.fits.fz,Kulkarni,1,2710,9,861,25.872100830078125,1.4027599718247075e-05,0.027788199484348297,0.10400400310754776,1.9644900021376088e-05,t17_f5_c3,,,,,,,,,,,,,,,,,,,,,,,,,,,,,,,,,,,,,,,ZTF18acwwqdf
2460461.7415741,1,2707241570915,20.00659942626953,/ztf/archive/sci/2024/0531/241562/ztf_20240531241562_000861_zg_c03_o_q2_scimrefdiffimg.fits.fz,Qin,3,2707,9,861,26.29759979248047,3.2848100090632215e-05,0.041800498962402344,-0.18288099765777588,4.9996699090115726e-05,t17_f5_c3,2.707241570915015e+18,t,0.0,1459.22998046875,136.7830047607422,175.0711442,74.4652692,19.266599655151367,0.12480899691581726,1.1531100273132324,19.15760040283203,0.1225999966263771,0.26008298993110657,18.385000228881836,0.010999999940395355,0.3160000145435333,-0.003000000026077032,0.33380600810050964,-0.10900799930095673,2.740000009536743,0.7419999837875366,136.7830047607422,0.8489639759063721,1.3690299987792969,0.9290000200271606,0.8550000190734863,0.3390510082244873,0.3120439946651459,1.086549997329712,1.0,0.0,0.9285709857940674,1.0,19.042600631713867,0.14010000228881836,175.0709546,74.4653219,12.1823,ZTF18acwwqdf
2460461.7569097,1,2707256900915,19.95870018005371,/ztf/archive/sci/2024/0531/256887/ztf_20240531256887_000861_zg_c03_o_q2_scimrefdiffimg.fits.fz,Qin,3,2707,9,861,26.292200088500977,3.540860052453354e-05,0.04273160174489021,-0.17114900052547455,5.621879972750321e-05,t17_f5_c3,2.707256900915015e+18,t,0.0,1465.4000244140625,129.22000122070312,175.0712825,74.4652956,19.23819923400879,0.16858600080013275,2.016400098800659,19.37779998779297,0.14949999749660492,0.3258099853992462,18.385000228881836,0.010999999940395355,0.3160000145435333,-0.003000000026077032,0.467756986618042,0.13961400091648102,2.5199999809265137,0.6600000262260437,129.22000122070312,0.5809080004692078,1.5571199655532837,0.8830000162124634,0.7919999957084656,0.350396990776062,0.3142859935760498,1.11489999294281,1.0,0.0,0.9114289879798889,1.0,19.492900848388672,0.21089999377727509,175.0709546,74.4653219,11.7924,ZTF18acwwqdf
2460462.8253704,3,2708325370915,19.612699508666992,/ztf/archive/sci/2024/0601/325370/ztf_20240601325370_000861_zi_c03_o_q2_scimrefdiffimg.fits.fz,Kulkarni,2,2708,9,861,25.582700729370117,3.394690111235832e-06,0.02192460000514984,0.17693400382995605,1.3750799553235993e-05,t17_f5_c3,,,,,,,,,,,,,,,,,,,,,,,,,,,,,,,,,,,,,,,ZTF18acwwqdf
2460469.7629514,3,2715262950915,19.523700714111328,/ztf/archive/sci/2024/0608/262917/ztf_20240608262917_000861_zi_c03_o_q2_scimrefdiffimg.fits.fz,Kulkarni,2,2715,9,861,25.5408992767334,3.167160002703895e-06,0.021390199661254883,0.17815400660037994,1.2643399713851977e-05,t17_f5_c3,,,,,,,,,,,,,,,,,,,,,,,,,,,,,,,,,,,,,,,ZTF18acwwqdf
2460472.7839352,3,2718283930915,19.554500579833984,/ztf/archive/sci/2024/0611/283889/ztf_20240611283889_000861_zi_c03_o_q2_scimrefdiffimg.fits.fz,Kulkarni,2,2718,9,861,25.53660011291504,3.068639898629044e-06,0.02105499990284443,0.17862999439239502,1.2303599760343786e-05,t17_f5_c3,,,,,,,,,,,,,,,,,,,,,,,,,,,,,,,,,,,,,,,ZTF18acwwqdf
2460476.7159838,3,2722215980915,19.31599998474121,/ztf/archive/sci/2024/0615/215972/ztf_20240615215972_000861_zi_c03_o_q2_scimrefdiffimg.fits.fz,Kulkarni,2,2722,9,861,25.59440040588379,3.890890184266027e-06,0.023761099204421043,0.16774000227451324,1.553149922983721e-05,t17_f5_c3,,,,,,,,,,,,,,,,,,,,,,,,,,,,,,,,,,,,,,,ZTF18acwwqdf
2460476.7643519,1,2722264350915,19.94529914855957,/ztf/archive/sci/2024/0615/264340/ztf_20240615264340_000861_zg_c03_o_q2_scimrefdiffimg.fits.fz,Kulkarni,1,2722,9,861,26.2632999420166,3.128909884253517e-05,0.040626201778650284,-0.09595999866724014,4.630989860743284e-05,t17_f5_c3,2.722264350915015e+18,t,1.0,1490.3199462890625,95.84719848632812,175.0710977,74.4653033,19.327299118041992,0.14080800116062164,1.3545900583267212,19.433399200439453,0.22990000247955322,0.15138700604438782,18.385000228881836,0.010999999940395355,0.3160000145435333,-0.003000000026077032,0.9764519929885864,0.10606399923563004,2.940000057220459,0.9919999837875366,95.84719848632812,0.5118749737739563,0.9086530208587646,0.7379999756813049,0.6600000262260437,0.25102001428604126,0.2244900017976761,1.1181800365447998,4.0,0.0,0.9642860293388367,0.962988018989563,19.656700134277344,0.3605000078678131,175.0709546,74.4653219,10.4929,ZTF18acwwqdf
2460476.7834375,2,2722283430915,20.121000289916992,/ztf/archive/sci/2024/0615/283414/ztf_20240615283414_000861_zr_c03_o_q2_scimrefdiffimg.fits.fz,Kulkarni,1,2722,9,861,26.19729995727539,1.1696300134644844e-05,0.025449000298976898,0.10347799956798553,1.6404299458372407e-05,t17_f5_c3,,,,,,,,,,,,,,,,,,,,,,,,,,,,,,,,,,,,,,,ZTF18acwwqdf
2460479.7254977,1,2725225490915,19.523000717163086,/ztf/archive/sci/2024/0618/225428/ztf_20240618225428_000861_zg_c03_o_q2_scimrefdiffimg.fits.fz,Kulkarni,1,2725,9,861,26.350500106811523,4.118819924769923e-05,0.04216499999165535,-0.1339550018310547,7.458189793396741e-05,t17_f5_c3,2.725225490915015e+18,t,0.0,1470.4300537109375,126.90299987792969,175.0713139,74.4653034,19.418500900268555,0.17728999257087708,1.121899962425232,20.382299423217773,0.6187000274658203,0.3483229875564575,18.385000228881836,0.010999999940395355,0.3160000145435333,-0.003000000026077032,1.5475200414657593,0.9638130068778992,2.8299999237060547,0.9539999961853027,126.90299987792969,-0.8593329787254333,1.2304699420928955,0.8600000143051147,0.8349999785423279,0.3038870096206665,0.29505300521850586,1.0299400091171265,8.0,0.0,0.7228569984436035,0.8899750113487244,20.16830062866211,0.6509000062942505,175.0709546,74.4653219,8.60629,ZTF18acwwqdf
2460479.8043056,2,2725304300915,19.565399169921875,/ztf/archive/sci/2024/0618/304213/ztf_20240618304213_000861_zr_c03_o_q2_scimrefdiffimg.fits.fz,Kulkarni,1,2725,9,861,26.20870018005371,1.4867800018691923e-05,0.02862589992582798,0.0895548015832901,2.0746199879795313e-05,t17_f5_c3,,,,,,,,,,,,,,,,,,,,,,,,,,,,,,,,,,,,,,,ZTF18acwwqdf
2460480.7658218,3,2726265820915,19.187299728393555,/ztf/archive/sci/2024/0619/265810/ztf_20240619265810_000861_zi_c03_o_q2_scimrefdiffimg.fits.fz,Kulkarni,2,2726,9,861,25.53420066833496,5.05223988511716e-06,0.027052199468016624,0.17498299479484558,2.0268300431780517e-05,t17_f5_c3,,,,,,,,,,,,,,,,,,,,,,,,,,,,,,,,,,,,,,,ZTF18acwwqdf
2460482.7012963,1,2728201290915,19.295900344848633,/ztf/archive/sci/2024/0621/201250/ztf_20240621201250_000861_zg_c03_o_q2_scimrefdiffimg.fits.fz,Qin,3,2728,9,861,26.33690071105957,4.222910138196312e-05,0.04189920052886009,-0.13157600164413452,7.412650302285329e-05,t17_f5_c3,2.728201290915015e+18,1,0.0,1474.97998046875,135.75399780273438,175.0709789,74.4652431,19.583900451660156,0.21691299974918365,1.4822900295257568,19.174699783325195,0.2858999967575073,0.28103500604629517,18.385000228881836,0.010999999940395355,0.3160000145435333,-0.003000000026077032,3.493680000305176,-0.4092159867286682,1.522439956665039,0.9559999704360962,135.75399780273438,0.12125100195407867,2.0,0.6380000114440918,0.5690000057220459,0.419064998626709,0.3737429976463318,1.121269941329956,8.0,0.0,0.804286003112793,0.9589170217514038,19.254499435424805,0.3946000039577484,175.0709546,74.4653219,5.49267,ZTF18acwwqdf
2460452.8055903,1,2698305590915,19.33989906311035,/ztf/archive/sci/2024/0522/305567/ztf_20240522305567_000861_zg_c03_o_q2_scimrefdiffimg.fits.fz,Kulkarni,1,2698,9,861,26.16659927368164,4.0537299355491996e-05,0.041787900030612946,-0.08192799985408783,7.260349957505241e-05,t17_f5_c3,,,,,,,,,,,,,,,,,,,,,,,,,,,,,,,,,,,,,,,ZTF18acwwqdf
2460481.739375,1,2727239370915,19.36440086364746,/ztf/archive/sci/2024/0620/239306/ztf_20240620239306_000861_zg_c03_o_q2_scimrefdiffimg.fits.fz,Kulkarni,1,2727,9,861,26.34309959411621,4.0380400605499744e-05,0.040783099830150604,-0.12365800142288208,7.137060310924426e-05,t17_f5_c3,,,,,,,,,,,,,,,,,,,,,,,,,,,,,,,,,,,,,,,ZTF18acwwqdf
2460481.7802431,2,2727280240915,19.60260009765625,/ztf/archive/sci/2024/0620/280231/ztf_20240620280231_000861_zr_c03_o_q2_scimrefdiffimg.fits.fz,Kulkarni,1,2727,9,861,26.199199676513672,1.3019200196140446e-05,0.02695930004119873,0.0919002965092659,1.8418399122310802e-05,t17_f5_c3,,,,,,,,,,,,,,,,,,,,,,,,,,,,,,,,,,,,,,,ZTF18acwwqdf
2460482.7012963,1,2728201290915,19.295900344848633,/ztf/archive/sci/2024/0621/201250/ztf_20240621201250_000861_zg_c03_o_q2_scimrefdiffimg.fits.fz,Qin,3,2728,9,861,26.33690071105957,4.222910138196312e-05,0.04189920052886009,-0.13157600164413452,7.412650302285329e-05,t17_f5_c3,2.728201290915015e+18,t,0.0,1474.97998046875,135.75399780273438,175.0709789,74.4652431,19.583900451660156,0.21691299974918365,1.4822900295257568,19.174699783325195,0.2858999967575073,0.28103500604629517,18.385000228881836,0.010999999940395355,0.3160000145435333,-0.003000000026077032,3.493680000305176,-0.4092159867286682,1.522439956665039,0.9559999704360962,135.75399780273438,0.12125100195407867,2.0,0.6380000114440918,0.5690000057220459,0.419064998626709,0.3737429976463318,1.121269941329956,8.0,0.0,0.804286003112793,0.9589170217514038,19.254499435424805,0.3946000039577484,175.0709546,74.4653219,5.49267,ZTF18acwwqdf
2460482.7214468,1,2728221440915,19.264699935913086,/ztf/archive/sci/2024/0621/221447/ztf_20240621221447_000861_zg_c03_o_q2_scimrefdiffimg.fits.fz,Qin,3,2728,9,861,26.34670066833496,3.679759902297519e-05,0.03868899866938591,-0.13102899491786957,6.840290006948635e-05,t17_f5_c3,2.728221440915015e+18,t,0.0,1470.1400146484375,125.65899658203125,175.0711007,74.4653142,19.527700424194336,0.21700100600719452,0.8396710157394409,19.765499114990234,0.5037000179290771,0.1418129950761795,18.385000228881836,0.010999999940395355,0.3160000145435333,-0.003000000026077032,3.419250011444092,0.23782800137996674,1.5296800136566162,0.9390000104904175,125.65899658203125,-0.5007780194282532,2.0,0.7990000247955322,0.7229999899864197,0.5223320126533508,0.4726479947566986,1.1051199436187744,5.0,0.0,0.8942859768867493,0.9821810126304626,19.766700744628906,0.6470999717712402,175.0709546,74.4653219,5.6986,ZTF18acwwqdf
2460483.7409144,1,2729240910915,19.294200897216797,/ztf/archive/sci/2024/0622/240891/ztf_20240622240891_000861_zg_c03_o_q2_scimrefdiffimg.fits.fz,Kulkarni,1,2729,9,861,26.323999404907227,3.6964200262445956e-05,0.03955259919166565,-0.10649900138378143,6.595430022571236e-05,t17_f5_c3,2.729240910915015e+18,t,0.0,1501.0,102.71600341796875,175.0713379,74.4653715,19.39299964904785,0.1975640058517456,0.98642897605896,19.221599578857422,0.3391000032424927,0.40532100200653076,18.385000228881836,0.010999999940395355,0.3160000145435333,-0.003000000026077032,4.419469833374023,-0.17136700451374054,2.3499999046325684,0.6679999828338623,102.71600341796875,0.07263799756765366,1.139799952507019,0.8069999814033508,0.6850000023841858,0.34340399503707886,0.29148900508880615,1.1780999898910522,3.0,0.0,0.8842859864234924,1.0,18.83209991455078,0.3043000102043152,175.0709546,74.4653219,6.07477,ZTF18acwwqdf
2460483.7628935,2,2729262890915,19.55150032043457,/ztf/archive/sci/2024/0622/262731/ztf_20240622262731_000861_zr_c03_o_q2_scimrefdiffimg.fits.fz,Kulkarni,1,2729,9,861,26.232200622558594,2.0297800801927224e-05,0.03324589878320694,0.10238000005483627,2.8350699722068384e-05,t17_f5_c3,,,,,,,,,,,,,,,,,,,,,,,,,,,,,,,,,,,,,,,ZTF18acwwqdf
2460481.739375,1,2727239370915,19.36440086364746,/ztf/archive/sci/2024/0620/239306/ztf_20240620239306_000861_zg_c03_o_q2_scimrefdiffimg.fits.fz,Kulkarni,1,2727,9,861,26.34309959411621,4.0380400605499744e-05,0.040783099830150604,-0.12365800142288208,7.137060310924426e-05,t17_f5_c3,2.727239370915015e+18,t,0.0,1466.0400390625,116.19300079345703,175.0709697,74.4651811,19.482099533081055,0.19962899386882782,1.437749981880188,19.439599990844727,0.32919999957084656,0.5010809898376465,18.385000228881836,0.010999999940395355,0.3160000145435333,-0.003000000026077032,2.456860065460205,-0.04254800081253052,1.5874199867248535,0.7910000085830688,116.19300079345703,-0.07523000240325928,2.0,1.1180000305175781,0.9330000281333923,0.7042859792709351,0.5877450108528137,1.1982799768447876,4.0,0.0,0.8299999833106995,1.0,19.623600006103516,0.49970000982284546,175.0709546,74.4653219,6.10778,ZTF18acwwqdf
2460484.7006597,1,2730200650915,19.55139923095703,/ztf/archive/sci/2024/0623/200648/ztf_20240623200648_000861_zg_c03_o_q2_scimrefdiffimg.fits.fz,Qin,3,2730,9,861,26.319799423217773,4.984410043107346e-05,0.04834020137786865,-0.12983399629592896,8.40540014905855e-05,t17_f5_c3,2.730200650915015e+18,t,1.0,1498.719970703125,110.76599884033203,175.0713233,74.4653297,19.459800720214844,0.16786600649356842,1.2514699697494507,19.665300369262695,0.35690000653266907,0.3521760106086731,18.385000228881836,0.010999999940395355,0.3160000145435333,-0.003000000026077032,1.2544900178909302,0.20552299916744232,1.518280029296875,0.8970000147819519,110.76599884033203,-0.1138560026884079,2.0,0.7440000176429749,0.6690000295639038,0.4900270104408264,0.4406290054321289,1.1121100187301636,4.0,0.0,0.9371430277824402,1.0,19.42060089111328,0.365200012922287,175.0709546,74.4653219,5.70216,ZTF18acwwqdf
2460484.7222338,1,2730222230915,19.400999069213867,/ztf/archive/sci/2024/0623/222222/ztf_20240623222222_000861_zg_c03_o_q2_scimrefdiffimg.fits.fz,Qin,3,2730,9,861,26.285900115966797,2.9284199626999907e-05,0.03675299882888794,-0.09510509669780731,5.030199827160686e-05,t17_f5_c3,2.730222230915015e+18,t,1.0,1470.699951171875,111.3949966430664,175.0711545,74.4652088,19.61590003967285,0.26302701234817505,1.3455400466918945,19.459400177001953,0.35109999775886536,0.4448170065879822,18.385000228881836,0.010999999940395355,0.3160000145435333,-0.003000000026077032,2.36011004447937,-0.15648500621318817,2.180000066757202,0.9559999704360962,111.3949966430664,-0.058371998369693756,1.3414000272750854,0.7269999980926514,0.49799999594688416,0.33348599076271057,0.22844000160694122,1.4598400592803955,9.0,0.0,0.7085710167884827,0.7073839902877808,19.05389976501465,0.31029999256134033,175.0709546,74.4653219,5.77653,ZTF18acwwqdf
2460485.8028819,3,2731302880915,19.417400360107422,/ztf/archive/sci/2024/0624/302743/ztf_20240624302743_000861_zi_c03_o_q2_scimrefdiffimg.fits.fz,Kulkarni,2,2731,9,861,26.36240005493164,0.00041779098683036864,0.2357880026102066,0.17651399970054626,0.0016446099616587162,t17_f5_c3,,,,,,,,,,,,,,,,,,,,,,,,,,,,,,,,,,,,,,,ZTF18acwwqdf
2460490.7442361,3,2736244230915,19.8887996673584,/ztf/archive/sci/2024/0629/244190/ztf_20240629244190_000861_zi_c03_o_q2_scimrefdiffimg.fits.fz,Kulkarni,2,2736,9,861,25.622600555419922,2.5703500341478502e-06,0.019070999696850777,0.17935700714588165,1.0376999853178859e-05,t17_f5_c3,,,,,,,,,,,,,,,,,,,,,,,,,,,,,,,,,,,,,,,ZTF18acwwqdf
2460494.7022801,1,2740202280915,20.335399627685547,/ztf/archive/sci/2024/0703/202269/ztf_20240703202269_000861_zg_c03_o_q2_scimrefdiffimg.fits.fz,Qin,3,2740,9,861,26.3080997467041,1.7985199519898742e-05,0.031171800568699837,-0.09040790051221848,2.5541699869791046e-05,t17_f5_c3,2.740202280915015e+18,1,0.0,1479.1500244140625,78.78780364990234,175.0711391,74.4652972,19.454099655151367,0.10706400126218796,1.7723300457000732,19.386899948120117,0.15960000455379486,0.1963919997215271,18.385000228881836,0.010999999940395355,0.3160000145435333,-0.003000000026077032,0.3352909982204437,-0.06722299754619598,2.4800000190734863,0.9210000038146973,78.78780364990234,0.948527991771698,1.054069995880127,0.7540000081062317,0.7419999837875366,0.30403199791908264,0.29919400811195374,1.0161700248718262,1.0,0.0,0.9757140278816223,1.0,19.356700897216797,0.1972000002861023,175.0709546,74.4653219,8.95153,ZTF18acwwqdf
2460605.0122917,3,2850512290915,19.00480079650879,/ztf/archive/sci/2024/1021/512292/ztf_20241021512292_000861_zi_c03_o_q2_scimrefdiffimg.fits.fz,Kulkarni,2,2850,9,861,25.61840057373047,8.238839654950425e-06,0.03407340124249458,0.1583150029182434,3.363909854670055e-05,t17_f5_c3,,,,,,,,,,,,,,,,,,,,,,,,,,,,,,,,,,,,,,,ZTF18acwwqdf
2460607.0135995,1,2852513590915,19.82430076599121,/ztf/archive/sci/2024/1023/513576/ztf_20241023513576_000861_zg_c03_o_q2_scimrefdiffimg.fits.fz,Qin,3,2852,9,861,26.321300506591797,2.8967699108761735e-05,0.03813239932060242,-0.1128150001168251,4.5034001232124865e-05,t17_f5_c3,2.852513590915015e+18,t,0.0,1475.9000244140625,95.8479995727539,175.0706101,74.4652524,19.665300369262695,0.14098399877548218,1.177899956703186,19.523399353027344,0.24979999661445618,0.4106749892234802,18.385000228881836,0.010999999940395355,0.3160000145435333,-0.003000000026077032,0.2655879855155945,-0.14185599982738495,2.119999885559082,0.800000011920929,95.8479995727539,0.3009450137615204,1.4046000242233276,0.871999979019165,0.7799999713897705,0.4113210141658783,0.3679249882698059,1.1179499626159668,6.0,0.0,0.9599999785423279,0.9838989973068237,19.271299362182617,0.2535000145435333,175.0709546,74.4653219,9.51166,ZTF18acwwqdf
2460608.0134606,1,2853513460915,19.720300674438477,/ztf/archive/sci/2024/1024/513438/ztf_20241024513438_000861_zg_c03_o_q2_scimrefdiffimg.fits.fz,Qin,3,2853,9,861,26.350200653076172,4.0362199797527865e-05,0.04408000037074089,-0.14750300347805023,6.530399696202949e-05,t17_f5_c3,2.853513460915015e+18,1,0.0,1488.31005859375,87.49490356445312,175.0706781,74.4652671,19.61720085144043,0.20121000707149506,1.5657199621200562,19.524200439453125,0.21699999272823334,0.32740700244903564,18.385000228881836,0.010999999940395355,0.3160000145435333,-0.003000000026077032,-0.2488889992237091,-0.09297399967908859,1.8931699991226196,0.5889999866485596,87.49490356445312,0.19613799452781677,2.0,1.0080000162124634,0.7710000276565552,0.5324410200119019,0.40725401043891907,1.3073899745941162,5.0,0.0,0.8285710215568542,0.9579529762268066,19.610300064086914,0.3001999855041504,175.0709546,74.4653219,7.62044,ZTF18acwwqdf
2460609.9977662,2,2855497760915,18.976699829101562,/ztf/archive/sci/2024/1026/497766/ztf_20241026497766_000861_zr_c03_o_q2_scimrefdiffimg.fits.fz,Kulkarni,1,2855,9,861,25.65719985961914,4.6090000978438184e-05,0.0494828000664711,0.10362699627876282,6.421319994842634e-05,t17_f5_c3,,,,,,,,,,,,,,,,,,,,,,,,,,,,,,,,,,,,,,,ZTF18acwwqdf
2460610.0179167,1,2855517910915,20.00320053100586,/ztf/archive/sci/2024/1026/517917/ztf_20241026517917_000861_zg_c03_o_q2_scimrefdiffimg.fits.fz,Kulkarni,1,2855,9,861,26.340599060058594,3.0832299671601504e-05,0.03966670110821724,-0.13890700042247772,4.6593700972152874e-05,t17_f5_c3,2.855517910915015e+18,t,0.0,1492.9200439453125,74.9884033203125,175.070871,74.4652863,19.759599685668945,0.16683900356292725,0.9690619707107544,19.928800582885742,0.27570000290870667,0.14949800074100494,18.385000228881836,0.010999999940395355,0.3160000145435333,-0.003000000026077032,1.3419300317764282,0.16922199726104736,2.6600000858306885,0.7799999713897705,74.9884033203125,0.07440000027418137,1.259060025215149,0.9039999842643738,0.7649999856948853,0.3398500084877014,0.2875939905643463,1.1816999912261963,6.0,0.0,0.942857027053833,0.9919459819793701,19.899799346923828,0.3424000144004822,175.0709546,74.4653219,8.90619,ZTF18acwwqdf
2460615.9889583,2,2861488950915,20.12969970703125,/ztf/archive/sci/2024/1101/488958/ztf_20241101488958_000861_zr_c03_o_q2_scimrefdiffimg.fits.fz,Kulkarni,1,2861,9,861,26.215700149536133,1.006519960355945e-05,0.023812400177121162,0.09725280106067657,1.413669997418765e-05,t17_f5_c3,,,,,,,,,,,,,,,,,,,,,,,,,,,,,,,,,,,,,,,ZTF18acwwqdf
2460616.0106481,1,2861510640915,20.13249969482422,/ztf/archive/sci/2024/1101/510637/ztf_20241101510637_000861_zg_c03_o_q2_scimrefdiffimg.fits.fz,Kulkarni,1,2861,9,861,26.33049964904785,2.409029912087135e-05,0.03605920076370239,-0.14397099614143372,3.5936700442107394e-05,t17_f5_c3,2.861510640915015e+18,t,0.0,1441.800048828125,170.54800415039062,175.0707972,74.4653435,19.508499145507812,0.15594600141048431,1.4049099683761597,19.605300903320312,0.18729999661445618,0.16837799549102783,18.385000228881836,0.010999999940395355,0.3160000145435333,-0.003000000026077032,0.0749799981713295,0.09683399647474289,2.9100000858306885,0.7670000195503235,170.54800415039062,0.5271530151367188,1.1260000467300415,0.8299999833106995,0.7139999866485596,0.28522300720214844,0.24536100029945374,1.1624599695205688,1.0,0.0,0.945713996887207,1.0,19.866600036621094,0.3025999963283539,175.0709546,74.4653219,12.3613,ZTF18acwwqdf
2460619.9709954,2,2865470990915,19.730899810791016,/ztf/archive/sci/2024/1105/470984/ztf_20241105470984_000861_zr_c03_o_q2_scimrefdiffimg.fits.fz,Kulkarni,1,2865,9,861,26.225099563598633,1.724230060062837e-05,0.031227000057697296,0.08916699886322021,2.433520057820715e-05,t17_f5_c3,,,,,,,,,,,,,,,,,,,,,,,,,,,,,,,,,,,,,,,ZTF18acwwqdf
2460620.0095486,1,2865509540915,20.105600357055664,/ztf/archive/sci/2024/1105/509525/ztf_20241105509525_000861_zg_c03_o_q2_scimrefdiffimg.fits.fz,Kulkarni,1,2865,9,861,26.31209945678711,2.3157399482442997e-05,0.035249099135398865,-0.0903375968337059,3.465030022198334e-05,t17_f5_c3,2.865509540915015e+18,t,0.0,1446.800048828125,126.52899932861328,175.0709603,74.4653667,19.68910026550293,0.1808139979839325,1.3894399404525757,19.608800888061523,0.19709999859333038,0.15945899486541748,18.385000228881836,0.010999999940395355,0.3160000145435333,-0.003000000026077032,0.41271498799324036,-0.0803069993853569,2.440000057220459,0.753000020980835,126.52899932861328,0.4967910051345825,1.3084800243377686,1.0110000371932983,0.7979999780654907,0.41434401273727417,0.32704898715019226,1.2669199705123901,3.0,0.0,0.9442859888076782,0.9840610027313232,19.59510040283203,0.24779999256134033,175.0709546,74.4653219,9.26322,ZTF18acwwqdf
2460621.96875,1,2867468750915,19.6299991607666,/ztf/archive/sci/2024/1107/468750/ztf_20241107468750_000861_zg_c03_o_q2_scimrefdiffimg.fits.fz,Kulkarni,1,2867,9,861,26.28030014038086,4.278180131223053e-05,0.0401046983897686,-0.08357460051774979,7.947200356284156e-05,t17_f5_c3,2.867468750915015e+18,t,0.0,1430.68994140625,106.26899719238281,175.0707268,74.4652784,19.463300704956055,0.20768900215625763,0.9823489785194397,19.38920021057129,0.16050000488758087,0.2663179934024811,18.385000228881836,0.010999999940395355,0.3160000145435333,-0.003000000026077032,-0.2558709979057312,-0.07406599819660187,3.5999999046325684,0.49000000953674316,106.26899719238281,0.24077099561691284,1.3785899877548218,1.7009999752044678,1.5820000171661377,0.4724999964237213,0.43944400548934937,1.075219988822937,2.0,0.0,0.44999998807907104,1.0,19.319700241088867,0.19179999828338623,175.0709546,74.4653219,8.38456,ZTF18acwwqdf
2460621.9985764,2,2867498570915,19.04170036315918,/ztf/archive/sci/2024/1107/498576/ztf_20241107498576_000861_zr_c03_o_q2_scimrefdiffimg.fits.fz,Kulkarni,1,2867,9,861,25.941200256347656,5.8331501350039616e-05,0.05068289861083031,0.097530297935009,8.129920024657622e-05,t17_f5_c3,,,,,,,,,,,,,,,,,,,,,,,,,,,,,,,,,,,,,,,ZTF18acwwqdf
2460623.9715972,1,2869471590915,20.036300659179688,/ztf/archive/sci/2024/1109/471586/ztf_20241109471586_000861_zg_c03_o_q2_scimrefdiffimg.fits.fz,Kulkarni,1,2869,9,861,26.3169002532959,2.4347800717805512e-05,0.03543530032038689,-0.10993800312280655,3.9319998904829845e-05,t17_f5_c3,2.869471590915015e+18,t,0.0,1435.4200439453125,153.61599731445312,175.0708386,74.4653308,19.51490020751953,0.16550800204277039,1.1903400421142578,19.751800537109375,0.21299999952316284,0.11480800062417984,18.385000228881836,0.010999999940395355,0.3160000145435333,-0.003000000026077032,0.48533400893211365,0.2369289994239807,3.5199999809265137,0.9179999828338623,153.61599731445312,0.28452199697494507,1.0217100381851196,1.0019999742507935,0.9200000166893005,0.2846589982509613,0.26136401295661926,1.0891300439834595,0.0,0.0,0.9014289975166321,1.0,19.75469970703125,0.271699994802475,175.0709546,74.4653219,11.1407,ZTF18acwwqdf
2460628.0326157,2,2873532610915,20.006900787353516,/ztf/archive/sci/2024/1113/532616/ztf_20241113532616_000861_zr_c03_o_q2_scimrefdiffimg.fits.fz,Kulkarni,1,2873,9,861,26.254199981689453,1.0693600415834226e-05,0.024557700380682945,0.0937051996588707,1.5015900316939224e-05,t17_f5_c3,,,,,,,,,,,,,,,,,,,,,,,,,,,,,,,,,,,,,,,ZTF18acwwqdf
2460629.0119213,1,2874511920915,19.384000778198242,/ztf/archive/sci/2024/1114/511921/ztf_20241114511921_000861_zg_c03_o_q2_scimrefdiffimg.fits.fz,Kulkarni,1,2874,9,861,26.179100036621094,3.667840064736083e-05,0.03994699940085411,-0.12156599760055542,6.378500256687403e-05,t17_f5_c3,,,,,,,,,,,,,,,,,,,,,,,,,,,,,,,,,,,,,,,ZTF18acwwqdf
2460631.9541088,1,2877454100915,18.93400001525879,/ztf/archive/sci/2024/1117/454097/ztf_20241117454097_000861_zg_c03_o_q2_scimrefdiffimg.fits.fz,Kulkarni,1,2877,9,861,26.30579948425293,6.27529007033445e-05,0.04390529915690422,-0.1091729998588562,0.0001267360057681799,t17_f5_c3,,,,,,,,,,,,,,,,,,,,,,,,,,,,,,,,,,,,,,,ZTF18acwwqdf
2460632.0107639,2,2877510760915,19.420400619506836,/ztf/archive/sci/2024/1117/510764/ztf_20241117510764_000861_zr_c03_o_q2_scimrefdiffimg.fits.fz,Kulkarni,1,2877,9,861,26.263999938964844,1.6504100130987354e-05,0.030604399740695953,0.08546700328588486,2.3321499611483887e-05,t17_f5_c3,,,,,,,,,,,,,,,,,,,,,,,,,,,,,,,,,,,,,,,ZTF18acwwqdf
2460633.9916898,2,2879491680915,18.090900421142578,/ztf/archive/sci/2024/1119/491644/ztf_20241119491644_000861_zr_c03_o_q2_scimrefdiffimg.fits.fz,Kulkarni,1,2879,9,861,25.405099868774414,8.83130996953696e-05,0.05190009996294975,0.08662070333957672,0.00014009900041855872,t17_f5_c3,,,,,,,,,,,,,,,,,,,,,,,,,,,,,,,,,,,,,,,ZTF18acwwqdf
2460636.0354977,2,2881535490915,19.740400314331055,/ztf/archive/sci/2024/1121/535451/ztf_20241121535451_000861_zr_c03_o_q2_scimrefdiffimg.fits.fz,Kulkarni,1,2881,9,861,26.25349998474121,1.0279600246576592e-05,0.024233099073171616,0.08670049905776978,1.445399993826868e-05,t17_f5_c3,,,,,,,,,,,,,,,,,,,,,,,,,,,,,,,,,,,,,,,ZTF18acwwqdf
2460637.9257407,1,2883425740915,19.80579948425293,/ztf/archive/sci/2024/1123/425741/ztf_20241123425741_000861_zg_c03_o_q2_scimrefdiffimg.fits.fz,Kulkarni,1,2883,9,861,26.32270050048828,3.6523299058899283e-05,0.042895399034023285,-0.13918599486351013,5.899989992030896e-05,t17_f5_c3,2.883425740915015e+18,t,0.0,1455.8599853515625,98.27320098876953,175.0709126,74.465341,19.80769920349121,0.20159399509429932,0.923317015171051,19.929100036621094,0.29919999837875366,0.07888799905776978,18.385000228881836,0.010999999940395355,0.3160000145435333,-0.003000000026077032,0.377144992351532,0.12138000130653381,1.845020055770874,0.6700000166893005,98.27320098876953,-0.12329500168561935,2.0,0.8989999890327454,0.7639999985694885,0.4872579872608185,0.41408801078796387,1.1766999959945679,3.0,0.0,0.9257140159606934,1.0,20.237600326538086,0.5073999762535095,175.0709546,74.4653219,6.85301,ZTF18acwwqdf
2460638.0159954,2,2883515990915,19.05229949951172,/ztf/archive/sci/2024/1123/515995/ztf_20241123515995_000861_zr_c03_o_q2_scimrefdiffimg.fits.fz,Kulkarni,1,2883,9,861,25.171199798583984,3.260980156483129e-05,0.041198600083589554,0.103363998234272,4.5121400034986436e-05,t17_f5_c3,,,,,,,,,,,,,,,,,,,,,,,,,,,,,,,,,,,,,,,ZTF18acwwqdf
2460640.9295023,2,2886429500915,20.092100143432617,/ztf/archive/sci/2024/1126/429491/ztf_20241126429491_000861_zr_c03_o_q2_scimrefdiffimg.fits.fz,Kulkarni,1,2886,9,861,26.21739959716797,9.247860361938365e-06,0.022848600521683693,0.09223770350217819,1.3028299690631684e-05,t17_f5_c3,,,,,,,,,,,,,,,,,,,,,,,,,,,,,,,,,,,,,,,ZTF18acwwqdf
2460640.9735648,1,2886473560915,20.24880027770996,/ztf/archive/sci/2024/1126/473542/ztf_20241126473542_000861_zg_c03_o_q2_scimrefdiffimg.fits.fz,Kulkarni,1,2886,9,861,26.342199325561523,1.6670899640303105e-05,0.030568599700927734,-0.11318600177764893,2.4156099243555218e-05,t17_f5_c3,2.886473560915015e+18,t,0.0,1457.5699462890625,144.82000732421875,175.0708633,74.4652966,19.856199264526367,0.16756600141525269,1.0903899669647217,19.676700592041016,0.20100000500679016,0.1251550018787384,18.385000228881836,0.010999999940395355,0.3160000145435333,-0.003000000026077032,0.3552600145339966,-0.17947399616241455,2.759999990463257,0.718999981880188,144.82000732421875,0.5720620155334473,1.0587300062179565,0.8199999928474426,0.7319999933242798,0.2971009910106659,0.26521700620651245,1.1202199459075928,4.0,0.0,0.9642860293388367,0.9976360201835632,19.702899932861328,0.2621000111103058,175.0709546,74.4653219,9.73371,ZTF18acwwqdf
2460644.9072569,2,2890407250915,18.788700103759766,/ztf/archive/sci/2024/1130/407234/ztf_20241130407234_000861_zr_c03_o_q2_scimrefdiffimg.fits.fz,Kulkarni,1,2890,9,861,25.177600860595703,6.230489816516638e-05,0.053051598370075226,0.09957999736070633,8.589750359533355e-05,t17_f5_c3,,,,,,,,,,,,,,,,,,,,,,,,,,,,,,,,,,,,,,,ZTF18acwwqdf
2460646.9323032,1,2892432300915,20.2637996673584,/ztf/archive/sci/2024/1202/432234/ztf_20241202432234_000861_zg_c03_o_q2_scimrefdiffimg.fits.fz,Kulkarni,1,2892,9,861,26.35569953918457,2.5976500182878226e-05,0.03770510107278824,-0.1558610051870346,3.672330058179796e-05,t17_f5_c3,2.892432300915015e+18,t,0.0,1460.47998046875,88.3821029663086,175.0707582,74.4652465,19.816699981689453,0.205145001411438,1.8129899501800537,20.40049934387207,0.3741999864578247,0.3171730041503906,18.385000228881836,0.010999999940395355,0.3160000145435333,-0.003000000026077032,0.6112430095672607,0.5837569832801819,2.509999990463257,0.7070000171661377,88.3821029663086,-0.1367119997739792,1.1981300115585327,0.7170000076293945,0.6179999709129333,0.28565698862075806,0.24621500074863434,1.1601899862289429,4.0,0.0,0.9114289879798889,0.9536579847335815,20.48390007019043,0.5148000121116638,175.0709546,74.4653219,7.91998,ZTF18acwwqdf
2460646.966713,2,2892466710915,20.204099655151367,/ztf/archive/sci/2024/1202/466644/ztf_20241202466644_000861_zr_c03_o_q2_scimrefdiffimg.fits.fz,Kulkarni,1,2892,9,861,26.25320053100586,7.926259968371596e-06,0.021136799827218056,0.09163779765367508,1.116580006055301e-05,t17_f5_c3,,,,,,,,,,,,,,,,,,,,,,,,,,,,,,,,,,,,,,,ZTF18acwwqdf
2460648.8880093,1,2894388000915,20.33679962158203,/ztf/archive/sci/2024/1204/387998/ztf_20241204387998_000861_zg_c03_o_q2_scimrefdiffimg.fits.fz,Kulkarni,1,2894,9,861,26.269699096679688,2.2756599719286896e-05,0.035079099237918854,-0.13669699430465698,3.1930299883242697e-05,t17_f5_c3,2.894388000915015e+18,t,0.0,1446.3699951171875,84.5780029296875,175.0706961,74.465352,20.191699981689453,0.25361698865890503,1.2480900287628174,20.427600860595703,0.36910000443458557,0.26825401186943054,18.385000228881836,0.010999999940395355,0.3160000145435333,-0.003000000026077032,0.08991599828004837,0.23594799637794495,1.466439962387085,0.628000020980835,84.5780029296875,-0.09080299735069275,2.0,0.6890000104904175,0.6320000290870667,0.4698449969291687,0.4309749901294708,1.090190052986145,5.0,0.0,0.9585710167884827,0.8561189770698547,20.42889976501465,0.4700999855995178,175.0709546,74.4653219,5.28641,ZTF18acwwqdf
2460648.933588,2,2894433580915,20.22640037536621,/ztf/archive/sci/2024/1204/433507/ztf_20241204433507_000861_zr_c03_o_q2_scimrefdiffimg.fits.fz,Kulkarni,1,2894,9,861,26.244800567626953,8.284920113510452e-06,0.021604299545288086,0.07494209706783295,1.1605699910433032e-05,t17_f5_c3,,,,,,,,,,,,,,,,,,,,,,,,,,,,,,,,,,,,,,,ZTF18acwwqdf
2460650.9714815,2,2896471480915,20.279600143432617,/ztf/archive/sci/2024/1206/471470/ztf_20241206471470_000861_zr_c03_o_q2_scimrefdiffimg.fits.fz,Kulkarni,1,2896,9,861,26.235200881958008,9.399679584021214e-06,0.02312139980494976,0.08889620006084442,1.326120036537759e-05,t17_f5_c3,,,,,,,,,,,,,,,,,,,,,,,,,,,,,,,,,,,,,,,ZTF18acwwqdf
2460651.0119676,1,2896511960915,20.188600540161133,/ztf/archive/sci/2024/1206/511829/ztf_20241206511829_000861_zg_c03_o_q2_scimrefdiffimg.fits.fz,Kulkarni,1,2896,9,861,26.36280059814453,2.0854400645475835e-05,0.03365819901227951,-0.14922599494457245,3.0659299227409065e-05,t17_f5_c3,2.896511960915015e+18,t,0.0,1466.8900146484375,137.36300659179688,175.0708178,74.4653398,19.940799713134766,0.2011439949274063,1.333299994468689,19.940799713134766,0.23469999432563782,0.14502300322055817,18.385000228881836,0.010999999940395355,0.3160000145435333,-0.003000000026077032,0.2007330060005188,3.300000025774352e-05,2.3399999141693115,0.8709999918937683,137.36300659179688,0.24784299731254578,1.4456700086593628,0.8460000157356262,0.6880000233650208,0.36153799295425415,0.2940169870853424,1.2296500205993652,3.0,0.0,0.951429009437561,0.983709990978241,19.925500869750977,0.29429998993873596,175.0709546,74.4653219,8.08957,ZTF18acwwqdf
2460760.8435764,2,3006343570915,20.474700927734375,/ztf/archive/sci/2025/0326/343576/ztf_20250326343576_000861_zr_c03_o_q2_scimrefdiffimg.fits.fz,Kulkarni,1,3006,9,861,26.211200714111328,1.415130009263521e-05,0.02825229987502098,0.10072500258684158,1.9940600395784713e-05,t17_f5_c3,,,,,,,,,,,,,,,,,,,,,,,,,,,,,,,,,,,,,,,ZTF18acwwqdf
2460760.8629398,1,3006362930915,20.515100479125977,/ztf/archive/sci/2025/0326/362928/ztf_20250326362928_000861_zg_c03_o_q2_scimrefdiffimg.fits.fz,Kulkarni,1,3006,9,861,26.372400283813477,2.1188499886193313e-05,0.0342474989593029,-0.17469799518585205,3.0457200409728102e-05,t17_f5_c3,,,,,,,,,,,,,,,,,,,,,,,,,,,,,,,,,,,,,,,ZTF18acwwqdf
2460770.9075694,1,3016407560915,19.0762996673584,/ztf/archive/sci/2025/0405/407535/ztf_20250405407535_000861_zg_c03_o_q2_scimrefdiffimg.fits.fz,Kulkarni,1,3016,9,861,25.516700744628906,9.516949648968875e-05,0.055622901767492294,-0.154899001121521,0.00018766100401990116,t17_f5_c3,,,,,,,,,,,,,,,,,,,,,,,,,,,,,,,,,,,,,,,ZTF18acwwqdf
2460770.9206597,2,3016420650915,19.767099380493164,/ztf/archive/sci/2025/0405/420625/ztf_20250405420625_000861_zr_c03_o_q2_scimrefdiffimg.fits.fz,Kulkarni,1,3016,9,861,26.18790054321289,1.196670018543955e-05,0.025888100266456604,0.08290980011224747,1.6841600881889462e-05,t17_f5_c3,,,,,,,,,,,,,,,,,,,,,,,,,,,,,,,,,,,,,,,ZTF18acwwqdf
2460772.9753472,1,3018475340915,19.920799255371094,/ztf/archive/sci/2025/0407/475324/ztf_20250407475324_000861_zg_c03_o_q2_scimrefdiffimg.fits.fz,Kulkarni,1,3018,9,861,26.21969985961914,2.5161600206047297e-05,0.03644559904932976,-0.12245500087738037,3.863099846057594e-05,t17_f5_c3,,,,,,,,,,,,,,,,,,,,,,,,,,,,,,,,,,,,,,,ZTF18acwwqdf
2460772.9882523,2,3018488250915,19.802900314331055,/ztf/archive/sci/2025/0407/488229/ztf_20250407488229_000861_zr_c03_o_q2_scimrefdiffimg.fits.fz,Kulkarni,1,3018,9,861,26.0718994140625,1.3037200005783234e-05,0.026982499286532402,0.09951350092887878,1.836340015870519e-05,t17_f5_c3,,,,,,,,,,,,,,,,,,,,,,,,,,,,,,,,,,,,,,,ZTF18acwwqdf
2460774.835081,2,3020335080915,19.84869956970215,/ztf/archive/sci/2025/0409/335046/ztf_20250409335046_000861_zr_c03_o_q2_scimrefdiffimg.fits.fz,Kulkarni,1,3020,9,861,26.20509910583496,1.3495699931809213e-05,0.02784089930355549,0.10258200019598007,1.9080300262430683e-05,t17_f5_c3,,,,,,,,,,,,,,,,,,,,,,,,,,,,,,,,,,,,,,,ZTF18acwwqdf
2460774.975,1,3020474990915,19.765399932861328,/ztf/archive/sci/2025/0409/474549/ztf_20250409474549_000861_zg_c03_o_q2_scimrefdiffimg.fits.fz,Kulkarni,1,3020,9,861,26.22599983215332,2.400270022917539e-05,0.03536339849233627,-0.09534610062837601,3.7225501728244126e-05,t17_f5_c3,,,,,,,,,,,,,,,,,,,,,,,,,,,,,,,,,,,,,,,ZTF18acwwqdf
2460776.8997685,2,3022399760915,19.7731990814209,/ztf/archive/sci/2025/0411/399745/ztf_20250411399745_000861_zr_c03_o_q2_scimrefdiffimg.fits.fz,Kulkarni,1,3022,9,861,26.22209930419922,1.0921699868049473e-05,0.024734899401664734,0.10068999975919724,1.533720023871865e-05,t17_f5_c3,,,,,,,,,,,,,,,,,,,,,,,,,,,,,,,,,,,,,,,ZTF18acwwqdf
2460776.9990278,1,3022499020915,19.498300552368164,/ztf/archive/sci/2025/0411/498507/ztf_20250411498507_000861_zg_c03_o_q2_scimrefdiffimg.fits.fz,Kulkarni,1,3022,9,861,26.214599609375,3.065260170842521e-05,0.03809620067477226,-0.06761889904737473,5.078500180388801e-05,t17_f5_c3,,,,,,,,,,,,,,,,,,,,,,,,,,,,,,,,,,,,,,,ZTF18acwwqdf
2460785.7339352,2,3031233930915,20.155500411987305,/ztf/archive/sci/2025/0420/233565/ztf_20250420233565_000861_zr_c03_o_q2_scimrefdiffimg.fits.fz,Kulkarni,1,3031,9,861,26.265499114990234,1.1388399798306637e-05,0.025532100349664688,0.0732731968164444,1.6034500731620938e-05,t17_f5_c3,,,,,,,,,,,,,,,,,,,,,,,,,,,,,,,,,,,,,,,ZTF18acwwqdf
2460785.7864005,1,3031286400915,20.236099243164062,/ztf/archive/sci/2025/0420/286354/ztf_20250420286354_000861_zg_c03_o_q2_scimrefdiffimg.fits.fz,Kulkarni,1,3031,9,861,26.368600845336914,2.1157500668778084e-05,0.03408769890666008,-0.1507209986448288,3.094640123890713e-05,t17_f5_c3,,,,,,,,,,,,,,,,,,,,,,,,,,,,,,,,,,,,,,,ZTF18acwwqdf
2460787.7329167,1,3033232910915,20.32360076904297,/ztf/archive/sci/2025/0422/232894/ztf_20250422232894_000861_zg_c03_o_q2_scimrefdiffimg.fits.fz,Kulkarni,1,3033,9,861,26.33989906311035,1.8322800315218046e-05,0.032221000641584396,-0.11520099639892578,2.6106799850822426e-05,t17_f5_c3,,,,,,,,,,,,,,,,,,,,,,,,,,,,,,,,,,,,,,,ZTF18acwwqdf
2460787.8045718,2,3033304570915,20.273099899291992,/ztf/archive/sci/2025/0422/304502/ztf_20250422304502_000861_zr_c03_o_q2_scimrefdiffimg.fits.fz,Kulkarni,1,3033,9,861,26.22369956970215,9.542620318825357e-06,0.023229099810123444,0.10044699907302856,1.351650007563876e-05,t17_f5_c3,,,,,,,,,,,,,,,,,,,,,,,,,,,,,,,,,,,,,,,ZTF18acwwqdf
2460789.7153472,2,3035215340915,20.22949981689453,/ztf/archive/sci/2025/0424/214861/ztf_20250424214861_000861_zr_c03_o_q2_scimrefdiffimg.fits.fz,Kulkarni,1,3035,9,861,26.22089958190918,8.276119842776097e-06,0.021715199574828148,0.09295959770679474,1.1656399692583364e-05,t17_f5_c3,,,,,,,,,,,,,,,,,,,,,,,,,,,,,,,,,,,,,,,ZTF18acwwqdf
2460816.8087037,1,3062308700915,19.88680076599121,/ztf/archive/sci/2025/0521/308692/ztf_20250521308692_000861_zg_c03_o_q2_scimrefdiffimg.fits.fz,Kulkarni,1,3062,9,861,26.29490089416504,2.966069951071404e-05,0.03848180174827576,-0.14242400228977203,4.7756901039974764e-05,t17_f5_c3,,,,,,,,,,,,,,,,,,,,,,,,,,,,,,,,,,,,,,,ZTF18acwwqdf
2460816.892581,2,3062392580915,20.066499710083008,/ztf/archive/sci/2025/0521/392431/ztf_20250521392431_000861_zr_c03_o_q2_scimrefdiffimg.fits.fz,Kulkarni,1,3062,9,861,26.148300170898438,1.5511499441345222e-05,0.029080800712108612,0.11294399946928024,2.1577799998340197e-05,t17_f5_c3,,,,,,,,,,,,,,,,,,,,,,,,,,,,,,,,,,,,,,,ZTF18acwwqdf
2460818.8041319,2,3064304130915,20.404600143432617,/ztf/archive/sci/2025/0523/304132/ztf_20250523304132_000861_zr_c03_o_q2_scimrefdiffimg.fits.fz,Kulkarni,1,3064,9,861,26.225099563598633,1.1103499673481565e-05,0.024990899488329887,0.10249800235033035,1.5720599549240433e-05,t17_f5_c3,,,,,,,,,,,,,,,,,,,,,,,,,,,,,,,,,,,,,,,ZTF18acwwqdf
2460818.844838,1,3064344830915,20.31559944152832,/ztf/archive/sci/2025/0523/344699/ztf_20250523344699_000861_zg_c03_o_q2_scimrefdiffimg.fits.fz,Kulkarni,1,3064,9,861,26.31399917602539,2.1005800590501167e-05,0.03391819819808006,-0.12655100226402283,2.9992099371156655e-05,t17_f5_c3,,,,,,,,,,,,,,,,,,,,,,,,,,,,,,,,,,,,,,,ZTF18acwwqdf
2460820.8038542,2,3066303850915,18.84830093383789,/ztf/archive/sci/2025/0525/303819/ztf_20250525303819_000861_zr_c03_o_q2_scimrefdiffimg.fits.fz,Kulkarni,1,3066,9,861,25.367799758911133,0.00011907300358870998,0.08061710000038147,0.09429629892110825,0.00016794700059108436,t17_f5_c3,,,,,,,,,,,,,,,,,,,,,,,,,,,,,,,,,,,,,,,ZTF18acwwqdf
2460820.8244907,1,3066324490915,20.09440040588379,/ztf/archive/sci/2025/0525/324479/ztf_20250525324479_000861_zg_c03_o_q2_scimrefdiffimg.fits.fz,Kulkarni,1,3066,9,861,26.235300064086914,2.3340500774793327e-05,0.03513770177960396,-0.11522500216960907,3.531760012265295e-05,t17_f5_c3,,,,,,,,,,,,,,,,,,,,,,,,,,,,,,,,,,,,,,,ZTF18acwwqdf
2460822.8302778,1,3068330270915,20.348100662231445,/ztf/archive/sci/2025/0527/330243/ztf_20250527330243_000861_zg_c03_o_q2_scimrefdiffimg.fits.fz,Kulkarni,1,3068,9,861,26.180400848388672,1.932419945660513e-05,0.03295949846506119,-0.13219399750232697,2.767449950624723e-05,t17_f5_c3,,,,,,,,,,,,,,,,,,,,,,,,,,,,,,,,,,,,,,,ZTF18acwwqdf
2460822.8472338,2,3068347230915,20.045000076293945,/ztf/archive/sci/2025/0527/347234/ztf_20250527347234_000861_zr_c03_o_q2_scimrefdiffimg.fits.fz,Kulkarni,1,3068,9,861,25.891300201416016,4.4441698264563456e-05,0.049717698246240616,0.10188499838113785,6.253660103539005e-05,t17_f5_c3,,,,,,,,,,,,,,,,,,,,,,,,,,,,,,,,,,,,,,,ZTF18acwwqdf
2460824.7785185,1,3070278510915,20.378400802612305,/ztf/archive/sci/2025/0529/278519/ztf_20250529278519_000861_zg_c03_o_q2_scimrefdiffimg.fits.fz,Kulkarni,1,3070,9,861,26.29990005493164,2.021120053541381e-05,0.033566899597644806,-0.1538500040769577,2.8777199986507185e-05,t17_f5_c3,3.07027851091501e+18,f,0.0,1457.72998046875,134.49899291992188,175.0710773,74.4652572,20.396900177001953,0.22373700141906738,1.243499994277954,20.445499420166016,0.3231000006198883,0.2738580107688904,18.385000228881836,0.010999999940395355,0.3160000145435333,-0.003000000026077032,-0.6368229985237122,0.048594001680612564,1.6431399583816528,0.5849999785423279,134.49899291992188,-0.06709600239992142,2.0,0.949999988079071,0.8379999995231628,0.5781620144844055,0.5099989771842957,1.1336499452590942,5.0,0.0,0.9385709762573242,1.0,20.171499252319336,0.31949999928474426,175.0709546,74.4653219,5.3665,ZTF18acwwqdf
2460824.8232407,2,3070323240915,20.411399841308594,/ztf/archive/sci/2025/0529/323021/ztf_20250529323021_000861_zr_c03_o_q2_scimrefdiffimg.fits.fz,Kulkarni,1,3070,9,861,26.147600173950195,1.0859899703064002e-05,0.024664200842380524,0.10310599952936172,1.5306099157896824e-05,t17_f5_c3,,,,,,,,,,,,,,,,,,,,,,,,,,,,,,,,,,,,,,,ZTF18acwwqdf
2460828.8068981,1,3074306890915,20.02910041809082,/ztf/archive/sci/2025/0602/306887/ztf_20250602306887_000861_zg_c03_o_q2_scimrefdiffimg.fits.fz,Kulkarni,1,3074,9,861,26.186899185180664,2.559220047260169e-05,0.037239499390125275,-0.09894579648971558,3.771390038309619e-05,t17_f5_c3,3.07430689091501e+18,f,0.0,1475.300048828125,120.64199829101562,175.0705231,74.4652632,20.096900939941406,0.22566799819469452,0.8846459984779358,20.58799934387207,0.590399980545044,0.4653719961643219,18.385000228881836,0.010999999940395355,0.3160000145435333,-0.003000000026077032,-0.2889629900455475,0.4911470115184784,1.3890299797058105,0.8059999942779541,120.64199829101562,-0.5589110255241394,2.0,0.7319999933242798,0.6269999742507935,0.5269860029220581,0.4513939917087555,1.1674599647521973,6.0,0.0,0.9414290189743042,0.9762340188026428,20.40329933166504,0.6376000046730042,175.0709546,74.4653219,5.91092,ZTF18acwwqdf
2460831.7380556,1,3077238050915,19.925199508666992,/ztf/archive/sci/2025/0605/238056/ztf_20250605238056_000861_zg_c03_o_q2_scimrefdiffimg.fits.fz,Kulkarni,1,3077,9,861,26.23189926147461,2.5694800569908693e-05,0.03733989968895912,-0.10298900306224823,3.811389979091473e-05,t17_f5_c3,,,,,,,,,,,,,,,,,,,,,,,,,,,,,,,,,,,,,,,ZTF18acwwqdf
2460831.7622801,2,3077262280915,19.91670036315918,/ztf/archive/sci/2025/0605/262257/ztf_20250605262257_000861_zr_c03_o_q2_scimrefdiffimg.fits.fz,Kulkarni,1,3077,9,861,26.15730094909668,1.0234700312139466e-05,0.024145599454641342,0.09233160316944122,1.4434899640036747e-05,t17_f5_c3,,,,,,,,,,,,,,,,,,,,,,,,,,,,,,,,,,,,,,,ZTF18acwwqdf
2460833.7237963,1,3079223790915,19.7716007232666,/ztf/archive/sci/2025/0607/223750/ztf_20250607223750_000861_zg_c03_o_q2_scimrefdiffimg.fits.fz,Kulkarni,1,3079,9,861,26.284900665283203,2.9647799237864092e-05,0.03917369991540909,-0.1249840036034584,4.689770139520988e-05,t17_f5_c3,,,,,,,,,,,,,,,,,,,,,,,,,,,,,,,,,,,,,,,ZTF18acwwqdf
2460833.7412153,2,3079241210915,19.965599060058594,/ztf/archive/sci/2025/0607/241204/ztf_20250607241204_000861_zr_c03_o_q2_scimrefdiffimg.fits.fz,Kulkarni,1,3079,9,861,26.186500549316406,1.468030040996382e-05,0.02861510030925274,0.09984680265188217,2.0605899408110417e-05,t17_f5_c3,,,,,,,,,,,,,,,,,,,,,,,,,,,,,,,,,,,,,,,ZTF18acwwqdf
2460835.7194444,1,3081219440915,19.356199264526367,/ztf/archive/sci/2025/0609/219444/ztf_20250609219444_000861_zg_c03_o_q2_scimrefdiffimg.fits.fz,Kulkarni,1,3081,9,861,26.311800003051758,4.3557800381677225e-05,0.04288500174880028,-0.12979300320148468,7.865009683882818e-05,t17_f5_c3,,,,,,,,,,,,,,,,,,,,,,,,,,,,,,,,,,,,,,,ZTF18acwwqdf
2460835.7423958,2,3081242390915,19.679800033569336,/ztf/archive/sci/2025/0609/242384/ztf_20250609242384_000861_zr_c03_o_q2_scimrefdiffimg.fits.fz,Kulkarni,1,3081,9,861,26.219100952148438,1.3345100342121441e-05,0.027379700914025307,0.08317609876394272,1.8845899830921553e-05,t17_f5_c3,,,,,,,,,,,,,,,,,,,,,,,,,,,,,,,,,,,,,,,ZTF18acwwqdf
2460837.6977083,1,3083197700915,19.470800399780273,/ztf/archive/sci/2025/0611/197708/ztf_20250611197708_000861_zg_c03_o_q2_scimrefdiffimg.fits.fz,Kulkarni,1,3083,9,861,26.257200241088867,3.4272401535417885e-05,0.04068149998784065,-0.08177410066127777,5.758499901276082e-05,t17_f5_c3,,,,,,,,,,,,,,,,,,,,,,,,,,,,,,,,,,,,,,,ZTF18acwwqdf
2460837.7673495,2,3083267340915,19.55150032043457,/ztf/archive/sci/2025/0611/267350/ztf_20250611267350_000861_zr_c03_o_q2_scimrefdiffimg.fits.fz,Kulkarni,1,3083,9,861,26.170000076293945,1.5659999917261302e-05,0.02919190004467964,0.09488239884376526,2.1807900338899344e-05,t17_f5_c3,,,,,,,,,,,,,,,,,,,,,,,,,,,,,,,,,,,,,,,ZTF18acwwqdf
2460839.7374421,1,3085237440915,19.53809928894043,/ztf/archive/sci/2025/0613/237373/ztf_20250613237373_000861_zg_c03_o_q2_scimrefdiffimg.fits.fz,Kulkarni,1,3085,9,861,26.337099075317383,3.1755800591781735e-05,0.03892439976334572,-0.11839299649000168,5.376549961511046e-05,t17_f5_c3,,,,,,,,,,,,,,,,,,,,,,,,,,,,,,,,,,,,,,,ZTF18acwwqdf
2460839.7771412,2,3085277140915,19.806900024414062,/ztf/archive/sci/2025/0613/277060/ztf_20250613277060_000861_zr_c03_o_q2_scimrefdiffimg.fits.fz,Kulkarni,1,3085,9,861,26.18079948425293,1.3275799574330449e-05,0.02703459933400154,0.09738119691610336,1.870179949037265e-05,t17_f5_c3,,,,,,,,,,,,,,,,,,,,,,,,,,,,,,,,,,,,,,,ZTF18acwwqdf
2460841.8209954,2,3087320990915,19.899900436401367,/ztf/archive/sci/2025/0615/320995/ztf_20250615320995_000861_zr_c03_o_q2_scimrefdiffimg.fits.fz,Kulkarni,1,3087,9,861,26.19890022277832,1.2742600119963754e-05,0.026496199890971184,0.11294999718666077,1.7784099327400327e-05,t17_f5_c3,,,,,,,,,,,,,,,,,,,,,,,,,,,,,,,,,,,,,,,ZTF18acwwqdf
2460843.7228472,1,3089222840915,20.253799438476562,/ztf/archive/sci/2025/0617/222824/ztf_20250617222824_000861_zg_c03_o_q2_scimrefdiffimg.fits.fz,Kulkarni,1,3089,9,861,26.351600646972656,2.274839971505571e-05,0.035109199583530426,-0.11446499824523926,3.2082498364616185e-05,t17_f5_c3,3.08922284091501e+18,f,0.0,1472.1500244140625,76.75749969482422,175.0705277,74.4653486,20.01059913635254,0.17252300679683685,1.2989599704742432,20.007200241088867,0.2736999988555908,0.4173159897327423,18.385000228881836,0.010999999940395355,0.3160000145435333,-0.003000000026077032,-0.45564699172973633,-0.0033579999580979347,1.4326800107955933,0.8220000267028809,76.75749969482422,0.24660299718379974,2.0,0.7609999775886536,0.7080000042915344,0.5311740040779114,0.49417999386787415,1.0748599767684937,6.0,0.0,0.9628570079803467,0.9086260199546814,20.28179931640625,0.45019999146461487,175.0709546,74.4653219,6.77964,ZTF18acwwqdf
2460843.7398727,2,3089239870915,20.21969985961914,/ztf/archive/sci/2025/0617/239861/ztf_20250617239861_000861_zr_c03_o_q2_scimrefdiffimg.fits.fz,Kulkarni,1,3089,9,861,26.243200302124023,9.118460184254218e-06,0.022358499467372894,0.098362497985363,1.2708400390692987e-05,t17_f5_c3,,,,,,,,,,,,,,,,,,,,,,,,,,,,,,,,,,,,,,,ZTF18acwwqdf
2460832.677662,2,3078177663715,19.99449920654297,/ztf/archive/sci/2025/0606/177627/ztf_20250606177627_001871_zr_c10_o_q2_scimrefdiffimg.fits.fz,Kulkarni,2,3078,37,1871,26.164100646972656,2.1193600332480855e-05,0.034417301416397095,0.09981220215559006,3.054970147786662e-05,t17_f5_c3,,,,,,,,,,,,,,,,,,,,,,,,,,,,,,,,,,,,,,,ZTF18acwwqdf
2460845.7208218,1,3091220820915,20.08340072631836,/ztf/archive/sci/2025/0619/220799/ztf_20250619220799_000861_zg_c03_o_q2_scimrefdiffimg.fits.fz,Kulkarni,1,3091,9,861,26.276399612426758,2.6211300792056136e-05,0.037547800689935684,-0.11503499746322632,3.9181999454740435e-05,t17_f5_c3,3.09122082091501e+18,f,0.0,1462.6199951171875,110.8740005493164,175.0711091,74.4653136,20.042400360107422,0.21601100265979767,0.9147710204124451,19.993900299072266,0.28220000863075256,0.14998799562454224,18.385000228881836,0.010999999940395355,0.3160000145435333,-0.003000000026077032,-0.18979600071907043,-0.04848700016736984,1.6052299737930298,0.6499999761581421,110.8740005493164,0.08945199847221375,2.0,1.121999979019165,0.9819999933242798,0.6989669799804688,0.6117519736289978,1.1425700187683105,3.0,0.0,0.9085710048675537,0.9903180003166199,19.99180030822754,0.36010000109672546,175.0709546,74.4653219,6.58892,ZTF18acwwqdf
2460845.7786227,2,3091278620915,20.238000869750977,/ztf/archive/sci/2025/0619/278368/ztf_20250619278368_000861_zr_c03_o_q2_scimrefdiffimg.fits.fz,Kulkarni,1,3091,9,861,26.15839958190918,1.1493300007714424e-05,0.025169599801301956,0.09814299643039703,1.6002299162209965e-05,t17_f5_c3,,,,,,,,,,,,,,,,,,,,,,,,,,,,,,,,,,,,,,,ZTF18acwwqdf
2460845.7887616,2,3091288763715,20.144100189208984,/ztf/archive/sci/2025/0619/288762/ztf_20250619288762_001871_zr_c10_o_q2_scimrefdiffimg.fits.fz,Kulkarni,2,3091,37,1871,26.16860008239746,9.875720024865586e-06,0.023482700809836388,0.10632099956274033,1.4279799870564602e-05,t17_f5_c3,3.09128876371501e+18,f,1.0,856.5029907226562,1016.3300170898438,175.0712797,74.4653743,20.287599563598633,0.3050389885902405,1.8421200513839722,20.38960075378418,0.5073999762535095,0.2888450026512146,18.507999420166016,0.028999999165534973,1.1740000247955322,0.09200000017881393,-1.2638399600982666,0.10200800001621246,1.2104599475860596,0.7639999985694885,856.5029907226562,-0.24546000361442566,2.0,0.7279999852180481,0.47099998593330383,0.601423978805542,0.38910800218582153,1.5456500053405762,8.0,0.0,0.7857139706611633,0.676796019077301,20.099899291992188,0.4973999857902527,175.0710413,74.465324,5.12696,ZTF18acwwqdf
2460829.6971644,1,3075197160915,19.828899383544922,/ztf/archive/sci/2025/0603/197141/ztf_20250603197141_000861_zg_c03_o_q2_scimrefdiffimg.fits.fz,Qin,3,3075,9,861,26.250699996948242,2.5107900000875816e-05,0.036004699766635895,-0.0817020982503891,4.0467901271767914e-05,t17_f5_c3,,,,,,,,,,,,,,,,,,,,,,,,,,,,,,,,,,,,,,,ZTF18acwwqdf
2460829.7235532,1,3075223550915,20.053699493408203,/ztf/archive/sci/2025/0603/223542/ztf_20250603223542_000861_zg_c03_o_q2_scimrefdiffimg.fits.fz,Qin,3,3075,9,861,26.28459930419922,2.1615600417135283e-05,0.03443029895424843,-0.12118300050497055,3.198409831384197e-05,t17_f5_c3,,,,,,,,,,,,,,,,,,,,,,,,,,,,,,,,,,,,,,,ZTF18acwwqdf
2460832.678125,2,3078178123715,20.02039909362793,/ztf/archive/sci/2025/0606/178125/ztf_20250606178125_001871_zr_c10_o_q2_scimrefdiffimg.fits.fz,Kulkarni,3,3078,37,1871,26.175899505615234,1.7195599866681732e-05,0.030825499445199966,0.10651099681854248,2.4693199520697817e-05,t17_f5_c3,,,,,,,,,,,,,,,,,,,,,,,,,,,,,,,,,,,,,,,ZTF18acwwqdf
2460845.7892361,2,3091289233715,20.15530014038086,/ztf/archive/sci/2025/0619/289225/ztf_20250619289225_001871_zr_c10_o_q2_scimrefdiffimg.fits.fz,Kulkarni,3,3091,37,1871,26.18090057373047,9.566069820721168e-06,0.02307949960231781,0.09763620048761368,1.3809800293529406e-05,t17_f5_c3,3.09128923371501e+18,f,1.0,857.1290283203125,1016.4000244140625,175.0707282,74.465259,20.18790054321289,0.23504899442195892,1.2423100471496582,20.093000411987305,0.3797000050544739,0.38155001401901245,18.507999420166016,0.028999999165534973,1.1740000247955322,0.09200000017881393,-0.7589520215988159,-0.09491600096225739,1.2182600498199463,0.9049999713897705,857.1290283203125,0.06230499967932701,2.0,0.6019999980926514,0.5270000100135803,0.49414700269699097,0.4325839877128601,1.1423200368881226,6.0,0.0,0.9128569960594177,0.9349219799041748,20.272600173950195,0.5733000040054321,175.0710413,74.465324,5.30237,ZTF18acwwqdf
2460849.7690162,2,3095269013715,20.17460060119629,/ztf/archive/sci/2025/0623/268993/ztf_20250623268993_001871_zr_c10_o_q2_scimrefdiffimg.fits.fz,Kulkarni,2,3095,37,1871,26.16819953918457,1.1613199603743851e-05,0.025099700316786766,0.10682299733161926,1.661080023040995e-05,t17_f5_c3,3.09526901371501e+18,f,1.0,851.0,1047.2900390625,175.0708736,74.4652544,19.991199493408203,0.20457400381565094,0.8572869896888733,20.12529945373535,0.3840999901294708,0.29422399401664734,18.507999420166016,0.028999999165534973,1.1740000247955322,0.09200000017881393,-0.6211959719657898,0.13405199348926544,1.2169599533081055,0.949999988079071,851.0,0.049345001578330994,2.0,0.7580000162124634,0.7070000171661377,0.6228610277175903,0.5809540152549744,1.0721399784088135,7.0,0.0,0.9271429777145386,0.8587009906768799,19.997299194335938,0.43720000982284546,175.0710413,74.465324,5.71558,ZTF18acwwqdf
2460849.7694907,2,3095269493715,20.20439910888672,/ztf/archive/sci/2025/0623/269479/ztf_20250623269479_001871_zr_c10_o_q2_scimrefdiffimg.fits.fz,Kulkarni,3,3095,37,1871,26.175600051879883,1.0140899576072115e-05,0.023509899154305458,0.11078500002622604,1.4549499610438943e-05,t17_f5_c3,,,,,,,,,,,,,,,,,,,,,,,,,,,,,,,,,,,,,,,ZTF18acwwqdf
2460850.7821991,2,3096282190915,20.01180076599121,/ztf/archive/sci/2025/0624/282199/ztf_20250624282199_000861_zr_c03_o_q2_scimrefdiffimg.fits.fz,Kulkarni,1,3096,9,861,26.092199325561523,9.037389645527583e-06,0.022391699254512787,0.1048780009150505,1.2813599823857658e-05,t17_f5_c3,,,,,,,,,,,,,,,,,,,,,,,,,,,,,,,,,,,,,,,ZTF18acwwqdf
2460850.8026042,2,3096302600915,20.064899444580078,/ztf/archive/sci/2025/0624/302604/ztf_20250624302604_000861_zr_c03_o_q2_scimrefdiffimg.fits.fz,Kulkarni,1,3096,9,861,26.057899475097656,1.2593999599630479e-05,0.026153599843382835,0.10461000353097916,1.7631600712775253e-05,t17_f5_c3,,,,,,,,,,,,,,,,,,,,,,,,,,,,,,,,,,,,,,,ZTF18acwwqdf
2460857.6993171,1,3103199310915,20.034799575805664,/ztf/archive/sci/2025/0701/199306/ztf_20250701199306_000861_zg_c03_o_q2_scimrefdiffimg.fits.fz,Qin,3,3103,9,861,26.343299865722656,2.6910300221061334e-05,0.0376892015337944,-0.13458800315856934,4.019539846922271e-05,t17_f5_c3,3.10319931091501e+18,0,0.0,1480.3699951171875,113.87200164794922,175.0705161,74.4652893,19.823299407958984,0.1693830043077469,1.3673299551010132,20.0408992767334,0.32350000739097595,0.4333769977092743,18.385000228881836,0.010999999940395355,0.3160000145435333,-0.003000000026077032,-0.567799985408783,0.21757300198078156,1.5234700441360474,0.9309999942779541,113.87200164794922,-0.006089999806135893,2.0,0.9309999942779541,0.722000002861023,0.6111029982566833,0.47391700744628906,1.2894699573516846,5.0,0.0,0.9328569769859314,0.9622840285301208,19.94179916381836,0.37790000438690186,175.0709546,74.4653219,7.17643,ZTF18acwwqdf
2460988.9497685,1,3234449763715,19.27359962463379,/ztf/archive/sci/2025/1109/449768/ztf_20251109449768_001871_zg_c10_o_q2_scimrefdiffimg.fits.fz,Kulkarni,2,3234,37,1871,26.194400787353516,3.638449925347231e-05,0.03718610107898712,-0.044058799743652344,6.666909757768735e-05,t17_f5_c3,3.23444976371501e+18,0,0.0,902.25,1040.0699462890625,175.071318,74.4652806,19.383399963378906,0.241689994931221,0.9950209856033325,19.469499588012695,0.33970001339912415,0.37035301327705383,18.395999908447266,0.02199999988079071,0.7089999914169312,-0.04800000041723251,0.6715019941329956,0.08607199788093567,2.869999885559082,0.8619999885559082,902.25,-0.19590699672698975,1.194849967956543,1.2280000448226929,0.8360000252723694,0.42787501215934753,0.29128900170326233,1.4688999652862549,2.0,0.0,0.6000000238418579,1.0,19.30270004272461,0.37380000948905945,175.0710171,74.4653466,6.82492,ZTF18acwwqdf
2461016.8787616,1,3262378760915,19.31450080871582,/ztf/archive/sci/2025/1207/378356/ztf_20251207378356_000861_zg_c03_o_q2_scimrefdiffimg.fits.fz,Kulkarni,1,3262,9,861,26.27560043334961,4.0467901271767914e-05,0.040435899049043655,-0.04323669895529747,7.19184972695075e-05,t17_f5_c3,3.26237876091501e+18,f,0.0,1455.550048828125,85.497802734375,175.0710966,74.4652368,19.193599700927734,0.2306240051984787,1.5332200527191162,19.018999099731445,0.2572000026702881,0.33150801062583923,18.385000228881836,0.010999999940395355,0.3160000145435333,-0.003000000026077032,-0.23562900722026825,-0.1745709925889969,2.890000104904175,0.9919999837875366,85.497802734375,0.29549500346183777,0.9952769875526428,0.9750000238418579,0.5410000085830688,0.33737000823020935,0.1871969997882843,1.8022199869155884,5.0,0.0,0.5142859816551208,0.8041380047798157,18.995899200439453,0.3231000006198883,175.0709546,74.4653219,8.4917,ZTF18acwwqdf
2461016.9719444,2,3262471940915,19.205299377441406,/ztf/archive/sci/2025/1207/471933/ztf_20251207471933_000861_zr_c03_o_q2_scimrefdiffimg.fits.fz,Kulkarni,1,3262,9,861,26.243499755859375,3.899609873769805e-05,0.045646801590919495,0.1414639949798584,5.4820400691824034e-05,t17_f5_c3,,,,,,,,,,,,,,,,,,,,,,,,,,,,,,,,,,,,,,,ZTF18acwwqdf
2461020.9262616,1,3266426260915,19.96030044555664,/ztf/archive/sci/2025/1211/426250/ztf_20251211426250_000861_zg_c03_o_q2_scimrefdiffimg.fits.fz,Kulkarni,1,3266,9,861,26.374900817871094,2.189740007452201e-05,0.03328479826450348,-0.1558929979801178,3.3504198654554784e-05,t17_f5_c3,3.26642626091501e+18,f,0.0,1491.06005859375,72.98509979248047,175.0711982,74.4653049,19.473899841308594,0.1351030021905899,0.8927890062332153,19.352100372314453,0.17800000309944153,0.23967799544334412,18.385000228881836,0.010999999940395355,0.3160000145435333,-0.003000000026077032,-0.16011899709701538,-0.12181500345468521,3.6600000858306885,0.8989999890327454,72.98509979248047,0.608210027217865,0.8581550121307373,1.0709999799728394,0.8809999823570251,0.29262301325798035,0.24071000516414642,1.2156599760055542,1.0,0.0,0.8899999856948853,1.0,19.511999130249023,0.2639000117778778,175.0709546,74.4653219,9.27735,ZTF18acwwqdf
2461020.9696181,2,3266469610915,20.154699325561523,/ztf/archive/sci/2025/1211/469595/ztf_20251211469595_000861_zr_c03_o_q2_scimrefdiffimg.fits.fz,Kulkarni,1,3266,9,861,26.262100219726562,7.935400390124414e-06,0.020869800820946693,0.09950070083141327,1.110339962906437e-05,t17_f5_c3,,,,,,,,,,,,,,,,,,,,,,,,,,,,,,,,,,,,,,,ZTF18acwwqdf
2461027.8829167,2,3273382910915,19.94540023803711,/ztf/archive/sci/2025/1218/382812/ztf_20251218382812_000861_zr_c03_o_q2_scimrefdiffimg.fits.fz,Kulkarni,1,3273,9,861,26.230300903320312,1.3536699952965137e-05,0.02725289948284626,0.10466299951076508,1.888109909486957e-05,t17_f5_c3,,,,,,,,,,,,,,,,,,,,,,,,,,,,,,,,,,,,,,,ZTF18acwwqdf
2461027.9240046,1,3273424000915,20.116600036621094,/ztf/archive/sci/2025/1218/423958/ztf_20251218423958_000861_zg_c03_o_q2_scimrefdiffimg.fits.fz,Kulkarni,1,3273,9,861,26.310699462890625,2.7585199859458953e-05,0.03850860148668289,-0.0904621034860611,4.043760054628365e-05,t17_f5_c3,3.27342400091501e+18,f,0.0,1475.719970703125,76.11409759521484,175.0713744,74.4653423,19.266700744628906,0.12796899676322937,1.596459984779358,19.14299964904785,0.12269999831914902,0.40273600816726685,18.385000228881836,0.010999999940395355,0.3160000145435333,-0.003000000026077032,-0.39202699065208435,-0.12367100268602371,3.4600000381469727,0.9710000157356262,76.11409759521484,0.9736009836196899,0.9475669860839844,1.069000005722046,0.9240000247955322,0.3089599907398224,0.2670519948005676,1.1569299697875977,2.0,0.0,0.9200000166893005,1.0,19.012100219726562,0.13899999856948853,175.0709546,74.4653219,12.1449,ZTF18acwwqdf
2461030.0095718,1,3275509570915,20.510099411010742,/ztf/archive/sci/2025/1220/509549/ztf_20251220509549_000861_zg_c03_o_q2_scimrefdiffimg.fits.fz,Kulkarni,1,3275,9,861,26.362499237060547,1.5762399925733916e-05,0.02959509938955307,-0.13546399772167206,2.2201400497579016e-05,t17_f5_c3,3.27550957091501e+18,f,0.0,1482.1300048828125,132.33099365234375,175.0709923,74.4653143,19.462499618530273,0.12092199921607971,1.4015799760818481,19.5044002532959,0.13650000095367432,0.04487999901175499,18.385000228881836,0.010999999940395355,0.3160000145435333,-0.003000000026077032,-0.43495500087738037,0.04187899827957153,2.799999952316284,0.9639999866485596,132.33099365234375,1.005679965019226,1.0319600105285645,0.8579999804496765,0.7149999737739563,0.306428998708725,0.2553569972515106,1.2000000476837158,3.0,0.0,0.9485710263252258,0.9722239971160889,19.483299255371094,0.17059999704360962,175.0709546,74.4653219,10.9629,ZTF18acwwqdf
2461030.0385532,2,3275538550915,20.519899368286133,/ztf/archive/sci/2025/1220/538553/ztf_20251220538553_000861_zr_c03_o_q2_scimrefdiffimg.fits.fz,Kulkarni,1,3275,9,861,26.26140022277832,8.780700227362104e-06,0.02235019952058792,0.10090599954128265,1.2409100236254744e-05,t17_f5_c3,,,,,,,,,,,,,,,,,,,,,,,,,,,,,,,,,,,,,,,ZTF18acwwqdf
2461032.0157639,1,3277515760915,19.810300827026367,/ztf/archive/sci/2025/1222/515671/ztf_20251222515671_000861_zg_c03_o_q2_scimrefdiffimg.fits.fz,Kulkarni,1,3277,9,861,25.85300064086914,2.7151700123795308e-05,0.0376070998609066,-0.12829700112342834,4.248600089340471e-05,t17_f5_c3,3.27751576091501e+18,f,0.0,1486.8199462890625,130.3679962158203,175.071006,74.4654078,19.56800079345703,0.17452499270439148,0.9755929708480835,19.608400344848633,0.2971000075340271,0.30941399931907654,18.385000228881836,0.010999999940395355,0.3160000145435333,-0.003000000026077032,0.43742799758911133,0.04042699933052063,2.3399999141693115,0.9470000267028809,130.3679962158203,0.20194000005722046,1.1685999631881714,0.8130000233650208,0.7110000252723694,0.34743601083755493,0.30384600162506104,1.1434600353240967,2.0,0.0,0.9700000286102295,1.0,19.753000259399414,0.43470001220703125,175.0709546,74.4653219,6.80406,ZTF18acwwqdf
2461032.0371528,2,3277537150915,19.734899520874023,/ztf/archive/sci/2025/1222/537153/ztf_20251222537153_000861_zr_c03_o_q2_scimrefdiffimg.fits.fz,Kulkarni,1,3277,9,861,25.816200256347656,1.5163400348683354e-05,0.029243500903248787,0.09585359692573547,2.140139986295253e-05,t17_f5_c3,,,,,,,,,,,,,,,,,,,,,,,,,,,,,,,,,,,,,,,ZTF18acwwqdf
2461038.8617477,2,3284361740915,19.67180061340332,/ztf/archive/sci/2025/1229/361736/ztf_20251229361736_000861_zr_c03_o_q2_scimrefdiffimg.fits.fz,Kulkarni,1,3284,9,861,26.230300903320312,1.576000067871064e-05,0.029926499351859093,0.09717220067977905,2.218309964518994e-05,t17_f5_c3,,,,,,,,,,,,,,,,,,,,,,,,,,,,,,,,,,,,,,,ZTF18acwwqdf
2461038.9109491,1,3284410940915,20.000499725341797,/ztf/archive/sci/2025/1229/410914/ztf_20251229410914_000861_zg_c03_o_q2_scimrefdiffimg.fits.fz,Kulkarni,1,3284,9,861,26.337299346923828,2.4980299713206477e-05,0.035973601043224335,-0.09730959683656693,3.9217098674271256e-05,t17_f5_c3,3.28441094091501e+18,f,0.0,1435.06005859375,143.51100158691406,175.0709869,74.4651587,19.603300094604492,0.16105200350284576,1.049280047416687,19.77359962463379,0.22460000216960907,0.5812029838562012,18.385000228881836,0.010999999940395355,0.3160000145435333,-0.003000000026077032,-0.19303999841213226,0.17031100392341614,3.8399999141693115,0.8870000243186951,143.51100158691406,0.22691300511360168,0.9255290031433105,1.0549999475479126,1.0329999923706055,0.2747400104999542,0.2690100073814392,1.021299958229065,1.0,0.0,0.8742859959602356,1.0,19.89189910888672,0.32010000944137573,175.0709546,74.4653219,9.25086,ZTF18acwwqdf
2461050.8469907,1,3296346990915,19.327899932861328,/ztf/archive/sci/2026/0110/346991/ztf_20260110346991_000861_zg_c03_o_q2_scimrefdiffimg.fits.fz,Kulkarni,1,3296,9,861,26.33169937133789,7.346469647018239e-05,0.04323749989271164,-0.0899771973490715,0.00015428499318659306,t17_f5_c3,3.29634699091501e+18,f,0.0,1428.739990234375,141.87899780273438,175.0699482,74.4653312,19.645700454711914,0.34795498847961426,1.1025199890136719,19.851499557495117,0.2671000063419342,0.9586150050163269,18.385000228881836,0.010999999940395355,0.3160000145435333,-0.003000000026077032,-0.012911000289022923,0.20584699511528015,2.965009927749634,0.3479999899864197,141.87899780273438,-0.5235729813575745,2.0,2.0929999351501465,1.3329999446868896,0.7059000134468079,0.4495770037174225,1.57014000415802,3.0,0.0,0.23999999463558197,1.0,19.974000930786133,0.3831000030040741,175.0709546,74.4653219,5.84,ZTF18acwwqdf
2461051.0256134,2,3296525610915,19.084199905395508,/ztf/archive/sci/2026/0110/525613/ztf_20260110525613_000861_zr_c03_o_q2_scimrefdiffimg.fits.fz,Kulkarni,1,3296,9,861,26.241500854492188,4.452059874893166e-05,0.041857101023197174,0.11161399632692337,6.586030212929472e-05,t17_f5_c3,,,,,,,,,,,,,,,,,,,,,,,,,,,,,,,,,,,,,,,ZTF18acwwqdf
2461052.8682755,1,3298368270915,19.9507999420166,/ztf/archive/sci/2026/0112/368275/ztf_20260112368275_000861_zg_c03_o_q2_scimrefdiffimg.fits.fz,Kulkarni,1,3298,9,861,26.314599990844727,2.8038899472448975e-05,0.03818950057029724,-0.08117370307445526,4.364559936220758e-05,t17_f5_c3,3.29836827091501e+18,f,0.0,1449.3800048828125,126.49600219726562,175.0710113,74.4652971,19.42959976196289,0.20006699860095978,1.2774699926376343,19.574499130249023,0.1907999962568283,0.10357300192117691,18.385000228881836,0.010999999940395355,0.3160000145435333,-0.003000000026077032,-0.22384600341320038,0.14491699635982513,4.449999809265137,0.9449999928474426,126.49600219726562,0.3763259947299957,0.8203279972076416,1.090999960899353,1.0119999647140503,0.245168998837471,0.2274159938097,1.0780600309371948,1.0,0.0,0.8528569936752319,1.0,19.381999969482422,0.20419999957084656,175.0709546,74.4653219,11.9056,ZTF18acwwqdf
2461052.953125,2,3298453120915,19.795700073242188,/ztf/archive/sci/2026/0112/453067/ztf_20260112453067_000861_zr_c03_o_q2_scimrefdiffimg.fits.fz,Kulkarni,1,3298,9,861,26.260099411010742,1.8545200873631984e-05,0.03235670179128647,0.1055079996585846,2.6149300538236275e-05,t17_f5_c3,,,,,,,,,,,,,,,,,,,,,,,,,,,,,,,,,,,,,,,ZTF18acwwqdf
2461054.7812731,1,3300281270915,19.72920036315918,/ztf/archive/sci/2026/0114/281273/ztf_20260114281273_000861_zg_c03_o_q2_scimrefdiffimg.fits.fz,Kulkarni,1,3300,9,861,26.293899536132812,3.418980122660287e-05,0.038436099886894226,-0.0719584971666336,5.8971600083168596e-05,t17_f5_c3,3.30028127091501e+18,f,0.0,1462.93994140625,85.49700164794922,175.0706832,74.4652791,19.533899307250977,0.1847810000181198,0.9968060255050659,19.373699188232422,0.17239999771118164,0.2998420000076294,18.385000228881836,0.010999999940395355,0.3160000145435333,-0.003000000026077032,0.20901800692081451,-0.1602330058813095,5.429999828338623,0.6079999804496765,85.49700164794922,0.35552000999450684,0.7548270225524902,1.4730000495910645,1.2910000085830688,0.2712709903717041,0.2377530038356781,1.1409800052642822,2.0,0.0,0.5557140111923218,1.0,19.332300186157227,0.21250000596046448,175.0709546,74.4653219,9.49482,ZTF18acwwqdf
2461054.8863426,2,3300386340915,20.259899139404297,/ztf/archive/sci/2026/0114/386343/ztf_20260114386343_000861_zr_c03_o_q2_scimrefdiffimg.fits.fz,Kulkarni,1,3300,9,861,26.25480079650879,1.1982299838564359e-05,0.02594730071723461,0.10531000047922134,1.6902100469451398e-05,t17_f5_c3,,,,,,,,,,,,,,,,,,,,,,,,,,,,,,,,,,,,,,,ZTF18acwwqdf
2461056.7779282,2,3302277920915,20.063199996948242,/ztf/archive/sci/2026/0116/277882/ztf_20260116277882_000861_zr_c03_o_q2_scimrefdiffimg.fits.fz,Kulkarni,1,3302,9,861,26.229700088500977,1.3595799828181043e-05,0.027195999398827553,0.10267200320959091,1.8922199160442688e-05,t17_f5_c3,,,,,,,,,,,,,,,,,,,,,,,,,,,,,,,,,,,,,,,ZTF18acwwqdf
2461038.9645023,2,3284464500915,19.834199905395508,/ztf/archive/sci/2025/1229/464491/ztf_20251229464491_000861_zr_c03_o_q2_scimrefdiffimg.fits.fz,Ahumada,3,3284,9,861,26.253000259399414,1.5220500245050061e-05,0.02926499955356121,0.0924466997385025,2.137669980584178e-05,t17_f5_c3,,,,,,,,,,,,,,,,,,,,,,,,,,,,,,,,,,,,,,,ZTF18acwwqdf
2461049.8676852,1,3295367683715,19.682199478149414,/ztf/archive/sci/2026/0109/367685/ztf_20260109367685_001871_zg_c10_o_q2_scimrefdiffimg.fits.fz,Kulkarni,2,3295,37,1871,26.225799560546875,3.320079849800095e-05,0.03901220113039017,-0.07396040111780167,5.654670167132281e-05,t17_f5_c3,3.29536768371501e+18,f,4.0,837.5239868164062,1072.300048828125,175.0712497,74.4653111,19.655799865722656,0.22018100321292877,1.2308900356292725,19.95479965209961,0.37929999828338623,0.2548620104789734,18.395999908447266,0.02199999988079071,0.7089999914169312,-0.04800000041723251,-0.2818770110607147,0.29903700947761536,2.2899999618530273,0.8420000076293945,837.5239868164062,-0.2725819945335388,1.4484200477600098,0.9599999785423279,0.8949999809265137,0.41921401023864746,0.39083001017570496,1.0726300477981567,1.0,0.0,0.8657140135765076,1.0,19.860000610351562,0.44530001282691956,175.0710171,74.4653466,7.21667,ZTF18acwwqdf
2461049.8681597,1,3295368153715,19.637100219726562,/ztf/archive/sci/2026/0109/368160/ztf_20260109368160_001871_zg_c10_o_q2_scimrefdiffimg.fits.fz,Kulkarni,3,3295,37,1871,26.22949981689453,3.0291299481177703e-05,0.036156900227069855,-0.06763479858636856,5.265820072963834e-05,t17_f5_c3,3.29536815371501e+18,f,1.0,837.3629760742188,1073.1500244140625,175.0711075,74.4652747,19.600500106811523,0.22681699693202972,1.0439300537109375,19.69540023803711,0.29739999771118164,0.26955801248550415,18.395999908447266,0.02199999988079071,0.7089999914169312,-0.04800000041723251,-1.1804200410842896,0.09488800168037415,2.2200000286102295,0.7329999804496765,837.3629760742188,-0.05829999968409538,1.5652999877929688,1.0420000553131104,0.8830000162124634,0.46936899423599243,0.3977479934692383,1.1800700426101685,3.0,0.0,0.8399999737739563,0.9913949966430664,19.860700607299805,0.44369998574256897,175.0710171,74.4653466,7.6681,ZTF18acwwqdf
2461054.8016088,2,3300301600915,19.787099838256836,/ztf/archive/sci/2026/0114/301609/ztf_20260114301609_000861_zr_c03_o_q2_scimrefdiffimg.fits.fz,Ahumada,3,3300,9,861,26.228200912475586,2.5439299861318432e-05,0.0374285988509655,0.1183290034532547,3.576100061764009e-05,t17_f5_c3,,,,,,,,,,,,,,,,,,,,,,,,,,,,,,,,,,,,,,,ZTF18acwwqdf
2461055.9540625,2,3301454060915,19.830400466918945,/ztf/archive/sci/2026/0115/454062/ztf_20260115454062_000861_zr_c03_o_q2_scimrefdiffimg.fits.fz,Ahumada,3,3301,9,861,26.26259994506836,1.65940000442788e-05,0.030475400388240814,0.10856600105762482,2.3531500119133852e-05,t17_f5_c3,,,,,,,,,,,,,,,,,,,,,,,,,,,,,,,,,,,,,,,ZTF18acwwqdf
2461056.8481019,1,3302348100915,19.94700050354004,/ztf/archive/sci/2026/0116/348102/ztf_20260116348102_000861_zg_c03_o_q2_scimrefdiffimg.fits.fz,Kulkarni,1,3302,9,861,26.339799880981445,3.1446201319340616e-05,0.04075320065021515,-0.07828740030527115,4.854230064665899e-05,t17_f5_c3,3.30234810091501e+18,f,0.0,1471.1199951171875,117.27400207519531,175.0710997,74.465256,19.423799514770508,0.14598199725151062,1.05007004737854,19.578399658203125,0.19359999895095825,0.27206000685691833,18.385000228881836,0.010999999940395355,0.3160000145435333,-0.003000000026077032,-0.020232999697327614,0.1545870006084442,4.010000228881836,0.9860000014305115,117.27400207519531,0.36859598755836487,0.9025400280952454,1.0740000009536743,0.9330000281333923,0.2678300142288208,0.23266799747943878,1.1511199474334717,2.0,0.0,0.8799999952316284,1.0,19.49329948425293,0.2287999987602234,175.0709546,74.4653219,10.8304,ZTF18acwwqdf
2461058.7490046,1,3304249003715,19.803600311279297,/ztf/archive/sci/2026/0118/248993/ztf_20260118248993_001871_zg_c10_o_q2_scimrefdiffimg.fits.fz,Kulkarni,2,3304,37,1871,26.1299991607666,2.5912400815286674e-05,0.036675699055194855,-0.07662989944219589,4.176360016572289e-05,t17_f5_c3,3.30424900371501e+18,0,0.0,889.198974609375,1011.4500122070312,175.0709539,74.465301,19.375,0.16647300124168396,0.8322299718856812,19.478900909423828,0.24400000274181366,0.17214100062847137,18.395999908447266,0.02199999988079071,0.7089999914169312,-0.04800000041723251,0.7557920217514038,0.10393600165843964,2.5399999618530273,0.9710000157356262,889.198974609375,0.3247460126876831,1.1698399782180786,0.8709999918937683,0.7979999780654907,0.3429130017757416,0.31417301297187805,1.091480016708374,3.0,0.0,0.9285709857940674,0.9863680005073547,19.872299194335938,0.44920000433921814,175.0710171,74.4653466,9.52542,ZTF18acwwqdf
2461058.8268634,2,3304326860915,19.619300842285156,/ztf/archive/sci/2026/0118/326863/ztf_20260118326863_000861_zr_c03_o_q2_scimrefdiffimg.fits.fz,Kulkarni,1,3304,9,861,25.847700119018555,1.7254600606975146e-05,0.031064700335264206,0.09791799634695053,2.4393299099756405e-05,t17_f5_c3,,,,,,,,,,,,,,,,,,,,,,,,,,,,,,,,,,,,,,,ZTF18acwwqdf
2461058.8732523,1,3304373250915,20.20989990234375,/ztf/archive/sci/2026/0118/373241/ztf_20260118373241_000861_zg_c03_o_q2_scimrefdiffimg.fits.fz,Kulkarni,1,3304,9,861,26.355600357055664,1.9049799448112026e-05,0.03244109824299812,-0.09569130092859268,2.792089981085155e-05,t17_f5_c3,3.30437325091501e+18,f,0.0,1457.3399658203125,121.94300079345703,175.0709905,74.4652184,19.450599670410156,0.13542699813842773,1.2722699642181396,19.44879913330078,0.16300000250339508,0.3696169853210449,18.385000228881836,0.010999999940395355,0.3160000145435333,-0.003000000026077032,-0.5861679911613464,-0.0017659999430179596,3.8499999046325684,0.9729999899864197,121.94300079345703,0.7610849738121033,0.7794809937477112,0.8790000081062317,0.824999988079071,0.22831200063228607,0.21428599953651428,1.0654499530792236,3.0,0.0,0.9385709762573242,1.0,19.366600036621094,0.1931000053882599,175.0709546,74.4653219,14.3196,ZTF18acwwqdf
2461060.7991782,2,3306299170915,20.243900299072266,/ztf/archive/sci/2026/0120/299086/ztf_20260120299086_000861_zr_c03_o_q2_scimrefdiffimg.fits.fz,Kulkarni,1,3306,9,861,26.234899520874023,1.1405900295358151e-05,0.024962199851870537,0.10104499757289886,1.5982799595803954e-05,t17_f5_c3,,,,,,,,,,,,,,,,,,,,,,,,,,,,,,,,,,,,,,,ZTF18acwwqdf
2461060.8858912,1,3306385890915,20.328699111938477,/ztf/archive/sci/2026/0120/385868/ztf_20260120385868_000861_zg_c03_o_q2_scimrefdiffimg.fits.fz,Kulkarni,1,3306,9,861,26.383399963378906,1.8808999811881222e-05,0.03248479962348938,-0.12498900294303894,2.710899934754707e-05,t17_f5_c3,3.30638589091501e+18,f,0.0,1477.6400146484375,129.74000549316406,175.0710535,74.4653143,19.57939910888672,0.12060800194740295,1.4696099758148193,19.46190071105957,0.15209999680519104,0.09795799851417542,18.385000228881836,0.010999999940395355,0.3160000145435333,-0.003000000026077032,-0.6256200075149536,-0.11752499639987946,2.740000009536743,0.9649999737739563,129.74000549316406,0.8667849898338318,1.0688199996948242,0.9580000042915344,0.8059999942779541,0.3496350049972534,0.29416099190711975,1.1885900497436523,1.0,0.0,0.9642860293388367,1.0,19.529800415039062,0.20649999380111694,175.0709546,74.4653219,12.9345,ZTF18acwwqdf
2461065.8023727,1,3311302370915,19.965099334716797,/ztf/archive/sci/2026/0125/302234/ztf_20260125302234_000861_zg_c03_o_q2_scimrefdiffimg.fits.fz,Kulkarni,1,3311,9,861,26.33919906616211,3.3231801353394985e-05,0.041526101529598236,-0.1116190031170845,5.096209861221723e-05,t17_f5_c3,3.31130237091501e+18,f,1.0,1451.1800537109375,99.50969696044922,175.0709913,74.4652719,19.50819969177246,0.12967999279499054,1.1471999883651733,19.444400787353516,0.1736000031232834,0.18138599395751953,18.385000228881836,0.010999999940395355,0.3160000145435333,-0.003000000026077032,-0.3922469913959503,-0.06384299695491791,4.639999866485596,0.9599999785423279,99.50969696044922,0.5206660032272339,0.7559319734573364,1.031000018119812,0.9660000205039978,0.2221979945898056,0.20818999409675598,1.06728994846344,2.0,0.0,0.8528569936752319,1.0,19.3612003326416,0.20559999346733093,175.0709546,74.4653219,10.7569,ZTF18acwwqdf
2461065.8441319,2,3311344130915,20.06220054626465,/ztf/archive/sci/2026/0125/344109/ztf_20260125344109_000861_zr_c03_o_q2_scimrefdiffimg.fits.fz,Kulkarni,1,3311,9,861,26.256999969482422,1.1241099855396897e-05,0.024961600080132484,0.09558310359716415,1.5809600881766528e-05,t17_f5_c3,,,,,,,,,,,,,,,,,,,,,,,,,,,,,,,,,,,,,,,ZTF18acwwqdf
2461068.8029051,1,3314302900915,19.417699813842773,/ztf/archive/sci/2026/0128/302894/ztf_20260128302894_000861_zg_c03_o_q2_scimrefdiffimg.fits.fz,Kulkarni,1,3314,9,861,26.345199584960938,3.9931001083459705e-05,0.04157499969005585,-0.14803099632263184,7.003609789535403e-05,t17_f5_c3,3.31430290091501e+18,f,0.0,1458.030029296875,101.31400299072266,175.0714175,74.4652505,19.56719970703125,0.2247840017080307,0.9306880235671997,19.379199981689453,0.25049999356269836,0.5286480188369751,18.385000228881836,0.010999999940395355,0.3160000145435333,-0.003000000026077032,-0.710657000541687,-0.1880130022764206,2.9200000762939453,0.7049999833106995,101.31400299072266,0.03847699984908104,1.285789966583252,1.1820000410079956,1.0230000019073486,0.40479499101638794,0.3503420054912567,1.155419945716858,1.0,0.0,0.8314290046691895,1.0,19.42889976501465,0.33629998564720154,175.0709546,74.4653219,6.89375,ZTF18acwwqdf
2461068.8436343,2,3314343630915,19.42259979248047,/ztf/archive/sci/2026/0128/343623/ztf_20260128343623_000861_zr_c03_o_q2_scimrefdiffimg.fits.fz,Kulkarni,1,3314,9,861,25.878400802612305,2.2145299226394854e-05,0.03378710150718689,0.07464709877967834,3.0873201467329636e-05,t17_f5_c3,,,,,,,,,,,,,,,,,,,,,,,,,,,,,,,,,,,,,,,ZTF18acwwqdf
2461070.7864815,2,3316286480915,18.745800018310547,/ztf/archive/sci/2026/0130/286470/ztf_20260130286470_000861_zr_c03_o_q2_scimrefdiffimg.fits.fz,Kulkarni,1,3316,9,861,26.19610023498535,4.768250073539093e-05,0.04371270164847374,0.08588249981403351,7.415260188281536e-05,t17_f5_c3,,,,,,,,,,,,,,,,,,,,,,,,,,,,,,,,,,,,,,,ZTF18acwwqdf
2461070.8397222,1,3316339720915,18.906099319458008,/ztf/archive/sci/2026/0130/339653/ztf_20260130339653_000861_zg_c03_o_q2_scimrefdiffimg.fits.fz,Kulkarni,1,3316,9,861,26.328399658203125,7.514919707318768e-05,0.04164230078458786,-0.11021099984645844,0.00016533900634385645,t17_f5_c3,,,,,,,,,,,,,,,,,,,,,,,,,,,,,,,,,,,,,,,ZTF18acwwqdf
2461072.8334838,2,3318333480915,18.86479949951172,/ztf/archive/sci/2026/0201/333437/ztf_20260201333437_000861_zr_c03_o_q2_scimrefdiffimg.fits.fz,Kulkarni,1,3318,9,861,26.197200775146484,3.374540028744377e-05,0.0415985994040966,0.0741174966096878,4.793929838342592e-05,t17_f5_c3,,,,,,,,,,,,,,,,,,,,,,,,,,,,,,,,,,,,,,,ZTF18acwwqdf
2461072.9705556,1,3318470550915,18.923900604248047,/ztf/archive/sci/2026/0201/470556/ztf_20260201470556_000861_zg_c03_o_q2_scimrefdiffimg.fits.fz,Kulkarni,1,3318,9,861,26.338199615478516,6.147650128696114e-05,0.04435209929943085,-0.12749500572681427,0.00012097899889340624,t17_f5_c3,3.31847055091501e+18,f,0.0,1472.1300048828125,139.1909942626953,175.0709892,74.4654259,19.265199661254883,0.24714800715446472,0.9884510040283203,19.517499923706055,0.4984999895095825,0.37107598781585693,18.385000228881836,0.010999999940395355,0.3160000145435333,-0.003000000026077032,-3.4518299102783203,0.25226500630378723,2.5399999618530273,0.8859999775886536,139.1909942626953,-0.5936099886894226,1.3229899406433105,1.0670000314712524,0.7519999742507935,0.42007899284362793,0.29606300592422485,1.4188799858093262,10.0,0.0,0.6499999761581421,0.862559974193573,19.163999557495117,0.46230000257492065,175.0709546,74.4653219,5.35386,ZTF18acwwqdf
2461074.9817708,1,3320481770915,18.91819953918457,/ztf/archive/sci/2026/0203/481759/ztf_20260203481759_000861_zg_c03_o_q2_scimrefdiffimg.fits.fz,Kulkarni,1,3320,9,861,26.323299407958984,8.128229819703847e-05,0.0443544015288353,-0.10104700177907944,0.00017940800171345472,t17_f5_c3,,,,,,,,,,,,,,,,,,,,,,,,,,,,,,,,,,,,,,,ZTF18acwwqdf
2461058.7490046,1,3304249003715,19.803600311279297,/ztf/archive/sci/2026/0118/248993/ztf_20260118248993_001871_zg_c10_o_q2_scimrefdiffimg.fits.fz,Kulkarni,2,3304,37,1871,26.1299991607666,2.5912400815286674e-05,0.036675699055194855,-0.07662989944219589,4.176360016572289e-05,t17_f5_c3,3.30424900371501e+18,f,0.0,889.198974609375,1011.4500122070312,175.0709539,74.465301,19.375,0.16647300124168396,0.8322299718856812,19.478900909423828,0.24400000274181366,0.17214100062847137,18.395999908447266,0.02199999988079071,0.7089999914169312,-0.04800000041723251,0.7557920217514038,0.10393600165843964,2.5399999618530273,0.9710000157356262,889.198974609375,0.3247460126876831,1.1698399782180786,0.8709999918937683,0.7979999780654907,0.3429130017757416,0.31417301297187805,1.091480016708374,3.0,0.0,0.9285709857940674,0.9863680005073547,19.872299194335938,0.44920000433921814,175.0710171,74.4653466,9.52542,ZTF18acwwqdf
2461058.7494676,1,3304249463715,19.889299392700195,/ztf/archive/sci/2026/0118/249468/ztf_20260118249468_001871_zg_c10_o_q2_scimrefdiffimg.fits.fz,Kulkarni,3,3304,37,1871,26.122699737548828,2.424749982310459e-05,0.035626500844955444,-0.06078580021858215,3.844789898721501e-05,t17_f5_c3,3.30424946371501e+18,f,0.0,889.7410278320312,1011.5399780273438,175.0708644,74.4653039,19.477699279785156,0.16327999532222748,0.9395729899406433,19.519500732421875,0.25189998745918274,0.21011899411678314,18.395999908447266,0.02199999988079071,0.7089999914169312,-0.04800000041723251,-0.059842001646757126,0.041839998215436935,2.819999933242798,0.9810000061988831,889.7410278320312,0.36976000666618347,0.9794690012931824,0.8759999871253967,0.8379999995231628,0.3106380105018616,0.2971630096435547,1.0453499555587769,2.0,0.0,0.9300000071525574,0.9801579713821411,19.43440055847168,0.2987000048160553,175.0710171,74.4653466,10.7952,ZTF18acwwqdf
2461070.7405093,2,3316240503715,19.00320053100586,/ztf/archive/sci/2026/0130/240498/ztf_20260130240498_001871_zr_c10_o_q2_scimrefdiffimg.fits.fz,Kulkarni,2,3316,37,1871,26.184999465942383,3.27574998664204e-05,0.04077500104904175,0.11050999909639359,4.8019701353041455e-05,t17_f5_c3,,,,,,,,,,,,,,,,,,,,,,,,,,,,,,,,,,,,,,,ZTF18acwwqdf
2461070.7409838,2,3316240983715,19.006799697875977,/ztf/archive/sci/2026/0130/240972/ztf_20260130240972_001871_zr_c10_o_q2_scimrefdiffimg.fits.fz,Kulkarni,3,3316,37,1871,26.18320083618164,3.521209873724729e-05,0.041742999106645584,0.1197889968752861,5.1388400606811047e-05,t17_f5_c3,,,,,,,,,,,,,,,,,,,,,,,,,,,,,,,,,,,,,,,ZTF18acwwqdf
2461071.8529398,2,3317352933715,19.171499252319336,/ztf/archive/sci/2026/0131/352894/ztf_20260131352894_001871_zr_c10_o_q2_scimrefdiffimg.fits.fz,Kulkarni,2,3317,37,1871,26.208900451660156,2.3789700207998976e-05,0.03584440052509308,0.1101130023598671,3.403570008231327e-05,t17_f5_c3,,,,,,,,,,,,,,,,,,,,,,,,,,,,,,,,,,,,,,,ZTF18acwwqdf
2461071.8534028,2,3317353403715,19.30699920654297,/ztf/archive/sci/2026/0131/353403/ztf_20260131353403_001871_zr_c10_o_q2_scimrefdiffimg.fits.fz,Kulkarni,3,3317,37,1871,26.205699920654297,2.054879951174371e-05,0.03375770151615143,0.11618500202894211,2.9494700356735848e-05,t17_f5_c3,3.31735340371501e+18,f,1.0,876.2780151367188,1079.8800048828125,175.0705945,74.465343,19.734699249267578,0.3133150041103363,1.0900100469589233,20.247900009155273,0.8515999913215637,0.430759996175766,18.507999420166016,0.028999999165534973,1.1740000247955322,0.09200000017881393,0.1710679978132248,0.5132259726524353,1.3533400297164917,0.9259999990463257,876.2780151367188,-0.9409139752388,2.0,0.6029999852180481,0.5170000195503235,0.44556599855422974,0.3820190131664276,1.1663399934768677,6.0,0.0,0.8728569746017456,0.8633490204811096,20.0314998626709,0.8962000012397766,175.0710413,74.465324,5.22952,ZTF18acwwqdf
2461072.7694329,2,3318269433715,19.059900283813477,/ztf/archive/sci/2026/0201/269421/ztf_20260201269421_001871_zr_c10_o_q2_scimrefdiffimg.fits.fz,Kulkarni,2,3318,37,1871,26.15679931640625,2.930389928224031e-05,0.039825599640607834,0.12076900154352188,4.218920003040694e-05,t17_f5_c3,,,,,,,,,,,,,,,,,,,,,,,,,,,,,,,,,,,,,,,ZTF18acwwqdf
2461072.7708449,2,3318270843715,19.096399307250977,/ztf/archive/sci/2026/0201/270833/ztf_20260201270833_001871_zr_c10_o_q2_scimrefdiffimg.fits.fz,Kulkarni,3,3318,37,1871,26.1471004486084,2.1901199943386018e-05,0.03447270020842552,0.11534000188112259,3.140959961456247e-05,t17_f5_c3,,,,,,,,,,,,,,,,,,,,,,,,,,,,,,,,,,,,,,,ZTF18acwwqdf
2461076.7171181,1,3322217110915,19.25629997253418,/ztf/archive/sci/2026/0205/217118/ztf_20260205217118_000861_zg_c03_o_q2_scimrefdiffimg.fits.fz,Kulkarni,1,3322,9,861,26.298900604248047,4.0645201806910336e-05,0.03779830038547516,-0.10496500134468079,7.621350232511759e-05,t17_f5_c3,3.32221711091501e+18,f,0.0,1451.0799560546875,79.83419799804688,175.070979,74.4654459,19.313899993896484,0.18446700274944305,0.810368001461029,19.418800354003906,0.2678999900817871,0.44172900915145874,18.385000228881836,0.010999999940395355,0.3160000145435333,-0.003000000026077032,0.08452200144529343,0.10487399995326996,3.380000114440918,0.8050000071525574,79.83419799804688,-0.16251499950885773,1.247689962387085,1.2799999713897705,1.1399999856948853,0.3786979913711548,0.33727800846099854,1.1228100061416626,2.0,0.0,0.7314289808273315,1.0,19.358699798583984,0.325300008058548,175.0709546,74.4653219,7.43891,ZTF18acwwqdf
2461076.9999537,2,3322499950915,19.707700729370117,/ztf/archive/sci/2026/0205/499942/ztf_20260205499942_000861_zr_c03_o_q2_scimrefdiffimg.fits.fz,Kulkarni,1,3322,9,861,26.24880027770996,1.261750003322959e-05,0.0266696996986866,0.09113310277462006,1.7823500456870534e-05,t17_f5_c3,,,,,,,,,,,,,,,,,,,,,,,,,,,,,,,,,,,,,,,ZTF18acwwqdf
2461079.0131713,2,3324513170915,19.86210060119629,/ztf/archive/sci/2026/0207/513171/ztf_20260207513171_000861_zr_c03_o_q2_scimrefdiffimg.fits.fz,Kasliwal/Graham,2,3324,9,861,26.233999252319336,1.2032300219289027e-05,0.02616330049932003,0.09102459996938705,1.6896799934329465e-05,t17_f5_c3,,,,,,,,,,,,,,,,,,,,,,,,,,,,,,,,,,,,,,,ZTF18acwwqdf
2461082.0157407,2,3327515740915,16.652599334716797,/ztf/archive/sci/2026/0210/515729/ztf_20260210515729_000861_zr_c03_o_q2_scimrefdiffimg.fits.fz,Kasliwal/Graham,2,3327,9,861,23.538799285888672,0.00042522200965322554,0.07020139694213867,0.08198460191488266,0.0008526809979230165,t17_f5_c3,,,,,,,,,,,,,,,,,,,,,,,,,,,,,,,,,,,,,,,ZTF18acwwqdf
