jd,fid,pid,diffmaglim,pdiffimfilename,programpi,programid,nid,rcid,field,magzpsci,magzpsciunc,magzpscirms,clrcoeff,clrcounc,rbversion,candid,isdiffpos,tblid,xpos,ypos,ra,dec,magpsf,sigmapsf,chipsf,magap,sigmagap,distnr,magnr,sigmagnr,chinr,sharpnr,sky,magdiff,fwhm,classtar,mindtoedge,magfromlim,seeratio,aimage,bimage,aimagerat,bimagerat,elong,nneg,nbad,rb,sumrat,magapbig,sigmagapbig,ranr,decnr,scorr,obj_id
2460042.9190046,2,2288419001515,19.131799697875977,/ztf/archive/sci/2023/0408/418970/ztf_20230408418970_000478_zr_c04_o_q4_scimrefdiffimg.fits.fz,Kulkarni,1,2288,15,478,26.18869972229004,1.4823200217506383e-05,0.04295710101723671,0.09403660148382187,2.7939600840909407e-05,t17_f5_c3,,,,,,,,,,,,,,,,,,,,,,,,,,,,,,,,,,,,,,,ZTF19aapvvsp
2460044.7913542,2,2290291351515,19.82270050048828,/ztf/archive/sci/2023/0410/291354/ztf_20230410291354_000478_zr_c04_o_q4_scimrefdiffimg.fits.fz,Kulkarni,1,2290,15,478,26.197599411010742,7.815339813532773e-06,0.03130180016160011,0.08668989688158035,1.4704900422657374e-05,t17_f5_c3,,,,,,,,,,,,,,,,,,,,,,,,,,,,,,,,,,,,,,,ZTF19aapvvsp
2460044.8293634,1,2290329361515,19.743499755859375,/ztf/archive/sci/2023/0410/329352/ztf_20230410329352_000478_zg_c04_o_q4_scimrefdiffimg.fits.fz,Kulkarni,1,2290,15,478,26.318500518798828,1.3226000191934872e-05,0.03817100077867508,-0.08894310146570206,2.98353006655816e-05,t17_f5_c3,2.290329361515015e+18,t,0.0,1443.699951171875,261.6960144042969,217.3238602,1.6207381,19.70949935913086,0.21667200326919556,1.2212300300598145,19.994800567626953,0.4374000132083893,0.019391000270843506,19.424999237060547,0.026000000536441803,0.8569999933242798,0.04699999839067459,-0.005594999995082617,0.2853190004825592,2.809999942779541,0.9629999995231628,261.6960144042969,-0.2513450086116791,0.9958890080451965,0.6029999852180481,0.578000009059906,0.21459099650382996,0.20569400489330292,1.0432499647140503,9.0,0.0,0.8785709738731384,0.6912800073623657,19.812000274658203,0.4745999872684479,217.3238547,1.6207381,8.8619,ZTF19aapvvsp
2460046.7752662,1,2292275261515,20.631399154663086,/ztf/archive/sci/2023/0412/275220/ztf_20230412275220_000478_zg_c04_o_q4_scimrefdiffimg.fits.fz,Kulkarni,1,2292,15,478,26.271299362182617,9.397170288139023e-06,0.03463809937238693,-0.08176500350236893,1.7932599803316407e-05,t17_f5_c3,2.292275261515015e+18,t,1.0,1447.4000244140625,231.42799377441406,217.3238288,1.6207499,19.967300415039062,0.16418099403381348,1.658229947090149,19.94420051574707,0.20579999685287476,0.10209000110626221,19.424999237060547,0.026000000536441803,0.8569999933242798,0.04699999839067459,0.5081520080566406,-0.023051999509334564,3.7100000381469727,0.9399999976158142,231.42799377441406,0.6871650218963623,0.6881330013275146,0.7649999856948853,0.7300000190734863,0.20619900524616241,0.1967650055885315,1.047950029373169,3.0,0.0,0.9057139754295349,0.9698879718780518,20.101200103759766,0.30300000309944153,217.3238547,1.6207381,10.3354,ZTF19aapvvsp
2460050.8594676,1,2296359461515,20.53380012512207,/ztf/archive/sci/2023/0416/359421/ztf_20230416359421_000478_zg_c04_o_q4_scimrefdiffimg.fits.fz,Kulkarni,1,2296,15,478,26.283899307250977,1.0731600013969e-05,0.03683890029788017,-0.10284599661827087,2.0604000383173116e-05,t17_f5_c3,,,,,,,,,,,,,,,,,,,,,,,,,,,,,,,,,,,,,,,ZTF19aapvvsp
2460050.881713,2,2296381711515,20.60810089111328,/ztf/archive/sci/2023/0416/381701/ztf_20230416381701_000478_zr_c04_o_q4_scimrefdiffimg.fits.fz,Kulkarni,1,2296,15,478,26.193300247192383,2.1196799934841692e-05,0.051795799285173416,0.08461319655179977,4.049420022056438e-05,t17_f5_c3,,,,,,,,,,,,,,,,,,,,,,,,,,,,,,,,,,,,,,,ZTF19aapvvsp
2460052.8561806,1,2298356181515,20.55699920654297,/ztf/archive/sci/2023/0418/356134/ztf_20230418356134_000478_zg_c04_o_q4_scimrefdiffimg.fits.fz,Kulkarni,1,2298,15,478,26.242700576782227,1.0784799997054506e-05,0.036765798926353455,-0.09664910286664963,2.1027099137427285e-05,t17_f5_c3,2.298356181515015e+18,t,2.0,1443.8699951171875,284.6860046386719,217.3238847,1.6207196,20.082700729370117,0.1717739999294281,1.5629299879074097,20.101600646972656,0.21170000731945038,0.125232994556427,19.424999237060547,0.026000000536441803,0.8569999933242798,0.04699999839067459,-0.11799900233745575,0.0188790000975132,2.859999895095825,0.6679999828338623,284.6860046386719,0.45537498593330383,1.090440034866333,0.9380000233650208,0.7839999794960022,0.3279719948768616,0.27412599325180054,1.196429967880249,3.0,0.0,0.9542859792709351,1.0,19.84510040283203,0.21289999783039093,217.3238547,1.6207381,9.68098,ZTF19aapvvsp
2460054.8560417,1,2300356041515,20.332799911499023,/ztf/archive/sci/2023/0420/355995/ztf_20230420355995_000478_zg_c04_o_q4_scimrefdiffimg.fits.fz,Kulkarni,1,2300,15,478,26.354700088500977,1.145349961007014e-05,0.037382300943136215,-0.11080099642276764,2.26952997763874e-05,t17_f5_c3,2.300356041515015e+18,t,3.0,1430.4200439453125,293.77301025390625,217.3238563,1.6207066,20.104700088500977,0.1657239943742752,0.8427619934082031,20.22559928894043,0.28769999742507935,0.1122869998216629,19.424999237060547,0.026000000536441803,0.8569999933242798,0.04699999839067459,0.5364180207252502,0.12090300023555756,2.8399999141693115,0.652999997138977,293.77301025390625,0.10722500085830688,1.088089942932129,0.7699999809265137,0.7459999918937683,0.27112698554992676,0.2626760005950928,1.032170057296753,6.0,0.0,0.9485710263252258,0.9688040018081665,20.545799255371094,0.49390000104904175,217.3238547,1.6207381,8.70681,ZTF19aapvvsp
2460054.879213,2,2300379211515,20.353500366210938,/ztf/archive/sci/2023/0420/379120/ztf_20230420379120_000478_zr_c04_o_q4_scimrefdiffimg.fits.fz,Kulkarni,1,2300,15,478,26.1914005279541,4.212440217088442e-06,0.023052699863910675,0.08669420331716537,8.048090421652887e-06,t17_f5_c3,,,,,,,,,,,,,,,,,,,,,,,,,,,,,,,,,,,,,,,ZTF19aapvvsp
2460056.8522801,2,2302352281515,20.533700942993164,/ztf/archive/sci/2023/0422/352280/ztf_20230422352280_000478_zr_c04_o_q4_scimrefdiffimg.fits.fz,Kulkarni,1,2302,15,478,26.195899963378906,9.41873986448627e-06,0.034533899277448654,0.0920552983880043,1.7785299860406667e-05,t17_f5_c3,,,,,,,,,,,,,,,,,,,,,,,,,,,,,,,,,,,,,,,ZTF19aapvvsp
2460056.9368981,1,2302436891515,20.30620002746582,/ztf/archive/sci/2023/0422/436898/ztf_20230422436898_000478_zg_c04_o_q4_scimrefdiffimg.fits.fz,Kulkarni,1,2302,15,478,26.27239990234375,1.1330699635436758e-05,0.03754039853811264,-0.10471999645233154,2.1788100639241748e-05,t17_f5_c3,2.302436891515015e+18,t,0.0,1436.0400390625,261.4419860839844,217.323867,1.6207488,20.17340087890625,0.24540500342845917,1.8941600322723389,20.171600341796875,0.33000001311302185,0.058017000555992126,19.424999237060547,0.026000000536441803,0.8569999933242798,0.04699999839067459,0.5754169821739197,-0.0018289999570697546,2.3499999046325684,0.9829999804496765,261.4419860839844,0.13456299901008606,1.1133999824523926,0.5370000004768372,0.4490000009536743,0.2285110056400299,0.1910640001296997,1.195989966392517,8.0,0.0,0.8842859864234924,0.9252089858055115,19.97089958190918,0.351500004529953,217.3238547,1.6207381,5.92456,ZTF19aapvvsp
2460058.8324074,1,2304332401515,20.556299209594727,/ztf/archive/sci/2023/0424/332407/ztf_20230424332407_000478_zg_c04_o_q4_scimrefdiffimg.fits.fz,Kulkarni,1,2304,15,478,26.246000289916992,9.90604985418031e-06,0.035350900143384933,-0.09671390056610107,1.8750299204839393e-05,t17_f5_c3,,,,,,,,,,,,,,,,,,,,,,,,,,,,,,,,,,,,,,,ZTF19aapvvsp
2460058.8832639,2,2304383261515,20.347400665283203,/ztf/archive/sci/2023/0424/383264/ztf_20230424383264_000478_zr_c04_o_q4_scimrefdiffimg.fits.fz,Kulkarni,1,2304,15,478,26.072799682617188,5.0472599468776025e-06,0.025257999077439308,0.09993349760770798,9.561559636495076e-06,t17_f5_c3,,,,,,,,,,,,,,,,,,,,,,,,,,,,,,,,,,,,,,,ZTF19aapvvsp
2460060.8337037,2,2306333701515,20.374399185180664,/ztf/archive/sci/2023/0426/333704/ztf_20230426333704_000478_zr_c04_o_q4_scimrefdiffimg.fits.fz,Kulkarni,1,2306,15,478,26.131399154663086,3.6528799682855606e-06,0.021564800292253494,0.09063319861888885,6.923529781488469e-06,t17_f5_c3,,,,,,,,,,,,,,,,,,,,,,,,,,,,,,,,,,,,,,,ZTF19aapvvsp
2460060.9084838,1,2306408481515,20.261199951171875,/ztf/archive/sci/2023/0426/408484/ztf_20230426408484_000478_zg_c04_o_q4_scimrefdiffimg.fits.fz,Kulkarni,1,2306,15,478,26.186100006103516,1.0651699994923547e-05,0.03639639914035797,-0.07202590256929398,2.1290099539328367e-05,t17_f5_c3,2.306408481515015e+18,t,0.0,1448.9100341796875,231.3699951171875,217.3238528,1.6205601,20.53809928894043,0.26355499029159546,1.011199951171875,20.236900329589844,0.30570000410079956,0.6327959895133972,19.424999237060547,0.026000000536441803,0.8569999933242798,0.04699999839067459,-0.13147899508476257,-0.30123600363731384,1.568410038948059,0.4830000102519989,231.3699951171875,0.024264000356197357,2.0,0.859000027179718,0.7799999713897705,0.5476880073547363,0.49731799960136414,1.1012799739837646,5.0,0.0,0.8271430134773254,0.925815999507904,20.231800079345703,0.38940000534057617,217.3238547,1.6207381,5.52371,ZTF19aapvvsp
2460062.876713,2,2308376711515,20.474199295043945,/ztf/archive/sci/2023/0428/376667/ztf_20230428376667_000478_zr_c04_o_q4_scimrefdiffimg.fits.fz,Kulkarni,1,2308,15,478,26.165000915527344,4.3484801608428825e-06,0.02330850064754486,0.09253089874982834,8.202790013456251e-06,t17_f5_c3,,,,,,,,,,,,,,,,,,,,,,,,,,,,,,,,,,,,,,,ZTF19aapvvsp
2460049.8907639,3,2295390761515,19.874099731445312,/ztf/archive/sci/2023/0415/390752/ztf_20230415390752_000478_zi_c04_o_q4_scimrefdiffimg.fits.fz,Kulkarni,2,2295,15,478,25.452199935913086,2.491490022293874e-06,0.025472700595855713,0.1957869976758957,1.5001300198491663e-05,t17_f5_c3,,,,,,,,,,,,,,,,,,,,,,,,,,,,,,,,,,,,,,,ZTF19aapvvsp
2460051.8799769,2,2297379971515,22.037099838256836,/ztf/archive/sci/2023/0417/379965/ztf_20230417379965_000478_zr_c04_o_q4_scimrefdiffimg.fits.fz,Kasliwal,3,2297,15,478,28.840200424194336,1.19656997412676e-05,0.03837540000677109,0.09146390110254288,2.2654299755231477e-05,t17_f5_c3,2.297379971515015e+18,t,7.0,1446.1400146484375,286.09600830078125,217.323964,1.6207947,20.810199737548828,0.13975900411605835,4.663549900054932,20.37019920349121,0.09369999915361404,0.4510270059108734,18.750999450683594,0.032999999821186066,1.534000039100647,0.15800000727176666,0.007615999784320593,-0.4399830102920532,1.1406199932098389,0.9940000176429749,286.09600830078125,1.6668699979782104,2.0,0.984000027179718,0.8029999732971191,0.8626909852027893,0.7040050029754639,1.2253999710083008,0.0,0.0,0.504285991191864,1.0,20.166000366210938,0.09880000352859497,217.3238649,1.6207144,8.31217,ZTF19aapvvsp
2460055.8364236,3,2301336421515,19.778799057006836,/ztf/archive/sci/2023/0421/336424/ztf_20230421336424_000478_zi_c04_o_q4_scimrefdiffimg.fits.fz,Kulkarni,2,2301,15,478,25.533199310302734,4.066099791089073e-06,0.032381899654865265,0.17901399731636047,2.5430799723835662e-05,t17_f5_c3,,,,,,,,,,,,,,,,,,,,,,,,,,,,,,,,,,,,,,,ZTF19aapvvsp
2460058.7834259,3,2304283421515,19.65019989013672,/ztf/archive/sci/2023/0424/283414/ztf_20230424283414_000478_zi_c04_o_q4_scimrefdiffimg.fits.fz,Kulkarni,2,2304,15,478,25.442899703979492,2.458360086166067e-06,0.025373300537467003,0.18023300170898438,1.4674499652755912e-05,t17_f5_c3,,,,,,,,,,,,,,,,,,,,,,,,,,,,,,,,,,,,,,,ZTF19aapvvsp
2460061.8948495,3,2307394841515,19.85810089111328,/ztf/archive/sci/2023/0427/394838/ztf_20230427394838_000478_zi_c04_o_q4_scimrefdiffimg.fits.fz,Kulkarni,2,2307,15,478,25.49209976196289,3.81600011678529e-06,0.03147830069065094,0.19273699820041656,2.3320000764215365e-05,t17_f5_c3,,,,,,,,,,,,,,,,,,,,,,,,,,,,,,,,,,,,,,,ZTF19aapvvsp
2460062.9197801,1,2308419781515,20.52400016784668,/ztf/archive/sci/2023/0428/419734/ztf_20230428419734_000478_zg_c04_o_q4_scimrefdiffimg.fits.fz,Kulkarni,1,2308,15,478,26.224599838256836,1.0556599590927362e-05,0.03640199825167656,-0.09042000025510788,2.0209899957990274e-05,t17_f5_c3,2.308419781515015e+18,t,2.0,1445.5699462890625,268.1199951171875,217.3239482,1.620738,20.1835994720459,0.16590599715709686,0.969406008720398,20.166200637817383,0.2815000116825104,0.33219999074935913,19.424999237060547,0.026000000536441803,0.8569999933242798,0.04699999839067459,0.10719700157642365,-0.017395999282598495,1.7699999809265137,0.7839999794960022,268.1199951171875,0.35783299803733826,1.419819951057434,0.7620000243186951,0.7260000109672546,0.43050798773765564,0.41016900539398193,1.049589991569519,6.0,0.0,0.9528570175170898,0.9440569877624512,20.00189971923828,0.3093000054359436,217.3238547,1.6207381,6.85099,ZTF19aapvvsp
2460064.7630093,1,2310263001515,19.631099700927734,/ztf/archive/sci/2023/0430/263009/ztf_20230430263009_000478_zg_c04_o_q4_scimrefdiffimg.fits.fz,Kulkarni,1,2310,15,478,26.11090087890625,1.6214200513786636e-05,0.042744699865579605,-0.06852699816226959,3.61517995770555e-05,t17_f5_c3,,,,,,,,,,,,,,,,,,,,,,,,,,,,,,,,,,,,,,,ZTF19aapvvsp
2460064.8345023,2,2310334501515,20.0625,/ztf/archive/sci/2023/0430/334502/ztf_20230430334502_000478_zr_c04_o_q4_scimrefdiffimg.fits.fz,Kulkarni,1,2310,15,478,26.173200607299805,5.484650046128081e-06,0.026228399947285652,0.08733320236206055,1.0360699889133684e-05,t17_f5_c3,,,,,,,,,,,,,,,,,,,,,,,,,,,,,,,,,,,,,,,ZTF19aapvvsp
2460065.8714236,3,2311371421515,19.443599700927734,/ztf/archive/sci/2023/0501/371424/ztf_20230501371424_000478_zi_c04_o_q4_scimrefdiffimg.fits.fz,Kulkarni,2,2311,15,478,25.49959945678711,2.756200046860613e-06,0.026707300916314125,0.18410100042819977,1.7083399143302813e-05,t17_f5_c3,,,,,,,,,,,,,,,,,,,,,,,,,,,,,,,,,,,,,,,ZTF19aapvvsp
2460067.8647917,2,2313364791515,19.070600509643555,/ztf/archive/sci/2023/0503/364792/ztf_20230503364792_000478_zr_c04_o_q4_scimrefdiffimg.fits.fz,Kulkarni,1,2313,15,478,26.14299964904785,1.414580037817359e-05,0.04164759814739227,0.08554530143737793,2.6741199690150097e-05,t17_f5_c3,,,,,,,,,,,,,,,,,,,,,,,,,,,,,,,,,,,,,,,ZTF19aapvvsp
2460073.9446181,3,2319444611515,18.654600143432617,/ztf/archive/sci/2023/0509/444618/ztf_20230509444618_000478_zi_c04_o_q4_scimrefdiffimg.fits.fz,Kulkarni,2,2319,15,478,25.360300064086914,6.8804902184638195e-06,0.03981989994645119,0.1825689971446991,3.879049836541526e-05,t17_f5_c3,,,,,,,,,,,,,,,,,,,,,,,,,,,,,,,,,,,,,,,ZTF19aapvvsp
2460076.8355787,2,2322335571515,20.409799575805664,/ztf/archive/sci/2023/0512/335532/ztf_20230512335532_000478_zr_c04_o_q4_scimrefdiffimg.fits.fz,Kulkarni,1,2322,15,478,26.171300888061523,4.298310159356333e-06,0.023282000795006752,0.09249269962310791,8.20498007669812e-06,t17_f5_c3,,,,,,,,,,,,,,,,,,,,,,,,,,,,,,,,,,,,,,,ZTF19aapvvsp
2460076.8396528,2,2322339651515,21.61370086669922,/ztf/archive/sci/2023/0512/339653/ztf_20230512339653_000478_zr_c04_o_q4_scimrefdiffimg.fits.fz,Kasliwal,3,2322,15,478,28.683399200439453,2.5738399926922284e-06,0.01798669993877411,0.09303110092878342,4.89409012516262e-06,t17_f5_c3,2.322339651515015e+18,t,8.0,1430.4599609375,296.8399963378906,217.32396,1.620773,20.68239974975586,0.10892900079488754,2.959130048751831,20.36680030822754,0.1257999986410141,0.3901279866695404,18.750999450683594,0.032999999821186066,1.534000039100647,0.15800000727176666,0.42711400985717773,-0.31563800573349,1.2401000261306763,0.9309999942779541,296.8399963378906,1.246899962425232,2.0,0.9769999980926514,0.8199999928474426,0.7878410220146179,0.6612380146980286,1.1914600133895874,3.0,0.0,0.6042860150337219,1.0,20.26110076904297,0.14569999277591705,217.3238649,1.6207144,6.66,ZTF19aapvvsp
2460076.9134954,1,2322413491515,20.088699340820312,/ztf/archive/sci/2023/0512/413484/ztf_20230512413484_000478_zg_c04_o_q4_scimrefdiffimg.fits.fz,Kulkarni,1,2322,15,478,26.162200927734375,1.1351899956935085e-05,0.03732910007238388,-0.06321100145578384,2.270500044687651e-05,t17_f5_c3,2.322413491515015e+18,t,1.0,1425.72998046875,273.26300048828125,217.3239813,1.6207923,20.26219940185547,0.22717000544071198,0.9070820212364197,20.326499938964844,0.4659999907016754,0.48920801281929016,19.424999237060547,0.026000000536441803,0.8569999933242798,0.04699999839067459,0.37042200565338135,0.06431899964809418,2.3499999046325684,0.7009999752044678,273.26300048828125,-0.23778200149536133,1.1072200536727905,0.9240000247955322,0.7680000066757202,0.39319100975990295,0.32680898904800415,1.2031199932098389,4.0,0.0,0.9385709762573242,0.9994279742240906,20.190000534057617,0.527400016784668,217.3238547,1.6207381,5.13051,ZTF19aapvvsp
2460077.8380903,3,2323338091515,19.555299758911133,/ztf/archive/sci/2023/0513/338079/ztf_20230513338079_000478_zi_c04_o_q4_scimrefdiffimg.fits.fz,Kulkarni,2,2323,15,478,25.475299835205078,3.2781999834696762e-06,0.02924410067498684,0.18127599358558655,2.0053099433425814e-05,t17_f5_c3,2.323338091515015e+18,t,2.0,1457.3299560546875,277.9570007324219,217.3238701,1.6206419,19.814300537109375,0.2330860048532486,1.2514100074768066,19.51460075378418,0.35670000314712524,0.2465430051088333,18.457000732421875,0.03200000151991844,1.2269999980926514,0.09799999743700027,0.3444260060787201,-0.29971399903297424,1.5199999809265137,0.7559999823570251,277.9570007324219,0.040720000863075256,1.751289963722229,0.8529999852180481,0.7310000061988831,0.5611839890480042,0.4809210002422333,1.1669000387191772,5.0,0.0,0.8942859768867493,0.9786750078201294,19.07990074157715,0.3059000074863434,217.3238882,1.6207089,5.64402,ZTF19aapvvsp
2460078.8097106,2,2324309711515,20.557899475097656,/ztf/archive/sci/2023/0514/309699/ztf_20230514309699_000478_zr_c04_o_q4_scimrefdiffimg.fits.fz,Kulkarni,1,2324,15,478,26.145000457763672,4.199800059723202e-06,0.022951899096369743,0.09750290215015411,7.927130354801193e-06,t17_f5_c3,,,,,,,,,,,,,,,,,,,,,,,,,,,,,,,,,,,,,,,ZTF19aapvvsp
2460078.8296412,1,2324329641515,20.582599639892578,/ztf/archive/sci/2023/0514/329630/ztf_20230514329630_000478_zg_c04_o_q4_scimrefdiffimg.fits.fz,Kulkarni,1,2324,15,478,26.23699951171875,1.0347100214858074e-05,0.03626469895243645,-0.08763150125741959,1.9528399207047187e-05,t17_f5_c3,2.324329641515015e+18,t,2.0,1442.75,266.3900146484375,217.3238985,1.6207113,20.163000106811523,0.17753100395202637,1.06017005443573,19.95439910888672,0.2102999985218048,0.18265099823474884,19.424999237060547,0.026000000536441803,0.8569999933242798,0.04699999839067459,0.4022279977798462,-0.2085990011692047,2.509999990463257,0.746999979019165,266.3900146484375,0.6281750202178955,1.0520000457763672,0.8740000128746033,0.718999981880188,0.3482069969177246,0.2864539921283722,1.2155799865722656,4.0,0.0,0.9485710263252258,1.0,19.76919937133789,0.22599999606609344,217.3238547,1.6207381,8.55211,ZTF19aapvvsp
2460080.772963,1,2326272961515,20.303199768066406,/ztf/archive/sci/2023/0516/272951/ztf_20230516272951_000478_zg_c04_o_q4_scimrefdiffimg.fits.fz,Kulkarni,1,2326,15,478,26.28730010986328,1.0749799912446178e-05,0.03635919839143753,-0.09416220337152481,2.1387699234765023e-05,t17_f5_c3,2.326272961515015e+18,t,0.0,1453.6099853515625,262.5119934082031,217.3240165,1.620698,20.07830047607422,0.24027599394321442,0.9872879981994629,20.258899688720703,0.2928999960422516,0.5925469994544983,19.424999237060547,0.026000000536441803,0.8569999933242798,0.04699999839067459,0.24483700096607208,0.18058699369430542,2.7799999713897705,0.5860000252723694,262.5119934082031,0.04430500045418739,1.1597800254821777,0.9900000095367432,0.8510000109672546,0.3561150133609772,0.3061150014400482,1.1633399724960327,3.0,0.0,0.9100000262260437,1.0,20.445499420166016,0.4440000057220459,217.3238547,1.6207381,7.74991,ZTF19aapvvsp
2460080.796956,3,2326296951515,19.516799926757812,/ztf/archive/sci/2023/0516/296944/ztf_20230516296944_000478_zi_c04_o_q4_scimrefdiffimg.fits.fz,Kulkarni,2,2326,15,478,25.437999725341797,2.8067299808753887e-06,0.02697799913585186,0.18771199882030487,1.7212500097230077e-05,t17_f5_c3,,,,,,,,,,,,,,,,,,,,,,,,,,,,,,,,,,,,,,,ZTF19aapvvsp
2460082.7526157,1,2328252611515,20.150100708007812,/ztf/archive/sci/2023/0518/252593/ztf_20230518252593_000478_zg_c04_o_q4_scimrefdiffimg.fits.fz,Kulkarni,1,2328,15,478,25.954999923706055,1.6958400010480545e-05,0.045565199106931686,-0.09296990185976028,3.383199873496778e-05,t17_f5_c3,2.328252611515015e+18,t,2.0,1457.43994140625,258.25201416015625,217.3238584,1.6207671,20.475000381469727,0.35193800926208496,0.9208869934082031,20.6481990814209,0.5741000175476074,0.10385999828577042,19.424999237060547,0.026000000536441803,0.8569999933242798,0.04699999839067459,0.2208690047264099,0.17322200536727905,1.3474899530410767,0.7210000157356262,258.25201416015625,-0.49807798862457275,2.0,0.652999997138977,0.45500001311302185,0.48460501432418823,0.33766499161720276,1.43517005443573,11.0,0.0,0.7885710000991821,0.6079580187797546,20.4606990814209,0.6187000274658203,217.3238547,1.6207381,5.20513,ZTF19aapvvsp
2460082.8537847,2,2328353781515,20.241600036621094,/ztf/archive/sci/2023/0518/353773/ztf_20230518353773_000478_zr_c04_o_q4_scimrefdiffimg.fits.fz,Kulkarni,1,2328,15,478,26.081600189208984,4.734719823318301e-06,0.02448269911110401,0.09435830265283585,8.954950317274779e-06,t17_f5_c3,,,,,,,,,,,,,,,,,,,,,,,,,,,,,,,,,,,,,,,ZTF19aapvvsp
2460083.7787616,2,2329278761515,21.65060043334961,/ztf/archive/sci/2023/0519/278750/ztf_20230519278750_000478_zr_c04_o_q4_scimrefdiffimg.fits.fz,Kasliwal,3,2329,15,478,28.684600830078125,2.892199972848175e-06,0.019019000232219696,0.08727709949016571,5.53027985006338e-06,t17_f5_c3,2.329278761515015e+18,t,9.0,1479.77001953125,254.36500549316406,217.3239159,1.6207758,20.54159927368164,0.13166600465774536,3.8529200553894043,20.31399917602539,0.11649999767541885,0.2826879918575287,18.750999450683594,0.032999999821186066,1.534000039100647,0.15800000727176666,0.8321200013160706,-0.22764800488948822,2.299999952316284,0.9980000257492065,254.36500549316406,1.3365600109100342,1.071679949760437,0.7509999871253967,0.5669999718666077,0.32652199268341064,0.24652199447155,1.3245099782943726,3.0,0.0,0.6228569746017456,0.9441570043563843,20.33769989013672,0.15199999511241913,217.3238649,1.6207144,10.0042,ZTF19aapvvsp
2460084.7793056,2,2330279301515,20.574600219726562,/ztf/archive/sci/2023/0520/279294/ztf_20230520279294_000478_zr_c04_o_q4_scimrefdiffimg.fits.fz,Kulkarni,1,2330,15,478,26.116500854492188,4.90769980387995e-06,0.02484319917857647,0.087425097823143,9.312600013799965e-06,t17_f5_c3,,,,,,,,,,,,,,,,,,,,,,,,,,,,,,,,,,,,,,,ZTF19aapvvsp
2460084.7946644,3,2330294661515,19.74049949645996,/ztf/archive/sci/2023/0520/294664/ztf_20230520294664_000478_zi_c04_o_q4_scimrefdiffimg.fits.fz,Kulkarni,2,2330,15,478,25.44070053100586,2.9047700991213787e-06,0.02778559923171997,0.19674600660800934,1.7223399481736124e-05,t17_f5_c3,,,,,,,,,,,,,,,,,,,,,,,,,,,,,,,,,,,,,,,ZTF19aapvvsp
2460084.8379977,1,2330337991515,20.472900390625,/ztf/archive/sci/2023/0520/337986/ztf_20230520337986_000478_zg_c04_o_q4_scimrefdiffimg.fits.fz,Kulkarni,1,2330,15,478,26.12540054321289,1.4291200386651326e-05,0.04241339862346649,-0.10094700008630753,2.7080399377155118e-05,t17_f5_c3,2.330337991515015e+18,t,0.0,1464.06005859375,256.9129943847656,217.323838,1.6206971,20.133399963378906,0.1615689992904663,0.8507159948348999,20.47439956665039,0.37070000171661377,0.15541499853134155,19.424999237060547,0.026000000536441803,0.8569999933242798,0.04699999839067459,0.036382999271154404,0.3410409986972809,1.329800009727478,0.7250000238418579,256.9129943847656,-0.0014850000152364373,2.0,0.6690000295639038,0.6320000290870667,0.5030840039253235,0.4752599895000458,1.0585399866104126,6.0,0.0,0.9442859888076782,0.9724990129470825,20.145700454711914,0.35019999742507935,217.3238547,1.6207381,6.64824,ZTF19aapvvsp
2460086.7772106,1,2332277211515,20.582700729370117,/ztf/archive/sci/2023/0522/277211/ztf_20230522277211_000478_zg_c04_o_q4_scimrefdiffimg.fits.fz,Kulkarni,1,2332,15,478,26.26020050048828,8.957969839684665e-06,0.03359679877758026,-0.10663100332021713,1.7138700059149414e-05,t17_f5_c3,2.332277211515015e+18,t,2.0,1477.030029296875,253.84800720214844,217.3238482,1.6206932,20.063199996948242,0.1958789974451065,1.7464200258255005,20.4468994140625,0.31779998540878296,0.16117900609970093,19.424999237060547,0.026000000536441803,0.8569999933242798,0.04699999839067459,0.41135600209236145,0.38372600078582764,1.3707200288772583,0.9359999895095825,253.84800720214844,0.13584500551223755,2.0,0.5860000252723694,0.49300000071525574,0.4275110065937042,0.3596639931201935,1.1886399984359741,3.0,0.0,0.9157140254974365,0.9814460277557373,20.653799057006836,0.49000000953674316,217.3238547,1.6207381,6.04959,ZTF19aapvvsp
2460086.8321991,2,2332332191515,20.579700469970703,/ztf/archive/sci/2023/0522/332188/ztf_20230522332188_000478_zr_c04_o_q4_scimrefdiffimg.fits.fz,Kulkarni,1,2332,15,478,26.111000061035156,5.083909854874946e-06,0.025258900597691536,0.09719409793615341,9.61873956839554e-06,t17_f5_c3,,,,,,,,,,,,,,,,,,,,,,,,,,,,,,,,,,,,,,,ZTF19aapvvsp
2460087.7743634,3,2333274361515,19.55699920654297,/ztf/archive/sci/2023/0523/274352/ztf_20230523274352_000478_zi_c04_o_q4_scimrefdiffimg.fits.fz,Kulkarni,2,2333,15,478,25.501800537109375,4.601839918905171e-06,0.03486299887299538,0.17622500658035278,2.7749700166168623e-05,t17_f5_c3,,,,,,,,,,,,,,,,,,,,,,,,,,,,,,,,,,,,,,,ZTF19aapvvsp
2460088.8115972,1,2334311591515,20.8257999420166,/ztf/archive/sci/2023/0524/311586/ztf_20230524311586_000478_zg_c04_o_q4_scimrefdiffimg.fits.fz,Kulkarni,1,2334,15,478,26.2637996673584,7.690719940001145e-06,0.031172899529337883,-0.0799499973654747,1.4514200302073732e-05,t17_f5_c3,2.334311591515015e+18,t,3.0,1456.8199462890625,256.2900085449219,217.3239096,1.6207209,20.21380043029785,0.15718799829483032,1.1646300554275513,20.22800064086914,0.2354000061750412,0.2044530063867569,19.424999237060547,0.026000000536441803,0.8569999933242798,0.04699999839067459,0.5009999871253967,0.014170999638736248,2.3499999046325684,0.9639999866485596,256.2900085449219,0.5977609753608704,1.0357099771499634,0.7919999957084656,0.6779999732971191,0.33702099323272705,0.2885110080242157,1.1681400537490845,5.0,0.0,0.945713996887207,0.978738009929657,20.133800506591797,0.27480000257492065,217.3238547,1.6207381,7.10879,ZTF19aapvvsp
2460088.8721296,2,2334372121515,20.38990020751953,/ztf/archive/sci/2023/0524/372118/ztf_20230524372118_000478_zr_c04_o_q4_scimrefdiffimg.fits.fz,Kulkarni,1,2334,15,478,26.11669921875,4.330599949753378e-06,0.02331179939210415,0.0972248986363411,8.176260053005535e-06,t17_f5_c3,,,,,,,,,,,,,,,,,,,,,,,,,,,,,,,,,,,,,,,ZTF19aapvvsp
2460090.7919907,1,2336291991515,20.266300201416016,/ztf/archive/sci/2023/0526/291991/ztf_20230526291991_000478_zg_c04_o_q4_scimrefdiffimg.fits.fz,Kulkarni,1,2336,15,478,26.24799919128418,1.1264400200161617e-05,0.03733519837260246,-0.08887030184268951,2.1793199266539887e-05,t17_f5_c3,2.336291991515015e+18,1,1.0,1449.3699951171875,267.47698974609375,217.3238945,1.6207258,20.006000518798828,0.2366590052843094,1.1729099750518799,20.19849967956543,0.31150001287460327,0.14804799854755402,19.424999237060547,0.026000000536441803,0.8569999933242798,0.04699999839067459,0.5816890001296997,0.19249600172042847,3.4600000381469727,0.7509999871253967,267.47698974609375,0.06778000295162201,0.8557069897651672,0.7210000157356262,0.6840000152587891,0.2083819955587387,0.1976879984140396,1.0540900230407715,4.0,0.0,0.9371430277824402,0.9936469793319702,20.40519905090332,0.4814000129699707,217.3238547,1.6207381,9.27478,ZTF19aapvvsp
2460090.8068634,2,2336306861515,20.086299896240234,/ztf/archive/sci/2023/0526/306863/ztf_20230526306863_000478_zr_c04_o_q4_scimrefdiffimg.fits.fz,Kulkarni,1,2336,15,478,26.142799377441406,5.8141299632552546e-06,0.026782400906085968,0.0920666977763176,1.1027799700968899e-05,t17_f5_c3,,,,,,,,,,,,,,,,,,,,,,,,,,,,,,,,,,,,,,,ZTF19aapvvsp
2460016.9132986,1,2262413291515,19.450000762939453,/ztf/archive/sci/2023/0313/413287/ztf_20230313413287_000478_zg_c04_o_q4_scimrefdiffimg.fits.fz,Kulkarni,1,2262,15,478,26.204599380493164,2.2911199266673066e-05,0.04666940122842789,-0.08348140120506287,5.5206000979524106e-05,t17_f5_c3,2.262413291515015e+18,t,0.0,1417.5799560546875,284.3179931640625,217.3239272,1.6207365,19.78059959411621,0.32169800996780396,0.8346689939498901,20.16670036315918,0.6438999772071838,0.25779199600219727,19.424999237060547,0.026000000536441803,0.8569999933242798,0.04699999839067459,-0.31023699045181274,0.3860960006713867,2.3499999046325684,0.6660000085830688,284.3179931640625,-0.7166919708251953,1.2388399839401245,0.6840000152587891,0.5009999871253967,0.29106399416923523,0.21319100260734558,1.3652700185775757,7.0,0.0,0.8814290165901184,0.9922800064086914,19.562700271606445,0.474700003862381,217.3238547,1.6207381,5.80589,ZTF19aapvvsp
2460016.9356019,2,2262435601515,19.877300262451172,/ztf/archive/sci/2023/0313/435590/ztf_20230313435590_000478_zr_c04_o_q4_scimrefdiffimg.fits.fz,Kulkarni,1,2262,15,478,26.21579933166504,8.367929694941267e-06,0.03237989917397499,0.08372130244970322,1.604590033821296e-05,t17_f5_c3,,,,,,,,,,,,,,,,,,,,,,,,,,,,,,,,,,,,,,,ZTF19aapvvsp
2460021.8601852,1,2267360181515,20.23259925842285,/ztf/archive/sci/2023/0318/360174/ztf_20230318360174_000478_zg_c04_o_q4_scimrefdiffimg.fits.fz,Kulkarni,1,2267,15,478,26.257699966430664,1.3916699572291691e-05,0.040874700993299484,-0.09297829866409302,2.8184500479255803e-05,t17_f5_c3,2.267360181515015e+18,t,1.0,1423.06005859375,289.1659851074219,217.323855,1.6207061,19.961700439453125,0.1623540073633194,0.9260089993476868,20.08930015563965,0.27649998664855957,0.11389999836683273,19.424999237060547,0.026000000536441803,0.8569999933242798,0.04699999839067459,0.11105100065469742,0.12758000195026398,2.069999933242798,0.7480000257492065,289.1659851074219,0.14332999289035797,1.503659963607788,0.8270000219345093,0.8119999766349792,0.3995169997215271,0.3922710120677948,1.018470048904419,4.0,0.0,0.9485710263252258,0.913474977016449,19.967100143432617,0.3156999945640564,217.3238547,1.6207381,8.48568,ZTF19aapvvsp
2460032.8326042,1,2278332601515,19.967100143432617,/ztf/archive/sci/2023/0329/332604/ztf_20230329332604_000478_zg_c04_o_q4_scimrefdiffimg.fits.fz,Kulkarni,1,2278,15,478,26.265499114990234,1.4684300367662217e-05,0.040604401379823685,-0.07832690328359604,3.2430398277938366e-05,t17_f5_c3,2.278332601515015e+18,t,1.0,1413.6099853515625,292.843994140625,217.3239177,1.6207229,20.07550048828125,0.2710829973220825,1.3212699890136719,20.390199661254883,0.4537000060081482,0.2304060012102127,19.424999237060547,0.026000000536441803,0.8569999933242798,0.04699999839067459,0.49326300621032715,0.3147349953651428,3.130000114440918,0.8899999856948853,292.843994140625,-0.42307499051094055,1.0143300294876099,0.6980000138282776,0.6019999980926514,0.22300300002098083,0.19233199954032898,1.1594699621200562,5.0,0.0,0.9328569769859314,0.906138002872467,20.326000213623047,0.5478000044822693,217.3238547,1.6207381,7.20302,ZTF19aapvvsp
2460032.8694213,2,2278369421515,20.406999588012695,/ztf/archive/sci/2023/0329/369421/ztf_20230329369421_000478_zr_c04_o_q4_scimrefdiffimg.fits.fz,Kulkarni,1,2278,15,478,26.205799102783203,6.3005800257087685e-06,0.02818409912288189,0.08039530366659164,1.203299962071469e-05,t17_f5_c3,,,,,,,,,,,,,,,,,,,,,,,,,,,,,,,,,,,,,,,ZTF19aapvvsp
2459951.9900579,1,2197490051515,18.595300674438477,/ztf/archive/sci/2023/0107/490046/ztf_20230107490046_000478_zg_c04_o_q4_scimrefdiffimg.fits.fz,Kulkarni,1,2197,15,478,25.935100555419922,5.8156099839834496e-05,0.05560709908604622,-0.05072610080242157,0.00016024800424929708,t17_f5_c3,,,,,,,,,,,,,,,,,,,,,,,,,,,,,,,,,,,,,,,ZTF19aapvvsp
2459952.0472454,2,2197547241515,19.514400482177734,/ztf/archive/sci/2023/0107/547245/ztf_20230107547245_000478_zr_c04_o_q4_scimrefdiffimg.fits.fz,Kulkarni,1,2197,15,478,26.20680046081543,7.09550022293115e-06,0.029802799224853516,0.0919606015086174,1.349949980067322e-05,t17_f5_c3,,,,,,,,,,,,,,,,,,,,,,,,,,,,,,,,,,,,,,,ZTF19aapvvsp
2459967.9373148,2,2213437311515,19.21269989013672,/ztf/archive/sci/2023/0123/437315/ztf_20230123437315_000478_zr_c04_o_q4_scimrefdiffimg.fits.fz,Kulkarni,1,2213,15,478,26.129499435424805,2.2788799469708465e-05,0.04837319999933243,0.09037590026855469,4.401330079417676e-05,t17_f5_c3,,,,,,,,,,,,,,,,,,,,,,,,,,,,,,,,,,,,,,,ZTF19aapvvsp
2459970.0284028,2,2215528401515,20.38949966430664,/ztf/archive/sci/2023/0125/528391/ztf_20230125528391_000478_zr_c04_o_q4_scimrefdiffimg.fits.fz,Kulkarni,1,2215,15,478,26.23699951171875,6.106889941293048e-06,0.027809200808405876,0.08088160306215286,1.1649100088106934e-05,t17_f5_c3,2.215528401515015e+18,t,2.0,1428.3599853515625,347.9320068359375,217.3239096,1.6206987,20.159000396728516,0.1791049987077713,1.175469994544983,20.4596004486084,0.4406000077724457,0.21033699810504913,18.761999130249023,0.03400000184774399,1.5499999523162842,0.17299999296665192,0.3161030113697052,0.3005880117416382,1.1999800205230713,0.9160000085830688,347.9320068359375,-0.07008399814367294,2.0,0.593999981880188,0.5220000147819519,0.49500900506973267,0.4350070059299469,1.1379300355911255,2.0,0.0,0.9685710072517395,1.0,20.36829948425293,0.5170000195503235,217.3238542,1.6207195,7.09917,ZTF19aapvvsp
2459971.9469097,1,2217446901515,19.56329917907715,/ztf/archive/sci/2023/0127/446910/ztf_20230127446910_000478_zg_c04_o_q4_scimrefdiffimg.fits.fz,Kulkarni,1,2217,15,478,26.229400634765625,2.3390699425362982e-05,0.04274670034646988,-0.0642353966832161,6.077150101191364e-05,t17_f5_c3,2.217446901515015e+18,t,0.0,1404.469970703125,255.9530029296875,217.3237797,1.6208849,19.77039909362793,0.3036789894104004,1.0403800010681152,20.338499069213867,0.39259999990463257,0.5855309963226318,19.424999237060547,0.026000000536441803,0.8569999933242798,0.04699999839067459,0.1455180048942566,0.5680789947509766,4.239999771118164,0.4740000069141388,255.9530029296875,-0.775180995464325,1.1983799934387207,1.3919999599456787,1.1920000314712524,0.3283019959926605,0.2811320126056671,1.1677900552749634,2.0,0.0,0.5842859745025635,1.0,20.390300750732422,0.5273000001907349,217.3238547,1.6207381,6.23394,ZTF19aapvvsp
2459972.0028009,2,2217502801515,19.901500701904297,/ztf/archive/sci/2023/0127/502789/ztf_20230127502789_000478_zr_c04_o_q4_scimrefdiffimg.fits.fz,Kulkarni,1,2217,15,478,26.204999923706055,8.419139703619294e-06,0.032558999955654144,0.0885339006781578,1.5961399185471237e-05,t17_f5_c3,2.217502801515015e+18,t,1.0,1416.9300537109375,274.38800048828125,217.3240593,1.6206969,19.724000930786133,0.21299000084400177,1.0365300178527832,19.42300033569336,0.18880000710487366,0.733368992805481,18.761999130249023,0.03400000184774399,1.5499999523162842,0.17299999296665192,-0.3788039982318878,-0.30100199580192566,3.990000009536743,0.6179999709129333,274.38800048828125,0.4785020053386688,0.8407899737358093,1.4429999589920044,1.3250000476837158,0.36165401339530945,0.33208000659942627,1.0890599489212036,2.0,0.0,0.5785710215568542,1.0,19.14780044555664,0.18729999661445618,217.3238542,1.6207195,7.85384,ZTF19aapvvsp
2459977.9773264,2,2223477321515,19.630199432373047,/ztf/archive/sci/2023/0202/477326/ztf_20230202477326_000478_zr_c04_o_q4_scimrefdiffimg.fits.fz,Kulkarni,1,2223,15,478,26.183300018310547,7.582259968330618e-06,0.030822400003671646,0.08018379658460617,1.4427600035560317e-05,t17_f5_c3,,,,,,,,,,,,,,,,,,,,,,,,,,,,,,,,,,,,,,,ZTF19aapvvsp
2459993.97875,1,2239478751515,20.21380043029785,/ztf/archive/sci/2023/0218/478750/ztf_20230218478750_000478_zg_c04_o_q4_scimrefdiffimg.fits.fz,Kulkarni,1,2239,15,478,26.371299743652344,1.381699985358864e-05,0.03924810141324997,-0.1069130003452301,2.9788699976052158e-05,t17_f5_c3,2.239478751515015e+18,t,2.0,1411.199951171875,280.22900390625,217.3238647,1.620714,20.181299209594727,0.20207500457763672,0.9871500134468079,20.43269920349121,0.3573000133037567,0.09264999628067017,19.424999237060547,0.026000000536441803,0.8569999933242798,0.04699999839067459,0.2947950065135956,0.2513749897480011,2.5399999618530273,0.753000020980835,280.22900390625,-0.21891799569129944,1.3215099573135376,0.9259999990463257,0.7549999952316284,0.36456701159477234,0.29724401235580444,1.2264900207519531,5.0,0.0,0.9071429967880249,0.9638540148735046,20.24839973449707,0.3856000006198883,217.3238547,1.6207381,5.38779,ZTF19aapvvsp
2459978.0402546,1,2223540251515,20.088699340820312,/ztf/archive/sci/2023/0202/540255/ztf_20230202540255_000478_zg_c04_o_q4_scimrefdiffimg.fits.fz,Kulkarni,1,2223,15,478,26.34119987487793,1.3637900337926112e-05,0.0388639010488987,-0.12194100022315979,2.934969961643219e-05,t17_f5_c3,2.223540251515015e+18,t,1.0,1425.6199951171875,286.3009948730469,217.3239328,1.6207573,19.74920082092285,0.2021310031414032,1.4081000089645386,20.287399291992188,0.34360000491142273,0.28571799397468567,19.424999237060547,0.026000000536441803,0.8569999933242798,0.04699999839067459,0.46966999769210815,0.5381569862365723,1.7109299898147583,0.753000020980835,286.3009948730469,-0.19870999455451965,2.0,0.8360000252723694,0.7009999752044678,0.4886240065097809,0.4097200036048889,1.192579984664917,2.0,0.0,0.8671429753303528,1.0,20.061899185180664,0.3573000133037567,217.3238547,1.6207381,8.28003,ZTF19aapvvsp
2459983.9280671,1,2229428061515,16.69230079650879,/ztf/archive/sci/2023/0208/428067/ztf_20230208428067_000478_zg_c04_o_q4_scimrefdiffimg.fits.fz,Kulkarni,1,2229,15,478,24.699600219726562,0.008147680200636387,0.08287859708070755,-0.15070299804210663,0.02753240056335926,t17_f5_c3,,,,,,,,,,,,,,,,,,,,,,,,,,,,,,,,,,,,,,,ZTF19aapvvsp
2459985.9569097,1,2231456901515,19.35460090637207,/ztf/archive/sci/2023/0210/456910/ztf_20230210456910_000478_zg_c04_o_q4_scimrefdiffimg.fits.fz,Kulkarni,1,2231,15,478,26.31909942626953,2.0744400899275206e-05,0.043364301323890686,-0.08177260309457779,5.176150079932995e-05,t17_f5_c3,,,,,,,,,,,,,,,,,,,,,,,,,,,,,,,,,,,,,,,ZTF19aapvvsp
2459985.9986806,2,2231498681515,19.648399353027344,/ztf/archive/sci/2023/0210/498669/ztf_20230210498669_000478_zr_c04_o_q4_scimrefdiffimg.fits.fz,Kulkarni,1,2231,15,478,26.252099990844727,8.408090252487455e-06,0.03244449943304062,0.07405740022659302,1.590429928910453e-05,t17_f5_c3,2.231498681515015e+18,t,1.0,1423.1600341796875,307.0660095214844,217.3240061,1.6207055,19.962099075317383,0.24766400456428528,1.5794899463653564,19.598600387573242,0.32910001277923584,0.542248010635376,18.761999130249023,0.03400000184774399,1.5499999523162842,0.17299999296665192,0.716795027256012,-0.3634819984436035,1.418280005455017,0.6890000104904175,307.0660095214844,0.04984999820590019,2.0,0.5580000281333923,0.4569999873638153,0.393435001373291,0.3222219944000244,1.2210099697113037,9.0,0.0,0.8414289951324463,0.78814697265625,19.801300048828125,0.5080000162124634,217.3238542,1.6207195,5.02714,ZTF19aapvvsp
2459971.9469097,1,2217446901515,19.56329917907715,/ztf/archive/sci/2023/0127/446910/ztf_20230127446910_000478_zg_c04_o_q4_scimrefdiffimg.fits.fz,Kulkarni,1,2217,15,478,26.229400634765625,2.3390699425362982e-05,0.04274670034646988,-0.0642353966832161,6.077150101191364e-05,t17_f5_c3,2.217446901515015e+18,1,0.0,1404.469970703125,255.9530029296875,217.3237797,1.6208849,19.77039909362793,0.3036789894104004,1.0403800010681152,20.338499069213867,0.39259999990463257,0.5855309963226318,19.424999237060547,0.026000000536441803,0.8569999933242798,0.04699999839067459,0.1455180048942566,0.5680789947509766,4.239999771118164,0.4740000069141388,255.9530029296875,-0.775180995464325,1.1983799934387207,1.3919999599456787,1.1920000314712524,0.3283019959926605,0.2811320126056671,1.1677900552749634,2.0,0.0,0.5842859745025635,1.0,20.390300750732422,0.5273000001907349,217.3238547,1.6207381,6.23394,ZTF19aapvvsp
2459623.9606481,2,1869460641515,19.814800262451172,/ztf/archive/sci/2022/0213/460637/ztf_20220213460637_000478_zr_c04_o_q4_scimrefdiffimg.fits.fz,Kulkarni,1,1869,15,478,26.199399948120117,5.194519872020464e-06,0.0256763007491827,0.1072390004992485,9.883109669317491e-06,t17_f5_c3,,,,,,,,,,,,,,,,,,,,,,,,,,,,,,,,,,,,,,,ZTF19aapvvsp
2459623.9989236,1,1869498921515,19.81049919128418,/ztf/archive/sci/2022/0213/498912/ztf_20220213498912_000478_zg_c04_o_q4_scimrefdiffimg.fits.fz,Kulkarni,1,1869,15,478,26.250099182128906,9.1511801656452e-06,0.0326882004737854,-0.06480869650840759,1.9454200810287148e-05,t17_f5_c3,1.869498921515015e+18,t,1.0,1454.989990234375,264.3760070800781,217.3238922,1.6207208,20.12809944152832,0.32138898968696594,1.0866600275039673,20.062700271606445,0.45399999618530273,0.1468620002269745,19.424999237060547,0.026000000536441803,0.8569999933242798,0.04699999839067459,-0.2058580070734024,-0.06538499891757965,1.3498300313949585,0.9660000205039978,264.3760070800781,-0.2522459924221039,2.0,0.6190000176429749,0.460999995470047,0.4585759937763214,0.34152400493621826,1.3427300453186035,7.0,0.0,0.9014289975166321,0.7817549705505371,19.95479965209961,0.5277000069618225,217.3238547,1.6207381,5.72775,ZTF19aapvvsp
2459625.8843866,1,1871384381515,18.958099365234375,/ztf/archive/sci/2022/0215/384375/ztf_20220215384375_000478_zg_c04_o_q4_scimrefdiffimg.fits.fz,Kulkarni,1,1871,15,478,26.21269989013672,2.729419975366909e-05,0.043335698544979095,-0.03778659924864769,6.946759822312742e-05,t17_f5_c3,,,,,,,,,,,,,,,,,,,,,,,,,,,,,,,,,,,,,,,ZTF19aapvvsp
2459625.9639236,2,1871463921515,19.582399368286133,/ztf/archive/sci/2022/0215/463924/ztf_20220215463924_000478_zr_c04_o_q4_scimrefdiffimg.fits.fz,Kulkarni,1,1871,15,478,26.218299865722656,6.099070105847204e-06,0.027653900906443596,0.09642879664897919,1.1588400411710609e-05,t17_f5_c3,,,,,,,,,,,,,,,,,,,,,,,,,,,,,,,,,,,,,,,ZTF19aapvvsp
2459628.8737153,1,1874373711515,18.8799991607666,/ztf/archive/sci/2022/0218/373704/ztf_20220218373704_000478_zg_c04_o_q4_scimrefdiffimg.fits.fz,Kulkarni,1,1874,15,478,26.191999435424805,2.4638600734760985e-05,0.03927459940314293,-0.030701499432325363,6.660250073764473e-05,t17_f5_c3,,,,,,,,,,,,,,,,,,,,,,,,,,,,,,,,,,,,,,,ZTF19aapvvsp
2459628.9305671,2,1874430561515,19.00659942626953,/ztf/archive/sci/2022/0218/430556/ztf_20220218430556_000478_zr_c04_o_q4_scimrefdiffimg.fits.fz,Kulkarni,1,1874,15,478,26.196699142456055,1.8307500795344822e-05,0.04380270093679428,0.0907663032412529,3.4947199310408905e-05,t17_f5_c3,,,,,,,,,,,,,,,,,,,,,,,,,,,,,,,,,,,,,,,ZTF19aapvvsp
2459630.8586458,2,1876358641515,19.388700485229492,/ztf/archive/sci/2022/0220/358623/ztf_20220220358623_000478_zr_c04_o_q4_scimrefdiffimg.fits.fz,Kulkarni,1,1876,15,478,26.150299072265625,1.0041600035037845e-05,0.03558709844946861,0.11460600048303604,1.890679959615227e-05,t17_f5_c3,,,,,,,,,,,,,,,,,,,,,,,,,,,,,,,,,,,,,,,ZTF19aapvvsp
2459630.9404398,1,1876440431515,19.71430015563965,/ztf/archive/sci/2022/0220/440417/ztf_20220220440417_000478_zg_c04_o_q4_scimrefdiffimg.fits.fz,Kulkarni,1,1876,15,478,26.3075008392334,1.5267600247170776e-05,0.04050320014357567,-0.02762169949710369,3.5228800697950646e-05,t17_f5_c3,1.876440431515015e+18,t,0.0,1440.81005859375,276.3479919433594,217.3237792,1.6206981,19.688499450683594,0.2224230021238327,1.009469985961914,19.705400466918945,0.43320000171661377,0.3039889931678772,19.424999237060547,0.026000000536441803,0.8569999933242798,0.04699999839067459,0.2839230000972748,0.016905000433325768,1.1097500324249268,0.7459999918937683,276.3479919433594,0.008918000385165215,2.0,0.6600000262260437,0.6010000109672546,0.5947309732437134,0.5415650010108948,1.0981700420379639,7.0,0.0,0.8842859864234924,0.8965269923210144,19.64419937133789,0.526199996471405,217.3238547,1.6207381,7.00787,ZTF19aapvvsp
2459719.8191088,2,1965319101515,20.123300552368164,/ztf/archive/sci/2022/0520/319097/ztf_20220520319097_000478_zr_c04_o_q4_scimrefdiffimg.fits.fz,Kulkarni,1,1965,15,478,26.179899215698242,5.138860160514014e-06,0.02556850016117096,0.08359940350055695,9.725140444061253e-06,t17_f5_c3,,,,,,,,,,,,,,,,,,,,,,,,,,,,,,,,,,,,,,,ZTF19aapvvsp
2459722.8151389,1,1968315131515,20.540800094604492,/ztf/archive/sci/2022/0523/315093/ztf_20220523315093_000478_zg_c04_o_q4_scimrefdiffimg.fits.fz,Kulkarni,1,1968,15,478,26.271099090576172,9.299389603256714e-06,0.03432770073413849,-0.08898819983005524,1.7666099665802903e-05,t17_f5_c3,1.968315131515015e+18,t,2.0,1449.469970703125,251.8090057373047,217.3238962,1.6206823,20.11910057067871,0.15123499929904938,1.748329997062683,19.85219955444336,0.2037000060081482,0.24748900532722473,19.424999237060547,0.026000000536441803,0.8569999933242798,0.04699999839067459,0.38765400648117065,-0.2668690085411072,2.3499999046325684,0.6919999718666077,251.8090057373047,0.6885579824447632,1.09266996383667,0.8339999914169312,0.8040000200271606,0.3548940122127533,0.3421280086040497,1.037310004234314,5.0,0.0,0.8999999761581421,0.9616659879684448,19.71179962158203,0.22859999537467957,217.3238547,1.6207381,10.1801,ZTF19aapvvsp
2459722.9002894,1,1968400281515,20.013900756835938,/ztf/archive/sci/2022/0523/400266/ztf_20220523400266_000478_zg_c04_o_q4_scimrefdiffimg.fits.fz,Kulkarni,1,1968,15,478,26.182300567626953,1.2040600267937407e-05,0.03804079815745354,-0.09312249720096588,2.5167699277517386e-05,t17_f5_c3,1.968400281515015e+18,t,1.0,1419.1199951171875,227.48199462890625,217.3238896,1.6208075,20.115299224853516,0.28195899724960327,1.3620799779891968,20.625999450683594,0.5719000101089478,0.2763980031013489,19.424999237060547,0.026000000536441803,0.8569999933242798,0.04699999839067459,0.3610459864139557,0.5106959939002991,1.4983899593353271,0.5,227.48199462890625,-0.6121259927749634,2.0,0.7440000176429749,0.6019999980926514,0.49653100967407227,0.401762992143631,1.2358800172805786,7.0,0.0,0.9185709953308105,0.840133011341095,20.188899993896484,0.4903999865055084,217.3238547,1.6207381,5.38524,ZTF19aapvvsp
2459724.7961921,2,1970296191515,20.561800003051758,/ztf/archive/sci/2022/0525/296181/ztf_20220525296181_000478_zr_c04_o_q4_scimrefdiffimg.fits.fz,Kulkarni,1,1970,15,478,26.154399871826172,5.768350092694163e-06,0.026988400146365166,0.09015139937400818,1.0874099643842783e-05,t17_f5_c3,,,,,,,,,,,,,,,,,,,,,,,,,,,,,,,,,,,,,,,ZTF19aapvvsp
2459724.816956,1,1970316951515,20.454700469970703,/ztf/archive/sci/2022/0525/316956/ztf_20220525316956_000478_zg_c04_o_q4_scimrefdiffimg.fits.fz,Kulkarni,1,1970,15,478,26.24180030822754,1.0509699677641038e-05,0.03618200123310089,-0.1038609966635704,2.0072700863238424e-05,t17_f5_c3,,,,,,,,,,,,,,,,,,,,,,,,,,,,,,,,,,,,,,,ZTF19aapvvsp
2459726.8162731,1,1972316271515,20.63249969482422,/ztf/archive/sci/2022/0527/316227/ztf_20220527316227_000478_zg_c04_o_q4_scimrefdiffimg.fits.fz,Kulkarni,1,1972,15,478,26.31290054321289,8.979330232250504e-06,0.03385299816727638,-0.09641470015048981,1.705249997030478e-05,t17_f5_c3,1.972316271515015e+18,t,0.0,1449.8499755859375,252.1199951171875,217.3238667,1.6207288,20.184900283813477,0.18882699310779572,1.359910011291504,20.474000930786133,0.3343999981880188,0.053911998867988586,19.424999237060547,0.026000000536441803,0.8569999933242798,0.04699999839067459,0.7132459878921509,0.289122998714447,1.5800000429153442,0.8339999914169312,252.1199951171875,0.15849199891090393,1.609529972076416,0.6230000257492065,0.5460000038146973,0.3943040072917938,0.34556999802589417,1.141029953956604,6.0,0.0,0.9628570079803467,0.9262809753417969,20.44610023498535,0.4163999855518341,217.3238547,1.6207381,7.02283,ZTF19aapvvsp
2459726.85625,2,1972356241515,20.438400268554688,/ztf/archive/sci/2022/0527/356250/ztf_20220527356250_000478_zr_c04_o_q4_scimrefdiffimg.fits.fz,Kulkarni,1,1972,15,478,26.178499221801758,3.7533300201175734e-06,0.021787600591778755,0.08664490282535553,7.053759873087984e-06,t17_f5_c3,,,,,,,,,,,,,,,,,,,,,,,,,,,,,,,,,,,,,,,ZTF19aapvvsp
2459729.8752083,1,1975375201515,19.957799911499023,/ztf/archive/sci/2022/0530/375208/ztf_20220530375208_000478_zg_c04_o_q4_scimrefdiffimg.fits.fz,Kulkarni,1,1975,15,478,26.182899475097656,1.3397800103120971e-05,0.038888100534677505,-0.0642440989613533,2.9726799766649492e-05,t17_f5_c3,1.975375201515015e+18,t,0.0,1421.719970703125,273.9670104980469,217.323969,1.6206016,20.181900024414062,0.3089370131492615,0.7738230228424072,20.451799392700195,0.42160001397132874,0.6330839991569519,19.424999237060547,0.026000000536441803,0.8569999933242798,0.04699999839067459,0.49963000416755676,0.2699199914932251,3.2699999809265137,0.47999998927116394,273.9670104980469,-0.49398601055145264,1.1184600591659546,1.2269999980926514,0.9620000123977661,0.37522900104522705,0.294189989566803,1.2754700183868408,1.0,0.0,0.7171429991722107,1.0,19.974899291992188,0.3483000099658966,217.3238547,1.6207381,6.48936,ZTF19aapvvsp
2459731.8181829,1,1977318181515,20.253999710083008,/ztf/archive/sci/2022/0601/318183/ztf_20220601318183_000478_zg_c04_o_q4_scimrefdiffimg.fits.fz,Kulkarni,1,1977,15,478,26.274799346923828,1.0645600013958756e-05,0.036183200776576996,-0.0872419998049736,2.1247700715321116e-05,t17_f5_c3,1.977318181515015e+18,t,8.0,1458.5400390625,259.6470031738281,217.3239241,1.6206394,20.32379913330078,0.3346230089664459,1.1958199739456177,20.679800033569336,0.4713999927043915,0.4291040003299713,19.424999237060547,0.026000000536441803,0.8569999933242798,0.04699999839067459,3.3795199394226074,0.35596001148223877,1.5409899950027466,0.6190000176429749,259.6470031738281,-0.42578598856925964,2.0,0.6819999814033508,0.5789999961853027,0.4425719976425171,0.3757320046424866,1.1778899431228638,10.0,0.0,0.8700000047683716,0.8610129952430725,21.03890037536621,0.8396000266075134,217.3238547,1.6207381,7.74615,ZTF19aapvvsp
2459733.7320139,2,1979232011515,20.390199661254883,/ztf/archive/sci/2022/0603/232014/ztf_20220603232014_000478_zr_c04_o_q4_scimrefdiffimg.fits.fz,Kulkarni,1,1979,15,478,26.21470069885254,4.914069904771168e-06,0.02489349991083145,0.07752460241317749,9.33938008529367e-06,t17_f5_c3,,,,,,,,,,,,,,,,,,,,,,,,,,,,,,,,,,,,,,,ZTF19aapvvsp
2459735.769537,2,1981269531515,20.51099967956543,/ztf/archive/sci/2022/0605/269537/ztf_20220605269537_000478_zr_c04_o_q4_scimrefdiffimg.fits.fz,Kulkarni,1,1981,15,478,26.173999786376953,3.813940111285774e-06,0.021886000409722328,0.09138959646224976,7.260819984367117e-06,t17_f5_c3,,,,,,,,,,,,,,,,,,,,,,,,,,,,,,,,,,,,,,,ZTF19aapvvsp
2459735.7738889,1,1981273881515,20.604400634765625,/ztf/archive/sci/2022/0605/273808/ztf_20220605273808_000478_zg_c04_o_q4_scimrefdiffimg.fits.fz,Kulkarni,1,1981,15,478,26.320499420166016,1.0427000233903527e-05,0.03604330122470856,-0.10865999758243561,1.9941600839956664e-05,t17_f5_c3,1.981273881515015e+18,t,0.0,1462.1800537109375,272.4670104980469,217.3239488,1.6207115,20.25749969482422,0.1790889948606491,1.4073200225830078,20.15880012512207,0.2558000087738037,0.34777700901031494,19.424999237060547,0.026000000536441803,0.8569999933242798,0.04699999839067459,0.29148998856544495,-0.0986969992518425,1.2764899730682373,0.8840000033378601,272.4670104980469,0.44558000564575195,2.0,0.671999990940094,0.593999981880188,0.5264449715614319,0.4653399884700775,1.131309986114502,9.0,0.0,0.9314290285110474,0.8715270161628723,20.08810043334961,0.30630001425743103,217.3238547,1.6207381,7.78145,ZTF19aapvvsp
2459737.6912037,1,1983191201515,20.18440055847168,/ztf/archive/sci/2022/0607/191192/ztf_20220607191192_000478_zg_c04_o_q4_scimrefdiffimg.fits.fz,Kulkarni,1,1983,15,478,26.343299865722656,1.2483100363169797e-05,0.03908190131187439,-0.12151899933815002,2.5181800083373673e-05,t17_f5_c3,,,,,,,,,,,,,,,,,,,,,,,,,,,,,,,,,,,,,,,ZTF19aapvvsp
2459737.7286227,2,1983228621515,20.463199615478516,/ztf/archive/sci/2022/0607/228611/ztf_20220607228611_000478_zr_c04_o_q4_scimrefdiffimg.fits.fz,Kulkarni,1,1983,15,478,26.21470069885254,5.532740033231676e-06,0.02657270058989525,0.08392789959907532,1.0548799764364958e-05,t17_f5_c3,,,,,,,,,,,,,,,,,,,,,,,,,,,,,,,,,,,,,,,ZTF19aapvvsp
2459739.6901273,1,1985190121515,19.724599838256836,/ztf/archive/sci/2022/0609/190116/ztf_20220609190116_000478_zg_c04_o_q4_scimrefdiffimg.fits.fz,Kulkarni,1,1985,15,478,26.34480094909668,1.569860069139395e-05,0.039401400834321976,-0.11280199885368347,3.8124100683489814e-05,t17_f5_c3,1.985190121515015e+18,t,2.0,1491.1800537109375,251.41600036621094,217.3238636,1.6207327,19.743799209594727,0.22301499545574188,1.5621800422668457,20.00309944152832,0.4390999972820282,0.05379699915647507,19.424999237060547,0.026000000536441803,0.8569999933242798,0.04699999839067459,0.9894629716873169,0.259319007396698,1.4293700456619263,0.7720000147819519,251.41600036621094,-0.27853599190711975,2.0,0.7350000143051147,0.5989999771118164,0.5142139792442322,0.41906699538230896,1.2270499467849731,6.0,0.0,0.9142860174179077,0.8931859731674194,20.438100814819336,0.8409000039100647,217.3238547,1.6207381,6.24017,ZTF19aapvvsp
2459739.7515278,2,1985251521515,19.956899642944336,/ztf/archive/sci/2022/0609/251481/ztf_20220609251481_000478_zr_c04_o_q4_scimrefdiffimg.fits.fz,Kulkarni,1,1985,15,478,26.19260025024414,8.945549780037254e-06,0.033760201185941696,0.08137030154466629,1.6923999282880686e-05,t17_f5_c3,,,,,,,,,,,,,,,,,,,,,,,,,,,,,,,,,,,,,,,ZTF19aapvvsp
2459742.8403935,1,1988340391515,18.7268009185791,/ztf/archive/sci/2022/0612/340382/ztf_20220612340382_000478_zg_c04_o_q4_scimrefdiffimg.fits.fz,Kulkarni,1,1988,15,478,26.140600204467773,3.7738798710051924e-05,0.047954898327589035,-0.047769900411367416,0.00010585800191620365,t17_f5_c3,,,,,,,,,,,,,,,,,,,,,,,,,,,,,,,,,,,,,,,ZTF19aapvvsp
2459744.7431366,1,1990243131515,18.869199752807617,/ztf/archive/sci/2022/0614/243125/ztf_20220614243125_000478_zg_c04_o_q4_scimrefdiffimg.fits.fz,Kulkarni,1,1990,15,478,26.304800033569336,3.2744399504736066e-05,0.04440480098128319,-0.06021520122885704,9.00033992365934e-05,t17_f5_c3,,,,,,,,,,,,,,,,,,,,,,,,,,,,,,,,,,,,,,,ZTF19aapvvsp
2459707.7976042,2,1953297601515,20.116600036621094,/ztf/archive/sci/2022/0508/297604/ztf_20220508297604_000478_zr_c04_o_q4_scimrefdiffimg.fits.fz,Kulkarni,1,1953,15,478,26.195100784301758,5.345630142983282e-06,0.026206299662590027,0.09484829753637314,1.01057003121241e-05,t17_f5_c3,,,,,,,,,,,,,,,,,,,,,,,,,,,,,,,,,,,,,,,ZTF19aapvvsp
2459707.8401505,2,1953340151515,20.332700729370117,/ztf/archive/sci/2022/0508/340150/ztf_20220508340150_000478_zr_c04_o_q4_scimrefdiffimg.fits.fz,Kulkarni,1,1953,15,478,26.191699981689453,3.897040187439416e-06,0.022281499579548836,0.09977789968252182,7.3478399826854e-06,t17_f5_c3,,,,,,,,,,,,,,,,,,,,,,,,,,,,,,,,,,,,,,,ZTF19aapvvsp
2459709.8417593,2,1955341751515,19.83609962463379,/ztf/archive/sci/2022/0510/341748/ztf_20220510341748_000478_zr_c04_o_q4_scimrefdiffimg.fits.fz,Kulkarni,1,1955,15,478,26.116899490356445,5.342869826563401e-06,0.02609349973499775,0.09277179837226868,1.0155000381928403e-05,t17_f5_c3,,,,,,,,,,,,,,,,,,,,,,,,,,,,,,,,,,,,,,,ZTF19aapvvsp
2459709.8814583,2,1955381451515,20.15180015563965,/ztf/archive/sci/2022/0510/381447/ztf_20220510381447_000478_zr_c04_o_q4_scimrefdiffimg.fits.fz,Kulkarni,1,1955,15,478,26.1697998046875,3.955180090997601e-06,0.02237739972770214,0.08876849710941315,7.4771901381609496e-06,t17_f5_c3,,,,,,,,,,,,,,,,,,,,,,,,,,,,,,,,,,,,,,,ZTF19aapvvsp
2459711.736412,1,1957236411515,19.486299514770508,/ztf/archive/sci/2022/0512/236412/ztf_20220512236412_000478_zg_c04_o_q4_scimrefdiffimg.fits.fz,Kulkarni,1,1957,15,478,26.295000076293945,1.8246799299959093e-05,0.04294690117239952,-0.09290499985218048,4.460900163394399e-05,t17_f5_c3,1.957236411515015e+18,t,0.0,1423.739990234375,272.8840026855469,217.3238698,1.6207385,19.774999618530273,0.25279301404953003,0.605334997177124,19.622299194335938,0.3935999870300293,0.05370600149035454,19.424999237060547,0.026000000536441803,0.8569999933242798,0.04699999839067459,1.6208800077438354,-0.15265800058841705,2.0399999618530273,0.7599999904632568,272.8840026855469,-0.1359650045633316,1.369570016860962,0.8899999856948853,0.722000002861023,0.43627500534057617,0.3539220094680786,1.2326899766921997,4.0,0.0,0.9057139754295349,0.9946839809417725,19.858600616455078,0.628000020980835,217.3238547,1.6207381,6.90783,ZTF19aapvvsp
2459711.8122801,2,1957312281515,19.046899795532227,/ztf/archive/sci/2022/0512/312234/ztf_20220512312234_000478_zr_c04_o_q4_scimrefdiffimg.fits.fz,Kulkarni,1,1957,15,478,26.178699493408203,1.928409983520396e-05,0.04481099918484688,0.08593709766864777,3.7048299418529496e-05,t17_f5_c3,,,,,,,,,,,,,,,,,,,,,,,,,,,,,,,,,,,,,,,ZTF19aapvvsp
2459714.8385995,2,1960338591515,18.68720054626465,/ztf/archive/sci/2022/0515/338588/ztf_20220515338588_000478_zr_c04_o_q4_scimrefdiffimg.fits.fz,Kulkarni,1,1960,15,478,26.191200256347656,1.7844800822786056e-05,0.04477990046143532,0.08458969742059708,3.4202799724880606e-05,t17_f5_c3,,,,,,,,,,,,,,,,,,,,,,,,,,,,,,,,,,,,,,,ZTF19aapvvsp
2459717.733669,2,1963233661515,19.828699111938477,/ztf/archive/sci/2022/0518/233669/ztf_20220518233669_000478_zr_c04_o_q4_scimrefdiffimg.fits.fz,Kulkarni,1,1963,15,478,26.16990089416504,6.9347302087408025e-06,0.029764600098133087,0.08458729833364487,1.3169999874662608e-05,t17_f5_c3,,,,,,,,,,,,,,,,,,,,,,,,,,,,,,,,,,,,,,,ZTF19aapvvsp
2459717.8325926,1,1963332591515,19.459400177001953,/ztf/archive/sci/2022/0518/332581/ztf_20220518332581_000478_zg_c04_o_q4_scimrefdiffimg.fits.fz,Kulkarni,1,1963,15,478,26.223499298095703,2.0145500457147136e-05,0.04598870128393173,-0.06746959686279297,4.8402300308225676e-05,t17_f5_c3,,,,,,,,,,,,,,,,,,,,,,,,,,,,,,,,,,,,,,,ZTF19aapvvsp
2459637.8796875,1,1883379681515,20.016599655151367,/ztf/archive/sci/2022/0227/379676/ztf_20220227379676_000478_zg_c04_o_q4_scimrefdiffimg.fits.fz,Kulkarni,1,1883,15,478,26.227500915527344,1.1080300282628741e-05,0.03573780134320259,-0.03410030156373978,2.3944499844219536e-05,t17_f5_c3,1.883379681515015e+18,t,15.0,1421.3599853515625,280.31298828125,217.3238235,1.6206755,19.800500869750977,0.17824099957942963,0.891556978225708,19.581300735473633,0.1876000016927719,0.24857200682163239,19.424999237060547,0.026000000536441803,0.8569999933242798,0.04699999839067459,0.27552899718284607,-0.2191620022058487,4.21999979019165,0.7789999842643738,280.31298828125,0.4353240132331848,0.8315939903259277,1.5160000324249268,1.2489999532699585,0.3592419922351837,0.29597198963165283,1.2137700319290161,1.0,0.0,0.5400000214576721,1.0,19.5802001953125,0.2393999993801117,217.3238547,1.6207381,8.71717,ZTF19aapvvsp
2459637.9234259,2,1883423421515,20.10219955444336,/ztf/archive/sci/2022/0227/423414/ztf_20220227423414_000478_zr_c04_o_q4_scimrefdiffimg.fits.fz,Kulkarni,1,1883,15,478,26.173799514770508,4.992580215912312e-06,0.024961799383163452,0.09145209938287735,9.484620022703893e-06,t17_f5_c3,,,,,,,,,,,,,,,,,,,,,,,,,,,,,,,,,,,,,,,ZTF19aapvvsp
2459639.9206019,1,1885420601515,19.98590087890625,/ztf/archive/sci/2022/0301/420590/ztf_20220301420590_000478_zg_c04_o_q4_scimrefdiffimg.fits.fz,Kulkarni,1,1885,15,478,26.285999298095703,1.563580008223653e-05,0.04162659868597984,-0.042716000229120255,3.449129872024059e-05,t17_f5_c3,1.885420601515015e+18,t,3.0,1459.300048828125,262.6579895019531,217.3239602,1.6206699,19.8799991607666,0.23405300080776215,1.1246700286865234,19.61479949951172,0.17239999771118164,0.45403701066970825,19.424999237060547,0.026000000536441803,0.8569999933242798,0.04699999839067459,0.24308699369430542,-0.26515400409698486,4.650000095367432,0.7490000128746033,262.6579895019531,0.3710780143737793,0.8747900128364563,1.6230000257492065,1.2480000257492065,0.3490320146083832,0.26838698983192444,1.3004800081253052,3.0,0.0,0.41857099533081055,1.0,19.706600189208984,0.23919999599456787,217.3238547,1.6207381,8.43437,ZTF19aapvvsp
2459639.9609144,2,1885460911515,19.848899841308594,/ztf/archive/sci/2022/0301/460903/ztf_20220301460903_000478_zr_c04_o_q4_scimrefdiffimg.fits.fz,Kulkarni,1,1885,15,478,26.21430015563965,6.586089966731379e-06,0.028737999498844147,0.09501360356807709,1.2526599675766192e-05,t17_f5_c3,1.885460911515015e+18,t,0.0,1447.0799560546875,275.74200439453125,217.3240569,1.6207519,20.053300857543945,0.23904800415039062,0.5050399899482727,20.123199462890625,0.3375999927520752,0.7299759984016418,18.761999130249023,0.03400000184774399,1.5499999523162842,0.17299999296665192,0.13944700360298157,0.06989999860525131,1.8679800033569336,0.5139999985694885,275.74200439453125,-0.2742899954319,2.0,1.1260000467300415,1.0700000524520874,0.6027899980545044,0.5728110074996948,1.052340030670166,1.0,0.0,0.75142902135849,1.0,20.44849967956543,0.5827000141143799,217.3238542,1.6207195,5.69558,ZTF19aapvvsp
2459641.903588,2,1887403581515,20.397600173950195,/ztf/archive/sci/2022/0303/403576/ztf_20220303403576_000478_zr_c04_o_q4_scimrefdiffimg.fits.fz,Kulkarni,1,1887,15,478,26.19300079345703,3.7129900647414615e-06,0.02159460075199604,0.09925729781389236,6.986970220168587e-06,t17_f5_c3,1.887403581515015e+18,1,7.0,1453.780029296875,264.0119934082031,217.3238869,1.6207053,19.94099998474121,0.19509300589561462,1.2941499948501587,20.50029945373535,0.46129998564720154,0.12673400342464447,18.761999130249023,0.03400000184774399,1.5499999523162842,0.17299999296665192,0.3155539929866791,0.5593090057373047,1.1720199584960938,0.9750000238418579,264.0119934082031,-0.10269299894571304,2.0,0.6000000238418579,0.48399999737739563,0.5119360089302063,0.4129610061645508,1.2396700382232666,5.0,0.0,0.947143018245697,0.9081379771232605,20.401100158691406,0.5375999808311462,217.3238542,1.6207195,6.70915,ZTF19aapvvsp
2459752.7779282,2,1998277921515,20.231000900268555,/ztf/archive/sci/2022/0622/277928/ztf_20220622277928_000478_zr_c04_o_q4_scimrefdiffimg.fits.fz,Kulkarni,1,1998,15,478,26.061100006103516,4.87729994347319e-06,0.024900099262595177,0.096213698387146,9.210149983118754e-06,t17_f5_c3,,,,,,,,,,,,,,,,,,,,,,,,,,,,,,,,,,,,,,,ZTF19aapvvsp
2459754.6875926,2,2000187591515,20.15049934387207,/ztf/archive/sci/2022/0624/187199/ztf_20220624187199_000478_zr_c04_o_q4_scimrefdiffimg.fits.fz,Kulkarni,1,2000,15,478,26.21419906616211,5.097149823996006e-06,0.025435499846935272,0.08388160169124603,9.586019587004557e-06,t17_f5_c3,2.000187591515015e+18,t,1.0,1456.4000244140625,249.11300659179688,217.3239126,1.6207429,20.184200286865234,0.23097500205039978,1.0776499509811401,20.08289909362793,0.3434999883174896,0.22175200283527374,18.761999130249023,0.03400000184774399,1.5499999523162842,0.17299999296665192,0.06310799717903137,-0.10126200318336487,1.3416199684143066,0.8339999914169312,249.11300659179688,0.06755399703979492,2.0,0.8500000238418579,0.6690000295639038,0.6335629820823669,0.49865201115608215,1.270550012588501,5.0,0.0,0.9657139778137207,0.9854639768600464,19.990400314331055,0.4032000005245209,217.3238542,1.6207195,5.11227,ZTF19aapvvsp
2459754.7325,1,2000232491515,20.434900283813477,/ztf/archive/sci/2022/0624/232488/ztf_20220624232488_000478_zg_c04_o_q4_scimrefdiffimg.fits.fz,Kulkarni,1,2000,15,478,26.2987003326416,9.120850336330477e-06,0.03398500010371208,-0.0689593032002449,1.7280599422520027e-05,t17_f5_c3,2.000232491515015e+18,t,1.0,1447.8800048828125,255.4029998779297,217.3239574,1.620745,19.933700561523438,0.14227800071239471,1.03548002243042,19.552400588989258,0.1728000044822693,0.3659619987010956,19.424999237060547,0.026000000536441803,0.8569999933242798,0.04699999839067459,0.2724980115890503,-0.3813210129737854,2.069999933242798,0.9800000190734863,255.4029998779297,0.8825060129165649,1.2201000452041626,0.875,0.8360000252723694,0.4227049946784973,0.4038650095462799,1.0466500520706177,3.0,0.0,0.8471429944038391,1.0,19.412500381469727,0.19419999420642853,217.3238547,1.6207381,7.57886,ZTF19aapvvsp
2459756.7121991,2,2002212191515,20.542999267578125,/ztf/archive/sci/2022/0626/212188/ztf_20220626212188_000478_zr_c04_o_q4_scimrefdiffimg.fits.fz,Kulkarni,1,2002,15,478,26.206199645996094,5.099199825053802e-06,0.02540390007197857,0.08949770033359528,9.673690328781959e-06,t17_f5_c3,,,,,,,,,,,,,,,,,,,,,,,,,,,,,,,,,,,,,,,ZTF19aapvvsp
2459758.7879977,2,2004287991515,20.03499984741211,/ztf/archive/sci/2022/0628/287975/ztf_20220628287975_000478_zr_c04_o_q4_scimrefdiffimg.fits.fz,Kulkarni,1,2004,15,478,26.053499221801758,4.9541199587110896e-06,0.02505980059504509,0.09774299710988998,9.372450222144835e-06,t17_f5_c3,,,,,,,,,,,,,,,,,,,,,,,,,,,,,,,,,,,,,,,ZTF19aapvvsp
2459760.7148727,1,2006214871515,20.48270034790039,/ztf/archive/sci/2022/0630/214861/ztf_20220630214861_000478_zg_c04_o_q4_scimrefdiffimg.fits.fz,Kulkarni,1,2006,15,478,26.26490020751953,9.811199561227113e-06,0.03530430048704147,-0.0707324966788292,1.8857499526347965e-05,t17_f5_c3,2.006214871515015e+18,t,2.0,1475.739990234375,244.343994140625,217.3239274,1.6207065,19.971900939941406,0.16255700588226318,1.222309947013855,19.89459991455078,0.22779999673366547,0.2835879921913147,19.424999237060547,0.026000000536441803,0.8569999933242798,0.04699999839067459,0.2781130075454712,-0.07727199792861938,1.7899999618530273,0.9449999928474426,244.343994140625,0.5880879759788513,1.4039499759674072,0.765999972820282,0.6729999780654907,0.427933007478714,0.3759779930114746,1.1381900310516357,3.0,0.0,0.9485710263252258,0.9890220165252686,19.756099700927734,0.2563000023365021,217.3238547,1.6207381,8.10709,ZTF19aapvvsp
2459762.7066782,1,2008206671515,20.53969955444336,/ztf/archive/sci/2022/0702/206667/ztf_20220702206667_000478_zg_c04_o_q4_scimrefdiffimg.fits.fz,Kulkarni,1,2008,15,478,26.31279945373535,7.718020242464263e-06,0.031599000096321106,-0.07771019637584686,1.4604100215365179e-05,t17_f5_c3,2.008206671515015e+18,t,1.0,1471.3699951171875,238.90899658203125,217.3239258,1.6207141,19.924800872802734,0.14438900351524353,1.2680699825286865,20.05769920349121,0.25540000200271606,0.2666420042514801,19.424999237060547,0.026000000536441803,0.8569999933242798,0.04699999839067459,0.5097129940986633,0.13293099403381348,1.8799999952316284,0.9850000143051147,238.90899658203125,0.48203399777412415,1.316540002822876,0.7450000047683716,0.6520000100135803,0.3962770104408264,0.3468089997768402,1.1426399946212769,4.0,0.0,0.9528570175170898,0.9995819926261902,19.95039939880371,0.2953999936580658,217.3238547,1.6207381,10.626,ZTF19aapvvsp
2459762.736713,2,2008236711515,20.244300842285156,/ztf/archive/sci/2022/0702/236713/ztf_20220702236713_000478_zr_c04_o_q4_scimrefdiffimg.fits.fz,Kulkarni,1,2008,15,478,26.18589973449707,4.035990059492178e-06,0.022521600127220154,0.09610240161418915,7.541249942732975e-06,t17_f5_c3,,,,,,,,,,,,,,,,,,,,,,,,,,,,,,,,,,,,,,,ZTF19aapvvsp
2459764.7152778,1,2010215271515,20.15019989013672,/ztf/archive/sci/2022/0704/215266/ztf_20220704215266_000478_zg_c04_o_q4_scimrefdiffimg.fits.fz,Kulkarni,1,2010,15,478,26.3164005279541,1.2257500202395022e-05,0.038454800844192505,-0.08889680355787277,2.546259929658845e-05,t17_f5_c3,2.010215271515015e+18,t,2.0,1492.489990234375,252.7100067138672,217.3239373,1.6206586,19.805400848388672,0.17620700597763062,1.4010599851608276,19.968000411987305,0.26260000467300415,0.40767401456832886,19.424999237060547,0.026000000536441803,0.8569999933242798,0.04699999839067459,0.6897500157356262,0.16261300444602966,2.940000057220459,0.8870000243186951,252.7100067138672,0.1822430044412613,1.0751299858093262,0.8769999742507935,0.8309999704360962,0.29829901456832886,0.28265300393104553,1.0553499460220337,3.0,0.0,0.9371430277824402,0.9936209917068481,20.008899688720703,0.34850001335144043,217.3238547,1.6207381,10.3784,ZTF19aapvvsp
2459764.7731713,2,2010273171515,20.215099334716797,/ztf/archive/sci/2022/0704/273160/ztf_20220704273160_000478_zr_c04_o_q4_scimrefdiffimg.fits.fz,Kulkarni,1,2010,15,478,26.177099227905273,3.913819909939775e-06,0.022267300635576248,0.08970259875059128,7.385269782389514e-06,t17_f5_c3,,,,,,,,,,,,,,,,,,,,,,,,,,,,,,,,,,,,,,,ZTF19aapvvsp
2459766.6916204,1,2012191621515,20.087200164794922,/ztf/archive/sci/2022/0706/191609/ztf_20220706191609_000478_zg_c04_o_q4_scimrefdiffimg.fits.fz,Kulkarni,1,2012,15,478,26.324100494384766,1.1864300176966935e-05,0.03781919926404953,-0.097537100315094,2.4550099624320865e-05,t17_f5_c3,2.012191621515015e+18,t,2.0,1488.1400146484375,260.0150146484375,217.3238831,1.6207476,19.895099639892578,0.1890770047903061,1.1099799871444702,20.137399673461914,0.35760000348091125,0.10634399950504303,19.424999237060547,0.026000000536441803,0.8569999933242798,0.04699999839067459,0.32198500633239746,0.24233399331569672,2.2300000190734863,0.6299999952316284,260.0150146484375,-0.050216998904943466,1.28193998336792,0.6819999814033508,0.6449999809265137,0.3058300018310547,0.28923800587654114,1.057360053062439,6.0,0.0,0.945713996887207,0.917631983757019,20.19969940185547,0.48510000109672546,217.3238547,1.6207381,6.75277,ZTF19aapvvsp
2459769.7562963,1,2015256291515,19.527799606323242,/ztf/archive/sci/2022/0709/256285/ztf_20220709256285_000478_zg_c04_o_q4_scimrefdiffimg.fits.fz,Kulkarni,1,2015,15,478,26.231199264526367,1.6505999155924655e-05,0.04266880080103874,-0.057484399527311325,3.8349298847606406e-05,t17_f5_c3,,,,,,,,,,,,,,,,,,,,,,,,,,,,,,,,,,,,,,,ZTF19aapvvsp
2459771.7289931,1,2017228991515,19.383899688720703,/ztf/archive/sci/2022/0711/228993/ztf_20220711228993_000478_zg_c04_o_q4_scimrefdiffimg.fits.fz,Kulkarni,1,2017,15,478,26.262300491333008,1.8930000805994496e-05,0.04406600072979927,-0.03990999981760979,4.5641099859494716e-05,t17_f5_c3,2.017228991515015e+18,t,0.0,1430.9200439453125,228.3280029296875,217.3238331,1.6208622,19.503299713134766,0.21051999926567078,1.068269968032837,19.078399658203125,0.2784999907016754,0.4478519856929779,19.424999237060547,0.026000000536441803,0.8569999933242798,0.04699999839067459,0.7360159754753113,-0.4248799979686737,2.5199999809265137,0.7630000114440918,228.3280029296875,0.30548200011253357,1.0440200567245483,0.7599999904632568,0.6460000276565552,0.30158698558807373,0.25634899735450745,1.1764700412750244,6.0,0.0,0.8228570222854614,0.9230419993400574,19.12339973449707,0.3727000057697296,217.3238547,1.6207381,6.80327,ZTF19aapvvsp
2459771.7519907,1,2017251991515,19.35759925842285,/ztf/archive/sci/2022/0711/251968/ztf_20220711251968_000478_zg_c04_o_q4_scimrefdiffimg.fits.fz,Kulkarni,1,2017,15,478,26.215999603271484,1.911040089908056e-05,0.04446129873394966,-0.05152229964733124,4.528729914454743e-05,t17_f5_c3,,,,,,,,,,,,,,,,,,,,,,,,,,,,,,,,,,,,,,,ZTF19aapvvsp
2459773.691713,2,2019191711515,19.831600189208984,/ztf/archive/sci/2022/0713/191701/ztf_20220713191701_000478_zr_c04_o_q4_scimrefdiffimg.fits.fz,Kulkarni,1,2019,15,478,26.184799194335938,6.6244701883988455e-06,0.029036400839686394,0.09308010339736938,1.2555899957078509e-05,t17_f5_c3,,,,,,,,,,,,,,,,,,,,,,,,,,,,,,,,,,,,,,,ZTF19aapvvsp
2459773.7142708,2,2019214271515,19.44339942932129,/ztf/archive/sci/2022/0713/214271/ztf_20220713214271_000478_zr_c04_o_q4_scimrefdiffimg.fits.fz,Kulkarni,1,2019,15,478,26.523700714111328,0.0003298780065961182,0.19960300624370575,0.0719204992055893,0.0006228070124052465,t17_f5_c3,,,,,,,,,,,,,,,,,,,,,,,,,,,,,,,,,,,,,,,ZTF19aapvvsp
2459775.6877894,2,2021187781515,20.15570068359375,/ztf/archive/sci/2022/0715/187778/ztf_20220715187778_000478_zr_c04_o_q4_scimrefdiffimg.fits.fz,Kulkarni,1,2021,15,478,26.075300216674805,4.026990063721314e-05,0.0712520033121109,0.06877540051937103,7.725560135440901e-05,t17_f5_c3,,,,,,,,,,,,,,,,,,,,,,,,,,,,,,,,,,,,,,,ZTF19aapvvsp
2459775.7826505,2,2021282651515,19.19809913635254,/ztf/archive/sci/2022/0715/282650/ztf_20220715282650_000478_zr_c04_o_q4_scimrefdiffimg.fits.fz,Kulkarni,1,2021,15,478,25.97279930114746,1.2798600437236018e-05,0.04032459855079651,0.10701700299978256,2.4383700292673893e-05,t17_f5_c3,,,,,,,,,,,,,,,,,,,,,,,,,,,,,,,,,,,,,,,ZTF19aapvvsp
2459777.7070602,2,2023207061515,20.1205997467041,/ztf/archive/sci/2022/0717/207060/ztf_20220717207060_000478_zr_c04_o_q4_scimrefdiffimg.fits.fz,Kulkarni,1,2023,15,478,26.111299514770508,4.820120011572726e-06,0.02468159981071949,0.09299000352621078,9.157420208794065e-06,t17_f5_c3,,,,,,,,,,,,,,,,,,,,,,,,,,,,,,,,,,,,,,,ZTF19aapvvsp
2459780.6837963,2,2026183791515,20.220699310302734,/ztf/archive/sci/2022/0720/183796/ztf_20220720183796_000478_zr_c04_o_q4_scimrefdiffimg.fits.fz,Kulkarni,1,2026,15,478,26.17930030822754,1.1501700100779999e-05,0.03728029876947403,-1.0239100456237793,2.3114600480766967e-05,t17_f5_c3,,,,,,,,,,,,,,,,,,,,,,,,,,,,,,,,,,,,,,,ZTF19aapvvsp
2459748.7520486,1,1994252041515,20.485599517822266,/ztf/archive/sci/2022/0618/252002/ztf_20220618252002_000478_zg_c04_o_q4_scimrefdiffimg.fits.fz,Kulkarni,1,1994,15,478,26.305099487304688,7.656600246264134e-06,0.031180299818515778,-0.08128570020198822,1.4571400242857635e-05,t17_f5_c3,1.994252041515015e+18,t,0.0,1469.47998046875,256.6159973144531,217.3239393,1.6207002,20.07509994506836,0.19715100526809692,1.3940099477767944,20.064599990844727,0.2393999993801117,0.32951098680496216,19.424999237060547,0.026000000536441803,0.8569999933242798,0.04699999839067459,0.2935110032558441,-0.010474000126123428,2.0999999046325684,0.800000011920929,256.6159973144531,0.4210189878940582,1.3315199613571167,0.8859999775886536,0.722000002861023,0.4219050109386444,0.34380999207496643,1.2271499633789062,4.0,0.0,0.9399999976158142,0.9938769936561584,19.9768009185791,0.2818000018596649,217.3238547,1.6207381,10.2594,ZTF19aapvvsp
2459748.8196991,2,1994319691515,19.68560028076172,/ztf/archive/sci/2022/0618/319630/ztf_20220618319630_000478_zr_c04_o_q4_scimrefdiffimg.fits.fz,Kulkarni,1,1994,15,478,26.158700942993164,7.234809800138464e-06,0.030246200039982796,0.09588000178337097,1.3640299584949389e-05,t17_f5_c3,,,,,,,,,,,,,,,,,,,,,,,,,,,,,,,,,,,,,,,ZTF19aapvvsp
2459750.7072685,2,1996207261515,20.581499099731445,/ztf/archive/sci/2022/0620/207257/ztf_20220620207257_000478_zr_c04_o_q4_scimrefdiffimg.fits.fz,Kulkarni,1,1996,15,478,26.20319938659668,1.256220002687769e-05,0.039593301713466644,0.08674830198287964,2.3768399842083454e-05,t17_f5_c3,,,,,,,,,,,,,,,,,,,,,,,,,,,,,,,,,,,,,,,ZTF19aapvvsp
2459754.6875926,2,2000187591515,20.15049934387207,/ztf/archive/sci/2022/0624/187199/ztf_20220624187199_000478_zr_c04_o_q4_scimrefdiffimg.fits.fz,Kulkarni,1,2000,15,478,26.21419906616211,5.097149823996006e-06,0.025435499846935272,0.08388160169124603,9.586019587004557e-06,t17_f5_c3,2.000187591515015e+18,1,1.0,1456.4000244140625,249.11300659179688,217.3239126,1.6207429,20.184200286865234,0.23097500205039978,1.0776499509811401,20.08289909362793,0.3434999883174896,0.22175200283527374,18.761999130249023,0.03400000184774399,1.5499999523162842,0.17299999296665192,0.06310799717903137,-0.10126200318336487,1.3416199684143066,0.8339999914169312,249.11300659179688,0.06755399703979492,2.0,0.8500000238418579,0.6690000295639038,0.6335629820823669,0.49865201115608215,1.270550012588501,5.0,0.0,0.9657139778137207,0.9854639768600464,19.990400314331055,0.4032000005245209,217.3238542,1.6207195,5.11227,ZTF19aapvvsp
2459672.8364815,1,1918336481515,18.3164005279541,/ztf/archive/sci/2022/0403/336470/ztf_20220403336470_000478_zg_c04_o_q4_scimrefdiffimg.fits.fz,Kulkarni,1,1918,15,478,23.94420051574707,0.0010022999485954642,0.21171599626541138,0.0015625900123268366,0.00284943007864058,t17_f5_c3,,,,,,,,,,,,,,,,,,,,,,,,,,,,,,,,,,,,,,,ZTF19aapvvsp
2459675.850463,2,1921350461515,20.473499298095703,/ztf/archive/sci/2022/0406/350451/ztf_20220406350451_000478_zr_c04_o_q4_scimrefdiffimg.fits.fz,Kulkarni,1,1921,15,478,26.137399673461914,4.067449935973855e-06,0.022656399756669998,0.08547089993953705,7.671479579585139e-06,t17_f5_c3,,,,,,,,,,,,,,,,,,,,,,,,,,,,,,,,,,,,,,,ZTF19aapvvsp
2459675.8784144,1,1921378411515,20.512100219726562,/ztf/archive/sci/2022/0406/378403/ztf_20220406378403_000478_zg_c04_o_q4_scimrefdiffimg.fits.fz,Kulkarni,1,1921,15,478,26.255199432373047,9.577680430084001e-06,0.034647200256586075,-0.09403909742832184,1.8204400475951843e-05,t17_f5_c3,1.921378411515015e+18,t,0.0,1429.6400146484375,259.1830139160156,217.3238412,1.6207568,19.64419937133789,0.12610900402069092,1.5448100566864014,19.47410011291504,0.14880000054836273,0.08203800022602081,19.424999237060547,0.026000000536441803,0.8569999933242798,0.04699999839067459,-0.10084100067615509,-0.17008599638938904,1.9800000190734863,0.9760000109672546,259.1830139160156,1.037969946861267,1.29312002658844,0.6710000038146973,0.656000018119812,0.3388890027999878,0.33131301403045654,1.0228699445724487,3.0,0.0,0.9442859888076782,0.9961420297622681,19.45199966430664,0.18569999933242798,217.3238547,1.6207381,13.2136,ZTF19aapvvsp
2459672.8364815,1,1918336481515,18.267799377441406,/ztf/archive/sci/2022/0403/336470/ztf_20220403336470_000478_zg_c04_o_q4_scimrefdiffimg.fits.fz,Kulkarni,1,1918,15,478,23.931100845336914,0.0007223819848150015,0.17994700372219086,0.005430390127003193,0.0020587099716067314,t17_f5_c3,,,,,,,,,,,,,,,,,,,,,,,,,,,,,,,,,,,,,,,ZTF19aapvvsp
2459677.8160995,1,1923316091515,19.991199493408203,/ztf/archive/sci/2022/0408/316088/ztf_20220408316088_000478_zg_c04_o_q4_scimrefdiffimg.fits.fz,Kulkarni,1,1923,15,478,26.22909927368164,1.510010042693466e-05,0.04188369959592819,-0.08535739779472351,3.22285013680812e-05,t17_f5_c3,1.923316091515015e+18,t,1.0,1432.0899658203125,245.38900756835938,217.3238584,1.6207286,19.63409996032715,0.16801799833774567,1.0849100351333618,19.605600357055664,0.2151000052690506,0.036448001861572266,19.424999237060547,0.026000000536441803,0.8569999933242798,0.04699999839067459,0.554652988910675,-0.028495000675320625,2.9800000190734863,0.9190000295639038,245.38900756835938,0.38558200001716614,1.0720399618148804,0.9819999933242798,0.871999979019165,0.3295300006866455,0.29261699318885803,1.1261500120162964,3.0,0.0,0.951429009437561,1.0,19.677900314331055,0.2939999997615814,217.3238547,1.6207381,9.56544,ZTF19aapvvsp
2459677.8977083,2,1923397701515,19.960800170898438,/ztf/archive/sci/2022/0408/397697/ztf_20220408397697_000478_zr_c04_o_q4_scimrefdiffimg.fits.fz,Kulkarni,1,1923,15,478,26.159099578857422,7.1183499130711425e-06,0.029978500679135323,0.092147096991539,1.3432900232146494e-05,t17_f5_c3,,,,,,,,,,,,,,,,,,,,,,,,,,,,,,,,,,,,,,,ZTF19aapvvsp
2459679.8147801,1,1925314781515,20.182899475097656,/ztf/archive/sci/2022/0410/314769/ztf_20220410314769_000478_zg_c04_o_q4_scimrefdiffimg.fits.fz,Kulkarni,1,1925,15,478,26.267799377441406,9.058850082510617e-06,0.03391110152006149,-0.07578729838132858,1.782400067895651e-05,t17_f5_c3,1.925314781515015e+18,t,3.0,1449.0,220.6490020751953,217.323851,1.6207285,19.57080078125,0.16342000663280487,1.601199984550476,19.61520004272461,0.2303999960422516,0.03531600162386894,19.424999237060547,0.026000000536441803,0.8569999933242798,0.04699999839067459,0.4756599962711334,0.04437600076198578,2.4600000381469727,0.9620000123977661,220.6490020751953,0.5676829814910889,1.0236200094223022,0.6000000238418579,0.5529999732971191,0.24390199780464172,0.22479699552059174,1.0849900245666504,5.0,0.0,0.9385709762573242,0.9487640261650085,19.85580062866211,0.36800000071525574,217.3238547,1.6207381,11.0382,ZTF19aapvvsp
2459679.8591319,2,1925359131515,20.24370002746582,/ztf/archive/sci/2022/0410/359120/ztf_20220410359120_000478_zr_c04_o_q4_scimrefdiffimg.fits.fz,Kulkarni,1,1925,15,478,26.198999404907227,4.1724902075657155e-06,0.02317420020699501,0.08682660013437271,7.868289685575292e-06,t17_f5_c3,1.925359131515015e+18,t,2.0,1443.3199462890625,239.30799865722656,217.3239626,1.6207633,19.891000747680664,0.18746300041675568,1.8678699731826782,19.83340072631836,0.27459999918937683,0.40151500701904297,18.761999130249023,0.03400000184774399,1.5499999523162842,0.17299999296665192,0.4282189905643463,-0.05764799937605858,2.3399999141693115,0.9679999947547913,239.30799865722656,0.41025298833847046,1.0478700399398804,0.8519999980926514,0.7080000042915344,0.3641029894351959,0.30256399512290955,1.2033900022506714,6.0,0.0,0.945713996887207,1.0,19.849199295043945,0.35580000281333923,217.3238542,1.6207195,7.52853,ZTF19aapvvsp
2459682.8375926,2,1928337591515,19.64780044555664,/ztf/archive/sci/2022/0413/337581/ztf_20220413337581_000478_zr_c04_o_q4_scimrefdiffimg.fits.fz,Kulkarni,1,1928,15,478,26.197500228881836,6.349429895635694e-06,0.028264600783586502,0.08368709683418274,1.205829994432861e-05,t17_f5_c3,,,,,,,,,,,,,,,,,,,,,,,,,,,,,,,,,,,,,,,ZTF19aapvvsp
2459682.8949074,1,1928394901515,19.534400939941406,/ztf/archive/sci/2022/0413/394907/ztf_20220413394907_000478_zg_c04_o_q4_scimrefdiffimg.fits.fz,Kulkarni,1,1928,15,478,26.306900024414062,1.6688300092937425e-05,0.04058999940752983,-0.07847660034894943,4.095130134373903e-05,t17_f5_c3,1.928394901515015e+18,t,2.0,1415.93994140625,273.7879943847656,217.3240031,1.6206495,19.61989974975586,0.20611199736595154,1.0203900337219238,19.67840003967285,0.3601999878883362,0.6143659949302673,19.424999237060547,0.026000000536441803,0.8569999933242798,0.04699999839067459,1.1369099617004395,0.05854300037026405,4.199999809265137,0.7950000166893005,273.7879943847656,-0.14402000606060028,0.7338060140609741,1.1339999437332153,0.9750000238418579,0.27000001072883606,0.23214299976825714,1.1630799770355225,3.0,0.0,0.8142859935760498,1.0,19.419300079345703,0.36419999599456787,217.3238547,1.6207381,7.17262,ZTF19aapvvsp
2459684.7996644,1,1930299661515,18.939599990844727,/ztf/archive/sci/2022/0415/299653/ztf_20220415299653_000478_zg_c04_o_q4_scimrefdiffimg.fits.fz,Kulkarni,1,1930,15,478,26.294599533081055,3.206999826943502e-05,0.04624129831790924,-0.07084420323371887,8.540590351913124e-05,t17_f5_c3,,,,,,,,,,,,,,,,,,,,,,,,,,,,,,,,,,,,,,,ZTF19aapvvsp
2459684.8788079,2,1930378801515,19.326099395751953,/ztf/archive/sci/2022/0415/378796/ztf_20220415378796_000478_zr_c04_o_q4_scimrefdiffimg.fits.fz,Kulkarni,1,1930,15,478,26.219600677490234,8.568959856347647e-06,0.0329132005572319,0.08158770203590393,1.618679925741162e-05,t17_f5_c3,,,,,,,,,,,,,,,,,,,,,,,,,,,,,,,,,,,,,,,ZTF19aapvvsp
2459687.8885648,2,1933388561515,18.969499588012695,/ztf/archive/sci/2022/0418/388553/ztf_20220418388553_000478_zr_c04_o_q4_scimrefdiffimg.fits.fz,Kulkarni,1,1933,15,478,26.179500579833984,1.913559935928788e-05,0.0481829009950161,0.10133799910545349,3.603860022849403e-05,t17_f5_c3,,,,,,,,,,,,,,,,,,,,,,,,,,,,,,,,,,,,,,,ZTF19aapvvsp
2459693.9198264,1,1939419821515,20.082599639892578,/ztf/archive/sci/2022/0424/419815/ztf_20220424419815_000478_zg_c04_o_q4_scimrefdiffimg.fits.fz,Kulkarni,1,1939,15,478,26.197099685668945,1.2319300367380492e-05,0.03829159960150719,-0.08003559708595276,2.578470048320014e-05,t17_f5_c3,1.939419821515015e+18,t,1.0,1427.449951171875,275.2980041503906,217.3239621,1.6207315,19.93910026550293,0.2127089947462082,0.9602810144424438,20.05769920349121,0.3149000108242035,0.3822520077228546,19.424999237060547,0.026000000536441803,0.8569999933242798,0.04699999839067459,0.4354720115661621,0.11861199885606766,3.109999895095825,0.8870000243186951,275.2980041503906,0.024922000244259834,0.9777250289916992,0.9049999713897705,0.8659999966621399,0.2909969985485077,0.27845698595046997,1.0450400114059448,3.0,0.0,0.9399999976158142,1.0,20.31879997253418,0.5121999979019165,217.3238547,1.6207381,8.33432,ZTF19aapvvsp
2459695.8703009,1,1941370301515,20.548900604248047,/ztf/archive/sci/2022/0426/370278/ztf_20220426370278_000478_zg_c04_o_q4_scimrefdiffimg.fits.fz,Kulkarni,1,1941,15,478,26.179800033569336,9.911230336001609e-06,0.03524089977145195,-0.07953300327062607,1.877169961517211e-05,t17_f5_c3,1.941370301515015e+18,t,3.0,1430.6400146484375,252.34300231933594,217.3238686,1.6207383,20.107799530029297,0.19658300280570984,1.382159948348999,19.90850067138672,0.22750000655651093,0.049348000437021255,19.424999237060547,0.026000000536441803,0.8569999933242798,0.04699999839067459,0.3086540102958679,-0.19925899803638458,1.8799999952316284,0.7580000162124634,252.34300231933594,0.640362024307251,1.2779699563980103,0.7440000176429749,0.6269999742507935,0.39574500918388367,0.33351099491119385,1.1865999698638916,6.0,0.0,0.9442859888076782,0.9617019891738892,19.968900680541992,0.3070000112056732,217.3238547,1.6207381,8.83121,ZTF19aapvvsp
2459697.7856019,1,1943285601515,20.66010093688965,/ztf/archive/sci/2022/0428/285602/ztf_20220428285602_000478_zg_c04_o_q4_scimrefdiffimg.fits.fz,Kulkarni,1,1943,15,478,26.25629997253418,8.296419764519669e-06,0.03236129879951477,-0.104653000831604,1.5649100532755256e-05,t17_f5_c3,,,,,,,,,,,,,,,,,,,,,,,,,,,,,,,,,,,,,,,ZTF19aapvvsp
2459697.8577083,2,1943357701515,20.363000869750977,/ztf/archive/sci/2022/0428/357697/ztf_20220428357697_000478_zr_c04_o_q4_scimrefdiffimg.fits.fz,Kulkarni,1,1943,15,478,25.949499130249023,5.638540187646868e-06,0.026649799197912216,0.09096100181341171,1.0705700333346613e-05,t17_f5_c3,,,,,,,,,,,,,,,,,,,,,,,,,,,,,,,,,,,,,,,ZTF19aapvvsp
2459699.8358565,2,1945335851515,20.39150047302246,/ztf/archive/sci/2022/0430/335845/ztf_20220430335845_000478_zr_c04_o_q4_scimrefdiffimg.fits.fz,Kulkarni,1,1945,15,478,26.144899368286133,5.877669991605217e-06,0.02732440084218979,0.09161630272865295,1.1067700143030379e-05,t17_f5_c3,,,,,,,,,,,,,,,,,,,,,,,,,,,,,,,,,,,,,,,ZTF19aapvvsp
2459699.9419444,1,1945441941515,20.234699249267578,/ztf/archive/sci/2022/0430/441933/ztf_20220430441933_000478_zg_c04_o_q4_scimrefdiffimg.fits.fz,Kulkarni,1,1945,15,478,26.1205997467041,1.232819977303734e-05,0.03940049931406975,-0.07760009914636612,2.3686699933023192e-05,t17_f5_c3,1.945441941515015e+18,t,2.0,1417.989990234375,251.36500549316406,217.3238935,1.620723,20.07159996032715,0.18291699886322021,1.4444500207901,19.70800018310547,0.24660000205039978,0.14822499454021454,19.424999237060547,0.026000000536441803,0.8569999933242798,0.04699999839067459,0.31677699089050293,-0.36358198523521423,2.3499999046325684,0.9769999980926514,251.36500549316406,0.5266889929771423,1.040120005607605,0.6309999823570251,0.5609999895095825,0.26851099729537964,0.2387229949235916,1.1247800588607788,7.0,0.0,0.9057139754295349,0.9195050001144409,19.609100341796875,0.28839999437332153,217.3238547,1.6207381,6.26558,ZTF19aapvvsp
2459701.8164352,1,1947316431515,20.45479965209961,/ztf/archive/sci/2022/0502/316435/ztf_20220502316435_000478_zg_c04_o_q4_scimrefdiffimg.fits.fz,Kulkarni,1,1947,15,478,26.230100631713867,1.0899700100708287e-05,0.037161000072956085,-0.08121869713068008,2.091349961119704e-05,t17_f5_c3,1.947316431515015e+18,t,0.0,1447.1099853515625,260.0150146484375,217.3239815,1.6207307,20.070100784301758,0.1495410054922104,0.780174970626831,20.05270004272461,0.22310000658035278,0.451555997133255,19.424999237060547,0.026000000536441803,0.8569999933242798,0.04699999839067459,0.34065499901771545,-0.017393000423908234,2.799999952316284,0.8379999995231628,260.0150146484375,0.4021340012550354,1.0933599472045898,0.9350000023841858,0.8889999985694885,0.33392900228500366,0.3174999952316284,1.051740050315857,1.0,0.0,0.9385709762573242,1.0,19.959400177001953,0.26100000739097595,217.3238547,1.6207381,9.11485,ZTF19aapvvsp
2459701.8800347,1,1947380031515,20.24530029296875,/ztf/archive/sci/2022/0502/380023/ztf_20220502380023_000478_zg_c04_o_q4_scimrefdiffimg.fits.fz,Kulkarni,1,1947,15,478,26.19099998474121,1.4192700291459914e-05,0.040853798389434814,-0.06009950116276741,2.9302100301720202e-05,t17_f5_c3,1.947380031515015e+18,t,0.0,1429.969970703125,261.6789855957031,217.3237475,1.620703,20.385000228881836,0.2965239882469177,0.7634230256080627,20.17919921875,0.2572999894618988,0.4008289873600006,19.424999237060547,0.026000000536441803,0.8569999933242798,0.04699999839067459,0.25471800565719604,-0.20584499835968018,1.8043500185012817,0.4000000059604645,261.6789855957031,0.06611000001430511,2.0,1.4170000553131104,1.1399999856948853,0.7853249907493591,0.6318070292472839,1.2429800033569336,2.0,0.0,0.6128569841384888,1.0,20.154300689697266,0.3206999897956848,217.3238547,1.6207381,6.84636,ZTF19aapvvsp
2459679.8147801,1,1925314781515,20.182899475097656,/ztf/archive/sci/2022/0410/314769/ztf_20220410314769_000478_zg_c04_o_q4_scimrefdiffimg.fits.fz,Kulkarni,1,1925,15,478,26.267799377441406,9.058850082510617e-06,0.03391110152006149,-0.07578729838132858,1.782400067895651e-05,t17_f5_c3,1.925314781515015e+18,1,3.0,1449.0,220.6490020751953,217.323851,1.6207285,19.57080078125,0.16342000663280487,1.601199984550476,19.61520004272461,0.2303999960422516,0.03531600162386894,19.424999237060547,0.026000000536441803,0.8569999933242798,0.04699999839067459,0.4756599962711334,0.04437600076198578,2.4600000381469727,0.9620000123977661,220.6490020751953,0.5676829814910889,1.0236200094223022,0.6000000238418579,0.5529999732971191,0.24390199780464172,0.22479699552059174,1.0849900245666504,5.0,0.0,0.9385709762573242,0.9487640261650085,19.85580062866211,0.36800000071525574,217.3238547,1.6207381,11.0382,ZTF19aapvvsp
2459624.9630324,3,1870463031515,19.564699172973633,/ztf/archive/sci/2022/0214/463021/ztf_20220214463021_000478_zi_c04_o_q4_scimrefdiffimg.fits.fz,Kulkarni,2,1870,15,478,25.51420021057129,2.0230600057402626e-06,0.02317029982805252,0.1966720074415207,1.1905500286957249e-05,t17_f5_c3,,,,,,,,,,,,,,,,,,,,,,,,,,,,,,,,,,,,,,,ZTF19aapvvsp
2459627.9220139,3,1873422011515,18.405899047851562,/ztf/archive/sci/2022/0217/422014/ztf_20220217422014_000478_zi_c04_o_q4_scimrefdiffimg.fits.fz,Kulkarni,2,1873,15,478,25.497699737548828,1.4191499758453574e-05,0.05175510048866272,0.18771100044250488,6.728999869665131e-05,t17_f5_c3,,,,,,,,,,,,,,,,,,,,,,,,,,,,,,,,,,,,,,,ZTF19aapvvsp
2459672.7910764,3,1918291071515,19.703899383544922,/ztf/archive/sci/2022/0403/291076/ztf_20220403291076_000478_zi_c04_o_q4_scimrefdiffimg.fits.fz,Kulkarni,2,1918,15,478,25.44969940185547,2.381940021223272e-06,0.02484869956970215,0.19195400178432465,1.449390038033016e-05,t17_f5_c3,,,,,,,,,,,,,,,,,,,,,,,,,,,,,,,,,,,,,,,ZTF19aapvvsp
2459675.8032639,3,1921303261515,19.83639907836914,/ztf/archive/sci/2022/0406/303252/ztf_20220406303252_000478_zi_c04_o_q4_scimrefdiffimg.fits.fz,Kulkarni,2,1921,15,478,25.424699783325195,2.466870000716881e-06,0.025183599442243576,0.19378100335597992,1.5034600437502377e-05,t17_f5_c3,1.921303261515015e+18,t,0.0,1428.2099609375,252.88699340820312,217.3237928,1.6207998,19.87070083618164,0.2601340115070343,0.7609289884567261,20.100099563598633,0.5619000196456909,0.460191011428833,18.457000732421875,0.03200000151991844,1.2269999980926514,0.09799999743700027,0.9191619753837585,0.22940200567245483,1.1210700273513794,0.8209999799728394,252.88699340820312,-0.263698011636734,2.0,0.6330000162124634,0.4350000023841858,0.5646389722824097,0.3880220055580139,1.4551700353622437,8.0,0.0,0.804286003112793,0.7688149809837341,20.34119987487793,0.8960999846458435,217.3238882,1.6207089,5.70514,ZTF19aapvvsp
2458557.8941551,2,803394151515,20.05389976501465,/ztf/archive/sci/2019/0315/393646/ztf_20190315393646_000478_zr_c04_o_q4_scimrefdiffimg.fits.fz,Kulkarni,1,803,15,478,26.103099822998047,7.143340098991757e-06,0.029775500297546387,0.09637950360774994,1.3524099813366774e-05,t15_f5_c3,,,,,,,,,,,,,,,,,,,,,,,,,,,,,,,,,,,,,,,ZTF19aapvvsp
2458557.9422917,1,803442291515,20.220500946044922,/ztf/archive/sci/2019/0315/442292/ztf_20190315442292_000478_zg_c04_o_q4_scimrefdiffimg.fits.fz,Kulkarni,1,803,15,478,26.19059944152832,1.0525600373512134e-05,0.03540689870715141,-0.027651699259877205,2.142609992006328e-05,t15_f5_c3,,,,,,,,,,,,,,,,,,,,,,,,,,,,,,,,,,,,,,,ZTF19aapvvsp
2458560.7916319,1,806291631515,18.778799057006836,/ztf/archive/sci/2019/0318/291632/ztf_20190318291632_000478_zg_c04_o_q4_scimrefdiffimg.fits.fz,Kulkarni,1,806,15,478,26.101999282836914,4.54024993814528e-05,0.04581519961357117,-0.07980550080537796,0.00013376200513448566,t15_f5_c3,,,,,,,,,,,,,,,,,,,,,,,,,,,,,,,,,,,,,,,ZTF19aapvvsp
2458560.8777431,2,806377741515,19.903799057006836,/ztf/archive/sci/2019/0318/377743/ztf_20190318377743_000478_zr_c04_o_q4_scimrefdiffimg.fits.fz,Kulkarni,1,806,15,478,26.105499267578125,5.061379852122627e-06,0.025115100666880608,0.09752249717712402,9.611740097170696e-06,t15_f5_c3,,,,,,,,,,,,,,,,,,,,,,,,,,,,,,,,,,,,,,,ZTF19aapvvsp
2458568.8931481,1,814393141515,19.527700424194336,/ztf/archive/sci/2019/0326/393137/ztf_20190326393137_000478_zg_c04_o_q4_scimrefdiffimg.fits.fz,Kulkarni,1,814,15,478,25.862300872802734,2.776849942165427e-05,0.05546719953417778,-0.044045500457286835,6.112660048529506e-05,t15_f5_c3,8.14393141515015e+17,t,2.0,1321.7099609375,250.24899291992188,217.3237958,1.6207701,19.990299224853516,0.2503870129585266,0.9381710290908813,20.20870018005371,0.772599995136261,0.23278599977493286,19.424999237060547,0.026000000536441803,0.8569999933242798,0.04699999839067459,-0.9760460257530212,0.21840700507164001,1.1747100353240967,0.8640000224113464,250.24899291992188,-0.6809620261192322,2.0,0.6129999756813049,0.5870000123977661,0.5218290090560913,0.4996959865093231,1.0442899465560913,12.0,0.0,0.5,0.6220449805259705,19.952600479125977,0.7835999727249146,217.3238547,1.6207381,5.39961,ZTF19aapvvsp
2458572.8619329,2,818361931515,19.590099334716797,/ztf/archive/sci/2019/0330/361921/ztf_20190330361921_000478_zr_c04_o_q4_scimrefdiffimg.fits.fz,Kulkarni,1,818,15,478,25.59239959716797,7.611899945914047e-06,0.03090520016849041,0.09540030360221863,1.4382700101123191e-05,t15_f5_c3,,,,,,,,,,,,,,,,,,,,,,,,,,,,,,,,,,,,,,,ZTF19aapvvsp
2458572.8779745,1,818377971515,19.59119987487793,/ztf/archive/sci/2019/0330/377975/ztf_20190330377975_000478_zg_c04_o_q4_scimrefdiffimg.fits.fz,Kulkarni,1,818,15,478,25.529399871826172,1.3916000170866027e-05,0.03844219818711281,-0.08707889914512634,3.209389979019761e-05,t15_f5_c3,,,,,,,,,,,,,,,,,,,,,,,,,,,,,,,,,,,,,,,ZTF19aapvvsp
2458575.854294,1,821354291515,18.49570083618164,/ztf/archive/sci/2019/0402/354271/ztf_20190402354271_000478_zg_c04_o_q4_scimrefdiffimg.fits.fz,Kulkarni,1,821,15,478,24.14900016784668,6.158449832582846e-05,0.06035250052809715,-0.049760300666093826,0.0001608729944564402,t15_f5_c3,,,,,,,,,,,,,,,,,,,,,,,,,,,,,,,,,,,,,,,ZTF19aapvvsp
2458575.9177778,2,821417771515,20.605100631713867,/ztf/archive/sci/2019/0402/417778/ztf_20190402417778_000478_zr_c04_o_q4_scimrefdiffimg.fits.fz,Kulkarni,1,821,15,478,26.055999755859375,5.462030003400287e-06,0.026123499497771263,0.08556920289993286,1.0241599738947116e-05,t15_f5_c3,,,,,,,,,,,,,,,,,,,,,,,,,,,,,,,,,,,,,,,ZTF19aapvvsp
2458581.8191782,1,827319171515,20.388099670410156,/ztf/archive/sci/2019/0408/319167/ztf_20190408319167_000478_zg_c04_o_q4_scimrefdiffimg.fits.fz,Kulkarni,1,827,15,478,26.117300033569336,8.86784982867539e-06,0.03332500159740448,-0.086074598133564,1.6769099602242932e-05,t15_f5_c3,8.27319171515015e+17,t,0.0,1323.550048828125,203.906005859375,217.3237422,1.6206592,20.404300689697266,0.24470999836921692,1.0988199710845947,20.46430015563965,0.3813999891281128,0.4975399971008301,19.424999237060547,0.026000000536441803,0.8569999933242798,0.04699999839067459,0.2643440067768097,0.05997699871659279,2.509999990463257,0.6840000152587891,203.906005859375,-0.07624699920415878,1.101349949836731,0.8830000162124634,0.7319999933242798,0.35179299116134644,0.2916330099105835,1.206279993057251,4.0,0.0,0.8128569722175598,1.0,20.542600631713867,0.5235000252723694,217.3238547,1.6207381,7.57263,ZTF19aapvvsp
2458584.7879745,1,830287971515,20.052600860595703,/ztf/archive/sci/2019/0411/287940/ztf_20190411287940_000478_zg_c04_o_q4_scimrefdiffimg.fits.fz,Kulkarni,1,830,15,478,26.12849998474121,1.067809989763191e-05,0.03534660115838051,-0.09516839683055878,2.2264699509833008e-05,t15_f5_c3,8.30287971515015e+17,1,0.0,1308.3800048828125,187.18499755859375,217.323982,1.6207625,20.210399627685547,0.23936200141906738,1.474850058555603,20.049699783325195,0.2881999909877777,0.46081599593162537,19.424999237060547,0.026000000536441803,0.8569999933242798,0.04699999839067459,0.27739599347114563,-0.16074900329113007,4.090000152587891,0.574999988079071,187.18499755859375,0.0028810000512748957,0.8298419713973999,1.5640000104904175,1.1230000257492065,0.38239601254463196,0.2745720148086548,1.392699956893921,4.0,0.0,0.38999998569488525,0.9997889995574951,20.197900772094727,0.421999990940094,217.3238547,1.6207381,7.14851,ZTF19aapvvsp
2458584.7879745,1,830287971515,20.052600860595703,/ztf/archive/sci/2019/0411/287940/ztf_20190411287940_000478_zg_c04_o_q4_scimrefdiffimg.fits.fz,Kulkarni,1,830,15,478,26.12849998474121,1.067809989763191e-05,0.03534660115838051,-0.09516839683055878,2.2264699509833008e-05,t15_f5_c3,8.30287971515015e+17,t,0.0,1308.3800048828125,187.18499755859375,217.323982,1.6207625,20.210399627685547,0.23936200141906738,1.474850058555603,20.049699783325195,0.2881999909877777,0.46081599593162537,19.424999237060547,0.026000000536441803,0.8569999933242798,0.04699999839067459,0.27739599347114563,-0.16074900329113007,4.090000152587891,0.574999988079071,187.18499755859375,0.0028810000512748957,0.8298419713973999,1.5640000104904175,1.1230000257492065,0.38239601254463196,0.2745720148086548,1.392699956893921,4.0,0.0,0.38999998569488525,0.9997889995574951,20.197900772094727,0.421999990940094,217.3238547,1.6207381,7.14851,ZTF19aapvvsp
2458584.8963657,2,830396361515,20.220600128173828,/ztf/archive/sci/2019/0411/396366/ztf_20190411396366_000478_zr_c04_o_q4_scimrefdiffimg.fits.fz,Kulkarni,1,830,15,478,26.06279945373535,4.0247500692203175e-06,0.02248690091073513,0.09521099925041199,7.526260105805704e-06,t15_f5_c3,8.30396361515015e+17,t,1.0,1326.8299560546875,228.95399475097656,217.3239887,1.6206217,20.21380043029785,0.2076520025730133,0.6911979913711548,20.06130027770996,0.3183000087738037,0.5917810201644897,18.761999130249023,0.03400000184774399,1.5499999523162842,0.17299999296665192,0.23919899761676788,-0.15250100195407867,1.3357199430465698,0.628000020980835,228.95399475097656,0.15928399562835693,2.0,0.9020000100135803,0.7139999866485596,0.6752910017967224,0.534542977809906,1.2632999420166016,3.0,0.0,0.8942859768867493,0.9684140086174011,20.18899917602539,0.45680001378059387,217.3238542,1.6207195,5.56962,ZTF19aapvvsp
2458588.8120833,1,834312081515,19.03820037841797,/ztf/archive/sci/2019/0415/311597/ztf_20190415311597_000478_zg_c04_o_q4_scimrefdiffimg.fits.fz,Kulkarni,1,834,15,478,25.663700103759766,3.408969860174693e-05,0.05437619984149933,-0.07041379809379578,8.572569640818983e-05,t15_f5_c3,,,,,,,,,,,,,,,,,,,,,,,,,,,,,,,,,,,,,,,ZTF19aapvvsp
2458588.8779977,2,834377991515,19.96579933166504,/ztf/archive/sci/2019/0415/377998/ztf_20190415377998_000478_zr_c04_o_q4_scimrefdiffimg.fits.fz,Kulkarni,1,834,15,478,26.05340003967285,6.560970177815761e-06,0.028748799115419388,0.09534230083227158,1.2355299986666068e-05,t15_f5_c3,,,,,,,,,,,,,,,,,,,,,,,,,,,,,,,,,,,,,,,ZTF19aapvvsp
2458591.7508218,1,837250821515,18.909700393676758,/ztf/archive/sci/2019/0418/250706/ztf_20190418250706_000478_zg_c04_o_q4_scimrefdiffimg.fits.fz,Kulkarni,1,837,15,478,26.1117000579834,2.2230400645639747e-05,0.040851399302482605,-0.04206470027565956,5.6958000641316175e-05,t15_f5_c3,,,,,,,,,,,,,,,,,,,,,,,,,,,,,,,,,,,,,,,ZTF19aapvvsp
2458591.8786111,2,837378611515,18.96109962463379,/ztf/archive/sci/2019/0418/378611/ztf_20190418378611_000478_zr_c04_o_q4_scimrefdiffimg.fits.fz,Kulkarni,1,837,15,478,26.0939998626709,1.2174299627076834e-05,0.03799210116267204,0.0865539014339447,2.2836400603409857e-05,t15_f5_c3,,,,,,,,,,,,,,,,,,,,,,,,,,,,,,,,,,,,,,,ZTF19aapvvsp
2458594.7736574,1,840273651515,18.96380043029785,/ztf/archive/sci/2019/0421/273657/ztf_20190421273657_000478_zg_c04_o_q4_scimrefdiffimg.fits.fz,Kulkarni,1,840,15,478,26.165000915527344,2.1467500118887983e-05,0.040792398154735565,-0.06016809865832329,5.511239942279644e-05,t15_f5_c3,,,,,,,,,,,,,,,,,,,,,,,,,,,,,,,,,,,,,,,ZTF19aapvvsp
2458597.7957639,1,843295761515,20.274999618530273,/ztf/archive/sci/2019/0424/295752/ztf_20190424295752_000478_zg_c04_o_q4_scimrefdiffimg.fits.fz,Kulkarni,1,843,15,478,26.165300369262695,8.928230272431392e-06,0.033001501113176346,-0.07630559802055359,1.7354099327349104e-05,t15_f5_c3,8.43295761515015e+17,t,0.0,1320.0999755859375,240.48399353027344,217.3238183,1.6207153,20.297300338745117,0.24027399718761444,0.9048420190811157,20.095600128173828,0.2915000021457672,0.15282799303531647,19.424999237060547,0.026000000536441803,0.8569999933242798,0.04699999839067459,0.24817900359630585,-0.20171299576759338,1.4271600246429443,0.6850000023841858,240.48399353027344,0.17937299609184265,2.0,0.7960000038146973,0.652999997138977,0.5577530264854431,0.45755401253700256,1.2189899682998657,5.0,0.0,0.8328570127487183,0.7756189703941345,20.187700271606445,0.40560001134872437,217.3238547,1.6207381,7.11286,ZTF19aapvvsp
2458597.8573727,2,843357371515,20.21139907836914,/ztf/archive/sci/2019/0424/357361/ztf_20190424357361_000478_zr_c04_o_q4_scimrefdiffimg.fits.fz,Kulkarni,1,843,15,478,26.078800201416016,5.1168199206586e-06,0.02520490065217018,0.09501679986715317,9.607059837435372e-06,t15_f5_c3,,,,,,,,,,,,,,,,,,,,,,,,,,,,,,,,,,,,,,,ZTF19aapvvsp
2458612.7297917,2,858229791515,20.553300857543945,/ztf/archive/sci/2019/0509/229479/ztf_20190509229479_000478_zr_c04_o_q4_scimrefdiffimg.fits.fz,Kulkarni,1,858,15,478,26.019100189208984,3.964139978052117e-06,0.022322500124573708,0.09077320247888565,7.66477023717016e-06,t15_f5_c3,,,,,,,,,,,,,,,,,,,,,,,,,,,,,,,,,,,,,,,ZTF19aapvvsp
2458612.7720833,1,858272081515,20.91029930114746,/ztf/archive/sci/2019/0509/271667/ztf_20190509271667_000478_zg_c04_o_q4_scimrefdiffimg.fits.fz,Kulkarni,1,858,15,478,26.129899978637695,5.418659839051543e-06,0.02604670077562332,-0.0799930989742279,1.0405899956822395e-05,t15_f5_c3,8.58272081515015e+17,t,0.0,1330.5400390625,118.4729995727539,217.323858,1.6206976,20.48390007019043,0.23254700005054474,1.6068899631500244,20.596900939941406,0.3050999939441681,0.15159599483013153,19.424999237060547,0.026000000536441803,0.8569999933242798,0.04699999839067459,0.4192729890346527,0.11304999887943268,2.509999990463257,0.6700000166893005,118.4729995727539,0.3134309947490692,0.975875973701477,0.6970000267028809,0.5979999899864197,0.27768900990486145,0.23824700713157654,1.1655499935150146,12.0,0.0,0.7771430015563965,0.8098199963569641,20.576400756835938,0.3806000053882599,217.3238547,1.6207381,8.67608,ZTF19aapvvsp
2458616.7329861,1,862232981515,19.750600814819336,/ztf/archive/sci/2019/0513/232986/ztf_20190513232986_000478_zg_c04_o_q4_scimrefdiffimg.fits.fz,Kulkarni,1,862,15,478,26.091100692749023,1.1800299944297876e-05,0.0370451994240284,-0.07686959952116013,2.559059976192657e-05,t15_f5_c3,,,,,,,,,,,,,,,,,,,,,,,,,,,,,,,,,,,,,,,ZTF19aapvvsp
2458616.8603009,2,862360301515,19.96929931640625,/ztf/archive/sci/2019/0513/360220/ztf_20190513360220_000478_zr_c04_o_q4_scimrefdiffimg.fits.fz,Kulkarni,1,862,15,478,25.997800827026367,5.371509814722231e-06,0.026054099202156067,0.09972900152206421,1.0303900126018561e-05,t15_f5_c3,,,,,,,,,,,,,,,,,,,,,,,,,,,,,,,,,,,,,,,ZTF19aapvvsp
2458619.7718056,1,865271801515,18.763200759887695,/ztf/archive/sci/2019/0516/271794/ztf_20190516271794_000478_zg_c04_o_q4_scimrefdiffimg.fits.fz,Kulkarni,1,865,15,478,26.116300582885742,2.865900023607537e-05,0.04231889918446541,-0.039892200380563736,7.959490176290274e-05,t15_f5_c3,,,,,,,,,,,,,,,,,,,,,,,,,,,,,,,,,,,,,,,ZTF19aapvvsp
2458619.8169792,2,865316971515,18.263999938964844,/ztf/archive/sci/2019/0516/316956/ztf_20190516316956_000478_zr_c04_o_q4_scimrefdiffimg.fits.fz,Kulkarni,1,865,15,478,25.87019920349121,2.89683994196821e-05,0.044620998203754425,0.08861350268125534,5.916519876336679e-05,t15_f5_c3,,,,,,,,,,,,,,,,,,,,,,,,,,,,,,,,,,,,,,,ZTF19aapvvsp
2458633.7523727,1,879252371515,20.52589988708496,/ztf/archive/sci/2019/0530/252373/ztf_20190530252373_000478_zg_c04_o_q4_scimrefdiffimg.fits.fz,Kulkarni,1,879,15,478,26.1560001373291,8.128719855449162e-06,0.03189380094408989,-0.10322000086307526,1.5615700249327347e-05,t17_f5_c3,,,,,,,,,,,,,,,,,,,,,,,,,,,,,,,,,,,,,,,ZTF19aapvvsp
2458633.7949074,2,879294901515,20.40850067138672,/ztf/archive/sci/2019/0530/294907/ztf_20190530294907_000478_zr_c04_o_q4_scimrefdiffimg.fits.fz,Kulkarni,1,879,15,478,26.01959991455078,4.583610007102834e-06,0.02402760088443756,0.10155200213193893,8.69209998199949e-06,t17_f5_c3,,,,,,,,,,,,,,,,,,,,,,,,,,,,,,,,,,,,,,,ZTF19aapvvsp
2458636.7297917,2,882229791515,20.46339988708496,/ztf/archive/sci/2019/0602/229792/ztf_20190602229792_000478_zr_c04_o_q4_scimrefdiffimg.fits.fz,Kulkarni,1,882,15,478,26.038799285888672,3.636319888755679e-06,0.021391600370407104,0.09258169680833817,6.96321012583212e-06,t17_f5_c3,,,,,,,,,,,,,,,,,,,,,,,,,,,,,,,,,,,,,,,ZTF19aapvvsp
2458636.774456,1,882274451515,20.886199951171875,/ztf/archive/sci/2019/0602/274456/ztf_20190602274456_000478_zg_c04_o_q4_scimrefdiffimg.fits.fz,Kulkarni,1,882,15,478,26.119199752807617,4.8636002247803845e-06,0.024655500426888466,-0.05920960009098053,9.39799974730704e-06,t17_f5_c3,,,,,,,,,,,,,,,,,,,,,,,,,,,,,,,,,,,,,,,ZTF19aapvvsp
2460288.0590856,2,2533559081515,19.061399459838867,/ztf/archive/sci/2023/1209/559086/ztf_20231209559086_000478_zr_c04_o_q4_scimrefdiffimg.fits.fz,Prince,1,2533,15,478,26.14889907836914,2.5120400096056983e-05,0.05054039880633354,0.0786340981721878,4.877070023212582e-05,t17_f5_c3,,,,,,,,,,,,,,,,,,,,,,,,,,,,,,,,,,,,,,,ZTF19aapvvsp
2460288.0614583,2,2533561451515,18.8843994140625,/ztf/archive/sci/2023/1209/561458/ztf_20231209561458_000478_zr_c04_o_q4_scimrefdiffimg.fits.fz,Prince,1,2533,15,478,26.14430046081543,3.379170084372163e-05,0.05402170121669769,0.08781109750270844,6.509890226880088e-05,t17_f5_c3,,,,,,,,,,,,,,,,,,,,,,,,,,,,,,,,,,,,,,,ZTF19aapvvsp
2460288.063831,2,2533563831515,18.364700317382812,/ztf/archive/sci/2023/1209/563831/ztf_20231209563831_000478_zr_c04_o_q4_scimrefdiffimg.fits.fz,Prince,1,2533,15,478,26.151199340820312,7.02676989021711e-05,0.049609798938035965,0.0932580977678299,0.00014983900473453104,t17_f5_c3,,,,,,,,,,,,,,,,,,,,,,,,,,,,,,,,,,,,,,,ZTF19aapvvsp
2460288.0662037,2,2533566201515,18.17449951171875,/ztf/archive/sci/2023/1209/566192/ztf_20231209566192_000478_zr_c04_o_q4_scimrefdiffimg.fits.fz,Prince,1,2533,15,478,26.163299560546875,0.00011261700274189934,0.06080479919910431,0.10264900326728821,0.0002410059969406575,t17_f5_c3,,,,,,,,,,,,,,,,,,,,,,,,,,,,,,,,,,,,,,,ZTF19aapvvsp
2460288.0685764,2,2533568571515,18.206100463867188,/ztf/archive/sci/2023/1209/568565/ztf_20231209568565_000478_zr_c04_o_q4_scimrefdiffimg.fits.fz,Prince,1,2533,15,478,26.14389991760254,4.7947400162229314e-05,0.046886298805475235,0.09463419765233994,0.00010116199700860307,t17_f5_c3,,,,,,,,,,,,,,,,,,,,,,,,,,,,,,,,,,,,,,,ZTF19aapvvsp
2460291.0478009,2,2536547801515,19.857900619506836,/ztf/archive/sci/2023/1212/547801/ztf_20231212547801_000478_zr_c04_o_q4_scimrefdiffimg.fits.fz,Prince,1,2536,15,478,26.142200469970703,7.126369837351376e-06,0.02967650070786476,0.0900551974773407,1.3421000403468497e-05,t17_f5_c3,,,,,,,,,,,,,,,,,,,,,,,,,,,,,,,,,,,,,,,ZTF19aapvvsp
2460291.0502431,2,2536550241515,19.885799407958984,/ztf/archive/sci/2023/1212/550232/ztf_20231212550232_000478_zr_c04_o_q4_scimrefdiffimg.fits.fz,Prince,1,2536,15,478,26.14739990234375,7.312939942494268e-06,0.03012719936668873,0.08891119807958603,1.3779599612462334e-05,t17_f5_c3,,,,,,,,,,,,,,,,,,,,,,,,,,,,,,,,,,,,,,,ZTF19aapvvsp
2460291.0526736,2,2536552671515,19.812999725341797,/ztf/archive/sci/2023/1212/552662/ztf_20231212552662_000478_zr_c04_o_q4_scimrefdiffimg.fits.fz,Prince,1,2536,15,478,26.14109992980957,6.6529801188153215e-06,0.02884639985859394,0.09761130064725876,1.259199962078128e-05,t17_f5_c3,2.536552671515015e+18,t,1.0,1343.469970703125,257.4410095214844,217.3239222,1.6205624,20.087099075317383,0.27571800351142883,1.1878600120544434,19.99209976196289,0.4237000048160553,0.6083750128746033,18.761999130249023,0.03400000184774399,1.5499999523162842,0.17299999296665192,0.6112880110740662,-0.09499000012874603,1.357990026473999,0.38999998569488525,257.4410095214844,-0.17911100387573242,2.0,1.0410000085830688,1.0169999599456787,0.7665719985961914,0.748898983001709,1.0235999822616577,3.0,0.0,0.8600000143051147,1.0,20.128400802612305,0.6151000261306763,217.3238542,1.6207195,5.03658,ZTF19aapvvsp
2460291.0551157,2,2536555111515,19.987699508666992,/ztf/archive/sci/2023/1212/555104/ztf_20231212555104_000478_zr_c04_o_q4_scimrefdiffimg.fits.fz,Prince,1,2536,15,478,26.14590072631836,5.934809905738803e-06,0.027195900678634644,0.09059789776802063,1.1141500181111041e-05,t17_f5_c3,,,,,,,,,,,,,,,,,,,,,,,,,,,,,,,,,,,,,,,ZTF19aapvvsp
2460291.0575463,2,2536557541515,20.0039005279541,/ztf/archive/sci/2023/1212/557546/ztf_20231212557546_000478_zr_c04_o_q4_scimrefdiffimg.fits.fz,Prince,1,2536,15,478,26.146699905395508,6.091199793445412e-06,0.02752549946308136,0.09754359722137451,1.1518600331328344e-05,t17_f5_c3,,,,,,,,,,,,,,,,,,,,,,,,,,,,,,,,,,,,,,,ZTF19aapvvsp
2460292.0481829,2,2537548181515,19.74720001220703,/ztf/archive/sci/2023/1213/548171/ztf_20231213548171_000478_zr_c04_o_q4_scimrefdiffimg.fits.fz,Prince,1,2537,15,478,26.12809944152832,1.066149980033515e-05,0.03611370176076889,0.10503000020980835,2.008010051213205e-05,t17_f5_c3,,,,,,,,,,,,,,,,,,,,,,,,,,,,,,,,,,,,,,,ZTF19aapvvsp
2460292.0506944,2,2537550691515,19.950300216674805,/ztf/archive/sci/2023/1213/550683/ztf_20231213550683_000478_zr_c04_o_q4_scimrefdiffimg.fits.fz,Prince,1,2537,15,478,26.134300231933594,5.9839399000338744e-06,0.027085399255156517,0.09542509913444519,1.135139973484911e-05,t17_f5_c3,2.537550691515015e+18,t,3.0,1332.9000244140625,259.70001220703125,217.323959,1.6206372,19.933300018310547,0.26378199458122253,2.1592600345611572,19.220399856567383,0.1941000074148178,0.47331398725509644,18.761999130249023,0.03400000184774399,1.5499999523162842,0.17299999296665192,0.030913999304175377,-0.71287602186203,1.2900199890136719,0.4440000057220459,259.70001220703125,0.729852020740509,2.0,1.1410000324249268,0.925000011920929,0.8844820261001587,0.7170429825782776,1.2335100173950195,3.0,0.0,0.5828570127487183,1.0,19.29560089111328,0.26579999923706055,217.3238542,1.6207195,5.09588,ZTF19aapvvsp
2460292.0531944,2,2537553191515,19.901199340820312,/ztf/archive/sci/2023/1213/553183/ztf_20231213553183_000478_zr_c04_o_q4_scimrefdiffimg.fits.fz,Prince,1,2537,15,478,26.14550018310547,7.3546798375900835e-06,0.030071400105953217,0.09002059698104858,1.3832100194122177e-05,t17_f5_c3,2.537553191515015e+18,t,1.0,1333.3599853515625,260.38800048828125,217.3239008,1.6207723,20.149499893188477,0.24056899547576904,0.944586992263794,20.399900436401367,0.5645999908447266,0.25018998980522156,18.761999130249023,0.03400000184774399,1.5499999523162842,0.17299999296665192,0.3164379894733429,0.25042399764060974,1.3684200048446655,0.5669999718666077,260.38800048828125,-0.49865400791168213,2.0,0.8679999709129333,0.8399999737739563,0.6343089938163757,0.6138479709625244,1.033329963684082,1.0,0.0,0.9128569960594177,1.0,20.26259994506836,0.6370999813079834,217.3238542,1.6207195,5.51503,ZTF19aapvvsp
2460292.0556944,2,2537555691515,19.811199188232422,/ztf/archive/sci/2023/1213/555694/ztf_20231213555694_000478_zr_c04_o_q4_scimrefdiffimg.fits.fz,Prince,1,2537,15,478,26.154300689697266,1.0455200026626699e-05,0.03590739890933037,0.08746200054883957,1.963840077223722e-05,t17_f5_c3,2.537555691515015e+18,t,0.0,1334.3900146484375,261.7569885253906,217.3240338,1.62072,19.922300338745117,0.255717009305954,1.0040099620819092,19.630800247192383,0.28130000829696655,0.6380429863929749,18.761999130249023,0.03400000184774399,1.5499999523162842,0.17299999296665192,-0.15068499743938446,-0.2914539873600006,1.4718199968338013,0.6159999966621399,261.7569885253906,0.18044699728488922,2.0,1.0570000410079956,0.9459999799728394,0.7181609869003296,0.6427440047264099,1.1173399686813354,1.0,0.0,0.8814290165901184,1.0,19.793100357055664,0.4178999960422516,217.3238542,1.6207195,5.15558,ZTF19aapvvsp
2460292.058206,2,2537558201515,19.756900787353516,/ztf/archive/sci/2023/1213/558206/ztf_20231213558206_000478_zr_c04_o_q4_scimrefdiffimg.fits.fz,Prince,1,2537,15,478,26.147300720214844,7.671549610677175e-06,0.03070789948105812,0.09705469757318497,1.4598000234400388e-05,t17_f5_c3,2.537558201515015e+18,t,1.0,1335.2099609375,263.4779968261719,217.3238083,1.6206715,19.838300704956055,0.2282239943742752,0.7908290028572083,19.696500778198242,0.30869999527931213,0.2358819991350174,18.761999130249023,0.03400000184774399,1.5499999523162842,0.17299999296665192,0.524740993976593,-0.1418440043926239,2.5,0.7450000047683716,263.4779968261719,0.060408998280763626,1.1987199783325195,1.1410000324249268,1.0110000371932983,0.4564000070095062,0.4043999910354614,1.1285899877548218,7.0,0.0,0.857142984867096,0.9684439897537231,20.211200714111328,0.6341000199317932,217.3238542,1.6207195,5.7813,ZTF19aapvvsp
2460293.0510417,2,2538551041515,19.775800704956055,/ztf/archive/sci/2023/1214/551019/ztf_20231214551019_000478_zr_c04_o_q4_scimrefdiffimg.fits.fz,Prince,1,2538,15,478,26.135000228881836,9.104809578275308e-06,0.033434800803661346,0.07995989918708801,1.720749969535973e-05,t17_f5_c3,,,,,,,,,,,,,,,,,,,,,,,,,,,,,,,,,,,,,,,ZTF19aapvvsp
2460326.9976505,1,2572497651515,19.13450050354004,/ztf/archive/sci/2024/0117/497650/ztf_20240117497650_000478_zg_c04_o_q4_scimrefdiffimg.fits.fz,Kulkarni,1,2572,15,478,25.065200805664062,4.946569970343262e-05,0.06089179962873459,-0.12211800366640091,0.00013255899830255657,t17_f5_c3,,,,,,,,,,,,,,,,,,,,,,,,,,,,,,,,,,,,,,,ZTF19aapvvsp
2460327.0189352,2,2572518931515,18.775100708007812,/ztf/archive/sci/2024/0117/518935/ztf_20240117518935_000478_zr_c04_o_q4_scimrefdiffimg.fits.fz,Kulkarni,1,2572,15,478,24.74209976196289,1.8175100194639526e-05,0.046097200363874435,0.07400110363960266,3.477969949017279e-05,t17_f5_c3,,,,,,,,,,,,,,,,,,,,,,,,,,,,,,,,,,,,,,,ZTF19aapvvsp
2460351.9246181,1,2597424611515,20.171899795532227,/ztf/archive/sci/2024/0211/424606/ztf_20240211424606_000478_zg_c04_o_q4_scimrefdiffimg.fits.fz,Kulkarni,1,2597,15,478,26.25200080871582,1.1510300282679964e-05,0.03726840019226074,-0.08208610117435455,2.2937700123293325e-05,t17_f5_c3,2.597424611515015e+18,t,5.0,1319.72998046875,298.6619873046875,217.3238449,1.6207184,19.91200065612793,0.1615069955587387,1.2263400554656982,20.125200271606445,0.32339999079704285,0.0782490000128746,19.424999237060547,0.026000000536441803,0.8569999933242798,0.04699999839067459,0.7072020173072815,0.2132200002670288,2.6600000858306885,0.9350000023841858,298.6619873046875,0.046688999980688095,1.0911999940872192,0.8169999718666077,0.7720000147819519,0.3071430027484894,0.290226012468338,1.0582900047302246,5.0,0.0,0.9528570175170898,0.965453028678894,20.065000534057617,0.391400009393692,217.3238547,1.6207381,10.2406,ZTF19aapvvsp
2460351.9833796,2,2597483371515,20.03030014038086,/ztf/archive/sci/2024/0211/483368/ztf_20240211483368_000478_zr_c04_o_q4_scimrefdiffimg.fits.fz,Kulkarni,1,2597,15,478,26.190200805664062,6.9572201937262435e-06,0.029460500925779343,0.09256800264120102,1.3324200153874699e-05,t17_f5_c3,,,,,,,,,,,,,,,,,,,,,,,,,,,,,,,,,,,,,,,ZTF19aapvvsp
2460353.973669,2,2599473661515,20.2091007232666,/ztf/archive/sci/2024/0213/473669/ztf_20240213473669_000478_zr_c04_o_q4_scimrefdiffimg.fits.fz,Kulkarni,1,2599,15,478,26.217500686645508,7.232290045067202e-06,0.030076900497078896,0.07786860316991806,1.3810599739372265e-05,t17_f5_c3,,,,,,,,,,,,,,,,,,,,,,,,,,,,,,,,,,,,,,,ZTF19aapvvsp
2460353.9853472,1,2599485341515,20.16349983215332,/ztf/archive/sci/2024/0213/485336/ztf_20240213485336_000478_zg_c04_o_q4_scimrefdiffimg.fits.fz,Kulkarni,1,2599,15,478,26.339099884033203,1.0238500181003474e-05,0.03422439843416214,-0.10780300199985504,2.1593999917968176e-05,t17_f5_c3,2.599485341515015e+18,t,0.0,1346.9200439453125,279.0140075683594,217.3238762,1.6207164,19.530099868774414,0.16837599873542786,1.1456199884414673,19.675399780273438,0.18619999289512634,0.10865200310945511,19.424999237060547,0.026000000536441803,0.8569999933242798,0.04699999839067459,0.13192200660705566,0.14532099664211273,2.819999933242798,0.9359999895095825,279.0140075683594,0.48805099725723267,1.1969499588012695,0.8730000257492065,0.6919999718666077,0.3095740079879761,0.24538999795913696,1.2615599632263184,3.0,0.0,0.9185709953308105,1.0,19.733600616455078,0.2506999969482422,217.3238547,1.6207381,10.107,ZTF19aapvvsp
2460355.9771412,2,2601477141515,20.44569969177246,/ztf/archive/sci/2024/0215/477141/ztf_20240215477141_000478_zr_c04_o_q4_scimrefdiffimg.fits.fz,Kulkarni,1,2601,15,478,26.18779945373535,3.9674901017860975e-06,0.02226869948208332,0.09287349879741669,7.5565999395621475e-06,t17_f5_c3,,,,,,,,,,,,,,,,,,,,,,,,,,,,,,,,,,,,,,,ZTF19aapvvsp
2460356.0194097,1,2601519401515,20.407100677490234,/ztf/archive/sci/2024/0215/519410/ztf_20240215519410_000478_zg_c04_o_q4_scimrefdiffimg.fits.fz,Kulkarni,1,2601,15,478,26.33919906616211,8.887580406735651e-06,0.03302789852023125,-0.1097399964928627,1.7559399566380307e-05,t17_f5_c3,2.601519401515015e+18,t,0.0,1356.530029296875,294.1109924316406,217.3239196,1.6207115,19.785200119018555,0.15580399334430695,1.513159990310669,20.177499771118164,0.2694000005722046,0.2493710070848465,19.424999237060547,0.026000000536441803,0.8569999933242798,0.04699999839067459,0.35370099544525146,0.3922710120677948,2.180000066757202,0.9300000071525574,294.1109924316406,0.2295999974012375,1.357159972190857,0.7609999775886536,0.6970000267028809,0.3490830063819885,0.31972500681877136,1.0918200016021729,4.0,0.0,0.9399999976158142,0.9823769927024841,20.161699295043945,0.33899998664855957,217.3238547,1.6207381,11.2818,ZTF19aapvvsp
2460363.906956,1,2609406951515,18.8966007232666,/ztf/archive/sci/2024/0223/406956/ztf_20240223406956_000478_zg_c04_o_q4_scimrefdiffimg.fits.fz,Kulkarni,1,2609,15,478,26.122600555419922,3.5817000025417656e-05,0.04894290119409561,-0.07194709777832031,9.504920308245346e-05,t17_f5_c3,2.609406951515015e+18,t,0.0,1342.5,266.7019958496094,217.3238734,1.6207666,19.37459945678711,0.2922930121421814,0.8801940083503723,19.598600387573242,0.5717999935150146,0.12106899917125702,19.424999237060547,0.026000000536441803,0.8569999933242798,0.04699999839067459,0.9370530247688293,0.22397300601005554,2.5399999618530273,0.6830000281333923,266.7019958496094,-0.7020440101623535,1.2747600078582764,1.0399999618530273,0.8080000281333923,0.4094490110874176,0.31810998916625977,1.2871299982070923,4.0,0.0,0.8100000023841858,0.9686189889907837,19.69659996032715,0.8033000230789185,217.3238547,1.6207381,5.96521,ZTF19aapvvsp
2460363.9511806,2,2609451181515,18.02630043029785,/ztf/archive/sci/2024/0223/451181/ztf_20240223451181_000478_zr_c04_o_q4_scimrefdiffimg.fits.fz,Kulkarni,1,2609,15,478,25.358699798583984,3.863350138999522e-05,0.04971820116043091,0.06582280248403549,7.99449990154244e-05,t17_f5_c3,,,,,,,,,,,,,,,,,,,,,,,,,,,,,,,,,,,,,,,ZTF19aapvvsp
2460369.9190509,2,2615419051515,19.72960090637207,/ztf/archive/sci/2024/0229/419039/ztf_20240229419039_000478_zr_c04_o_q4_scimrefdiffimg.fits.fz,Kulkarni,1,2615,15,478,26.219600677490234,9.623840014683083e-06,0.03458809852600098,0.08644980192184448,1.8431999706081115e-05,t17_f5_c3,,,,,,,,,,,,,,,,,,,,,,,,,,,,,,,,,,,,,,,ZTF19aapvvsp
2460369.9422917,1,2615442291515,19.453800201416016,/ztf/archive/sci/2024/0229/442280/ztf_20240229442280_000478_zg_c04_o_q4_scimrefdiffimg.fits.fz,Kulkarni,1,2615,15,478,26.376800537109375,2.506460077711381e-05,0.046387698501348495,-0.09579219669103622,6.379409751389176e-05,t17_f5_c3,2.615442291515015e+18,t,0.0,1363.0899658203125,285.3819885253906,217.3238577,1.6206661,19.800800323486328,0.25198298692703247,0.8345350027084351,19.986099243164062,0.5188999772071838,0.2561439871788025,19.424999237060547,0.026000000536441803,0.8569999933242798,0.04699999839067459,1.0207099914550781,0.18532200157642365,1.5255500078201294,0.8460000157356262,285.3819885253906,-0.5322740077972412,2.0,0.7200000286102295,0.6230000257492065,0.47196200489997864,0.4083789885044098,1.1556999683380127,3.0,0.0,0.8985710144042969,0.8949429988861084,19.944799423217773,0.6413999795913696,217.3238547,1.6207381,5.12423,ZTF19aapvvsp
2460379.8305903,2,2625330591515,20.0393009185791,/ztf/archive/sci/2024/0310/330590/ztf_20240310330590_000478_zr_c04_o_q4_scimrefdiffimg.fits.fz,Kulkarni,1,2625,15,478,25.9507999420166,7.269559773703804e-06,0.03010229952633381,0.09392739832401276,1.3704800039704423e-05,t17_f5_c3,,,,,,,,,,,,,,,,,,,,,,,,,,,,,,,,,,,,,,,ZTF19aapvvsp
2460379.8735532,1,2625373551515,20.077999114990234,/ztf/archive/sci/2024/0310/373553/ztf_20240310373553_000478_zg_c04_o_q4_scimrefdiffimg.fits.fz,Kulkarni,1,2625,15,478,26.13319969177246,1.091250032914104e-05,0.03579840064048767,-0.09719830006361008,2.2693999198963866e-05,t17_f5_c3,2.625373551515015e+18,t,0.0,1344.9100341796875,248.64599609375,217.3238829,1.6207048,20.040199279785156,0.20148900151252747,0.8988180160522461,20.496299743652344,0.48399999737739563,0.15520000457763672,19.424999237060547,0.026000000536441803,0.8569999933242798,0.04699999839067459,0.5027729868888855,0.4561159908771515,1.4835699796676636,0.6539999842643738,248.64599609375,-0.4183329939842224,2.0,0.7559999823570251,0.675000011920929,0.509581983089447,0.45498400926589966,1.1200000047683716,5.0,0.0,0.9342859983444214,0.9923059940338135,20.767900466918945,0.7957000136375427,217.3238547,1.6207381,7.97157,ZTF19aapvvsp
2460388.8786227,2,2634378621515,20.114999771118164,/ztf/archive/sci/2024/0319/378623/ztf_20240319378623_000478_zr_c04_o_q4_scimrefdiffimg.fits.fz,Kulkarni,1,2634,15,478,26.1835994720459,4.986569820175646e-06,0.024907000362873077,0.08529619872570038,9.556870281812735e-06,t17_f5_c3,,,,,,,,,,,,,,,,,,,,,,,,,,,,,,,,,,,,,,,ZTF19aapvvsp
2460388.940625,1,2634440621515,20.103599548339844,/ztf/archive/sci/2024/0319/440613/ztf_20240319440613_000478_zg_c04_o_q4_scimrefdiffimg.fits.fz,Kulkarni,1,2634,15,478,26.35300064086914,1.1940500371565577e-05,0.03754359856247902,-0.1076510027050972,2.516530003049411e-05,t17_f5_c3,2.634440621515015e+18,t,0.0,1369.010009765625,298.32598876953125,217.3238648,1.6207362,19.87700080871582,0.21610400080680847,1.4799200296401978,20.191099166870117,0.351500004529953,0.036566998809576035,19.424999237060547,0.026000000536441803,0.8569999933242798,0.04699999839067459,0.22341999411582947,0.3140850067138672,1.850000023841858,0.6600000262260437,298.32598876953125,-0.08745100349187851,1.6255700588226318,0.7289999723434448,0.5989999771118164,0.39405399560928345,0.3237839937210083,1.2170300483703613,6.0,0.0,0.945713996887207,0.9120619893074036,20.415000915527344,0.5533999800682068,217.3238547,1.6207381,8.22252,ZTF19aapvvsp
2460391.7686806,2,2637268681515,19.505599975585938,/ztf/archive/sci/2024/0322/268657/ztf_20240322268657_000478_zr_c04_o_q4_scimrefdiffimg.fits.fz,Kulkarni,1,2637,15,478,26.075899124145508,8.17337968328502e-06,0.03189289942383766,0.10403700172901154,1.54467998072505e-05,t17_f5_c3,,,,,,,,,,,,,,,,,,,,,,,,,,,,,,,,,,,,,,,ZTF19aapvvsp
2460391.8978356,1,2637397831515,19.49839973449707,/ztf/archive/sci/2024/0322/397731/ztf_20240322397731_000478_zg_c04_o_q4_scimrefdiffimg.fits.fz,Kulkarni,1,2637,15,478,26.310199737548828,1.6363999748136848e-05,0.04056650027632713,-0.0965384989976883,3.970320176449604e-05,t17_f5_c3,,,,,,,,,,,,,,,,,,,,,,,,,,,,,,,,,,,,,,,ZTF19aapvvsp
2460396.8598495,1,2642359841515,18.856000900268555,/ztf/archive/sci/2024/0327/359850/ztf_20240327359850_000478_zg_c04_o_q4_scimrefdiffimg.fits.fz,Kulkarni,1,2642,15,478,26.332799911499023,2.9978300517541356e-05,0.041470400989055634,-0.09976629912853241,8.418990182690322e-05,t17_f5_c3,,,,,,,,,,,,,,,,,,,,,,,,,,,,,,,,,,,,,,,ZTF19aapvvsp
2460398.8086574,1,2644308651515,19.281299591064453,/ztf/archive/sci/2024/0329/308657/ztf_20240329308657_000478_zg_c04_o_q4_scimrefdiffimg.fits.fz,Kulkarni,1,2644,15,478,26.261899948120117,2.300669984833803e-05,0.04342149943113327,-0.06552810221910477,5.9179001254960895e-05,t17_f5_c3,,,,,,,,,,,,,,,,,,,,,,,,,,,,,,,,,,,,,,,ZTF19aapvvsp
2460398.9312616,2,2644431261515,19.47410011291504,/ztf/archive/sci/2024/0329/431262/ztf_20240329431262_000478_zr_c04_o_q4_scimrefdiffimg.fits.fz,Kulkarni,1,2644,15,478,26.192100524902344,7.415389973175479e-06,0.030348900705575943,0.1008249968290329,1.4221600395103451e-05,t17_f5_c3,,,,,,,,,,,,,,,,,,,,,,,,,,,,,,,,,,,,,,,ZTF19aapvvsp
2460404.8575926,2,2650357591515,20.45479965209961,/ztf/archive/sci/2024/0404/357593/ztf_20240404357593_000478_zr_c04_o_q4_scimrefdiffimg.fits.fz,Kulkarni,1,2650,15,478,26.20490074157715,3.902489879692439e-06,0.021995199844241142,0.08970800042152405,7.533939879067475e-06,t17_f5_c3,,,,,,,,,,,,,,,,,,,,,,,,,,,,,,,,,,,,,,,ZTF19aapvvsp
2460404.8978125,1,2650397811515,20.361900329589844,/ztf/archive/sci/2024/0404/397743/ztf_20240404397743_000478_zg_c04_o_q4_scimrefdiffimg.fits.fz,Kulkarni,1,2650,15,478,26.359899520874023,1.0007500350184273e-05,0.0347164012491703,-0.10861299932003021,2.052409945463296e-05,t17_f5_c3,2.650397811515015e+18,t,1.0,1362.6700439453125,289.55999755859375,217.3239304,1.6207321,20.058900833129883,0.23900200426578522,1.4717899560928345,20.030099868774414,0.21070000529289246,0.26973098516464233,19.424999237060547,0.026000000536441803,0.8569999933242798,0.04699999839067459,0.46407198905944824,-0.0288309995085001,3.6500000953674316,0.6880000233650208,289.55999755859375,0.3317680060863495,0.9460510015487671,1.034999966621399,0.8080000281333923,0.2835620045661926,0.22136999666690826,1.280940055847168,4.0,0.0,0.8728569746017456,1.0,20.341400146484375,0.35740000009536743,217.3238547,1.6207381,9.86387,ZTF19aapvvsp
2460408.8208565,1,2654320851515,20.38629913330078,/ztf/archive/sci/2024/0408/320810/ztf_20240408320810_000478_zg_c04_o_q4_scimrefdiffimg.fits.fz,Kulkarni,1,2654,15,478,26.326400756835938,1.0108199603564572e-05,0.03528460115194321,-0.11337900161743164,1.9949800844187848e-05,t17_f5_c3,2.654320851515015e+18,t,4.0,1354.8699951171875,291.09698486328125,217.3238821,1.6207298,19.93239974975586,0.14391200244426727,1.0395300388336182,20.226699829101562,0.29499998688697815,0.10187000036239624,19.424999237060547,0.026000000536441803,0.8569999933242798,0.04699999839067459,0.47879400849342346,0.2943440079689026,2.2699999809265137,0.7850000262260437,291.09698486328125,0.15963000059127808,1.267109990119934,0.800000011920929,0.7120000123977661,0.3524230122566223,0.3136560022830963,1.1236000061035156,3.0,0.0,0.9571430087089539,0.9190739989280701,20.310100555419922,0.40689998865127563,217.3238547,1.6207381,6.33435,ZTF19aapvvsp
2460413.8378009,1,2659337801515,20.62310028076172,/ztf/archive/sci/2024/0413/337789/ztf_20240413337789_000478_zg_c04_o_q4_scimrefdiffimg.fits.fz,Kulkarni,1,2659,15,478,26.365299224853516,9.4595898190164e-06,0.03416230157017708,-0.12473399937152863,1.8590499166748486e-05,t17_f5_c3,,,,,,,,,,,,,,,,,,,,,,,,,,,,,,,,,,,,,,,ZTF19aapvvsp
2460413.8995139,2,2659399511515,20.412500381469727,/ztf/archive/sci/2024/0413/399514/ztf_20240413399514_000478_zr_c04_o_q4_scimrefdiffimg.fits.fz,Kulkarni,1,2659,15,478,26.172700881958008,4.320590051065665e-06,0.023059699684381485,0.09716089814901352,8.251869985542726e-06,t17_f5_c3,,,,,,,,,,,,,,,,,,,,,,,,,,,,,,,,,,,,,,,ZTF19aapvvsp
2460417.8598148,2,2663359811515,19.952199935913086,/ztf/archive/sci/2024/0417/359815/ztf_20240417359815_000478_zr_c04_o_q4_scimrefdiffimg.fits.fz,Kulkarni,1,2663,15,478,26.260799407958984,8.47668979986338e-06,0.031650301069021225,0.06850109994411469,1.6404099369538017e-05,t17_f5_c3,2.663359811515015e+18,t,3.0,1379.1099853515625,290.5880126953125,217.323963,1.6207175,20.21380043029785,0.3101460039615631,1.937600016593933,20.246299743652344,0.4368000030517578,0.3866310119628906,18.761999130249023,0.03400000184774399,1.5499999523162842,0.17299999296665192,0.7256079912185669,0.03254399821162224,1.466439962387085,0.8130000233650208,290.5880126953125,-0.2941359877586365,2.0,0.6679999828338623,0.3840000033378601,0.4555239975452423,0.2618579864501953,1.7395800352096558,8.0,0.0,0.6585710048675537,0.5162460207939148,20.45870018005371,0.6797999739646912,217.3238542,1.6207195,5.28272,ZTF19aapvvsp
2460417.901794,1,2663401791515,20.103099822998047,/ztf/archive/sci/2024/0417/401782/ztf_20240417401782_000478_zg_c04_o_q4_scimrefdiffimg.fits.fz,Kulkarni,1,2663,15,478,26.34469985961914,1.4351199752127286e-05,0.040366701781749725,-0.11545199900865555,3.081540126004256e-05,t17_f5_c3,,,,,,,,,,,,,,,,,,,,,,,,,,,,,,,,,,,,,,,ZTF19aapvvsp
2460419.7687037,2,2665268701515,19.96339988708496,/ztf/archive/sci/2024/0419/268704/ztf_20240419268704_000478_zr_c04_o_q4_scimrefdiffimg.fits.fz,Kulkarni,1,2665,15,478,26.18560028076172,5.727300049329642e-06,0.026697300374507904,0.08567850291728973,1.0791300155688077e-05,t17_f5_c3,,,,,,,,,,,,,,,,,,,,,,,,,,,,,,,,,,,,,,,ZTF19aapvvsp
2460419.8190394,1,2665319031515,19.761600494384766,/ztf/archive/sci/2024/0419/319039/ztf_20240419319039_000478_zg_c04_o_q4_scimrefdiffimg.fits.fz,Kulkarni,1,2665,15,478,26.308799743652344,1.3017999663134106e-05,0.038179900497198105,-0.07691950350999832,2.910879993578419e-05,t17_f5_c3,2.665319031515015e+18,t,1.0,1370.8800048828125,274.6820068359375,217.3239396,1.6206332,20.266799926757812,0.31529700756073,1.2516900300979614,20.39900016784668,0.626800000667572,0.4798339903354645,19.424999237060547,0.026000000536441803,0.8569999933242798,0.04699999839067459,0.866096019744873,0.13222399353981018,1.3935699462890625,0.8880000114440918,274.6820068359375,-0.6373770236968994,2.0,0.6340000033378601,0.531000018119812,0.45494699478149414,0.38103601336479187,1.193969964981079,6.0,0.0,0.9028570055961609,0.8218969702720642,20.67460060119629,1.0365999937057495,217.3238547,1.6207381,5.17585,ZTF19aapvvsp
2460421.849213,1,2667349211515,19.151399612426758,/ztf/archive/sci/2024/0421/349167/ztf_20240421349167_000478_zg_c04_o_q4_scimrefdiffimg.fits.fz,Kulkarni,1,2667,15,478,26.306900024414062,2.2194599296199158e-05,0.04034170135855675,-0.09344600141048431,5.864620106876828e-05,t17_f5_c3,,,,,,,,,,,,,,,,,,,,,,,,,,,,,,,,,,,,,,,ZTF19aapvvsp
2460421.8833912,2,2667383391515,19.43160057067871,/ztf/archive/sci/2024/0421/383391/ztf_20240421383391_000478_zr_c04_o_q4_scimrefdiffimg.fits.fz,Kulkarni,1,2667,15,478,26.154199600219727,7.968699719640426e-06,0.03153169900178909,0.08438269793987274,1.531879934191238e-05,t17_f5_c3,,,,,,,,,,,,,,,,,,,,,,,,,,,,,,,,,,,,,,,ZTF19aapvvsp
2460423.788831,1,2669288831515,18.940200805664062,/ztf/archive/sci/2024/0423/288808/ztf_20240423288808_000478_zg_c04_o_q4_scimrefdiffimg.fits.fz,Kulkarni,1,2669,15,478,26.32390022277832,3.926290082745254e-05,0.05147619917988777,-0.07614299654960632,0.00010760100121842697,t17_f5_c3,,,,,,,,,,,,,,,,,,,,,,,,,,,,,,,,,,,,,,,ZTF19aapvvsp
2460423.8996296,2,2669399621515,19.09589958190918,/ztf/archive/sci/2024/0423/399583/ztf_20240423399583_000478_zr_c04_o_q4_scimrefdiffimg.fits.fz,Kulkarni,1,2669,15,478,26.18829917907715,1.2333700396993663e-05,0.03905459865927696,0.09148730337619781,2.3593600417370908e-05,t17_f5_c3,,,,,,,,,,,,,,,,,,,,,,,,,,,,,,,,,,,,,,,ZTF19aapvvsp
2460429.7958912,1,2675295891515,20.500699996948242,/ztf/archive/sci/2024/0429/295880/ztf_20240429295880_000478_zg_c04_o_q4_scimrefdiffimg.fits.fz,Kulkarni,1,2675,15,478,26.319900512695312,1.1272600204392802e-05,0.03749610111117363,-0.11845500022172928,2.1768899387097917e-05,t17_f5_c3,2.675295891515015e+18,t,4.0,1383.530029296875,273.9150085449219,217.3238716,1.6207407,20.026899337768555,0.19896300137043,1.6154799461364746,20.276899337768555,0.3091999888420105,0.06093199923634529,19.424999237060547,0.026000000536441803,0.8569999933242798,0.04699999839067459,0.44836699962615967,0.2499620020389557,1.7799999713897705,0.8309999704360962,273.9150085449219,0.22384899854660034,1.4522099494934082,0.5899999737739563,0.49799999594688416,0.33146101236343384,0.2797749936580658,1.1847399473190308,7.0,0.0,0.9385709762573242,0.8696939945220947,20.26799964904785,0.39169999957084656,217.3238547,1.6207381,10.2107,ZTF19aapvvsp
2460429.8573264,2,2675357321515,20.277599334716797,/ztf/archive/sci/2024/0429/357315/ztf_20240429357315_000478_zr_c04_o_q4_scimrefdiffimg.fits.fz,Kulkarni,1,2675,15,478,26.197599411010742,7.150680175982416e-06,0.02993769943714142,0.08169790357351303,1.368040011584526e-05,t17_f5_c3,,,,,,,,,,,,,,,,,,,,,,,,,,,,,,,,,,,,,,,ZTF19aapvvsp
2460431.7539236,2,2677253921515,20.62700080871582,/ztf/archive/sci/2024/0501/253912/ztf_20240501253912_000478_zr_c04_o_q4_scimrefdiffimg.fits.fz,Kulkarni,1,2677,15,478,26.1914005279541,8.582590453443117e-06,0.03274650126695633,0.09124179929494858,1.634940053918399e-05,t17_f5_c3,,,,,,,,,,,,,,,,,,,,,,,,,,,,,,,,,,,,,,,ZTF19aapvvsp
2460431.8289931,1,2677328991515,20.7908992767334,/ztf/archive/sci/2024/0501/328982/ztf_20240501328982_000478_zg_c04_o_q4_scimrefdiffimg.fits.fz,Kulkarni,1,2677,15,478,26.375,1.1325600098643918e-05,0.037365201860666275,-0.12754499912261963,2.165929981856607e-05,t17_f5_c3,2.677328991515015e+18,t,2.0,1375.18994140625,268.01800537109375,217.3238664,1.6207205,20.131099700927734,0.15578299760818481,1.402169942855835,20.32349967956543,0.24709999561309814,0.0751900002360344,19.424999237060547,0.026000000536441803,0.8569999933242798,0.04699999839067459,0.12813499569892883,0.19245000183582306,3.130000114440918,0.8460000157356262,268.01800537109375,0.46742498874664307,0.8328530192375183,0.671999990940094,0.5590000152587891,0.214696004986763,0.17859399318695068,1.2021499872207642,5.0,0.0,0.9385709762573242,0.9683629870414734,20.438600540161133,0.3495999872684479,217.3238547,1.6207381,6.88169,ZTF19aapvvsp
2460434.8315278,1,2680331521515,20.71150016784668,/ztf/archive/sci/2024/0504/331528/ztf_20240504331528_000478_zg_c04_o_q4_scimrefdiffimg.fits.fz,Kulkarni,1,2680,15,478,26.285900115966797,1.1499199899844825e-05,0.03775060176849365,-0.11999399960041046,2.1983400074532256e-05,t17_f5_c3,2.680331521515015e+18,t,0.0,1389.739990234375,265.3559875488281,217.3238916,1.6207288,20.06290054321289,0.19779600203037262,1.8242599964141846,20.327899932861328,0.2599000036716461,0.1354070007801056,19.424999237060547,0.026000000536441803,0.8569999933242798,0.04699999839067459,0.2469319999217987,0.26504001021385193,2.3399999141693115,0.9700000286102295,265.3559875488281,0.3835879862308502,1.144670009613037,0.6380000114440918,0.5879999995231628,0.27265000343322754,0.2512820065021515,1.08502995967865,8.0,0.0,0.9228569865226746,0.8165590167045593,20.509700775146484,0.39079999923706055,217.3238547,1.6207381,8.90101,ZTF19aapvvsp
2460434.855544,2,2680355541515,20.54680061340332,/ztf/archive/sci/2024/0504/355440/ztf_20240504355440_000478_zr_c04_o_q4_scimrefdiffimg.fits.fz,Kulkarni,1,2680,15,478,26.1382999420166,3.921670213458128e-06,0.022022100165486336,0.09866999834775925,7.517609901697142e-06,t17_f5_c3,,,,,,,,,,,,,,,,,,,,,,,,,,,,,,,,,,,,,,,ZTF19aapvvsp
2460437.757419,2,2683257411515,20.319299697875977,/ztf/archive/sci/2024/0507/257419/ztf_20240507257419_000478_zr_c04_o_q4_scimrefdiffimg.fits.fz,Kulkarni,1,2683,15,478,26.183399200439453,4.660730155592319e-06,0.02403309941291809,0.09085919708013535,8.830280421534553e-06,t17_f5_c3,,,,,,,,,,,,,,,,,,,,,,,,,,,,,,,,,,,,,,,ZTF19aapvvsp
2460437.7958449,1,2683295841515,20.218599319458008,/ztf/archive/sci/2024/0507/295845/ztf_20240507295845_000478_zg_c04_o_q4_scimrefdiffimg.fits.fz,Kulkarni,1,2683,15,478,26.366500854492188,1.2218800293339882e-05,0.03658119961619377,-0.11639899760484695,2.617700010887347e-05,t17_f5_c3,2.683295841515015e+18,t,2.0,1379.0899658203125,255.3280029296875,217.3238708,1.6207059,19.827499389648438,0.21195299923419952,1.4435100555419922,20.394500732421875,0.349700003862381,0.12793999910354614,19.424999237060547,0.026000000536441803,0.8569999933242798,0.04699999839067459,0.7549620270729065,0.567022979259491,2.9100000858306885,0.7020000219345093,255.3280029296875,-0.17590799927711487,1.1339199542999268,0.6890000104904175,0.6230000257492065,0.23677000403404236,0.21408900618553162,1.1059399843215942,3.0,0.0,0.8985710144042969,1.0,20.345500946044922,0.42730000615119934,217.3238547,1.6207381,6.49264,ZTF19aapvvsp
2460438.7636574,2,2684263651515,20.32939910888672,/ztf/archive/sci/2024/0508/263646/ztf_20240508263646_000478_zr_c04_o_q4_scimrefdiffimg.fits.fz,Kulkarni,1,2684,15,478,26.16550064086914,3.929049853468314e-06,0.022098399698734283,0.09192310273647308,7.482839919248363e-06,t17_f5_c3,,,,,,,,,,,,,,,,,,,,,,,,,,,,,,,,,,,,,,,ZTF19aapvvsp
2460438.814213,1,2684314211515,20.41360092163086,/ztf/archive/sci/2024/0508/314201/ztf_20240508314201_000478_zg_c04_o_q4_scimrefdiffimg.fits.fz,Kulkarni,1,2684,15,478,26.373899459838867,1.0122100320586469e-05,0.034665901213884354,-0.11878599971532822,2.0508799934759736e-05,t17_f5_c3,2.684314211515015e+18,t,1.0,1367.3699951171875,278.77899169921875,217.3238874,1.6207485,19.90690040588379,0.16644400358200073,1.602120041847229,19.925199508666992,0.2079000025987625,0.12205500155687332,19.424999237060547,0.026000000536441803,0.8569999933242798,0.04699999839067459,0.3066369891166687,0.01832200028002262,2.5899999141693115,0.6520000100135803,278.77899169921875,0.4883759915828705,1.1667900085449219,0.8289999961853027,0.781000018119812,0.32007700204849243,0.3015440106391907,1.061460018157959,2.0,0.0,0.9542859792709351,1.0,20.28619956970215,0.3693999946117401,217.3238547,1.6207381,10.6702,ZTF19aapvvsp
2460438.8392824,3,2684339281515,19.594499588012695,/ztf/archive/sci/2024/0508/339271/ztf_20240508339271_000478_zi_c04_o_q4_scimrefdiffimg.fits.fz,Kulkarni,1,2684,15,478,25.50429916381836,3.1474401112063788e-06,0.028568100184202194,0.1835779994726181,1.945529947988689e-05,t17_f5_c3,,,,,,,,,,,,,,,,,,,,,,,,,,,,,,,,,,,,,,,ZTF19aapvvsp
2460440.8660532,2,2686366051515,20.12470054626465,/ztf/archive/sci/2024/0510/366042/ztf_20240510366042_000478_zr_c04_o_q4_scimrefdiffimg.fits.fz,Kulkarni,1,2686,15,478,26.145099639892578,4.355300006864127e-06,0.023407399654388428,0.09401349723339081,8.277969754999503e-06,t17_f5_c3,,,,,,,,,,,,,,,,,,,,,,,,,,,,,,,,,,,,,,,ZTF19aapvvsp
2460442.7691204,2,2688269121515,20.40049934387207,/ztf/archive/sci/2024/0512/269120/ztf_20240512269120_000478_zr_c04_o_q4_scimrefdiffimg.fits.fz,Kulkarni,1,2688,15,478,26.173599243164062,4.98590998176951e-06,0.024886200204491615,0.08803799748420715,9.463889909966383e-06,t17_f5_c3,,,,,,,,,,,,,,,,,,,,,,,,,,,,,,,,,,,,,,,ZTF19aapvvsp
2460442.8383218,1,2688338321515,20.431400299072266,/ztf/archive/sci/2024/0512/338322/ztf_20240512338322_000478_zg_c04_o_q4_scimrefdiffimg.fits.fz,Kulkarni,1,2688,15,478,26.268400192260742,9.50068988458952e-06,0.03420580178499222,-0.09094160050153732,1.820639954530634e-05,t17_f5_c3,2.688338321515015e+18,t,1.0,1383.93994140625,267.1650085449219,217.3239095,1.6207577,19.901399612426758,0.1500760018825531,0.867730975151062,19.949199676513672,0.23999999463558197,0.20681999623775482,19.424999237060547,0.026000000536441803,0.8569999933242798,0.04699999839067459,0.3188120126724243,0.047846999019384384,1.6299999952316284,0.8640000224113464,267.1650085449219,0.4821839928627014,1.6125999689102173,0.6840000152587891,0.6110000014305115,0.4196319878101349,0.3748469948768616,1.119480013847351,4.0,0.0,0.949999988079071,0.9948379993438721,19.889699935913086,0.29030001163482666,217.3238547,1.6207381,6.97206,ZTF19aapvvsp
2460444.7965625,2,2690296561515,20.504199981689453,/ztf/archive/sci/2024/0514/296551/ztf_20240514296551_000478_zr_c04_o_q4_scimrefdiffimg.fits.fz,Kulkarni,1,2690,15,478,26.197500228881836,7.311929948627949e-06,0.03026209957897663,0.08562350273132324,1.4002699572301935e-05,t17_f5_c3,,,,,,,,,,,,,,,,,,,,,,,,,,,,,,,,,,,,,,,ZTF19aapvvsp
2460446.7944329,2,2692294431515,20.0393009185791,/ztf/archive/sci/2024/0516/294433/ztf_20240516294433_000478_zr_c04_o_q4_scimrefdiffimg.fits.fz,Kulkarni,1,2692,15,478,26.143699645996094,5.7284401009383146e-06,0.026720300316810608,0.09129709750413895,1.0868900062632747e-05,t17_f5_c3,,,,,,,,,,,,,,,,,,,,,,,,,,,,,,,,,,,,,,,ZTF19aapvvsp
2460446.8507639,1,2692350761515,20.030000686645508,/ztf/archive/sci/2024/0516/350764/ztf_20240516350764_000478_zg_c04_o_q4_scimrefdiffimg.fits.fz,Kulkarni,1,2692,15,478,26.233400344848633,1.2782999874616507e-05,0.038924701511859894,-0.07440590113401413,2.625029992486816e-05,t17_f5_c3,2.692350761515015e+18,t,2.0,1376.1500244140625,260.3269958496094,217.3239107,1.62073,19.68440055847168,0.16088899970054626,0.8563370108604431,19.65570068359375,0.23749999701976776,0.20102499425411224,19.424999237060547,0.026000000536441803,0.8569999933242798,0.04699999839067459,0.4370740056037903,-0.028742000460624695,2.799999952316284,0.9380000233650208,260.3269958496094,0.3743230104446411,1.0420600175857544,0.8700000047683716,0.7400000095367432,0.3107140064239502,0.26428601145744324,1.1756800413131714,5.0,0.0,0.9571430087089539,0.9623649716377258,19.669300079345703,0.3077000081539154,217.3238547,1.6207381,8.56876,ZTF19aapvvsp
2460448.7695139,2,2694269511515,19.76919937133789,/ztf/archive/sci/2024/0518/269514/ztf_20240518269514_000478_zr_c04_o_q4_scimrefdiffimg.fits.fz,Kulkarni,1,2694,15,478,26.151399612426758,6.333169949357398e-06,0.028123900294303894,0.08548779785633087,1.202870043925941e-05,t17_f5_c3,,,,,,,,,,,,,,,,,,,,,,,,,,,,,,,,,,,,,,,ZTF19aapvvsp
2460448.8441667,1,2694344161515,19.50979995727539,/ztf/archive/sci/2024/0518/344155/ztf_20240518344155_000478_zg_c04_o_q4_scimrefdiffimg.fits.fz,Kulkarni,1,2694,15,478,26.17609977722168,2.2614700355916284e-05,0.04787459969520569,-0.08113779872655869,5.4040701797930524e-05,t17_f5_c3,,,,,,,,,,,,,,,,,,,,,,,,,,,,,,,,,,,,,,,ZTF19aapvvsp
2460450.8240972,1,2696324091515,19.11319923400879,/ztf/archive/sci/2024/0520/324074/ztf_20240520324074_000478_zg_c04_o_q4_scimrefdiffimg.fits.fz,Kulkarni,1,2696,15,478,26.252599716186523,2.3323600544244982e-05,0.04403670132160187,-0.0682407021522522,5.9351099480409175e-05,t17_f5_c3,2.696324091515015e+18,t,1.0,1377.469970703125,264.9179992675781,217.3238872,1.6206294,19.630599975585938,0.257515013217926,0.7262669801712036,19.346799850463867,0.4156999886035919,0.4033919870853424,19.424999237060547,0.026000000536441803,0.8569999933242798,0.04699999839067459,1.0795600414276123,-0.28381800651550293,1.4447499513626099,0.7250000238418579,264.9179992675781,-0.23364800214767456,2.0,0.9100000262260437,0.8420000076293945,0.6298679709434509,0.5828009843826294,1.0807600021362305,4.0,0.0,0.8385710120201111,0.9644230008125305,19.508499145507812,0.6194999814033508,217.3238547,1.6207381,5.36468,ZTF19aapvvsp
2460450.8605671,2,2696360561515,18.992799758911133,/ztf/archive/sci/2024/0520/360532/ztf_20240520360532_000478_zr_c04_o_q4_scimrefdiffimg.fits.fz,Kulkarni,1,2696,15,478,26.148399353027344,1.4178600395098329e-05,0.041056398302316666,0.10086899995803833,2.6712399630923755e-05,t17_f5_c3,,,,,,,,,,,,,,,,,,,,,,,,,,,,,,,,,,,,,,,ZTF19aapvvsp
2460452.7759838,1,2698275981515,18.660999298095703,/ztf/archive/sci/2024/0522/275938/ztf_20240522275938_000478_zg_c04_o_q4_scimrefdiffimg.fits.fz,Kulkarni,1,2698,15,478,26.225000381469727,6.147370004327968e-05,0.0548286996781826,-0.08373899757862091,0.00017790700076147914,t17_f5_c3,,,,,,,,,,,,,,,,,,,,,,,,,,,,,,,,,,,,,,,ZTF19aapvvsp
2460452.8578588,2,2698357851515,18.382200241088867,/ztf/archive/sci/2024/0522/357824/ztf_20240522357824_000478_zr_c04_o_q4_scimrefdiffimg.fits.fz,Kulkarni,1,2698,15,478,26.039600372314453,2.244320057798177e-05,0.043135300278663635,0.07837030291557312,4.48872015113011e-05,t17_f5_c3,,,,,,,,,,,,,,,,,,,,,,,,,,,,,,,,,,,,,,,ZTF19aapvvsp
2460456.8139583,2,2702313951515,19.993099212646484,/ztf/archive/sci/2024/0526/313854/ztf_20240526313854_000478_zr_c04_o_q4_scimrefdiffimg.fits.fz,Kulkarni,1,2702,15,478,26.189899444580078,7.00979990142514e-06,0.0296097993850708,0.08233819901943207,1.340769995294977e-05,t17_f5_c3,,,,,,,,,,,,,,,,,,,,,,,,,,,,,,,,,,,,,,,ZTF19aapvvsp
2460458.7487963,1,2704248791515,20.375999450683594,/ztf/archive/sci/2024/0528/248785/ztf_20240528248785_000478_zg_c04_o_q4_scimrefdiffimg.fits.fz,Kulkarni,1,2704,15,478,26.295400619506836,9.900840268528555e-06,0.03494109958410263,-0.11878900229930878,1.9376999262021855e-05,t17_f5_c3,,,,,,,,,,,,,,,,,,,,,,,,,,,,,,,,,,,,,,,ZTF19aapvvsp
2460458.8383912,2,2704338391515,20.090700149536133,/ztf/archive/sci/2024/0528/338380/ztf_20240528338380_000478_zr_c04_o_q4_scimrefdiffimg.fits.fz,Kulkarni,1,2704,15,478,26.16510009765625,4.37063999925158e-06,0.02353999949991703,0.08634919673204422,8.29385044198716e-06,t17_f5_c3,,,,,,,,,,,,,,,,,,,,,,,,,,,,,,,,,,,,,,,ZTF19aapvvsp
2460460.8129167,1,2706312911515,20.304899215698242,/ztf/archive/sci/2024/0530/312894/ztf_20240530312894_000478_zg_c04_o_q4_scimrefdiffimg.fits.fz,Kulkarni,1,2706,15,478,26.229999542236328,1.1767099749704357e-05,0.03818029910326004,-0.07964599877595901,2.2790200091549195e-05,t17_f5_c3,2.706312911515025e+18,t,1.0,1385.31005859375,253.2760009765625,217.3239334,1.620721,19.850000381469727,0.15241099894046783,1.4745899438858032,19.97410011291504,0.26660001277923584,0.2863300144672394,19.424999237060547,0.026000000536441803,0.8569999933242798,0.04699999839067459,-0.19014300405979156,0.12413399666547775,3.369999885559082,0.8519999980926514,253.2760009765625,0.3307969868183136,0.8066210150718689,0.7490000128746033,0.6850000023841858,0.22225500643253326,0.2032639980316162,1.0934300422668457,2.0,0.0,0.9528570175170898,1.0,19.896499633789062,0.31700000166893005,217.3238547,1.6207381,9.01853,ZTF19aapvvsp
2460462.7910185,1,2708291011515,20.768800735473633,/ztf/archive/sci/2024/0601/291019/ztf_20240601291019_000478_zg_c04_o_q4_scimrefdiffimg.fits.fz,Kulkarni,1,2708,15,478,26.255699157714844,7.904640369815752e-06,0.031443800777196884,-0.08110199868679047,1.5108499610505532e-05,t17_f5_c3,2.708291011515015e+18,1,6.0,1396.530029296875,246.41000366210938,217.3238949,1.62074,19.81369972229004,0.15127600729465485,2.8577699661254883,19.94849967956543,0.19550000131130219,0.14323900640010834,19.424999237060547,0.026000000536441803,0.8569999933242798,0.04699999839067459,0.4888460040092468,0.13478900492191315,2.5199999809265137,0.9950000047683716,246.41000366210938,0.8203099966049194,0.949226975440979,0.6990000009536743,0.6650000214576721,0.2773810029029846,0.26388901472091675,1.0511300563812256,4.0,0.0,0.8971430063247681,0.9745020270347595,19.877099990844727,0.23280000686645508,217.3238547,1.6207381,13.6778,ZTF19aapvvsp
2460462.7910185,1,2708291011515,20.768800735473633,/ztf/archive/sci/2024/0601/291019/ztf_20240601291019_000478_zg_c04_o_q4_scimrefdiffimg.fits.fz,Kulkarni,1,2708,15,478,26.255699157714844,7.904640369815752e-06,0.031443800777196884,-0.08110199868679047,1.5108499610505532e-05,t17_f5_c3,2.708291011515015e+18,t,6.0,1396.530029296875,246.41000366210938,217.3238949,1.62074,19.81369972229004,0.15127600729465485,2.8577699661254883,19.94849967956543,0.19550000131130219,0.14323900640010834,19.424999237060547,0.026000000536441803,0.8569999933242798,0.04699999839067459,0.4888460040092468,0.13478900492191315,2.5199999809265137,0.9950000047683716,246.41000366210938,0.8203099966049194,0.949226975440979,0.6990000009536743,0.6650000214576721,0.2773810029029846,0.26388901472091675,1.0511300563812256,4.0,0.0,0.8971430063247681,0.9745020270347595,19.877099990844727,0.23280000686645508,217.3238547,1.6207381,13.6778,ZTF19aapvvsp
2460462.8623264,2,2708362321515,20.32040023803711,/ztf/archive/sci/2024/0601/362280/ztf_20240601362280_000478_zr_c04_o_q4_scimrefdiffimg.fits.fz,Kulkarni,1,2708,15,478,26.122400283813477,4.30410000262782e-06,0.023295599967241287,0.09354700148105621,8.174510185199324e-06,t17_f5_c3,2.708362321515015e+18,t,1.0,1378.1700439453125,245.27200317382812,217.3240608,1.6207073,19.9153995513916,0.17923900485038757,1.5147199630737305,19.892900466918945,0.2644999921321869,0.7354099750518799,18.761999130249023,0.03400000184774399,1.5499999523162842,0.17299999296665192,0.11966799944639206,-0.022460000589489937,1.2577999830245972,0.460999995470047,245.27200317382812,0.42753300070762634,2.0,0.9100000262260437,0.722000002861023,0.7234879732131958,0.5740200281143188,1.260390043258667,4.0,0.0,0.9442859888076782,0.981220006942749,19.80190086364746,0.31029999256134033,217.3238542,1.6207195,5.25414,ZTF19aapvvsp
2460464.7902546,1,2710290251515,20.19659996032715,/ztf/archive/sci/2024/0603/290232/ztf_20240603290232_000478_zg_c04_o_q4_scimrefdiffimg.fits.fz,Kulkarni,1,2710,15,478,25.900699615478516,1.6249399777734652e-05,0.044728100299835205,-0.07513590157032013,3.16439000016544e-05,t17_f5_c3,2.710290251515015e+18,t,5.0,1379.81005859375,255.35000610351562,217.3238562,1.6207515,19.73270034790039,0.15078899264335632,1.0996400117874146,19.468599319458008,0.20010000467300415,0.0480090007185936,19.424999237060547,0.026000000536441803,0.8569999933242798,0.04699999839067459,-0.26499998569488525,-0.26412099599838257,2.7799999713897705,0.9490000009536743,255.35000610351562,0.7279549837112427,0.9039859771728516,0.7360000014305115,0.6779999732971191,0.2647480070590973,0.24388499557971954,1.0855499505996704,8.0,0.0,0.857142984867096,0.8793320059776306,19.485700607299805,0.25949999690055847,217.3238547,1.6207381,9.30948,ZTF19aapvvsp
2460469.7263194,1,2715226311515,20.47909927368164,/ztf/archive/sci/2024/0608/226319/ztf_20240608226319_000478_zg_c04_o_q4_scimrefdiffimg.fits.fz,Kulkarni,1,2715,15,478,26.284000396728516,1.0751799891295377e-05,0.03680169954895973,-0.10978899896144867,2.054979995591566e-05,t17_f5_c3,2.715226311515015e+18,1,1.0,1391.530029296875,245.0500030517578,217.3238859,1.6206959,19.60700035095215,0.12756100296974182,1.6415799856185913,19.741100311279297,0.1762000024318695,0.18668900430202484,19.424999237060547,0.026000000536441803,0.8569999933242798,0.04699999839067459,0.3566719889640808,0.13413700461387634,1.909999966621399,0.9760000109672546,245.0500030517578,0.7379869818687439,1.4932399988174438,0.7329999804496765,0.6850000023841858,0.3837699890136719,0.3586390018463135,1.0700700283050537,4.0,0.0,0.9528570175170898,1.0,19.791400909423828,0.23479999601840973,217.3238547,1.6207381,13.731,ZTF19aapvvsp
2460469.7263194,1,2715226311515,20.47909927368164,/ztf/archive/sci/2024/0608/226319/ztf_20240608226319_000478_zg_c04_o_q4_scimrefdiffimg.fits.fz,Kulkarni,1,2715,15,478,26.284000396728516,1.0751799891295377e-05,0.03680169954895973,-0.10978899896144867,2.054979995591566e-05,t17_f5_c3,2.715226311515015e+18,t,1.0,1391.530029296875,245.0500030517578,217.3238859,1.6206959,19.60700035095215,0.12756100296974182,1.6415799856185913,19.741100311279297,0.1762000024318695,0.18668900430202484,19.424999237060547,0.026000000536441803,0.8569999933242798,0.04699999839067459,0.3566719889640808,0.13413700461387634,1.909999966621399,0.9760000109672546,245.0500030517578,0.7379869818687439,1.4932399988174438,0.7329999804496765,0.6850000023841858,0.3837699890136719,0.3586390018463135,1.0700700283050537,4.0,0.0,0.9528570175170898,1.0,19.791400909423828,0.23479999601840973,217.3238547,1.6207381,13.731,ZTF19aapvvsp
2460469.7757986,2,2715275791515,20.449100494384766,/ztf/archive/sci/2024/0608/275787/ztf_20240608275787_000478_zr_c04_o_q4_scimrefdiffimg.fits.fz,Kulkarni,1,2715,15,478,26.15049934387207,3.7435900139826117e-06,0.021679600700736046,0.08370430022478104,7.098330115695717e-06,t17_f5_c3,2.715275791515015e+18,t,2.0,1410.1800537109375,247.71400451660156,217.3239276,1.6207026,19.818500518798828,0.1546269953250885,0.9487540125846863,19.660999298095703,0.2069000005722046,0.26769599318504333,18.761999130249023,0.03400000184774399,1.5499999523162842,0.17299999296665192,0.23871299624443054,-0.15745900571346283,1.1571099758148193,0.8889999985694885,247.71400451660156,0.7881100177764893,2.0,0.6830000281333923,0.5649999976158142,0.5902640223503113,0.48828598856925964,1.2088500261306763,5.0,0.0,0.949999988079071,0.9023150205612183,19.894699096679688,0.32659998536109924,217.3238542,1.6207195,7.80501,ZTF19aapvvsp
2460471.7302894,1,2717230281515,20.613100051879883,/ztf/archive/sci/2024/0610/230220/ztf_20240610230220_000478_zg_c04_o_q4_scimrefdiffimg.fits.fz,Kulkarni,1,2717,15,478,26.297700881958008,9.20690035854932e-06,0.0338657982647419,-0.09238719940185547,1.7753200154402293e-05,t17_f5_c3,2.717230281515015e+18,t,2.0,1405.0799560546875,255.93600463867188,217.3238702,1.6207214,19.729700088500977,0.12605400383472443,1.606969952583313,19.968799591064453,0.22259999811649323,0.08116000145673752,19.424999237060547,0.026000000536441803,0.8569999933242798,0.04699999839067459,0.6077600121498108,0.23910099267959595,1.2999999523162842,0.984000027179718,255.93600463867188,0.644340991973877,1.8861700296401978,0.5640000104904175,0.5139999985694885,0.43384599685668945,0.3953849971294403,1.0972800254821777,6.0,0.0,0.9157140254974365,0.9914249777793884,20.2455997467041,0.36579999327659607,217.3238547,1.6207381,8.04724,ZTF19aapvvsp
2460473.72875,1,2719228751515,20.13960075378418,/ztf/archive/sci/2024/0612/228738/ztf_20240612228738_000478_zg_c04_o_q4_scimrefdiffimg.fits.fz,Kulkarni,1,2719,15,478,26.268400192260742,1.0847999874386005e-05,0.03597370162606239,-0.09187469631433487,2.2258700482780114e-05,t17_f5_c3,2.719228751515015e+18,t,1.0,1393.8800048828125,246.35499572753906,217.323866,1.6206789,19.672399520874023,0.17811700701713562,1.2343599796295166,20.00029945373535,0.26750001311302185,0.2143069952726364,19.424999237060547,0.026000000536441803,0.8569999933242798,0.04699999839067459,0.6420850157737732,0.32791298627853394,2.5399999618530273,0.9100000262260437,246.35499572753906,0.13931800425052643,1.2724499702453613,0.8159999847412109,0.7620000243186951,0.321260005235672,0.30000001192092896,1.070870041847229,2.0,0.0,0.942857027053833,1.0,20.10650062561035,0.3767000138759613,217.3238547,1.6207381,10.3936,ZTF19aapvvsp
2460473.7498264,2,2719249821515,20.101999282836914,/ztf/archive/sci/2024/0612/249826/ztf_20240612249826_000478_zr_c04_o_q4_scimrefdiffimg.fits.fz,Kulkarni,1,2719,15,478,26.1471004486084,5.333549779606983e-06,0.025671400129795074,0.09193240106105804,1.0133499927178491e-05,t17_f5_c3,,,,,,,,,,,,,,,,,,,,,,,,,,,,,,,,,,,,,,,ZTF19aapvvsp
2460475.7118634,1,2721211861515,19.79170036315918,/ztf/archive/sci/2024/0614/211852/ztf_20240614211852_000478_zg_c04_o_q4_scimrefdiffimg.fits.fz,Kulkarni,1,2721,15,478,26.283100128173828,1.6477999452035874e-05,0.04237249866127968,-0.0796843022108078,3.742070111911744e-05,t17_f5_c3,2.721211861515015e+18,t,0.0,1401.8900146484375,235.7449951171875,217.3238956,1.6206886,19.850099563598633,0.17489199340343475,0.8318099975585938,19.94569969177246,0.35269999504089355,0.22820499539375305,19.424999237060547,0.026000000536441803,0.8569999933242798,0.04699999839067459,0.5208510160446167,0.09558200091123581,2.5299999713897705,0.6769999861717224,235.7449951171875,-0.1540060043334961,1.258020043373108,1.1050000190734863,0.9760000109672546,0.43675899505615234,0.3857710063457489,1.1321699619293213,2.0,0.0,0.857142984867096,1.0,20.165199279785156,0.5533000230789185,217.3238547,1.6207381,7.17137,ZTF19aapvvsp
2460475.7492014,2,2721249201515,20.191299438476562,/ztf/archive/sci/2024/0614/249155/ztf_20240614249155_000478_zr_c04_o_q4_scimrefdiffimg.fits.fz,Kulkarni,1,2721,15,478,26.155000686645508,4.673239800467854e-06,0.024287400767207146,0.09065219759941101,8.899160093278624e-06,t17_f5_c3,,,,,,,,,,,,,,,,,,,,,,,,,,,,,,,,,,,,,,,ZTF19aapvvsp
2460477.7636921,1,2723263691515,19.710899353027344,/ztf/archive/sci/2024/0616/263692/ztf_20240616263692_000478_zg_c04_o_q4_scimrefdiffimg.fits.fz,Kulkarni,1,2723,15,478,26.30739974975586,1.4597500012314413e-05,0.04031340032815933,-0.0821755975484848,3.237020064261742e-05,t17_f5_c3,2.723263691515015e+18,t,0.0,1396.0400390625,258.0820007324219,217.3240192,1.6207302,19.69339942932129,0.16708600521087646,0.7662230134010315,19.55109977722168,0.3091999888420105,0.585440993309021,19.424999237060547,0.026000000536441803,0.8569999933242798,0.04699999839067459,0.3574250042438507,-0.14232300221920013,2.5199999809265137,0.8730000257492065,258.0820007324219,0.1597750037908554,1.0777699947357178,0.8090000152587891,0.6949999928474426,0.32103198766708374,0.27579399943351746,1.1640299558639526,6.0,0.0,0.9342859983444214,0.9572880268096924,19.718399047851562,0.4627000093460083,217.3238547,1.6207381,7.13826,ZTF19aapvvsp
2460477.8269444,2,2723326941515,19.369199752807617,/ztf/archive/sci/2024/0616/326944/ztf_20240616326944_000478_zr_c04_o_q4_scimrefdiffimg.fits.fz,Kulkarni,1,2723,15,478,26.16200065612793,1.036790035868762e-05,0.035881198942661285,0.10029000043869019,1.9750399587792344e-05,t17_f5_c3,,,,,,,,,,,,,,,,,,,,,,,,,,,,,,,,,,,,,,,ZTF19aapvvsp
2460480.7330093,1,2726233001515,19.37070083618164,/ztf/archive/sci/2024/0619/232998/ztf_20240619232998_000478_zg_c04_o_q4_scimrefdiffimg.fits.fz,Kulkarni,1,2726,15,478,26.253299713134766,2.0938899979228154e-05,0.04515570029616356,-0.0722178965806961,5.056100053479895e-05,t17_f5_c3,2.726233001515015e+18,t,3.0,1368.1700439453125,263.22601318359375,217.3239039,1.6206966,19.531299591064453,0.19599699974060059,1.0965900421142578,19.24690055847168,0.3555999994277954,0.22885000705718994,19.424999237060547,0.026000000536441803,0.8569999933242798,0.04699999839067459,0.9408000111579895,-0.28436699509620667,1.2182600498199463,0.9490000009536743,263.22601318359375,0.12382599711418152,2.0,0.8050000071525574,0.7620000243186951,0.6607779860496521,0.6254820227622986,1.0564299821853638,5.0,0.0,0.8828570246696472,0.9854109883308411,19.216800689697266,0.4438000023365021,217.3238547,1.6207381,5.94022,ZTF19aapvvsp
2460480.8677894,2,2726367781515,18.466100692749023,/ztf/archive/sci/2024/0619/367789/ztf_20240619367789_000478_zr_c04_o_q4_scimrefdiffimg.fits.fz,Kulkarni,1,2726,15,478,25.925399780273438,2.87511993519729e-05,0.04937579855322838,0.09420250356197357,5.6588498409837484e-05,t17_f5_c3,,,,,,,,,,,,,,,,,,,,,,,,,,,,,,,,,,,,,,,ZTF19aapvvsp
2460482.6894097,1,2728189401515,19.338600158691406,/ztf/archive/sci/2024/0621/189387/ztf_20240621189387_000478_zg_c04_o_q4_scimrefdiffimg.fits.fz,Kulkarni,1,2728,15,478,26.389400482177734,1.9940600395784713e-05,0.04084990173578262,-0.10701700299978256,5.070109909866005e-05,t17_f5_c3,2.728189401515015e+18,t,1.0,1399.4000244140625,270.68701171875,217.3238001,1.6207025,19.515399932861328,0.2298779934644699,1.2958199977874756,19.284500122070312,0.310699999332428,0.23180200159549713,19.424999237060547,0.026000000536441803,0.8569999933242798,0.04699999839067459,1.2504299879074097,-0.23092100024223328,1.4846299886703491,0.9570000171661377,270.68701171875,0.054099999368190765,2.0,0.902999997138977,0.7409999966621399,0.6082310080528259,0.499112993478775,1.2186199426651,6.0,0.0,0.8700000047683716,0.8930050134658813,19.27829933166504,0.396699994802475,217.3238547,1.6207381,6.37073,ZTF19aapvvsp
2460482.7950694,2,2728295061515,19.412900924682617,/ztf/archive/sci/2024/0621/295046/ztf_20240621295046_000478_zr_c04_o_q4_scimrefdiffimg.fits.fz,Kulkarni,1,2728,15,478,26.18079948425293,8.435499694314785e-06,0.03232960030436516,0.08990579843521118,1.6012800188036636e-05,t17_f5_c3,,,,,,,,,,,,,,,,,,,,,,,,,,,,,,,,,,,,,,,ZTF19aapvvsp
2460484.758125,1,2730258121515,19.50670051574707,/ztf/archive/sci/2024/0623/258113/ztf_20240623258113_000478_zg_c04_o_q4_scimrefdiffimg.fits.fz,Kulkarni,1,2730,15,478,26.250999450683594,1.7615200704312883e-05,0.043680500239133835,-0.07791350036859512,4.037690086988732e-05,t17_f5_c3,2.730258121515015e+18,t,1.0,1415.739990234375,241.38499450683594,217.3239201,1.6207218,19.41699981689453,0.18403099477291107,1.5950700044631958,19.56049919128418,0.4027999937534332,0.2395630031824112,19.424999237060547,0.026000000536441803,0.8569999933242798,0.04699999839067459,0.15842099487781525,0.14345300197601318,2.3499999046325684,0.6840000152587891,241.38499450683594,-0.05382800102233887,1.076859951019287,0.7390000224113464,0.6470000147819519,0.31446799635887146,0.27531901001930237,1.1421899795532227,4.0,0.0,0.942857027053833,1.0,19.06719970703125,0.3285999894142151,217.3238547,1.6207381,7.53325,ZTF19aapvvsp
2460484.8321065,2,2730332101515,19.252099990844727,/ztf/archive/sci/2024/0623/332095/ztf_20240623332095_000478_zr_c04_o_q4_scimrefdiffimg.fits.fz,Kulkarni,1,2730,15,478,26.058000564575195,1.1405199984437786e-05,0.037861600518226624,0.1010809987783432,2.173080065404065e-05,t17_f5_c3,,,,,,,,,,,,,,,,,,,,,,,,,,,,,,,,,,,,,,,ZTF19aapvvsp
2460488.7315741,1,2734231571515,20.51110076904297,/ztf/archive/sci/2024/0627/231574/ztf_20240627231574_000478_zg_c04_o_q4_scimrefdiffimg.fits.fz,Kulkarni,1,2734,15,478,26.262399673461914,9.087640137295239e-06,0.03385239839553833,-0.08299390226602554,1.7298600141657516e-05,t17_f5_c3,,,,,,,,,,,,,,,,,,,,,,,,,,,,,,,,,,,,,,,ZTF19aapvvsp
2460488.7976273,2,2734297621515,20.14189910888672,/ztf/archive/sci/2024/0627/297627/ztf_20240627297627_000478_zr_c04_o_q4_scimrefdiffimg.fits.fz,Kulkarni,1,2734,15,478,26.121999740600586,3.6943699797120644e-06,0.021601799875497818,0.09259209781885147,7.019450094958302e-06,t17_f5_c3,,,,,,,,,,,,,,,,,,,,,,,,,,,,,,,,,,,,,,,ZTF19aapvvsp
2460490.7269907,1,2736226991515,20.484600067138672,/ztf/archive/sci/2024/0629/226991/ztf_20240629226991_000478_zg_c04_o_q4_scimrefdiffimg.fits.fz,Kulkarni,1,2736,15,478,26.295400619506836,9.681129995442461e-06,0.034859299659729004,-0.07735159993171692,1.8513599570724182e-05,t17_f5_c3,2.736226991515015e+18,t,1.0,1386.6400146484375,239.49899291992188,217.3238603,1.6207276,19.712400436401367,0.1399500072002411,2.6616299152374268,19.733400344848633,0.20389999449253082,0.04235199838876724,19.424999237060547,0.026000000536441803,0.8569999933242798,0.04699999839067459,0.43246498703956604,0.02097400091588497,2.619999885559082,0.9819999933242798,239.49899291992188,0.7512249946594238,0.9220209717750549,0.6740000247955322,0.6430000066757202,0.2572520077228546,0.24541999399662018,1.0482100248336792,8.0,0.0,0.9028570055961609,0.8917940258979797,19.698699951171875,0.2524000108242035,217.3238547,1.6207381,13.0044,ZTF19aapvvsp
2460490.7690162,2,2736269011515,20.13249969482422,/ztf/archive/sci/2024/0629/269016/ztf_20240629269016_000478_zr_c04_o_q4_scimrefdiffimg.fits.fz,Kulkarni,1,2736,15,478,26.174400329589844,4.479159997572424e-06,0.023729199543595314,0.10004100203514099,8.533519576303661e-06,t17_f5_c3,,,,,,,,,,,,,,,,,,,,,,,,,,,,,,,,,,,,,,,ZTF19aapvvsp
2460494.7284028,1,2740228401515,20.38450050354004,/ztf/archive/sci/2024/0703/228391/ztf_20240703228391_000478_zg_c04_o_q4_scimrefdiffimg.fits.fz,Kulkarni,1,2740,15,478,26.260499954223633,1.0914899576164316e-05,0.03730560094118118,-0.053313300013542175,2.0958399545634165e-05,t17_f5_c3,2.740228401515015e+18,t,1.0,1372.06005859375,217.38400268554688,217.3238961,1.6207108,19.81450080871582,0.1680610030889511,1.841040015220642,19.616199493408203,0.19529999792575836,0.17624400556087494,19.424999237060547,0.026000000536441803,0.8569999933242798,0.04699999839067459,-0.06836999952793121,-0.19831599295139313,2.7899999618530273,0.9399999976158142,217.38400268554688,0.7682729959487915,0.8898710012435913,0.9990000128746033,0.9330000281333923,0.35806500911712646,0.3344089984893799,1.070739984512329,4.0,0.0,0.8999999761581421,0.9854980111122131,19.721399307250977,0.27459999918937683,217.3238547,1.6207381,7.8916,ZTF19aapvvsp
2460494.7338542,2,2740233851515,20.322799682617188,/ztf/archive/sci/2024/0703/233854/ztf_20240703233854_000478_zr_c04_o_q4_scimrefdiffimg.fits.fz,Kulkarni,1,2740,15,478,26.17770004272461,4.75608021588414e-06,0.02462339960038662,0.09545479714870453,9.00485974852927e-06,t17_f5_c3,2.740233851515015e+18,t,2.0,1419.449951171875,219.78599548339844,217.3238911,1.6206175,20.235700607299805,0.273140013217926,1.5247299671173096,19.856000900268555,0.28700000047683716,0.38565099239349365,18.761999130249023,0.03400000184774399,1.5499999523162842,0.17299999296665192,0.06499499827623367,-0.37970399856567383,1.112589955329895,0.8889999985694885,219.78599548339844,0.46681898832321167,2.0,0.6489999890327454,0.44999998807907104,0.5833250284194946,0.4044620096683502,1.4422199726104736,6.0,0.0,0.8385710120201111,0.672639012336731,19.737199783325195,0.3287999927997589,217.3238542,1.6207195,6.74355,ZTF19aapvvsp
2460502.7426157,2,2748242611515,19.986799240112305,/ztf/archive/sci/2024/0711/242616/ztf_20240711242616_000478_zr_c04_o_q4_scimrefdiffimg.fits.fz,Kulkarni,1,2748,15,478,26.014799118041992,6.102170118538197e-06,0.027712000533938408,0.10286000370979309,1.1677700058498885e-05,t17_f5_c3,,,,,,,,,,,,,,,,,,,,,,,,,,,,,,,,,,,,,,,ZTF19aapvvsp
2460504.7355671,2,2750235561515,19.7012996673584,/ztf/archive/sci/2024/0713/235417/ztf_20240713235417_000478_zr_c04_o_q4_scimrefdiffimg.fits.fz,Kulkarni,1,2750,15,478,25.964799880981445,7.19581021257909e-06,0.029978899285197258,0.09388169646263123,1.375499959976878e-05,t17_f5_c3,,,,,,,,,,,,,,,,,,,,,,,,,,,,,,,,,,,,,,,ZTF19aapvvsp
2460511.7252546,1,2757225251515,19.021299362182617,/ztf/archive/sci/2024/0720/225255/ztf_20240720225255_000478_zg_c04_o_q4_scimrefdiffimg.fits.fz,Kulkarni,1,2757,15,478,26.072200775146484,2.360339931328781e-05,0.04485220089554787,-0.043202899396419525,6.128419772721827e-05,t17_f5_c3,,,,,,,,,,,,,,,,,,,,,,,,,,,,,,,,,,,,,,,ZTF19aapvvsp
2460511.7776389,2,2757277631515,18.50510025024414,/ztf/archive/sci/2024/0720/277639/ztf_20240720277639_000478_zr_c04_o_q4_scimrefdiffimg.fits.fz,Kulkarni,1,2757,15,478,25.804899215698242,3.3091699151555076e-05,0.056395500898361206,0.09686130285263062,6.40872967778705e-05,t17_f5_c3,,,,,,,,,,,,,,,,,,,,,,,,,,,,,,,,,,,,,,,ZTF19aapvvsp
2460513.7152894,1,2759215281515,19.464000701904297,/ztf/archive/sci/2024/0722/215278/ztf_20240722215278_000478_zg_c04_o_q4_scimrefdiffimg.fits.fz,Kulkarni,1,2759,15,478,26.1343994140625,1.7493499399279244e-05,0.042569998651742935,-0.035789500921964645,4.155559872742742e-05,t17_f5_c3,,,,,,,,,,,,,,,,,,,,,,,,,,,,,,,,,,,,,,,ZTF19aapvvsp
2460513.7568634,2,2759256861515,19.11479949951172,/ztf/archive/sci/2024/0722/256852/ztf_20240722256852_000478_zr_c04_o_q4_scimrefdiffimg.fits.fz,Kulkarni,1,2759,15,478,25.992399215698242,1.1725100193871185e-05,0.03793879970908165,0.09957409650087357,2.2355799956130795e-05,t17_f5_c3,,,,,,,,,,,,,,,,,,,,,,,,,,,,,,,,,,,,,,,ZTF19aapvvsp
2460515.6924769,1,2761192471515,20.125600814819336,/ztf/archive/sci/2024/0724/192454/ztf_20240724192454_000478_zg_c04_o_q4_scimrefdiffimg.fits.fz,Kulkarni,1,2761,15,478,26.01729965209961,1.2892600352643058e-05,0.04012959823012352,-0.04873209819197655,2.5432400434510782e-05,t17_f5_c3,2.761192471515015e+18,t,5.0,1408.43994140625,221.85499572753906,217.3239307,1.620732,19.72330093383789,0.17457500100135803,1.341599941253662,19.950599670410156,0.3650999963283539,0.2710840106010437,19.424999237060547,0.026000000536441803,0.8569999933242798,0.04699999839067459,0.4668149948120117,0.2273070067167282,1.1392300128936768,0.9539999961853027,221.85499572753906,0.17497600615024567,2.0,0.6340000033378601,0.5580000281333923,0.5565149784088135,0.4898039996623993,1.136199951171875,4.0,0.0,0.9114289879798889,1.0,20.180599212646484,0.5777999758720398,217.3238547,1.6207381,8.31561,ZTF19aapvvsp
2460515.7666204,2,2761266621515,19.054800033569336,/ztf/archive/sci/2024/0724/266620/ztf_20240724266620_000478_zr_c04_o_q4_scimrefdiffimg.fits.fz,Kulkarni,1,2761,15,478,25.844200134277344,1.5526500646956265e-05,0.04389309883117676,0.09507569670677185,2.9644599635503255e-05,t17_f5_c3,,,,,,,,,,,,,,,,,,,,,,,,,,,,,,,,,,,,,,,ZTF19aapvvsp
2460517.6906944,1,2763190691515,20.0664005279541,/ztf/archive/sci/2024/0726/190683/ztf_20240726190683_000478_zg_c04_o_q4_scimrefdiffimg.fits.fz,Kulkarni,1,2763,15,478,26.055599212646484,1.054560016200412e-05,0.036056000739336014,-0.07440750300884247,2.0992400095565245e-05,t17_f5_c3,2.763190691515015e+18,t,1.0,1389.5,238.86000061035156,217.3239328,1.6207283,19.64459991455078,0.17094700038433075,1.5196399688720703,19.534500122070312,0.24729999899864197,0.27997100353240967,19.424999237060547,0.026000000536441803,0.8569999933242798,0.04699999839067459,0.30499300360679626,-0.11012999713420868,1.6100000143051147,0.875,238.86000061035156,0.5318779945373535,1.5053000450134277,0.6230000257492065,0.5199999809265137,0.38695698976516724,0.32298099994659424,1.1980799436569214,4.0,0.0,0.947143018245697,0.9907630085945129,19.590299606323242,0.33309999108314514,217.3238547,1.6207381,9.72226,ZTF19aapvvsp
2460520.6792593,1,2766179251515,20.178600311279297,/ztf/archive/sci/2024/0729/179259/ztf_20240729179259_000478_zg_c04_o_q4_scimrefdiffimg.fits.fz,Kulkarni,1,2766,15,478,26.249399185180664,1.0377500075264834e-05,0.03569779917597771,-0.07623740285634995,2.0405899704201147e-05,t17_f5_c3,2.766179251515015e+18,t,0.0,1382.489990234375,258.2019958496094,217.3239229,1.6207373,19.622400283813477,0.16056199371814728,1.6621099710464478,19.813199996948242,0.27309998869895935,0.24248600006103516,19.424999237060547,0.026000000536441803,0.8569999933242798,0.04699999839067459,0.22263799607753754,0.19084499776363373,2.009999990463257,0.9570000171661377,258.2019958496094,0.3653630018234253,1.2738200426101685,0.6359999775886536,0.5910000205039978,0.31641799211502075,0.29403001070022583,1.07614004611969,7.0,0.0,0.9628570079803467,0.9322310090065002,20.214599609375,0.5051000118255615,217.3238547,1.6207381,9.77782,ZTF19aapvvsp
2460520.7148495,2,2766214841515,20.14069938659668,/ztf/archive/sci/2024/0729/214838/ztf_20240729214838_000478_zr_c04_o_q4_scimrefdiffimg.fits.fz,Kulkarni,1,2766,15,478,26.145299911499023,4.758289833262097e-06,0.024398399516940117,0.09186729788780212,8.985810382000636e-06,t17_f5_c3,,,,,,,,,,,,,,,,,,,,,,,,,,,,,,,,,,,,,,,ZTF19aapvvsp
2460524.7242014,2,2770224201515,19.8346004486084,/ztf/archive/sci/2024/0802/224190/ztf_20240802224190_000478_zr_c04_o_q4_scimrefdiffimg.fits.fz,Kulkarni,1,2770,15,478,25.99139976501465,7.049599844322074e-06,0.029696600511670113,0.09775350242853165,1.3488500371749979e-05,t17_f5_c3,,,,,,,,,,,,,,,,,,,,,,,,,,,,,,,,,,,,,,,ZTF19aapvvsp
2460526.7493981,2,2772249391515,19.65019989013672,/ztf/archive/sci/2024/0804/249387/ztf_20240804249387_000478_zr_c04_o_q4_scimrefdiffimg.fits.fz,Kulkarni,1,2772,15,478,25.991199493408203,9.189790034724865e-06,0.03393330052495003,0.10025999695062637,1.7471200408181176e-05,t17_f5_c3,,,,,,,,,,,,,,,,,,,,,,,,,,,,,,,,,,,,,,,ZTF19aapvvsp
2460528.6931597,1,2774193151515,19.871299743652344,/ztf/archive/sci/2024/0806/193148/ztf_20240806193148_000478_zg_c04_o_q4_scimrefdiffimg.fits.fz,Kulkarni,1,2774,15,478,26.058500289916992,1.2705099834420253e-05,0.039028000086545944,-0.06416270136833191,2.628070069476962e-05,t17_f5_c3,2.774193151515015e+18,t,1.0,1383.3199462890625,223.23599243164062,217.3239034,1.6207635,19.697500228881836,0.16960600018501282,1.3076800107955933,19.88360023498535,0.3921000063419342,0.19501599669456482,19.424999237060547,0.026000000536441803,0.8569999933242798,0.04699999839067459,0.5225149989128113,0.18612700700759888,2.3499999046325684,0.7139999866485596,223.23599243164062,-0.0123089998960495,1.0683300495147705,0.6230000257492065,0.597000002861023,0.2651059925556183,0.25404301285743713,1.0435500144958496,6.0,0.0,0.9485710263252258,0.8198360204696655,19.866300582885742,0.4950000047683716,217.3238547,1.6207381,7.79126,ZTF19aapvvsp
2460645.0592593,2,2890559251515,19.23859977722168,/ztf/archive/sci/2024/1130/559259/ztf_20241130559259_000478_zr_c04_o_q4_scimrefdiffimg.fits.fz,Prince,1,2890,15,478,26.08989906311035,1.1485600225569215e-05,0.03753799945116043,0.09642670303583145,2.1652700525010005e-05,t17_f5_c3,,,,,,,,,,,,,,,,,,,,,,,,,,,,,,,,,,,,,,,ZTF19aapvvsp
2460645.0597338,2,2890559731515,19.128599166870117,/ztf/archive/sci/2024/1130/559734/ztf_20241130559734_000478_zr_c04_o_q4_scimrefdiffimg.fits.fz,Prince,1,2890,15,478,26.093599319458008,1.5432100553880446e-05,0.043299801647663116,0.0919547975063324,2.897520062106196e-05,t17_f5_c3,,,,,,,,,,,,,,,,,,,,,,,,,,,,,,,,,,,,,,,ZTF19aapvvsp
2460645.0602083,2,2890560201515,19.233200073242188,/ztf/archive/sci/2024/1130/560197/ztf_20241130560197_000478_zr_c04_o_q4_scimrefdiffimg.fits.fz,Prince,1,2890,15,478,26.08989906311035,1.1493700185383204e-05,0.03742000088095665,0.09987270087003708,2.198209949710872e-05,t17_f5_c3,,,,,,,,,,,,,,,,,,,,,,,,,,,,,,,,,,,,,,,ZTF19aapvvsp
2460647.0495486,2,2892549541515,19.770700454711914,/ztf/archive/sci/2024/1202/549525/ztf_20241202549525_000478_zr_c04_o_q4_scimrefdiffimg.fits.fz,Prince,1,2892,15,478,26.062000274658203,6.799220045650145e-06,0.029122499749064445,0.09438429772853851,1.2896999578515533e-05,t17_f5_c3,,,,,,,,,,,,,,,,,,,,,,,,,,,,,,,,,,,,,,,ZTF19aapvvsp
2460647.0524537,2,2892552451515,19.806699752807617,/ztf/archive/sci/2024/1202/552431/ztf_20241202552431_000478_zr_c04_o_q4_scimrefdiffimg.fits.fz,Prince,1,2892,15,478,26.068599700927734,8.487850209348835e-06,0.032422199845314026,0.09057129919528961,1.611399966350291e-05,t17_f5_c3,,,,,,,,,,,,,,,,,,,,,,,,,,,,,,,,,,,,,,,ZTF19aapvvsp
2460647.0553704,2,2892555371515,19.71649932861328,/ztf/archive/sci/2024/1202/555347/ztf_20241202555347_000478_zr_c04_o_q4_scimrefdiffimg.fits.fz,Prince,1,2892,15,478,26.07430076599121,7.390869996015681e-06,0.03036309964954853,0.0943266972899437,1.4103699868428521e-05,t17_f5_c3,,,,,,,,,,,,,,,,,,,,,,,,,,,,,,,,,,,,,,,ZTF19aapvvsp
2460651.0525463,2,2896552541515,19.48740005493164,/ztf/archive/sci/2024/1206/552523/ztf_20241206552523_000478_zr_c04_o_q4_scimrefdiffimg.fits.fz,Prince,1,2896,15,478,26.08289909362793,1.2940199667355046e-05,0.04032550007104874,0.09781669825315475,2.4659499104018323e-05,t17_f5_c3,,,,,,,,,,,,,,,,,,,,,,,,,,,,,,,,,,,,,,,ZTF19aapvvsp
2460651.0559491,2,2896555941515,19.581199645996094,/ztf/archive/sci/2024/1206/555926/ztf_20241206555926_000478_zr_c04_o_q4_scimrefdiffimg.fits.fz,Prince,1,2896,15,478,26.095300674438477,1.0860399925149977e-05,0.0368352010846138,0.08452489972114563,2.0749699615407735e-05,t17_f5_c3,,,,,,,,,,,,,,,,,,,,,,,,,,,,,,,,,,,,,,,ZTF19aapvvsp
2460651.0609954,2,2896560991515,19.35260009765625,/ztf/archive/sci/2024/1206/560972/ztf_20241206560972_000478_zr_c04_o_q4_scimrefdiffimg.fits.fz,Prince,1,2896,15,478,26.113300323486328,1.8374299543211237e-05,0.04800200089812279,0.08525379747152328,3.502879917505197e-05,t17_f5_c3,,,,,,,,,,,,,,,,,,,,,,,,,,,,,,,,,,,,,,,ZTF19aapvvsp
2460652.0507986,2,2897550791515,19.56369972229004,/ztf/archive/sci/2024/1207/550799/ztf_20241207550799_000478_zr_c04_o_q4_scimrefdiffimg.fits.fz,Prince,1,2897,15,478,26.116100311279297,1.3445500371744856e-05,0.04105040058493614,0.08855489641427994,2.537259933887981e-05,t17_f5_c3,,,,,,,,,,,,,,,,,,,,,,,,,,,,,,,,,,,,,,,ZTF19aapvvsp
2460652.0536343,2,2897553631515,19.441499710083008,/ztf/archive/sci/2024/1207/553634/ztf_20241207553634_000478_zr_c04_o_q4_scimrefdiffimg.fits.fz,Prince,1,2897,15,478,26.115999221801758,1.560529926791787e-05,0.044297099113464355,0.1071930006146431,2.9848699341528118e-05,t17_f5_c3,,,,,,,,,,,,,,,,,,,,,,,,,,,,,,,,,,,,,,,ZTF19aapvvsp
2460652.0564699,2,2897556461515,19.441999435424805,/ztf/archive/sci/2024/1207/556458/ztf_20241207556458_000478_zr_c04_o_q4_scimrefdiffimg.fits.fz,Prince,1,2897,15,478,26.12929916381836,1.2411500392772723e-05,0.03937080129981041,0.09006009995937347,2.3460099328076467e-05,t17_f5_c3,,,,,,,,,,,,,,,,,,,,,,,,,,,,,,,,,,,,,,,ZTF19aapvvsp
2460653.0501968,2,2898550191515,19.733600616455078,/ztf/archive/sci/2024/1208/550150/ztf_20241208550150_000478_zr_c04_o_q4_scimrefdiffimg.fits.fz,Prince,1,2898,15,478,26.11319923400879,6.1587597883772105e-06,0.027684299275279045,0.0993909016251564,1.1682100193866063e-05,t17_f5_c3,,,,,,,,,,,,,,,,,,,,,,,,,,,,,,,,,,,,,,,ZTF19aapvvsp
2460653.0536227,2,2898553621515,19.77050018310547,/ztf/archive/sci/2024/1208/553576/ztf_20241208553576_000478_zr_c04_o_q4_scimrefdiffimg.fits.fz,Prince,1,2898,15,478,26.11389923095703,5.777450041932752e-06,0.026828600093722343,0.09993720054626465,1.1052699846914038e-05,t17_f5_c3,,,,,,,,,,,,,,,,,,,,,,,,,,,,,,,,,,,,,,,ZTF19aapvvsp
2460653.0565856,2,2898556581515,19.680999755859375,/ztf/archive/sci/2024/1208/556539/ztf_20241208556539_000478_zr_c04_o_q4_scimrefdiffimg.fits.fz,Prince,1,2898,15,478,26.123600006103516,7.335479949688306e-06,0.030167799443006516,0.10172899812459946,1.3950199900136795e-05,t17_f5_c3,,,,,,,,,,,,,,,,,,,,,,,,,,,,,,,,,,,,,,,ZTF19aapvvsp
2460654.0526505,2,2899552654715,19.732500076293945,/ztf/archive/sci/2024/1209/552616/ztf_20241209552616_001472_zr_c12_o_q4_scimrefdiffimg.fits.fz,Prince,1,2899,47,1472,26.188499450683594,6.450270120694768e-06,0.029090899974107742,0.11542999744415283,1.2967199836566579e-05,t17_f5_c3,,,,,,,,,,,,,,,,,,,,,,,,,,,,,,,,,,,,,,,ZTF19aapvvsp
2460654.0560069,2,2899556004715,19.660600662231445,/ztf/archive/sci/2024/1209/555984/ztf_20241209555984_001472_zr_c12_o_q4_scimrefdiffimg.fits.fz,Prince,1,2899,47,1472,26.231399536132812,7.0870000854483806e-06,0.03049439936876297,0.10827399790287018,1.4178999663272407e-05,t17_f5_c3,,,,,,,,,,,,,,,,,,,,,,,,,,,,,,,,,,,,,,,ZTF19aapvvsp
2460654.0593866,2,2899559384715,19.680500030517578,/ztf/archive/sci/2024/1209/559352/ztf_20241209559352_001472_zr_c12_o_q4_scimrefdiffimg.fits.fz,Prince,1,2899,47,1472,26.253700256347656,6.003880116622895e-06,0.028074199333786964,0.11478299647569656,1.2034100109303836e-05,t17_f5_c3,,,,,,,,,,,,,,,,,,,,,,,,,,,,,,,,,,,,,,,ZTF19aapvvsp
2460655.056412,2,2900556414715,18.797000885009766,/ztf/archive/sci/2024/1210/556377/ztf_20241210556377_001472_zr_c12_o_q4_scimrefdiffimg.fits.fz,Prince,1,2900,47,1472,26.23069953918457,5.558340126299299e-05,0.050586599856615067,0.09641530364751816,0.00012295700435061008,t17_f5_c3,,,,,,,,,,,,,,,,,,,,,,,,,,,,,,,,,,,,,,,ZTF19aapvvsp
2460655.0593056,2,2900559304715,18.35070037841797,/ztf/archive/sci/2024/1210/559271/ztf_20241210559271_001472_zr_c12_o_q4_scimrefdiffimg.fits.fz,Prince,1,2900,47,1472,25.80970001220703,9.148580284090713e-05,0.05345439910888672,0.09741560369729996,0.00022250199981499463,t17_f5_c3,,,,,,,,,,,,,,,,,,,,,,,,,,,,,,,,,,,,,,,ZTF19aapvvsp
2460664.0260069,3,2909526001515,19.2052001953125,/ztf/archive/sci/2024/1219/526007/ztf_20241219526007_000478_zi_c04_o_q4_scimrefdiffimg.fits.fz,Kulkarni,2,2909,15,478,25.475000381469727,3.051249905183795e-06,0.02824769914150238,0.19148099422454834,1.8596900190459564e-05,t17_f5_c3,,,,,,,,,,,,,,,,,,,,,,,,,,,,,,,,,,,,,,,ZTF19aapvvsp
2460665.0387847,1,2910538781515,19.45159912109375,/ztf/archive/sci/2024/1220/538785/ztf_20241220538785_000478_zg_c04_o_q4_scimrefdiffimg.fits.fz,Kulkarni,1,2910,15,478,26.215299606323242,2.2108299162937328e-05,0.045496199280023575,-0.06748449802398682,5.6192599004134536e-05,t17_f5_c3,,,,,,,,,,,,,,,,,,,,,,,,,,,,,,,,,,,,,,,ZTF19aapvvsp
2460667.0443981,2,2912544391515,19.537099838256836,/ztf/archive/sci/2024/1222/544387/ztf_20241222544387_000478_zr_c04_o_q4_scimrefdiffimg.fits.fz,Kulkarni,1,2912,15,478,25.996700286865234,9.616819625080097e-06,0.03431279957294464,0.09962800145149231,1.8403499780106358e-05,t17_f5_c3,,,,,,,,,,,,,,,,,,,,,,,,,,,,,,,,,,,,,,,ZTF19aapvvsp
2460674.0081366,2,2919508131515,20.12190055847168,/ztf/archive/sci/2024/1229/508137/ztf_20241229508137_000478_zr_c04_o_q4_scimrefdiffimg.fits.fz,Kulkarni,1,2919,15,478,26.15290069580078,5.174760190129746e-06,0.025490500032901764,0.08917109668254852,9.866799700830597e-06,t17_f5_c3,,,,,,,,,,,,,,,,,,,,,,,,,,,,,,,,,,,,,,,ZTF19aapvvsp
2460676.0209259,1,2921520921515,20.052499771118164,/ztf/archive/sci/2024/1231/520914/ztf_20241231520914_000478_zg_c04_o_q4_scimrefdiffimg.fits.fz,Kulkarni,1,2921,15,478,26.19029998779297,1.200340011564549e-05,0.03740889951586723,-0.06941109895706177,2.5618299332563765e-05,t17_f5_c3,2.921520921515015e+18,t,1.0,1359.800048828125,239.34300231933594,217.3238309,1.6207606,19.523300170898438,0.16134299337863922,1.07122004032135,19.86989974975586,0.2531999945640564,0.11637800186872482,19.424999237060547,0.026000000536441803,0.8569999933242798,0.04699999839067459,0.258774995803833,0.3466170132160187,3.4600000381469727,0.9419999718666077,239.34300231933594,0.18258899450302124,0.9458960294723511,0.8640000224113464,0.7870000004768372,0.24971100687980652,0.22745700180530548,1.0978399515151978,4.0,0.0,0.9342859983444214,1.0,19.542499542236328,0.23999999463558197,217.3238547,1.6207381,11.6745,ZTF19aapvvsp
2460676.0259606,2,2921525961515,19.93239974975586,/ztf/archive/sci/2024/1231/525949/ztf_20241231525949_000478_zr_c04_o_q4_scimrefdiffimg.fits.fz,Kulkarni,1,2921,15,478,26.104299545288086,6.476579983427655e-06,0.02833230048418045,0.0851551964879036,1.2361099834379274e-05,t17_f5_c3,2.921525961515015e+18,t,0.0,1350.9000244140625,249.61199951171875,217.3239322,1.6207807,19.76729965209961,0.22722899913787842,1.0787800550460815,20.07990074157715,0.4171000123023987,0.3523400127887726,18.761999130249023,0.03400000184774399,1.5499999523162842,0.17299999296665192,0.4066449999809265,0.31261301040649414,1.3416199684143066,0.8999999761581421,249.61199951171875,-0.14753900468349457,2.0,0.6240000128746033,0.5289999842643738,0.46511000394821167,0.39430001378059387,1.1795799732208252,4.0,0.0,0.9542859792709351,0.7924079895019531,20.14080047607422,0.5644999742507935,217.3238542,1.6207195,5.25389,ZTF19aapvvsp
2460682.0480324,2,2927548031515,20.22100067138672,/ztf/archive/sci/2025/0106/548032/ztf_20250106548032_000478_zr_c04_o_q4_scimrefdiffimg.fits.fz,Kulkarni,1,2927,15,478,26.195999145507812,5.797030098619871e-06,0.02683519944548607,0.08453720062971115,1.1011699825758114e-05,t17_f5_c3,2.927548031515015e+18,t,3.0,1357.0899658203125,266.2200012207031,217.323937,1.6207857,19.836000442504883,0.1759980022907257,1.0511499643325806,19.648799896240234,0.24539999663829803,0.376926988363266,18.761999130249023,0.03400000184774399,1.5499999523162842,0.17299999296665192,0.36499300599098206,-0.18722400069236755,1.1814099550247192,0.546999990940094,266.2200012207031,0.5721719861030579,2.0,0.8740000128746033,0.7210000157356262,0.7397909760475159,0.6102849841117859,1.2122100591659546,4.0,0.0,0.9599999785423279,0.9951980113983154,19.625699996948242,0.3068999946117401,217.3238542,1.6207195,5.48125,ZTF19aapvvsp
2460686.9439931,2,2932443991515,19.139299392700195,/ztf/archive/sci/2025/0111/443993/ztf_20250111443993_000478_zr_c04_o_q4_scimrefdiffimg.fits.fz,Kulkarni,1,2932,15,478,26.074499130249023,1.2282100215088576e-05,0.03846779838204384,0.08838599920272827,2.3581800633110106e-05,t17_f5_c3,,,,,,,,,,,,,,,,,,,,,,,,,,,,,,,,,,,,,,,ZTF19aapvvsp
2460688.971412,1,2934471411515,18.64739990234375,/ztf/archive/sci/2025/0113/471400/ztf_20250113471400_000478_zg_c04_o_q4_scimrefdiffimg.fits.fz,Kulkarni,1,2934,15,478,26.193500518798828,5.321230128174648e-05,0.04899179935455322,-0.0794835016131401,0.00014915800420567393,t17_f5_c3,,,,,,,,,,,,,,,,,,,,,,,,,,,,,,,,,,,,,,,ZTF19aapvvsp
2460689.0288542,2,2934528851515,19.335899353027344,/ztf/archive/sci/2025/0113/528854/ztf_20250113528854_000478_zr_c04_o_q4_scimrefdiffimg.fits.fz,Kulkarni,1,2934,15,478,26.18779945373535,1.014359986584168e-05,0.035339001566171646,0.08877670019865036,1.943300048878882e-05,t17_f5_c3,,,,,,,,,,,,,,,,,,,,,,,,,,,,,,,,,,,,,,,ZTF19aapvvsp
2460691.0442361,2,2936544231515,19.11079978942871,/ztf/archive/sci/2025/0115/544225/ztf_20250115544225_000478_zr_c04_o_q4_scimrefdiffimg.fits.fz,Kulkarni,1,2936,15,478,26.197599411010742,1.8358799934503622e-05,0.045213498175144196,0.09082820266485214,3.468189970590174e-05,t17_f5_c3,,,,,,,,,,,,,,,,,,,,,,,,,,,,,,,,,,,,,,,ZTF19aapvvsp
2460693.984919,2,2939484911515,19.702199935913086,/ztf/archive/sci/2025/0118/484907/ztf_20250118484907_000478_zr_c04_o_q4_scimrefdiffimg.fits.fz,Kulkarni,1,2939,15,478,26.185400009155273,7.802020263625309e-06,0.03103639930486679,0.08375170081853867,1.4794200069445651e-05,t17_f5_c3,2.939484911515015e+18,1,1.0,1329.93994140625,266.96099853515625,217.3240338,1.6206922,19.83139991760254,0.17947299778461456,1.2885899543762207,19.484600067138672,0.31380000710487366,0.6458410024642944,18.761999130249023,0.03400000184774399,1.5499999523162842,0.17299999296665192,0.6314899921417236,-0.34679698944091797,1.2702900171279907,0.8920000195503235,266.96099853515625,0.21757900714874268,2.0,0.8849999904632568,0.7919999957084656,0.6966930031776428,0.6234809756278992,1.117419958114624,3.0,0.0,0.9014289975166321,1.0,19.300199508666992,0.3395000100135803,217.3238542,1.6207195,5.19474,ZTF19aapvvsp
2460678.0041088,3,2923504101515,19.472299575805664,/ztf/archive/sci/2025/0102/504097/ztf_20250102504097_000478_zi_c04_o_q4_scimrefdiffimg.fits.fz,Kulkarni,2,2923,15,478,25.500200271606445,2.590159965620842e-06,0.025759899988770485,0.1995670050382614,1.6178699297597632e-05,t17_f5_c3,,,,,,,,,,,,,,,,,,,,,,,,,,,,,,,,,,,,,,,ZTF19aapvvsp
2460693.048669,3,2938548661515,19.179100036621094,/ztf/archive/sci/2025/0117/548657/ztf_20250117548657_000478_zi_c04_o_q4_scimrefdiffimg.fits.fz,Kulkarni,2,2938,15,478,25.548900604248047,3.3149199225590564e-06,0.029297299683094025,0.16989800333976746,2.025600042543374e-05,t17_f5_c3,,,,,,,,,,,,,,,,,,,,,,,,,,,,,,,,,,,,,,,ZTF19aapvvsp
2460693.984919,2,2939484911515,19.702199935913086,/ztf/archive/sci/2025/0118/484907/ztf_20250118484907_000478_zr_c04_o_q4_scimrefdiffimg.fits.fz,Kulkarni,1,2939,15,478,26.185400009155273,7.802020263625309e-06,0.03103639930486679,0.08375170081853867,1.4794200069445651e-05,t17_f5_c3,2.939484911515015e+18,t,1.0,1329.93994140625,266.96099853515625,217.3240338,1.6206922,19.83139991760254,0.17947299778461456,1.2885899543762207,19.484600067138672,0.31380000710487366,0.6458410024642944,18.761999130249023,0.03400000184774399,1.5499999523162842,0.17299999296665192,0.6314899921417236,-0.34679698944091797,1.2702900171279907,0.8920000195503235,266.96099853515625,0.21757900714874268,2.0,0.8849999904632568,0.7919999957084656,0.6966930031776428,0.6234809756278992,1.117419958114624,3.0,0.0,0.9014289975166321,1.0,19.300199508666992,0.3395000100135803,217.3238542,1.6207195,5.19474,ZTF19aapvvsp
2460694.0438079,1,2939543801515,19.7549991607666,/ztf/archive/sci/2025/0118/543796/ztf_20250118543796_000478_zg_c04_o_q4_scimrefdiffimg.fits.fz,Kulkarni,1,2939,15,478,26.395200729370117,1.6317499103024602e-05,0.04105129837989807,-0.08511710166931152,3.848160122288391e-05,t17_f5_c3,2.939543801515015e+18,t,1.0,1341.75,281.52398681640625,217.3238857,1.6207185,19.631200790405273,0.2104550004005432,1.4866900444030762,19.90719985961914,0.38830000162124634,0.13019299507141113,19.424999237060547,0.026000000536441803,0.8569999933242798,0.04699999839067459,0.6746119856834412,0.27596500515937805,2.490000009536743,0.7419999837875366,281.52398681640625,-0.1522279977798462,1.1577999591827393,0.7179999947547913,0.6389999985694885,0.28835299611091614,0.25662699341773987,1.1236300468444824,5.0,0.0,0.9442859888076782,1.0,20.079299926757812,0.583299994468689,217.3238547,1.6207381,8.9667,ZTF19aapvvsp
2460695.9464815,3,2941446481515,18.900299072265625,/ztf/archive/sci/2025/0120/446389/ztf_20250120446389_000478_zi_c04_o_q4_scimrefdiffimg.fits.fz,Kulkarni,2,2941,15,478,25.512399673461914,5.597859853878617e-06,0.03760780021548271,0.1865440011024475,3.3003700082190335e-05,t17_f5_c3,,,,,,,,,,,,,,,,,,,,,,,,,,,,,,,,,,,,,,,ZTF19aapvvsp
2460695.9861111,2,2941486111515,19.588199615478516,/ztf/archive/sci/2025/0120/486111/ztf_20250120486111_000478_zr_c04_o_q4_scimrefdiffimg.fits.fz,Kulkarni,1,2941,15,478,26.196699142456055,1.3145299817551859e-05,0.040418900549411774,0.09267450124025345,2.508100078557618e-05,t17_f5_c3,,,,,,,,,,,,,,,,,,,,,,,,,,,,,,,,,,,,,,,ZTF19aapvvsp
2460696.0146644,1,2941514661515,19.520099639892578,/ztf/archive/sci/2025/0120/514653/ztf_20250120514653_000478_zg_c04_o_q4_scimrefdiffimg.fits.fz,Kulkarni,1,2941,15,478,26.302499771118164,1.8610300685395487e-05,0.041696298867464066,-0.0693351998925209,4.706799882114865e-05,t17_f5_c3,2.941514661515015e+18,t,4.0,1338.699951171875,331.8710021972656,217.323979,1.6207917,19.773500442504883,0.2556290030479431,1.110360026359558,19.318199157714844,0.22519999742507935,0.48090800642967224,19.424999237060547,0.026000000536441803,0.8569999933242798,0.04699999839067459,-0.3907029926776886,-0.45525500178337097,2.240000009536743,0.6930000185966492,331.8710021972656,0.20193199813365936,1.6024099588394165,1.6380000114440918,1.3849999904632568,0.731249988079071,0.6183040142059326,1.182669997215271,6.0,0.0,0.36000001430511475,0.941893994808197,19.02560043334961,0.2206999957561493,217.3238547,1.6207381,6.14547,ZTF19aapvvsp
2460699.0058449,2,2944505841515,19.01799964904785,/ztf/archive/sci/2025/0123/505833/ztf_20250123505833_000478_zr_c04_o_q4_scimrefdiffimg.fits.fz,Kulkarni,1,2944,15,478,26.20490074157715,2.7342499379301444e-05,0.04386160150170326,0.08027820289134979,5.378279820433818e-05,t17_f5_c3,,,,,,,,,,,,,,,,,,,,,,,,,,,,,,,,,,,,,,,ZTF19aapvvsp
2460700.0401273,3,2945540121515,19.52790069580078,/ztf/archive/sci/2025/0124/540035/ztf_20250124540035_000478_zi_c04_o_q4_scimrefdiffimg.fits.fz,Kulkarni,2,2945,15,478,25.62420082092285,2.80817994280369e-06,0.02691430039703846,0.18115900456905365,1.714209975034464e-05,t17_f5_c3,,,,,,,,,,,,,,,,,,,,,,,,,,,,,,,,,,,,,,,ZTF19aapvvsp
2460705.9071875,2,2951407181515,19.986400604248047,/ztf/archive/sci/2025/0130/407188/ztf_20250130407188_000478_zr_c04_o_q4_scimrefdiffimg.fits.fz,Kulkarni,1,2951,15,478,26.10460090637207,9.67305004451191e-06,0.034413598477840424,0.09288340061903,1.8480599464965053e-05,t17_f5_c3,,,,,,,,,,,,,,,,,,,,,,,,,,,,,,,,,,,,,,,ZTF19aapvvsp
2460706.0085995,1,2951508591515,20.33289909362793,/ztf/archive/sci/2025/0130/508600/ztf_20250130508600_000478_zg_c04_o_q4_scimrefdiffimg.fits.fz,Kulkarni,1,2951,15,478,26.30470085144043,1.2045599760313053e-05,0.038138698786497116,-0.10952100157737732,2.39194996538572e-05,t17_f5_c3,2.951508591515015e+18,t,1.0,1346.3599853515625,282.2659912109375,217.3239284,1.6207375,19.858699798583984,0.21796399354934692,1.3657599687576294,20.11400032043457,0.23360000550746918,0.2619979977607727,19.424999237060547,0.026000000536441803,0.8569999933242798,0.04699999839067459,0.47371798753738403,0.25527599453926086,3.75,0.7059999704360962,282.2659912109375,0.21889600157737732,0.9208229780197144,0.8849999904632568,0.7620000243186951,0.23600000143051147,0.20319999754428864,1.1614199876785278,6.0,0.0,0.8828570246696472,0.9764350056648254,20.04960060119629,0.2809999883174896,217.3238547,1.6207381,10.3003,ZTF19aapvvsp
2460710.9690278,2,2956469021515,18.304500579833984,/ztf/archive/sci/2025/0204/469016/ztf_20250204469016_000478_zr_c04_o_q4_scimrefdiffimg.fits.fz,Kulkarni,1,2956,15,478,24.346900939941406,0.00017061899416148663,0.12385299801826477,0.0933644026517868,0.00033270599669776857,t17_f5_c3,,,,,,,,,,,,,,,,,,,,,,,,,,,,,,,,,,,,,,,ZTF19aapvvsp
2460711.041331,2,2956541331515,19.782800674438477,/ztf/archive/sci/2025/0204/541331/ztf_20250204541331_000478_zr_c04_o_q4_scimrefdiffimg.fits.fz,Kulkarni,1,2956,15,478,25.73590087890625,3.5295201087137684e-05,0.06659740209579468,0.07509639859199524,6.72074020258151e-05,t17_f5_c3,,,,,,,,,,,,,,,,,,,,,,,,,,,,,,,,,,,,,,,ZTF19aapvvsp
2460715.9615856,2,2961461581515,16.68589973449707,/ztf/archive/sci/2025/0209/461574/ztf_20250209461574_000478_zr_c04_o_q4_scimrefdiffimg.fits.fz,Kulkarni,1,2961,15,478,23.617799758911133,0.00024100700102280825,0.0594668984413147,0.05958480015397072,0.0005344750243239105,t17_f5_c3,,,,,,,,,,,,,,,,,,,,,,,,,,,,,,,,,,,,,,,ZTF19aapvvsp
2460716.0234375,1,2961523431515,18.34149932861328,/ztf/archive/sci/2025/0209/523414/ztf_20250209523414_000478_zg_c04_o_q4_scimrefdiffimg.fits.fz,Kulkarni,1,2961,15,478,24.77680015563965,6.716140342177823e-05,0.052834201604127884,-0.06385940313339233,0.00019079299818258733,t17_f5_c3,,,,,,,,,,,,,,,,,,,,,,,,,,,,,,,,,,,,,,,ZTF19aapvvsp
2460721.9930787,2,2967493071515,18.936100006103516,/ztf/archive/sci/2025/0215/493067/ztf_20250215493067_000478_zr_c04_o_q4_scimrefdiffimg.fits.fz,Kulkarni,1,2967,15,478,26.07550048828125,1.749540024320595e-05,0.04478679969906807,0.09037510305643082,3.332599953864701e-05,t17_f5_c3,,,,,,,,,,,,,,,,,,,,,,,,,,,,,,,,,,,,,,,ZTF19aapvvsp
2460723.9726273,1,2969472621515,17.10059928894043,/ztf/archive/sci/2025/0217/472593/ztf_20250217472593_000478_zg_c04_o_q4_scimrefdiffimg.fits.fz,Kulkarni,1,2969,15,478,24.20210075378418,0.00175505003426224,0.08618749678134918,-0.1255130022764206,0.0062497202306985855,t17_f5_c3,,,,,,,,,,,,,,,,,,,,,,,,,,,,,,,,,,,,,,,ZTF19aapvvsp
2460724.9953356,1,2970495331515,16.586299896240234,/ztf/archive/sci/2025/0218/495312/ztf_20250218495312_000478_zg_c04_o_q4_scimrefdiffimg.fits.fz,Kulkarni,1,2970,15,478,23.1924991607666,0.0038703700993210077,0.08760250359773636,0.16255499422550201,0.013568700291216373,t17_f5_c3,,,,,,,,,,,,,,,,,,,,,,,,,,,,,,,,,,,,,,,ZTF19aapvvsp
2460725.0386111,2,2970538611515,19.113300323486328,/ztf/archive/sci/2025/0218/538600/ztf_20250218538600_000478_zr_c04_o_q4_scimrefdiffimg.fits.fz,Kulkarni,1,2970,15,478,25.993200302124023,1.1316299605823588e-05,0.03719469904899597,0.0774414986371994,2.182930074923206e-05,t17_f5_c3,,,,,,,,,,,,,,,,,,,,,,,,,,,,,,,,,,,,,,,ZTF19aapvvsp
2460727.0017361,2,2972501731515,20.066699981689453,/ztf/archive/sci/2025/0220/501655/ztf_20250220501655_000478_zr_c04_o_q4_scimrefdiffimg.fits.fz,Kulkarni,1,2972,15,478,26.220800399780273,6.056469828763511e-06,0.027550900354981422,0.08015920221805573,1.150679963757284e-05,t17_f5_c3,,,,,,,,,,,,,,,,,,,,,,,,,,,,,,,,,,,,,,,ZTF19aapvvsp
2460727.0240162,1,2972524011515,19.964799880981445,/ztf/archive/sci/2025/0220/524005/ztf_20250220524005_000478_zg_c04_o_q4_scimrefdiffimg.fits.fz,Kulkarni,1,2972,15,478,26.393699645996094,1.2704999790003058e-05,0.03750620037317276,-0.11737299710512161,2.7638900064630434e-05,t17_f5_c3,2.972524011515015e+18,t,0.0,1368.9599609375,272.4639892578125,217.323861,1.6207101,19.872699737548828,0.17440800368785858,1.010040044784546,19.807899475097656,0.2777999937534332,0.10224799811840057,19.424999237060547,0.026000000536441803,0.8569999933242798,0.04699999839067459,0.5022010207176208,-0.0648220032453537,1.519320011138916,0.7200000286102295,272.4639892578125,0.1568949967622757,2.0,0.871999979019165,0.7630000114440918,0.5739399790763855,0.5021970272064209,1.1428600549697876,4.0,0.0,0.9228569865226746,0.9264910221099854,19.73590087890625,0.33320000767707825,217.3238547,1.6207381,6.23955,ZTF19aapvvsp
2460728.9421065,1,2974442101515,20.42799949645996,/ztf/archive/sci/2025/0222/442095/ztf_20250222442095_000478_zg_c04_o_q4_scimrefdiffimg.fits.fz,Kulkarni,1,2974,15,478,26.273700714111328,9.226680049323477e-06,0.033973198384046555,-0.0585222989320755,1.7885900888359174e-05,t17_f5_c3,2.974442101515015e+18,t,5.0,1372.6500244140625,266.677001953125,217.3238694,1.6206241,20.56170082092285,0.30151501297950745,1.3303500413894653,20.10700035095215,0.2827000021934509,0.40860700607299805,19.424999237060547,0.026000000536441803,0.8569999933242798,0.04699999839067459,0.16978900134563446,-0.45469900965690613,1.2912399768829346,0.44600000977516174,266.677001953125,0.32098498940467834,2.0,1.1169999837875366,1.0210000276565552,0.8650569915771484,0.7907099723815918,1.0940300226211548,3.0,0.0,0.7085710167884827,1.0,19.89929962158203,0.2985999882221222,217.3238547,1.6207381,5.57731,ZTF19aapvvsp
2460728.9621181,2,2974462111515,20.15399932861328,/ztf/archive/sci/2025/0222/462072/ztf_20250222462072_000478_zr_c04_o_q4_scimrefdiffimg.fits.fz,Kulkarni,1,2974,15,478,26.229000091552734,6.791699888708536e-06,0.029075300320982933,0.07147630304098129,1.3080500139039941e-05,t17_f5_c3,,,,,,,,,,,,,,,,,,,,,,,,,,,,,,,,,,,,,,,ZTF19aapvvsp
2460730.9708565,1,2976470851515,20.342899322509766,/ztf/archive/sci/2025/0224/470845/ztf_20250224470845_000478_zg_c04_o_q4_scimrefdiffimg.fits.fz,Kulkarni,1,2976,15,478,26.35740089416504,9.943450095306616e-06,0.03487269952893257,-0.12183800339698792,1.9756500478251837e-05,t17_f5_c3,2.976470851515015e+18,t,1.0,1378.6400146484375,269.88800048828125,217.3238616,1.6207373,20.205400466918945,0.227509006857872,1.0150699615478516,20.07270050048828,0.267300009727478,0.024687999859452248,19.424999237060547,0.026000000536441803,0.8569999933242798,0.04699999839067459,0.363862007856369,-0.13265199959278107,1.4293700456619263,0.7639999985694885,269.88800048828125,0.270224004983902,2.0,0.7110000252723694,0.6129999756813049,0.497422993183136,0.42886099219322205,1.1598700284957886,6.0,0.0,0.9214289784431458,0.865414023399353,19.93600082397461,0.30149999260902405,217.3238547,1.6207381,8.2639,ZTF19aapvvsp
2460731.0394907,2,2976539491515,20.282899856567383,/ztf/archive/sci/2025/0224/539491/ztf_20250224539491_000478_zr_c04_o_q4_scimrefdiffimg.fits.fz,Kulkarni,1,2976,15,478,26.18589973449707,4.6074801502982154e-06,0.023856600746512413,0.09481800347566605,8.878770131559577e-06,t17_f5_c3,,,,,,,,,,,,,,,,,,,,,,,,,,,,,,,,,,,,,,,ZTF19aapvvsp
2460732.9842593,1,2978484251515,20.333499908447266,/ztf/archive/sci/2025/0226/484236/ztf_20250226484236_000478_zg_c04_o_q4_scimrefdiffimg.fits.fz,Kulkarni,1,2978,15,478,26.32110023498535,9.799329745874275e-06,0.034568898379802704,-0.10244999825954437,1.9174100089003332e-05,t17_f5_c3,2.978484251515015e+18,t,0.0,1385.0699462890625,264.3179931640625,217.3239322,1.6207601,20.22610092163086,0.2097799926996231,1.3086199760437012,20.07469940185547,0.2750000059604645,0.2863520085811615,19.424999237060547,0.026000000536441803,0.8569999933242798,0.04699999839067459,-0.32345399260520935,-0.15137000381946564,2.9200000762939453,0.7590000033378601,264.3179931640625,0.2588219940662384,0.9629989862442017,0.7960000038146973,0.7009999752044678,0.27260300517082214,0.2400680035352707,1.1355199813842773,6.0,0.0,0.9557139873504639,0.9306650161743164,20.1653995513916,0.382099986076355,217.3238547,1.6207381,6.10476,ZTF19aapvvsp
2460733.0052894,2,2978505281515,20.13789939880371,/ztf/archive/sci/2025/0226/505289/ztf_20250226505289_000478_zr_c04_o_q4_scimrefdiffimg.fits.fz,Kulkarni,1,2978,15,478,26.204099655151367,5.691370006388752e-06,0.026575200259685516,0.08331689983606339,1.0865000149351545e-05,t17_f5_c3,,,,,,,,,,,,,,,,,,,,,,,,,,,,,,,,,,,,,,,ZTF19aapvvsp
2460739.9318287,1,2985431821515,20.423599243164062,/ztf/archive/sci/2025/0305/431817/ztf_20250305431817_000478_zg_c04_o_q4_scimrefdiffimg.fits.fz,Kulkarni,1,2985,15,478,26.37849998474121,9.841540304478258e-06,0.03431989997625351,-0.13016100227832794,1.9661900296341628e-05,t17_f5_c3,2.985431821515015e+18,t,0.0,1359.3399658203125,271.3080139160156,217.3238797,1.6207016,20.27050018310547,0.23960000276565552,1.3708100318908691,20.269899368286133,0.3034000098705292,0.1574220061302185,19.424999237060547,0.026000000536441803,0.8569999933242798,0.04699999839067459,0.5482069849967957,-0.0005729999975301325,1.403730034828186,0.49300000071525574,271.3080139160156,0.15367799997329712,2.0,0.8410000205039978,0.6100000143051147,0.5991179943084717,0.4345560073852539,1.3786900043487549,6.0,0.0,0.9200000166893005,0.923678994178772,20.690399169921875,0.5706999897956848,217.3238547,1.6207381,5.60051,ZTF19aapvvsp
2460744.9168981,1,2990416891515,17.24880027770996,/ztf/archive/sci/2025/0310/416887/ztf_20250310416887_000478_zg_c04_o_q4_scimrefdiffimg.fits.fz,Kulkarni,1,2990,15,478,23.964799880981445,0.0013101400109007955,0.07683459669351578,-0.08112949877977371,0.005033220164477825,t17_f5_c3,,,,,,,,,,,,,,,,,,,,,,,,,,,,,,,,,,,,,,,ZTF19aapvvsp
2460751.8775463,1,2997377541515,17.58839988708496,/ztf/archive/sci/2025/0317/377488/ztf_20250317377488_000478_zg_c04_o_q4_scimrefdiffimg.fits.fz,Kulkarni,1,2997,15,478,25.371200561523438,0.00019269000040367246,0.0490276999771595,-0.09284500032663345,0.000626317982096225,t17_f5_c3,,,,,,,,,,,,,,,,,,,,,,,,,,,,,,,,,,,,,,,ZTF19aapvvsp
2460754.8488426,1,3000348841515,19.753400802612305,/ztf/archive/sci/2025/0320/348785/ztf_20250320348785_000478_zg_c04_o_q4_scimrefdiffimg.fits.fz,Kulkarni,1,3000,15,478,26.209199905395508,1.5678500858484767e-05,0.04099059849977493,-0.09928449988365173,3.6076198739465326e-05,t17_f5_c3,,,,,,,,,,,,,,,,,,,,,,,,,,,,,,,,,,,,,,,ZTF19aapvvsp
2460756.8304514,2,3002330451515,20.257200241088867,/ztf/archive/sci/2025/0322/330428/ztf_20250322330428_000478_zr_c04_o_q4_scimrefdiffimg.fits.fz,Kulkarni,1,3002,15,478,26.14109992980957,3.855720024148468e-06,0.021822599694132805,0.09448199719190598,7.425579951814143e-06,t17_f5_c3,,,,,,,,,,,,,,,,,,,,,,,,,,,,,,,,,,,,,,,ZTF19aapvvsp
2460756.8795602,1,3002379561515,19.647199630737305,/ztf/archive/sci/2025/0322/379514/ztf_20250322379514_000478_zg_c04_o_q4_scimrefdiffimg.fits.fz,Kulkarni,1,3002,15,478,25.857099533081055,8.000279922271147e-05,0.08912129700183868,-0.10435499995946884,0.00019566400442272425,t17_f5_c3,3.002379561515015e+18,t,1.0,1378.3499755859375,274.8349914550781,217.3238534,1.6207558,19.671100616455078,0.18288899958133698,0.9891030192375183,19.898799896240234,0.42289999127388,0.0628810003399849,19.424999237060547,0.026000000536441803,0.8569999933242798,0.04699999839067459,1.567829966545105,0.2276729941368103,1.5399999618530273,0.9350000023841858,274.8349914550781,-0.2515760064125061,1.8847899436950684,0.6830000281333923,0.5870000123977661,0.44350600242614746,0.38116899132728577,1.163540005683899,6.0,0.0,0.9242860078811646,0.9299830198287964,19.997600555419922,0.5940999984741211,217.3238547,1.6207381,7.32319,ZTF19aapvvsp
2460756.9734722,2,3002473471515,20.10919952392578,/ztf/archive/sci/2025/0322/473472/ztf_20250322473472_000478_zr_c04_o_q4_scimrefdiffimg.fits.fz,Kasliwal/Graham,2,3002,15,478,26.17490005493164,5.276459887681995e-06,0.025480100885033607,0.09185849875211716,1.01352998171933e-05,t17_f5_c3,,,,,,,,,,,,,,,,,,,,,,,,,,,,,,,,,,,,,,,ZTF19aapvvsp
2460758.9187731,1,3004418771515,20.30500030517578,/ztf/archive/sci/2025/0324/418762/ztf_20250324418762_000478_zg_c04_o_q4_scimrefdiffimg.fits.fz,Kulkarni,1,3004,15,478,26.307300567626953,9.749330274644308e-06,0.03465430065989494,-0.09713879972696304,1.906400029838551e-05,t17_f5_c3,3.004418771515015e+18,t,1.0,1373.300048828125,277.6499938964844,217.3238289,1.6207574,19.78030014038086,0.15916800498962402,1.511780023574829,19.999500274658203,0.2572999894618988,0.11460399627685547,19.424999237060547,0.026000000536441803,0.8569999933242798,0.04699999839067459,0.3585579991340637,0.21915499866008759,2.259999990463257,0.8169999718666077,277.6499938964844,0.30545100569725037,1.2746599912643433,0.7590000033378601,0.6710000038146973,0.33584100008010864,0.29690301418304443,1.1311500072479248,2.0,0.0,0.9599999785423279,1.0,20.01810073852539,0.3346000015735626,217.3238547,1.6207381,10.1677,ZTF19aapvvsp
2460758.9845023,2,3004484501515,20.05150032043457,/ztf/archive/sci/2025/0324/484479/ztf_20250324484479_000478_zr_c04_o_q4_scimrefdiffimg.fits.fz,Kulkarni,1,3004,15,478,26.18440055847168,5.180019797990099e-06,0.025384899228811264,0.09447219967842102,9.929040061251726e-06,t17_f5_c3,,,,,,,,,,,,,,,,,,,,,,,,,,,,,,,,,,,,,,,ZTF19aapvvsp
2460759.9852315,2,3005485231515,20.076200485229492,/ztf/archive/sci/2025/0325/485232/ztf_20250325485232_000478_zr_c04_o_q4_scimrefdiffimg.fits.fz,Kasliwal/Graham,2,3005,15,478,26.174299240112305,4.686070042225765e-06,0.02410620078444481,0.10191699862480164,8.921800144889858e-06,t17_f5_c3,,,,,,,,,,,,,,,,,,,,,,,,,,,,,,,,,,,,,,,ZTF19aapvvsp
2460760.8359028,2,3006335901515,18.874300003051758,/ztf/archive/sci/2025/0326/335880/ztf_20250326335880_000478_zr_c04_o_q4_scimrefdiffimg.fits.fz,Kulkarni,1,3006,15,478,24.686399459838867,7.803719927323982e-05,0.09530740231275558,0.11316899955272675,0.00014782500511500984,t17_f5_c3,,,,,,,,,,,,,,,,,,,,,,,,,,,,,,,,,,,,,,,ZTF19aapvvsp
2460762.9278588,2,3008427851515,18.778200149536133,/ztf/archive/sci/2025/0328/427859/ztf_20250328427859_000478_zr_c04_o_q4_scimrefdiffimg.fits.fz,Kulkarni,1,3008,15,478,25.26810073852539,2.4412700440734625e-05,0.04940969869494438,0.0854083001613617,4.752759923576377e-05,t17_f5_c3,,,,,,,,,,,,,,,,,,,,,,,,,,,,,,,,,,,,,,,ZTF19aapvvsp
2460770.8638426,2,3016363841515,19.946300506591797,/ztf/archive/sci/2025/0405/363843/ztf_20250405363843_000478_zr_c04_o_q4_scimrefdiffimg.fits.fz,Kasliwal/Graham,2,3016,15,478,26.14299964904785,6.587440111616161e-06,0.028627099469304085,0.07879479974508286,1.2589000107254833e-05,t17_f5_c3,3.016363841515015e+18,t,0.0,1367.550048828125,281.0329895019531,217.3240027,1.6207269,19.820999145507812,0.1998089998960495,1.009369969367981,20.013700485229492,0.38679999113082886,0.5284039974212646,18.761999130249023,0.03400000184774399,1.5499999523162842,0.17299999296665192,0.5053920149803162,0.19268399477005005,1.345139980316162,0.8820000290870667,281.0329895019531,-0.06735700368881226,2.0,0.8019999861717224,0.6359999775886536,0.596219003200531,0.4728119969367981,1.2610100507736206,6.0,0.0,0.9585710167884827,0.9740030169487,19.976499557495117,0.478300005197525,217.3238542,1.6207195,5.16363,ZTF19aapvvsp
2460770.9910069,2,3016491001515,19.76020050048828,/ztf/archive/sci/2025/0405/490995/ztf_20250405490995_000478_zr_c04_o_q4_scimrefdiffimg.fits.fz,Kasliwal/Graham,2,3016,15,478,26.143600463867188,7.958709829836152e-06,0.03127859905362129,0.10480800271034241,1.512220023869304e-05,t17_f5_c3,,,,,,,,,,,,,,,,,,,,,,,,,,,,,,,,,,,,,,,ZTF19aapvvsp
2460771.8384375,1,3017338431515,17.943500518798828,/ztf/archive/sci/2025/0406/338426/ztf_20250406338426_000478_zg_c04_o_q4_scimrefdiffimg.fits.fz,Kulkarni,1,3017,15,478,24.229999542236328,0.0001654130028327927,0.0654762014746666,-0.07383959740400314,0.0005406460259109735,t17_f5_c3,,,,,,,,,,,,,,,,,,,,,,,,,,,,,,,,,,,,,,,ZTF19aapvvsp
2460771.9043634,2,3017404361515,20.06920051574707,/ztf/archive/sci/2025/0406/404363/ztf_20250406404363_000478_zr_c04_o_q4_scimrefdiffimg.fits.fz,Kulkarni,1,3017,15,478,26.1919002532959,4.472899945540121e-06,0.023528700694441795,0.09238269925117493,8.537280336895492e-06,t17_f5_c3,,,,,,,,,,,,,,,,,,,,,,,,,,,,,,,,,,,,,,,ZTF19aapvvsp
2460771.9537963,2,3017453791515,20.179800033569336,/ztf/archive/sci/2025/0406/453796/ztf_20250406453796_000478_zr_c04_o_q4_scimrefdiffimg.fits.fz,Kasliwal/Graham,2,3017,15,478,26.16900062561035,4.567280029732501e-06,0.02389580011367798,0.10110200196504593,8.7061098383856e-06,t17_f5_c3,,,,,,,,,,,,,,,,,,,,,,,,,,,,,,,,,,,,,,,ZTF19aapvvsp
2460772.8545602,2,3018354561515,19.88279914855957,/ztf/archive/sci/2025/0407/354560/ztf_20250407354560_000478_zr_c04_o_q4_scimrefdiffimg.fits.fz,Kasliwal/Graham,2,3018,15,478,26.073299407958984,5.632789907394908e-06,0.026448799297213554,0.09331239759922028,1.0716899851104245e-05,t17_f5_c3,,,,,,,,,,,,,,,,,,,,,,,,,,,,,,,,,,,,,,,ZTF19aapvvsp
2460773.7758681,2,3019275861515,19.651399612426758,/ztf/archive/sci/2025/0408/275868/ztf_20250408275868_000478_zr_c04_o_q4_scimrefdiffimg.fits.fz,Kasliwal/Graham,2,3019,15,478,26.105300903320312,8.359849744010717e-06,0.03226429969072342,0.07979589700698853,1.5967800209182315e-05,t17_f5_c3,,,,,,,,,,,,,,,,,,,,,,,,,,,,,,,,,,,,,,,ZTF19aapvvsp
2460773.8366898,1,3019336681515,19.662399291992188,/ztf/archive/sci/2025/0408/336690/ztf_20250408336690_000478_zg_c04_o_q4_scimrefdiffimg.fits.fz,Kulkarni,1,3019,15,478,26.27359962463379,1.5211900063150097e-05,0.03970099985599518,-0.09702079743146896,3.599129922804423e-05,t17_f5_c3,3.019336681515015e+18,t,0.0,1390.9300537109375,266.6199951171875,217.3238502,1.6206901,19.678600311279297,0.23261600732803345,1.5180200338363647,19.72369956970215,0.3716999888420105,0.17143799364566803,19.424999237060547,0.026000000536441803,0.8569999933242798,0.04699999839067459,0.9184470176696777,0.04508600011467934,1.3833400011062622,0.9539999961853027,266.6199951171875,-0.06125300005078316,2.0,0.6779999732971191,0.5519999861717224,0.490119993686676,0.3990350067615509,1.2282600402832031,5.0,0.0,0.9285709857940674,0.9911530017852783,19.820999145507812,0.5216000080108643,217.3238547,1.6207381,7.60588,ZTF19aapvvsp
2460773.9085301,2,3019408531515,19.832300186157227,/ztf/archive/sci/2025/0408/408519/ztf_20250408408519_000478_zr_c04_o_q4_scimrefdiffimg.fits.fz,Kasliwal/Graham,2,3019,15,478,26.131500244140625,5.555220013775397e-06,0.02630010060966015,0.09977269917726517,1.061750026565278e-05,t17_f5_c3,,,,,,,,,,,,,,,,,,,,,,,,,,,,,,,,,,,,,,,ZTF19aapvvsp
2460773.9822106,2,3019482211515,19.97920036315918,/ztf/archive/sci/2025/0408/482199/ztf_20250408482199_000478_zr_c04_o_q4_scimrefdiffimg.fits.fz,Kasliwal/Graham,2,3019,15,478,26.059799194335938,5.594859885604819e-06,0.02631169930100441,0.09667299687862396,1.0716100405261386e-05,t17_f5_c3,,,,,,,,,,,,,,,,,,,,,,,,,,,,,,,,,,,,,,,ZTF19aapvvsp
2460774.7734144,2,3020273411515,19.62779998779297,/ztf/archive/sci/2025/0409/273403/ztf_20250409273403_000478_zr_c04_o_q4_scimrefdiffimg.fits.fz,Kasliwal/Graham,2,3020,15,478,26.13279914855957,7.505910161853535e-06,0.03046710044145584,0.10384500026702881,1.4404799912881572e-05,t17_f5_c3,,,,,,,,,,,,,,,,,,,,,,,,,,,,,,,,,,,,,,,ZTF19aapvvsp
2460774.8453819,2,3020345384615,19.726499557495117,/ztf/archive/sci/2025/0409/345324/ztf_20250409345324_001472_zr_c12_o_q3_scimrefdiffimg.fits.fz,Kulkarni,2,3020,46,1472,26.246700286865234,6.330350061034551e-06,0.026730699464678764,0.11699499934911728,1.1868600267916918e-05,t17_f5_c3,,,,,,,,,,,,,,,,,,,,,,,,,,,,,,,,,,,,,,,ZTF19aapvvsp
2460774.9121875,2,3020412181515,19.944499969482422,/ztf/archive/sci/2025/0409/412188/ztf_20250409412188_000478_zr_c04_o_q4_scimrefdiffimg.fits.fz,Kasliwal/Graham,2,3020,15,478,26.207500457763672,1.2076299753971398e-05,0.03872210159897804,0.08906809985637665,2.3148899344960228e-05,t17_f5_c3,,,,,,,,,,,,,,,,,,,,,,,,,,,,,,,,,,,,,,,ZTF19aapvvsp
2460775.7739583,2,3021273951515,19.515600204467773,/ztf/archive/sci/2025/0410/273958/ztf_20250410273958_000478_zr_c04_o_q4_scimrefdiffimg.fits.fz,Kasliwal/Graham,2,3021,15,478,26.1653995513916,1.0610599929350428e-05,0.03622470051050186,0.08235429972410202,2.0234700059518218e-05,t17_f5_c3,,,,,,,,,,,,,,,,,,,,,,,,,,,,,,,,,,,,,,,ZTF19aapvvsp
2460775.8395833,1,3021339581515,19.39539909362793,/ztf/archive/sci/2025/0410/339560/ztf_20250410339560_000478_zg_c04_o_q4_scimrefdiffimg.fits.fz,Kulkarni,1,3021,15,478,26.24530029296875,1.8375500076217577e-05,0.04317329823970795,-0.07566919922828674,4.41367992607411e-05,t17_f5_c3,3.021339581515015e+18,t,0.0,1390.1800537109375,255.61199951171875,217.3239084,1.6206943,19.713300704956055,0.25765299797058105,1.030869960784912,19.16309928894043,0.31130000948905945,0.24617700278759003,19.424999237060547,0.026000000536441803,0.8569999933242798,0.04699999839067459,0.986503005027771,-0.5501760244369507,2.3499999046325684,0.7059999704360962,255.61199951171875,0.23233099281787872,1.0693999528884888,0.8610000014305115,0.5899999737739563,0.36638298630714417,0.2510640025138855,1.4593199491500854,8.0,0.0,0.6014289855957031,0.9199180006980896,18.66950035095215,0.2542000114917755,217.3238547,1.6207381,5.5133,ZTF19aapvvsp
2460775.8813542,2,3021381351515,19.585399627685547,/ztf/archive/sci/2025/0410/381331/ztf_20250410381331_000478_zr_c04_o_q4_scimrefdiffimg.fits.fz,Kulkarni,1,3021,15,478,26.18829917907715,1.0000299880630337e-05,0.03549160063266754,0.0787435993552208,1.9019300452782772e-05,t17_f5_c3,,,,,,,,,,,,,,,,,,,,,,,,,,,,,,,,,,,,,,,ZTF19aapvvsp
2460775.9113426,2,3021411344615,19.4773006439209,/ztf/archive/sci/2025/0410/411331/ztf_20250410411331_001472_zr_c12_o_q3_scimrefdiffimg.fits.fz,Kulkarni,2,3021,46,1472,26.25670051574707,9.359349860460497e-06,0.03220539912581444,0.12314700335264206,1.750519913912285e-05,t17_f5_c3,,,,,,,,,,,,,,,,,,,,,,,,,,,,,,,,,,,,,,,ZTF19aapvvsp
2460776.8937037,2,3022393704615,19.47640037536621,/ztf/archive/sci/2025/0411/393704/ztf_20250411393704_001472_zr_c12_o_q3_scimrefdiffimg.fits.fz,Kulkarni,2,3022,46,1472,26.279300689697266,9.282280188926961e-06,0.0321010984480381,0.12398400157690048,1.729970063024666e-05,t17_f5_c3,,,,,,,,,,,,,,,,,,,,,,,,,,,,,,,,,,,,,,,ZTF19aapvvsp
2460780.8441088,2,3026344101515,19.383800506591797,/ztf/archive/sci/2025/0415/344109/ztf_20250415344109_000478_zr_c04_o_q4_scimrefdiffimg.fits.fz,Kasliwal/Graham,2,3026,15,478,26.197500228881836,9.840569873631466e-06,0.03506790101528168,0.08921139687299728,1.871089989435859e-05,t17_f5_c3,,,,,,,,,,,,,,,,,,,,,,,,,,,,,,,,,,,,,,,ZTF19aapvvsp
2460780.8602431,2,3026360241515,19.3356990814209,/ztf/archive/sci/2025/0415/360185/ztf_20250415360185_000478_zr_c04_o_q4_scimrefdiffimg.fits.fz,Kulkarni,1,3026,15,478,26.168500900268555,8.136020369420294e-06,0.03183729946613312,0.09240960329771042,1.5528799849562347e-05,t17_f5_c3,,,,,,,,,,,,,,,,,,,,,,,,,,,,,,,,,,,,,,,ZTF19aapvvsp
2460780.9117245,2,3026411721515,19.036500930786133,/ztf/archive/sci/2025/0415/411725/ztf_20250415411725_000478_zr_c04_o_q4_scimrefdiffimg.fits.fz,Kasliwal/Graham,2,3026,15,478,26.17020034790039,1.5993100532796234e-05,0.04417100176215172,0.08818390220403671,3.0871600756654516e-05,t17_f5_c3,,,,,,,,,,,,,,,,,,,,,,,,,,,,,,,,,,,,,,,ZTF19aapvvsp
2460785.7604861,2,3031260481515,19.927900314331055,/ztf/archive/sci/2025/0420/260486/ztf_20250420260486_000478_zr_c04_o_q4_scimrefdiffimg.fits.fz,Kulkarni,2,3031,15,478,25.988000869750977,1.1005799933627713e-05,0.03594670072197914,0.08152490109205246,2.1039999410277233e-05,t17_f5_c3,,,,,,,,,,,,,,,,,,,,,,,,,,,,,,,,,,,,,,,ZTF19aapvvsp
2460785.7706713,2,3031270671515,20.397199630737305,/ztf/archive/sci/2025/0420/270660/ztf_20250420270660_000478_zr_c04_o_q4_scimrefdiffimg.fits.fz,Kulkarni,1,3031,15,478,26.17009925842285,5.502390195033513e-06,0.026175599545240402,0.09204930067062378,1.0390699571871664e-05,t17_f5_c3,,,,,,,,,,,,,,,,,,,,,,,,,,,,,,,,,,,,,,,ZTF19aapvvsp
2460785.826412,1,3031326411515,20.519800186157227,/ztf/archive/sci/2025/0420/326412/ztf_20250420326412_000478_zg_c04_o_q4_scimrefdiffimg.fits.fz,Kulkarni,1,3031,15,478,26.287500381469727,1.0145099622604903e-05,0.03562220185995102,-0.08760850131511688,1.9420900571276434e-05,t17_f5_c3,3.031326411515015e+18,1,2.0,1369.4300537109375,260.45098876953125,217.3239035,1.6207361,19.806499481201172,0.17491699755191803,2.565840005874634,20.14900016784668,0.28870001435279846,0.17363199591636658,19.424999237060547,0.026000000536441803,0.8569999933242798,0.04699999839067459,0.7331759929656982,0.34252798557281494,3.069999933242798,0.9940000176429749,260.45098876953125,0.3707889914512634,0.7885730266571045,0.6169999837875366,0.5899999737739563,0.20097699761390686,0.1921820044517517,1.0457600355148315,4.0,0.0,0.8285710215568542,0.885748028755188,20.04840087890625,0.3361000120639801,217.3238547,1.6207381,12.8117,ZTF19aapvvsp
2460785.826412,1,3031326411515,20.519800186157227,/ztf/archive/sci/2025/0420/326412/ztf_20250420326412_000478_zg_c04_o_q4_scimrefdiffimg.fits.fz,Kulkarni,1,3031,15,478,26.287500381469727,1.0145099622604903e-05,0.03562220185995102,-0.08760850131511688,1.9420900571276434e-05,t17_f5_c3,3.031326411515015e+18,t,2.0,1369.4300537109375,260.45098876953125,217.3239035,1.6207361,19.806499481201172,0.17491699755191803,2.565840005874634,20.14900016784668,0.28870001435279846,0.17363199591636658,19.424999237060547,0.026000000536441803,0.8569999933242798,0.04699999839067459,0.7331759929656982,0.34252798557281494,3.069999933242798,0.9940000176429749,260.45098876953125,0.3707889914512634,0.7885730266571045,0.6169999837875366,0.5899999737739563,0.20097699761390686,0.1921820044517517,1.0457600355148315,4.0,0.0,0.8285710215568542,0.885748028755188,20.04840087890625,0.3361000120639801,217.3238547,1.6207381,12.8117,ZTF19aapvvsp
2460785.8274769,1,3031327471515,20.675600051879883,/ztf/archive/sci/2025/0420/327477/ztf_20250420327477_000478_zg_c04_o_q4_scimrefdiffimg.fits.fz,Kulkarni,2,3031,15,478,26.59819984436035,9.591580237611197e-06,0.03468089923262596,-0.08800160139799118,1.8274300600751303e-05,t17_f5_c3,3.031327471515015e+18,t,1.0,1371.1400146484375,261.0429992675781,217.3238855,1.6207108,19.677200317382812,0.09110300242900848,1.0354299545288086,19.820899963378906,0.18619999289512634,0.14612700045108795,19.424999237060547,0.026000000536441803,0.8569999933242798,0.04699999839067459,0.5913159847259521,0.14365200698375702,1.6799999475479126,0.9769999980926514,261.0429992675781,0.8546559810638428,1.4348000288009644,0.6119999885559082,0.6029999852180481,0.36428600549697876,0.35892900824546814,1.014930009841919,2.0,0.0,0.9242860078811646,1.0,19.973800659179688,0.27320000529289246,217.3238547,1.6207381,8.44101,ZTF19aapvvsp
2460786.8820486,2,3032382041515,20.182100296020508,/ztf/archive/sci/2025/0421/382049/ztf_20250421382049_000478_zr_c04_o_q4_scimrefdiffimg.fits.fz,Kulkarni,2,3032,15,478,26.29290008544922,4.985889972886071e-06,0.024903099983930588,0.08914809674024582,9.46300042414805e-06,t17_f5_c3,,,,,,,,,,,,,,,,,,,,,,,,,,,,,,,,,,,,,,,ZTF19aapvvsp
2460787.865787,2,3033365781515,20.590299606323242,/ztf/archive/sci/2025/0422/365787/ztf_20250422365787_000478_zr_c04_o_q4_scimrefdiffimg.fits.fz,Kulkarni,1,3033,15,478,26.17340087890625,6.077929810999194e-06,0.02748589962720871,0.08801410347223282,1.1568099580472335e-05,t17_f5_c3,,,,,,,,,,,,,,,,,,,,,,,,,,,,,,,,,,,,,,,ZTF19aapvvsp
2460789.835544,1,3035335541515,20.614099502563477,/ztf/archive/sci/2025/0424/335544/ztf_20250424335544_000478_zg_c04_o_q4_scimrefdiffimg.fits.fz,Kulkarni,1,3035,15,478,26.313899993896484,1.0354900041420478e-05,0.03585309907793999,-0.12009000033140182,1.981999957934022e-05,t17_f5_c3,3.035335541515015e+18,1,2.0,1373.0799560546875,261.8160095214844,217.3238792,1.6207488,19.664899826049805,0.1176069974899292,1.65857994556427,19.652099609375,0.14949999749660492,0.09503400325775146,19.424999237060547,0.026000000536441803,0.8569999933242798,0.04699999839067459,0.022244999185204506,-0.012759000062942505,1.75,0.9549999833106995,261.8160095214844,0.9620230197906494,1.5678600072860718,0.7559999823570251,0.6539999842643738,0.4320000112056732,0.37371399998664856,1.155959963798523,4.0,0.0,0.9314290285110474,0.9983609914779663,19.61090087890625,0.18299999833106995,217.3238547,1.6207381,9.73428,ZTF19aapvvsp
2460787.7783102,2,3033278311515,20.344200134277344,/ztf/archive/sci/2025/0422/278310/ztf_20250422278310_000478_zr_c04_o_q4_scimrefdiffimg.fits.fz,Kasliwal/Graham,2,3033,15,478,26.207300186157227,8.219330084102694e-06,0.03190229833126068,0.07866519689559937,1.5790199540788308e-05,t17_f5_c3,3.033278311515015e+18,t,2.0,1375.699951171875,286.3190002441406,217.323894,1.6207533,19.836299896240234,0.20785999298095703,1.9156899452209473,19.97949981689453,0.29580000042915344,0.18564599752426147,18.761999130249023,0.03400000184774399,1.5499999523162842,0.17299999296665192,0.29170700907707214,0.14323799312114716,1.1880799531936646,0.9319999814033508,286.3190002441406,0.3646880090236664,2.0,0.5559999942779541,0.49300000071525574,0.4679830074310303,0.4149560034275055,1.1277899742126465,7.0,0.0,0.9485710263252258,0.9110919833183289,19.755699157714844,0.3075999915599823,217.3238542,1.6207195,6.43721,ZTF19aapvvsp
2460787.8318519,2,3033331851515,20.55579948425293,/ztf/archive/sci/2025/0422/331852/ztf_20250422331852_000478_zr_c04_o_q4_scimrefdiffimg.fits.fz,Kasliwal/Graham,2,3033,15,478,26.191099166870117,3.993799964518985e-06,0.02224849909543991,0.09594909846782684,7.605429800605634e-06,t17_f5_c3,,,,,,,,,,,,,,,,,,,,,,,,,,,,,,,,,,,,,,,ZTF19aapvvsp
2460787.8459954,2,3033345991515,20.560800552368164,/ztf/archive/sci/2025/0422/345984/ztf_20250422345984_000478_zr_c04_o_q4_scimrefdiffimg.fits.fz,Kasliwal/Graham,2,3033,15,478,26.175899505615234,4.029619958600961e-06,0.022364400327205658,0.09455730020999908,7.693939551245421e-06,t17_f5_c3,,,,,,,,,,,,,,,,,,,,,,,,,,,,,,,,,,,,,,,ZTF19aapvvsp
2460787.9192824,2,3033419281515,20.58009910583496,/ztf/archive/sci/2025/0422/419271/ztf_20250422419271_000478_zr_c04_o_q4_scimrefdiffimg.fits.fz,Kasliwal/Graham,2,3033,15,478,26.16699981689453,4.768519829667639e-06,0.024240000173449516,0.09070800244808197,9.064429832505994e-06,t17_f5_c3,,,,,,,,,,,,,,,,,,,,,,,,,,,,,,,,,,,,,,,ZTF19aapvvsp
2460789.835544,1,3035335541515,20.614099502563477,/ztf/archive/sci/2025/0424/335544/ztf_20250424335544_000478_zg_c04_o_q4_scimrefdiffimg.fits.fz,Kulkarni,1,3035,15,478,26.313899993896484,1.0354900041420478e-05,0.03585309907793999,-0.12009000033140182,1.981999957934022e-05,t17_f5_c3,3.035335541515015e+18,t,2.0,1373.0799560546875,261.8160095214844,217.3238792,1.6207488,19.664899826049805,0.1176069974899292,1.65857994556427,19.652099609375,0.14949999749660492,0.09503400325775146,19.424999237060547,0.026000000536441803,0.8569999933242798,0.04699999839067459,0.022244999185204506,-0.012759000062942505,1.75,0.9549999833106995,261.8160095214844,0.9620230197906494,1.5678600072860718,0.7559999823570251,0.6539999842643738,0.4320000112056732,0.37371399998664856,1.155959963798523,4.0,0.0,0.9314290285110474,0.9983609914779663,19.61090087890625,0.18299999833106995,217.3238547,1.6207381,9.73428,ZTF19aapvvsp
2460789.8814468,2,3035381441515,20.572200775146484,/ztf/archive/sci/2025/0424/381447/ztf_20250424381447_000478_zr_c04_o_q4_scimrefdiffimg.fits.fz,Kulkarni,1,3035,15,478,26.175199508666992,4.196810095891124e-06,0.022749099880456924,0.08705689758062363,8.088790309557226e-06,t17_f5_c3,3.035381441515015e+18,t,6.0,1378.8499755859375,292.4540100097656,217.3239997,1.620675,19.96419906616211,0.1676270067691803,1.3985999822616577,19.993499755859375,0.24580000340938568,0.5409830212593079,18.761999130249023,0.03400000184774399,1.5499999523162842,0.17299999296665192,0.40766599774360657,0.02927899919450283,1.185420036315918,0.609000027179718,292.4540100097656,0.5787410140037537,2.0,0.8399999737739563,0.6480000019073486,0.708611011505127,0.5466430187225342,1.2963000535964966,5.0,0.0,0.9599999785423279,0.9582610130310059,20.11520004272461,0.34950000047683716,217.3238542,1.6207195,5.03259,ZTF19aapvvsp
2460789.9646759,2,3035464671515,20.115800857543945,/ztf/archive/sci/2025/0424/464676/ztf_20250424464676_000478_zr_c04_o_q4_scimrefdiffimg.fits.fz,Kasliwal/Graham,2,3035,15,478,26.106700897216797,5.267489996185759e-06,0.025469399988651276,0.09814629703760147,1.0069599738926627e-05,t17_f5_c3,,,,,,,,,,,,,,,,,,,,,,,,,,,,,,,,,,,,,,,ZTF19aapvvsp
2460790.8399074,2,3036339901515,20.62529945373535,/ztf/archive/sci/2025/0425/339907/ztf_20250425339907_000478_zr_c04_o_q4_scimrefdiffimg.fits.fz,Kasliwal/Graham,2,3036,15,478,26.180099487304688,4.471559805097058e-06,0.0235034991055727,0.09270620346069336,8.652989890833851e-06,t17_f5_c3,,,,,,,,,,,,,,,,,,,,,,,,,,,,,,,,,,,,,,,ZTF19aapvvsp
2460790.8470486,2,3036347041515,20.433700561523438,/ztf/archive/sci/2025/0425/347037/ztf_20250425347037_000478_zr_c04_o_q4_scimrefdiffimg.fits.fz,Kasliwal/Graham,2,3036,15,478,26.18079948425293,4.341440217103809e-06,0.023166099563241005,0.09537070244550705,8.381420229852665e-06,t17_f5_c3,3.036347041515015e+18,t,2.0,1374.0799560546875,286.4230041503906,217.3240487,1.620723,20.267799377441406,0.24970300495624542,1.3247599601745605,19.80699920654297,0.21879999339580536,0.6914950013160706,18.761999130249023,0.03400000184774399,1.5499999523162842,0.17299999296665192,-0.10803599655628204,-0.4608460068702698,1.2702900171279907,0.4560000002384186,286.4230041503906,0.6267229914665222,2.0,0.9929999709129333,0.7919999957084656,0.7817130088806152,0.6234809756278992,1.253790020942688,4.0,0.0,0.7928569912910461,0.9599230289459229,19.680400848388672,0.24799999594688416,217.3238542,1.6207195,5.37087,ZTF19aapvvsp
2460794.7696296,2,3040269621515,20.41010093688965,/ztf/archive/sci/2025/0429/269630/ztf_20250429269630_000478_zr_c04_o_q4_scimrefdiffimg.fits.fz,Kasliwal/Graham,2,3040,15,478,26.15530014038086,7.144190021790564e-06,0.029792800545692444,0.0828213021159172,1.3739800124312751e-05,t17_f5_c3,,,,,,,,,,,,,,,,,,,,,,,,,,,,,,,,,,,,,,,ZTF19aapvvsp
2460794.8162153,2,3040316211515,20.103099822998047,/ztf/archive/sci/2025/0429/316215/ztf_20250429316215_000478_zr_c04_o_q4_scimrefdiffimg.fits.fz,Kulkarni,1,3040,15,478,26.15920066833496,5.1438801165204495e-06,0.025261400267481804,0.08727259933948517,9.950170351658016e-06,t17_f5_c3,3.040316211515015e+18,t,2.0,1369.06005859375,286.656005859375,217.3240874,1.6206608,19.73819923400879,0.1710440069437027,1.2496800422668457,19.695100784301758,0.24619999527931213,0.855010986328125,18.761999130249023,0.03400000184774399,1.5499999523162842,0.17299999296665192,0.29774799942970276,-0.04305800050497055,2.3399999141693115,0.9290000200271606,286.656005859375,0.40797901153564453,1.1715600490570068,0.8059999942779541,0.6940000057220459,0.34444400668144226,0.2965810000896454,1.1613800525665283,6.0,0.0,0.9542859792709351,0.9812449812889099,19.632600784301758,0.2969000041484833,217.3238542,1.6207195,8.15559,ZTF19aapvvsp
2460796.7969792,2,3042296971515,20.752399444580078,/ztf/archive/sci/2025/0501/296968/ztf_20250501296968_000478_zr_c04_o_q4_scimrefdiffimg.fits.fz,Kulkarni,1,3042,15,478,26.171899795532227,7.449219992849976e-06,0.030458400025963783,0.08671779930591583,1.4270300198404584e-05,t17_f5_c3,,,,,,,,,,,,,,,,,,,,,,,,,,,,,,,,,,,,,,,ZTF19aapvvsp
2460794.7974653,2,3040297461515,20.307199478149414,/ztf/archive/sci/2025/0429/297465/ztf_20250429297465_000478_zr_c04_o_q4_scimrefdiffimg.fits.fz,Kasliwal/Graham,2,3040,15,478,26.161699295043945,5.3276198741514236e-06,0.025654500350356102,0.08616500347852707,1.0250299965264276e-05,t17_f5_c3,3.040297461515015e+18,t,1.0,1371.280029296875,288.9429931640625,217.3239447,1.6207213,19.85070037841797,0.15192300081253052,1.0006799697875977,20.5625,0.5253999829292297,0.32173100113868713,18.761999130249023,0.03400000184774399,1.5499999523162842,0.17299999296665192,0.2592970132827759,0.7117800116539001,1.1814099550247192,0.9369999766349792,288.9429931640625,-0.255266010761261,2.0,0.6060000061988831,0.5680000185966492,0.5129439830780029,0.4807789921760559,1.0669000148773193,4.0,0.0,0.8214290142059326,0.9815710186958313,20.122600555419922,0.4480000138282776,217.3238542,1.6207195,6.75481,ZTF19aapvvsp
2460794.8348148,2,3040334811515,20.318199157714844,/ztf/archive/sci/2025/0429/334815/ztf_20250429334815_000478_zr_c04_o_q4_scimrefdiffimg.fits.fz,Kasliwal/Graham,2,3040,15,478,26.166099548339844,4.3499899220478255e-06,0.02322150021791458,0.09060230106115341,8.36691015138058e-06,t17_f5_c3,3.040334811515015e+18,t,0.0,1379.1500244140625,275.4519958496094,217.324088,1.6207107,19.841100692749023,0.1745939999818802,1.7251100540161133,19.304800033569336,0.164900004863739,0.8317829966545105,18.761999130249023,0.03400000184774399,1.5499999523162842,0.17299999296665192,-0.03824000060558319,-0.5363489985466003,1.17739999294281,0.7820000052452087,275.4519958496094,1.0134299993515015,2.0,0.8949999809265137,0.8040000200271606,0.7601500153541565,0.6828609704971313,1.1131800413131714,4.0,0.0,0.6771429777145386,0.9909459948539734,19.21739959716797,0.1940000057220459,217.3238542,1.6207195,5.47061,ZTF19aapvvsp
2460794.886875,2,3040386871515,20.159799575805664,/ztf/archive/sci/2025/0429/386863/ztf_20250429386863_000478_zr_c04_o_q4_scimrefdiffimg.fits.fz,Kasliwal/Graham,2,3040,15,478,26.124399185180664,5.174229954718612e-06,0.0253261998295784,0.10524699836969376,9.963880074792542e-06,t17_f5_c3,,,,,,,,,,,,,,,,,,,,,,,,,,,,,,,,,,,,,,,ZTF19aapvvsp
2460794.9201505,2,3040420151515,20.209699630737305,/ztf/archive/sci/2025/0429/420150/ztf_20250429420150_000478_zr_c04_o_q4_scimrefdiffimg.fits.fz,Kasliwal/Graham,2,3040,15,478,26.131500244140625,4.318149876780808e-06,0.023124700412154198,0.09004689753055573,8.328949661517981e-06,t17_f5_c3,,,,,,,,,,,,,,,,,,,,,,,,,,,,,,,,,,,,,,,ZTF19aapvvsp
2460794.9534491,2,3040453441515,19.866899490356445,/ztf/archive/sci/2025/0429/453437/ztf_20250429453437_000478_zr_c04_o_q4_scimrefdiffimg.fits.fz,Kasliwal/Graham,2,3040,15,478,26.078399658203125,5.8486198213358875e-06,0.026813499629497528,0.10195799916982651,1.1250999705225695e-05,t17_f5_c3,,,,,,,,,,,,,,,,,,,,,,,,,,,,,,,,,,,,,,,ZTF19aapvvsp
2460794.9665856,2,3040466581515,19.60700035095215,/ztf/archive/sci/2025/0429/466574/ztf_20250429466574_000478_zr_c04_o_q4_scimrefdiffimg.fits.fz,Kasliwal/Graham,2,3040,15,478,25.9906005859375,8.340340173162986e-06,0.03183630108833313,0.1073329970240593,1.600339965079911e-05,t17_f5_c3,,,,,,,,,,,,,,,,,,,,,,,,,,,,,,,,,,,,,,,ZTF19aapvvsp
2460795.7109954,2,3041210991515,20.257699966430664,/ztf/archive/sci/2025/0430/210995/ztf_20250430210995_000478_zr_c04_o_q4_scimrefdiffimg.fits.fz,Kasliwal/Graham,2,3041,15,478,26.091999053955078,5.167909876035992e-06,0.025356799364089966,0.09812159836292267,9.919460353557952e-06,t17_f5_c3,,,,,,,,,,,,,,,,,,,,,,,,,,,,,,,,,,,,,,,ZTF19aapvvsp
2460795.776794,2,3041276791515,20.5132999420166,/ztf/archive/sci/2025/0430/276782/ztf_20250430276782_000478_zr_c04_o_q4_scimrefdiffimg.fits.fz,Kasliwal/Graham,2,3041,15,478,26.165700912475586,3.588859954106738e-06,0.02118460088968277,0.09538059681653976,6.9074098973942455e-06,t17_f5_c3,,,,,,,,,,,,,,,,,,,,,,,,,,,,,,,,,,,,,,,ZTF19aapvvsp
2460795.9042014,2,3041404201515,20.279800415039062,/ztf/archive/sci/2025/0430/404201/ztf_20250430404201_000478_zr_c04_o_q4_scimrefdiffimg.fits.fz,Kasliwal/Graham,2,3041,15,478,26.14229965209961,4.350330073066289e-06,0.023274200037121773,0.09883850067853928,8.298269676743075e-06,t17_f5_c3,,,,,,,,,,,,,,,,,,,,,,,,,,,,,,,,,,,,,,,ZTF19aapvvsp
2460796.853588,1,3042353581515,20.83009910583496,/ztf/archive/sci/2025/0501/353576/ztf_20250501353576_000478_zg_c04_o_q4_scimrefdiffimg.fits.fz,Kulkarni,1,3042,15,478,26.28030014038086,1.1345199709467124e-05,0.037515100091695786,-0.094172403216362,2.1648900656145997e-05,t17_f5_c3,3.042353581515015e+18,t,3.0,1363.489990234375,263.76300048828125,217.3238855,1.6207206,19.735300064086914,0.1338520050048828,2.717979907989502,19.791000366210938,0.1574999988079071,0.12589199841022491,19.424999237060547,0.026000000536441803,0.8569999933242798,0.04699999839067459,0.10441099852323532,0.055730998516082764,3.2899999618530273,0.9860000014305115,263.76300048828125,1.0391000509262085,0.7413719892501831,0.6660000085830688,0.5910000205039978,0.20243200659751892,0.17963500320911407,1.1268999576568604,3.0,0.0,0.8842859864234924,0.9963650107383728,19.914400100708008,0.22370000183582306,217.3238547,1.6207381,14.8947,ZTF19aapvvsp
2460798.7944676,2,3044294461515,20.3533992767334,/ztf/archive/sci/2025/0503/294456/ztf_20250503294456_000478_zr_c04_o_q4_scimrefdiffimg.fits.fz,Kulkarni,1,3044,15,478,26.13990020751953,4.132290087000001e-06,0.02268490009009838,0.09059520065784454,7.891950190241914e-06,t17_f5_c3,,,,,,,,,,,,,,,,,,,,,,,,,,,,,,,,,,,,,,,ZTF19aapvvsp
2460797.749456,2,3043249451515,20.127500534057617,/ztf/archive/sci/2025/0502/249444/ztf_20250502249444_000478_zr_c04_o_q4_scimrefdiffimg.fits.fz,Kasliwal/Graham,2,3043,15,478,26.106800079345703,4.7399598770425655e-06,0.024329999461770058,0.08509670197963715,9.14113024919061e-06,t17_f5_c3,3.043249451515015e+18,t,0.0,1375.5799560546875,285.7380065917969,217.3239552,1.6207397,19.814800262451172,0.19331100583076477,1.206339955329895,19.597200393676758,0.23639999330043793,0.3661850094795227,18.761999130249023,0.03400000184774399,1.5499999523162842,0.17299999296665192,-0.2460239976644516,-0.21757300198078156,1.27524995803833,0.9390000104904175,285.7380065917969,0.5303390026092529,2.0,0.6880000233650208,0.6359999775886536,0.5395029783248901,0.4987260103225708,1.081760048866272,5.0,0.0,0.9399999976158142,0.9453629851341248,19.369199752807617,0.24500000476837158,217.3238542,1.6207195,6.07892,ZTF19aapvvsp
2460798.8492014,1,3044349201515,20.65559959411621,/ztf/archive/sci/2025/0503/349190/ztf_20250503349190_000478_zg_c04_o_q4_scimrefdiffimg.fits.fz,Kulkarni,1,3044,15,478,26.231800079345703,1.2425600289134309e-05,0.03934450075030327,-0.10836900025606155,2.35029001487419e-05,t17_f5_c3,3.044349201515015e+18,t,1.0,1362.0999755859375,254.48699951171875,217.323871,1.6207331,19.6648006439209,0.13662700355052948,2.278860092163086,19.678199768066406,0.16189999878406525,0.060791999101638794,19.424999237060547,0.026000000536441803,0.8569999933242798,0.04699999839067459,-0.10169900208711624,0.013414000160992146,2.9000000953674316,0.9929999709129333,254.48699951171875,0.9773679971694946,0.8613640069961548,0.593999981880188,0.5609999895095825,0.20482799410820007,0.193448007106781,1.0588200092315674,6.0,0.0,0.8871430158615112,0.8555639982223511,19.6737003326416,0.20489999651908875,217.3238547,1.6207381,8.53733,ZTF19aapvvsp
2460803.8874653,2,3049387461515,19.84939956665039,/ztf/archive/sci/2025/0508/387465/ztf_20250508387465_000478_zr_c04_o_q4_scimrefdiffimg.fits.fz,Kasliwal/Graham,2,3049,15,478,26.16939926147461,6.842450147814816e-06,0.02916169911623001,0.09319999814033508,1.3110099644109141e-05,t17_f5_c3,,,,,,,,,,,,,,,,,,,,,,,,,,,,,,,,,,,,,,,ZTF19aapvvsp
2460803.9410185,2,3049441011515,19.60810089111328,/ztf/archive/sci/2025/0508/441018/ztf_20250508441018_000478_zr_c04_o_q4_scimrefdiffimg.fits.fz,Kasliwal/Graham,2,3049,15,478,26.11639976501465,8.038289706746582e-06,0.03156010061502457,0.09437870234251022,1.5451900253538042e-05,t17_f5_c3,,,,,,,,,,,,,,,,,,,,,,,,,,,,,,,,,,,,,,,ZTF19aapvvsp
2460804.7749769,2,3050274971515,19.64550018310547,/ztf/archive/sci/2025/0509/274965/ztf_20250509274965_000478_zr_c04_o_q4_scimrefdiffimg.fits.fz,Kulkarni,1,3050,15,478,26.213699340820312,1.2350100405456033e-05,0.03921470046043396,0.07295530289411545,2.34259005083004e-05,t17_f5_c3,3.050274971515015e+18,t,0.0,1372.550048828125,265.42401123046875,217.3239173,1.6207196,19.865699768066406,0.25647100806236267,1.2270599603652954,20.01449966430664,0.6014000177383423,0.22445300221443176,18.761999130249023,0.03400000184774399,1.5499999523162842,0.17299999296665192,1.0356299877166748,0.14884500205516815,1.1336699724197388,0.9330000281333923,265.42401123046875,-0.3689880073070526,2.0,0.6290000081062317,0.5590000152587891,0.5548329949378967,0.4930869936943054,1.1252199411392212,9.0,0.0,0.8728569746017456,0.7497559785842896,20.04680061340332,0.7950000166893005,217.3238542,1.6207195,5.06861,ZTF19aapvvsp
2460804.9220718,1,3050422071515,18.980300903320312,/ztf/archive/sci/2025/0509/422060/ztf_20250509422060_000478_zg_c04_o_q4_scimrefdiffimg.fits.fz,Kulkarni,1,3050,15,478,26.200899124145508,3.6008801544085145e-05,0.04730980098247528,-0.04781850054860115,9.688999853096902e-05,t17_f5_c3,,,,,,,,,,,,,,,,,,,,,,,,,,,,,,,,,,,,,,,ZTF19aapvvsp
2460805.6978704,2,3051197871515,19.35759925842285,/ztf/archive/sci/2025/0510/197859/ztf_20250510197859_000478_zr_c04_o_q4_scimrefdiffimg.fits.fz,Kasliwal/Graham,2,3051,15,478,26.188199996948242,9.717509783513378e-06,0.03480660170316696,0.08623170107603073,1.856299968494568e-05,t17_f5_c3,,,,,,,,,,,,,,,,,,,,,,,,,,,,,,,,,,,,,,,ZTF19aapvvsp
2460806.8829282,2,3052382921515,15.913999557495117,/ztf/archive/sci/2025/0511/382917/ztf_20250511382917_000478_zr_c04_o_q4_scimrefdiffimg.fits.fz,Kasliwal/Graham,2,3052,15,478,24.030000686645508,0.00785078015178442,0.08161810040473938,0.12194900214672089,0.022564399987459183,t17_f5_c3,,,,,,,,,,,,,,,,,,,,,,,,,,,,,,,,,,,,,,,ZTF19aapvvsp
2460810.713588,1,3056213581515,20.12779998779297,/ztf/archive/sci/2025/0515/213588/ztf_20250515213588_000478_zg_c04_o_q4_scimrefdiffimg.fits.fz,Kulkarni,1,3056,15,478,26.261199951171875,1.2697500096692238e-05,0.03929480165243149,-0.11006399989128113,2.5485700462013483e-05,t17_f5_c3,,,,,,,,,,,,,,,,,,,,,,,,,,,,,,,,,,,,,,,ZTF19aapvvsp
2460810.7401968,2,3056240191515,19.98240089416504,/ztf/archive/sci/2025/0515/240197/ztf_20250515240197_000478_zr_c04_o_q4_scimrefdiffimg.fits.fz,Kasliwal/Graham,2,3056,15,478,26.16939926147461,1.330679970124038e-05,0.04072659835219383,0.07524760067462921,2.5308099793619476e-05,t17_f5_c3,,,,,,,,,,,,,,,,,,,,,,,,,,,,,,,,,,,,,,,ZTF19aapvvsp
2460810.8986343,2,3056398631515,19.643999099731445,/ztf/archive/sci/2025/0515/398634/ztf_20250515398634_000478_zr_c04_o_q4_scimrefdiffimg.fits.fz,Kasliwal/Graham,2,3056,15,478,26.124000549316406,7.663170435989741e-06,0.03083050064742565,0.0878428965806961,1.469529979658546e-05,t17_f5_c3,,,,,,,,,,,,,,,,,,,,,,,,,,,,,,,,,,,,,,,ZTF19aapvvsp
2460814.7961227,1,3060296121515,20.028200149536133,/ztf/archive/sci/2025/0519/296111/ztf_20250519296111_000478_zg_c04_o_q4_scimrefdiffimg.fits.fz,Kulkarni,1,3060,15,478,26.24370002746582,1.2945900380145758e-05,0.038479600101709366,-0.07383199781179428,2.825070077960845e-05,t17_f5_c3,3.060296121515015e+18,t,1.0,1378.9200439453125,296.2170104980469,217.3239124,1.6206652,19.739700317382812,0.1723870038986206,1.2994099855422974,20.19230079650879,0.328900009393692,0.3305659890174866,19.424999237060547,0.026000000536441803,0.8569999933242798,0.04699999839067459,0.21841999888420105,0.4526199996471405,4.150000095367432,0.7929999828338623,296.2170104980469,-0.16411399841308594,0.8347089886665344,0.8389999866485596,0.7480000257492065,0.2021690011024475,0.18024100363254547,1.1216599941253662,2.0,0.0,0.8671429753303528,1.0,20.355600357055664,0.48890000581741333,217.3238547,1.6207381,8.88698,ZTF19aapvvsp
2460814.8537963,2,3060353791515,19.504100799560547,/ztf/archive/sci/2025/0519/353796/ztf_20250519353796_000478_zr_c04_o_q4_scimrefdiffimg.fits.fz,Kulkarni,1,3060,15,478,26.155799865722656,2.274699909321498e-05,0.05258369818329811,0.08331120014190674,4.4184500438859686e-05,t17_f5_c3,,,,,,,,,,,,,,,,,,,,,,,,,,,,,,,,,,,,,,,ZTF19aapvvsp
2460817.735625,2,3063235621515,20.565799713134766,/ztf/archive/sci/2025/0522/235625/ztf_20250522235625_000478_zr_c04_o_q4_scimrefdiffimg.fits.fz,Kulkarni,1,3063,15,478,26.211599349975586,9.228059752786066e-06,0.034118201583623886,0.09524650126695633,1.7508000382804312e-05,t17_f5_c3,,,,,,,,,,,,,,,,,,,,,,,,,,,,,,,,,,,,,,,ZTF19aapvvsp
2460817.8250579,1,3063325051515,20.52120018005371,/ztf/archive/sci/2025/0522/325058/ztf_20250522325058_000478_zg_c04_o_q4_scimrefdiffimg.fits.fz,Kulkarni,1,3063,15,478,26.30620002746582,1.0863500392588321e-05,0.03704230114817619,-0.08735659718513489,2.0815999960177578e-05,t17_f5_c3,3.063325051515015e+18,t,2.0,1374.93994140625,236.2469940185547,217.3238913,1.6207623,19.970199584960938,0.13457700610160828,0.8379300236701965,19.738500595092773,0.1949000060558319,0.15595999360084534,19.424999237060547,0.026000000536441803,0.8569999933242798,0.04699999839067459,0.005379999987781048,-0.231672003865242,2.3499999046325684,0.7110000252723694,236.2469940185547,0.7827150225639343,1.044510006904602,0.7039999961853027,0.6759999990463257,0.29957398772239685,0.28766000270843506,1.0414199829101562,5.0,0.0,0.9442859888076782,0.9704170227050781,19.862699508666992,0.27889999747276306,217.3238547,1.6207381,6.86396,ZTF19aapvvsp
2460819.7545023,1,3065254501515,20.493499755859375,/ztf/archive/sci/2025/0524/254491/ztf_20250524254491_000478_zg_c04_o_q4_scimrefdiffimg.fits.fz,Kulkarni,1,3065,15,478,26.27680015563965,9.388500075147022e-06,0.034248899668455124,-0.09561250358819962,1.8080700101563707e-05,t17_f5_c3,3.065254501515015e+18,t,1.0,1376.6400146484375,246.38999938964844,217.3239072,1.6207331,20.12980079650879,0.2212509959936142,1.4789400100708008,19.903099060058594,0.21619999408721924,0.18735699355602264,19.424999237060547,0.026000000536441803,0.8569999933242798,0.04699999839067459,0.4594379961490631,-0.2267419993877411,2.3299999237060547,0.8169999718666077,246.38999938964844,0.5904099941253662,1.1353199481964111,0.7730000019073486,0.5799999833106995,0.3317599892616272,0.24892699718475342,1.332759976387024,7.0,0.0,0.9057139754295349,0.8435350060462952,19.750999450683594,0.23999999463558197,217.3238547,1.6207381,9.03314,ZTF19aapvvsp
2460821.7439236,2,3067243921515,20.41860008239746,/ztf/archive/sci/2025/0526/243924/ztf_20250526243924_000478_zr_c04_o_q4_scimrefdiffimg.fits.fz,Kulkarni,1,3067,15,478,26.164199829101562,4.04327010983252e-06,0.02246999926865101,0.08788470178842545,7.758840183669236e-06,t17_f5_c3,,,,,,,,,,,,,,,,,,,,,,,,,,,,,,,,,,,,,,,ZTF19aapvvsp
2460821.8010185,1,3067301011515,20.498699188232422,/ztf/archive/sci/2025/0526/301018/ztf_20250526301018_000478_zg_c04_o_q4_scimrefdiffimg.fits.fz,Kulkarni,1,3067,15,478,26.226600646972656,7.657479727640748e-06,0.031064599752426147,-0.05458660051226616,1.4660199667559937e-05,t17_f5_c3,3.067301011515015e+18,t,2.0,1399.6800537109375,240.94400024414062,217.3238715,1.6207062,20.116600036621094,0.202332004904747,1.0898200273513794,20.133800506591797,0.26669999957084656,0.12818199396133423,19.424999237060547,0.026000000536441803,0.8569999933242798,0.04699999839067459,0.5062479972839355,0.017240000888705254,2.819999933242798,0.7070000171661377,240.94400024414062,0.36493000388145447,0.9355090260505676,0.9670000076293945,0.8669999837875366,0.34290799498558044,0.30744698643684387,1.115339994430542,2.0,0.0,0.945713996887207,1.0,20.48550033569336,0.47029998898506165,217.3238547,1.6207381,8.22994,ZTF19aapvvsp
2460823.7337269,2,3069233721515,20.549400329589844,/ztf/archive/sci/2025/0528/233715/ztf_20250528233715_000478_zr_c04_o_q4_scimrefdiffimg.fits.fz,Kulkarni,1,3069,15,478,26.15530014038086,4.97781002195552e-06,0.02491690032184124,0.08624059706926346,9.556920304021332e-06,t17_f5_c3,,,,,,,,,,,,,,,,,,,,,,,,,,,,,,,,,,,,,,,ZTF19aapvvsp
2460823.7691898,1,3069269181515,20.63330078125,/ztf/archive/sci/2025/0528/269190/ztf_20250528269190_000478_zg_c04_o_q4_scimrefdiffimg.fits.fz,Kulkarni,1,3069,15,478,26.26140022277832,1.2474900358938612e-05,0.03957410156726837,-0.09990929812192917,2.3819600755814463e-05,t17_f5_c3,3.069269181515015e+18,t,1.0,1381.280029296875,273.114990234375,217.3239295,1.6207406,19.948400497436523,0.13921000063419342,1.51937997341156,19.706499099731445,0.16940000653266907,0.2662079930305481,19.424999237060547,0.026000000536441803,0.8569999933242798,0.04699999839067459,0.10418199747800827,-0.24194100499153137,1.909999966621399,0.9229999780654907,273.114990234375,0.9267669916152954,1.3051799535751343,0.7580000162124634,0.6510000228881836,0.39685899019241333,0.3408379852771759,1.1643600463867188,3.0,0.0,0.9257140159606934,0.934594988822937,19.52429962158203,0.1826000064611435,217.3238547,1.6207381,8.34136,ZTF19aapvvsp
2460910.6485301,2,3156148531515,19.59149932861328,/ztf/archive/sci/2025/0823/148530/ztf_20250823148530_000478_zr_c04_o_q4_scimrefdiffimg.fits.fz,Prince,2,3156,15,478,25.968299865722656,1.867279934231192e-05,0.047989100217819214,0.09250780194997787,3.560500044841319e-05,t17_f5_c3,,,,,,,,,,,,,,,,,,,,,,,,,,,,,,,,,,,,,,,ZTF19aapvvsp
2460910.6523611,2,3156152361515,18.892799377441406,/ztf/archive/sci/2025/0823/152350/ztf_20250823152350_000478_zr_c04_o_q4_scimrefdiffimg.fits.fz,Prince,2,3156,15,478,25.446800231933594,0.000876296020578593,0.3152010142803192,0.151870995759964,0.0016793099930509925,t17_f5_c3,,,,,,,,,,,,,,,,,,,,,,,,,,,,,,,,,,,,,,,ZTF19aapvvsp
2460910.6557176,2,3156155711515,18.839000701904297,/ztf/archive/sci/2025/0823/155706/ztf_20250823155706_000478_zr_c04_o_q4_scimrefdiffimg.fits.fz,Prince,2,3156,15,478,25.65920066833496,0.0005033020279370248,0.2328300029039383,0.05905039981007576,0.0009686999837867916,t17_f5_c3,,,,,,,,,,,,,,,,,,,,,,,,,,,,,,,,,,,,,,,ZTF19aapvvsp
2460912.6480556,2,3158148051515,19.57509994506836,/ztf/archive/sci/2025/0825/148056/ztf_20250825148056_000478_zr_c04_o_q4_scimrefdiffimg.fits.fz,Prince,2,3158,15,478,26.03030014038086,8.57894974615192e-06,0.0324242003262043,0.09938590228557587,1.6440300896647386e-05,t17_f5_c3,,,,,,,,,,,,,,,,,,,,,,,,,,,,,,,,,,,,,,,ZTF19aapvvsp
2461007.0660185,2,3252566014715,16.456199645996094,/ztf/archive/sci/2025/1127/566007/ztf_20251127566007_001472_zr_c12_o_q4_scimrefdiffimg.fits.fz,Prince,1,3252,47,1472,23.975500106811523,0.0047763800248503685,0.23256799578666687,0.3037799894809723,0.01130759995430708,t17_f5_c3,,,,,,,,,,,,,,,,,,,,,,,,,,,,,,,,,,,,,,,ZTF19aapvvsp
2461007.0664815,2,3252566484715,16.21380043029785,/ztf/archive/sci/2025/1127/566482/ztf_20251127566482_001472_zr_c12_o_q4_scimrefdiffimg.fits.fz,Prince,1,3252,47,1472,23.813100814819336,0.006295749917626381,0.1528179943561554,0.0397987999022007,0.015134099870920181,t17_f5_c3,,,,,,,,,,,,,,,,,,,,,,,,,,,,,,,,,,,,,,,ZTF19aapvvsp
2461008.0633912,2,3253563394715,18.9601993560791,/ztf/archive/sci/2025/1128/563391/ztf_20251128563391_001472_zr_c12_o_q4_scimrefdiffimg.fits.fz,Prince,1,3253,47,1472,26.225000381469727,1.195900040329434e-05,0.038599200546741486,0.1156969964504242,2.4189299438148737e-05,t17_f5_c3,,,,,,,,,,,,,,,,,,,,,,,,,,,,,,,,,,,,,,,ZTF19aapvvsp
2461008.065787,2,3253565784715,18.574100494384766,/ztf/archive/sci/2025/1128/565775/ztf_20251128565775_001472_zr_c12_o_q4_scimrefdiffimg.fits.fz,Prince,1,3253,47,1472,26.19610023498535,1.6755100659793243e-05,0.04029709845781326,0.12294299900531769,3.395470048417337e-05,t17_f5_c3,,,,,,,,,,,,,,,,,,,,,,,,,,,,,,,,,,,,,,,ZTF19aapvvsp
2461008.070706,2,3253570704715,17.962299346923828,/ztf/archive/sci/2025/1128/570706/ztf_20251128570706_001472_zr_c12_o_q4_scimrefdiffimg.fits.fz,Prince,1,3253,47,1472,26.382099151611328,8.898360101738945e-05,0.05870030075311661,0.12758900225162506,0.0002099050034303218,t17_f5_c3,,,,,,,,,,,,,,,,,,,,,,,,,,,,,,,,,,,,,,,ZTF19aapvvsp
2461009.0612384,2,3254561234715,19.066299438476562,/ztf/archive/sci/2025/1129/561238/ztf_20251129561238_001472_zr_c12_o_q4_scimrefdiffimg.fits.fz,Prince,1,3254,47,1472,26.210500717163086,1.0395399840490427e-05,0.0365745984017849,0.11943499743938446,2.106989995809272e-05,t17_f5_c3,,,,,,,,,,,,,,,,,,,,,,,,,,,,,,,,,,,,,,,ZTF19aapvvsp
2461009.066169,2,3254566164715,17.75160026550293,/ztf/archive/sci/2025/1129/566157/ztf_20251129566157_001472_zr_c12_o_q4_scimrefdiffimg.fits.fz,Prince,1,3254,47,1472,25.99340057373047,4.176429865765385e-05,0.042446400970220566,0.08642859756946564,9.54686984186992e-05,t17_f5_c3,,,,,,,,,,,,,,,,,,,,,,,,,,,,,,,,,,,,,,,ZTF19aapvvsp
2461009.0710648,2,3254571064715,17.527799606323242,/ztf/archive/sci/2025/1129/571065/ztf_20251129571065_001472_zr_c12_o_q4_scimrefdiffimg.fits.fz,Prince,1,3254,47,1472,26.344499588012695,0.0001447829999960959,0.061630699783563614,0.11151000112295151,0.00034673899062909186,t17_f5_c3,,,,,,,,,,,,,,,,,,,,,,,,,,,,,,,,,,,,,,,ZTF19aapvvsp
2461015.0608681,2,3260560864715,18.349000930786133,/ztf/archive/sci/2025/1205/560868/ztf_20251205560868_001472_zr_c12_o_q4_scimrefdiffimg.fits.fz,Prince,1,3260,47,1472,26.259899139404297,4.108039865968749e-05,0.04515929892659187,0.10046099871397018,9.253970347344875e-05,t17_f5_c3,,,,,,,,,,,,,,,,,,,,,,,,,,,,,,,,,,,,,,,ZTF19aapvvsp
2461015.0658565,2,3260565854715,18.125999450683594,/ztf/archive/sci/2025/1205/565845/ztf_20251205565845_001472_zr_c12_o_q4_scimrefdiffimg.fits.fz,Prince,1,3260,47,1472,26.278900146484375,6.290149758569896e-05,0.04584110155701637,0.08953390270471573,0.000146266000228934,t17_f5_c3,,,,,,,,,,,,,,,,,,,,,,,,,,,,,,,,,,,,,,,ZTF19aapvvsp
2461016.0611574,2,3261561151515,19.2539005279541,/ztf/archive/sci/2025/1206/561134/ztf_20251206561134_000478_zr_c04_o_q4_scimrefdiffimg.fits.fz,Prince,1,3261,15,478,26.149099349975586,9.123060408455785e-06,0.03365730121731758,0.09237589687108994,1.73720000020694e-05,t17_f5_c3,,,,,,,,,,,,,,,,,,,,,,,,,,,,,,,,,,,,,,,ZTF19aapvvsp
2461016.0640046,2,3261564001515,19.037900924682617,/ztf/archive/sci/2025/1206/563993/ztf_20251206563993_000478_zr_c04_o_q4_scimrefdiffimg.fits.fz,Prince,1,3261,15,478,26.132099151611328,1.2432299627107568e-05,0.03890490159392357,0.09763520210981369,2.3447699277312495e-05,t17_f5_c3,,,,,,,,,,,,,,,,,,,,,,,,,,,,,,,,,,,,,,,ZTF19aapvvsp
2461016.0690509,2,3261569051515,18.58340072631836,/ztf/archive/sci/2025/1206/569028/ztf_20251206569028_000478_zr_c04_o_q4_scimrefdiffimg.fits.fz,Prince,1,3261,15,478,26.12649917602539,2.0344699805718847e-05,0.04510759934782982,0.08102650195360184,3.995999941253103e-05,t17_f5_c3,,,,,,,,,,,,,,,,,,,,,,,,,,,,,,,,,,,,,,,ZTF19aapvvsp
2461017.0715278,2,3262571521515,17.76180076599121,/ztf/archive/sci/2025/1207/571516/ztf_20251207571516_000478_zr_c04_o_q4_scimrefdiffimg.fits.fz,Prince,1,3262,15,478,26.179899215698242,9.326000144938007e-05,0.04811979830265045,0.12877200543880463,0.00020384599338285625,t17_f5_c3,,,,,,,,,,,,,,,,,,,,,,,,,,,,,,,,,,,,,,,ZTF19aapvvsp
2461018.0619676,2,3263561961515,19.41360092163086,/ztf/archive/sci/2025/1208/561968/ztf_20251208561968_000478_zr_c04_o_q4_scimrefdiffimg.fits.fz,Prince,1,3263,15,478,26.15369987487793,1.0550499609962571e-05,0.03645139932632446,0.07981070131063461,2.0103800125070848e-05,t17_f5_c3,,,,,,,,,,,,,,,,,,,,,,,,,,,,,,,,,,,,,,,ZTF19aapvvsp
2461018.066412,2,3263566411515,19.096799850463867,/ztf/archive/sci/2025/1208/566412/ztf_20251208566412_000478_zr_c04_o_q4_scimrefdiffimg.fits.fz,Prince,1,3263,15,478,26.167999267578125,1.1797899787779897e-05,0.03815009817481041,0.07136079668998718,2.2611400709138252e-05,t17_f5_c3,,,,,,,,,,,,,,,,,,,,,,,,,,,,,,,,,,,,,,,ZTF19aapvvsp
2461018.0718287,2,3263571821515,18.59589958190918,/ztf/archive/sci/2025/1208/571817/ztf_20251208571817_000478_zr_c04_o_q4_scimrefdiffimg.fits.fz,Prince,1,3263,15,478,26.205799102783203,2.509869955247268e-05,0.04904400184750557,0.07292799651622772,4.887099930783734e-05,t17_f5_c3,,,,,,,,,,,,,,,,,,,,,,,,,,,,,,,,,,,,,,,ZTF19aapvvsp
2461029.0656366,2,3274565634615,19.8080997467041,/ztf/archive/sci/2025/1219/565625/ztf_20251219565625_001472_zr_c12_o_q3_scimrefdiffimg.fits.fz,Prince,1,3274,46,1472,26.260499954223633,6.107170065661194e-06,0.02615560032427311,0.11549799889326096,1.1369799722160678e-05,t17_f5_c3,,,,,,,,,,,,,,,,,,,,,,,,,,,,,,,,,,,,,,,ZTF19aapvvsp
2461030.0042593,1,3275504251515,20.083799362182617,/ztf/archive/sci/2025/1220/504259/ztf_20251220504259_000478_zg_c04_o_q4_scimrefdiffimg.fits.fz,Kulkarni,1,3275,15,478,26.05739974975586,1.2272000276425388e-05,0.03913529962301254,-0.028741400688886642,2.4334700356121175e-05,t17_f5_c3,3.275504251515015e+18,t,1.0,1354.27001953125,211.9720001220703,217.3239047,1.6207324,19.819400787353516,0.16899900138378143,0.8519399762153625,20.138999938964844,0.3959999978542328,0.17878800630569458,19.424999237060547,0.026000000536441803,0.8569999933242798,0.04699999839067459,0.4875139892101288,0.31958699226379395,3.109999895095825,0.8080000281333923,211.9720001220703,-0.055233001708984375,0.8350870013237,0.7639999985694885,0.7059999704360962,0.2456589937210083,0.22700999677181244,1.0821499824523926,2.0,0.0,0.945713996887207,1.0,20.1200008392334,0.4984000027179718,217.3238547,1.6207381,7.77168,ZTF19aapvvsp
2461030.0474884,2,3275547481515,20.17140007019043,/ztf/archive/sci/2025/1220/547477/ztf_20251220547477_000478_zr_c04_o_q4_scimrefdiffimg.fits.fz,Kulkarni,1,3275,15,478,26.161800384521484,4.256050033291103e-06,0.02311220020055771,0.09531909972429276,8.099709702946711e-06,t17_f5_c3,,,,,,,,,,,,,,,,,,,,,,,,,,,,,,,,,,,,,,,ZTF19aapvvsp
2461031.0637153,2,3276563711515,20.133899688720703,/ztf/archive/sci/2025/1221/563715/ztf_20251221563715_000478_zr_c04_o_q4_scimrefdiffimg.fits.fz,Prince,1,3276,15,478,26.181900024414062,4.43795988758211e-06,0.02366339974105358,0.10000400245189667,8.455400347884279e-06,t17_f5_c3,,,,,,,,,,,,,,,,,,,,,,,,,,,,,,,,,,,,,,,ZTF19aapvvsp
2461032.0191782,1,3277519171515,19.181800842285156,/ztf/archive/sci/2025/1222/519155/ztf_20251222519155_000478_zg_c04_o_q4_scimrefdiffimg.fits.fz,Kulkarni,1,3277,15,478,25.267200469970703,2.2260599507717416e-05,0.045990001410245895,-0.05018420144915581,5.5346201406791806e-05,t17_f5_c3,,,,,,,,,,,,,,,,,,,,,,,,,,,,,,,,,,,,,,,ZTF19aapvvsp
2461032.0563194,2,3277556311515,19.261600494384766,/ztf/archive/sci/2025/1222/556285/ztf_20251222556285_000478_zr_c04_o_q4_scimrefdiffimg.fits.fz,Kulkarni,1,3277,15,478,25.452699661254883,1.0267700417898595e-05,0.0358830988407135,0.1005840003490448,1.9750199498957954e-05,t17_f5_c3,,,,,,,,,,,,,,,,,,,,,,,,,,,,,,,,,,,,,,,ZTF19aapvvsp
2461032.0649769,2,3277564971515,18.652700424194336,/ztf/archive/sci/2025/1222/564965/ztf_20251222564965_000478_zr_c04_o_q4_scimrefdiffimg.fits.fz,Prince,1,3277,15,478,24.97719955444336,1.8379099856247194e-05,0.04468749836087227,0.08967020362615585,3.502249819575809e-05,t17_f5_c3,,,,,,,,,,,,,,,,,,,,,,,,,,,,,,,,,,,,,,,ZTF19aapvvsp
2461038.0651968,2,3283565191515,19.00029945373535,/ztf/archive/sci/2025/1228/565197/ztf_20251228565197_000478_zr_c04_o_q4_scimrefdiffimg.fits.fz,Prince,1,3283,15,478,25.94099998474121,2.1785399439977482e-05,0.046909600496292114,0.10610699653625488,4.104999970877543e-05,t17_f5_c3,,,,,,,,,,,,,,,,,,,,,,,,,,,,,,,,,,,,,,,ZTF19aapvvsp
2461039.0048727,2,3284504871515,19.248600006103516,/ztf/archive/sci/2025/1229/504873/ztf_20251229504873_000478_zr_c04_o_q4_scimrefdiffimg.fits.fz,Kulkarni,1,3284,15,478,26.12809944152832,1.853580033639446e-05,0.04576659947633743,0.09596040099859238,3.5278000723337755e-05,t17_f5_c3,,,,,,,,,,,,,,,,,,,,,,,,,,,,,,,,,,,,,,,ZTF19aapvvsp
2461039.0456134,1,3284545611515,19.780899047851562,/ztf/archive/sci/2025/1229/545602/ztf_20251229545602_000478_zg_c04_o_q4_scimrefdiffimg.fits.fz,Kulkarni,1,3284,15,478,26.22410011291504,1.665419949858915e-05,0.042044200003147125,-0.04708639904856682,3.851970177493058e-05,t17_f5_c3,3.284545611515015e+18,t,3.0,1335.68994140625,270.02801513671875,217.3239645,1.6205795,19.98310089111328,0.2453940063714981,0.8785579800605774,20.18899917602539,0.38609999418258667,0.68545001745224,19.424999237060547,0.026000000536441803,0.8569999933242798,0.04699999839067459,0.07479999959468842,0.20587900280952454,3.640000104904175,0.6119999885559082,270.02801513671875,-0.4080510139465332,1.010450005531311,1.0820000171661377,0.9150000214576721,0.2972530126571655,0.2513740062713623,1.1825100183486938,3.0,0.0,0.7957140207290649,0.9936299920082092,20.1564998626709,0.48010000586509705,217.3238547,1.6207381,6.549,ZTF19aapvvsp
2461039.0651157,2,3284565111515,19.416099548339844,/ztf/archive/sci/2025/1229/565104/ztf_20251229565104_000478_zr_c04_o_q4_scimrefdiffimg.fits.fz,Prince,1,3284,15,478,26.1835994720459,1.644810072320979e-05,0.0444863997399807,0.09456279873847961,3.1527699320577085e-05,t17_f5_c3,,,,,,,,,,,,,,,,,,,,,,,,,,,,,,,,,,,,,,,ZTF19aapvvsp
2461051.0506366,2,3296550631515,19.188199996948242,/ztf/archive/sci/2026/0110/550637/ztf_20260110550637_000478_zr_c04_o_q4_scimrefdiffimg.fits.fz,Kulkarni,1,3296,15,478,26.202199935913086,1.561940007377416e-05,0.040819499641656876,0.0926005020737648,2.926419983850792e-05,t17_f5_c3,,,,,,,,,,,,,,,,,,,,,,,,,,,,,,,,,,,,,,,ZTF19aapvvsp
2461053.0030556,2,3298503051515,19.328500747680664,/ztf/archive/sci/2026/0112/503032/ztf_20260112503032_000478_zr_c04_o_q4_scimrefdiffimg.fits.fz,Kulkarni,1,3298,15,478,26.18910026550293,1.9726900063687935e-05,0.04809889942407608,0.09325820207595825,3.764079883694649e-05,t17_f5_c3,,,,,,,,,,,,,,,,,,,,,,,,,,,,,,,,,,,,,,,ZTF19aapvvsp
2461054.9993403,1,3300499341515,20.23889923095703,/ztf/archive/sci/2026/0114/499317/ztf_20260114499317_000478_zg_c04_o_q4_scimrefdiffimg.fits.fz,Kulkarni,1,3300,15,478,26.259000778198242,9.945620149665046e-06,0.035350099205970764,-0.06951989978551865,1.9242499547544867e-05,t17_f5_c3,3.300499341515015e+18,t,1.0,1371.6199951171875,241.6320037841797,217.3238622,1.6207117,19.823999404907227,0.18955999612808228,1.5567100048065186,19.715099334716797,0.23270000517368317,0.09770199656486511,19.424999237060547,0.026000000536441803,0.8569999933242798,0.04699999839067459,0.3353300094604492,-0.10888700187206268,2.4600000381469727,0.9900000095367432,241.6320037841797,0.5237900018692017,1.0577199459075928,0.7730000019073486,0.6340000033378601,0.31422799825668335,0.25772398710250854,1.2192399501800537,2.0,0.0,0.9628570079803467,1.0,19.80340003967285,0.32280001044273376,217.3238547,1.6207381,10.9235,ZTF19aapvvsp
2461055.0446875,2,3300544681515,19.596200942993164,/ztf/archive/sci/2026/0114/544676/ztf_20260114544676_000478_zr_c04_o_q4_scimrefdiffimg.fits.fz,Kulkarni,1,3300,15,478,26.202299118041992,1.0273999578203075e-05,0.03560969978570938,0.09374810010194778,1.9627799701993354e-05,t17_f5_c3,,,,,,,,,,,,,,,,,,,,,,,,,,,,,,,,,,,,,,,ZTF19aapvvsp
2461056.9956366,2,3302495631515,19.944299697875977,/ztf/archive/sci/2026/0116/495625/ztf_20260116495625_000478_zr_c04_o_q4_scimrefdiffimg.fits.fz,Kulkarni,1,3302,15,478,26.18779945373535,6.597299943678081e-06,0.02865009941160679,0.09706729650497437,1.2538200280687306e-05,t17_f5_c3,,,,,,,,,,,,,,,,,,,,,,,,,,,,,,,,,,,,,,,ZTF19aapvvsp
2461057.0598495,1,3302559841515,20.07539939880371,/ztf/archive/sci/2026/0116/559850/ztf_20260116559850_000478_zg_c04_o_q4_scimrefdiffimg.fits.fz,Kulkarni,1,3302,15,478,26.309799194335938,1.0816300346050411e-05,0.03572240099310875,-0.05287269875407219,2.265049988636747e-05,t17_f5_c3,3.302559841515015e+18,t,1.0,1380.6500244140625,250.14100646972656,217.3238585,1.620627,19.766799926757812,0.2009270042181015,1.0041199922561646,19.9768009185791,0.2709999978542328,0.39527198672294617,19.424999237060547,0.026000000536441803,0.8569999933242798,0.04699999839067459,0.5699269771575928,0.21004000306129456,4.139999866485596,0.902999997138977,250.14100646972656,0.0985959991812706,0.798416018486023,1.1009999513626099,0.9959999918937683,0.2659420073032379,0.2405800074338913,1.1054199934005737,1.0,0.0,0.8657140135765076,1.0,20.041799545288086,0.3677999973297119,217.3238547,1.6207381,10.0857,ZTF19aapvvsp
2461058.9441088,1,3304444101515,20.015199661254883,/ztf/archive/sci/2026/0118/444109/ztf_20260118444109_000478_zg_c04_o_q4_scimrefdiffimg.fits.fz,Kulkarni,1,3304,15,478,26.10110092163086,1.3922700418333989e-05,0.041202299296855927,-0.05631700158119202,2.7820000468636863e-05,t17_f5_c3,,,,,,,,,,,,,,,,,,,,,,,,,,,,,,,,,,,,,,,ZTF19aapvvsp
2461060.983206,2,3306483201515,20.288799285888672,/ztf/archive/sci/2026/0120/483194/ztf_20260120483194_000478_zr_c04_o_q4_scimrefdiffimg.fits.fz,Kulkarni,1,3306,15,478,26.173900604248047,5.161009994480992e-06,0.025447199121117592,0.09490200132131577,9.834920092544053e-06,t17_f5_c3,,,,,,,,,,,,,,,,,,,,,,,,,,,,,,,,,,,,,,,ZTF19aapvvsp
