jd,fid,pid,diffmaglim,pdiffimfilename,programpi,programid,candid,isdiffpos,tblid,nid,rcid,field,xpos,ypos,ra,dec,magpsf,sigmapsf,chipsf,magap,sigmagap,distnr,magnr,sigmagnr,chinr,sharpnr,sky,magdiff,fwhm,classtar,mindtoedge,magfromlim,seeratio,aimage,bimage,aimagerat,bimagerat,elong,nneg,nbad,rb,sumrat,magapbig,sigmagapbig,ranr,decnr,scorr,magzpsci,magzpsciunc,magzpscirms,clrcoeff,clrcounc,rbversion,obj_id
2459522.9835417,2,1768483542015,20.521900177001953,/ztf/archive/sci/2021/1104/483542/ztf_20211104483542_000466_zr_c06_o_q1_scimrefdiffimg.fits.fz,Kulkarni,1,1.768483542015015e+18,t,13.0,1768,20,466,1286.8299560546875,1783.5,138.9863463,3.9683086,20.028200149536133,0.16979500651359558,1.720810055732727,19.878400802612305,0.23360000550746918,0.34065499901771545,19.118999481201172,0.02500000037252903,1.1990000009536743,0.02500000037252903,-0.07829300314188004,-0.14981000125408173,2.490000009536743,0.8130000233650208,1286.8299560546875,0.6434940099716187,0.9392169713973999,0.699999988079071,0.6200000047683716,0.2811239957809448,0.24899600446224213,1.1290299892425537,6.0,0.0,0.9214289784431458,0.9517689943313599,20.011999130249023,0.336899995803833,138.9864385,3.9683355,9.87402,26.31719970703125,8.235069799411576e-06,0.028138499706983566,0.0975262001156807,1.3065199709672015e-05,t17_f5_c3,ZTF19aahvvtu
2459523.0055787,1,1768505572015,20.71419906616211,/ztf/archive/sci/2021/1104/505579/ztf_20211104505579_000466_zg_c06_o_q1_scimrefdiffimg.fits.fz,Kulkarni,1,1.7685055720150152e+18,t,44.0,1768,20,466,1293.2900390625,1786.5699462890625,138.9861367,3.968335,19.97170066833496,0.18487100303173065,2.446320056915283,19.442100524902344,0.12439999729394913,1.1070400476455688,19.219999313354492,0.014999999664723873,0.43299999833106995,0.017999999225139618,-0.1416569948196411,-0.5295820236206055,2.859999895095825,0.9639999866485596,1293.2900390625,1.272130012512207,0.8742949962615967,1.2740000486373901,1.0199999809265137,0.44545501470565796,0.3566429913043976,1.249019980430603,2.0,0.0,0.4399999976158142,1.0,19.475200653076172,0.16269999742507935,138.9864484,3.9683485,11.7929,26.32270050048828,3.344910146552138e-05,0.056609198451042175,-0.15494699776172638,5.3411298722494394e-05,t17_f5_c3,ZTF19aahvvtu
2459524.9630903,2,1770463092015,20.442800521850586,/ztf/archive/sci/2021/1106/463079/ztf_20211106463079_000466_zr_c06_o_q1_scimrefdiffimg.fits.fz,Kulkarni,1,1.770463092015015e+18,t,6.0,1770,20,466,1298.780029296875,1772.4599609375,138.9862955,3.9683562,20.050800323486328,0.22459100186824799,2.108059883117676,19.722700119018555,0.2168000042438507,0.5121089816093445,19.118999481201172,0.02500000037252903,1.1990000009536743,0.02500000037252903,-0.059227000921964645,-0.3280619978904724,3.3499999046325684,0.996999979019165,1298.780029296875,0.72011798620224,0.6989099979400635,0.9350000023841858,0.7689999938011169,0.27910399436950684,0.2295520007610321,1.2158700227737427,5.0,0.0,0.7771430015563965,0.9631479978561401,19.70170021057129,0.27160000801086426,138.9864385,3.9683355,8.37343,26.315799713134766,7.619200005137827e-06,0.02709910087287426,0.10013800114393234,1.2057799722242635e-05,t17_f5_c3,ZTF19aahvvtu
2459525.0242245,1,1770524222015,20.852800369262695,/ztf/archive/sci/2021/1106/524225/ztf_20211106524225_000466_zg_c06_o_q1_scimrefdiffimg.fits.fz,Kulkarni,1,1.770524222015015e+18,t,32.0,1770,20,466,1294.9000244140625,1782.1500244140625,138.9862245,3.9683226,20.055500030517578,0.18107399344444275,1.500040054321289,19.888500213623047,0.16580000519752502,0.8015289902687073,19.219999313354492,0.014999999664723873,0.43299999833106995,0.017999999225139618,0.03543899953365326,-0.16703000664710999,4.920000076293945,0.968999981880188,1294.9000244140625,0.9643480181694031,0.5061709880828857,1.0360000133514404,0.7059999704360962,0.21056899428367615,0.14349600672721863,1.467419981956482,4.0,0.0,0.5128570199012756,0.9677109718322754,19.830799102783203,0.1996999979019165,138.9864484,3.9683485,10.8533,26.359500885009766,3.3910000638570637e-05,0.05746620148420334,-0.1743919998407364,5.382730159908533e-05,t17_f5_c3,ZTF19aahvvtu
2459526.963287,1,1772463282015,20.574199676513672,/ztf/archive/sci/2021/1108/463287/ztf_20211108463287_000466_zg_c06_o_q1_scimrefdiffimg.fits.fz,Kulkarni,1,1.772463282015015e+18,t,17.0,1772,20,466,1282.1199951171875,1783.199951171875,138.986194,3.9683391,20.211000442504883,0.19435200095176697,0.9079009890556335,20.412799835205078,0.3077000081539154,0.902741014957428,19.219999313354492,0.014999999664723873,0.43299999833106995,0.017999999225139618,0.10033900290727615,0.20176200568675995,2.5899999141693115,0.9210000038146973,1282.1199951171875,0.16136899590492249,1.073490023612976,0.8769999742507935,0.6679999828338623,0.3386099934577942,0.2579149901866913,1.3128700256347656,4.0,0.0,0.8828570246696472,0.936145007610321,20.466800689697266,0.4122999906539917,138.9864484,3.9683485,9.27584,26.29199981689453,3.316319998702966e-05,0.05596020072698593,-0.15909500420093536,5.326420068740845e-05,t17_f5_c3,ZTF19aahvvtu
2459527.0050463,2,1772505042015,20.3971004486084,/ztf/archive/sci/2021/1108/505046/ztf_20211108505046_000466_zr_c06_o_q1_scimrefdiffimg.fits.fz,Kulkarni,1,1.772505042015015e+18,t,17.0,1772,20,466,1282.93994140625,1788.699951171875,138.9863749,3.968328,20.083499908447266,0.20799599587917328,1.4609099626541138,20.152299880981445,0.31130000948905945,0.22722099721431732,19.118999481201172,0.02500000037252903,1.1990000009536743,0.02500000037252903,0.07933200150728226,0.06876099854707718,3.259999990463257,0.9399999976158142,1282.93994140625,0.24477000534534454,0.7731930017471313,0.7440000176429749,0.5559999942779541,0.22822099924087524,0.17055200040340424,1.338129997253418,9.0,0.0,0.8585709929466248,0.7160620093345642,20.178199768066406,0.4072999954223633,138.9864385,3.9683355,9.30794,26.346500396728516,8.179789801943116e-06,0.02795330062508583,0.09678299725055695,1.295790025324095e-05,t17_f5_c3,ZTF19aahvvtu
2459529.9850347,2,1775485032015,20.01099967956543,/ztf/archive/sci/2021/1111/485023/ztf_20211111485023_000466_zr_c06_o_q1_scimrefdiffimg.fits.fz,Kulkarni,1,1.775485032015015e+18,t,22.0,1775,20,466,1287.760009765625,1794.77001953125,138.9863928,3.9683648,20.076400756835938,0.21180899441242218,0.9308850169181824,19.907100677490234,0.2815999984741211,0.1824049949645996,19.118999481201172,0.02500000037252903,1.1990000009536743,0.02500000037252903,-0.23868300020694733,-0.16930200159549713,4.210000038146973,0.6069999933242798,1285.72998046875,0.10385999828577042,0.7508059740066528,1.1579999923706055,1.093999981880188,0.2750590145587921,0.2598569989204407,1.058500051498413,1.0,0.0,0.7842860221862793,1.0,19.855199813842773,0.34380000829696655,138.9864385,3.9683355,6.84276,26.328399658203125,1.1111400453955866e-05,0.032675400376319885,0.10049299895763397,1.765910019457806e-05,t17_f5_c3,ZTF19aahvvtu
2459530.0074421,1,1775507442015,20.31679916381836,/ztf/archive/sci/2021/1111/507442/ztf_20211111507442_000466_zg_c06_o_q1_scimrefdiffimg.fits.fz,Kulkarni,1,1.775507442015015e+18,t,17.0,1775,20,466,1286.5799560546875,1791.0799560546875,138.9862736,3.9683421,20.105499267578125,0.21796099841594696,1.430709958076477,20.10610008239746,0.2492000013589859,0.6201490163803101,19.219999313354492,0.014999999664723873,0.43299999833106995,0.017999999225139618,-0.2689409852027893,0.0005920000257901847,1.899999976158142,0.5830000042915344,1286.5799560546875,0.21067500114440918,1.7204899787902832,1.1959999799728394,0.8519999980926514,0.6294739842414856,0.44842100143432617,1.4037599563598633,3.0,0.0,0.7085710167884827,1.0,20.1117000579834,0.3199000060558319,138.9864484,3.9683485,8.14643,26.327499389648438,2.3237100322148763e-05,0.04587329924106598,-0.10623499751091003,3.979499888373539e-05,t17_f5_c3,ZTF19aahvvtu
2459531.9410069,2,1777441002015,20.489299774169922,/ztf/archive/sci/2021/1113/441007/ztf_20211113441007_000466_zr_c06_o_q1_scimrefdiffimg.fits.fz,Kulkarni,1,,,,1777,20,466,,,,,,,,,,,,,,,,,,,,,,,,,,,,,,,,,,,,26.31760025024414,7.094619832059834e-06,0.02602900005877018,0.10141099989414215,1.1280199942120817e-05,t17_f5_c3,ZTF19aahvvtu
2459536.9230556,1,1782423052015,18.566999435424805,/ztf/archive/sci/2021/1118/423056/ztf_20211118423056_000466_zg_c06_o_q1_scimrefdiffimg.fits.fz,Kulkarni,1,,,,1782,20,466,,,,,,,,,,,,,,,,,,,,,,,,,,,,,,,,,,,,25.880800247192383,5.283980135573074e-05,0.04525529965758324,-0.046190500259399414,0.00013665900041814893,t17_f5_c3,ZTF19aahvvtu
2459538.8801042,1,1784380102015,18.930200576782227,/ztf/archive/sci/2021/1120/380093/ztf_20211120380093_000466_zg_c06_o_q1_scimrefdiffimg.fits.fz,Kulkarni,1,,,,1784,20,466,,,,,,,,,,,,,,,,,,,,,,,,,,,,,,,,,,,,26.124000549316406,3.053039836231619e-05,0.04111560061573982,-0.027656400576233864,6.985689833527431e-05,t17_f5_c3,ZTF19aahvvtu
2459538.9779514,2,1784477952015,19.510099411010742,/ztf/archive/sci/2021/1120/477940/ztf_20211120477940_000466_zr_c06_o_q1_scimrefdiffimg.fits.fz,Kulkarni,1,1.784477952015025e+18,t,10.0,1784,20,466,1285.260009765625,1786.0999755859375,138.9865827,3.9682242,19.794200897216797,0.2551040053367615,1.1964800357818604,19.179899215698242,0.3019999861717224,0.655331015586853,19.118999481201172,0.02500000037252903,1.1990000009536743,0.02500000037252903,2.0898098945617676,-0.6142759919166565,2.3499999046325684,0.9829999804496765,1285.260009765625,0.3301919996738434,1.008870005607605,0.8569999933242798,0.6930000185966492,0.3646810054779053,0.2948940098285675,1.236649990081787,5.0,0.0,0.5971429944038391,0.9857550263404846,19.189300537109375,0.3912999927997589,138.9864385,3.9683355,5.66092,26.255199432373047,1.040519964590203e-05,0.03147419914603233,0.10508699715137482,1.65012006618781e-05,t17_f5_c3,ZTF19aahvvtu
2459500.9618056,1,1746461802015,19.63279914855957,/ztf/archive/sci/2021/1013/461794/ztf_20211013461794_000466_zg_c06_o_q1_scimrefdiffimg.fits.fz,Kulkarni,1,1.746461802015015e+18,t,13.0,1746,20,466,1243.4300537109375,1783.3599853515625,138.9860049,3.9683141,19.87529945373535,0.36811399459838867,0.9801200032234192,19.54319953918457,0.24009999632835388,1.575700044631958,19.219999313354492,0.014999999664723873,0.43299999833106995,0.017999999225139618,-0.4918450117111206,-0.3321090042591095,2.9200000762939453,0.5400000214576721,1243.4300537109375,0.08964599668979645,1.2892400026321411,1.281999945640564,1.0829999446868896,0.43904098868370056,0.3708899915218353,1.183750033378601,9.0,0.0,0.431428998708725,0.6865159869194031,19.602100372314453,0.32420000433921814,138.9864484,3.9683485,5.57249,25.976299285888672,2.6810999770532362e-05,0.0448370985686779,-0.049226198345422745,5.651970059261657e-05,t17_f5_c3,ZTF19aahvvtu
2459501.0391088,2,1746539102015,19.36989974975586,/ztf/archive/sci/2021/1013/538982/ztf_20211013538982_000466_zr_c06_o_q1_scimrefdiffimg.fits.fz,Kulkarni,1,,,,1746,20,466,,,,,,,,,,,,,,,,,,,,,,,,,,,,,,,,,,,,26.29560089111328,9.405360287928488e-06,0.02985920011997223,0.11106999963521957,1.5187400094873738e-05,t17_f5_c3,ZTF19aahvvtu
2459504.0015278,1,1749501522015,19.933700561523438,/ztf/archive/sci/2021/1016/501528/ztf_20211016501528_000466_zg_c06_o_q1_scimrefdiffimg.fits.fz,Kulkarni,1,,,,1749,20,466,,,,,,,,,,,,,,,,,,,,,,,,,,,,,,,,,,,,26.14459991455078,2.4849599867593497e-05,0.04629319906234741,-0.05779390037059784,4.564589835354127e-05,t17_f5_c3,ZTF19aahvvtu
2459509.9836921,2,1755483692015,19.626800537109375,/ztf/archive/sci/2021/1022/483681/ztf_20211022483681_000466_zr_c06_o_q1_scimrefdiffimg.fits.fz,Kulkarni,1,,,,1755,20,466,,,,,,,,,,,,,,,,,,,,,,,,,,,,,,,,,,,,26.29669952392578,8.723979590286035e-06,0.028784599155187607,0.11476700007915497,1.3786499948764686e-05,t17_f5_c3,ZTF19aahvvtu
2459510.0160995,1,1755516092015,19.419200897216797,/ztf/archive/sci/2021/1022/516088/ztf_20211022516088_000466_zg_c06_o_q1_scimrefdiffimg.fits.fz,Kulkarni,1,1.755516092015015e+18,t,0.0,1755,20,466,1284.550048828125,1764.7099609375,138.9864638,3.9683834,19.628999710083008,0.25780999660491943,1.2640899419784546,19.470300674438477,0.3756999969482422,0.135670006275177,19.219999313354492,0.014999999664723873,0.43299999833106995,0.017999999225139618,0.330718994140625,-0.15866300463676453,1.3556699752807617,0.8389999866485596,1284.550048828125,-0.051082998514175415,2.0,0.7680000066757202,0.718999981880188,0.5665109753608704,0.5303660035133362,1.0681500434875488,8.0,0.0,0.8914290070533752,0.8664799928665161,19.274499893188477,0.4025999903678894,138.9864484,3.9683485,6.42373,26.29400062561035,1.5420300769619644e-05,0.03405490145087242,-0.04893080145120621,3.16754994855728e-05,t17_f5_c3,ZTF19aahvvtu
2459518.9490741,1,1764449072015,20.103200912475586,/ztf/archive/sci/2021/1031/449062/ztf_20211031449062_000466_zg_c06_o_q1_scimrefdiffimg.fits.fz,Kulkarni,1,1.764449072015015e+18,t,4.0,1764,20,466,1273.8499755859375,1770.52001953125,138.9862564,3.9683459,19.766399383544922,0.19390399754047394,1.2841500043869019,19.277799606323242,0.1655000001192093,0.6809030175209045,19.219999313354492,0.014999999664723873,0.43299999833106995,0.017999999225139618,-0.09197500348091125,-0.48861798644065857,2.8299999237060547,0.9639999866485596,1273.8499755859375,0.8253629803657532,0.983253002166748,1.2829999923706055,1.0820000171661377,0.4533570110797882,0.3823319971561432,1.185770034790039,1.0,0.0,0.6200000047683716,1.0,19.279800415039062,0.2117999941110611,138.9864484,3.9683485,9.47471,26.212400436401367,1.6020299881347455e-05,0.03872549906373024,-0.09123560041189194,2.6326100851292722e-05,t17_f5_c3,ZTF19aahvvtu
2459526.963287,1,1772463282015,20.574199676513672,/ztf/archive/sci/2021/1108/463287/ztf_20211108463287_000466_zg_c06_o_q1_scimrefdiffimg.fits.fz,Kulkarni,1,1.772463282015015e+18,1,17.0,1772,20,466,1282.1199951171875,1783.199951171875,138.986194,3.9683391,20.211000442504883,0.19435200095176697,0.9079009890556335,20.412799835205078,0.3077000081539154,0.902741014957428,19.219999313354492,0.014999999664723873,0.43299999833106995,0.017999999225139618,0.10033900290727615,0.20176200568675995,2.5899999141693115,0.9210000038146973,1282.1199951171875,0.16136899590492249,1.073490023612976,0.8769999742507935,0.6679999828338623,0.3386099934577942,0.2579149901866913,1.3128700256347656,4.0,0.0,0.8828570246696472,0.936145007610321,20.466800689697266,0.4122999906539917,138.9864484,3.9683485,9.27584,26.29199981689453,3.316319998702966e-05,0.05596020072698593,-0.15909500420093536,5.326420068740845e-05,t17_f5_c3,ZTF19aahvvtu
2459479.0175231,2,1724517522015,18.947099685668945,/ztf/archive/sci/2021/0921/517523/ztf_20210921517523_000466_zr_c06_o_q1_scimrefdiffimg.fits.fz,Prince,1,,,,1724,20,466,,,,,,,,,,,,,,,,,,,,,,,,,,,,,,,,,,,,26.12339973449707,1.894550041470211e-05,0.04242879897356033,0.10944200307130814,2.9630200515384786e-05,t17_f5_c3,ZTF19aahvvtu
2459479.019919,2,1724519912015,18.940399169921875,/ztf/archive/sci/2021/0921/519919/ztf_20210921519919_000466_zr_c06_o_q1_scimrefdiffimg.fits.fz,Prince,1,,,,1724,20,466,,,,,,,,,,,,,,,,,,,,,,,,,,,,,,,,,,,,26.142099380493164,1.7252599718631245e-05,0.040884800255298615,0.11365900188684464,2.7090800358564593e-05,t17_f5_c3,ZTF19aahvvtu
2459479.0223264,2,1724522322015,18.870399475097656,/ztf/archive/sci/2021/0921/522326/ztf_20210921522326_000466_zr_c06_o_q1_scimrefdiffimg.fits.fz,Prince,1,1.724522322015015e+18,t,3.0,1724,20,466,1288.56005859375,1733.9200439453125,138.9865626,3.9683492,19.146499633789062,0.2564209997653961,1.3470200300216675,19.12700080871582,0.47940000891685486,0.4426319897174835,19.118999481201172,0.02500000037252903,1.1990000009536743,0.02500000037252903,0.12569500505924225,-0.019514000043272972,1.2789599895477295,0.968999981880188,1288.56005859375,-0.25657498836517334,2.0,0.8550000190734863,0.671999990940094,0.6685130000114441,0.5254279971122742,1.272320032119751,5.0,0.0,0.8842859864234924,0.968824028968811,19.32659912109375,0.7400000095367432,138.9864385,3.9683355,5.83772,26.13050079345703,1.766280001902487e-05,0.040511298924684525,0.11668100208044052,2.7617799787549302e-05,t17_f5_c3,ZTF19aahvvtu
2459479.0247222,2,1724524722015,18.854000091552734,/ztf/archive/sci/2021/0921/524722/ztf_20210921524722_000466_zr_c06_o_q1_scimrefdiffimg.fits.fz,Prince,1,,,,1724,20,466,,,,,,,,,,,,,,,,,,,,,,,,,,,,,,,,,,,,26.138099670410156,1.6801399397081695e-05,0.03929869830608368,0.12245699763298035,2.667929948074743e-05,t17_f5_c3,ZTF19aahvvtu
2459479.0271296,2,1724527122015,18.645099639892578,/ztf/archive/sci/2021/0921/527130/ztf_20210921527130_000466_zr_c06_o_q1_scimrefdiffimg.fits.fz,Prince,1,,,,1724,20,466,,,,,,,,,,,,,,,,,,,,,,,,,,,,,,,,,,,,26.140100479125977,1.8736700440058485e-05,0.04005090147256851,0.11183100193738937,3.0510800570482388e-05,t17_f5_c3,ZTF19aahvvtu
2459480.0176157,2,1725517612015,19.17099952697754,/ztf/archive/sci/2021/0922/517604/ztf_20210922517604_000466_zr_c06_o_q1_scimrefdiffimg.fits.fz,Prince,1,,,,1725,20,466,,,,,,,,,,,,,,,,,,,,,,,,,,,,,,,,,,,,26.15169906616211,1.5653400623705238e-05,0.039557501673698425,0.11547300219535828,2.453540037095081e-05,t17_f5_c3,ZTF19aahvvtu
2459480.0200463,2,1725520042015,19.21139907836914,/ztf/archive/sci/2021/0922/519965/ztf_20210922519965_000466_zr_c06_o_q1_scimrefdiffimg.fits.fz,Prince,1,,,,1725,20,466,,,,,,,,,,,,,,,,,,,,,,,,,,,,,,,,,,,,26.160900115966797,1.264789989363635e-05,0.035468101501464844,0.11663699895143509,1.991479985008482e-05,t17_f5_c3,ZTF19aahvvtu
2459480.0224884,2,1725522482015,18.9507999420166,/ztf/archive/sci/2021/0922/522396/ztf_20210922522396_000466_zr_c06_o_q1_scimrefdiffimg.fits.fz,Prince,1,,,,1725,20,466,,,,,,,,,,,,,,,,,,,,,,,,,,,,,,,,,,,,26.149700164794922,1.8829699911293574e-05,0.04272650182247162,0.12387199699878693,2.9472199457813986e-05,t17_f5_c3,ZTF19aahvvtu
2459480.024919,2,1725524912015,19.000999450683594,/ztf/archive/sci/2021/0922/524838/ztf_20210922524838_000466_zr_c06_o_q1_scimrefdiffimg.fits.fz,Prince,1,,,,1725,20,466,,,,,,,,,,,,,,,,,,,,,,,,,,,,,,,,,,,,26.177900314331055,1.570899985381402e-05,0.03903789818286896,0.11495299637317657,2.4881199351511896e-05,t17_f5_c3,ZTF19aahvvtu
2459480.0273611,2,1725527362015,18.815799713134766,/ztf/archive/sci/2021/0922/527280/ztf_20210922527280_000466_zr_c06_o_q1_scimrefdiffimg.fits.fz,Prince,1,,,,1725,20,466,,,,,,,,,,,,,,,,,,,,,,,,,,,,,,,,,,,,26.195999145507812,2.265879993501585e-05,0.045397400856018066,0.11364000290632248,3.613359876908362e-05,t17_f5_c3,ZTF19aahvvtu
2459481.0181481,2,1726518142015,19.2406005859375,/ztf/archive/sci/2021/0923/518137/ztf_20210923518137_000466_zr_c06_o_q1_scimrefdiffimg.fits.fz,Prince,1,,,,1726,20,466,,,,,,,,,,,,,,,,,,,,,,,,,,,,,,,,,,,,26.105600357055664,1.3805700291413814e-05,0.03705479949712753,0.11062999814748764,2.1616899175569415e-05,t17_f5_c3,ZTF19aahvvtu
2459481.0205903,2,1726520592015,19.287700653076172,/ztf/archive/sci/2021/0923/520509/ztf_20210923520509_000466_zr_c06_o_q1_scimrefdiffimg.fits.fz,Prince,1,,,,1726,20,466,,,,,,,,,,,,,,,,,,,,,,,,,,,,,,,,,,,,26.120500564575195,1.3013899661018513e-05,0.035925399512052536,0.11523900181055069,2.0328699974925257e-05,t17_f5_c3,ZTF19aahvvtu
2459481.0230324,2,1726523032015,19.194000244140625,/ztf/archive/sci/2021/0923/522951/ztf_20210923522951_000466_zr_c06_o_q1_scimrefdiffimg.fits.fz,Prince,1,,,,1726,20,466,,,,,,,,,,,,,,,,,,,,,,,,,,,,,,,,,,,,26.114200592041016,1.3796699931845069e-05,0.03707759827375412,0.11151400208473206,2.1621199266519397e-05,t17_f5_c3,ZTF19aahvvtu
2459481.0254745,2,1726525472015,19.213499069213867,/ztf/archive/sci/2021/0923/525382/ztf_20210923525382_000466_zr_c06_o_q1_scimrefdiffimg.fits.fz,Prince,1,1.726525472015015e+18,t,3.0,1726,20,466,1301.3800048828125,1797.97998046875,138.9864318,3.9681095,19.311399459838867,0.22955800592899323,1.0680400133132935,19.07379913330078,0.36410000920295715,0.8034359812736511,19.118999481201172,0.02500000037252903,1.1990000009536743,0.02500000037252903,-0.9991819858551025,-0.23757100105285645,1.169319987297058,0.9909999966621399,1282.52001953125,0.13967500627040863,2.0,0.8949999809265137,0.7139999866485596,0.7653989791870117,0.6106089949607849,1.253499984741211,6.0,0.0,0.8285710215568542,0.9152460098266602,19.108699798583984,0.48330000042915344,138.9864385,3.9683355,6.51976,26.124399185180664,1.8691300283535384e-05,0.043095000088214874,0.11402799934148788,2.9251299565657973e-05,t17_f5_c3,ZTF19aahvvtu
2459481.0279167,2,1726527912015,19.047199249267578,/ztf/archive/sci/2021/0923/527824/ztf_20210923527824_000466_zr_c06_o_q1_scimrefdiffimg.fits.fz,Prince,1,,,,1726,20,466,,,,,,,,,,,,,,,,,,,,,,,,,,,,,,,,,,,,26.155000686645508,1.773899930412881e-05,0.041806500405073166,0.11878799647092819,2.796969965856988e-05,t17_f5_c3,ZTF19aahvvtu
2459488.0092824,2,1733509282015,19.368999481201172,/ztf/archive/sci/2021/0930/509167/ztf_20210930509167_000466_zr_c06_o_q1_scimrefdiffimg.fits.fz,Prince,1,,,,1733,20,466,,,,,,,,,,,,,,,,,,,,,,,,,,,,,,,,,,,,26.1919002532959,1.596549918758683e-05,0.03979700058698654,0.11902199685573578,2.510659942345228e-05,t17_f5_c3,ZTF19aahvvtu
2459488.0118287,2,1733511822015,19.27869987487793,/ztf/archive/sci/2021/0930/511713/ztf_20210930511713_000466_zr_c06_o_q1_scimrefdiffimg.fits.fz,Prince,1,,,,1733,20,466,,,,,,,,,,,,,,,,,,,,,,,,,,,,,,,,,,,,26.197500228881836,3.325750003568828e-05,0.05712909996509552,0.12475399672985077,5.2548901294358075e-05,t17_f5_c3,ZTF19aahvvtu
2459488.014375,2,1733514372015,19.2893009185791,/ztf/archive/sci/2021/0930/514248/ztf_20210930514248_000466_zr_c06_o_q1_scimrefdiffimg.fits.fz,Prince,1,,,,1733,20,466,,,,,,,,,,,,,,,,,,,,,,,,,,,,,,,,,,,,26.207000732421875,2.268619937240146e-05,0.046567101031541824,0.11852800101041794,3.587809987948276e-05,t17_f5_c3,ZTF19aahvvtu
2459488.0169097,2,1733516902015,19.24209976196289,/ztf/archive/sci/2021/0930/516782/ztf_20210930516782_000466_zr_c06_o_q1_scimrefdiffimg.fits.fz,Prince,1,,,,1733,20,466,,,,,,,,,,,,,,,,,,,,,,,,,,,,,,,,,,,,26.217500686645508,6.888790085213259e-05,0.07963760197162628,0.11305499821901321,0.00010946299880743027,t17_f5_c3,ZTF19aahvvtu
2459488.019456,2,1733519452015,19.330699920654297,/ztf/archive/sci/2021/0930/519329/ztf_20210930519329_000466_zr_c06_o_q1_scimrefdiffimg.fits.fz,Prince,1,,,,1733,20,466,,,,,,,,,,,,,,,,,,,,,,,,,,,,,,,,,,,,26.222200393676758,1.9637300283648074e-05,0.04305789992213249,0.11140000075101852,3.1144300010055304e-05,t17_f5_c3,ZTF19aahvvtu
2459314.7141435,1,1560214142015,20.248199462890625,/ztf/archive/sci/2021/0410/214120/ztf_20210410214120_000466_zg_c06_o_q1_scimrefdiffimg.fits.fz,Kulkarni,1,1.560214142015015e+18,t,15.0,1560,20,466,1242.449951171875,1786.22998046875,138.9864342,3.9684303,20.15130043029785,0.2366899996995926,0.597724974155426,20.219499588012695,0.298799991607666,0.28988200426101685,19.219999313354492,0.014999999664723873,0.43299999833106995,0.017999999225139618,-0.23564699292182922,0.0682229995727539,3.7300000190734863,0.6539999842643738,1242.449951171875,0.0287299994379282,0.8622919917106628,1.003000020980835,0.9309999942779541,0.268900990486145,0.24959799647331238,1.077340006828308,3.0,0.0,0.9014289975166321,1.0,20.22450065612793,0.38339999318122864,138.9864484,3.9683485,6.99652,26.272300720214844,2.5601899324101396e-05,0.04799630120396614,-0.07983759790658951,4.4513901229947805e-05,t17_f5_c3,ZTF19aahvvtu
2459316.6725926,2,1562172592015,20.58690071105957,/ztf/archive/sci/2021/0412/172569/ztf_20210412172569_000466_zr_c06_o_q1_scimrefdiffimg.fits.fz,Kulkarni,1,,,,1562,20,466,,,,,,,,,,,,,,,,,,,,,,,,,,,,,,,,,,,,26.260099411010742,1.162450007541338e-05,0.033113401383161545,0.09177020192146301,1.8350900063524023e-05,t17_f5_c3,ZTF19aahvvtu
2459316.7148264,1,1562214822015,20.83099937438965,/ztf/archive/sci/2021/0412/214815/ztf_20210412214815_000466_zg_c06_o_q1_scimrefdiffimg.fits.fz,Kulkarni,1,1.562214822015015e+18,t,28.0,1562,20,466,1251.0999755859375,1785.6500244140625,138.9861144,3.9683251,20.31559944152832,0.21149800717830658,1.4119999408721924,19.90489959716797,0.17509999871253967,1.1973700523376465,19.219999313354492,0.014999999664723873,0.43299999833106995,0.017999999225139618,-0.16717399656772614,-0.41069599986076355,2.5199999809265137,0.8650000095367432,1251.0999755859375,0.9260709881782532,0.9709789752960205,1.0859999656677246,0.8790000081062317,0.4309520125389099,0.34880998730659485,1.2354899644851685,0.0,0.0,0.5985710024833679,1.0,19.783300399780273,0.1988999992609024,138.9864484,3.9683485,8.19928,26.2455997467041,4.913669909001328e-05,0.06805969774723053,-0.17509199678897858,8.045879803830758e-05,t17_f5_c3,ZTF19aahvvtu
2459319.6936111,2,1565193612015,20.332000732421875,/ztf/archive/sci/2021/0415/193611/ztf_20210415193611_000466_zr_c06_o_q1_scimrefdiffimg.fits.fz,Kulkarni,1,1.565193612015015e+18,t,13.0,1565,20,466,1267.1300048828125,1807.6199951171875,138.9862685,3.9683622,20.434999465942383,0.26058098673820496,0.7702550292015076,20.138500213623047,0.2865999937057495,0.6082310080528259,19.118999481201172,0.02500000037252903,1.1990000009536743,0.02500000037252903,-0.02723200060427189,-0.29649901390075684,3.1600000858306885,0.5699999928474426,1267.1300048828125,0.1935109943151474,0.9109320044517517,1.0240000486373901,0.8289999961853027,0.32405099272727966,0.26234200596809387,1.235219955444336,3.0,0.0,0.8957139849662781,0.9989519715309143,19.94610023498535,0.3068000078201294,138.9864385,3.9683355,6.44247,26.301000595092773,1.208889989356976e-05,0.0338624007999897,0.08850710093975067,1.940239963005297e-05,t17_f5_c3,ZTF19aahvvtu
2459319.7355324,1,1565235532015,20.310300827026367,/ztf/archive/sci/2021/0415/235532/ztf_20210415235532_000466_zg_c06_o_q1_scimrefdiffimg.fits.fz,Kulkarni,1,1.565235532015015e+18,t,20.0,1565,20,466,1252.6500244140625,1798.199951171875,138.9860435,3.9684208,20.382200241088867,0.2729420065879822,0.8592680096626282,20.279699325561523,0.2791999876499176,1.4589200019836426,19.219999313354492,0.014999999664723873,0.43299999833106995,0.017999999225139618,0.03995500132441521,-0.10250700265169144,3.7200000286102295,0.531000018119812,1252.6500244140625,0.03064199909567833,0.9282490015029907,1.2949999570846558,0.9739999771118164,0.34811800718307495,0.2618280053138733,1.3295700550079346,3.0,0.0,0.5057139992713928,1.0,20.562000274658203,0.46149998903274536,138.9864484,3.9683485,6.81597,26.265199661254883,2.850539931387175e-05,0.05039190128445625,-0.12594200670719147,4.9096401198767126e-05,t17_f5_c3,ZTF19aahvvtu
2459321.6870718,1,1567187072015,20.54599952697754,/ztf/archive/sci/2021/0417/187060/ztf_20210417187060_000466_zg_c06_o_q1_scimrefdiffimg.fits.fz,Kulkarni,1,,,,1567,20,466,,,,,,,,,,,,,,,,,,,,,,,,,,,,,,,,,,,,26.27120018005371,1.8158099919673987e-05,0.041354700922966,-0.12512199580669403,2.945770029327832e-05,t17_f5_c3,ZTF19aahvvtu
2459321.6909722,2,1567190972015,20.45680046081543,/ztf/archive/sci/2021/0417/190972/ztf_20210417190972_000466_zr_c06_o_q1_scimrefdiffimg.fits.fz,Kulkarni,1,1.567190972015015e+18,t,25.0,1567,20,466,1261.4100341796875,1802.1300048828125,138.986379,3.9682489,20.236900329589844,0.21774700284004211,1.5661300420761108,20.576499938964844,0.48159998655319214,0.37872400879859924,19.118999481201172,0.02500000037252903,1.1990000009536743,0.02500000037252903,0.648751974105835,0.3395969867706299,2.5299999713897705,0.8489999771118164,1261.4100341796875,-0.11969500035047531,0.9016739726066589,0.7139999866485596,0.6259999871253967,0.2822130024433136,0.24743099510669708,1.1405800580978394,6.0,0.0,0.8642860054969788,0.9600579738616943,20.578699111938477,0.6168000102043152,138.9864385,3.9683355,6.69667,26.260900497436523,7.102769814082421e-06,0.025830399245023727,0.10064700245857239,1.1435699889261741e-05,t17_f5_c3,ZTF19aahvvtu
2459323.6735764,1,1569173572015,19.886600494384766,/ztf/archive/sci/2021/0419/173576/ztf_20210419173576_000466_zg_c06_o_q1_scimrefdiffimg.fits.fz,Kulkarni,1,1.569173572015015e+18,t,16.0,1569,20,466,1263.260009765625,1798.1400146484375,138.9862107,3.9683218,20.214399337768555,0.30753400921821594,0.9754769802093506,19.786300659179688,0.29580000042915344,0.8481429815292358,19.219999313354492,0.014999999664723873,0.43299999833106995,0.017999999225139618,0.09189300239086151,-0.4281249940395355,2.5399999618530273,0.5260000228881836,1263.260009765625,0.10033199936151505,1.1872800588607788,1.1480000019073486,1.0140000581741333,0.4519689977169037,0.3992129862308502,1.1321500539779663,3.0,0.0,0.697143018245697,1.0,19.940399169921875,0.43630000948905945,138.9864484,3.9683485,5.75583,26.268400192260742,1.846799932536669e-05,0.039795901626348495,-0.07515110075473785,3.3956999686779454e-05,t17_f5_c3,ZTF19aahvvtu
2459323.707662,2,1569207662015,19.787099838256836,/ztf/archive/sci/2021/0419/207662/ztf_20210419207662_000466_zr_c06_o_q1_scimrefdiffimg.fits.fz,Kulkarni,1,,,,1569,20,466,,,,,,,,,,,,,,,,,,,,,,,,,,,,,,,,,,,,26.278799057006836,8.260370123025496e-06,0.028078999370336533,0.11112499982118607,1.329950009676395e-05,t17_f5_c3,ZTF19aahvvtu
2459328.6719676,2,1574171962015,19.56130027770996,/ztf/archive/sci/2021/0424/171968/ztf_20210424171968_000466_zr_c06_o_q1_scimrefdiffimg.fits.fz,Kulkarni,1,,,,1574,20,466,,,,,,,,,,,,,,,,,,,,,,,,,,,,,,,,,,,,26.28619956970215,8.761139724811073e-06,0.028782999143004417,0.1093439981341362,1.4023699804965872e-05,t17_f5_c3,ZTF19aahvvtu
2459328.69125,1,1574191252015,19.282400131225586,/ztf/archive/sci/2021/0424/191250/ztf_20210424191250_000466_zg_c06_o_q1_scimrefdiffimg.fits.fz,Kulkarni,1,,,,1574,20,466,,,,,,,,,,,,,,,,,,,,,,,,,,,,,,,,,,,,26.27790069580078,2.357909943384584e-05,0.04061039909720421,-0.05318659916520119,5.031879845773801e-05,t17_f5_c3,ZTF19aahvvtu
2459334.754456,2,1580254452015,19.78660011291504,/ztf/archive/sci/2021/0430/254421/ztf_20210430254421_000466_zr_c06_o_q1_scimrefdiffimg.fits.fz,Kulkarni,1,1.580254452015015e+18,t,2.0,1580,20,466,1233.47998046875,1735.75,138.986449,3.9683304,19.961200714111328,0.23480799794197083,1.0401400327682495,20.398099899291992,0.6780999898910522,0.03759999945759773,19.118999481201172,0.02500000037252903,1.1990000009536743,0.02500000037252903,-0.034258000552654266,0.43686699867248535,2.049999952316284,0.9580000042915344,1233.47998046875,-0.6115080118179321,1.2295700311660767,0.6759999990463257,0.6050000190734863,0.3297559916973114,0.2951219975948334,1.1173499822616577,6.0,0.0,0.9357140064239502,0.9790970087051392,19.690399169921875,0.45350000262260437,138.9864385,3.9683355,6.46965,26.22719955444336,7.938479939184617e-06,0.02772809937596321,0.1136540025472641,1.2868699741375167e-05,t17_f5_c3,ZTF19aahvvtu
2459336.7086111,2,1582208612015,20.39430046081543,/ztf/archive/sci/2021/0502/208611/ztf_20210502208611_000466_zr_c06_o_q1_scimrefdiffimg.fits.fz,Kulkarni,1,1.5822086120150351e+18,t,9.0,1582,20,466,1238.22998046875,1766.47998046875,138.986272,3.9683515,20.115400314331055,0.19277599453926086,1.0800800323486328,19.951900482177734,0.2596000134944916,0.5984640121459961,19.118999481201172,0.02500000037252903,1.1990000009536743,0.02500000037252903,0.015247000381350517,-0.16354699432849884,2.319999933242798,0.8769999742507935,1238.22998046875,0.44240498542785645,1.088629961013794,0.8360000252723694,0.7599999904632568,0.3603450059890747,0.32758599519729614,1.100000023841858,5.0,0.0,0.9542859792709351,0.9560210108757019,19.95170021057129,0.33160001039505005,138.9864385,3.9683355,8.0256,26.263399124145508,9.135639629676007e-06,0.02944369986653328,0.10109800100326538,1.4781099707761314e-05,t17_f5_c3,ZTF19aahvvtu
2459336.7315394,1,1582231532015,20.28219985961914,/ztf/archive/sci/2021/0502/231481/ztf_20210502231481_000466_zg_c06_o_q1_scimrefdiffimg.fits.fz,Kulkarni,1,1.582231532015035e+18,t,8.0,1582,20,466,1231.6300048828125,1762.9599609375,138.9861961,3.9682371,20.38129997253418,0.3140519857406616,1.6743799448013306,19.878400802612305,0.22380000352859497,0.9751350283622742,19.219999313354492,0.014999999664723873,0.43299999833106995,0.017999999225139618,0.08061599731445312,-0.5028529763221741,2.9200000762939453,0.6190000176429749,1231.6300048828125,0.40379598736763,1.0463099479675293,1.5640000104904175,1.1380000114440918,0.5356159806251526,0.38972601294517517,1.3743400573730469,5.0,0.0,0.36285701394081116,1.0,19.686599731445312,0.2393999993801117,138.9864484,3.9683485,6.28304,26.165300369262695,3.0081799195613712e-05,0.05326240137219429,-0.10276500135660172,5.1036699005635455e-05,t17_f5_c3,ZTF19aahvvtu
2459338.6742245,1,1584174222015,20.479799270629883,/ztf/archive/sci/2021/0504/174225/ztf_20210504174225_000466_zg_c06_o_q1_scimrefdiffimg.fits.fz,Kulkarni,1,1.584174222015015e+18,t,8.0,1584,20,466,1275.2099609375,1774.719970703125,138.9863341,3.9683878,20.200899124145508,0.22555799782276154,1.1477500200271606,19.701000213623047,0.20160000026226044,0.42292800545692444,19.219999313354492,0.014999999664723873,0.43299999833106995,0.017999999225139618,-0.0645039975643158,-0.4999389946460724,1.197350025177002,0.8820000290870667,1275.2099609375,0.7788010239601135,2.0,1.0130000114440918,0.9309999942779541,0.8460389971733093,0.7775539755821228,1.0880800485610962,4.0,0.0,0.6714289784431458,1.0,19.535200119018555,0.22100000083446503,138.9864484,3.9683485,7.18692,26.230899810791016,1.6937599866651e-05,0.04005319997668266,-0.10831800103187561,2.755350033112336e-05,t17_f5_c3,ZTF19aahvvtu
2459340.6714931,1,1586171492015,20.350000381469727,/ztf/archive/sci/2021/0506/171493/ztf_20210506171493_000466_zg_c06_o_q1_scimrefdiffimg.fits.fz,Kulkarni,1,1.586171492015015e+18,t,6.0,1586,20,466,1254.4000244140625,1776.06005859375,138.9863146,3.968379,20.236600875854492,0.2248390018939972,0.9342020153999329,20.2185001373291,0.3402999937534332,0.48681700229644775,19.219999313354492,0.014999999664723873,0.43299999833106995,0.017999999225139618,0.15325699746608734,-0.018084000796079636,1.899999976158142,0.7300000190734863,1254.4000244140625,0.13152800500392914,1.3475699424743652,0.9679999947547913,0.7620000243186951,0.509473979473114,0.4010530114173889,1.2703399658203125,7.0,0.0,0.9085710048675537,0.8693220019340515,20.14109992980957,0.40549999475479126,138.9864484,3.9683485,6.94302,26.20159912109375,1.7635900803725235e-05,0.040796298533678055,-0.09234250336885452,2.9220500437077135e-05,t17_f5_c3,ZTF19aahvvtu
2459340.7372338,2,1586237232015,20.02079963684082,/ztf/archive/sci/2021/0506/237234/ztf_20210506237234_000466_zr_c06_o_q1_scimrefdiffimg.fits.fz,Kulkarni,1,1.586237232015015e+18,t,6.0,1586,20,466,1236.8599853515625,1751.1199951171875,138.9865026,3.968254,20.21339988708496,0.2515439987182617,0.9355270266532898,20.03580093383789,0.39239999651908875,0.3703640103340149,19.118999481201172,0.02500000037252903,1.1990000009536743,0.02500000037252903,0.17951899766921997,-0.1775819957256317,1.2615599632263184,0.7900000214576721,1236.8599853515625,-0.01497500017285347,2.0,0.8650000095367432,0.7429999709129333,0.6856610178947449,0.5889549851417542,1.164199948310852,3.0,0.0,0.9442859888076782,0.9885740280151367,20.097200393676758,0.5318999886512756,138.9864385,3.9683355,5.71086,26.166400909423828,1.0433999705128372e-05,0.031724099069833755,0.10799500346183777,1.6942400179686956e-05,t17_f5_c3,ZTF19aahvvtu
2459342.7128125,1,1588212812015,20.074899673461914,/ztf/archive/sci/2021/0508/212812/ztf_20210508212812_000466_zg_c06_o_q1_scimrefdiffimg.fits.fz,Kulkarni,1,1.588212812015015e+18,t,7.0,1588,20,466,1237.6500244140625,1758.1300048828125,138.9862712,3.9682269,20.47960090637207,0.3475559949874878,1.108530044555664,20.13640022277832,0.3260999917984009,0.7625399827957153,19.219999313354492,0.014999999664723873,0.43299999833106995,0.017999999225139618,0.017802000045776367,-0.34319400787353516,1.5973399877548218,0.3610000014305115,1237.6500244140625,-0.061524998396635056,2.0,1.1059999465942383,0.9290000200271606,0.6924020051956177,0.5815920233726501,1.1905299425125122,4.0,0.0,0.7585710287094116,0.9855520129203796,20.037500381469727,0.3806000053882599,138.9864484,3.9683485,5.25064,26.119600296020508,2.3715700081083924e-05,0.04635759815573692,-0.08669669926166534,4.131150126340799e-05,t17_f5_c3,ZTF19aahvvtu
2458493.9881366,2,739488132015,20.469100952148438,/ztf/archive/sci/2019/0110/488125/ztf_20190110488125_000466_zr_c06_o_q1_scimrefdiffimg.fits.fz,Kulkarni,1,7.39488132015015e+17,t,11.0,739,20,466,1132.300048828125,1771.1700439453125,138.9864488,3.9683057,20.72610092163086,0.38405299186706543,1.2774399518966675,21.12470054626465,0.7591999769210815,0.1178790032863617,19.118999481201172,0.02500000037252903,1.1990000009536743,0.02500000037252903,0.2773210108280182,0.3985989987850189,1.1827499866485596,0.8429999947547913,1132.300048828125,-0.65556401014328,2.0,0.6840000152587891,0.3720000088214874,0.5783129930496216,0.31452101469039917,1.8387099504470825,7.0,0.0,0.6100000143051147,0.7471820116043091,20.847400665283203,0.7526999711990356,138.9864385,3.9683355,5.37091,26.24810028076172,5.2341001719469205e-06,0.022235700860619545,0.10489100217819214,8.172770321834832e-06,t15_f5_c3,ZTF19aahvvtu
2458494.9665046,1,740466502015,20.420000076293945,/ztf/archive/sci/2019/0111/466505/ztf_20190111466505_000466_zg_c06_o_q1_scimrefdiffimg.fits.fz,Kulkarni,1,,,,740,20,466,,,,,,,,,,,,,,,,,,,,,,,,,,,,,,,,,,,,26.23859977722168,1.168569997389568e-05,0.03343930095434189,-0.10006300359964371,1.876640089903958e-05,t15_f5_c3,ZTF19aahvvtu
2458502.9254167,2,748425412015,19.093399047851562,/ztf/archive/sci/2019/0119/425417/ztf_20190119425417_000466_zr_c06_o_q1_scimrefdiffimg.fits.fz,Chang,2,,,,748,20,466,,,,,,,,,,,,,,,,,,,,,,,,,,,,,,,,,,,,26.105100631713867,1.4893300431140233e-05,0.037945400923490524,0.10471499711275101,2.350919930904638e-05,t15_f5_c3,ZTF19aahvvtu
2458503.8064005,2,749306402015,18.215299606323242,/ztf/archive/sci/2019/0120/306389/ztf_20190120306389_000466_zr_c06_o_q1_scimrefdiffimg.fits.fz,Chang,2,,,,749,20,466,,,,,,,,,,,,,,,,,,,,,,,,,,,,,,,,,,,,25.87540054321289,3.476360143395141e-05,0.04418570175766945,0.0812005028128624,6.551740079885349e-05,t15_f5_c3,ZTF19aahvvtu
2458503.8228125,2,749322812015,17.6481990814209,/ztf/archive/sci/2019/0120/322812/ztf_20190120322812_000466_zr_c06_o_q1_scimrefdiffimg.fits.fz,Chang,2,,,,749,20,466,,,,,,,,,,,,,,,,,,,,,,,,,,,,,,,,,,,,25.63290023803711,5.947579847997986e-05,0.04749390110373497,0.10616700351238251,0.00011912299669347703,t15_f5_c3,ZTF19aahvvtu
2458503.8393866,2,749339382015,18.541900634765625,/ztf/archive/sci/2019/0120/339387/ztf_20190120339387_000466_zr_c06_o_q1_scimrefdiffimg.fits.fz,Chang,2,,,,749,20,466,,,,,,,,,,,,,,,,,,,,,,,,,,,,,,,,,,,,26.00429916381836,2.3136899471865036e-05,0.0417696014046669,0.10159800201654434,3.95774986827746e-05,t15_f5_c3,ZTF19aahvvtu
2458503.8562963,2,749356292015,18.734500885009766,/ztf/archive/sci/2019/0120/356285/ztf_20190120356285_000466_zr_c06_o_q1_scimrefdiffimg.fits.fz,Chang,2,,,,749,20,466,,,,,,,,,,,,,,,,,,,,,,,,,,,,,,,,,,,,26.12019920349121,1.6829100786708295e-05,0.03717749938368797,0.10956600308418274,2.7912499717785977e-05,t15_f5_c3,ZTF19aahvvtu
2458503.8740278,2,749374022015,19.07859992980957,/ztf/archive/sci/2019/0120/374016/ztf_20190120374016_000466_zr_c06_o_q1_scimrefdiffimg.fits.fz,Chang,2,,,,749,20,466,,,,,,,,,,,,,,,,,,,,,,,,,,,,,,,,,,,,26.201799392700195,1.5289699149434455e-05,0.03766759857535362,0.10401000082492828,2.413199945294764e-05,t15_f5_c3,ZTF19aahvvtu
2458503.8915278,2,749391522015,18.34429931640625,/ztf/archive/sci/2019/0120/391516/ztf_20190120391516_000466_zr_c06_o_q1_scimrefdiffimg.fits.fz,Chang,2,,,,749,20,466,,,,,,,,,,,,,,,,,,,,,,,,,,,,,,,,,,,,25.87809944152832,3.6495101085165516e-05,0.048535700887441635,0.10603799670934677,6.408699846360832e-05,t15_f5_c3,ZTF19aahvvtu
2458503.908912,2,749408912015,19.05299949645996,/ztf/archive/sci/2019/0120/408900/ztf_20190120408900_000466_zr_c06_o_q1_scimrefdiffimg.fits.fz,Chang,2,,,,749,20,466,,,,,,,,,,,,,,,,,,,,,,,,,,,,,,,,,,,,26.18199920654297,1.278750005440088e-05,0.03454260155558586,0.1027740016579628,2.0633100575651042e-05,t15_f5_c3,ZTF19aahvvtu
2458503.9254861,2,749425482015,19.344100952148438,/ztf/archive/sci/2019/0120/425475/ztf_20190120425475_000466_zr_c06_o_q1_scimrefdiffimg.fits.fz,Chang,2,,,,749,20,466,,,,,,,,,,,,,,,,,,,,,,,,,,,,,,,,,,,,26.2593994140625,9.380710253026336e-06,0.029944900423288345,0.11333099752664566,1.4863900105410721e-05,t15_f5_c3,ZTF19aahvvtu
2458503.9419213,2,749441922015,19.239599227905273,/ztf/archive/sci/2019/0120/441910/ztf_20190120441910_000466_zr_c06_o_q1_scimrefdiffimg.fits.fz,Chang,2,,,,749,20,466,,,,,,,,,,,,,,,,,,,,,,,,,,,,,,,,,,,,26.236799240112305,1.1402499694668222e-05,0.03279219940304756,0.11531700193881989,1.804490057111252e-05,t15_f5_c3,ZTF19aahvvtu
2458503.958287,2,749458282015,18.73859977722168,/ztf/archive/sci/2019/0120/458275/ztf_20190120458275_000466_zr_c06_o_q1_scimrefdiffimg.fits.fz,Chang,2,,,,749,20,466,,,,,,,,,,,,,,,,,,,,,,,,,,,,,,,,,,,,26.129100799560547,1.71469000633806e-05,0.0378430001437664,0.10272499918937683,2.807099917845335e-05,t15_f5_c3,ZTF19aahvvtu
2458506.7661343,2,752266132015,18.64299964904785,/ztf/archive/sci/2019/0123/266134/ztf_20190123266134_000466_zr_c06_o_q1_scimrefdiffimg.fits.fz,Chang,2,,,,752,20,466,,,,,,,,,,,,,,,,,,,,,,,,,,,,,,,,,,,,26.250699996948242,2.990060056617949e-05,0.044099800288677216,0.10564599931240082,5.255400174064562e-05,t15_f5_c3,ZTF19aahvvtu
2458506.7824421,2,752282442015,18.922399520874023,/ztf/archive/sci/2019/0123/282431/ztf_20190123282431_000466_zr_c06_o_q1_scimrefdiffimg.fits.fz,Chang,2,,,,752,20,466,,,,,,,,,,,,,,,,,,,,,,,,,,,,,,,,,,,,26.26259994506836,1.9592700482462533e-05,0.04096660017967224,0.10631799697875977,3.130979894194752e-05,t15_f5_c3,ZTF19aahvvtu
2458506.7984144,2,752298412015,19.003799438476562,/ztf/archive/sci/2019/0123/298414/ztf_20190123298414_000466_zr_c06_o_q1_scimrefdiffimg.fits.fz,Chang,2,,,,752,20,466,,,,,,,,,,,,,,,,,,,,,,,,,,,,,,,,,,,,26.260799407958984,1.4705199646414258e-05,0.03605860099196434,0.11123400181531906,2.3484599296352826e-05,t15_f5_c3,ZTF19aahvvtu
2458506.8146065,2,752314602015,18.959800720214844,/ztf/archive/sci/2019/0123/314595/ztf_20190123314595_000466_zr_c06_o_q1_scimrefdiffimg.fits.fz,Chang,2,,,,752,20,466,,,,,,,,,,,,,,,,,,,,,,,,,,,,,,,,,,,,26.274599075317383,1.6686299204593524e-05,0.03786280006170273,0.10697200149297714,2.6717299988376908e-05,t15_f5_c3,ZTF19aahvvtu
2458506.8317593,2,752331752015,18.983400344848633,/ztf/archive/sci/2019/0123/331748/ztf_20190123331748_000466_zr_c06_o_q1_scimrefdiffimg.fits.fz,Chang,2,,,,752,20,466,,,,,,,,,,,,,,,,,,,,,,,,,,,,,,,,,,,,26.265600204467773,1.9618299120338634e-05,0.041395898908376694,0.11887499690055847,3.078829831792973e-05,t15_f5_c3,ZTF19aahvvtu
2458506.8493519,2,752349352015,19.10700035095215,/ztf/archive/sci/2019/0123/349352/ztf_20190123349352_000466_zr_c06_o_q1_scimrefdiffimg.fits.fz,Chang,2,,,,752,20,466,,,,,,,,,,,,,,,,,,,,,,,,,,,,,,,,,,,,26.280099868774414,1.476299985370133e-05,0.03721240162849426,0.10416699945926666,2.311689968337305e-05,t15_f5_c3,ZTF19aahvvtu
2458506.8669907,2,752366992015,19.026899337768555,/ztf/archive/sci/2019/0123/366991/ztf_20190123366991_000466_zr_c06_o_q1_scimrefdiffimg.fits.fz,Chang,2,,,,752,20,466,,,,,,,,,,,,,,,,,,,,,,,,,,,,,,,,,,,,26.27519989013672,1.4645999726781156e-05,0.03600630164146423,0.10003200173377991,2.3247099306900054e-05,t15_f5_c3,ZTF19aahvvtu
2458506.8834606,2,752383462015,19.170700073242188,/ztf/archive/sci/2019/0123/383449/ztf_20190123383449_000466_zr_c06_o_q1_scimrefdiffimg.fits.fz,Chang,2,,,,752,20,466,,,,,,,,,,,,,,,,,,,,,,,,,,,,,,,,,,,,26.28350067138672,1.2348000382189639e-05,0.03411800041794777,0.1057479977607727,1.9632700059446506e-05,t15_f5_c3,ZTF19aahvvtu
2458506.8996759,2,752399672015,18.901899337768555,/ztf/archive/sci/2019/0123/399664/ztf_20190123399664_000466_zr_c06_o_q1_scimrefdiffimg.fits.fz,Chang,2,,,,752,20,466,,,,,,,,,,,,,,,,,,,,,,,,,,,,,,,,,,,,26.266599655151367,1.9241899281041697e-05,0.03970729932188988,0.11415500193834305,3.202589869033545e-05,t15_f5_c3,ZTF19aahvvtu
2458506.9158218,2,752415822015,18.893800735473633,/ztf/archive/sci/2019/0123/415810/ztf_20190123415810_000466_zr_c06_o_q1_scimrefdiffimg.fits.fz,Chang,2,,,,752,20,466,,,,,,,,,,,,,,,,,,,,,,,,,,,,,,,,,,,,26.269800186157227,2.0754299839609303e-05,0.040216200053691864,0.11123500019311905,3.444929825491272e-05,t15_f5_c3,ZTF19aahvvtu
2458506.9228704,2,752422872015,18.721599578857422,/ztf/archive/sci/2019/0123/422812/ztf_20190123422812_000466_zr_c06_o_q1_scimrefdiffimg.fits.fz,Kulkarni,1,,,,752,20,466,,,,,,,,,,,,,,,,,,,,,,,,,,,,,,,,,,,,26.258499145507812,2.7394900826038793e-05,0.042547501623630524,0.10273200273513794,4.873899888480082e-05,t15_f5_c3,ZTF19aahvvtu
2458506.9785995,1,752478592015,18.47279930114746,/ztf/archive/sci/2019/0123/478495/ztf_20190123478495_000466_zg_c06_o_q1_scimrefdiffimg.fits.fz,Kulkarni,1,,,,752,20,466,,,,,,,,,,,,,,,,,,,,,,,,,,,,,,,,,,,,26.237199783325195,6.264259718591347e-05,0.037053998559713364,-0.06368789821863174,0.00019196599896531552,t15_f5_c3,ZTF19aahvvtu
2458509.7460532,1,755246052015,19.808300018310547,/ztf/archive/sci/2019/0126/246053/ztf_20190126246053_000466_zg_c06_o_q1_scimrefdiffimg.fits.fz,Kulkarni,1,,,,755,20,466,,,,,,,,,,,,,,,,,,,,,,,,,,,,,,,,,,,,26.19409942626953,2.0849100110353902e-05,0.039238300174474716,-0.054119501262903214,4.3088799429824576e-05,t15_f5_c3,ZTF19aahvvtu
2458509.7761227,2,755276122015,19.759899139404297,/ztf/archive/sci/2019/0126/276123/ztf_20190126276123_000466_zr_c06_o_q1_scimrefdiffimg.fits.fz,Kulkarni,1,,,,755,20,466,,,,,,,,,,,,,,,,,,,,,,,,,,,,,,,,,,,,26.245100021362305,1.1263899978075642e-05,0.03271599858999252,0.11242599785327911,1.7557900719111785e-05,t15_f5_c3,ZTF19aahvvtu
2458511.9156134,2,757415612015,20.341299057006836,/ztf/archive/sci/2019/0128/415602/ztf_20190128415602_000466_zr_c06_o_q1_scimrefdiffimg.fits.fz,Kulkarni,1,7.57415612015025e+17,t,7.0,757,20,466,1161.27001953125,1730.31005859375,138.9863687,3.9683059,20.439199447631836,0.25537100434303284,0.9317669868469238,20.021299362182617,0.3107999861240387,0.2611120045185089,19.118999481201172,0.02500000037252903,1.1990000009536743,0.02500000037252903,0.039285000413656235,-0.4178619980812073,1.7300000190734863,0.7829999923706055,1161.27001953125,0.3199999928474426,1.3611600399017334,0.8550000190734863,0.7850000262260437,0.49421998858451843,0.45375698804855347,1.089169979095459,4.0,0.0,0.7714290022850037,0.9251559972763062,19.624099731445312,0.27619999647140503,138.9864385,3.9683355,5.51362,26.23819923400879,4.9795298764365725e-06,0.021722499281167984,0.10479100048542023,7.945999641378876e-06,t15_f5_c3,ZTF19aahvvtu
2458512.8809491,1,758380942015,17.431900024414062,/ztf/archive/sci/2019/0129/380926/ztf_20190129380926_000466_zg_c06_o_q1_scimrefdiffimg.fits.fz,Kulkarni,1,,,,758,20,466,,,,,,,,,,,,,,,,,,,,,,,,,,,,,,,,,,,,23.36090087890625,0.0005637520225718617,0.08426620066165924,-0.06565319746732712,0.0018152899574488401,t15_f5_c3,ZTF19aahvvtu
2458522.7318056,2,768231802015,20.43630027770996,/ztf/archive/sci/2019/0208/231806/ztf_20190208231806_000466_zr_c06_o_q1_scimrefdiffimg.fits.fz,Chang,2,,,,768,20,466,,,,,,,,,,,,,,,,,,,,,,,,,,,,,,,,,,,,26.222700119018555,5.580090146395378e-06,0.02315709926187992,0.10901699960231781,8.755800081416965e-06,t15_f5_c3,ZTF19aahvvtu
2458522.7347685,2,768234762015,20.390600204467773,/ztf/archive/sci/2019/0208/234757/ztf_20190208234757_000466_zr_c06_o_q1_scimrefdiffimg.fits.fz,Chang,2,7.68234762015015e+17,1,15.0,768,20,466,1127.1099853515625,1788.4599609375,138.9863746,3.9683226,20.538400650024414,0.29703399538993835,1.2141799926757812,20.927499771118164,0.6492000222206116,0.2360980063676834,19.118999481201172,0.02500000037252903,1.1990000009536743,0.02500000037252903,-0.19052599370479584,0.3891409933567047,1.23881995677948,0.5889999866485596,1127.1099853515625,-0.5369139909744263,2.0,0.8450000286102295,0.703000009059906,0.6820989847183228,0.5674740076065063,1.201990008354187,6.0,0.0,0.8971430063247681,0.92228102684021,20.66990089416504,0.656000018119812,138.9864385,3.9683355,5.47221,26.221399307250977,5.720699846278876e-06,0.023340599611401558,0.10651200264692307,8.959619663073681e-06,t15_f5_c3,ZTF19aahvvtu
2458522.7377199,2,768237712015,20.381399154663086,/ztf/archive/sci/2019/0208/237720/ztf_20190208237720_000466_zr_c06_o_q1_scimrefdiffimg.fits.fz,Chang,2,7.68237712015015e+17,1,15.0,768,20,466,1125.8399658203125,1788.8499755859375,138.9864772,3.9682785,20.206300735473633,0.19123899936676025,0.9793559908866882,19.903099060058594,0.25609999895095825,0.24480800330638885,19.118999481201172,0.02500000037252903,1.1990000009536743,0.02500000037252903,0.024160999804735184,-0.3032340109348297,2.9200000762939453,0.9259999990463257,1125.8399658203125,0.4782690107822418,0.8485090136528015,0.8309999704360962,0.7860000133514404,0.2845889925956726,0.26917800307273865,1.0572500228881836,7.0,0.0,0.8914290070533752,0.9255220293998718,19.747600555419922,0.28369998931884766,138.9864385,3.9683355,8.25294,26.226299285888672,5.770049938291777e-06,0.023570699617266655,0.10644300282001495,9.045200386026409e-06,t15_f5_c3,ZTF19aahvvtu
2458522.7406829,2,768240682015,20.434200286865234,/ztf/archive/sci/2019/0208/240671/ztf_20190208240671_000466_zr_c06_o_q1_scimrefdiffimg.fits.fz,Chang,2,7.68240682015015e+17,1,10.0,768,20,466,1126.1099853515625,1789.27001953125,138.9864028,3.9682839,20.327999114990234,0.21515999734401703,1.1294399499893188,20.40049934387207,0.3901999890804291,0.2290389984846115,19.118999481201172,0.02500000037252903,1.1990000009536743,0.02500000037252903,-0.07601799815893173,0.07247000187635422,2.4000000953674316,0.8349999785423279,1126.1099853515625,0.03373900055885315,1.0184500217437744,0.75,0.6899999976158142,0.3125,0.2874999940395355,1.086959958076477,6.0,0.0,0.9100000262260437,0.9402400255203247,20.33329963684082,0.46889999508857727,138.9864385,3.9683355,7.12972,26.231000900268555,5.5037698984961025e-06,0.023028800264000893,0.10606399923563004,8.617040293756872e-06,t15_f5_c3,ZTF19aahvvtu
2458522.7436343,2,768243632015,20.401100158691406,/ztf/archive/sci/2019/0208/243623/ztf_20190208243623_000466_zr_c06_o_q1_scimrefdiffimg.fits.fz,Chang,2,7.68243632015015e+17,1,12.0,768,20,466,1126.25,1789.4000244140625,138.9864503,3.9682366,20.44099998474121,0.2685669958591461,0.8688579797744751,20.41790008544922,0.4043000042438507,0.3492850065231323,19.118999481201172,0.02500000037252903,1.1990000009536743,0.02500000037252903,0.07596000283956528,-0.023132000118494034,1.2362699508666992,0.6980000138282776,1126.25,-0.01678300090134144,2.0,0.7929999828338623,0.7789999842643738,0.641444981098175,0.6301199793815613,1.0179699659347534,6.0,0.0,0.8700000047683716,0.9386450052261353,20.596599578857422,0.6090999841690063,138.9864385,3.9683355,5.9228,26.235000610351562,5.546210104512284e-06,0.02305549941956997,0.1038689985871315,8.693239578860812e-06,t15_f5_c3,ZTF19aahvvtu
2458522.7465856,2,768246582015,20.4281005859375,/ztf/archive/sci/2019/0208/246586/ztf_20190208246586_000466_zr_c06_o_q1_scimrefdiffimg.fits.fz,Chang,2,7.68246582015015e+17,1,18.0,768,20,466,1126.6600341796875,1788.8499755859375,138.9864283,3.9683047,20.444000244140625,0.22789999842643738,1.039870023727417,20.249300003051758,0.34119999408721924,0.12263800203800201,19.118999481201172,0.02500000037252903,1.1990000009536743,0.02500000037252903,0.32736799120903015,-0.19465799629688263,1.2247200012207031,0.6930000185966492,1126.6600341796875,0.17880800366401672,2.0,0.6570000052452087,0.6200000047683716,0.5364469885826111,0.5062369704246521,1.0596799850463867,4.0,0.0,0.9085710048675537,0.9341359734535217,20.11720085144043,0.3862000107765198,138.9864385,3.9683355,6.90567,26.233999252319336,6.212700100149959e-06,0.024390999227762222,0.1050570011138916,9.694180334918201e-06,t15_f5_c3,ZTF19aahvvtu
2458522.7495486,2,768249542015,20.471900939941406,/ztf/archive/sci/2019/0208/249537/ztf_20190208249537_000466_zr_c06_o_q1_scimrefdiffimg.fits.fz,Chang,2,7.68249542015015e+17,1,20.0,768,20,466,1127.3599853515625,1788.3599853515625,138.9864443,3.9684014,20.412799835205078,0.2918429970741272,0.9893320202827454,20.253000259399414,0.33489999175071716,0.23935000598430634,19.118999481201172,0.02500000037252903,1.1990000009536743,0.02500000037252903,-0.10371199995279312,-0.15981100499629974,3.740000009536743,0.8209999799728394,1127.3599853515625,0.21890699863433838,0.6445090174674988,0.8579999804496765,0.6840000152587891,0.2294120043516159,0.182888001203537,1.254390001296997,5.0,0.0,0.7757139801979065,0.871051013469696,20.13249969482422,0.38269999623298645,138.9864385,3.9683355,6.22192,26.232799530029297,6.063979981263401e-06,0.02409910038113594,0.10828299820423126,9.513179975328967e-06,t15_f5_c3,ZTF19aahvvtu
2458522.7525,2,768252502015,20.459400177001953,/ztf/archive/sci/2019/0208/252500/ztf_20190208252500_000466_zr_c06_o_q1_scimrefdiffimg.fits.fz,Chang,2,,,,768,20,466,,,,,,,,,,,,,,,,,,,,,,,,,,,,,,,,,,,,26.240100860595703,5.913159839110449e-06,0.02378940023481846,0.10396499931812286,9.260140359401703e-06,t15_f5_c3,ZTF19aahvvtu
2458522.755463,2,768255462015,20.546600341796875,/ztf/archive/sci/2019/0208/255463/ztf_20190208255463_000466_zr_c06_o_q1_scimrefdiffimg.fits.fz,Chang,2,7.68255462015015e+17,1,41.0,768,20,466,1127.31005859375,1789.06005859375,138.9864356,3.9682785,20.2637996673584,0.19648900628089905,1.0542999505996704,20.16160011291504,0.2985000014305115,0.21248799562454224,19.118999481201172,0.02500000037252903,1.1990000009536743,0.02500000037252903,-0.5322740077972412,-0.1021530032157898,1.9900000095367432,0.9589999914169312,1127.31005859375,0.3850100040435791,1.16566002368927,0.6480000019073486,0.5649999976158142,0.32562801241874695,0.2839199900627136,1.1469000577926636,8.0,0.0,0.8471429944038391,0.8910549879074097,19.957700729370117,0.31610000133514404,138.9864385,3.9683355,8.25059,26.24180030822754,7.455029845004901e-06,0.02670549973845482,0.10624100267887115,1.1675299901980907e-05,t15_f5_c3,ZTF19aahvvtu
2458522.7584259,2,768258422015,20.46269989013672,/ztf/archive/sci/2019/0208/258414/ztf_20190208258414_000466_zr_c06_o_q1_scimrefdiffimg.fits.fz,Chang,2,,,,768,20,466,,,,,,,,,,,,,,,,,,,,,,,,,,,,,,,,,,,,26.237499237060547,5.5169798542920034e-06,0.023050399497151375,0.10062199831008911,8.661159881739877e-06,t15_f5_c3,ZTF19aahvvtu
2458522.7613889,2,768261382015,20.553600311279297,/ztf/archive/sci/2019/0208/261377/ztf_20190208261377_000466_zr_c06_o_q1_scimrefdiffimg.fits.fz,Chang,2,7.68261382015015e+17,1,20.0,768,20,466,1125.93994140625,1789.469970703125,138.9864728,3.9683334,20.376300811767578,0.22342899441719055,1.4249000549316406,20.184600830078125,0.29989999532699585,0.121800996363163,19.118999481201172,0.02500000037252903,1.1990000009536743,0.02500000037252903,0.42492300271987915,-0.19170700013637543,2.9200000762939453,0.9459999799728394,1125.93994140625,0.3689570128917694,0.8036770224571228,0.7609999775886536,0.6000000238418579,0.2606160044670105,0.2054789960384369,1.2683299779891968,7.0,0.0,0.857142984867096,0.8964719772338867,20.04360008239746,0.3361999988555908,138.9864385,3.9683355,7.64399,26.260299682617188,7.675579581700731e-06,0.0271403007209301,0.10229700058698654,1.2078099643986207e-05,t15_f5_c3,ZTF19aahvvtu
2458522.7643403,2,768264342015,20.500600814819336,/ztf/archive/sci/2019/0208/264340/ztf_20190208264340_000466_zr_c06_o_q1_scimrefdiffimg.fits.fz,Chang,2,,,,768,20,466,,,,,,,,,,,,,,,,,,,,,,,,,,,,,,,,,,,,26.237899780273438,6.0985198615526315e-06,0.024256600067019463,0.10599900037050247,9.570950169290882e-06,t15_f5_c3,ZTF19aahvvtu
2458522.7673032,2,768267302015,20.498899459838867,/ztf/archive/sci/2019/0208/267303/ztf_20190208267303_000466_zr_c06_o_q1_scimrefdiffimg.fits.fz,Chang,2,7.68267302015015e+17,1,22.0,768,20,466,1126.68994140625,1790.050048828125,138.9864774,3.9683649,20.41069984436035,0.21436400711536407,1.0656299591064453,20.634300231933594,0.46309998631477356,0.16314999759197235,19.118999481201172,0.02500000037252903,1.1990000009536743,0.02500000037252903,0.2631010115146637,0.2235569953918457,3.0,0.8980000019073486,1126.68994140625,-0.13541199266910553,0.8034870028495789,0.625,0.5669999718666077,0.20833300054073334,0.1889999955892563,1.1022900342941284,10.0,0.0,0.7599999904632568,0.5891460180282593,20.346799850463867,0.4544000029563904,138.9864385,3.9683355,7.14348,26.24370002746582,6.599940206797328e-06,0.025210300460457802,0.10464700311422348,1.0372100405220408e-05,t15_f5_c3,ZTF19aahvvtu
2458522.7702778,2,768270272015,20.56999969482422,/ztf/archive/sci/2019/0208/270266/ztf_20190208270266_000466_zr_c06_o_q1_scimrefdiffimg.fits.fz,Chang,2,7.68270272015015e+17,1,26.0,768,20,466,1127.6500244140625,1790.27001953125,138.9864657,3.9684182,20.484100341796875,0.28601500391960144,1.5444400310516357,20.166400909423828,0.29319998621940613,0.3109000027179718,19.118999481201172,0.02500000037252903,1.1990000009536743,0.02500000037252903,0.2436639964580536,-0.31768399477005005,1.1639100313186646,0.9089999794960022,1127.6500244140625,0.4036000072956085,2.0,0.6150000095367432,0.5080000162124634,0.5283910036087036,0.4364590048789978,1.2106300592422485,9.0,0.0,0.7885710000991821,0.6730319857597351,19.992799758911133,0.3188999891281128,138.9864385,3.9683355,6.47644,26.24209976196289,8.736549716559239e-06,0.028913699090480804,0.10384500026702881,1.3690199921256863e-05,t15_f5_c3,ZTF19aahvvtu
2458522.7732407,2,768273242015,20.547000885009766,/ztf/archive/sci/2019/0208/273229/ztf_20190208273229_000466_zr_c06_o_q1_scimrefdiffimg.fits.fz,Chang,2,,,,768,20,466,,,,,,,,,,,,,,,,,,,,,,,,,,,,,,,,,,,,26.238300323486328,7.143530183384428e-06,0.026129599660634995,0.10528399795293808,1.1178500244568568e-05,t15_f5_c3,ZTF19aahvvtu
2458522.7762153,2,768276212015,20.523700714111328,/ztf/archive/sci/2019/0208/276204/ztf_20190208276204_000466_zr_c06_o_q1_scimrefdiffimg.fits.fz,Chang,2,7.68276212015015e+17,1,31.0,768,20,466,1127.97998046875,1791.1800537109375,138.986455,3.9683808,20.29170036315918,0.1871809959411621,1.1471799612045288,20.61280059814453,0.44859999418258667,0.16281799972057343,19.118999481201172,0.02500000037252903,1.1990000009536743,0.02500000037252903,0.23722399771213531,0.3211100101470947,1.9900000095367432,0.9660000205039978,1127.97998046875,-0.08911199867725372,1.1993800401687622,0.6200000047683716,0.5669999718666077,0.3115580081939697,0.28492501378059387,1.0934699773788452,5.0,0.0,0.8985710144042969,0.812250018119812,20.54960060119629,0.5408999919891357,138.9864385,3.9683355,8.00163,26.250699996948242,5.941869858361315e-06,0.023824099451303482,0.10137499868869781,9.335590220871381e-06,t15_f5_c3,ZTF19aahvvtu
2458522.7791898,2,768279182015,20.521499633789062,/ztf/archive/sci/2019/0208/279178/ztf_20190208279178_000466_zr_c06_o_q1_scimrefdiffimg.fits.fz,Chang,2,7.68279182015015e+17,1,20.0,768,20,466,1128.989990234375,1791.719970703125,138.9864786,3.9683452,20.47800064086914,0.1935119926929474,0.9127730131149292,20.519399642944336,0.41269999742507935,0.14459000527858734,19.118999481201172,0.02500000037252903,1.1990000009536743,0.02500000037252903,-0.1381639987230301,0.041423000395298004,2.359999895095825,0.875,1128.989990234375,0.0021250001154839993,1.0102200508117676,0.6430000066757202,0.6169999837875366,0.2724579870700836,0.2614409923553467,1.042140007019043,7.0,0.0,0.9200000166893005,0.9840430021286011,20.214799880981445,0.3984000086784363,138.9864385,3.9683355,7.05822,26.246999740600586,6.014310201862827e-06,0.024011600762605667,0.10909400135278702,9.467679774388671e-06,t15_f5_c3,ZTF19aahvvtu
2458522.7821644,2,768282162015,20.451799392700195,/ztf/archive/sci/2019/0208/282153/ztf_20190208282153_000466_zr_c06_o_q1_scimrefdiffimg.fits.fz,Chang,2,7.68282162015015e+17,1,19.0,768,20,466,1128.5799560546875,1791.989990234375,138.9864591,3.9683084,20.524499893188477,0.24301199615001678,1.2670700550079346,19.9768009185791,0.25619998574256897,0.12778499722480774,19.118999481201172,0.02500000037252903,1.1990000009536743,0.02500000037252903,-0.11525200307369232,-0.5477030277252197,2.5299999713897705,0.75,1128.5799560546875,0.4749949872493744,0.9843320250511169,0.699999988079071,0.6190000176429749,0.27667999267578125,0.2446639984846115,1.1308599710464478,6.0,0.0,0.7171429991722107,0.9091119766235352,19.719100952148438,0.257999986410141,138.9864385,3.9683355,6.48191,26.24850082397461,6.258010216697585e-06,0.02450679987668991,0.1023389995098114,9.843580301094335e-06,t15_f5_c3,ZTF19aahvvtu
2458522.7851505,2,768285152015,20.470199584960938,/ztf/archive/sci/2019/0208/285139/ztf_20190208285139_000466_zr_c06_o_q1_scimrefdiffimg.fits.fz,Chang,2,7.68285152015015e+17,1,26.0,768,20,466,1129.02001953125,1792.3800048828125,138.986512,3.9683062,20.356700897216797,0.25694701075553894,1.1878000497817993,19.948200225830078,0.24899999797344208,0.27542999386787415,19.118999481201172,0.02500000037252903,1.1990000009536743,0.02500000037252903,0.02392200008034706,-0.4085110127925873,4.21999979019165,0.8090000152587891,1129.02001953125,0.5220270156860352,0.5810480117797852,0.9610000252723694,0.7730000019073486,0.22772499918937683,0.1831749975681305,1.243209958076477,3.0,0.0,0.6700000166893005,1.0,19.99370002746582,0.33149999380111694,138.9864385,3.9683355,6.79669,26.248699188232422,5.754359790444141e-06,0.023431800305843353,0.10553500056266785,9.04397984413663e-06,t15_f5_c3,ZTF19aahvvtu
2458522.7881366,2,768288132015,20.499500274658203,/ztf/archive/sci/2019/0208/288125/ztf_20190208288125_000466_zr_c06_o_q1_scimrefdiffimg.fits.fz,Chang,2,7.68288132015015e+17,1,23.0,768,20,466,1129.52001953125,1793.0400390625,138.9864759,3.9682742,20.367399215698242,0.208747997879982,1.0523600578308105,20.20319938659668,0.3091999888420105,0.2641800045967102,19.118999481201172,0.02500000037252903,1.1990000009536743,0.02500000037252903,0.3148309886455536,-0.1641789972782135,2.509999990463257,0.9010000228881836,1129.52001953125,0.29627999663352966,0.9686579704284668,0.796999990940094,0.6460000276565552,0.3175300061702728,0.2573710083961487,1.2337499856948853,6.0,0.0,0.9042860269546509,0.9619489908218384,20.194400787353516,0.39160001277923584,138.9864385,3.9683355,7.48266,26.246400833129883,5.588879957940662e-06,0.02317879907786846,0.10385499894618988,8.75923979037907e-06,t15_f5_c3,ZTF19aahvvtu
2458522.7911227,2,768291122015,20.381000518798828,/ztf/archive/sci/2019/0208/291123/ztf_20190208291123_000466_zr_c06_o_q1_scimrefdiffimg.fits.fz,Chang,2,7.68291122015015e+17,1,17.0,768,20,466,1129.8499755859375,1792.739990234375,138.9864285,3.9683838,20.326799392700195,0.19113300740718842,1.0835800170898438,19.8700008392334,0.2387000024318695,0.1643819957971573,19.118999481201172,0.02500000037252903,1.1990000009536743,0.02500000037252903,0.19599899649620056,-0.4568290114402771,2.4100000858306885,0.8550000190734863,1129.8499755859375,0.510994017124176,1.0715700387954712,0.8460000157356262,0.7929999828338623,0.35103699564933777,0.32904601097106934,1.0668400526046753,5.0,0.0,0.7957140207290649,0.9512540102005005,19.788299560546875,0.28279998898506165,138.9864385,3.9683355,7.65514,26.24880027770996,5.414509814727353e-06,0.022725699469447136,0.10317700356245041,8.482070370519068e-06,t15_f5_c3,ZTF19aahvvtu
2458522.7941204,2,768294122015,20.386199951171875,/ztf/archive/sci/2019/0208/294120/ztf_20190208294120_000466_zr_c06_o_q1_scimrefdiffimg.fits.fz,Chang,2,7.68294122015015e+17,1,19.0,768,20,466,1130.8199462890625,1793.0799560546875,138.9864961,3.9682934,20.46820068359375,0.23150500655174255,0.5454339981079102,20.179000854492188,0.31459999084472656,0.250885009765625,19.118999481201172,0.02500000037252903,1.1990000009536743,0.02500000037252903,0.13183799386024475,-0.28915300965309143,2.4700000286102295,0.6620000004768372,1130.8199462890625,0.20722399652004242,1.0475200414657593,0.9559999704360962,0.8190000057220459,0.3870449960231781,0.3315789997577667,1.1672799587249756,4.0,0.0,0.8742859959602356,0.9788299798965454,20.149200439453125,0.3910999894142151,138.9864385,3.9683355,6.55429,26.248199462890625,5.850669822393684e-06,0.02367980033159256,0.10300999879837036,9.187399882648606e-06,t15_f5_c3,ZTF19aahvvtu
2458522.7971296,2,768297122015,20.418500900268555,/ztf/archive/sci/2019/0208/297118/ztf_20190208297118_000466_zr_c06_o_q1_scimrefdiffimg.fits.fz,Chang,2,7.68297122015015e+17,1,23.0,768,20,466,1131.469970703125,1793.030029296875,138.9865142,3.9683919,20.218700408935547,0.16601400077342987,0.7834519743919373,20.397499084472656,0.3790999948978424,0.3250589966773987,19.118999481201172,0.02500000037252903,1.1990000009536743,0.02500000037252903,0.28209400177001953,0.1787640005350113,2.2899999618530273,0.9509999752044678,1131.469970703125,0.020973000675439835,1.1126699447631836,0.6729999780654907,0.6240000128746033,0.2938860058784485,0.2724890112876892,1.078529953956604,6.0,0.0,0.9314290285110474,0.981086015701294,20.172000885009766,0.3939000070095062,138.9864385,3.9683355,8.10691,26.25670051574707,5.724170023313491e-06,0.023452600464224815,0.1020359992980957,8.96736037248047e-06,t15_f5_c3,ZTF19aahvvtu
2458522.8001505,2,768300152015,20.366300582885742,/ztf/archive/sci/2019/0208/300139/ztf_20190208300139_000466_zr_c06_o_q1_scimrefdiffimg.fits.fz,Chang,2,,,,768,20,466,,,,,,,,,,,,,,,,,,,,,,,,,,,,,,,,,,,,26.248300552368164,5.040580163040431e-06,0.02194260060787201,0.1022849977016449,7.901609933469445e-06,t15_f5_c3,ZTF19aahvvtu
2458522.8031829,2,768303182015,20.492399215698242,/ztf/archive/sci/2019/0208/303171/ztf_20190208303171_000466_zr_c06_o_q1_scimrefdiffimg.fits.fz,Chang,2,7.68303182015015e+17,1,19.0,768,20,466,1132.9300537109375,1793.31005859375,138.9864403,3.9683808,20.369600296020508,0.21328000724315643,1.0583300590515137,20.365699768066406,0.3580000102519989,0.16239500045776367,19.118999481201172,0.02500000037252903,1.1990000009536743,0.02500000037252903,-0.05658699944615364,-0.00394000019878149,2.009999990463257,0.9120000004768372,1132.9300537109375,0.12674100697040558,1.2199100255966187,0.8090000152587891,0.6940000057220459,0.40248799324035645,0.3452740013599396,1.1657099723815918,6.0,0.0,0.8999999761581421,0.7686030268669128,20.281099319458008,0.42309999465942383,138.9864385,3.9683355,7.44183,26.25659942626953,5.634120043396251e-06,0.02324029989540577,0.10419899970293045,8.844340300129261e-06,t15_f5_c3,ZTF19aahvvtu
2458522.8062153,2,768306212015,20.439800262451172,/ztf/archive/sci/2019/0208/306215/ztf_20190208306215_000466_zr_c06_o_q1_scimrefdiffimg.fits.fz,Chang,2,7.68306212015015e+17,1,24.0,768,20,466,1134.5899658203125,1793.030029296875,138.9863626,3.9682923,20.605300903320312,0.291269987821579,1.336359977722168,20.694000244140625,0.4961000084877014,0.3197070062160492,19.118999481201172,0.02500000037252903,1.1990000009536743,0.02500000037252903,-0.04521099850535393,0.0887100026011467,1.2515000104904175,0.7149999737739563,1134.5899658203125,-0.25420600175857544,2.0,0.5889999866485596,0.46299999952316284,0.47063401341438293,0.36995500326156616,1.2721400260925293,5.0,0.0,0.8585709929466248,0.9935950040817261,20.709299087524414,0.6437000036239624,138.9864385,3.9683355,6.49347,26.259300231933594,6.012290214130189e-06,0.023979300633072853,0.10326199978590012,9.481689630774781e-06,t15_f5_c3,ZTF19aahvvtu
2458522.8092708,2,768309272015,20.411800384521484,/ztf/archive/sci/2019/0208/309271/ztf_20190208309271_000466_zr_c06_o_q1_scimrefdiffimg.fits.fz,Chang,2,7.68309272015015e+17,1,17.0,768,20,466,1135.3199462890625,1792.77001953125,138.9864383,3.9683576,20.258699417114258,0.2022790014743805,0.9802460074424744,20.322999954223633,0.35510000586509705,0.06304199993610382,19.118999481201172,0.02500000037252903,1.1990000009536743,0.02500000037252903,0.0769829973578453,0.06431800127029419,1.7999999523162842,0.8209999799728394,1135.3199462890625,0.08879700303077698,1.4196900129318237,0.6060000061988831,0.5870000123977661,0.336667001247406,0.32611098885536194,1.0323699712753296,5.0,0.0,0.9357140064239502,1.0,20.06369972229004,0.35760000348091125,138.9864385,3.9683355,8.21787,26.252700805664062,5.052019787399331e-06,0.022030699998140335,0.10884100198745728,7.949350219860207e-06,t15_f5_c3,ZTF19aahvvtu
2458522.8123148,2,768312312015,20.3218994140625,/ztf/archive/sci/2019/0208/312315/ztf_20190208312315_000466_zr_c06_o_q1_scimrefdiffimg.fits.fz,Chang,2,7.68312312015015e+17,1,16.0,768,20,466,1136.4000244140625,1793.1199951171875,138.9864198,3.9682928,20.221900939941406,0.23571999371051788,0.8984370231628418,20.318700790405273,0.3668999969959259,0.16679300367832184,19.118999481201172,0.02500000037252903,1.1990000009536743,0.02500000037252903,0.3055090010166168,0.09678000211715698,1.9800000190734863,0.890999972820282,1136.4000244140625,0.0031840000301599503,1.3516000509262085,0.7379999756813049,0.593999981880188,0.37272700667381287,0.30000001192092896,1.242419958114624,7.0,0.0,0.9157140254974365,0.9431120157241821,20.286300659179688,0.45500001311302185,138.9864385,3.9683355,7.64477,26.250900268554688,6.06756020715693e-06,0.024082599207758904,0.10424300283193588,9.568830137141049e-06,t15_f5_c3,ZTF19aahvvtu
2458522.8155093,2,768315502015,20.442800521850586,/ztf/archive/sci/2019/0208/315498/ztf_20190208315498_000466_zr_c06_o_q1_scimrefdiffimg.fits.fz,Chang,2,7.68315502015015e+17,1,18.0,768,20,466,1136.43994140625,1792.5799560546875,138.9864775,3.968363,20.52669906616211,0.28863200545310974,1.1970399618148804,19.87220001220703,0.23330000042915344,0.16613100469112396,19.118999481201172,0.02500000037252903,1.1990000009536743,0.02500000037252903,0.38135701417922974,-0.6544979810714722,1.252769947052002,0.8190000057220459,1136.43994140625,0.5706189870834351,2.0,0.5950000286102295,0.546999990940094,0.4749490022659302,0.43663400411605835,1.08774995803833,6.0,0.0,0.6214290261268616,0.9134780168533325,19.759199142456055,0.26840001344680786,138.9864385,3.9683355,5.89739,26.248699188232422,5.2975801736465655e-06,0.02256459929049015,0.10916099697351456,8.359699677384924e-06,t15_f5_c3,ZTF19aahvvtu
2458522.8186806,2,768318682015,20.47599983215332,/ztf/archive/sci/2019/0208/318681/ztf_20190208318681_000466_zr_c06_o_q1_scimrefdiffimg.fits.fz,Chang,2,7.68318682015015e+17,1,22.0,768,20,466,1136.6199951171875,1793.0799560546875,138.9864557,3.9683317,20.365299224853516,0.24151599407196045,1.0372200012207031,20.667499542236328,0.47540000081062317,0.05816100165247917,19.118999481201172,0.02500000037252903,1.1990000009536743,0.02500000037252903,0.028912000358104706,0.3022429943084717,2.759999990463257,0.9010000228881836,1136.6199951171875,-0.19148699939250946,0.8958489894866943,0.7269999980926514,0.6389999985694885,0.26340600848197937,0.23152199387550354,1.1377099752426147,5.0,0.0,0.88857102394104,0.9583020210266113,20.739099502563477,0.6489999890327454,138.9864385,3.9683355,7.1632,26.255300521850586,6.113600193202728e-06,0.024209100753068924,0.10444600135087967,9.65254002949223e-06,t15_f5_c3,ZTF19aahvvtu
2458522.8218287,2,768321822015,20.509000778198242,/ztf/archive/sci/2019/0208/321829/ztf_20190208321829_000466_zr_c06_o_q1_scimrefdiffimg.fits.fz,Chang,2,7.68321822015015e+17,1,23.0,768,20,466,1137.1300048828125,1793.010009765625,138.9864765,3.9683089,20.386899948120117,0.21106800436973572,0.7552109956741333,20.293500900268555,0.33309999108314514,0.16314299404621124,19.118999481201172,0.02500000037252903,1.1990000009536743,0.02500000037252903,0.22363300621509552,-0.09342300146818161,1.909999966621399,0.8159999847412109,1137.1300048828125,0.21553300321102142,1.271589994430542,0.7799999713897705,0.6759999990463257,0.4083769917488098,0.35392698645591736,1.1538499593734741,3.0,0.0,0.8871430158615112,0.8283060193061829,20.669099807739258,0.6004999876022339,138.9864385,3.9683355,7.25143,26.258899688720703,5.749419869971462e-06,0.02350820042192936,0.10523299872875214,9.068899998965207e-06,t15_f5_c3,ZTF19aahvvtu
2458522.8250116,2,768325012015,20.5216007232666,/ztf/archive/sci/2019/0208/325000/ztf_20190208325000_000466_zr_c06_o_q1_scimrefdiffimg.fits.fz,Chang,2,7.68325012015015e+17,1,25.0,768,20,466,1137.739990234375,1792.6099853515625,138.9864626,3.9683805,20.67620086669922,0.2669050097465515,1.0848900079727173,20.396799087524414,0.3637999892234802,0.18124599754810333,19.118999481201172,0.02500000037252903,1.1990000009536743,0.02500000037252903,0.12278799712657928,-0.27936699986457825,1.2065399885177612,0.7020000219345093,1137.739990234375,0.1248370036482811,2.0,0.6779999732971191,0.5720000267028809,0.5619369745254517,0.4740830063819885,1.1853200197219849,6.0,0.0,0.8871430158615112,0.9071930050849915,20.403400421142578,0.46779999136924744,138.9864385,3.9683355,5.88609,26.257200241088867,5.550789865083061e-06,0.02307949960231781,0.10398899763822556,8.752659596211743e-06,t15_f5_c3,ZTF19aahvvtu
2458522.828206,2,768328202015,20.420000076293945,/ztf/archive/sci/2019/0208/328206/ztf_20190208328206_000466_zr_c06_o_q1_scimrefdiffimg.fits.fz,Chang,2,,,,768,20,466,,,,,,,,,,,,,,,,,,,,,,,,,,,,,,,,,,,,26.253799438476562,5.478830189531436e-06,0.022898400202393532,0.10387399792671204,8.635939593659714e-06,t15_f5_c3,ZTF19aahvvtu
2458522.8314352,2,768331432015,20.430400848388672,/ztf/archive/sci/2019/0208/331424/ztf_20190208331424_000466_zr_c06_o_q1_scimrefdiffimg.fits.fz,Chang,2,7.68331432015015e+17,1,15.0,768,20,466,1138.9599609375,1792.739990234375,138.9864728,3.9683349,20.430500030517578,0.20654800534248352,0.7962480187416077,20.478200912475586,0.4074999988079071,0.11800099909305573,19.118999481201172,0.02500000037252903,1.1990000009536743,0.02500000037252903,0.24248699843883514,0.047680001705884933,2.0,0.7480000257492065,1138.9599609375,-0.04782500118017197,1.2628099918365479,0.6549999713897705,0.6050000190734863,0.32749998569488525,0.30250000953674316,1.0826499462127686,4.0,0.0,0.9100000262260437,1.0,20.314800262451172,0.4480000138282776,138.9864385,3.9683355,7.18995,26.250499725341797,5.76229012949625e-06,0.02356019988656044,0.10482300072908401,9.099489943764638e-06,t15_f5_c3,ZTF19aahvvtu
2458522.8346412,2,768334642015,20.291000366210938,/ztf/archive/sci/2019/0208/334641/ztf_20190208334641_000466_zr_c06_o_q1_scimrefdiffimg.fits.fz,Chang,2,7.68334642015015e+17,1,12.0,768,20,466,1141.02001953125,1792.199951171875,138.986417,3.968382,20.380599975585938,0.2348030060529709,0.8108590245246887,20.53190040588379,0.44440001249313354,0.1855590045452118,19.118999481201172,0.02500000037252903,1.1990000009536743,0.02500000037252903,-0.02542399987578392,0.1513260006904602,2.4800000190734863,0.656000018119812,1141.02001953125,-0.2408590018749237,1.1137499809265137,0.765999972820282,0.6299999952316284,0.30887100100517273,0.2540319859981537,1.2158700227737427,9.0,0.0,0.8600000143051147,0.866569995880127,20.587499618530273,0.5978000164031982,138.9864385,3.9683355,6.7679,26.25160026550293,5.5593800425413065e-06,0.023141000419855118,0.10504700243473053,8.781829819781706e-06,t15_f5_c3,ZTF19aahvvtu
2458522.8378588,2,768337852015,20.390199661254883,/ztf/archive/sci/2019/0208/337859/ztf_20190208337859_000466_zr_c06_o_q1_scimrefdiffimg.fits.fz,Chang,2,7.68337852015015e+17,1,18.0,768,20,466,1142.31005859375,1792.1199951171875,138.98644,3.9683436,20.45549964904785,0.24964800477027893,0.830124020576477,20.380399703979492,0.3781000077724457,0.03202199935913086,19.118999481201172,0.02500000037252903,1.1990000009536743,0.02500000037252903,0.011939000338315964,-0.07506199926137924,3.180000066757202,0.6610000133514404,1142.31005859375,0.009758999571204185,0.8113340139389038,0.8140000104904175,0.699999988079071,0.25597500801086426,0.22012600302696228,1.1628600358963013,7.0,0.0,0.8428570032119751,0.9210479855537415,20.345699310302734,0.46799999475479126,138.9864385,3.9683355,6.312,26.25550079345703,5.103439889353467e-06,0.022178199142217636,0.10200099647045135,8.124769919959363e-06,t15_f5_c3,ZTF19aahvvtu
2458522.8410764,2,768341072015,20.510799407958984,/ztf/archive/sci/2019/0208/341065/ztf_20190208341065_000466_zr_c06_o_q1_scimrefdiffimg.fits.fz,Chang,2,,,,768,20,466,,,,,,,,,,,,,,,,,,,,,,,,,,,,,,,,,,,,26.247699737548828,5.253280050965259e-06,0.022439900785684586,0.1071769967675209,8.365669600607362e-06,t15_f5_c3,ZTF19aahvvtu
2458522.8442824,2,768344282015,20.523799896240234,/ztf/archive/sci/2019/0208/344271/ztf_20190208344271_000466_zr_c06_o_q1_scimrefdiffimg.fits.fz,Chang,2,,,,768,20,466,,,,,,,,,,,,,,,,,,,,,,,,,,,,,,,,,,,,26.248899459838867,5.8564100982039236e-06,0.023824000731110573,0.10838499665260315,9.313150258094538e-06,t15_f5_c3,ZTF19aahvvtu
2458522.8474884,2,768347482015,20.485700607299805,/ztf/archive/sci/2019/0208/347488/ztf_20190208347488_000466_zr_c06_o_q1_scimrefdiffimg.fits.fz,Chang,2,7.68347482015015e+17,1,14.0,768,20,466,1141.719970703125,1791.989990234375,138.9864494,3.968341,20.36520004272461,0.2076909989118576,1.0127899646759033,20.174999237060547,0.3041999936103821,0.036545999348163605,19.118999481201172,0.02500000037252903,1.1990000009536743,0.02500000037252903,0.07136999815702438,-0.19015300273895264,1.9800000190734863,0.9449999928474426,1141.719970703125,0.31074199080467224,1.2305699586868286,0.824999988079071,0.7490000128746033,0.41666701436042786,0.37828299403190613,1.1014699935913086,4.0,0.0,0.9071429967880249,0.9662389755249023,20.199199676513672,0.3971000015735626,138.9864385,3.9683355,7.44161,26.25119972229004,5.293749836710049e-06,0.022536400705575943,0.10654199868440628,8.38642972667003e-06,t15_f5_c3,ZTF19aahvvtu
2458522.8506944,2,768350692015,20.403099060058594,/ztf/archive/sci/2019/0208/350683/ztf_20190208350683_000466_zr_c06_o_q1_scimrefdiffimg.fits.fz,Chang,2,7.68350692015015e+17,1,17.0,768,20,466,1141.969970703125,1791.9300537109375,138.9863603,3.9683442,20.677600860595703,0.27760499715805054,1.103309988975525,20.66200065612793,0.48969998955726624,0.27992600202560425,19.118999481201172,0.02500000037252903,1.1990000009536743,0.02500000037252903,0.16751299798488617,-0.015557000413537025,1.2740099430084229,0.8460000157356262,1141.969970703125,-0.2589389979839325,2.0,0.625,0.42500001192092896,0.49057701230049133,0.3335919976234436,1.4705899953842163,8.0,0.0,0.754285991191864,0.808426022529602,20.553499221801758,0.5666000247001648,138.9864385,3.9683355,5.97166,26.24959945678711,5.415439773059916e-06,0.022823400795459747,0.1064390018582344,8.571500075049698e-06,t15_f5_c3,ZTF19aahvvtu
2458522.8539005,2,768353902015,20.326000213623047,/ztf/archive/sci/2019/0208/353889/ztf_20190208353889_000466_zr_c06_o_q1_scimrefdiffimg.fits.fz,Chang,2,7.68353902015015e+17,1,14.0,768,20,466,1142.050048828125,1792.3199462890625,138.9864714,3.9683986,20.391199111938477,0.21542300283908844,0.84580397605896,20.04439926147461,0.28839999437332153,0.2515299916267395,19.118999481201172,0.02500000037252903,1.1990000009536743,0.02500000037252903,-0.048937998712062836,-0.34676700830459595,1.6799999475479126,0.753000020980835,1142.050048828125,0.28164899349212646,1.5674699544906616,0.75,0.6819999814033508,0.4464290142059326,0.40595200657844543,1.0997099876403809,8.0,0.0,0.8642860054969788,0.831902027130127,20.487899780273438,0.5539000034332275,138.9864385,3.9683355,6.62939,26.24720001220703,5.969429821561789e-06,0.023918399587273598,0.1057170033454895,9.463010428589769e-06,t15_f5_c3,ZTF19aahvvtu
2458522.8570949,2,768357092015,20.34160041809082,/ztf/archive/sci/2019/0208/357083/ztf_20190208357083_000466_zr_c06_o_q1_scimrefdiffimg.fits.fz,Chang,2,7.68357092015015e+17,1,13.0,768,20,466,1144.06005859375,1792.6099853515625,138.9865356,3.9683294,20.39859962463379,0.2488269954919815,1.1882200241088867,21.073400497436523,0.7373999953269958,0.33913201093673706,19.118999481201172,0.02500000037252903,1.1990000009536743,0.02500000037252903,-0.09592500329017639,0.6747499704360962,1.3070399761199951,0.5759999752044678,1144.06005859375,-0.7318210005760193,2.0,0.734000027179718,0.621999979019165,0.5615730285644531,0.47588300704956055,1.1800600290298462,6.0,0.0,0.8242859840393066,1.0,20.792400360107422,0.7283999919891357,138.9864385,3.9683355,6.14117,26.247699737548828,5.372270152292913e-06,0.022750599309802055,0.10708999633789062,8.545889613742474e-06,t15_f5_c3,ZTF19aahvvtu
2458522.8602894,2,768360282015,20.256500244140625,/ztf/archive/sci/2019/0208/360289/ztf_20190208360289_000466_zr_c06_o_q1_scimrefdiffimg.fits.fz,Chang,2,7.68360282015015e+17,1,11.0,768,20,466,1145.2900390625,1792.5899658203125,138.9863859,3.9683391,20.5132999420166,0.23275800049304962,1.054479956626892,20.37299919128418,0.3962000012397766,0.19178399443626404,19.118999481201172,0.02500000037252903,1.1990000009536743,0.02500000037252903,-0.012010999955236912,-0.14027999341487885,2.5399999618530273,0.6179999709129333,1145.2900390625,-0.11647199839353561,1.0883400440216064,0.7639999985694885,0.7120000123977661,0.3007870018482208,0.28031501173973083,1.0730299949645996,4.0,0.0,0.8657140135765076,1.0,20.435800552368164,0.5364999771118164,138.9864385,3.9683355,5.72778,26.248300552368164,4.957829787599621e-06,0.02182699926197529,0.10482800006866455,7.880539669713471e-06,t15_f5_c3,ZTF19aahvvtu
2458522.8634838,2,768363482015,20.37929916381836,/ztf/archive/sci/2019/0208/363472/ztf_20190208363472_000466_zr_c06_o_q1_scimrefdiffimg.fits.fz,Chang,2,7.68363482015015e+17,1,19.0,768,20,466,1145.0,1792.780029296875,138.9863993,3.9682898,20.516000747680664,0.27359798550605774,1.1019699573516846,20.563499450683594,0.4542999863624573,0.22176499664783478,19.118999481201172,0.02500000037252903,1.1990000009536743,0.02500000037252903,0.14918400347232819,0.047547999769449234,1.2814199924468994,0.9300000071525574,1145.0,-0.18423399329185486,2.0,0.656000018119812,0.5389999747276306,0.511929988861084,0.4206260144710541,1.2170699834823608,8.0,0.0,0.9028570055961609,0.8169370293617249,20.850099563598633,0.7562000155448914,138.9864385,3.9683355,6.9309,26.25,5.643490112561267e-06,0.023194599896669388,0.10367800295352936,8.956229976320174e-06,t15_f5_c3,ZTF19aahvvtu
2458522.8666667,2,768366662015,20.411100387573242,/ztf/archive/sci/2019/0208/366667/ztf_20190208366667_000466_zr_c06_o_q1_scimrefdiffimg.fits.fz,Chang,2,7.68366662015015e+17,1,20.0,768,20,466,1145.0,1792.469970703125,138.9864966,3.9683257,20.344999313354492,0.21248500049114227,1.0248299837112427,20.777999877929688,0.5601000189781189,0.2071159929037094,19.118999481201172,0.02500000037252903,1.1990000009536743,0.02500000037252903,-0.011528999544680119,0.4329710006713867,1.9299999475479126,0.9049999713897705,1145.0,-0.36691299080848694,1.2744799852371216,0.6980000138282776,0.6800000071525574,0.3616580069065094,0.3523319959640503,1.0264699459075928,4.0,0.0,0.8857139945030212,0.938992977142334,20.10890007019043,0.3874000012874603,138.9864385,3.9683355,6.98044,26.243999481201172,5.2341401897137985e-06,0.022374799475073814,0.10599199682474136,8.353220437129494e-06,t15_f5_c3,ZTF19aahvvtu
2458523.724213,2,769224212015,20.451400756835938,/ztf/archive/sci/2019/0209/224201/ztf_20190209224201_000466_zr_c06_o_q1_scimrefdiffimg.fits.fz,Kulkarni,1,,,,769,20,466,,,,,,,,,,,,,,,,,,,,,,,,,,,,,,,,,,,,26.184099197387695,5.588489784713602e-06,0.023100700229406357,0.10805200040340424,8.746919775148854e-06,t15_f5_c3,ZTF19aahvvtu
2458526.7094792,2,772209472015,19.744600296020508,/ztf/archive/sci/2019/0212/209468/ztf_20190212209468_000466_zr_c06_o_q1_scimrefdiffimg.fits.fz,Kulkarni,1,,,,772,20,466,,,,,,,,,,,,,,,,,,,,,,,,,,,,,,,,,,,,26.00510025024414,8.185949809558224e-06,0.028029900044202805,0.11619599908590317,1.2800400327250827e-05,t15_f5_c3,ZTF19aahvvtu
2458526.9162153,1,772416212015,19.14739990234375,/ztf/archive/sci/2019/0212/416215/ztf_20190212416215_000466_zg_c06_o_q1_scimrefdiffimg.fits.fz,Kulkarni,1,,,,772,20,466,,,,,,,,,,,,,,,,,,,,,,,,,,,,,,,,,,,,25.5846004486084,4.177939990768209e-05,0.04783780127763748,-0.040991298854351044,9.544460044708103e-05,t15_f5_c3,ZTF19aahvvtu
2458534.7727199,1,780272712015,18.420799255371094,/ztf/archive/sci/2019/0220/272720/ztf_20190220272720_000466_zg_c06_o_q1_scimrefdiffimg.fits.fz,Kulkarni,1,,,,780,20,466,,,,,,,,,,,,,,,,,,,,,,,,,,,,,,,,,,,,26.219499588012695,5.774500095867552e-05,0.039246998727321625,0.004283050075173378,0.00015900499420240521,t15_f5_c3,ZTF19aahvvtu
2458534.8552431,2,780355242015,18.701099395751953,/ztf/archive/sci/2019/0220/354653/ztf_20190220354653_000466_zr_c06_o_q1_scimrefdiffimg.fits.fz,Kulkarni,1,,,,780,20,466,,,,,,,,,,,,,,,,,,,,,,,,,,,,,,,,,,,,26.212900161743164,2.1846599338459782e-05,0.040560200810432434,0.13949799537658691,3.6266901588533074e-05,t15_f5_c3,ZTF19aahvvtu
2458538.7310995,2,784231092015,16.598600387573242,/ztf/archive/sci/2019/0224/231088/ztf_20190224231088_000466_zr_c06_o_q1_scimrefdiffimg.fits.fz,Kulkarni,1,,,,784,20,466,,,,,,,,,,,,,,,,,,,,,,,,,,,,,,,,,,,,23.297800064086914,0.0003154620062559843,0.06166290119290352,0.13414999842643738,0.0007211440242826939,t15_f5_c3,ZTF19aahvvtu
2458538.7736111,1,784273612015,19.080699920654297,/ztf/archive/sci/2019/0224/273600/ztf_20190224273600_000466_zg_c06_o_q1_scimrefdiffimg.fits.fz,Kulkarni,1,,,,784,20,466,,,,,,,,,,,,,,,,,,,,,,,,,,,,,,,,,,,,25.140199661254883,3.0192699341569096e-05,0.043927498161792755,-0.007073699962347746,6.439450226025656e-05,t15_f5_c3,ZTF19aahvvtu
2458541.753044,1,787253042015,19.808799743652344,/ztf/archive/sci/2019/0227/253032/ztf_20190227253032_000466_zg_c06_o_q1_scimrefdiffimg.fits.fz,Kulkarni,1,7.87253042015015e+17,t,5.0,787,20,466,1145.3199462890625,1757.949951171875,138.9862653,3.9681864,20.31209945678711,0.3955470025539398,0.8760870099067688,19.92340087890625,0.27630001306533813,0.8662689924240112,19.219999313354492,0.014999999664723873,0.43299999833106995,0.017999999225139618,-0.11458099633455276,-0.3886690139770508,1.9827899932861328,0.35100001096725464,1145.3199462890625,-0.11461800336837769,2.0,1.3029999732971191,1.1610000133514404,0.6571559906005859,0.5855389833450317,1.1223100423812866,2.0,0.0,0.4971430003643036,1.0,20.22170066833496,0.4641000032424927,138.9864484,3.9683485,5.09298,26.015100479125977,1.7398000636603683e-05,0.03737280145287514,-0.015851899981498718,3.433460005908273e-05,t15_f5_c3,ZTF19aahvvtu
2458541.7916898,2,787291682015,18.92799949645996,/ztf/archive/sci/2019/0227/291678/ztf_20190227291678_000466_zr_c06_o_q1_scimrefdiffimg.fits.fz,Kulkarni,1,,,,787,20,466,,,,,,,,,,,,,,,,,,,,,,,,,,,,,,,,,,,,25.193599700927734,5.200710074859671e-05,0.06907650083303452,0.12758900225162506,8.305950177600607e-05,t15_f5_c3,ZTF19aahvvtu
2458547.6930903,2,793193092015,20.442699432373047,/ztf/archive/sci/2019/0305/193090/ztf_20190305193090_000466_zr_c06_o_q1_scimrefdiffimg.fits.fz,Kulkarni,1,7.93193092015015e+17,t,28.0,793,20,466,1146.9000244140625,1766.22998046875,138.9864399,3.9683676,20.254899978637695,0.2029840052127838,1.131790041923523,19.965299606323242,0.26460000872612,0.10708300024271011,19.118999481201172,0.02500000037252903,1.1990000009536743,0.02500000037252903,-0.0009340000106021762,-0.2896139919757843,2.2799999713897705,0.9509999752044678,1146.9000244140625,0.47740599513053894,1.0537699460983276,0.8939999938011169,0.7369999885559082,0.39210501313209534,0.3232460021972656,1.2130299806594849,5.0,0.0,0.802856981754303,1.0,19.5403995513916,0.2290000021457672,138.9864385,3.9683355,7.56386,26.228900909423828,4.994300070393365e-06,0.021886000409722328,0.11089800298213959,7.949390237627085e-06,t15_f5_c3,ZTF19aahvvtu
2458556.7076042,2,802207602015,19.817899703979492,/ztf/archive/sci/2019/0314/207569/ztf_20190314207569_000466_zr_c06_o_q1_scimrefdiffimg.fits.fz,Kulkarni,1,8.02207602015025e+17,t,8.0,802,20,466,1142.5899658203125,1755.8299560546875,138.9865212,3.9682149,19.98509979248047,0.29216599464416504,0.7907379865646362,20.006099700927734,0.3441999852657318,0.523294985294342,19.118999481201172,0.02500000037252903,1.1990000009536743,0.02500000037252903,-0.3826729953289032,0.021035000681877136,3.430000066757202,0.5709999799728394,1142.5899658203125,-0.18820199370384216,0.9862599968910217,1.1449999809265137,0.8870000243186951,0.3338190019130707,0.25860100984573364,1.290869951248169,3.0,0.0,0.6228569746017456,1.0,20.026399612426758,0.4487999975681305,138.9864385,3.9683355,6.28675,26.219100952148438,1.2447600056475494e-05,0.034228600561618805,0.115665003657341,1.969820004887879e-05,t15_f5_c3,ZTF19aahvvtu
2458556.7689815,1,802268982015,19.942699432373047,/ztf/archive/sci/2019/0314/268970/ztf_20190314268970_000466_zg_c06_o_q1_scimrefdiffimg.fits.fz,Kulkarni,1,8.02268982015025e+17,t,4.0,802,20,466,1156.3499755859375,1766.22998046875,138.9864533,3.9681843,20.092199325561523,0.2378319948911667,0.8337330222129822,19.94409942626953,0.31439998745918274,0.5932790040969849,19.219999313354492,0.014999999664723873,0.43299999833106995,0.017999999225139618,-0.2119150012731552,-0.14805200695991516,1.5623600482940674,0.6029999852180481,1156.3499755859375,-0.0013559999642893672,2.0,1.2940000295639038,1.1710000038146973,0.8282340168952942,0.7495070099830627,1.1050399541854858,2.0,0.0,0.6285709738731384,1.0,19.941299438476562,0.40119999647140503,138.9864484,3.9683485,6.18732,26.208200454711914,1.716559927444905e-05,0.03874040022492409,-0.020937800407409668,3.1686300644651055e-05,t15_f5_c3,ZTF19aahvvtu
2458562.624919,2,808124912015,18.176599502563477,/ztf/archive/sci/2019/0320/124352/ztf_20190320124352_000466_zr_c06_o_q1_scimrefdiffimg.fits.fz,Kulkarni,1,,,,808,20,466,,,,,,,,,,,,,,,,,,,,,,,,,,,,,,,,,,,,25.96739959716797,0.00017136099631898105,0.0874871015548706,0.12182900309562683,0.0003293839981779456,t15_f5_c3,ZTF19aahvvtu
2458562.7095023,1,808209502015,18.912599563598633,/ztf/archive/sci/2019/0320/209132/ztf_20190320209132_000466_zg_c06_o_q1_scimrefdiffimg.fits.fz,Kulkarni,1,,,,808,20,466,,,,,,,,,,,,,,,,,,,,,,,,,,,,,,,,,,,,26.182100296020508,2.6689900550991297e-05,0.03824229910969734,-0.06625989824533463,6.17339028394781e-05,t15_f5_c3,ZTF19aahvvtu
2458567.6896412,1,813189642015,19.92690086364746,/ztf/archive/sci/2019/0325/189641/ztf_20190325189641_000466_zg_c06_o_q1_scimrefdiffimg.fits.fz,Kulkarni,1,8.13189642015015e+17,t,3.0,813,20,466,1145.97998046875,1764.280029296875,138.9866043,3.9684342,20.079200744628906,0.35017499327659607,1.0895400047302246,20.384700775146484,0.35339999198913574,0.6320639848709106,19.219999313354492,0.014999999664723873,0.43299999833106995,0.017999999225139618,-0.14595499634742737,0.30551600456237793,3.2200000286102295,0.3709999918937683,1145.97998046875,-0.45781001448631287,1.321720004081726,1.0740000009536743,0.9319999814033508,0.3335399925708771,0.28944098949432373,1.152359962463379,5.0,0.0,0.5557140111923218,1.0,20.279499053955078,0.4099999964237213,138.9864484,3.9683485,5.56073,26.15719985961914,2.1179399482207373e-05,0.040909700095653534,-0.01435760036110878,4.2602601752150804e-05,t15_f5_c3,ZTF19aahvvtu
2458567.7104167,2,813210412015,20.157400131225586,/ztf/archive/sci/2019/0325/210405/ztf_20190325210405_000466_zr_c06_o_q1_scimrefdiffimg.fits.fz,Kulkarni,1,8.13210412015015e+17,t,7.0,813,20,466,1163.7099609375,1744.719970703125,138.9863387,3.9682701,20.231599807739258,0.23825499415397644,1.292739987373352,20.082300186157227,0.3206999897956848,0.42432400584220886,19.118999481201172,0.02500000037252903,1.1990000009536743,0.02500000037252903,-0.07146599888801575,-0.14927400648593903,1.8799999952316284,0.6230000257492065,1163.7099609375,0.07513900101184845,1.5229500532150269,1.0440000295639038,0.9210000038146973,0.5553190112113953,0.48989400267601013,1.1335500478744507,5.0,0.0,0.7671430110931396,0.9881229996681213,20.044700622558594,0.39590001106262207,138.9864385,3.9683355,6.68174,26.191600799560547,7.207960152300075e-06,0.02599879913032055,0.12369599938392639,1.1376399925211444e-05,t15_f5_c3,ZTF19aahvvtu
2458569.6854745,1,815185472015,19.95680046081543,/ztf/archive/sci/2019/0327/185475/ztf_20190327185475_000466_zg_c06_o_q1_scimrefdiffimg.fits.fz,Kulkarni,2,,,,815,20,466,,,,,,,,,,,,,,,,,,,,,,,,,,,,,,,,,,,,27.081499099731445,9.876560397970024e-06,0.029630400240421295,-0.09096050262451172,1.777520083123818e-05,t15_f5_c3,ZTF19aahvvtu
2458569.7786458,2,815278642015,19.656200408935547,/ztf/archive/sci/2019/0327/278646/ztf_20190327278646_000466_zr_c06_o_q1_scimrefdiffimg.fits.fz,Kulkarni,2,,,,815,20,466,,,,,,,,,,,,,,,,,,,,,,,,,,,,,,,,,,,,27.250200271606445,1.916210021590814e-05,0.04287070035934448,0.11316999793052673,3.0659899493912235e-05,t15_f5_c3,ZTF19aahvvtu
2458770.9973264,2,1016497322015,19.252899169921875,/ztf/archive/sci/2019/1014/497326/ztf_20191014497326_000466_zr_c06_o_q1_scimrefdiffimg.fits.fz,Kulkarni,1,,,,1016,20,466,,,,,,,,,,,,,,,,,,,,,,,,,,,,,,,,,,,,26.08839988708496,1.2511000022641383e-05,0.034492600709199905,0.116457998752594,2.027809932769742e-05,t17_f5_c3,ZTF19aahvvtu
2458776.0184606,1,1021518462015,19.678600311279297,/ztf/archive/sci/2019/1019/518461/ztf_20191019518461_000466_zg_c06_o_q1_scimrefdiffimg.fits.fz,Kulkarni,1,1.021518462015015e+18,t,2.0,1021,20,466,1214.3800048828125,1668.239990234375,138.9864709,3.9683933,20.055599212646484,0.3658120036125183,1.280400037765503,20.33489990234375,0.7113000154495239,0.17993299663066864,19.219999313354492,0.014999999664723873,0.43299999833106995,0.017999999225139618,-0.24065299332141876,0.27926701307296753,2.5399999618530273,0.9900000095367432,1214.3800048828125,-0.6562719941139221,0.9854360222816467,0.5820000171661377,0.5059999823570251,0.2291339933872223,0.19921299815177917,1.1502000093460083,9.0,0.0,0.8857139945030212,0.6866269707679749,19.95170021057129,0.6413999795913696,138.9864484,3.9683485,5.84234,26.112600326538086,1.3965600373921916e-05,0.03452970087528229,-0.058550599962472916,2.6501700631342828e-05,t17_f5_c3,ZTF19aahvvtu
2458781.9634606,1,1027463462015,19.185699462890625,/ztf/archive/sci/2019/1025/463461/ztf_20191025463461_000466_zg_c06_o_q1_scimrefdiffimg.fits.fz,Kulkarni,1,,,,1027,20,466,,,,,,,,,,,,,,,,,,,,,,,,,,,,,,,,,,,,25.997600555419922,7.347240170929581e-05,0.052876800298690796,-0.024622799828648567,0.0001933799940161407,t17_f5_c3,ZTF19aahvvtu
2458784.9982407,1,1030498242015,19.324600219726562,/ztf/archive/sci/2019/1028/498241/ztf_20191028498241_000466_zg_c06_o_q1_scimrefdiffimg.fits.fz,Kulkarni,1,,,,1030,20,466,,,,,,,,,,,,,,,,,,,,,,,,,,,,,,,,,,,,26.091699600219727,4.509740028879605e-05,0.04401950165629387,-0.04478200152516365,0.00011270499817328528,t17_f5_c3,ZTF19aahvvtu
2458785.0390394,2,1030539032015,19.202800750732422,/ztf/archive/sci/2019/1028/539039/ztf_20191028539039_000466_zr_c06_o_q1_scimrefdiffimg.fits.fz,Kulkarni,1,,,,1030,20,466,,,,,,,,,,,,,,,,,,,,,,,,,,,,,,,,,,,,26.163000106811523,2.2661199182039127e-05,0.04325919970870018,0.09743279963731766,3.794780059251934e-05,t17_f5_c3,ZTF19aahvvtu
2458789.0207639,1,1034520762015,20.437000274658203,/ztf/archive/sci/2019/1101/520752/ztf_20191101520752_000466_zg_c06_o_q1_scimrefdiffimg.fits.fz,Kulkarni,1,1.034520762015015e+18,t,9.0,1034,20,466,1191.43994140625,1685.6600341796875,138.9861023,3.9683791,20.56049919128418,0.2915230095386505,0.8346390128135681,20.635799407958984,0.46380001306533813,1.2337499856948853,19.219999313354492,0.014999999664723873,0.43299999833106995,0.017999999225139618,0.029261000454425812,0.07530999928712845,1.2764899730682373,0.5920000076293945,1191.43994140625,-0.1988140046596527,2.0,0.6880000233650208,0.6029999852180481,0.5389789938926697,0.47238999605178833,1.1409599781036377,7.0,0.0,0.807142972946167,0.9664549827575684,21.100799560546875,0.9089999794960022,138.9864484,3.9683485,6.01175,26.14349937438965,3.4168500860687345e-05,0.05669179931282997,-0.12831400334835052,5.745089947595261e-05,t17_f5_c3,ZTF19aahvvtu
2458789.0270486,2,1034527042015,20.025800704956055,/ztf/archive/sci/2019/1101/527037/ztf_20191101527037_000466_zr_c06_o_q1_scimrefdiffimg.fits.fz,Kulkarni,1,1.034527042015015e+18,t,3.0,1034,20,466,1196.56005859375,1691.449951171875,138.9864502,3.9682799,20.238300323486328,0.3072049915790558,1.1520299911499023,19.991300582885742,0.3743000030517578,0.201774001121521,19.118999481201172,0.02500000037252903,1.1990000009536743,0.02500000037252903,-0.22582800686359406,-0.24700500071048737,2.5399999618530273,0.8360000252723694,1196.56005859375,0.03450499847531319,0.997285008430481,1.1050000190734863,0.8629999756813049,0.4350390136241913,0.3397639989852905,1.280419945716858,6.0,0.0,0.8528569936752319,0.8780220150947571,20.241899490356445,0.6032999753952026,138.9864385,3.9683355,5.44067,26.15730094909668,8.633809557068162e-06,0.028883399441838264,0.1103150025010109,1.396510015183594e-05,t17_f5_c3,ZTF19aahvvtu
2458792.0016782,2,1037501672015,20.21980094909668,/ztf/archive/sci/2019/1104/501609/ztf_20191104501609_000466_zr_c06_o_q1_scimrefdiffimg.fits.fz,Kulkarni,1,1.037501672015015e+18,t,10.0,1037,20,466,1196.3699951171875,1698.4100341796875,138.9862824,3.9683087,20.187000274658203,0.2568190097808838,1.642799973487854,19.99850082397461,0.3531000018119812,0.5688940286636353,19.118999481201172,0.02500000037252903,1.1990000009536743,0.02500000037252903,0.7052819728851318,-0.18845400214195251,1.1322799921035767,0.8669999837875366,1196.3699951171875,0.2212650030851364,2.0,0.7680000066757202,0.7039999961853027,0.6782770156860352,0.621753990650177,1.0909099578857422,3.0,0.0,0.8600000143051147,1.0,20.307899475097656,0.6007000207901001,138.9864385,3.9683355,6.10675,26.163000106811523,6.794709861424053e-06,0.025629499927163124,0.1007779985666275,1.098649954656139e-05,t17_f5_c3,ZTF19aahvvtu
2458792.0266667,1,1037526662015,20.363100051879883,/ztf/archive/sci/2019/1104/526667/ztf_20191104526667_000466_zg_c06_o_q1_scimrefdiffimg.fits.fz,Kulkarni,1,1.037526662015015e+18,t,10.0,1037,20,466,1201.530029296875,1697.300048828125,138.9860631,3.9683839,20.467199325561523,0.28346699476242065,0.996874988079071,20.232200622558594,0.29750001430511475,1.3721200227737427,19.219999313354492,0.014999999664723873,0.43299999833106995,0.017999999225139618,0.015068000182509422,-0.23497000336647034,1.7899999618530273,0.5329999923706055,1201.530029296875,0.13093599677085876,1.646880030632019,0.9789999723434448,0.6510000228881836,0.5469269752502441,0.36368700861930847,1.5038399696350098,3.0,0.0,0.5942860245704651,0.9966319799423218,20.172000885009766,0.35920000076293945,138.9864484,3.9683485,6.34124,26.189199447631836,2.8426300559658557e-05,0.05188319832086563,-0.17689000070095062,4.724420068669133e-05,t17_f5_c3,ZTF19aahvvtu
2458795.0476736,1,1040547672015,20.170700073242188,/ztf/archive/sci/2019/1107/547674/ztf_20191107547674_000466_zg_c06_o_q1_scimrefdiffimg.fits.fz,Kulkarni,1,1.040547672015015e+18,t,8.0,1040,20,466,1211.6199951171875,1682.969970703125,138.9863788,3.9683706,20.170799255371094,0.22544200718402863,0.7606880068778992,20.480600357055664,0.5151000022888184,0.25726398825645447,19.219999313354492,0.014999999664723873,0.43299999833106995,0.017999999225139618,-0.010354000143706799,0.3098370134830475,2.299999952316284,0.8209999799728394,1211.6199951171875,-0.30987000465393066,1.0980900526046753,0.6340000033378601,0.6119999885559082,0.2756519913673401,0.26608699560165405,1.035949945449829,10.0,0.0,0.9214289784431458,0.7969080209732056,20.103599548339844,0.4666000008583069,138.9864484,3.9683485,7.91242,26.177799224853516,1.5096599781827535e-05,0.0375186987221241,-0.11289600282907486,2.567060073488392e-05,t17_f5_c3,ZTF19aahvvtu
2458797.9388889,2,1043438882015,19.47559928894043,/ztf/archive/sci/2019/1110/438275/ztf_20191110438275_000466_zr_c06_o_q1_scimrefdiffimg.fits.fz,Kulkarni,2,,,,1043,20,466,,,,,,,,,,,,,,,,,,,,,,,,,,,,,,,,,,,,26.1028995513916,1.0128899702976923e-05,0.031018000096082687,0.11008500307798386,1.6424499335698783e-05,t17_f5_c3,ZTF19aahvvtu
2458797.9393403,2,1043439342015,19.500999450683594,/ztf/archive/sci/2019/1110/439340/ztf_20191110439340_000466_zr_c06_o_q1_scimrefdiffimg.fits.fz,Kulkarni,2,,,,1043,20,466,,,,,,,,,,,,,,,,,,,,,,,,,,,,,,,,,,,,26.0851993560791,1.1244100278418045e-05,0.032860901206731796,0.12101999670267105,1.8269500287715346e-05,t17_f5_c3,ZTF19aahvvtu
2458797.9397917,2,1043439792015,19.496999740600586,/ztf/archive/sci/2019/1110/439792/ztf_20191110439792_000466_zr_c06_o_q1_scimrefdiffimg.fits.fz,Kulkarni,2,,,,1043,20,466,,,,,,,,,,,,,,,,,,,,,,,,,,,,,,,,,,,,26.097700119018555,1.0377199942013249e-05,0.031514398753643036,0.11893700063228607,1.686930045252666e-05,t17_f5_c3,ZTF19aahvvtu
2458797.9402431,2,1043440242015,19.608800888061523,/ztf/archive/sci/2019/1110/440243/ztf_20191110440243_000466_zr_c06_o_q1_scimrefdiffimg.fits.fz,Kulkarni,2,,,,1043,20,466,,,,,,,,,,,,,,,,,,,,,,,,,,,,,,,,,,,,26.096599578857422,9.170999874186236e-06,0.029689399525523186,0.1165279969573021,1.4908499906596262e-05,t17_f5_c3,ZTF19aahvvtu
2458797.9406944,2,1043440692015,19.53070068359375,/ztf/archive/sci/2019/1110/440694/ztf_20191110440694_000466_zr_c06_o_q1_scimrefdiffimg.fits.fz,Kulkarni,2,,,,1043,20,466,,,,,,,,,,,,,,,,,,,,,,,,,,,,,,,,,,,,26.099700927734375,9.516979844192974e-06,0.030215300619602203,0.11695799976587296,1.5469000572920777e-05,t17_f5_c3,ZTF19aahvvtu
2458797.9411458,2,1043441142015,19.59440040588379,/ztf/archive/sci/2019/1110/441146/ztf_20191110441146_000466_zr_c06_o_q1_scimrefdiffimg.fits.fz,Kulkarni,2,,,,1043,20,466,,,,,,,,,,,,,,,,,,,,,,,,,,,,,,,,,,,,26.108600616455078,9.504010449745692e-06,0.030096599832177162,0.11142700165510178,1.5418299881275743e-05,t17_f5_c3,ZTF19aahvvtu
2458797.9415972,2,1043441592015,19.485200881958008,/ztf/archive/sci/2019/1110/441597/ztf_20191110441597_000466_zr_c06_o_q1_scimrefdiffimg.fits.fz,Kulkarni,2,,,,1043,20,466,,,,,,,,,,,,,,,,,,,,,,,,,,,,,,,,,,,,26.089000701904297,1.0040799679700285e-05,0.030973199754953384,0.11967899650335312,1.624389915377833e-05,t17_f5_c3,ZTF19aahvvtu
2458797.9420486,2,1043442042015,19.55069923400879,/ztf/archive/sci/2019/1110/442049/ztf_20191110442049_000466_zr_c06_o_q1_scimrefdiffimg.fits.fz,Kulkarni,2,,,,1043,20,466,,,,,,,,,,,,,,,,,,,,,,,,,,,,,,,,,,,,26.10770034790039,9.092859727388714e-06,0.02944830060005188,0.11497200280427933,1.4755300071556121e-05,t17_f5_c3,ZTF19aahvvtu
2458797.9425,2,1043442492015,19.5226993560791,/ztf/archive/sci/2019/1110/442500/ztf_20191110442500_000466_zr_c06_o_q1_scimrefdiffimg.fits.fz,Kulkarni,2,,,,1043,20,466,,,,,,,,,,,,,,,,,,,,,,,,,,,,,,,,,,,,26.111099243164062,1.0531100087973755e-05,0.03173289820551872,0.1144770011305809,1.7078500604839064e-05,t17_f5_c3,ZTF19aahvvtu
2458797.9429514,2,1043442952015,19.550199508666992,/ztf/archive/sci/2019/1110/442951/ztf_20191110442951_000466_zr_c06_o_q1_scimrefdiffimg.fits.fz,Kulkarni,2,,,,1043,20,466,,,,,,,,,,,,,,,,,,,,,,,,,,,,,,,,,,,,26.109600067138672,8.44823989609722e-06,0.028399299830198288,0.11650100350379944,1.3743599993176758e-05,t17_f5_c3,ZTF19aahvvtu
2458797.9434028,2,1043443402015,19.48259925842285,/ztf/archive/sci/2019/1110/443403/ztf_20191110443403_000466_zr_c06_o_q1_scimrefdiffimg.fits.fz,Kulkarni,2,,,,1043,20,466,,,,,,,,,,,,,,,,,,,,,,,,,,,,,,,,,,,,26.11639976501465,9.728510121931322e-06,0.03055799938738346,0.10192699730396271,1.5823699868633412e-05,t17_f5_c3,ZTF19aahvvtu
2458797.9438542,2,1043443852015,19.519699096679688,/ztf/archive/sci/2019/1110/443854/ztf_20191110443854_000466_zr_c06_o_q1_scimrefdiffimg.fits.fz,Kulkarni,2,,,,1043,20,466,,,,,,,,,,,,,,,,,,,,,,,,,,,,,,,,,,,,26.11750030517578,9.825839697441552e-06,0.030654799193143845,0.10214199870824814,1.595130015630275e-05,t17_f5_c3,ZTF19aahvvtu
2458797.9443056,2,1043444302015,19.55579948425293,/ztf/archive/sci/2019/1110/444306/ztf_20191110444306_000466_zr_c06_o_q1_scimrefdiffimg.fits.fz,Kulkarni,2,,,,1043,20,466,,,,,,,,,,,,,,,,,,,,,,,,,,,,,,,,,,,,26.118000030517578,1.0020999980042689e-05,0.03095809929072857,0.11276999861001968,1.6299900380545296e-05,t17_f5_c3,ZTF19aahvvtu
2458797.9447569,2,1043444752015,19.568899154663086,/ztf/archive/sci/2019/1110/444757/ztf_20191110444757_000466_zr_c06_o_q1_scimrefdiffimg.fits.fz,Kulkarni,2,,,,1043,20,466,,,,,,,,,,,,,,,,,,,,,,,,,,,,,,,,,,,,26.111299514770508,9.106919605983421e-06,0.02950740046799183,0.1193000003695488,1.4821600416325964e-05,t17_f5_c3,ZTF19aahvvtu
2458797.9452083,2,1043445202015,19.508699417114258,/ztf/archive/sci/2019/1110/445208/ztf_20191110445208_000466_zr_c06_o_q1_scimrefdiffimg.fits.fz,Kulkarni,2,,,,1043,20,466,,,,,,,,,,,,,,,,,,,,,,,,,,,,,,,,,,,,26.111299514770508,1.0380899766460061e-05,0.031582001596689224,0.11799799650907516,1.6832900655572303e-05,t17_f5_c3,ZTF19aahvvtu
2458797.9456597,2,1043445652015,19.51449966430664,/ztf/archive/sci/2019/1110/445660/ztf_20191110445660_000466_zr_c06_o_q1_scimrefdiffimg.fits.fz,Kulkarni,2,,,,1043,20,466,,,,,,,,,,,,,,,,,,,,,,,,,,,,,,,,,,,,26.114099502563477,1.0140899576072115e-05,0.031205499544739723,0.1132040023803711,1.6489599147462286e-05,t17_f5_c3,ZTF19aahvvtu
2458797.9461111,2,1043446112015,17.66080093383789,/ztf/archive/sci/2019/1110/446111/ztf_20191110446111_000466_zr_c06_o_q1_scimrefdiffimg.fits.fz,Kulkarni,2,,,,1043,20,466,,,,,,,,,,,,,,,,,,,,,,,,,,,,,,,,,,,,24.25659942626953,5.7040098909055814e-05,0.04793990030884743,0.08797810226678848,0.00012000800052192062,t17_f5_c3,ZTF19aahvvtu
2458797.9465625,2,1043446562015,19.545499801635742,/ztf/archive/sci/2019/1110/446562/ztf_20191110446562_000466_zr_c06_o_q1_scimrefdiffimg.fits.fz,Kulkarni,2,,,,1043,20,466,,,,,,,,,,,,,,,,,,,,,,,,,,,,,,,,,,,,26.113300323486328,9.075690286408644e-06,0.02958109974861145,0.11050599813461304,1.469670041842619e-05,t17_f5_c3,ZTF19aahvvtu
2458797.9470139,2,1043447012015,19.58769989013672,/ztf/archive/sci/2019/1110/447014/ztf_20191110447014_000466_zr_c06_o_q1_scimrefdiffimg.fits.fz,Kulkarni,2,,,,1043,20,466,,,,,,,,,,,,,,,,,,,,,,,,,,,,,,,,,,,,26.117399215698242,9.521580068394542e-06,0.030251899734139442,0.11550299823284149,1.5415300367749296e-05,t17_f5_c3,ZTF19aahvvtu
2458797.9474653,2,1043447462015,19.59760093688965,/ztf/archive/sci/2019/1110/447465/ztf_20191110447465_000466_zr_c06_o_q1_scimrefdiffimg.fits.fz,Kulkarni,2,,,,1043,20,466,,,,,,,,,,,,,,,,,,,,,,,,,,,,,,,,,,,,26.109699249267578,9.485070222581271e-06,0.03015349991619587,0.1146169975399971,1.5330400856328197e-05,t17_f5_c3,ZTF19aahvvtu
2458797.9479167,2,1043447912015,19.613100051879883,/ztf/archive/sci/2019/1110/447917/ztf_20191110447917_000466_zr_c06_o_q1_scimrefdiffimg.fits.fz,Kulkarni,2,,,,1043,20,466,,,,,,,,,,,,,,,,,,,,,,,,,,,,,,,,,,,,26.119699478149414,8.71936026669573e-06,0.028912700712680817,0.11347600072622299,1.4108300092630088e-05,t17_f5_c3,ZTF19aahvvtu
2458797.9483681,2,1043448362015,19.54159927368164,/ztf/archive/sci/2019/1110/448368/ztf_20191110448368_000466_zr_c06_o_q1_scimrefdiffimg.fits.fz,Kulkarni,2,,,,1043,20,466,,,,,,,,,,,,,,,,,,,,,,,,,,,,,,,,,,,,26.120899200439453,8.223790246120188e-06,0.028195099905133247,0.10613600164651871,1.3281600331538357e-05,t17_f5_c3,ZTF19aahvvtu
2458797.9488194,2,1043448812015,19.62190055847168,/ztf/archive/sci/2019/1110/448819/ztf_20191110448819_000466_zr_c06_o_q1_scimrefdiffimg.fits.fz,Kulkarni,2,,,,1043,20,466,,,,,,,,,,,,,,,,,,,,,,,,,,,,,,,,,,,,26.118200302124023,7.310490218515042e-06,0.02661290019750595,0.10708999633789062,1.1881999853358138e-05,t17_f5_c3,ZTF19aahvvtu
2458797.9492708,2,1043449272015,19.593299865722656,/ztf/archive/sci/2019/1110/449271/ztf_20191110449271_000466_zr_c06_o_q1_scimrefdiffimg.fits.fz,Kulkarni,2,,,,1043,20,466,,,,,,,,,,,,,,,,,,,,,,,,,,,,,,,,,,,,26.111499786376953,8.601589797763154e-06,0.02875329926609993,0.1109900027513504,1.394139962940244e-05,t17_f5_c3,ZTF19aahvvtu
2458797.9497222,2,1043449722015,19.57539939880371,/ztf/archive/sci/2019/1110/449722/ztf_20191110449722_000466_zr_c06_o_q1_scimrefdiffimg.fits.fz,Kulkarni,2,1.043449722015015e+18,1,5.0,1043,20,466,1185.9599609375,1684.56005859375,138.9865584,3.9683142,19.97909927368164,0.2997939884662628,1.1227799654006958,20.007600784301758,0.6085000038146973,0.431892991065979,19.118999481201172,0.02500000037252903,1.1990000009536743,0.02500000037252903,0.21955199539661407,0.028514999896287918,1.1880799531936646,0.9240000247955322,1185.9599609375,-0.4321900010108948,2.0,0.6579999923706055,0.5929999947547913,0.5538349747657776,0.49912500381469727,1.1096099615097046,8.0,0.0,0.8957139849662781,0.8093640208244324,19.80109977722168,0.6459000110626221,138.9864385,3.9683355,5.2311,26.113100051879883,9.278530342271551e-06,0.02984669990837574,0.1109590008854866,1.5051000445964746e-05,t17_f5_c3,ZTF19aahvvtu
2458797.9501736,2,1043450172015,19.608400344848633,/ztf/archive/sci/2019/1110/450174/ztf_20191110450174_000466_zr_c06_o_q1_scimrefdiffimg.fits.fz,Kulkarni,2,,,,1043,20,466,,,,,,,,,,,,,,,,,,,,,,,,,,,,,,,,,,,,26.104799270629883,9.465899893257301e-06,0.03021010011434555,0.11505100131034851,1.5328199879149906e-05,t17_f5_c3,ZTF19aahvvtu
2458797.950625,2,1043450622015,19.57550048828125,/ztf/archive/sci/2019/1110/450625/ztf_20191110450625_000466_zr_c06_o_q1_scimrefdiffimg.fits.fz,Kulkarni,2,,,,1043,20,466,,,,,,,,,,,,,,,,,,,,,,,,,,,,,,,,,,,,26.115800857543945,8.493700079270639e-06,0.028550900518894196,0.11708799749612808,1.3706199752050452e-05,t17_f5_c3,ZTF19aahvvtu
2458797.9510764,2,1043451072015,19.64069938659668,/ztf/archive/sci/2019/1110/451076/ztf_20191110451076_000466_zr_c06_o_q1_scimrefdiffimg.fits.fz,Kulkarni,2,1.043451072015015e+18,1,7.0,1043,20,466,1186.780029296875,1685.3900146484375,138.9862987,3.968265,19.983999252319336,0.31332701444625854,1.1101000308990479,19.758800506591797,0.47279998660087585,0.5618240237236023,19.118999481201172,0.02500000037252903,1.1990000009536743,0.02500000037252903,-0.5112990140914917,-0.22522099316120148,1.144760012626648,0.8920000195503235,1186.780029296875,-0.11808200180530548,2.0,0.7179999947547913,0.4580000042915344,0.6272040009498596,0.4000830054283142,1.5676900148391724,10.0,0.0,0.7214289903640747,0.8917220234870911,19.685400009155273,0.5677000284194946,138.9864385,3.9683355,5.56444,26.118999481201172,7.860049663577229e-06,0.02742619998753071,0.10600999742746353,1.2713299838651437e-05,t17_f5_c3,ZTF19aahvvtu
2458797.9515278,2,1043451522015,19.628599166870117,/ztf/archive/sci/2019/1110/451528/ztf_20191110451528_000466_zr_c06_o_q1_scimrefdiffimg.fits.fz,Kulkarni,2,,,,1043,20,466,,,,,,,,,,,,,,,,,,,,,,,,,,,,,,,,,,,,26.11639976501465,7.436609848809894e-06,0.026760399341583252,0.11403000354766846,1.2017399967589881e-05,t17_f5_c3,ZTF19aahvvtu
2458797.9519792,2,1043451972015,19.628799438476562,/ztf/archive/sci/2019/1110/451979/ztf_20191110451979_000466_zr_c06_o_q1_scimrefdiffimg.fits.fz,Kulkarni,2,,,,1043,20,466,,,,,,,,,,,,,,,,,,,,,,,,,,,,,,,,,,,,26.11440086364746,8.515149602317251e-06,0.028666000813245773,0.11317600309848785,1.3791999663226306e-05,t17_f5_c3,ZTF19aahvvtu
2458797.9524306,2,1043452432015,19.58609962463379,/ztf/archive/sci/2019/1110/452431/ztf_20191110452431_000466_zr_c06_o_q1_scimrefdiffimg.fits.fz,Kulkarni,2,,,,1043,20,466,,,,,,,,,,,,,,,,,,,,,,,,,,,,,,,,,,,,26.120800018310547,8.121770406432915e-06,0.027905600145459175,0.1109829992055893,1.3164700249035377e-05,t17_f5_c3,ZTF19aahvvtu
2458797.9528819,2,1043452882015,19.51609992980957,/ztf/archive/sci/2019/1110/452882/ztf_20191110452882_000466_zr_c06_o_q1_scimrefdiffimg.fits.fz,Kulkarni,2,,,,1043,20,466,,,,,,,,,,,,,,,,,,,,,,,,,,,,,,,,,,,,26.127199172973633,8.874590093910228e-06,0.02919970080256462,0.10513100028038025,1.4348600416269619e-05,t17_f5_c3,ZTF19aahvvtu
2458797.9533333,2,1043453332015,19.617300033569336,/ztf/archive/sci/2019/1110/453333/ztf_20191110453333_000466_zr_c06_o_q1_scimrefdiffimg.fits.fz,Kulkarni,2,,,,1043,20,466,,,,,,,,,,,,,,,,,,,,,,,,,,,,,,,,,,,,26.1289005279541,8.426830390817486e-06,0.028583599254488945,0.10737600177526474,1.3700199815502856e-05,t17_f5_c3,ZTF19aahvvtu
2458797.9537963,2,1043453792015,19.62809944152832,/ztf/archive/sci/2019/1110/453785/ztf_20191110453785_000466_zr_c06_o_q1_scimrefdiffimg.fits.fz,Kulkarni,2,,,,1043,20,466,,,,,,,,,,,,,,,,,,,,,,,,,,,,,,,,,,,,26.125,7.89673958934145e-06,0.027622999623417854,0.11180800199508667,1.2824900295527186e-05,t17_f5_c3,ZTF19aahvvtu
2458797.9542361,2,1043454232015,19.625600814819336,/ztf/archive/sci/2019/1110/454236/ztf_20191110454236_000466_zr_c06_o_q1_scimrefdiffimg.fits.fz,Kulkarni,2,,,,1043,20,466,,,,,,,,,,,,,,,,,,,,,,,,,,,,,,,,,,,,26.118200302124023,7.412510058202315e-06,0.026760300621390343,0.10900899767875671,1.1983999684161972e-05,t17_f5_c3,ZTF19aahvvtu
2458797.9546991,2,1043454692015,19.555599212646484,/ztf/archive/sci/2019/1110/454688/ztf_20191110454688_000466_zr_c06_o_q1_scimrefdiffimg.fits.fz,Kulkarni,2,,,,1043,20,466,,,,,,,,,,,,,,,,,,,,,,,,,,,,,,,,,,,,26.1117000579834,1.13594996946631e-05,0.0330876000225544,0.11087100207805634,1.8349899619352072e-05,t17_f5_c3,ZTF19aahvvtu
2458797.9551505,2,1043455152015,19.5226993560791,/ztf/archive/sci/2019/1110/455150/ztf_20191110455150_000466_zr_c06_o_q1_scimrefdiffimg.fits.fz,Kulkarni,2,,,,1043,20,466,,,,,,,,,,,,,,,,,,,,,,,,,,,,,,,,,,,,26.116600036621094,8.996989890874829e-06,0.0294662993401289,0.11197499930858612,1.457150028727483e-05,t17_f5_c3,ZTF19aahvvtu
2458797.9556019,2,1043455602015,19.55929946899414,/ztf/archive/sci/2019/1110/455602/ztf_20191110455602_000466_zr_c06_o_q1_scimrefdiffimg.fits.fz,Kulkarni,2,,,,1043,20,466,,,,,,,,,,,,,,,,,,,,,,,,,,,,,,,,,,,,26.13170051574707,1.0436699994897936e-05,0.03188779950141907,0.11263900250196457,1.6985399270197377e-05,t17_f5_c3,ZTF19aahvvtu
2458797.9560532,2,1043456052015,19.589599609375,/ztf/archive/sci/2019/1110/456053/ztf_20191110456053_000466_zr_c06_o_q1_scimrefdiffimg.fits.fz,Kulkarni,2,,,,1043,20,466,,,,,,,,,,,,,,,,,,,,,,,,,,,,,,,,,,,,26.116600036621094,8.271979822893627e-06,0.028317900374531746,0.11434099823236465,1.3451600352709647e-05,t17_f5_c3,ZTF19aahvvtu
2458797.9565046,2,1043456502015,19.6200008392334,/ztf/archive/sci/2019/1110/456505/ztf_20191110456505_000466_zr_c06_o_q1_scimrefdiffimg.fits.fz,Kulkarni,2,,,,1043,20,466,,,,,,,,,,,,,,,,,,,,,,,,,,,,,,,,,,,,26.106399536132812,8.480909855279606e-06,0.02861900068819523,0.11437100172042847,1.3753099665336777e-05,t17_f5_c3,ZTF19aahvvtu
2458797.956956,2,1043456952015,19.62619972229004,/ztf/archive/sci/2019/1110/456956/ztf_20191110456956_000466_zr_c06_o_q1_scimrefdiffimg.fits.fz,Kulkarni,2,,,,1043,20,466,,,,,,,,,,,,,,,,,,,,,,,,,,,,,,,,,,,,26.111099243164062,8.391900337301195e-06,0.02857219986617565,0.11830399930477142,1.3615699572255835e-05,t17_f5_c3,ZTF19aahvvtu
2458797.9574074,2,1043457402015,19.684900283813477,/ztf/archive/sci/2019/1110/457407/ztf_20191110457407_000466_zr_c06_o_q1_scimrefdiffimg.fits.fz,Kulkarni,2,,,,1043,20,466,,,,,,,,,,,,,,,,,,,,,,,,,,,,,,,,,,,,26.12350082397461,7.366320005530724e-06,0.02673259936273098,0.10899300128221512,1.197199981106678e-05,t17_f5_c3,ZTF19aahvvtu
2458797.9578588,2,1043457852015,19.650999069213867,/ztf/archive/sci/2019/1110/457859/ztf_20191110457859_000466_zr_c06_o_q1_scimrefdiffimg.fits.fz,Kulkarni,2,,,,1043,20,466,,,,,,,,,,,,,,,,,,,,,,,,,,,,,,,,,,,,26.10759925842285,8.677830010128673e-06,0.02884799987077713,0.11769700050354004,1.406619958288502e-05,t17_f5_c3,ZTF19aahvvtu
2458797.9583102,2,1043458312015,19.63759994506836,/ztf/archive/sci/2019/1110/458310/ztf_20191110458310_000466_zr_c06_o_q1_scimrefdiffimg.fits.fz,Kulkarni,2,,,,1043,20,466,,,,,,,,,,,,,,,,,,,,,,,,,,,,,,,,,,,,26.11709976196289,6.928540187800536e-06,0.025846300646662712,0.11121899634599686,1.124420032283524e-05,t17_f5_c3,ZTF19aahvvtu
2458797.9587616,2,1043458762015,19.632200241088867,/ztf/archive/sci/2019/1110/458762/ztf_20191110458762_000466_zr_c06_o_q1_scimrefdiffimg.fits.fz,Kulkarni,2,,,,1043,20,466,,,,,,,,,,,,,,,,,,,,,,,,,,,,,,,,,,,,26.121999740600586,9.217479600920342e-06,0.029918000102043152,0.11060400307178497,1.5002499822003301e-05,t17_f5_c3,ZTF19aahvvtu
2458797.959213,2,1043459212015,19.674400329589844,/ztf/archive/sci/2019/1110/459213/ztf_20191110459213_000466_zr_c06_o_q1_scimrefdiffimg.fits.fz,Kulkarni,2,,,,1043,20,466,,,,,,,,,,,,,,,,,,,,,,,,,,,,,,,,,,,,26.11949920654297,7.3771698225755244e-06,0.02672879956662655,0.11055800318717957,1.194139986182563e-05,t17_f5_c3,ZTF19aahvvtu
2458797.9596644,2,1043459662015,19.651599884033203,/ztf/archive/sci/2019/1110/459664/ztf_20191110459664_000466_zr_c06_o_q1_scimrefdiffimg.fits.fz,Kulkarni,2,,,,1043,20,466,,,,,,,,,,,,,,,,,,,,,,,,,,,,,,,,,,,,26.121999740600586,8.795160283625592e-06,0.02907700091600418,0.11581899970769882,1.4223100151866674e-05,t17_f5_c3,ZTF19aahvvtu
2458797.9601157,2,1043460112015,19.652999877929688,/ztf/archive/sci/2019/1110/460116/ztf_20191110460116_000466_zr_c06_o_q1_scimrefdiffimg.fits.fz,Kulkarni,2,,,,1043,20,466,,,,,,,,,,,,,,,,,,,,,,,,,,,,,,,,,,,,26.114099502563477,7.510399882448837e-06,0.02702230028808117,0.11845599859952927,1.2165800399088766e-05,t17_f5_c3,ZTF19aahvvtu
2458797.9605671,2,1043460562015,19.68090057373047,/ztf/archive/sci/2019/1110/460567/ztf_20191110460567_000466_zr_c06_o_q1_scimrefdiffimg.fits.fz,Kulkarni,2,,,,1043,20,466,,,,,,,,,,,,,,,,,,,,,,,,,,,,,,,,,,,,26.111499786376953,8.343899935425725e-06,0.02835410088300705,0.1197580024600029,1.3484400369634386e-05,t17_f5_c3,ZTF19aahvvtu
2458797.9610185,2,1043461012015,19.671100616455078,/ztf/archive/sci/2019/1110/461019/ztf_20191110461019_000466_zr_c06_o_q1_scimrefdiffimg.fits.fz,Kulkarni,2,,,,1043,20,466,,,,,,,,,,,,,,,,,,,,,,,,,,,,,,,,,,,,26.118000030517578,8.490549589623697e-06,0.028548600152134895,0.11453399807214737,1.3712199688598048e-05,t17_f5_c3,ZTF19aahvvtu
2458797.9614699,2,1043461462015,19.667299270629883,/ztf/archive/sci/2019/1110/461470/ztf_20191110461470_000466_zr_c06_o_q1_scimrefdiffimg.fits.fz,Kulkarni,2,,,,1043,20,466,,,,,,,,,,,,,,,,,,,,,,,,,,,,,,,,,,,,26.128599166870117,7.523839940404287e-06,0.026915499940514565,0.10752999782562256,1.2173700270068366e-05,t17_f5_c3,ZTF19aahvvtu
2458797.9619213,2,1043461922015,19.64240074157715,/ztf/archive/sci/2019/1110/461921/ztf_20191110461921_000466_zr_c06_o_q1_scimrefdiffimg.fits.fz,Kulkarni,2,,,,1043,20,466,,,,,,,,,,,,,,,,,,,,,,,,,,,,,,,,,,,,26.132999420166016,8.402030289289542e-06,0.028500599786639214,0.1132500022649765,1.3613699593406636e-05,t17_f5_c3,ZTF19aahvvtu
2458797.9623727,2,1043462372015,19.69379997253418,/ztf/archive/sci/2019/1110/462361/ztf_20191110462361_000466_zr_c06_o_q1_scimrefdiffimg.fits.fz,Kulkarni,2,,,,1043,20,466,,,,,,,,,,,,,,,,,,,,,,,,,,,,,,,,,,,,26.131799697875977,8.065309884841554e-06,0.027948500588536263,0.1086060032248497,1.3060899618722033e-05,t17_f5_c3,ZTF19aahvvtu
2458797.9628241,2,1043462822015,19.722400665283203,/ztf/archive/sci/2019/1110/462824/ztf_20191110462824_000466_zr_c06_o_q1_scimrefdiffimg.fits.fz,Kulkarni,2,,,,1043,20,466,,,,,,,,,,,,,,,,,,,,,,,,,,,,,,,,,,,,26.134199142456055,7.865280167607125e-06,0.027580099180340767,0.11061699688434601,1.273480029340135e-05,t17_f5_c3,ZTF19aahvvtu
2458797.9632755,2,1043463272015,19.68560028076172,/ztf/archive/sci/2019/1110/463275/ztf_20191110463275_000466_zr_c06_o_q1_scimrefdiffimg.fits.fz,Kulkarni,2,,,,1043,20,466,,,,,,,,,,,,,,,,,,,,,,,,,,,,,,,,,,,,26.122699737548828,8.287120181194041e-06,0.028283800929784775,0.11150000244379044,1.3414900422503706e-05,t17_f5_c3,ZTF19aahvvtu
2458797.9637269,2,1043463722015,19.712200164794922,/ztf/archive/sci/2019/1110/463727/ztf_20191110463727_000466_zr_c06_o_q1_scimrefdiffimg.fits.fz,Kulkarni,2,,,,1043,20,466,,,,,,,,,,,,,,,,,,,,,,,,,,,,,,,,,,,,26.127199172973633,7.338790055655409e-06,0.026667999103665352,0.10803700238466263,1.1899400305992458e-05,t17_f5_c3,ZTF19aahvvtu
2458797.9641782,2,1043464172015,19.73270034790039,/ztf/archive/sci/2019/1110/464178/ztf_20191110464178_000466_zr_c06_o_q1_scimrefdiffimg.fits.fz,Kulkarni,2,,,,1043,20,466,,,,,,,,,,,,,,,,,,,,,,,,,,,,,,,,,,,,26.125699996948242,7.691090104344767e-06,0.027182700112462044,0.11077199876308441,1.243719998456072e-05,t17_f5_c3,ZTF19aahvvtu
2458797.9646296,2,1043464622015,19.71820068359375,/ztf/archive/sci/2019/1110/464630/ztf_20191110464630_000466_zr_c06_o_q1_scimrefdiffimg.fits.fz,Kulkarni,2,,,,1043,20,466,,,,,,,,,,,,,,,,,,,,,,,,,,,,,,,,,,,,26.12420082092285,7.186789844126906e-06,0.026378199458122253,0.1068509966135025,1.1639200238278136e-05,t17_f5_c3,ZTF19aahvvtu
2458797.965081,2,1043465082015,19.708499908447266,/ztf/archive/sci/2019/1110/465081/ztf_20191110465081_000466_zr_c06_o_q1_scimrefdiffimg.fits.fz,Kulkarni,2,,,,1043,20,466,,,,,,,,,,,,,,,,,,,,,,,,,,,,,,,,,,,,26.12579917907715,8.86511043063365e-06,0.029239900410175323,0.11678700149059296,1.4358500266098417e-05,t17_f5_c3,ZTF19aahvvtu
2458797.9655324,2,1043465532015,19.70479965209961,/ztf/archive/sci/2019/1110/465532/ztf_20191110465532_000466_zr_c06_o_q1_scimrefdiffimg.fits.fz,Kulkarni,2,,,,1043,20,466,,,,,,,,,,,,,,,,,,,,,,,,,,,,,,,,,,,,26.12339973449707,8.947229616751429e-06,0.029296400025486946,0.11451499909162521,1.442380016669631e-05,t17_f5_c3,ZTF19aahvvtu
2458797.9659838,2,1043465982015,19.704500198364258,/ztf/archive/sci/2019/1110/465984/ztf_20191110465984_000466_zr_c06_o_q1_scimrefdiffimg.fits.fz,Kulkarni,2,,,,1043,20,466,,,,,,,,,,,,,,,,,,,,,,,,,,,,,,,,,,,,26.138399124145508,7.932790140330326e-06,0.027745399624109268,0.10001300275325775,1.287160011997912e-05,t17_f5_c3,ZTF19aahvvtu
2458797.9664352,2,1043466432015,19.729400634765625,/ztf/archive/sci/2019/1110/466435/ztf_20191110466435_000466_zr_c06_o_q1_scimrefdiffimg.fits.fz,Kulkarni,2,,,,1043,20,466,,,,,,,,,,,,,,,,,,,,,,,,,,,,,,,,,,,,26.13719940185547,7.669270416954532e-06,0.02721160091459751,0.10653500258922577,1.2444999811123125e-05,t17_f5_c3,ZTF19aahvvtu
2458797.9668866,2,1043466882015,19.715200424194336,/ztf/archive/sci/2019/1110/466887/ztf_20191110466887_000466_zr_c06_o_q1_scimrefdiffimg.fits.fz,Kulkarni,2,,,,1043,20,466,,,,,,,,,,,,,,,,,,,,,,,,,,,,,,,,,,,,26.12310028076172,7.195520083769225e-06,0.026399699971079826,0.11310900002717972,1.1661099961202126e-05,t17_f5_c3,ZTF19aahvvtu
2458797.967338,2,1043467332015,19.744600296020508,/ztf/archive/sci/2019/1110/467338/ztf_20191110467338_000466_zr_c06_o_q1_scimrefdiffimg.fits.fz,Kulkarni,2,,,,1043,20,466,,,,,,,,,,,,,,,,,,,,,,,,,,,,,,,,,,,,26.132699966430664,7.800499588483945e-06,0.027519499883055687,0.11151199787855148,1.2635299754037987e-05,t17_f5_c3,ZTF19aahvvtu
2458797.9677894,2,1043467782015,19.738399505615234,/ztf/archive/sci/2019/1110/467789/ztf_20191110467789_000466_zr_c06_o_q1_scimrefdiffimg.fits.fz,Kulkarni,2,,,,1043,20,466,,,,,,,,,,,,,,,,,,,,,,,,,,,,,,,,,,,,26.12540054321289,9.364670404465869e-06,0.03018520027399063,0.10651600360870361,1.5209599951049313e-05,t17_f5_c3,ZTF19aahvvtu
2458797.9682407,2,1043468242015,19.773500442504883,/ztf/archive/sci/2019/1110/468241/ztf_20191110468241_000466_zr_c06_o_q1_scimrefdiffimg.fits.fz,Kulkarni,2,1.043468242015015e+18,1,11.0,1043,20,466,1190.1800537109375,1691.1600341796875,138.9864004,3.9683082,20.078399658203125,0.3059209883213043,1.187059998512268,20.48780059814453,0.8454999923706055,0.17144200205802917,19.118999481201172,0.02500000037252903,1.1990000009536743,0.02500000037252903,0.32457199692726135,0.4094119966030121,1.1097500324249268,0.8820000290870667,1190.1800537109375,-0.7143210172653198,2.0,0.7839999794960022,0.5699999928474426,0.7064679861068726,0.5136309862136841,1.375440001487732,7.0,0.0,0.8628569841384888,0.7894759774208069,20.07939910888672,0.7451000213623047,138.9864385,3.9683355,5.1512,26.1294002532959,7.531749815825606e-06,0.026894599199295044,0.11220499873161316,1.218150009663077e-05,t17_f5_c3,ZTF19aahvvtu
2458797.9686921,2,1043468692015,19.747100830078125,/ztf/archive/sci/2019/1110/468692/ztf_20191110468692_000466_zr_c06_o_q1_scimrefdiffimg.fits.fz,Kulkarni,2,,,,1043,20,466,,,,,,,,,,,,,,,,,,,,,,,,,,,,,,,,,,,,26.120500564575195,7.3400001383561175e-06,0.026666099205613136,0.11356399953365326,1.1914000424440019e-05,t17_f5_c3,ZTF19aahvvtu
2458797.9691435,2,1043469142015,19.731199264526367,/ztf/archive/sci/2019/1110/469144/ztf_20191110469144_000466_zr_c06_o_q1_scimrefdiffimg.fits.fz,Kulkarni,2,,,,1043,20,466,,,,,,,,,,,,,,,,,,,,,,,,,,,,,,,,,,,,26.125,7.295800060092006e-06,0.02649890072643757,0.10843700170516968,1.1797399565693922e-05,t17_f5_c3,ZTF19aahvvtu
2458797.9695949,2,1043469592015,19.703100204467773,/ztf/archive/sci/2019/1110/469595/ztf_20191110469595_000466_zr_c06_o_q1_scimrefdiffimg.fits.fz,Kulkarni,2,,,,1043,20,466,,,,,,,,,,,,,,,,,,,,,,,,,,,,,,,,,,,,26.139699935913086,7.239360002131434e-06,0.0264235008507967,0.10456900298595428,1.1674400411720853e-05,t17_f5_c3,ZTF19aahvvtu
2458797.9700463,2,1043470042015,19.725299835205078,/ztf/archive/sci/2019/1110/470046/ztf_20191110470046_000466_zr_c06_o_q1_scimrefdiffimg.fits.fz,Kulkarni,2,,,,1043,20,466,,,,,,,,,,,,,,,,,,,,,,,,,,,,,,,,,,,,26.14109992980957,6.852690148662077e-06,0.025730600580573082,0.10603299736976624,1.1078300303779542e-05,t17_f5_c3,ZTF19aahvvtu
2458797.9704977,2,1043470492015,19.74839973449707,/ztf/archive/sci/2019/1110/470498/ztf_20191110470498_000466_zr_c06_o_q1_scimrefdiffimg.fits.fz,Kulkarni,2,1.043470492015015e+18,1,11.0,1043,20,466,1190.8299560546875,1691.72998046875,138.9863766,3.9682893,20.094900131225586,0.2693279981613159,0.9307219982147217,20.36359977722168,0.7562999725341797,0.27697300910949707,19.118999481201172,0.02500000037252903,1.1990000009536743,0.02500000037252903,0.24368000030517578,0.2687470018863678,1.1322799921035767,0.9380000233650208,1190.8299560546875,-0.6152300238609314,2.0,0.6819999814033508,0.5830000042915344,0.6023240089416504,0.5148900151252747,1.1698100566864014,7.0,0.0,0.9028570055961609,0.8167269825935364,20.428800582885742,1.030900001525879,138.9864385,3.9683355,5.82024,26.12689971923828,6.925729849172058e-06,0.025826899334788322,0.11286900192499161,1.119839998864336e-05,t17_f5_c3,ZTF19aahvvtu
2458797.9709491,2,1043470942015,19.728700637817383,/ztf/archive/sci/2019/1110/470949/ztf_20191110470949_000466_zr_c06_o_q1_scimrefdiffimg.fits.fz,Kulkarni,2,,,,1043,20,466,,,,,,,,,,,,,,,,,,,,,,,,,,,,,,,,,,,,26.13159942626953,8.382259693462402e-06,0.028458699584007263,0.11215800046920776,1.3540699910663534e-05,t17_f5_c3,ZTF19aahvvtu
2458797.9714005,2,1043471402015,19.66390037536621,/ztf/archive/sci/2019/1110/471400/ztf_20191110471400_000466_zr_c06_o_q1_scimrefdiffimg.fits.fz,Kulkarni,2,,,,1043,20,466,,,,,,,,,,,,,,,,,,,,,,,,,,,,,,,,,,,,26.128599166870117,8.577500011597294e-06,0.02873470075428486,0.1154400035738945,1.3832699551130645e-05,t17_f5_c3,ZTF19aahvvtu
2458797.9718519,2,1043471852015,19.720399856567383,/ztf/archive/sci/2019/1110/471852/ztf_20191110471852_000466_zr_c06_o_q1_scimrefdiffimg.fits.fz,Kulkarni,2,1.043471852015015e+18,1,6.0,1043,20,466,1190.9300537109375,1691.9000244140625,138.9864733,3.9683531,20.199199676513672,0.3477349877357483,0.881542980670929,19.7012996673584,0.4153999984264374,0.13859200477600098,19.118999481201172,0.02500000037252903,1.1990000009536743,0.02500000037252903,-0.18041999638080597,-0.49790701270103455,1.1502699851989746,0.9300000071525574,1190.9300537109375,0.019084999337792397,2.0,0.7070000171661377,0.4180000126361847,0.6146399974822998,0.36339399218559265,1.691390037536621,6.0,0.0,0.6214290261268616,0.9377380013465881,19.7810001373291,0.5735999941825867,138.9864385,3.9683355,5.1296,26.13319969177246,7.420389920298476e-06,0.026697399094700813,0.11192599684000015,1.198819973069476e-05,t17_f5_c3,ZTF19aahvvtu
2458797.9723148,2,1043472312015,19.739599227905273,/ztf/archive/sci/2019/1110/472303/ztf_20191110472303_000466_zr_c06_o_q1_scimrefdiffimg.fits.fz,Kulkarni,2,,,,1043,20,466,,,,,,,,,,,,,,,,,,,,,,,,,,,,,,,,,,,,26.138399124145508,6.665210094070062e-06,0.02531209960579872,0.10969500243663788,1.0761499652289785e-05,t17_f5_c3,ZTF19aahvvtu
2458797.9727662,2,1043472762015,19.7539005279541,/ztf/archive/sci/2019/1110/472766/ztf_20191110472766_000466_zr_c06_o_q1_scimrefdiffimg.fits.fz,Kulkarni,2,,,,1043,20,466,,,,,,,,,,,,,,,,,,,,,,,,,,,,,,,,,,,,26.122800827026367,7.965380063978955e-06,0.02766839973628521,0.11437699943780899,1.2872100342065096e-05,t17_f5_c3,ZTF19aahvvtu
2458797.9732176,2,1043473212015,19.717599868774414,/ztf/archive/sci/2019/1110/473218/ztf_20191110473218_000466_zr_c06_o_q1_scimrefdiffimg.fits.fz,Kulkarni,2,,,,1043,20,466,,,,,,,,,,,,,,,,,,,,,,,,,,,,,,,,,,,,26.119400024414062,7.840189937269315e-06,0.027521399781107903,0.11620800197124481,1.2670099749811925e-05,t17_f5_c3,ZTF19aahvvtu
2458797.973669,2,1043473662015,19.802799224853516,/ztf/archive/sci/2019/1110/473669/ztf_20191110473669_000466_zr_c06_o_q1_scimrefdiffimg.fits.fz,Kulkarni,2,,,,1043,20,466,,,,,,,,,,,,,,,,,,,,,,,,,,,,,,,,,,,,26.13450050354004,9.091510037251282e-06,0.029513999819755554,0.1064400002360344,1.4664899936178699e-05,t17_f5_c3,ZTF19aahvvtu
2458797.9741204,2,1043474122015,19.715900421142578,/ztf/archive/sci/2019/1110/474120/ztf_20191110474120_000466_zr_c06_o_q1_scimrefdiffimg.fits.fz,Kulkarni,2,1.043474122015015e+18,1,5.0,1043,20,466,1191.1500244140625,1693.0,138.986404,3.9682386,20.240100860595703,0.3062889873981476,0.7962790131568909,19.999000549316406,0.5426999926567078,0.377920001745224,19.118999481201172,0.02500000037252903,1.1990000009536743,0.02500000037252903,0.28321900963783264,-0.24107199907302856,1.1625499725341797,0.9240000247955322,1191.1500244140625,-0.2831459939479828,2.0,0.5799999833106995,0.5320000052452087,0.49890100955963135,0.4576129913330078,1.0902299880981445,6.0,0.0,0.8671429753303528,0.8525789976119995,19.411800384521484,0.4059000015258789,138.9864385,3.9683355,5.05792,26.13010025024414,6.81689016346354e-06,0.025644300505518913,0.10768099874258041,1.102009991882369e-05,t17_f5_c3,ZTF19aahvvtu
2458797.9745718,2,1043474572015,19.755300521850586,/ztf/archive/sci/2019/1110/474572/ztf_20191110474572_000466_zr_c06_o_q1_scimrefdiffimg.fits.fz,Kulkarni,2,,,,1043,20,466,,,,,,,,,,,,,,,,,,,,,,,,,,,,,,,,,,,,26.13089942932129,7.678650035813916e-06,0.027171500027179718,0.10899800062179565,1.2412800060701557e-05,t17_f5_c3,ZTF19aahvvtu
2458797.9750231,2,1043475022015,19.764400482177734,/ztf/archive/sci/2019/1110/475023/ztf_20191110475023_000466_zr_c06_o_q1_scimrefdiffimg.fits.fz,Kulkarni,2,,,,1043,20,466,,,,,,,,,,,,,,,,,,,,,,,,,,,,,,,,,,,,26.1289005279541,7.712599654041696e-06,0.027085300534963608,0.11083199828863144,1.239949961018283e-05,t17_f5_c3,ZTF19aahvvtu
2458797.9754745,2,1043475472015,19.76409912109375,/ztf/archive/sci/2019/1110/475475/ztf_20191110475475_000466_zr_c06_o_q1_scimrefdiffimg.fits.fz,Kulkarni,2,1.043475472015015e+18,1,6.0,1043,20,466,1191.0799560546875,1693.2900390625,138.986424,3.9682563,20.152799606323242,0.3024330139160156,1.0178600549697876,19.785900115966797,0.43459999561309814,0.2891150116920471,19.118999481201172,0.02500000037252903,1.1990000009536743,0.02500000037252903,0.6927480101585388,-0.36689698696136475,1.1419999599456787,0.9359999895095825,1191.0799560546875,-0.021848000586032867,2.0,0.5989999771118164,0.48399999737739563,0.5245180130004883,0.4238179922103882,1.2375999689102173,8.0,0.0,0.8485710024833679,0.7103400230407715,20.06279945373535,0.7192000150680542,138.9864385,3.9683355,5.24931,26.14780044555664,6.695709998894017e-06,0.0254139993339777,0.1095770001411438,1.082559992937604e-05,t17_f5_c3,ZTF19aahvvtu
2458797.9759259,2,1043475922015,19.784799575805664,/ztf/archive/sci/2019/1110/475926/ztf_20191110475926_000466_zr_c06_o_q1_scimrefdiffimg.fits.fz,Kulkarni,2,,,,1043,20,466,,,,,,,,,,,,,,,,,,,,,,,,,,,,,,,,,,,,26.13640022277832,6.7899700297857635e-06,0.025568800047039986,0.10741599649190903,1.0969800314342137e-05,t17_f5_c3,ZTF19aahvvtu
2458797.9763773,2,1043476372015,19.790199279785156,/ztf/archive/sci/2019/1110/476377/ztf_20191110476377_000466_zr_c06_o_q1_scimrefdiffimg.fits.fz,Kulkarni,2,1.043476372015015e+18,1,7.0,1043,20,466,1190.0799560546875,1693.030029296875,138.9864688,3.9683813,20.125999450683594,0.34221601486206055,1.2520400285720825,19.546199798583984,0.34599998593330383,0.19370900094509125,19.118999481201172,0.02500000037252903,1.1990000009536743,0.02500000037252903,0.48751598596572876,-0.5797520279884338,1.1238800287246704,0.9229999780654907,1190.0799560546875,0.2439589947462082,2.0,0.7350000143051147,0.421999990940094,0.6539819836616516,0.37548398971557617,1.7417099475860596,10.0,0.0,0.5071430206298828,0.8419449925422668,19.2549991607666,0.3395000100135803,138.9864385,3.9683355,5.25066,26.13800048828125,7.862920028856024e-06,0.027463100850582123,0.10465600341558456,1.2694000361079816e-05,t17_f5_c3,ZTF19aahvvtu
2458797.9768287,2,1043476822015,19.72279930114746,/ztf/archive/sci/2019/1110/476829/ztf_20191110476829_000466_zr_c06_o_q1_scimrefdiffimg.fits.fz,Kulkarni,2,,,,1043,20,466,,,,,,,,,,,,,,,,,,,,,,,,,,,,,,,,,,,,26.133499145507812,6.934430075489217e-06,0.025900600478053093,0.10799100250005722,1.1193000318598934e-05,t17_f5_c3,ZTF19aahvvtu
2458797.9772801,2,1043477282015,19.764799118041992,/ztf/archive/sci/2019/1110/477280/ztf_20191110477280_000466_zr_c06_o_q1_scimrefdiffimg.fits.fz,Kulkarni,2,,,,1043,20,466,,,,,,,,,,,,,,,,,,,,,,,,,,,,,,,,,,,,26.13960075378418,7.14349016561755e-06,0.026249099522829056,0.10806699842214584,1.1513800018292386e-05,t17_f5_c3,ZTF19aahvvtu
2458797.9777431,2,1043477742015,19.82029914855957,/ztf/archive/sci/2019/1110/477731/ztf_20191110477731_000466_zr_c06_o_q1_scimrefdiffimg.fits.fz,Kulkarni,2,1.043477742015015e+18,1,12.0,1043,20,466,1191.1400146484375,1693.6600341796875,138.9864081,3.9683348,20.115800857543945,0.31004899740219116,1.0677200555801392,19.709199905395508,0.39480000734329224,0.1110910028219223,19.118999481201172,0.02500000037252903,1.1990000009536743,0.02500000037252903,-0.16606099903583527,-0.4065839946269989,1.112589955329895,0.9409999847412109,1191.1400146484375,0.11112300306558609,2.0,0.7179999947547913,0.5569999814033508,0.6453419923782349,0.500635027885437,1.2890499830245972,7.0,0.0,0.8385710120201111,0.9479900002479553,19.708999633789062,0.5062999725341797,138.9864385,3.9683355,5.45972,26.144800186157227,7.66136963648023e-06,0.02707269974052906,0.10465999692678452,1.2333000086073298e-05,t17_f5_c3,ZTF19aahvvtu
2458797.9781829,2,1043478182015,19.73889923095703,/ztf/archive/sci/2019/1110/478183/ztf_20191110478183_000466_zr_c06_o_q1_scimrefdiffimg.fits.fz,Kulkarni,2,1.043478182015015e+18,1,7.0,1043,20,466,1189.969970703125,1693.9599609375,138.9864836,3.9682932,20.113300323486328,0.25387001037597656,0.8455659747123718,19.88920021057129,0.4810999929904938,0.22268399596214294,19.118999481201172,0.02500000037252903,1.1990000009536743,0.02500000037252903,0.6700149774551392,-0.22412699460983276,1.1612000465393066,0.9160000085830688,1189.969970703125,-0.15028899908065796,2.0,0.6690000295639038,0.5740000009536743,0.5761299729347229,0.49431800842285156,1.1655100584030151,6.0,0.0,0.9228569865226746,0.9869660139083862,19.828100204467773,0.5835999846458435,138.9864385,3.9683355,5.46944,26.13129997253418,7.341890068346402e-06,0.0265819001942873,0.11694599688053131,1.1815500329248607e-05,t17_f5_c3,ZTF19aahvvtu
2458797.9786343,2,1043478632015,19.77199935913086,/ztf/archive/sci/2019/1110/478634/ztf_20191110478634_000466_zr_c06_o_q1_scimrefdiffimg.fits.fz,Kulkarni,2,,,,1043,20,466,,,,,,,,,,,,,,,,,,,,,,,,,,,,,,,,,,,,26.13159942626953,7.683460353291593e-06,0.027247700840234756,0.11494900286197662,1.2375099686323665e-05,t17_f5_c3,ZTF19aahvvtu
2458797.9790856,2,1043479082015,19.83530044555664,/ztf/archive/sci/2019/1110/479086/ztf_20191110479086_000466_zr_c06_o_q1_scimrefdiffimg.fits.fz,Kulkarni,2,,,,1043,20,466,,,,,,,,,,,,,,,,,,,,,,,,,,,,,,,,,,,,26.14150047302246,7.418850145768374e-06,0.026774000376462936,0.11103399842977524,1.1910899957001675e-05,t17_f5_c3,ZTF19aahvvtu
2458797.979537,2,1043479532015,19.771799087524414,/ztf/archive/sci/2019/1110/479537/ztf_20191110479537_000466_zr_c06_o_q1_scimrefdiffimg.fits.fz,Kulkarni,2,1.043479532015015e+18,1,4.0,1043,20,466,1190.7900390625,1693.739990234375,138.9864908,3.9684489,19.986000061035156,0.3014949858188629,0.8433930277824402,19.81399917602539,0.4408000111579895,0.4388279914855957,19.118999481201172,0.02500000037252903,1.1990000009536743,0.02500000037252903,0.28233298659324646,-0.17199499905109406,2.3499999046325684,0.9869999885559082,1190.7900390625,-0.04216499999165535,0.9754390120506287,0.7609999775886536,0.48500001430511475,0.3238300085067749,0.20638300478458405,1.5690699815750122,6.0,0.0,0.7171429991722107,0.8399009704589844,20.025299072265625,0.6873000264167786,138.9864385,3.9683355,6.09959,26.13599967956543,6.886640221637208e-06,0.025715800002217293,0.10498099774122238,1.1048399755964056e-05,t17_f5_c3,ZTF19aahvvtu
2458797.9799884,2,1043479982015,19.750499725341797,/ztf/archive/sci/2019/1110/479988/ztf_20191110479988_000466_zr_c06_o_q1_scimrefdiffimg.fits.fz,Kulkarni,2,,,,1043,20,466,,,,,,,,,,,,,,,,,,,,,,,,,,,,,,,,,,,,26.145000457763672,7.398230081889778e-06,0.026622600853443146,0.10697399824857712,1.1883000297530089e-05,t17_f5_c3,ZTF19aahvvtu
2458797.9804398,2,1043480432015,19.799400329589844,/ztf/archive/sci/2019/1110/480440/ztf_20191110480440_000466_zr_c06_o_q1_scimrefdiffimg.fits.fz,Kulkarni,2,,,,1043,20,466,,,,,,,,,,,,,,,,,,,,,,,,,,,,,,,,,,,,26.138599395751953,8.506939593644347e-06,0.028651399537920952,0.10827399790287018,1.3646200386574492e-05,t17_f5_c3,ZTF19aahvvtu
2458797.9808912,2,1043480892015,19.757299423217773,/ztf/archive/sci/2019/1110/480891/ztf_20191110480891_000466_zr_c06_o_q1_scimrefdiffimg.fits.fz,Kulkarni,2,,,,1043,20,466,,,,,,,,,,,,,,,,,,,,,,,,,,,,,,,,,,,,26.137500762939453,8.526540113962255e-06,0.028699999675154686,0.1122720018029213,1.368080029351404e-05,t17_f5_c3,ZTF19aahvvtu
2458797.9813426,2,1043481342015,19.79840087890625,/ztf/archive/sci/2019/1110/481343/ztf_20191110481343_000466_zr_c06_o_q1_scimrefdiffimg.fits.fz,Kulkarni,2,,,,1043,20,466,,,,,,,,,,,,,,,,,,,,,,,,,,,,,,,,,,,,26.131399154663086,7.863470273150597e-06,0.02734849974513054,0.10694999992847443,1.2618000255315565e-05,t17_f5_c3,ZTF19aahvvtu
2458797.981794,2,1043481792015,19.839500427246094,/ztf/archive/sci/2019/1110/481794/ztf_20191110481794_000466_zr_c06_o_q1_scimrefdiffimg.fits.fz,Kulkarni,2,,,,1043,20,466,,,,,,,,,,,,,,,,,,,,,,,,,,,,,,,,,,,,26.137399673461914,7.846459993743338e-06,0.027356600388884544,0.10875000059604645,1.2583600437210407e-05,t17_f5_c3,ZTF19aahvvtu
2458797.9822454,2,1043482242015,19.78190040588379,/ztf/archive/sci/2019/1110/482245/ztf_20191110482245_000466_zr_c06_o_q1_scimrefdiffimg.fits.fz,Kulkarni,2,1.043482242015015e+18,1,7.0,1043,20,466,1190.5899658203125,1694.9200439453125,138.9864189,3.9683171,19.79360008239746,0.2259169965982437,0.8957780003547668,20.012699127197266,0.5206000208854675,0.09077800065279007,19.118999481201172,0.02500000037252903,1.1990000009536743,0.02500000037252903,-0.23806500434875488,0.21915000677108765,2.9000000953674316,0.9589999914169312,1190.5899658203125,-0.23077499866485596,0.797065019607544,0.6919999718666077,0.6100000143051147,0.23862099647521973,0.21034500002861023,1.1344300508499146,5.0,0.0,0.892857015132904,0.8920639753341675,19.848800659179688,0.5745000243186951,138.9864385,3.9683355,7.43762,26.14550018310547,7.929390449135099e-06,0.02752159908413887,0.1089169979095459,1.2727499779430218e-05,t17_f5_c3,ZTF19aahvvtu
2458797.9826968,2,1043482692015,19.776100158691406,/ztf/archive/sci/2019/1110/482697/ztf_20191110482697_000466_zr_c06_o_q1_scimrefdiffimg.fits.fz,Kulkarni,2,,,,1043,20,466,,,,,,,,,,,,,,,,,,,,,,,,,,,,,,,,,,,,26.148099899291992,7.440909939759877e-06,0.026726599782705307,0.10525599867105484,1.1983100193901919e-05,t17_f5_c3,ZTF19aahvvtu
2458797.9831481,2,1043483142015,19.833499908447266,/ztf/archive/sci/2019/1110/483148/ztf_20191110483148_000466_zr_c06_o_q1_scimrefdiffimg.fits.fz,Kulkarni,2,1.043483142015015e+18,1,5.0,1043,20,466,1191.1300048828125,1695.02001953125,138.9864628,3.9683743,20.22719955444336,0.2741610109806061,0.7103739976882935,20.28510093688965,0.6557000279426575,0.1634799987077713,19.118999481201172,0.02500000037252903,1.1990000009536743,0.02500000037252903,0.057844001799821854,0.057937998324632645,1.1238800287246704,0.972000002861023,1191.1300048828125,-0.451649010181427,2.0,0.4819999933242798,0.4059999883174896,0.42886999249458313,0.3612470030784607,1.187190055847168,9.0,0.0,0.8399999737739563,0.6828219890594482,19.864099502563477,0.5712000131607056,138.9864385,3.9683355,5.52284,26.14419937133789,7.75519038143102e-06,0.027355099096894264,0.10951100289821625,1.251520006917417e-05,t17_f5_c3,ZTF19aahvvtu
2458797.9835995,2,1043483592015,19.8351993560791,/ztf/archive/sci/2019/1110/483600/ztf_20191110483600_000466_zr_c06_o_q1_scimrefdiffimg.fits.fz,Kulkarni,2,1.043483592015015e+18,1,3.0,1043,20,466,1191.06005859375,1695.1500244140625,138.9863868,3.9683438,20.18429946899414,0.32435399293899536,1.3833800554275513,19.56369972229004,0.3402000069618225,0.177155002951622,19.118999481201172,0.02500000037252903,1.1990000009536743,0.02500000037252903,0.6364820003509521,-0.6205520033836365,1.1154199838638306,0.9409999847412109,1191.06005859375,0.2714709937572479,2.0,0.5230000019073486,0.44699999690055847,0.4688810110092163,0.4007450044155121,1.1700199842453003,7.0,0.0,0.6299999952316284,0.681352972984314,19.69700050354004,0.49309998750686646,138.9864385,3.9683355,5.32638,26.122299194335938,7.341110176639631e-06,0.02661309950053692,0.11407399922609329,1.1820499821624253e-05,t17_f5_c3,ZTF19aahvvtu
2458797.9840509,2,1043484052015,19.829099655151367,/ztf/archive/sci/2019/1110/484051/ztf_20191110484051_000466_zr_c06_o_q1_scimrefdiffimg.fits.fz,Kulkarni,2,,,,1043,20,466,,,,,,,,,,,,,,,,,,,,,,,,,,,,,,,,,,,,26.132099151611328,6.921390195202548e-06,0.025774799287319183,0.11262500286102295,1.1119300324935466e-05,t17_f5_c3,ZTF19aahvvtu
2458797.9845023,2,1043484502015,19.81399917602539,/ztf/archive/sci/2019/1110/484502/ztf_20191110484502_000466_zr_c06_o_q1_scimrefdiffimg.fits.fz,Kulkarni,2,,,,1043,20,466,,,,,,,,,,,,,,,,,,,,,,,,,,,,,,,,,,,,26.132999420166016,7.197279956017155e-06,0.02624710090458393,0.10442499816417694,1.159390012617223e-05,t17_f5_c3,ZTF19aahvvtu
2458797.9849653,2,1043484962015,19.74410057067871,/ztf/archive/sci/2019/1110/484954/ztf_20191110484954_000466_zr_c06_o_q1_scimrefdiffimg.fits.fz,Kulkarni,2,,,,1043,20,466,,,,,,,,,,,,,,,,,,,,,,,,,,,,,,,,,,,,26.142900466918945,7.3306400736328214e-06,0.026427099481225014,0.10357800126075745,1.175519992102636e-05,t17_f5_c3,ZTF19aahvvtu
2458797.9854167,2,1043485412015,19.767499923706055,/ztf/archive/sci/2019/1110/485405/ztf_20191110485405_000466_zr_c06_o_q1_scimrefdiffimg.fits.fz,Kulkarni,2,,,,1043,20,466,,,,,,,,,,,,,,,,,,,,,,,,,,,,,,,,,,,,26.147899627685547,6.493030014098622e-06,0.025010699406266212,0.10468100011348724,1.0442399798193946e-05,t17_f5_c3,ZTF19aahvvtu
2458797.9858681,2,1043485862015,19.870500564575195,/ztf/archive/sci/2019/1110/485868/ztf_20191110485868_000466_zr_c06_o_q1_scimrefdiffimg.fits.fz,Kulkarni,2,,,,1043,20,466,,,,,,,,,,,,,,,,,,,,,,,,,,,,,,,,,,,,26.132200241088867,7.679290320083965e-06,0.027197299525141716,0.11049100011587143,1.2364300346234813e-05,t17_f5_c3,ZTF19aahvvtu
2458797.9863194,2,1043486312015,19.866600036621094,/ztf/archive/sci/2019/1110/486319/ztf_20191110486319_000466_zr_c06_o_q1_scimrefdiffimg.fits.fz,Kulkarni,2,1.043486312015015e+18,1,8.0,1043,20,466,1191.8900146484375,1696.0,138.9863436,3.9682964,20.052499771118164,0.2759619951248169,0.8076639771461487,19.829599380493164,0.4219000041484833,0.37309300899505615,19.118999481201172,0.02500000037252903,1.1990000009536743,0.02500000037252903,0.06364600360393524,-0.22285500168800354,1.1154199838638306,0.8999999761581421,1191.8900146484375,0.03696399927139282,2.0,0.8019999861717224,0.675000011920929,0.7190099954605103,0.6051520109176636,1.1881500482559204,3.0,0.0,0.8742859959602356,0.997061014175415,19.723899841308594,0.4909999966621399,138.9864385,3.9683355,5.90896,26.133499145507812,8.532139872841071e-06,0.02854520082473755,0.1082260012626648,1.3748799574386794e-05,t17_f5_c3,ZTF19aahvvtu
2458797.9867708,2,1043486772015,19.837099075317383,/ztf/archive/sci/2019/1110/486771/ztf_20191110486771_000466_zr_c06_o_q1_scimrefdiffimg.fits.fz,Kulkarni,2,1.043486772015015e+18,1,4.0,1043,20,466,1191.5899658203125,1695.699951171875,138.9864844,3.9683936,20.049699783325195,0.29346001148223877,0.7217140197753906,19.99519920349121,0.49470001459121704,0.2643220126628876,19.118999481201172,0.02500000037252903,1.1990000009536743,0.02500000037252903,-0.27036601305007935,-0.05454700067639351,1.1364599466323853,0.9879999756813049,1191.5899658203125,-0.15806999802589417,2.0,0.6859999895095825,0.5849999785423279,0.603630006313324,0.5147579908370972,1.1726499795913696,8.0,0.0,0.9071429967880249,0.9083219766616821,19.655899047851562,0.4648999869823456,138.9864385,3.9683355,5.94434,26.132699966430664,7.873039976402652e-06,0.02751290053129196,0.11074800044298172,1.2691700248979032e-05,t17_f5_c3,ZTF19aahvvtu
2458797.9872222,2,1043487222015,19.84589958190918,/ztf/archive/sci/2019/1110/487222/ztf_20191110487222_000466_zr_c06_o_q1_scimrefdiffimg.fits.fz,Kulkarni,2,1.043487222015015e+18,1,8.0,1043,20,466,1191.72998046875,1696.0699462890625,138.9863886,3.9682912,19.961299896240234,0.2315720021724701,0.8798660039901733,20.071699142456055,0.5268999934196472,0.23630499839782715,19.118999481201172,0.02500000037252903,1.1990000009536743,0.02500000037252903,0.06967400014400482,0.11042100191116333,1.1364599466323853,0.9890000224113464,1191.72998046875,-0.2258089929819107,2.0,0.6549999713897705,0.5370000004768372,0.5763530135154724,0.47252100706100464,1.2197400331497192,4.0,0.0,0.9200000166893005,1.0,19.74049949645996,0.4986000061035156,138.9864385,3.9683355,6.69772,26.139299392700195,6.84472979628481e-06,0.025702299550175667,0.10945399850606918,1.1052399713662453e-05,t17_f5_c3,ZTF19aahvvtu
2458797.9876736,2,1043487672015,19.856199264526367,/ztf/archive/sci/2019/1110/487674/ztf_20191110487674_000466_zr_c06_o_q1_scimrefdiffimg.fits.fz,Kulkarni,2,1.043487672015015e+18,1,9.0,1043,20,466,1191.4100341796875,1696.1800537109375,138.9863659,3.9683358,20.03529930114746,0.2934260070323944,0.6796420216560364,19.697599411010742,0.36910000443458557,0.25221800804138184,19.118999481201172,0.02500000037252903,1.1990000009536743,0.02500000037252903,0.07653599977493286,-0.33770498633384705,1.1392300128936768,0.9769999980926514,1191.4100341796875,0.15861199796199799,2.0,0.8759999871253967,0.7450000047683716,0.7689390182495117,0.6539490222930908,1.1758400201797485,4.0,0.0,0.8771430253982544,1.0,19.936199188232422,0.589900016784668,138.9864385,3.9683355,5.43737,26.15530014038086,7.818730409780983e-06,0.02744239941239357,0.10792700201272964,1.2571899787872098e-05,t17_f5_c3,ZTF19aahvvtu
2458797.988125,2,1043488122015,19.801000595092773,/ztf/archive/sci/2019/1110/488125/ztf_20191110488125_000466_zr_c06_o_q1_scimrefdiffimg.fits.fz,Kulkarni,2,,,,1043,20,466,,,,,,,,,,,,,,,,,,,,,,,,,,,,,,,,,,,,26.14859962463379,7.867860404076055e-06,0.027580300346016884,0.10930199921131134,1.2711299859802239e-05,t17_f5_c3,ZTF19aahvvtu
2458797.9885764,2,1043488572015,19.850500106811523,/ztf/archive/sci/2019/1110/488576/ztf_20191110488576_000466_zr_c06_o_q1_scimrefdiffimg.fits.fz,Kulkarni,2,,,,1043,20,466,,,,,,,,,,,,,,,,,,,,,,,,,,,,,,,,,,,,26.13479995727539,7.4276099439885e-06,0.02669770084321499,0.10952100157737732,1.1980599992966745e-05,t17_f5_c3,ZTF19aahvvtu
2458797.9890278,2,1043489022015,19.87380027770996,/ztf/archive/sci/2019/1110/489028/ztf_20191110489028_000466_zr_c06_o_q1_scimrefdiffimg.fits.fz,Kulkarni,2,1.043489022015015e+18,1,7.0,1043,20,466,1191.93994140625,1696.449951171875,138.9864852,3.9683526,20.14940071105957,0.26377201080322266,1.2058000564575195,19.874399185180664,0.43299999833106995,0.17760500311851501,19.118999481201172,0.02500000037252903,1.1990000009536743,0.02500000037252903,0.7690150141716003,-0.2749510109424591,1.125290036201477,0.8809999823570251,1191.93994140625,-0.0006210000137798488,2.0,0.8040000200271606,0.7360000014305115,0.7144839763641357,0.6540549993515015,1.0923899412155151,5.0,0.0,0.8714290261268616,0.9928629994392395,20.085800170898438,0.6746000051498413,138.9864385,3.9683355,5.08316,26.138399124145508,6.499049959529657e-06,0.024966899305582047,0.11296699941158295,1.0464699698786717e-05,t17_f5_c3,ZTF19aahvvtu
2458797.9894792,2,1043489472015,19.87190055847168,/ztf/archive/sci/2019/1110/489479/ztf_20191110489479_000466_zr_c06_o_q1_scimrefdiffimg.fits.fz,Kulkarni,2,,,,1043,20,466,,,,,,,,,,,,,,,,,,,,,,,,,,,,,,,,,,,,26.135299682617188,7.5973298407916445e-06,0.026973500847816467,0.10942299664020538,1.2230600077600684e-05,t17_f5_c3,ZTF19aahvvtu
2458797.9899306,2,1043489932015,19.861799240112305,/ztf/archive/sci/2019/1110/489931/ztf_20191110489931_000466_zr_c06_o_q1_scimrefdiffimg.fits.fz,Kulkarni,2,1.043489932015015e+18,1,7.0,1043,20,466,1191.989990234375,1696.5799560546875,138.986491,3.9683583,20.066699981689453,0.24601399898529053,0.8455600142478943,19.217599868774414,0.23680000007152557,0.19832399487495422,19.118999481201172,0.02500000037252903,1.1990000009536743,0.02500000037252903,-0.3146289885044098,-0.8491439819335938,1.1364599466323853,0.9860000014305115,1191.989990234375,0.6442409753799438,2.0,0.6669999957084656,0.5569999814033508,0.5869119763374329,0.490119993686676,1.1974899768829346,7.0,0.0,0.5628569722175598,0.7841399908065796,19.018999099731445,0.2531000077724457,138.9864385,3.9683355,5.9055,26.13170051574707,7.362700216617668e-06,0.0265944991260767,0.1122869998216629,1.18629995995434e-05,t17_f5_c3,ZTF19aahvvtu
2458797.9903819,2,1043490382015,19.873600006103516,/ztf/archive/sci/2019/1110/490382/ztf_20191110490382_000466_zr_c06_o_q1_scimrefdiffimg.fits.fz,Kulkarni,2,,,,1043,20,466,,,,,,,,,,,,,,,,,,,,,,,,,,,,,,,,,,,,26.15060043334961,7.600359822390601e-06,0.026943299919366837,0.10579600185155869,1.2239699572091922e-05,t17_f5_c3,ZTF19aahvvtu
2458797.9908333,2,1043490832015,19.88520050048828,/ztf/archive/sci/2019/1110/490833/ztf_20191110490833_000466_zr_c06_o_q1_scimrefdiffimg.fits.fz,Kulkarni,2,,,,1043,20,466,,,,,,,,,,,,,,,,,,,,,,,,,,,,,,,,,,,,26.143600463867188,7.192869816208258e-06,0.026246000081300735,0.10858599841594696,1.1590200301725417e-05,t17_f5_c3,ZTF19aahvvtu
2458797.9912847,2,1043491282015,19.876399993896484,/ztf/archive/sci/2019/1110/491285/ztf_20191110491285_000466_zr_c06_o_q1_scimrefdiffimg.fits.fz,Kulkarni,2,,,,1043,20,466,,,,,,,,,,,,,,,,,,,,,,,,,,,,,,,,,,,,26.154499053955078,6.534120075230021e-06,0.025077100843191147,0.10710500180721283,1.0536000445426907e-05,t17_f5_c3,ZTF19aahvvtu
2458797.9917361,2,1043491732015,19.87649917602539,/ztf/archive/sci/2019/1110/491736/ztf_20191110491736_000466_zr_c06_o_q1_scimrefdiffimg.fits.fz,Kulkarni,2,,,,1043,20,466,,,,,,,,,,,,,,,,,,,,,,,,,,,,,,,,,,,,26.145099639892578,7.2328898568230215e-06,0.026324400678277016,0.10773500055074692,1.1634199836407788e-05,t17_f5_c3,ZTF19aahvvtu
2458797.9921875,2,1043492182015,19.824499130249023,/ztf/archive/sci/2019/1110/492188/ztf_20191110492188_000466_zr_c06_o_q1_scimrefdiffimg.fits.fz,Kulkarni,2,,,,1043,20,466,,,,,,,,,,,,,,,,,,,,,,,,,,,,,,,,,,,,26.14780044555664,6.587310053873807e-06,0.0251460000872612,0.10820499807596207,1.0625200047797989e-05,t17_f5_c3,ZTF19aahvvtu
2458797.9926389,2,1043492632015,19.93000030517578,/ztf/archive/sci/2019/1110/492639/ztf_20191110492639_000466_zr_c06_o_q1_scimrefdiffimg.fits.fz,Kulkarni,2,1.043492632015015e+18,1,7.0,1043,20,466,1192.7900390625,1697.1700439453125,138.9864446,3.9683421,19.901500701904297,0.24544699490070343,1.6025300025939941,19.54669952392578,0.3077999949455261,0.029464999213814735,19.118999481201172,0.02500000037252903,1.1990000009536743,0.02500000037252903,0.7941449880599976,-0.3547869920730591,1.4199999570846558,0.9860000014305115,1192.7900390625,0.38332599401474,1.5690200328826904,0.9779999852180481,0.8220000267028809,0.6887320280075073,0.5788729786872864,1.1897799968719482,3.0,0.0,0.8128569722175598,0.988851010799408,19.998899459838867,0.5981000065803528,138.9864385,3.9683355,6.18866,26.14349937438965,7.1258400566875935e-06,0.026153700426220894,0.1122329980134964,1.149039962911047e-05,t17_f5_c3,ZTF19aahvvtu
2458797.9930903,2,1043493092015,19.904499053955078,/ztf/archive/sci/2019/1110/493090/ztf_20191110493090_000466_zr_c06_o_q1_scimrefdiffimg.fits.fz,Kulkarni,2,1.043493092015015e+18,1,3.0,1043,20,466,1192.3599853515625,1696.969970703125,138.9864305,3.9683875,20.090700149536133,0.2792850136756897,0.7587170004844666,20.259199142456055,0.6007000207901001,0.1971839964389801,19.118999481201172,0.02500000037252903,1.1990000009536743,0.02500000037252903,0.19059999287128448,0.16848599910736084,1.122480034828186,0.7440000176429749,1192.3599853515625,-0.3546620011329651,2.0,0.7110000252723694,0.550000011920929,0.6334199905395508,0.48998698592185974,1.2927299737930298,5.0,0.0,0.9214289784431458,0.9882599711418152,20.282699584960938,0.7879999876022339,138.9864385,3.9683355,5.41729,26.133699417114258,6.858089818706503e-06,0.025708500295877457,0.11429300159215927,1.1088500286859926e-05,t17_f5_c3,ZTF19aahvvtu
2458797.9935417,2,1043493542015,19.849000930786133,/ztf/archive/sci/2019/1110/493542/ztf_20191110493542_000466_zr_c06_o_q1_scimrefdiffimg.fits.fz,Kulkarni,2,,,,1043,20,466,,,,,,,,,,,,,,,,,,,,,,,,,,,,,,,,,,,,26.142099380493164,7.1809899964137e-06,0.02620540000498295,0.10655099898576736,1.156859980255831e-05,t17_f5_c3,ZTF19aahvvtu
2458797.9939931,2,1043493992015,19.874799728393555,/ztf/archive/sci/2019/1110/493993/ztf_20191110493993_000466_zr_c06_o_q1_scimrefdiffimg.fits.fz,Kulkarni,2,,,,1043,20,466,,,,,,,,,,,,,,,,,,,,,,,,,,,,,,,,,,,,26.14620018005371,7.4134700298600364e-06,0.02671249955892563,0.10179600119590759,1.1963100405409932e-05,t17_f5_c3,ZTF19aahvvtu
2458797.9944444,2,1043494442015,19.937999725341797,/ztf/archive/sci/2019/1110/494444/ztf_20191110494444_000466_zr_c06_o_q1_scimrefdiffimg.fits.fz,Kulkarni,2,,,,1043,20,466,,,,,,,,,,,,,,,,,,,,,,,,,,,,,,,,,,,,26.14080047607422,7.017719781288179e-06,0.025960499420762062,0.10581400245428085,1.1295999684080016e-05,t17_f5_c3,ZTF19aahvvtu
2458797.9948958,2,1043494892015,19.92650032043457,/ztf/archive/sci/2019/1110/494896/ztf_20191110494896_000466_zr_c06_o_q1_scimrefdiffimg.fits.fz,Kulkarni,2,1.043494892015015e+18,1,5.0,1043,20,466,1192.93994140625,1697.5,138.9863397,3.9683573,20.36549949645996,0.32971900701522827,1.0131399631500244,19.984600067138672,0.453900009393692,0.3535679876804352,19.118999481201172,0.02500000037252903,1.1990000009536743,0.02500000037252903,0.5555530190467834,-0.38091400265693665,1.1322799921035767,0.8989999890327454,1192.93994140625,-0.05810200050473213,2.0,0.703000009059906,0.5440000295639038,0.6208699941635132,0.4804460108280182,1.2922799587249756,7.0,0.0,0.8642860054969788,0.8096979856491089,20.029199600219727,0.6065000295639038,138.9864385,3.9683355,5.01962,26.148500442504883,6.849700184829999e-06,0.02561580017209053,0.10947900265455246,1.1040399840567261e-05,t17_f5_c3,ZTF19aahvvtu
2458797.9953472,2,1043495342015,19.89419937133789,/ztf/archive/sci/2019/1110/495347/ztf_20191110495347_000466_zr_c06_o_q1_scimrefdiffimg.fits.fz,Kulkarni,2,,,,1043,20,466,,,,,,,,,,,,,,,,,,,,,,,,,,,,,,,,,,,,26.141300201416016,8.404150321439374e-06,0.02840990014374256,0.1129089966416359,1.3492300240613986e-05,t17_f5_c3,ZTF19aahvvtu
2458797.9957986,2,1043495792015,19.90570068359375,/ztf/archive/sci/2019/1110/495799/ztf_20191110495799_000466_zr_c06_o_q1_scimrefdiffimg.fits.fz,Kulkarni,2,1.043495792015015e+18,1,5.0,1043,20,466,1193.27001953125,1698.0699462890625,138.9864574,3.9682764,19.869699478149414,0.21071000397205353,0.7856709957122803,19.368999481201172,0.2623000144958496,0.22567099332809448,19.118999481201172,0.02500000037252903,1.1990000009536743,0.02500000037252903,0.14212100207805634,-0.5006800293922424,1.1364599466323853,0.8920000195503235,1193.27001953125,0.5367220044136047,2.0,0.652999997138977,0.5789999961853027,0.5745930075645447,0.509477972984314,1.127810001373291,5.0,0.0,0.7657139897346497,0.9552080035209656,19.28459930419922,0.3109000027179718,138.9864385,3.9683355,7.14276,26.133699417114258,7.013829872448696e-06,0.025958800688385963,0.11243599653244019,1.1326400453981478e-05,t17_f5_c3,ZTF19aahvvtu
2458797.99625,2,1043496242015,19.918899536132812,/ztf/archive/sci/2019/1110/496250/ztf_20191110496250_000466_zr_c06_o_q1_scimrefdiffimg.fits.fz,Kulkarni,2,,,,1043,20,466,,,,,,,,,,,,,,,,,,,,,,,,,,,,,,,,,,,,26.135000228881836,7.4134100032097194e-06,0.026686500757932663,0.10814300179481506,1.1961799827986397e-05,t17_f5_c3,ZTF19aahvvtu
2458797.9967014,2,1043496702015,19.92729949951172,/ztf/archive/sci/2019/1110/496701/ztf_20191110496701_000466_zr_c06_o_q1_scimrefdiffimg.fits.fz,Kulkarni,2,,,,1043,20,466,,,,,,,,,,,,,,,,,,,,,,,,,,,,,,,,,,,,26.13759994506836,6.937500074855052e-06,0.02575260028243065,0.10677199810743332,1.1191899830009788e-05,t17_f5_c3,ZTF19aahvvtu
2458797.9971528,2,1043497152015,19.895700454711914,/ztf/archive/sci/2019/1110/497153/ztf_20191110497153_000466_zr_c06_o_q1_scimrefdiffimg.fits.fz,Kulkarni,2,1.043497152015015e+18,1,8.0,1043,20,466,1193.27001953125,1697.699951171875,138.9864135,3.9683957,20.13990020751953,0.2753959894180298,1.0273699760437012,20.077600479125977,0.49470001459121704,0.22861699759960175,19.118999481201172,0.02500000037252903,1.1990000009536743,0.02500000037252903,-0.019197000190615654,-0.06234300136566162,1.1639100313186646,0.9049999713897705,1193.27001953125,-0.18189500272274017,2.0,0.7889999747276306,0.6320000290870667,0.6778870224952698,0.5429970026016235,1.248420000076294,7.0,0.0,0.9142860174179077,0.8481979966163635,19.95549964904785,0.5669000148773193,138.9864385,3.9683355,5.47054,26.151899337768555,7.012440164544387e-06,0.025992900133132935,0.10836700350046158,1.1303000064799562e-05,t17_f5_c3,ZTF19aahvvtu
2458797.9976042,2,1043497602015,19.954700469970703,/ztf/archive/sci/2019/1110/497604/ztf_20191110497604_000466_zr_c06_o_q1_scimrefdiffimg.fits.fz,Kulkarni,2,1.043497602015015e+18,1,5.0,1043,20,466,1193.9000244140625,1697.7900390625,138.9863979,3.9684547,20.028099060058594,0.2551119923591614,1.0567699670791626,20.14080047607422,0.5152999758720398,0.4468649923801422,19.118999481201172,0.02500000037252903,1.1990000009536743,0.02500000037252903,0.8470029830932617,0.1127140000462532,1.122480034828186,0.9869999885559082,1193.9000244140625,-0.18609200417995453,2.0,0.6420000195503235,0.4650000035762787,0.5719490051269531,0.41426199674606323,1.3806500434875488,7.0,0.0,0.8785709738731384,0.8578019738197327,20.074499130249023,0.621999979019165,138.9864385,3.9683355,6.43534,26.13909912109375,6.7481500991561916e-06,0.02555070072412491,0.10972200334072113,1.0906000170507468e-05,t17_f5_c3,ZTF19aahvvtu
2458797.9980556,2,1043498052015,19.929000854492188,/ztf/archive/sci/2019/1110/498056/ztf_20191110498056_000466_zr_c06_o_q1_scimrefdiffimg.fits.fz,Kulkarni,2,,,,1043,20,466,,,,,,,,,,,,,,,,,,,,,,,,,,,,,,,,,,,,26.147300720214844,8.03952025307808e-06,0.027843499556183815,0.11227100342512131,1.2980899555259384e-05,t17_f5_c3,ZTF19aahvvtu
2458797.9985069,2,1043498502015,19.922000885009766,/ztf/archive/sci/2019/1110/498507/ztf_20191110498507_000466_zr_c06_o_q1_scimrefdiffimg.fits.fz,Kulkarni,2,1.043498502015015e+18,1,65.0,1043,20,466,1193.8499755859375,1698.6600341796875,138.9863399,3.9682551,20.313199996948242,0.36330699920654297,1.1068300008773804,20.14699935913086,0.5188000202178955,0.45694699883461,19.118999481201172,0.02500000037252903,1.1990000009536743,0.02500000037252903,0.19943900406360626,-0.1661510020494461,1.154379963874817,0.9269999861717224,1193.8499755859375,-0.22503399848937988,2.0,0.5799999833106995,0.4410000145435333,0.5024359822273254,0.38202399015426636,1.3151899576187134,9.0,0.0,0.7785710096359253,0.5713220238685608,20.466999053955078,0.8934000134468079,138.9864385,3.9683355,5.76443,26.15519905090332,7.719159839325584e-06,0.027218500152230263,0.10422500222921371,1.2401599633449223e-05,t17_f5_c3,ZTF19aahvvtu
2458797.9989583,2,1043498952015,19.905500411987305,/ztf/archive/sci/2019/1110/498958/ztf_20191110498958_000466_zr_c06_o_q1_scimrefdiffimg.fits.fz,Kulkarni,2,,,,1043,20,466,,,,,,,,,,,,,,,,,,,,,,,,,,,,,,,,,,,,26.154699325561523,7.432910024363082e-06,0.026735499501228333,0.10500100255012512,1.193249954667408e-05,t17_f5_c3,ZTF19aahvvtu
2458797.9994097,2,1043499402015,19.97439956665039,/ztf/archive/sci/2019/1110/499410/ztf_20191110499410_000466_zr_c06_o_q1_scimrefdiffimg.fits.fz,Kulkarni,2,,,,1043,20,466,,,,,,,,,,,,,,,,,,,,,,,,,,,,,,,,,,,,26.153499603271484,7.475809979951009e-06,0.02675599977374077,0.10517799854278564,1.202669955091551e-05,t17_f5_c3,ZTF19aahvvtu
2458797.9998611,2,1043499862015,19.94230079650879,/ztf/archive/sci/2019/1110/499861/ztf_20191110499861_000466_zr_c06_o_q1_scimrefdiffimg.fits.fz,Kulkarni,2,1.043499862015015e+18,1,66.0,1043,20,466,1194.2099609375,1698.9300537109375,138.9864631,3.9682829,19.930400848388672,0.2225549966096878,0.6201050281524658,20.099199295043945,0.49399998784065247,0.20632299780845642,19.118999481201172,0.02500000037252903,1.1990000009536743,0.02500000037252903,0.6233980059623718,0.1688069999217987,1.1406199932098389,0.8939999938011169,1194.2099609375,-0.15690100193023682,2.0,0.5830000042915344,0.5189999938011169,0.5111269950866699,0.45501700043678284,1.1233099699020386,4.0,0.0,0.8500000238418579,0.9400529861450195,20.041099548339844,0.6004999876022339,138.9864385,3.9683355,7.3424,26.14739990234375,6.962649877095828e-06,0.02582309953868389,0.10831599682569504,1.1241700121900067e-05,t17_f5_c3,ZTF19aahvvtu
2458798.0003241,2,1043500322015,19.885400772094727,/ztf/archive/sci/2019/1110/500312/ztf_20191110500312_000466_zr_c06_o_q1_scimrefdiffimg.fits.fz,Kulkarni,2,,,,1043,20,466,,,,,,,,,,,,,,,,,,,,,,,,,,,,,,,,,,,,26.145999908447266,6.212409971340094e-06,0.024413399398326874,0.10870900005102158,9.997709639719687e-06,t17_f5_c3,ZTF19aahvvtu
2458798.0007755,2,1043500772015,19.92770004272461,/ztf/archive/sci/2019/1110/500775/ztf_20191110500775_000466_zr_c06_o_q1_scimrefdiffimg.fits.fz,Kulkarni,2,,,,1043,20,466,,,,,,,,,,,,,,,,,,,,,,,,,,,,,,,,,,,,26.149900436401367,6.526960078190314e-06,0.025035899132490158,0.10322099924087524,1.0527300219109748e-05,t17_f5_c3,ZTF19aahvvtu
2458798.0012269,2,1043501222015,19.947900772094727,/ztf/archive/sci/2019/1110/501227/ztf_20191110501227_000466_zr_c06_o_q1_scimrefdiffimg.fits.fz,Kulkarni,2,,,,1043,20,466,,,,,,,,,,,,,,,,,,,,,,,,,,,,,,,,,,,,26.14259910583496,7.755599654046819e-06,0.027283500880002975,0.11068200320005417,1.247830005013384e-05,t17_f5_c3,ZTF19aahvvtu
2458798.0016782,2,1043501672015,19.990400314331055,/ztf/archive/sci/2019/1110/501678/ztf_20191110501678_000466_zr_c06_o_q1_scimrefdiffimg.fits.fz,Kulkarni,2,,,,1043,20,466,,,,,,,,,,,,,,,,,,,,,,,,,,,,,,,,,,,,26.144399642944336,7.278280008904403e-06,0.026475699618458748,0.11374299973249435,1.1746399650292005e-05,t17_f5_c3,ZTF19aahvvtu
2458798.0021296,2,1043502122015,19.964799880981445,/ztf/archive/sci/2019/1110/502130/ztf_20191110502130_000466_zr_c06_o_q1_scimrefdiffimg.fits.fz,Kulkarni,2,,,,1043,20,466,,,,,,,,,,,,,,,,,,,,,,,,,,,,,,,,,,,,26.143400192260742,7.319680207729107e-06,0.026666099205613136,0.11189500242471695,1.1814499885076657e-05,t17_f5_c3,ZTF19aahvvtu
2458798.002581,2,1043502582015,19.9512996673584,/ztf/archive/sci/2019/1110/502581/ztf_20191110502581_000466_zr_c06_o_q1_scimrefdiffimg.fits.fz,Kulkarni,2,,,,1043,20,466,,,,,,,,,,,,,,,,,,,,,,,,,,,,,,,,,,,,26.160400390625,7.28089980839286e-06,0.026430299505591393,0.10283999890089035,1.1767299838538747e-05,t17_f5_c3,ZTF19aahvvtu
2458798.0030324,2,1043503032015,19.8976993560791,/ztf/archive/sci/2019/1110/503032/ztf_20191110503032_000466_zr_c06_o_q1_scimrefdiffimg.fits.fz,Kulkarni,2,,,,1043,20,466,,,,,,,,,,,,,,,,,,,,,,,,,,,,,,,,,,,,26.152700424194336,7.178599844337441e-06,0.02629219926893711,0.09909109771251678,1.1588599591050297e-05,t17_f5_c3,ZTF19aahvvtu
2458798.0034838,2,1043503482015,19.93199920654297,/ztf/archive/sci/2019/1110/503484/ztf_20191110503484_000466_zr_c06_o_q1_scimrefdiffimg.fits.fz,Kulkarni,2,1.043503482015015e+18,1,6.0,1043,20,466,1194.75,1698.8399658203125,138.9864099,3.9684569,20.177099227905273,0.24232900142669678,0.7757670283317566,19.87980079650879,0.3928000032901764,0.4493510127067566,19.118999481201172,0.02500000037252903,1.1990000009536743,0.02500000037252903,-0.1172500029206276,-0.29730600118637085,1.1827499866485596,0.890999972820282,1194.75,0.05219100043177605,2.0,0.656000018119812,0.5559999942779541,0.5546389818191528,0.47009098529815674,1.17985999584198,7.0,0.0,0.8771430253982544,0.7296670079231262,19.548200607299805,0.37130001187324524,138.9864385,3.9683355,5.93234,26.150100708007812,7.548580015281914e-06,0.026996299624443054,0.10513599961996078,1.2158299796283245e-05,t17_f5_c3,ZTF19aahvvtu
2458798.0039352,2,1043503932015,20.02120018005371,/ztf/archive/sci/2019/1110/503935/ztf_20191110503935_000466_zr_c06_o_q1_scimrefdiffimg.fits.fz,Kulkarni,2,,,,1043,20,466,,,,,,,,,,,,,,,,,,,,,,,,,,,,,,,,,,,,26.15530014038086,7.759499567328021e-06,0.02732750028371811,0.1057410016655922,1.2469299690565094e-05,t17_f5_c3,ZTF19aahvvtu
2458798.0043866,2,1043504382015,20.014699935913086,/ztf/archive/sci/2019/1110/504387/ztf_20191110504387_000466_zr_c06_o_q1_scimrefdiffimg.fits.fz,Kulkarni,2,1.043504382015015e+18,1,7.0,1043,20,466,1193.4300537109375,1699.8299560546875,138.9865187,3.9683024,20.088300704956055,0.22630099952220917,0.8730170130729675,19.951200485229492,0.40700000524520874,0.308463990688324,19.118999481201172,0.02500000037252903,1.1990000009536743,0.02500000037252903,0.19954900443553925,-0.13714100420475006,2.3499999046325684,0.9860000014305115,1193.4300537109375,0.06350299715995789,0.9612669944763184,0.6230000257492065,0.5299999713897705,0.2651059925556183,0.22553199529647827,1.175469994544983,7.0,0.0,0.8971430063247681,0.8365769982337952,20.098600387573242,0.5981000065803528,138.9864385,3.9683355,6.24987,26.137300491333008,7.0898800004215445e-06,0.026061400771141052,0.11125899851322174,1.1393800377845764e-05,t17_f5_c3,ZTF19aahvvtu
2458798.004838,2,1043504832015,19.982999801635742,/ztf/archive/sci/2019/1110/504838/ztf_20191110504838_000466_zr_c06_o_q1_scimrefdiffimg.fits.fz,Kulkarni,2,1.043504832015015e+18,1,6.0,1043,20,466,1194.6700439453125,1699.760009765625,138.9863952,3.9682971,20.081499099731445,0.24799999594688416,0.8492940068244934,19.753299713134766,0.3407999873161316,0.2117920070886612,19.118999481201172,0.02500000037252903,1.1990000009536743,0.02500000037252903,0.3163900077342987,-0.3282169997692108,2.5299999713897705,0.9829999804496765,1194.6700439453125,0.229653999209404,0.9168649911880493,0.7269999980926514,0.6269999742507935,0.2873519957065582,0.2478259950876236,1.1594899892807007,9.0,0.0,0.892857015132904,0.8967649936676025,19.951900482177734,0.5242999792098999,138.9864385,3.9683355,6.47207,26.140499114990234,7.424559953506105e-06,0.02675740048289299,0.11245899647474289,1.198130030388711e-05,t17_f5_c3,ZTF19aahvvtu
2458798.0052894,2,1043505282015,19.914199829101562,/ztf/archive/sci/2019/1110/505289/ztf_20191110505289_000466_zr_c06_o_q1_scimrefdiffimg.fits.fz,Kulkarni,2,,,,1043,20,466,,,,,,,,,,,,,,,,,,,,,,,,,,,,,,,,,,,,26.162799835205078,6.822680006735027e-06,0.025705300271511078,0.10062000155448914,1.0994500371452887e-05,t17_f5_c3,ZTF19aahvvtu
2458798.0057407,2,1043505742015,19.940799713134766,/ztf/archive/sci/2019/1110/505741/ztf_20191110505741_000466_zr_c06_o_q1_scimrefdiffimg.fits.fz,Kulkarni,2,,,,1043,20,466,,,,,,,,,,,,,,,,,,,,,,,,,,,,,,,,,,,,26.161399841308594,6.471810138464207e-06,0.02498210035264492,0.10099200159311295,1.0428600035083946e-05,t17_f5_c3,ZTF19aahvvtu
2458798.0061921,2,1043506192015,19.976499557495117,/ztf/archive/sci/2019/1110/506192/ztf_20191110506192_000466_zr_c06_o_q1_scimrefdiffimg.fits.fz,Kulkarni,2,1.043506192015015e+18,1,6.0,1043,20,466,1194.489990234375,1700.030029296875,138.9863395,3.968353,20.209800720214844,0.2682670056819916,1.0843900442123413,19.67300033569336,0.3142000138759613,0.3565469980239868,19.118999481201172,0.02500000037252903,1.1990000009536743,0.02500000037252903,0.2846139967441559,-0.5367529988288879,1.1747100353240967,0.9700000286102295,1194.489990234375,0.3035140037536621,2.0,0.6980000138282776,0.574999988079071,0.5941870212554932,0.48948100209236145,1.2139099836349487,6.0,0.0,0.7385709881782532,0.8383349776268005,19.87929916381836,0.4869999885559082,138.9864385,3.9683355,5.67661,26.150800704956055,6.790060069761239e-06,0.025508500635623932,0.10869800299406052,1.0911199751717504e-05,t17_f5_c3,ZTF19aahvvtu
2458798.0066435,2,1043506642015,20.019399642944336,/ztf/archive/sci/2019/1110/506644/ztf_20191110506644_000466_zr_c06_o_q1_scimrefdiffimg.fits.fz,Kulkarni,2,,,,1043,20,466,,,,,,,,,,,,,,,,,,,,,,,,,,,,,,,,,,,,26.150400161743164,8.29203963803593e-06,0.028132999315857887,0.1066489964723587,1.3318700439413078e-05,t17_f5_c3,ZTF19aahvvtu
2458798.0070949,2,1043507092015,20.040700912475586,/ztf/archive/sci/2019/1110/507095/ztf_20191110507095_000466_zr_c06_o_q1_scimrefdiffimg.fits.fz,Kulkarni,2,,,,1043,20,466,,,,,,,,,,,,,,,,,,,,,,,,,,,,,,,,,,,,26.147499084472656,7.366690169874346e-06,0.026609400287270546,0.10422500222921371,1.1852600437123328e-05,t17_f5_c3,ZTF19aahvvtu
2458798.0075463,2,1043507542015,20.04290008544922,/ztf/archive/sci/2019/1110/507546/ztf_20191110507546_000466_zr_c06_o_q1_scimrefdiffimg.fits.fz,Kulkarni,2,1.043507542015015e+18,1,8.0,1043,20,466,1194.68994140625,1700.199951171875,138.9864301,3.9683308,20.268800735473633,0.31106099486351013,0.8736799955368042,20.039199829101562,0.4278999865055084,0.027202999219298363,19.118999481201172,0.02500000037252903,1.1990000009536743,0.02500000037252903,-0.22842399775981903,-0.2296140044927597,1.1364599466323853,0.8510000109672546,1194.68994140625,0.0037430000957101583,2.0,0.7149999737739563,0.5619999766349792,0.629148006439209,0.4945189952850342,1.2722400426864624,10.0,0.0,0.8685709834098816,0.5997030138969421,20.010799407958984,0.5342000126838684,138.9864385,3.9683355,5.06109,26.14579963684082,7.963470125105232e-06,0.027597300708293915,0.10892699658870697,1.2800500371668022e-05,t17_f5_c3,ZTF19aahvvtu
2458798.0079977,2,1043507992015,20.005399703979492,/ztf/archive/sci/2019/1110/507998/ztf_20191110507998_000466_zr_c06_o_q1_scimrefdiffimg.fits.fz,Kulkarni,2,,,,1043,20,466,,,,,,,,,,,,,,,,,,,,,,,,,,,,,,,,,,,,26.148000717163086,6.694439889542991e-06,0.025388900190591812,0.10570099949836731,1.0779100193758495e-05,t17_f5_c3,ZTF19aahvvtu
2458798.0084491,2,1043508442015,20.00779914855957,/ztf/archive/sci/2019/1110/508449/ztf_20191110508449_000466_zr_c06_o_q1_scimrefdiffimg.fits.fz,Kulkarni,2,1.043508442015015e+18,1,9.0,1043,20,466,1195.050048828125,1701.0899658203125,138.9863733,3.9681602,20.203500747680664,0.2982200086116791,1.0678900480270386,19.7903995513916,0.34139999747276306,0.6682090163230896,19.118999481201172,0.02500000037252903,1.1990000009536743,0.02500000037252903,0.45080700516700745,-0.41312700510025024,1.170680046081543,0.5889999866485596,1195.050048828125,0.21740899980068207,2.0,0.9679999947547913,0.7490000128746033,0.8268740177154541,0.6398019790649414,1.292389988899231,5.0,0.0,0.7857139706611633,0.9304879903793335,19.95509910583496,0.508899986743927,138.9864385,3.9683355,5.65543,26.148500442504883,6.442769972636597e-06,0.024970300495624542,0.10064899921417236,1.0379800187365618e-05,t17_f5_c3,ZTF19aahvvtu
2458798.0089005,2,1043508902015,20.086000442504883,/ztf/archive/sci/2019/1110/508900/ztf_20191110508900_000466_zr_c06_o_q1_scimrefdiffimg.fits.fz,Kulkarni,2,1.043508902015015e+18,1,7.0,1043,20,466,1195.469970703125,1700.5999755859375,138.9863308,3.9683167,20.086000442504883,0.2881059944629669,1.4180200099945068,20.202299118041992,0.4788999855518341,0.39147400856018066,19.118999481201172,0.02500000037252903,1.1990000009536743,0.02500000037252903,0.5641670227050781,0.11626999825239182,2.9100000858306885,0.9010000228881836,1195.469970703125,-0.1162789985537529,0.7810699939727783,0.8090000152587891,0.6669999957084656,0.27800700068473816,0.2292100042104721,1.2128900289535522,4.0,0.0,0.892857015132904,0.9868729710578918,20.182600021362305,0.6021999716758728,138.9864385,3.9683355,6.33694,26.155000686645508,7.57807993068127e-06,0.0270857997238636,0.10786700248718262,1.2225899808981922e-05,t17_f5_c3,ZTF19aahvvtu
2458798.0093519,2,1043509352015,20.050100326538086,/ztf/archive/sci/2019/1110/509352/ztf_20191110509352_000466_zr_c06_o_q1_scimrefdiffimg.fits.fz,Kulkarni,2,1.043509352015015e+18,1,8.0,1043,20,466,1195.22998046875,1700.8199462890625,138.9863176,3.9682595,20.44260025024414,0.3409700095653534,0.9448530077934265,19.710399627685547,0.30809998512268066,0.5101860165596008,19.118999481201172,0.02500000037252903,1.1990000009536743,0.02500000037252903,0.3795109987258911,-0.732243001461029,1.1598299741744995,0.8840000033378601,1195.22998046875,0.339713990688324,2.0,0.7860000133514404,0.5139999985694885,0.6776829957962036,0.4431670010089874,1.5291800498962402,7.0,0.0,0.5428569912910461,0.9159979820251465,19.611099243164062,0.3603000044822693,138.9864385,3.9683355,5.30321,26.153600692749023,6.950269835215295e-06,0.02592100016772747,0.10627099871635437,1.1199300388398115e-05,t17_f5_c3,ZTF19aahvvtu
2458798.0098032,2,1043509802015,20.044099807739258,/ztf/archive/sci/2019/1110/509803/ztf_20191110509803_000466_zr_c06_o_q1_scimrefdiffimg.fits.fz,Kulkarni,2,1.043509802015015e+18,1,4.0,1043,20,466,1194.47998046875,1700.9300537109375,138.9864317,3.9682556,20.23419952392578,0.29082199931144714,0.9167180061340332,19.82710075378418,0.34279999136924744,0.28798800706863403,19.118999481201172,0.02500000037252903,1.1990000009536743,0.02500000037252903,-0.44292500615119934,-0.40705299377441406,1.1666200160980225,0.9440000057220459,1194.47998046875,0.21698600053787231,2.0,0.8939999938011169,0.6579999923706055,0.7663149833679199,0.5640220046043396,1.3586599826812744,7.0,0.0,0.857142984867096,0.9246039986610413,19.634000778198242,0.36809998750686646,138.9864385,3.9683355,5.67165,26.147199630737305,7.015520168351941e-06,0.026040399447083473,0.10871200263500214,1.1292800081719179e-05,t17_f5_c3,ZTF19aahvvtu
2458798.0102546,2,1043510252015,20.04800033569336,/ztf/archive/sci/2019/1110/510255/ztf_20191110510255_000466_zr_c06_o_q1_scimrefdiffimg.fits.fz,Kulkarni,2,,,,1043,20,466,,,,,,,,,,,,,,,,,,,,,,,,,,,,,,,,,,,,26.15570068359375,7.410340003843885e-06,0.026796700432896614,0.10000400245189667,1.1951399756071623e-05,t17_f5_c3,ZTF19aahvvtu
2458798.010706,2,1043510702015,20.096500396728516,/ztf/archive/sci/2019/1110/510706/ztf_20191110510706_000466_zr_c06_o_q1_scimrefdiffimg.fits.fz,Kulkarni,2,,,,1043,20,466,,,,,,,,,,,,,,,,,,,,,,,,,,,,,,,,,,,,26.147899627685547,6.8064200604567304e-06,0.02567110024392605,0.10230600088834763,1.0975400073220953e-05,t17_f5_c3,ZTF19aahvvtu
2458798.0111574,2,1043511152015,20.103700637817383,/ztf/archive/sci/2019/1110/511157/ztf_20191110511157_000466_zr_c06_o_q1_scimrefdiffimg.fits.fz,Kulkarni,2,1.043511152015015e+18,1,7.0,1043,20,466,1195.0400390625,1700.9200439453125,138.986441,3.9683189,20.192800521850586,0.21843299269676208,0.8922079801559448,20.05229949951172,0.41040000319480896,0.051082998514175415,19.118999481201172,0.02500000037252903,1.1990000009536743,0.02500000037252903,0.22008800506591797,-0.14051799476146698,1.1350699663162231,0.9480000138282776,1195.0400390625,0.051382001489400864,2.0,0.5170000195503235,0.48399999737739563,0.45548000931739807,0.42640700936317444,1.068179965019226,5.0,0.0,0.8899999856948853,0.8308039903640747,20.209199905395508,0.6074000000953674,138.9864385,3.9683355,6.74295,26.144800186157227,7.2782700044626836e-06,0.026531200855970383,0.10618899762630463,1.1730499863915611e-05,t17_f5_c3,ZTF19aahvvtu
2458798.0116088,2,1043511602015,20.120399475097656,/ztf/archive/sci/2019/1110/511609/ztf_20191110511609_000466_zr_c06_o_q1_scimrefdiffimg.fits.fz,Kulkarni,2,1.043511602015015e+18,1,9.0,1043,20,466,1194.8199462890625,1700.510009765625,138.9863986,3.9684081,20.1648006439209,0.2891770005226135,1.015429973602295,19.533300399780273,0.25099998712539673,0.29548099637031555,19.118999481201172,0.02500000037252903,1.1990000009536743,0.02500000037252903,0.3781059980392456,-0.6315479874610901,1.1350699663162231,0.7269999980926514,1194.8199462890625,0.5870779752731323,2.0,0.9369999766349792,0.7329999804496765,0.8255019783973694,0.6457769870758057,1.278309941291809,3.0,0.0,0.6442859768867493,1.0,19.541400909423828,0.3239000141620636,138.9864385,3.9683355,6.05992,26.149799346923828,7.2115699367714114e-06,0.02646850049495697,0.10760000348091125,1.164720015367493e-05,t17_f5_c3,ZTF19aahvvtu
2458798.0120602,2,1043512062015,20.119199752807617,/ztf/archive/sci/2019/1110/512060/ztf_20191110512060_000466_zr_c06_o_q1_scimrefdiffimg.fits.fz,Kulkarni,2,1.043512062015015e+18,1,15.0,1043,20,466,1195.31005859375,1700.8900146484375,138.9863941,3.9683523,20.260000228881836,0.30347299575805664,0.8417760133743286,19.852800369262695,0.33550000190734863,0.17207400500774384,19.118999481201172,0.02500000037252903,1.1990000009536743,0.02500000037252903,-0.093190997838974,-0.407164990901947,1.1392300128936768,0.7400000095367432,1195.31005859375,0.2664310038089752,2.0,0.7139999866485596,0.48100000619888306,0.6267380118370056,0.42221400141716003,1.484410047531128,7.0,0.0,0.7585710287094116,0.9280170202255249,20.04599952697754,0.5134999752044678,138.9864385,3.9683355,5.72999,26.152999877929688,7.514000117225805e-06,0.026918400079011917,0.10267399996519089,1.2086799870303366e-05,t17_f5_c3,ZTF19aahvvtu
2458798.0125116,2,1043512512015,20.063400268554688,/ztf/archive/sci/2019/1110/512512/ztf_20191110512512_000466_zr_c06_o_q1_scimrefdiffimg.fits.fz,Kulkarni,2,1.043512512015015e+18,1,5.0,1043,20,466,1195.969970703125,1701.31005859375,138.9862911,3.9682442,20.30660057067871,0.260998010635376,0.6978330016136169,20.13159942626953,0.43849998712539673,0.6159600019454956,19.118999481201172,0.02500000037252903,1.1990000009536743,0.02500000037252903,0.3525780141353607,-0.1750349998474121,1.185420036315918,0.7210000157356262,1195.969970703125,-0.06817299872636795,2.0,0.7620000243186951,0.734000027179718,0.6428110003471375,0.6191909909248352,1.0381499528884888,5.0,0.0,0.9014289975166321,0.9263859987258911,20.470800399780273,0.7680000066757202,138.9864385,3.9683355,5.61872,26.145599365234375,7.261350219778251e-06,0.02647319994866848,0.10386999696493149,1.1699599781422876e-05,t17_f5_c3,ZTF19aahvvtu
2458798.012963,2,1043512962015,20.11549949645996,/ztf/archive/sci/2019/1110/512963/ztf_20191110512963_000466_zr_c06_o_q1_scimrefdiffimg.fits.fz,Kulkarni,2,,,,1043,20,466,,,,,,,,,,,,,,,,,,,,,,,,,,,,,,,,,,,,26.152299880981445,6.945550012460444e-06,0.025931499898433685,0.10378299653530121,1.1201100278412923e-05,t17_f5_c3,ZTF19aahvvtu
2458798.0134144,2,1043513412015,20.03459930419922,/ztf/archive/sci/2019/1110/513414/ztf_20191110513414_000466_zr_c06_o_q1_scimrefdiffimg.fits.fz,Kulkarni,2,,,,1043,20,466,,,,,,,,,,,,,,,,,,,,,,,,,,,,,,,,,,,,26.155899047851562,7.64540982345352e-06,0.027208300307393074,0.10281799733638763,1.2321400390646886e-05,t17_f5_c3,ZTF19aahvvtu
2458798.0138657,2,1043513862015,20.023700714111328,/ztf/archive/sci/2019/1110/513866/ztf_20191110513866_000466_zr_c06_o_q1_scimrefdiffimg.fits.fz,Kulkarni,2,1.043513862015015e+18,1,4.0,1043,20,466,1196.02001953125,1701.219970703125,138.9863107,3.9683137,20.43560028076172,0.29818299412727356,0.9142400026321411,20.422100067138672,0.5735999941825867,0.461217999458313,19.118999481201172,0.02500000037252903,1.1990000009536743,0.02500000037252903,0.060155998915433884,-0.013496999628841877,1.2273000478744507,0.8389999866485596,1196.02001953125,-0.398373007774353,2.0,0.6309999823570251,0.5379999876022339,0.5141370296478271,0.4383609890937805,1.172860026359558,6.0,0.0,0.8971430063247681,0.7331129908561707,19.960399627685547,0.48100000619888306,138.9864385,3.9683355,5.27648,26.151599884033203,7.804100278008264e-06,0.027376800775527954,0.09905590116977692,1.254660037375288e-05,t17_f5_c3,ZTF19aahvvtu
2458798.0143171,2,1043514312015,20.11639976501465,/ztf/archive/sci/2019/1110/514317/ztf_20191110514317_000466_zr_c06_o_q1_scimrefdiffimg.fits.fz,Kulkarni,2,,,,1043,20,466,,,,,,,,,,,,,,,,,,,,,,,,,,,,,,,,,,,,26.151199340820312,6.502769792859908e-06,0.024995900690555573,0.09883730113506317,1.045279987010872e-05,t17_f5_c3,ZTF19aahvvtu
2458798.0147685,2,1043514762015,20.11440086364746,/ztf/archive/sci/2019/1110/514769/ztf_20191110514769_000466_zr_c06_o_q1_scimrefdiffimg.fits.fz,Kulkarni,2,,,,1043,20,466,,,,,,,,,,,,,,,,,,,,,,,,,,,,,,,,,,,,26.145299911499023,7.965229997353163e-06,0.027747100219130516,0.0995446965098381,1.2827399586967658e-05,t17_f5_c3,ZTF19aahvvtu
2458798.0152199,2,1043515212015,20.157800674438477,/ztf/archive/sci/2019/1110/515220/ztf_20191110515220_000466_zr_c06_o_q1_scimrefdiffimg.fits.fz,Kulkarni,2,,,,1043,20,466,,,,,,,,,,,,,,,,,,,,,,,,,,,,,,,,,,,,26.14900016784668,8.182850251614582e-06,0.028057299554347992,0.102122001349926,1.316779980697902e-05,t17_f5_c3,ZTF19aahvvtu
2458798.0156713,2,1043515672015,20.194799423217773,/ztf/archive/sci/2019/1110/515671/ztf_20191110515671_000466_zr_c06_o_q1_scimrefdiffimg.fits.fz,Kulkarni,2,1.043515672015015e+18,1,7.0,1043,20,466,1196.199951171875,1701.8699951171875,138.9863492,3.9682147,20.2898006439209,0.24721699953079224,0.9730539917945862,20.085100173950195,0.38580000400543213,0.5390200018882751,19.118999481201172,0.02500000037252903,1.1990000009536743,0.02500000037252903,0.39162299036979675,-0.2047320008277893,1.1461399793624878,0.7319999933242798,1196.199951171875,0.10969000309705734,2.0,0.906000018119812,0.6629999876022339,0.7904790043830872,0.5784630179405212,1.3665200471878052,5.0,0.0,0.8871430158615112,0.9250050187110901,20.548599243164062,0.7569000124931335,138.9864385,3.9683355,6.06292,26.143800735473633,8.464769962301943e-06,0.02847670018672943,0.10421299934387207,1.3600900274468586e-05,t17_f5_c3,ZTF19aahvvtu
2458798.0161227,2,1043516122015,20.19219970703125,/ztf/archive/sci/2019/1110/516123/ztf_20191110516123_000466_zr_c06_o_q1_scimrefdiffimg.fits.fz,Kulkarni,2,1.043516122015015e+18,1,10.0,1043,20,466,1196.6500244140625,1702.02001953125,138.9863431,3.9682195,20.100299835205078,0.22256700694561005,0.9832839965820312,20.12820053100586,0.39879998564720154,0.5357580184936523,19.118999481201172,0.02500000037252903,1.1990000009536743,0.02500000037252903,0.1673790067434311,0.027878999710083008,2.130000114440918,0.9470000267028809,1196.6500244140625,0.06398999691009521,1.0864900350570679,0.6470000147819519,0.5889999866485596,0.3037559986114502,0.27652600407600403,1.0984699726104736,5.0,0.0,0.949999988079071,0.9875929951667786,20.36720085144043,0.6360999941825867,138.9864385,3.9683355,7.37135,26.148300170898438,8.25176994112553e-06,0.028102999553084373,0.10394299775362015,1.3275500350573566e-05,t17_f5_c3,ZTF19aahvvtu
2458798.0165741,2,1043516572015,20.229999542236328,/ztf/archive/sci/2019/1110/516574/ztf_20191110516574_000466_zr_c06_o_q1_scimrefdiffimg.fits.fz,Kulkarni,2,,,,1043,20,466,,,,,,,,,,,,,,,,,,,,,,,,,,,,,,,,,,,,26.146699905395508,7.832019946363289e-06,0.027431799098849297,0.10156799852848053,1.2582599993038457e-05,t17_f5_c3,ZTF19aahvvtu
2458798.0170255,2,1043517022015,20.19260025024414,/ztf/archive/sci/2019/1110/517025/ztf_20191110517025_000466_zr_c06_o_q1_scimrefdiffimg.fits.fz,Kulkarni,2,1.043517022015015e+18,1,5.0,1043,20,466,1195.969970703125,1701.8399658203125,138.9864355,3.9682904,20.361099243164062,0.2681970000267029,1.0942399501800537,19.704500198364258,0.2678000032901764,0.16493600606918335,19.118999481201172,0.02500000037252903,1.1990000009536743,0.02500000037252903,0.0767429992556572,-0.6566010117530823,1.1679699420928955,0.7870000004768372,1195.969970703125,0.48805999755859375,2.0,0.8130000233650208,0.6800000071525574,0.6960769891738892,0.5822049975395203,1.1955900192260742,5.0,0.0,0.6700000166893005,0.9278500080108643,19.736499786376953,0.3528999984264374,138.9864385,3.9683355,5.63688,26.153099060058594,8.408130270254333e-06,0.028488099575042725,0.10055900365114212,1.353290008410113e-05,t17_f5_c3,ZTF19aahvvtu
2458798.0174769,2,1043517472015,20.148799896240234,/ztf/archive/sci/2019/1110/517477/ztf_20191110517477_000466_zr_c06_o_q1_scimrefdiffimg.fits.fz,Kulkarni,2,,,,1043,20,466,,,,,,,,,,,,,,,,,,,,,,,,,,,,,,,,,,,,26.15760040283203,7.53621998228482e-06,0.026926299557089806,0.0957987979054451,1.2117399819544517e-05,t17_f5_c3,ZTF19aahvvtu
2458798.0179282,2,1043517922015,20.149599075317383,/ztf/archive/sci/2019/1110/517928/ztf_20191110517928_000466_zr_c06_o_q1_scimrefdiffimg.fits.fz,Kulkarni,2,,,,1043,20,466,,,,,,,,,,,,,,,,,,,,,,,,,,,,,,,,,,,,26.14940071105957,9.667400263424497e-06,0.030480200424790382,0.10205399990081787,1.5539300875389017e-05,t17_f5_c3,ZTF19aahvvtu
2458798.0183796,2,1043518372015,20.214500427246094,/ztf/archive/sci/2019/1110/518380/ztf_20191110518380_000466_zr_c06_o_q1_scimrefdiffimg.fits.fz,Kulkarni,2,1.043518372015015e+18,1,10.0,1043,20,466,1197.550048828125,1702.0899658203125,138.9862318,3.9682617,20.400100708007812,0.29102298617362976,1.0262900590896606,20.528099060058594,0.5631999969482422,0.7787259817123413,19.118999481201172,0.02500000037252903,1.1990000009536743,0.02500000037252903,0.3984130024909973,0.12797899544239044,2.3499999046325684,0.9599999785423279,1197.550048828125,-0.31356000900268555,0.9859340190887451,0.9010000228881836,0.6100000143051147,0.3834039866924286,0.2595739960670471,1.4770499467849731,3.0,0.0,0.7785710096359253,1.0,20.632299423217773,0.7943999767303467,138.9864385,3.9683355,5.36531,26.1471004486084,8.680030077812262e-06,0.028940599411725998,0.10166200250387192,1.3963700439489912e-05,t17_f5_c3,ZTF19aahvvtu
2458798.018831,2,1043518832015,20.189199447631836,/ztf/archive/sci/2019/1110/518831/ztf_20191110518831_000466_zr_c06_o_q1_scimrefdiffimg.fits.fz,Kulkarni,2,,,,1043,20,466,,,,,,,,,,,,,,,,,,,,,,,,,,,,,,,,,,,,26.14299964904785,7.881099918449763e-06,0.027492700144648552,0.10464899986982346,1.2665799658861943e-05,t17_f5_c3,ZTF19aahvvtu
2458798.0192824,2,1043519282015,20.17530059814453,/ztf/archive/sci/2019/1110/519282/ztf_20191110519282_000466_zr_c06_o_q1_scimrefdiffimg.fits.fz,Kulkarni,2,1.043519282015015e+18,1,11.0,1043,20,466,1197.0899658203125,1702.510009765625,138.9862577,3.9681694,20.487899780273438,0.260206013917923,1.1152600049972534,20.312400817871094,0.46369999647140503,0.8718540072441101,19.118999481201172,0.02500000037252903,1.1990000009536743,0.02500000037252903,0.2910059988498688,-0.17550800740718842,1.197350025177002,0.7080000042915344,1197.0899658203125,-0.13714100420475006,2.0,0.7429999709129333,0.6449999809265137,0.6205400228500366,0.5386919975280762,1.1519399881362915,8.0,0.0,0.8257139921188354,0.8074870109558105,20.529300689697266,0.7249000072479248,138.9864385,3.9683355,5.14437,26.153900146484375,7.51982997826417e-06,0.026928499341011047,0.10055399686098099,1.2105399946449324e-05,t17_f5_c3,ZTF19aahvvtu
2458798.0197338,2,1043519732015,20.25149917602539,/ztf/archive/sci/2019/1110/519734/ztf_20191110519734_000466_zr_c06_o_q1_scimrefdiffimg.fits.fz,Kulkarni,2,1.043519732015015e+18,1,7.0,1043,20,466,1197.7099609375,1702.0799560546875,138.9862763,3.9683016,20.187400817871094,0.23768599331378937,1.1419099569320679,19.79400062561035,0.28029999136924744,0.5768290162086487,19.118999481201172,0.02500000037252903,1.1990000009536743,0.02500000037252903,0.3932340145111084,-0.3934429883956909,1.840000033378601,0.9490000009536743,1197.7099609375,0.45748499035835266,1.250290036201477,0.878000020980835,0.6990000009536743,0.4771740138530731,0.3798910081386566,1.2560800313949585,4.0,0.0,0.8500000238418579,1.0,20.07710075378418,0.4650999903678894,138.9864385,3.9683355,7.03122,26.153400421142578,8.65633955982048e-06,0.028889000415802002,0.09942399710416794,1.3946600120107178e-05,t17_f5_c3,ZTF19aahvvtu
2461026.9626968,2,3272462692015,20.346399307250977,/ztf/archive/sci/2025/1217/462685/ztf_20251217462685_000466_zr_c06_o_q1_scimrefdiffimg.fits.fz,Kulkarni,1,,,,3272,20,466,,,,,,,,,,,,,,,,,,,,,,,,,,,,,,,,,,,,26.290599822998047,9.201959983329289e-06,0.02995079942047596,0.10521499812602997,1.4960400221752934e-05,t17_f5_c3,ZTF19aahvvtu
2461029.9068403,2,3275406842015,20.58489990234375,/ztf/archive/sci/2025/1220/406806/ztf_20251220406806_000466_zr_c06_o_q1_scimrefdiffimg.fits.fz,Kulkarni,1,,,,3275,20,466,,,,,,,,,,,,,,,,,,,,,,,,,,,,,,,,,,,,26.349700927734375,9.51965012063738e-06,0.030426299199461937,0.09434740245342255,1.53955006680917e-05,t17_f5_c3,ZTF19aahvvtu
2461030.9170139,2,3276417014915,19.878000259399414,/ztf/archive/sci/2025/1221/417014/ztf_20251221417014_001460_zr_c13_o_q2_scimrefdiffimg.fits.fz,Kulkarni,2,3.27641701491501e+18,f,5.0,3276,49,1460,1382.9200439453125,2609.169921875,138.9863262,3.9683137,20.177400588989258,0.27723801136016846,0.6258779764175415,20.266000747680664,0.5889000296592712,0.45954999327659607,18.94499969482422,0.026000000536441803,0.7089999914169312,0.04399999976158142,-0.23357699811458588,0.08862599730491638,1.1827499866485596,0.8539999723434448,471.32598876953125,-0.3879550099372864,2.0,0.6489999890327454,0.5270000100135803,0.5487210154533386,0.44557100534439087,1.2315000295639038,8.0,0.0,0.8971430063247681,0.9238420128822327,19.99720001220703,0.5896999835968018,138.9864504,3.9683508,5.77106,25.83639907836914,7.5223701969662216e-06,0.026676200330257416,0.08774299919605255,1.1878500117745716e-05,t17_f5_c3,ZTF19aahvvtu
2461031.9236458,2,3277423642015,20.586000442504883,/ztf/archive/sci/2025/1222/423646/ztf_20251222423646_000466_zr_c06_o_q1_scimrefdiffimg.fits.fz,Kulkarni,1,,,,3277,20,466,,,,,,,,,,,,,,,,,,,,,,,,,,,,,,,,,,,,26.34309959411621,8.541550414520316e-06,0.028586499392986298,0.08991269767284393,1.3766200027021114e-05,t17_f5_c3,ZTF19aahvvtu
2461038.8738079,2,3284373802015,19.930700302124023,/ztf/archive/sci/2025/1229/373808/ztf_20251229373808_000466_zr_c06_o_q1_scimrefdiffimg.fits.fz,Kulkarni,1,,,,3284,20,466,,,,,,,,,,,,,,,,,,,,,,,,,,,,,,,,,,,,26.314599990844727,8.012600119400304e-06,0.027595199644565582,0.10727100074291229,1.2942599823873024e-05,t17_f5_c3,ZTF19aahvvtu
2461038.8834491,1,3284383442015,19.95680046081543,/ztf/archive/sci/2025/1229/383438/ztf_20251229383438_000466_zg_c06_o_q1_scimrefdiffimg.fits.fz,Kulkarni,1,,,,3284,20,466,,,,,,,,,,,,,,,,,,,,,,,,,,,,,,,,,,,,26.317800521850586,1.597829941601958e-05,0.037701401859521866,-0.07615850120782852,2.8990700229769573e-05,t17_f5_c3,ZTF19aahvvtu
2461050.8381134,1,3296338112015,19.688400268554688,/ztf/archive/sci/2026/0110/338113/ztf_20260110338113_000466_zg_c06_o_q1_scimrefdiffimg.fits.fz,Kulkarni,1,,,,3296,20,466,,,,,,,,,,,,,,,,,,,,,,,,,,,,,,,,,,,,26.319599151611328,2.5995299438363872e-05,0.04251519963145256,-0.06859219819307327,5.6917899200925604e-05,t17_f5_c3,ZTF19aahvvtu
2461051.91125,2,3297411244915,18.576900482177734,/ztf/archive/sci/2026/0111/411204/ztf_20260111411204_001460_zr_c13_o_q2_scimrefdiffimg.fits.fz,Kulkarni,2,,,,3297,49,1460,,,,,,,,,,,,,,,,,,,,,,,,,,,,,,,,,,,,25.395999908447266,9.313609916716814e-05,0.0751643031835556,0.12879200279712677,0.0001688939955784008,t17_f5_c3,ZTF19aahvvtu
2461051.9542014,1,3297454204915,19.39109992980957,/ztf/archive/sci/2026/0111/454201/ztf_20260111454201_001460_zg_c13_o_q2_scimrefdiffimg.fits.fz,Kulkarni,2,,,,3297,49,1460,,,,,,,,,,,,,,,,,,,,,,,,,,,,,,,,,,,,25.988100051879883,4.670850103138946e-05,0.048401400446891785,-0.02550940029323101,0.00011139499838463962,t17_f5_c3,ZTF19aahvvtu
2461052.8544097,1,3298354402015,20.04599952697754,/ztf/archive/sci/2026/0112/354410/ztf_20260112354410_000466_zg_c06_o_q1_scimrefdiffimg.fits.fz,Kulkarni,1,3.29835440201501e+18,f,33.0,3298,20,466,1197.050048828125,1793.2099609375,138.9864294,3.9682659,20.4242000579834,0.3415220081806183,0.8096429705619812,20.002500534057617,0.26170000433921814,0.30133500695228577,19.219999313354492,0.014999999664723873,0.43299999833106995,0.017999999225139618,-0.11633899807929993,-0.4217059910297394,1.7973400354385376,0.38199999928474426,1197.050048828125,0.043501999229192734,2.0,1.4789999723434448,1.1150000095367432,0.8228849768638611,0.6203629970550537,1.3264600038528442,3.0,0.0,0.5357139706611633,1.0,20.25909996032715,0.4242999851703644,138.9864484,3.9683485,5.40926,26.329200744628906,1.8591699699754827e-05,0.040179699659347534,-0.07745619863271713,3.472840035101399e-05,t17_f5_c3,ZTF19aahvvtu
2461052.9391435,2,3298439142015,19.802200317382812,/ztf/archive/sci/2026/0112/439074/ztf_20260112439074_000466_zr_c06_o_q1_scimrefdiffimg.fits.fz,Kulkarni,1,,,,3298,20,466,,,,,,,,,,,,,,,,,,,,,,,,,,,,,,,,,,,,26.34079933166504,1.2785500075551681e-05,0.034737300127744675,0.10403600335121155,2.0635599867091514e-05,t17_f5_c3,ZTF19aahvvtu
2461054.855787,2,3300355782015,20.13170051574707,/ztf/archive/sci/2026/0114/355764/ztf_20260114355764_000466_zr_c06_o_q1_scimrefdiffimg.fits.fz,Kulkarni,1,,,,3300,20,466,,,,,,,,,,,,,,,,,,,,,,,,,,,,,,,,,,,,26.322999954223633,1.058670022757724e-05,0.03187660127878189,0.10218799859285355,1.7133499568444677e-05,t17_f5_c3,ZTF19aahvvtu
2461054.9211343,1,3300421132015,20.24250030517578,/ztf/archive/sci/2026/0114/421123/ztf_20260114421123_000466_zg_c06_o_q1_scimrefdiffimg.fits.fz,Kulkarni,1,3.30042113201501e+18,f,22.0,3300,20,466,1221.030029296875,1805.8399658203125,138.9864285,3.9682511,20.343399047851562,0.22886699438095093,1.1817899942398071,20.393800735473633,0.3603000044822693,0.357232004404068,19.219999313354492,0.014999999664723873,0.43299999833106995,0.017999999225139618,0.3022310137748718,0.0504320003092289,2.5299999713897705,0.6570000052452087,1221.030029296875,-0.1512790024280548,1.2334699630737305,0.7799999713897705,0.7250000238418579,0.3082999885082245,0.2865610122680664,1.0758600234985352,6.0,0.0,0.9142860174179077,0.8709329962730408,20.265100479125977,0.4101000130176544,138.9864484,3.9683485,6.72881,26.334400177001953,1.7239199223695323e-05,0.039465099573135376,-0.08577699959278107,3.003880010510329e-05,t17_f5_c3,ZTF19aahvvtu
2461055.8449769,1,3301344974915,20.474599838256836,/ztf/archive/sci/2026/0115/344977/ztf_20260115344977_001460_zg_c13_o_q2_scimrefdiffimg.fits.fz,Kulkarni,2,,,,3301,49,1460,,,,,,,,,,,,,,,,,,,,,,,,,,,,,,,,,,,,26.25830078125,1.5322200852097012e-05,0.03783699870109558,-0.06923539936542511,2.512480023142416e-05,t17_f5_c3,ZTF19aahvvtu
2461056.7954167,2,3302295412015,20.20639991760254,/ztf/archive/sci/2026/0116/295405/ztf_20260116295405_000466_zr_c06_o_q1_scimrefdiffimg.fits.fz,Kulkarni,1,,,,3302,20,466,,,,,,,,,,,,,,,,,,,,,,,,,,,,,,,,,,,,26.319400787353516,6.950209808564978e-06,0.025925200432538986,0.1032940000295639,1.1207400348212104e-05,t17_f5_c3,ZTF19aahvvtu
2461056.8363426,1,3302336342015,20.314300537109375,/ztf/archive/sci/2026/0116/336296/ztf_20260116336296_000466_zg_c06_o_q1_scimrefdiffimg.fits.fz,Kulkarni,1,3.30233634201501e+18,f,35.0,3302,20,466,1214.199951171875,1802.43994140625,138.9865024,3.9684226,20.29050064086914,0.2665320038795471,1.5039199590682983,20.118000030517578,0.2937999963760376,0.3257249891757965,19.219999313354492,0.014999999664723873,0.43299999833106995,0.017999999225139618,-0.12237799912691116,-0.17245499789714813,2.9200000762939453,0.7009999752044678,1214.199951171875,0.19632300734519958,0.9521690011024475,1.0130000114440918,0.7649999856948853,0.346917986869812,0.26198598742485046,1.324180006980896,3.0,0.0,0.8785709738731384,0.9643679857254028,20.14699935913086,0.3865000009536743,138.9864484,3.9683485,5.9675,26.322500228881836,1.6155900084413588e-05,0.03884270042181015,-0.08307000249624252,2.7142499675392173e-05,t17_f5_c3,ZTF19aahvvtu
2461058.8162963,2,3304316292015,19.356000900268555,/ztf/archive/sci/2026/0118/316296/ztf_20260118316296_000466_zr_c06_o_q1_scimrefdiffimg.fits.fz,Kulkarni,1,,,,3304,20,466,,,,,,,,,,,,,,,,,,,,,,,,,,,,,,,,,,,,25.703399658203125,1.1445100426499266e-05,0.03341580182313919,0.10318700224161148,1.853709909482859e-05,t17_f5_c3,ZTF19aahvvtu
