jd,fid,pid,diffmaglim,pdiffimfilename,programpi,programid,candid,isdiffpos,tblid,nid,rcid,field,xpos,ypos,ra,dec,magpsf,sigmapsf,chipsf,magap,sigmagap,distnr,magnr,sigmagnr,chinr,sharpnr,sky,magdiff,fwhm,classtar,mindtoedge,magfromlim,seeratio,aimage,bimage,aimagerat,bimagerat,elong,nneg,nbad,rb,sumrat,magapbig,sigmagapbig,ranr,decnr,scorr,magzpsci,magzpsciunc,magzpscirms,clrcoeff,clrcounc,rbversion,ssdistnr,ssmagnr,ssnamenr,obj_id
2460183.9393287,1,2429439322715,20.35700035095215,/ztf/archive/sci/2023/0827/439317/ztf_20230827439317_000298_zg_c07_o_q4_scimrefdiffimg.fits.fz,Kulkarni,1,2.429439322715015e+18,t,1.0,2429,27,298,2280.10009765625,642.8790283203125,29.2527335,-18.160306,19.24839973449707,0.09803099930286407,1.146090030670166,19.121999740600586,0.12319999933242798,0.20135100185871124,19.31800079345703,0.04500000178813934,2.510999917984009,0.15299999713897705,0.9427769780158997,-0.12636399269104004,2.069999933242798,0.9800000190734863,642.8790283203125,1.2349599599838257,1.2558200359344482,0.7239999771118164,0.6869999766349792,0.34975799918174744,0.3318839967250824,1.0538599491119385,4.0,0.0,0.9671429991722107,1.0,18.963699340820312,0.1354999989271164,29.2526903,-18.1602669,13.6558,26.238399505615234,3.062939867959358e-05,0.03207330033183098,-0.08223229646682739,4.585439819493331e-05,t17_f5_c3,,,,ZTF19abjgazt
2460183.9616088,2,2429461602715,20.24049949645996,/ztf/archive/sci/2023/0827/461597/ztf_20230827461597_000298_zr_c07_o_q4_scimrefdiffimg.fits.fz,Kulkarni,1,,,,2429,27,298,,,,,,,,,,,,,,,,,,,,,,,,,,,,,,,,,,,,26.27720069885254,4.0536699088988826e-05,0.036782000213861465,0.12114699929952621,5.8741399698192254e-05,t17_f5_c3,,,,ZTF19abjgazt
2460185.8563889,2,2431356382715,19.455900192260742,/ztf/archive/sci/2023/0829/356377/ztf_20230829356377_000298_zr_c07_o_q4_scimrefdiffimg.fits.fz,Kulkarni,1,2.431356382715015e+18,t,0.0,2431,27,298,2306.1298828125,574.4879760742188,29.2526718,-18.1602765,19.521499633789062,0.17436200380325317,1.0702400207519531,19.423799514770508,0.3625999987125397,0.1498280018568039,18.631999969482422,0.03999999910593033,2.5199999809265137,0.1889999955892563,-0.7570379972457886,-0.09768400341272354,1.3021999597549438,0.9779999852180481,574.4879760742188,0.03215000033378601,2.0,0.656000018119812,0.6309999823570251,0.5037620067596436,0.48456400632858276,1.039620041847229,9.0,0.0,0.9414290189743042,0.9228820204734802,19.482099533081055,0.4909000098705292,29.2527156,-18.1602833,6.35269,26.210500717163086,4.194799839751795e-05,0.03715910017490387,0.12325800210237503,6.0153601225465536e-05,t17_f5_c3,,,,ZTF19abjgazt
2460185.9417361,1,2431441732715,19.58009910583496,/ztf/archive/sci/2023/0829/441725/ztf_20230829441725_000298_zg_c07_o_q4_scimrefdiffimg.fits.fz,Kulkarni,1,2.431441732715015e+18,t,0.0,2431,27,298,2324.929931640625,603.3309936523438,29.2527261,-18.1602291,19.274999618530273,0.17745700478553772,1.1395599842071533,19.47719955444336,0.3384999930858612,0.18060000240802765,19.31800079345703,0.04500000178813934,2.510999917984009,0.15299999713897705,0.3962849974632263,0.20224900543689728,2.509999990463257,0.9779999852180481,603.3309936523438,0.1028830036520958,1.0433900356292725,0.8130000233650208,0.6890000104904175,0.32390400767326355,0.2745020091533661,1.1799700260162354,3.0,0.0,0.9657139778137207,1.0,19.486900329589844,0.43779999017715454,29.2526903,-18.1602669,9.62481,26.20800018310547,6.136250158306211e-05,0.042388901114463806,-0.03618200123310089,0.00011128200276289135,t17_f5_c3,,,,ZTF19abjgazt
2460187.9172569,2,2433417252715,18.990400314331055,/ztf/archive/sci/2023/0831/417153/ztf_20230831417153_000298_zr_c07_o_q4_scimrefdiffimg.fits.fz,Kulkarni,1,2.433417252715015e+18,t,1.0,2433,27,298,2339.31005859375,592.2979736328125,29.2528289,-18.1602252,19.247699737548828,0.2441750019788742,1.1281800270080566,19.02680015563965,0.39739999175071716,0.43485599756240845,18.631999969482422,0.03999999910593033,2.5199999809265137,0.1889999955892563,0.42489099502563477,-0.22089099884033203,1.2615599632263184,0.8700000047683716,592.2979736328125,-0.036448001861572266,2.0,0.7570000290870667,0.5720000267028809,0.6000530123710632,0.45340800285339355,1.3234299421310425,8.0,0.0,0.8814290165901184,0.9063060283660889,19.40369987487793,0.7218999862670898,29.2527156,-18.1602833,5.12066,26.21470069885254,6.760800170013681e-05,0.04535280168056488,0.11233299970626831,9.63614002102986e-05,t17_f5_c3,,,,ZTF19abjgazt
2460187.9611921,1,2433461192715,18.764699935913086,/ztf/archive/sci/2023/0831/461192/ztf_20230831461192_000298_zg_c07_o_q4_scimrefdiffimg.fits.fz,Kulkarni,1,2.433461192715015e+18,t,0.0,2433,27,298,2333.820068359375,602.2919921875,29.2528461,-18.1603218,19.212200164794922,0.230771005153656,0.9933289885520935,19.805299758911133,0.9610000252723694,0.5613080263137817,19.31800079345703,0.04500000178813934,2.510999917984009,0.15299999713897705,-0.7092819809913635,0.5930709838867188,1.3130700588226318,0.9760000109672546,602.2919921875,-1.0406099557876587,2.0,0.7129999995231628,0.6850000023841858,0.5430030226707458,0.5216779708862305,1.0408799648284912,7.0,0.0,0.8357139825820923,0.9419469833374023,19.542999267578125,0.9699000120162964,29.2526903,-18.1602669,5.1263,26.127199172973633,0.00019501800124999136,0.055706899613142014,-0.03970539942383766,0.0004276669933460653,t17_f5_c3,,,,ZTF19abjgazt
2460192.8768403,1,2438376842715,19.803199768066406,/ztf/archive/sci/2023/0905/376840/ztf_20230905376840_000298_zg_c07_o_q4_scimrefdiffimg.fits.fz,Kulkarni,1,2.438376842715015e+18,t,1.0,2438,27,298,2295.840087890625,617.208984375,29.2527232,-18.1602478,19.349899291992188,0.14063599705696106,1.0949599742889404,19.544700622558594,0.31450000405311584,0.13027800619602203,19.31800079345703,0.04500000178813934,2.510999917984009,0.15299999713897705,-0.15884999930858612,0.19476599991321564,2.490000009536743,0.9779999852180481,617.208984375,0.25852900743484497,0.9816409945487976,0.7170000076293945,0.6959999799728394,0.2879520058631897,0.2795180082321167,1.03016996383667,4.0,0.0,0.9700000286102295,0.9925180077552795,19.43829917907715,0.36570000648498535,29.2526903,-18.1602669,9.11381,26.16189956665039,3.8990998291410506e-05,0.034960199147462845,-0.047990698367357254,6.731910252710804e-05,t17_f5_c3,,,,ZTF19abjgazt
2460192.9875116,2,2438487512715,20.152999877929688,/ztf/archive/sci/2023/0905/487500/ztf_20230905487500_000298_zr_c07_o_q4_scimrefdiffimg.fits.fz,Kulkarni,1,,,,2438,27,298,,,,,,,,,,,,,,,,,,,,,,,,,,,,,,,,,,,,26.258399963378906,4.132149842916988e-05,0.037554800510406494,0.1298229992389679,6.076700083212927e-05,t17_f5_c3,,,,ZTF19abjgazt
2460195.8984259,1,2441398422715,20.049699783325195,/ztf/archive/sci/2023/0908/398426/ztf_20230908398426_000298_zg_c07_o_q4_scimrefdiffimg.fits.fz,Kulkarni,1,2.441398422715015e+18,t,0.0,2441,27,298,2302.97998046875,619.7760009765625,29.2527472,-18.1602822,19.276399612426758,0.11507400125265121,0.8072819709777832,19.56209945678711,0.23880000412464142,0.19960899651050568,19.31800079345703,0.04500000178813934,2.510999917984009,0.15299999713897705,0.9376929998397827,0.2856760025024414,2.259999990463257,0.9779999852180481,619.7760009765625,0.4875999987125397,1.166260004043579,0.699999988079071,0.6589999794960022,0.3097350001335144,0.2915929853916168,1.062209963798523,2.0,0.0,0.9714289903640747,1.0,19.589599609375,0.3127000033855438,29.2526903,-18.1602669,12.4404,26.07040023803711,3.5297900467412546e-05,0.03427080065011978,-0.06153149902820587,5.3778501751367e-05,t17_f5_c3,26.0,21.5,442182,ZTF19abjgazt
2460195.9592245,2,2441459222715,20.279600143432617,/ztf/archive/sci/2023/0908/459167/ztf_20230908459167_000298_zr_c07_o_q4_scimrefdiffimg.fits.fz,Kulkarni,1,,,,2441,27,298,,,,,,,,,,,,,,,,,,,,,,,,,,,,,,,,,,,,26.1835994720459,2.0138999389018863e-05,0.02546359971165657,0.12591199576854706,2.9018299755989574e-05,t17_f5_c3,,,,ZTF19abjgazt
2460198.8591204,1,2444359122715,19.693300247192383,/ztf/archive/sci/2023/0911/359109/ztf_20230911359109_000298_zg_c07_o_q4_scimrefdiffimg.fits.fz,Kulkarni,1,2.444359122715015e+18,t,10.0,2444,27,298,2315.0,606.083984375,29.2527047,-18.1601753,19.917600631713867,0.1824990063905716,0.5464910268783569,20.368099212646484,0.6152999997138977,0.329257994890213,19.31800079345703,0.04500000178813934,2.510999917984009,0.15299999713897705,0.8211359977722168,0.4504989981651306,2.3499999046325684,0.6650000214576721,606.083984375,-0.6748369932174683,1.2580699920654297,0.7039999961853027,0.5920000076293945,0.29957398772239685,0.25191500782966614,1.1891900300979614,4.0,0.0,0.9057139754295349,1.0,20.414499282836914,0.8233000040054321,29.2526903,-18.1602669,5.79682,25.867599487304688,0.0005348959821276367,0.1288059949874878,-0.036635201424360275,0.0009238420170731843,t17_f5_c3,,,,ZTF19abjgazt
2460198.9199769,2,2444419972715,20.460500717163086,/ztf/archive/sci/2023/0911/419965/ztf_20230911419965_000298_zr_c07_o_q4_scimrefdiffimg.fits.fz,Kulkarni,1,,,,2444,27,298,,,,,,,,,,,,,,,,,,,,,,,,,,,,,,,,,,,,26.266799926757812,2.53432008321397e-05,0.02898390032351017,0.12260700017213821,3.66099011444021e-05,t17_f5_c3,,,,ZTF19abjgazt
2460201.9620139,1,2447462012715,20.384700775146484,/ztf/archive/sci/2023/0914/462002/ztf_20230914462002_000298_zg_c07_o_q4_scimrefdiffimg.fits.fz,Kulkarni,1,2.447462012715035e+18,t,3.0,2447,27,298,2294.64990234375,630.8989868164062,29.2526767,-18.1602892,19.276399612426758,0.11317600309848785,1.289180040359497,19.18090057373047,0.10840000212192535,0.09131500124931335,19.31800079345703,0.04500000178813934,2.510999917984009,0.15299999713897705,0.4255009889602661,-0.0955210030078888,3.0999999046325684,0.9580000042915344,630.8989868164062,1.2037800550460815,0.9948490262031555,1.062999963760376,1.031999945640564,0.3429029881954193,0.3329029977321625,1.0300400257110596,1.0,0.0,0.9342859983444214,1.0,19.04159927368164,0.120899997651577,29.2526903,-18.1602669,17.6628,26.190399169921875,4.259739944245666e-05,0.037183698266744614,-0.1023939996957779,6.408849731087685e-05,t17_f5_c3,,,,ZTF19abjgazt
2460203.9653935,2,2449465392715,20.73509979248047,/ztf/archive/sci/2023/0916/465382/ztf_20230916465382_000298_zr_c07_o_q4_scimrefdiffimg.fits.fz,Kulkarni,1,,,,2449,27,298,,,,,,,,,,,,,,,,,,,,,,,,,,,,,,,,,,,,26.259300231933594,4.326569978729822e-05,0.03803730010986328,0.13540400564670563,6.281719834078103e-05,t17_f5_c3,,,,ZTF19abjgazt
2460205.8366204,1,2451336622715,20.490100860595703,/ztf/archive/sci/2023/0918/336609/ztf_20230918336609_000298_zg_c07_o_q4_scimrefdiffimg.fits.fz,Kulkarni,1,2.451336622715015e+18,t,3.0,2451,27,298,2305.02001953125,614.0130004882812,29.2526683,-18.1603059,19.509000778198242,0.11339200288057327,1.0017399787902832,19.40760040283203,0.13459999859333038,0.15742099285125732,19.31800079345703,0.04500000178813934,2.510999917984009,0.15299999713897705,0.3664590120315552,-0.10137899965047836,2.369999885559082,0.9750000238418579,614.0130004882812,1.0824999809265137,1.166409969329834,0.8259999752044678,0.781000018119812,0.34852299094200134,0.32953599095344543,1.0576200485229492,2.0,0.0,0.9728569984436035,0.9815859794616699,19.335899353027344,0.1599999964237213,29.2526903,-18.1602669,12.2571,26.152999877929688,3.3091400837292895e-05,0.03292280063033104,-0.09391099959611893,4.848300159210339e-05,t17_f5_c3,,,,ZTF19abjgazt
2460205.8780787,2,2451378072715,20.731700897216797,/ztf/archive/sci/2023/0918/378067/ztf_20230918378067_000298_zr_c07_o_q4_scimrefdiffimg.fits.fz,Kulkarni,1,,,,2451,27,298,,,,,,,,,,,,,,,,,,,,,,,,,,,,,,,,,,,,26.27869987487793,2.4255899916170165e-05,0.02826699987053871,0.12160199880599976,3.5435499739833176e-05,t17_f5_c3,,,,ZTF19abjgazt
2460207.8659375,2,2453365932715,20.499900817871094,/ztf/archive/sci/2023/0920/365926/ztf_20230920365926_000298_zr_c07_o_q4_scimrefdiffimg.fits.fz,Kulkarni,1,,,,2453,27,298,,,,,,,,,,,,,,,,,,,,,,,,,,,,,,,,,,,,26.28190040588379,1.9345799955772236e-05,0.025527499616146088,0.12160799652338028,2.8600899895536713e-05,t17_f5_c3,,,,ZTF19abjgazt
2460207.9091204,1,2453409122715,20.479900360107422,/ztf/archive/sci/2023/0920/409120/ztf_20230920409120_000298_zg_c07_o_q4_scimrefdiffimg.fits.fz,Kulkarni,1,2.453409122715015e+18,t,1.0,2453,27,298,2288.090087890625,627.2009887695312,29.2526692,-18.1602432,19.38789939880371,0.14898499846458435,1.572950005531311,19.346599578857422,0.11879999935626984,0.11038000136613846,19.31800079345703,0.04500000178813934,2.510999917984009,0.15299999713897705,0.5210760235786438,-0.04134000092744827,3.109999895095825,0.9819999933242798,627.2009887695312,1.133270025253296,0.9629200100898743,0.9110000133514404,0.7099999785423279,0.29292601346969604,0.22829599678516388,1.2831000089645386,4.0,0.0,0.9242860078811646,1.0,19.426300048828125,0.16189999878406525,29.2526903,-18.1602669,14.3608,26.26490020751953,3.195910176145844e-05,0.032676998525857925,-0.12722599506378174,4.713200178230181e-05,t17_f5_c3,,,,ZTF19abjgazt
2460211.8827778,1,2457382772715,20.516399383544922,/ztf/archive/sci/2023/0924/382766/ztf_20230924382766_000298_zg_c07_o_q4_scimrefdiffimg.fits.fz,Kulkarni,1,2.457382772715015e+18,t,5.0,2457,27,298,2295.169921875,616.8590087890625,29.2527116,-18.1602904,19.378700256347656,0.10997399687767029,1.4787299633026123,19.20680046081543,0.11490000039339066,0.11014000326395035,19.31800079345703,0.04500000178813934,2.510999917984009,0.15299999713897705,0.6344370245933533,-0.17189200222492218,2.8499999046325684,0.9789999723434448,616.8590087890625,1.309559941291809,0.921451985836029,0.8769999742507935,0.8149999976158142,0.30771899223327637,0.2859649956226349,1.076069951057434,1.0,0.0,0.9614289999008179,1.0,19.218399047851562,0.14720000326633453,29.2526903,-18.1602669,13.3706,26.240699768066406,3.480090163066052e-05,0.034087199717760086,-0.07999510318040848,5.056009831605479e-05,t17_f5_c3,,,,ZTF19abjgazt
2460211.9228356,2,2457422832715,20.565200805664062,/ztf/archive/sci/2023/0924/422836/ztf_20230924422836_000298_zr_c07_o_q4_scimrefdiffimg.fits.fz,Kulkarni,1,,,,2457,27,298,,,,,,,,,,,,,,,,,,,,,,,,,,,,,,,,,,,,26.29439926147461,1.7152900909422897e-05,0.023971199989318848,0.11833299696445465,2.4965400371002033e-05,t17_f5_c3,,,,ZTF19abjgazt
2460159.9412963,1,2405441292715,18.948999404907227,/ztf/archive/sci/2023/0803/441262/ztf_20230803441262_000298_zg_c07_o_q4_scimrefdiffimg.fits.fz,Kulkarni,1,2.405441292715015e+18,1,1.0,2405,27,298,2315.820068359375,573.3079833984375,29.2527009,-18.1603694,19.273700714111328,0.21675799787044525,0.6116719841957092,19.045299530029297,0.35740000009536743,0.36561301350593567,19.31800079345703,0.04500000178813934,2.510999917984009,0.15299999713897705,-0.5375339984893799,-0.22839100658893585,2.5299999713897705,0.9769999980926514,573.3079833984375,-0.09625300019979477,1.1727800369262695,0.847000002861023,0.7680000066757202,0.33478298783302307,0.30355700850486755,1.1028599739074707,4.0,0.0,0.8628569841384888,0.8732690215110779,19.153499603271484,0.5067999958992004,29.2526903,-18.1602669,6.01738,26.137699127197266,0.00011180000001331791,0.045120999217033386,-0.06448960304260254,0.00023250299273058772,t17_f5_c3,,,,ZTF19abjgazt
2460213.8406019,2,2459340602715,19.707399368286133,/ztf/archive/sci/2023/0926/340590/ztf_20230926340590_000298_zr_c07_o_q4_scimrefdiffimg.fits.fz,Kulkarni,1,2.459340602715015e+18,t,1.0,2459,27,298,2295.949951171875,623.6510009765625,29.2526552,-18.1602723,19.39069938659668,0.12088900059461594,0.96943598985672,19.172300338745117,0.22290000319480896,0.20769600570201874,18.631999969482422,0.03999999910593033,2.5199999809265137,0.1889999955892563,-0.6854299902915955,-0.2183769941329956,2.7899999618530273,0.9929999709129333,623.6510009765625,0.5350900292396545,0.9617329835891724,0.7429999709129333,0.6970000267028809,0.2663080096244812,0.2498210072517395,1.065999984741211,3.0,0.0,0.9671429991722107,1.0,19.112699508666992,0.2700999975204468,29.2527156,-18.1602833,9.25401,26.2726993560791,2.8568700145115145e-05,0.030803700909018517,0.1154630035161972,4.1731098463060334e-05,t17_f5_c3,,,,ZTF19abjgazt
2460213.8961227,1,2459396122715,19.59830093383789,/ztf/archive/sci/2023/0926/396111/ztf_20230926396111_000298_zg_c07_o_q4_scimrefdiffimg.fits.fz,Kulkarni,1,,,,2459,27,298,,,,,,,,,,,,,,,,,,,,,,,,,,,,,,,,,,,,26.23870086669922,5.4975800594547763e-05,0.03858109936118126,-0.06430710107088089,0.00011332600115565583,t17_f5_c3,,,,ZTF19abjgazt
2460215.8797338,2,2461379732715,19.552099227905273,/ztf/archive/sci/2023/0928/379688/ztf_20230928379688_000298_zr_c07_o_q4_scimrefdiffimg.fits.fz,Kulkarni,1,2.461379732715015e+18,t,0.0,2461,27,298,2305.06005859375,618.8790283203125,29.2527108,-18.1602512,19.413799285888672,0.15216200053691864,0.9174090027809143,20.316200256347656,0.8953999876976013,0.11517100036144257,18.631999969482422,0.03999999910593033,2.5199999809265137,0.1889999955892563,0.7271379828453064,0.9023730158805847,1.096869945526123,0.9919999837875366,618.8790283203125,-0.7640640139579773,2.0,0.5590000152587891,0.47099998593330383,0.5096340179443359,0.42940500378608704,1.1868400573730469,7.0,0.0,0.7842860221862793,0.9661740064620972,19.989299774169922,0.8504999876022339,29.2527156,-18.1602833,5.69238,26.255800247192383,3.209180067642592e-05,0.03254599869251251,0.126787006855011,4.646159868570976e-05,t17_f5_c3,,,,ZTF19abjgazt
2460215.9627431,1,2461462742715,19.109800338745117,/ztf/archive/sci/2023/0928/462743/ztf_20230928462743_000298_zg_c07_o_q4_scimrefdiffimg.fits.fz,Kulkarni,1,,,,2461,27,298,,,,,,,,,,,,,,,,,,,,,,,,,,,,,,,,,,,,26.212400436401367,6.616739847231656e-05,0.03823219984769821,-0.07479839771986008,0.0001422810018993914,t17_f5_c3,,,,ZTF19abjgazt
2460217.8359954,2,2463335992715,18.6737003326416,/ztf/archive/sci/2023/0930/335984/ztf_20230930335984_000298_zr_c07_o_q4_scimrefdiffimg.fits.fz,Kulkarni,1,,,,2463,27,298,,,,,,,,,,,,,,,,,,,,,,,,,,,,,,,,,,,,26.219100952148438,8.303619688376784e-05,0.04568300023674965,0.13234399259090424,0.0001303549943258986,t17_f5_c3,,,,ZTF19abjgazt
2460217.9396991,1,2463439692715,18.379899978637695,/ztf/archive/sci/2023/0930/439688/ztf_20230930439688_000298_zg_c07_o_q4_scimrefdiffimg.fits.fz,Kulkarni,1,,,,2463,27,298,,,,,,,,,,,,,,,,,,,,,,,,,,,,,,,,,,,,26.20870018005371,0.0002154870016966015,0.03738199919462204,-0.07951179891824722,0.0005530500202439725,t17_f5_c3,,,,ZTF19abjgazt
2460221.8275116,2,2467327512715,19.70709991455078,/ztf/archive/sci/2023/1004/327500/ztf_20231004327500_000298_zr_c07_o_q4_scimrefdiffimg.fits.fz,Kulkarni,1,,,,2467,27,298,,,,,,,,,,,,,,,,,,,,,,,,,,,,,,,,,,,,26.242599487304688,4.656699820770882e-05,0.03965559974312782,0.12400399893522263,6.958610174478963e-05,t17_f5_c3,,,,ZTF19abjgazt
2460221.8996181,1,2467399612715,19.184999465942383,/ztf/archive/sci/2023/1004/399618/ztf_20231004399618_000298_zg_c07_o_q4_scimrefdiffimg.fits.fz,Kulkarni,1,2.467399612715015e+18,t,1.0,2467,27,298,2286.85009765625,641.3790283203125,29.2526179,-18.1602577,19.31290054321289,0.2385070025920868,1.1346100568771362,19.57550048828125,0.313400000333786,0.24664300680160522,19.31800079345703,0.04500000178813934,2.510999917984009,0.15299999713897705,0.5668039917945862,0.2626180052757263,5.190000057220459,0.6110000014305115,641.3790283203125,-0.39051899313926697,0.8596709966659546,1.4859999418258667,1.2599999904632568,0.2863200008869171,0.24277499318122864,1.1793700456619263,2.0,0.0,0.5314289927482605,1.0,19.908100128173828,0.5454999804496765,29.2526903,-18.1602669,7.02654,26.201900482177734,0.00010969799768645316,0.04354950040578842,-0.043473899364471436,0.00024962000316008925,t17_f5_c3,,,,ZTF19abjgazt
2460159.9412963,1,2405441292715,18.948999404907227,/ztf/archive/sci/2023/0803/441262/ztf_20230803441262_000298_zg_c07_o_q4_scimrefdiffimg.fits.fz,Kulkarni,1,2.405441292715015e+18,t,1.0,2405,27,298,2315.820068359375,573.3079833984375,29.2527009,-18.1603694,19.273700714111328,0.21675799787044525,0.6116719841957092,19.045299530029297,0.35740000009536743,0.36561301350593567,19.31800079345703,0.04500000178813934,2.510999917984009,0.15299999713897705,-0.5375339984893799,-0.22839100658893585,2.5299999713897705,0.9769999980926514,573.3079833984375,-0.09625300019979477,1.1727800369262695,0.847000002861023,0.7680000066757202,0.33478298783302307,0.30355700850486755,1.1028599739074707,4.0,0.0,0.8628569841384888,0.8732690215110779,19.153499603271484,0.5067999958992004,29.2526903,-18.1602669,6.01738,26.137699127197266,0.00011180000001331791,0.045120999217033386,-0.06448960304260254,0.00023250299273058772,t17_f5_c3,,,,ZTF19abjgazt
2460159.9614352,2,2405461432715,19.37339973449707,/ztf/archive/sci/2023/0803/461400/ztf_20230803461400_000298_zr_c07_o_q4_scimrefdiffimg.fits.fz,Kulkarni,1,2.405461432715015e+18,t,0.0,2405,27,298,2313.3701171875,580.4500122070312,29.2526855,-18.1602882,19.158300399780273,0.14661000669002533,1.3112800121307373,19.007099151611328,0.26260000467300415,0.10309600085020065,18.631999969482422,0.03999999910593033,2.5199999809265137,0.1889999955892563,-0.4248720109462738,-0.15120500326156616,2.9000000953674316,0.9309999942779541,580.4500122070312,0.3662889897823334,0.9129980206489563,0.7950000166893005,0.7919999957084656,0.2741380035877228,0.2731029987335205,1.003790020942688,5.0,0.0,0.9700000286102295,0.9591230154037476,19.290199279785156,0.43720000982284546,29.2527156,-18.1602833,8.44401,26.21929931640625,3.93545014958363e-05,0.03561929985880852,0.1201310008764267,5.5776599765522406e-05,t17_f5_c3,,,,ZTF19abjgazt
2460162.9453356,2,2408445332715,19.85770034790039,/ztf/archive/sci/2023/0806/445231/ztf_20230806445231_000298_zr_c07_o_q4_scimrefdiffimg.fits.fz,Kulkarni,1,2.408445332715015e+18,t,0.0,2408,27,298,2325.0400390625,595.3510131835938,29.2527189,-18.1602838,19.218599319458008,0.1181119978427887,1.8296200037002563,19.443700790405273,0.289000004529953,0.011309999972581863,18.631999969482422,0.03999999910593033,2.5199999809265137,0.1889999955892563,-0.755046010017395,0.22512799501419067,3.059999942779541,0.9990000128746033,595.3510131835938,0.41401201486587524,0.7553880214691162,0.6449999809265137,0.5509999990463257,0.21078400313854218,0.18006500601768494,1.1706000566482544,2.0,0.0,0.947143018245697,1.0,19.353099822998047,0.34060001373291016,29.2527156,-18.1602833,8.75937,26.255599975585938,3.431100049056113e-05,0.033795200288295746,0.12236899882555008,4.929880014969967e-05,t17_f5_c3,,,,ZTF19abjgazt
2460162.9628241,1,2408462822715,19.677400588989258,/ztf/archive/sci/2023/0806/462789/ztf_20230806462789_000298_zg_c07_o_q4_scimrefdiffimg.fits.fz,Kulkarni,1,2.408462822715015e+18,t,0.0,2408,27,298,2315.010009765625,598.3569946289062,29.2527618,-18.1602559,19.206300735473633,0.14711999893188477,1.3905500173568726,19.16349983215332,0.2433999925851822,0.24487900733947754,19.31800079345703,0.04500000178813934,2.510999917984009,0.15299999713897705,0.6750739812850952,-0.04282600060105324,1.7899999618530273,0.9800000190734863,598.3569946289062,0.5139489769935608,1.3940900564193726,0.8199999928474426,0.6970000267028809,0.4581010043621063,0.38938501477241516,1.1764700412750244,3.0,0.0,0.9642860293388367,0.9725310206413269,19.002300262451172,0.26919999718666077,29.2526903,-18.1602669,9.97016,26.21030044555664,3.686600030050613e-05,0.03331710025668144,-0.06307770311832428,6.539769674418494e-05,t17_f5_c3,,,,ZTF19abjgazt
2460168.9376968,1,2414437692715,20.434099197387695,/ztf/archive/sci/2023/0812/437685/ztf_20230812437685_000298_zg_c07_o_q4_scimrefdiffimg.fits.fz,Kulkarni,1,2.414437692715015e+18,t,2.0,2414,27,298,2314.469970703125,605.0989990234375,29.252696,-18.1602828,19.175199508666992,0.10455600172281265,2.371299982070923,18.861600875854492,0.08940000087022781,0.05978599935770035,19.31800079345703,0.04500000178813934,2.510999917984009,0.15299999713897705,0.11787600070238113,-0.3136110007762909,2.5,0.9819999933242798,605.0989990234375,1.5724999904632568,1.0647900104522705,0.9850000143051147,0.9269999861717224,0.39399999380111694,0.3707999885082245,1.0625699758529663,1.0,0.0,0.8814290165901184,1.0,18.769800186157227,0.10400000214576721,29.2526903,-18.1602669,14.4954,26.165199279785156,3.081280010519549e-05,0.03204049915075302,-0.07190780341625214,4.596040162141435e-05,t17_f5_c3,,,,ZTF19abjgazt
2460168.9610185,2,2414461012715,20.42460060119629,/ztf/archive/sci/2023/0812/460984/ztf_20230812460984_000298_zr_c07_o_q4_scimrefdiffimg.fits.fz,Kulkarni,1,,,,2414,27,298,,,,,,,,,,,,,,,,,,,,,,,,,,,,,,,,,,,,26.269899368286133,1.6501300706295297e-05,0.023362500593066216,0.11425500363111496,2.3904200133983977e-05,t17_f5_c3,,,,ZTF19abjgazt
2460171.9176042,2,2417417602715,20.416799545288086,/ztf/archive/sci/2023/0815/417384/ztf_20230815417384_000298_zr_c07_o_q4_scimrefdiffimg.fits.fz,Kulkarni,1,,,,2417,27,298,,,,,,,,,,,,,,,,,,,,,,,,,,,,,,,,,,,,26.171899795532227,3.7621099181706086e-05,0.03536209836602211,0.1347550004720688,5.416409840108827e-05,t17_f5_c3,,,,ZTF19abjgazt
2460174.9037153,2,2420403712715,20.040300369262695,/ztf/archive/sci/2023/0818/403704/ztf_20230818403704_000298_zr_c07_o_q4_scimrefdiffimg.fits.fz,Kulkarni,1,,,,2420,27,298,,,,,,,,,,,,,,,,,,,,,,,,,,,,,,,,,,,,26.195999145507812,3.121190093224868e-05,0.03214050084352493,0.12554700672626495,4.549109871732071e-05,t17_f5_c3,,,,ZTF19abjgazt
2460174.9377083,1,2420437702715,20.171300888061523,/ztf/archive/sci/2023/0818/437697/ztf_20230818437697_000298_zg_c07_o_q4_scimrefdiffimg.fits.fz,Kulkarni,1,2.420437702715015e+18,t,1.0,2420,27,298,2326.18994140625,632.635009765625,29.2527485,-18.1602591,19.428600311279297,0.1542620062828064,1.4794000387191772,19.577199935913086,0.1809999942779541,0.19848500192165375,19.31800079345703,0.04500000178813934,2.510999917984009,0.15299999713897705,0.4617300033569336,0.14857199788093567,3.369999885559082,0.9700000286102295,632.635009765625,0.5941129922866821,0.9432709813117981,0.8519999980926514,0.7710000276565552,0.2528190016746521,0.2287829965353012,1.1050599813461304,4.0,0.0,0.945713996887207,1.0,19.507400512695312,0.21629999577999115,29.2526903,-18.1602669,13.6658,26.19260025024414,4.3265601561870426e-05,0.037279099225997925,-0.0942092016339302,6.893649697303772e-05,t17_f5_c3,,,,ZTF19abjgazt
2460179.8973611,2,2425397362715,20.10689926147461,/ztf/archive/sci/2023/0823/397350/ztf_20230823397350_000298_zr_c07_o_q4_scimrefdiffimg.fits.fz,Kulkarni,1,,,,2425,27,298,,,,,,,,,,,,,,,,,,,,,,,,,,,,,,,,,,,,26.22410011291504,2.298340041306801e-05,0.026760699227452278,0.12160799652338028,3.223710154998116e-05,t17_f5_c3,,,,ZTF19abjgazt
2460180.0070949,1,2425507092715,19.94569969177246,/ztf/archive/sci/2023/0823/507083/ztf_20230823507083_000298_zg_c07_o_q4_scimrefdiffimg.fits.fz,Kulkarni,1,2.425507092715015e+18,t,0.0,2425,27,298,2503.070068359375,626.9970092773438,29.2527476,-18.1602571,19.41950035095215,0.13401199877262115,1.1436100006103516,19.46980094909668,0.23569999635219574,0.1964530050754547,19.31800079345703,0.04500000178813934,2.510999917984009,0.15299999713897705,0.5579879879951477,0.05027100071310997,2.119999885559082,0.9769999980926514,569.4290161132812,0.4759170114994049,1.2667900323867798,0.7919999957084656,0.7260000109672546,0.3735849857330322,0.3424530029296875,1.0909099578857422,4.0,0.0,0.942857027053833,1.0,19.425100326538086,0.28940001130104065,29.2526903,-18.1602669,9.27336,26.221500396728516,4.1608498577261344e-05,0.036000799387693405,-0.06027809903025627,6.821910210419446e-05,t17_f5_c3,,,,ZTF19abjgazt
2460223.8384259,1,2469338422715,19.89579963684082,/ztf/archive/sci/2023/1006/338414/ztf_20231006338414_000298_zg_c07_o_q4_scimrefdiffimg.fits.fz,Kulkarni,1,2.469338422715015e+18,t,0.0,2469,27,298,2309.6298828125,625.0180053710938,29.2527131,-18.1602832,19.37220001220703,0.14192600548267365,0.9817829728126526,19.18199920654297,0.17149999737739563,0.09643799811601639,19.31800079345703,0.04500000178813934,2.510999917984009,0.15299999713897705,0.4470739960670471,-0.190187007188797,3.3499999046325684,0.9739999771118164,625.0180053710938,0.7138280272483826,0.8876169919967651,1.0149999856948853,0.9399999976158142,0.3029850125312805,0.2805970013141632,1.0797899961471558,2.0,0.0,0.942857027053833,1.0,18.999500274658203,0.18549999594688416,29.2526903,-18.1602669,11.1974,26.207199096679688,3.282129910076037e-05,0.031835198402404785,-0.08826690167188644,5.9400699683465064e-05,t17_f5_c3,,,,ZTF19abjgazt
2460223.9410648,2,2469441062715,19.81369972229004,/ztf/archive/sci/2023/1006/441053/ztf_20231006441053_000298_zr_c07_o_q4_scimrefdiffimg.fits.fz,Kulkarni,1,,,,2469,27,298,,,,,,,,,,,,,,,,,,,,,,,,,,,,,,,,,,,,26.220500946044922,3.205599932698533e-05,0.03237700089812279,0.10429900139570236,4.682529834099114e-05,t17_f5_c3,,,,ZTF19abjgazt
2460213.8697801,1,2459369785015,19.44029998779297,/ztf/archive/sci/2023/0926/369768/ztf_20230926369768_001290_zg_c13_o_q3_scimrefdiffimg.fits.fz,Kulkarni,2,,,,2459,50,1290,,,,,,,,,,,,,,,,,,,,,,,,,,,,,,,,,,,,26.30459976196289,4.9042901082430035e-05,0.03397519886493683,-0.046688999980688095,9.392220090376213e-05,t17_f5_c3,,,,ZTF19abjgazt
2460213.8702546,1,2459370255015,19.447399139404297,/ztf/archive/sci/2023/0926/370255/ztf_20230926370255_001290_zg_c13_o_q3_scimrefdiffimg.fits.fz,Kulkarni,3,,,,2459,50,1290,,,,,,,,,,,,,,,,,,,,,,,,,,,,,,,,,,,,26.286500930786133,6.702000246150419e-05,0.040645699948072433,-0.02575490064918995,0.00012298900401219726,t17_f5_c3,,,,ZTF19abjgazt
2460215.8441898,2,2461344185015,19.24679946899414,/ztf/archive/sci/2023/0928/344155/ztf_20230928344155_001290_zr_c13_o_q3_scimrefdiffimg.fits.fz,Kulkarni,2,,,,2461,50,1290,,,,,,,,,,,,,,,,,,,,,,,,,,,,,,,,,,,,26.272499084472656,2.9958000595797785e-05,0.030153200030326843,0.09354670345783234,4.2188701627310365e-05,t17_f5_c3,,,,ZTF19abjgazt
2460215.8446644,2,2461344665015,19.25469970703125,/ztf/archive/sci/2023/0928/344653/ztf_20230928344653_001290_zr_c13_o_q3_scimrefdiffimg.fits.fz,Kulkarni,3,,,,2461,50,1290,,,,,,,,,,,,,,,,,,,,,,,,,,,,,,,,,,,,26.274900436401367,3.7583198718493804e-05,0.03335820138454437,0.09271489828824997,5.2619299822254106e-05,t17_f5_c3,,,,ZTF19abjgazt
2460217.7888542,2,2463288855015,18.35580062866211,/ztf/archive/sci/2023/0930/288854/ztf_20230930288854_001290_zr_c13_o_q3_scimrefdiffimg.fits.fz,Kulkarni,2,,,,2463,50,1290,,,,,,,,,,,,,,,,,,,,,,,,,,,,,,,,,,,,26.207599639892578,9.411780047230422e-05,0.03691510111093521,0.10845500230789185,0.00013814200065098703,t17_f5_c3,,,,ZTF19abjgazt
2460217.7893287,2,2463289325015,18.450199127197266,/ztf/archive/sci/2023/0930/289317/ztf_20230930289317_001290_zr_c13_o_q3_scimrefdiffimg.fits.fz,Kulkarni,3,,,,2463,50,1290,,,,,,,,,,,,,,,,,,,,,,,,,,,,,,,,,,,,26.22439956665039,7.08028965163976e-05,0.03588720038533211,0.10249300301074982,0.00010848799865925685,t17_f5_c3,,,,ZTF19abjgazt
2460220.8625116,2,2466362515015,19.427600860595703,/ztf/archive/sci/2023/1003/362512/ztf_20231003362512_001290_zr_c13_o_q3_scimrefdiffimg.fits.fz,Kulkarni,2,,,,2466,50,1290,,,,,,,,,,,,,,,,,,,,,,,,,,,,,,,,,,,,26.2273006439209,3.674469917314127e-05,0.032919399440288544,0.0988020971417427,5.062769923824817e-05,t17_f5_c3,,,,ZTF19abjgazt
2460220.8629861,2,2466362985015,19.30459976196289,/ztf/archive/sci/2023/1003/362986/ztf_20231003362986_001290_zr_c13_o_q3_scimrefdiffimg.fits.fz,Kulkarni,3,,,,2466,50,1290,,,,,,,,,,,,,,,,,,,,,,,,,,,,,,,,,,,,26.136600494384766,5.7949400797951967e-05,0.04144139960408211,0.08919990062713623,8.013930346351117e-05,t17_f5_c3,,,,ZTF19abjgazt
2460222.8523958,2,2468352395015,19.440900802612305,/ztf/archive/sci/2023/1005/352361/ztf_20231005352361_001290_zr_c13_o_q3_scimrefdiffimg.fits.fz,Kulkarni,2,,,,2468,50,1290,,,,,,,,,,,,,,,,,,,,,,,,,,,,,,,,,,,,26.237699508666992,4.830430043512024e-05,0.03802749887108803,0.1068049967288971,6.796079833293334e-05,t17_f5_c3,,,,ZTF19abjgazt
2460222.8528704,2,2468352875015,19.36400032043457,/ztf/archive/sci/2023/1005/352859/ztf_20231005352859_001290_zr_c13_o_q3_scimrefdiffimg.fits.fz,Kulkarni,3,,,,2468,50,1290,,,,,,,,,,,,,,,,,,,,,,,,,,,,,,,,,,,,26.257299423217773,5.31012010469567e-05,0.04002229869365692,0.10405799746513367,7.40864998078905e-05,t17_f5_c3,,,,ZTF19abjgazt
2460223.8435301,2,2469343532715,20.053699493408203,/ztf/archive/sci/2023/1006/343530/ztf_20231006343530_000298_zr_c07_o_q4_scimrefdiffimg.fits.fz,Prince,3,,,,2469,27,298,,,,,,,,,,,,,,,,,,,,,,,,,,,,,,,,,,,,26.247400283813477,2.4465800379402936e-05,0.028414299711585045,0.12358000129461288,3.590760024962947e-05,t17_f5_c3,,,,ZTF19abjgazt
2460223.8440046,2,2469344002715,20.098899841308594,/ztf/archive/sci/2023/1006/344005/ztf_20231006344005_000298_zr_c07_o_q4_scimrefdiffimg.fits.fz,Prince,3,,,,2469,27,298,,,,,,,,,,,,,,,,,,,,,,,,,,,,,,,,,,,,26.248300552368164,2.433199915685691e-05,0.028425799682736397,0.12146800011396408,3.556489900802262e-05,t17_f5_c3,,,,ZTF19abjgazt
2460223.8444792,2,2469344472715,20.04290008544922,/ztf/archive/sci/2023/1006/344468/ztf_20231006344468_000298_zr_c07_o_q4_scimrefdiffimg.fits.fz,Prince,3,,,,2469,27,298,,,,,,,,,,,,,,,,,,,,,,,,,,,,,,,,,,,,26.242399215698242,2.4095599655993283e-05,0.0281009990721941,0.1287519931793213,3.522280167089775e-05,t17_f5_c3,,,,ZTF19abjgazt
2460223.8491898,2,2469349182715,20.07349967956543,/ztf/archive/sci/2023/1006/349190/ztf_20231006349190_000298_zr_c07_o_q4_scimrefdiffimg.fits.fz,Prince,3,,,,2469,27,298,,,,,,,,,,,,,,,,,,,,,,,,,,,,,,,,,,,,26.2460994720459,2.0469600713113323e-05,0.026122700423002243,0.12113399803638458,2.9803999495925382e-05,t17_f5_c3,,,,ZTF19abjgazt
2460223.8496644,2,2469349662715,20.04450035095215,/ztf/archive/sci/2023/1006/349653/ztf_20231006349653_000298_zr_c07_o_q4_scimrefdiffimg.fits.fz,Prince,3,,,,2469,27,298,,,,,,,,,,,,,,,,,,,,,,,,,,,,,,,,,,,,26.237699508666992,1.9704200894921087e-05,0.02557539939880371,0.12717999517917633,2.8741100322804414e-05,t17_f5_c3,,,,ZTF19abjgazt
2460223.8501273,2,2469350122715,20.057600021362305,/ztf/archive/sci/2023/1006/350127/ztf_20231006350127_000298_zr_c07_o_q4_scimrefdiffimg.fits.fz,Prince,3,,,,2469,27,298,,,,,,,,,,,,,,,,,,,,,,,,,,,,,,,,,,,,26.246299743652344,2.4194499928853475e-05,0.028479700908064842,0.12304700165987015,3.51743983628694e-05,t17_f5_c3,,,,ZTF19abjgazt
2460223.8548495,2,2469354842715,20.09119987487793,/ztf/archive/sci/2023/1006/354850/ztf_20231006354850_000298_zr_c07_o_q4_scimrefdiffimg.fits.fz,Prince,3,,,,2469,27,298,,,,,,,,,,,,,,,,,,,,,,,,,,,,,,,,,,,,26.2406005859375,2.7445599698694423e-05,0.030394600704312325,0.11941800266504288,4.0210401493823156e-05,t17_f5_c3,,,,ZTF19abjgazt
2460223.8553241,2,2469355322715,20.1028995513916,/ztf/archive/sci/2023/1006/355324/ztf_20231006355324_000298_zr_c07_o_q4_scimrefdiffimg.fits.fz,Prince,3,,,,2469,27,298,,,,,,,,,,,,,,,,,,,,,,,,,,,,,,,,,,,,26.250600814819336,2.44586008193437e-05,0.028506599366664886,0.12819600105285645,3.5660799767356366e-05,t17_f5_c3,,,,ZTF19abjgazt
2460223.8557986,2,2469355792715,20.015499114990234,/ztf/archive/sci/2023/1006/355787/ztf_20231006355787_000298_zr_c07_o_q4_scimrefdiffimg.fits.fz,Prince,3,,,,2469,27,298,,,,,,,,,,,,,,,,,,,,,,,,,,,,,,,,,,,,26.241199493408203,2.1622199710691348e-05,0.026755599305033684,0.12448199838399887,3.1583000236423686e-05,t17_f5_c3,,,,ZTF19abjgazt
2460223.8605208,2,2469360522715,20.07539939880371,/ztf/archive/sci/2023/1006/360509/ztf_20231006360509_000298_zr_c07_o_q4_scimrefdiffimg.fits.fz,Prince,3,,,,2469,27,298,,,,,,,,,,,,,,,,,,,,,,,,,,,,,,,,,,,,26.256799697875977,2.699029937502928e-05,0.02982649952173233,0.1222900003194809,3.913520049536601e-05,t17_f5_c3,,,,ZTF19abjgazt
2460223.8609954,2,2469360992715,20.05030059814453,/ztf/archive/sci/2023/1006/360984/ztf_20231006360984_000298_zr_c07_o_q4_scimrefdiffimg.fits.fz,Prince,3,,,,2469,27,298,,,,,,,,,,,,,,,,,,,,,,,,,,,,,,,,,,,,26.242700576782227,3.081480099353939e-05,0.032120898365974426,0.1311900019645691,4.50590014224872e-05,t17_f5_c3,,,,ZTF19abjgazt
2460223.8614583,2,2469361452715,20.054800033569336,/ztf/archive/sci/2023/1006/361458/ztf_20231006361458_000298_zr_c07_o_q4_scimrefdiffimg.fits.fz,Prince,3,,,,2469,27,298,,,,,,,,,,,,,,,,,,,,,,,,,,,,,,,,,,,,26.239500045776367,2.3448699721484445e-05,0.028116999194025993,0.12005999684333801,3.4603701351443306e-05,t17_f5_c3,,,,ZTF19abjgazt
2460223.8661806,2,2469366182715,19.99799919128418,/ztf/archive/sci/2023/1006/366181/ztf_20231006366181_000298_zr_c07_o_q4_scimrefdiffimg.fits.fz,Prince,3,,,,2469,27,298,,,,,,,,,,,,,,,,,,,,,,,,,,,,,,,,,,,,26.244400024414062,2.803210009005852e-05,0.03075389936566353,0.12759199738502502,4.108440043637529e-05,t17_f5_c3,,,,ZTF19abjgazt
2460223.8666551,2,2469366652715,19.970800399780273,/ztf/archive/sci/2023/1006/366644/ztf_20231006366644_000298_zr_c07_o_q4_scimrefdiffimg.fits.fz,Prince,3,,,,2469,27,298,,,,,,,,,,,,,,,,,,,,,,,,,,,,,,,,,,,,26.23349952697754,2.714830043260008e-05,0.030316799879074097,0.12358999997377396,3.969630051869899e-05,t17_f5_c3,,,,ZTF19abjgazt
2460223.8671296,2,2469367122715,19.96780014038086,/ztf/archive/sci/2023/1006/367118/ztf_20231006367118_000298_zr_c07_o_q4_scimrefdiffimg.fits.fz,Prince,3,,,,2469,27,298,,,,,,,,,,,,,,,,,,,,,,,,,,,,,,,,,,,,26.23889923095703,2.7892599973711185e-05,0.03038650006055832,0.12299200147390366,4.066089968546294e-05,t17_f5_c3,,,,ZTF19abjgazt
2460228.7990856,2,2474299082715,19.96310043334961,/ztf/archive/sci/2023/1011/299086/ztf_20231011299086_000298_zr_c07_o_q4_scimrefdiffimg.fits.fz,Kulkarni,1,2.474299082715015e+18,1,0.0,2474,27,298,2297.739990234375,618.9559936523438,29.2526271,-18.1603308,19.40530014038086,0.12565399706363678,1.4558299779891968,19.49839973449707,0.1882999986410141,0.3432939946651459,18.631999969482422,0.03999999910593033,2.5199999809265137,0.1889999955892563,0.09166999906301498,0.09312500059604645,3.0899999141693115,0.9010000228881836,618.9559936523438,0.4647060036659241,1.118690013885498,1.1059999465942383,0.9559999704360962,0.357928991317749,0.3093850016593933,1.1569000482559204,5.0,0.0,0.9085710048675537,0.9846979975700378,19.553300857543945,0.25189998745918274,29.2527156,-18.1602833,11.0164,26.25629997253418,2.5996399926953018e-05,0.029389899224042892,0.10925299674272537,3.7879501178395e-05,t17_f5_c3,,,,ZTF19abjgazt
2460228.8353125,1,2474335312715,20.32080078125,/ztf/archive/sci/2023/1011/335312/ztf_20231011335312_000298_zg_c07_o_q4_scimrefdiffimg.fits.fz,Prince,3,2.474335312715015e+18,1,0.0,2474,27,298,2304.719970703125,627.6300048828125,29.2527115,-18.1602377,19.27280044555664,0.14263400435447693,2.1785900592803955,19.298200607299805,0.12110000103712082,0.12608599662780762,19.31800079345703,0.04500000178813934,2.510999917984009,0.15299999713897705,0.17838500440120697,0.02537900023162365,2.950000047683716,0.9750000238418579,627.6300048828125,1.0226099491119385,1.0995700359344482,0.9480000138282776,0.8740000128746033,0.32135599851608276,0.2962709963321686,1.0846699476242065,0.0,0.0,0.9571430087089539,1.0,19.322200775146484,0.15710000693798065,29.2526903,-18.1602669,17.8107,26.2268009185791,4.905190144199878e-05,0.039871398359537125,-0.09310010075569153,7.479039777535945e-05,t17_f5_c3,,,,ZTF19abjgazt
2460228.835787,1,2474335782715,20.308000564575195,/ztf/archive/sci/2023/1011/335787/ztf_20231011335787_000298_zg_c07_o_q4_scimrefdiffimg.fits.fz,Prince,3,2.474335782715015e+18,1,1.0,2474,27,298,2304.919921875,627.5560302734375,29.2526697,-18.1602584,19.38990020751953,0.13112400472164154,1.914489984512329,19.398000717163086,0.13590000569820404,0.07580000162124634,19.31800079345703,0.04500000178813934,2.510999917984009,0.15299999713897705,0.5106750130653381,0.008062000386416912,3.440000057220459,0.9729999899864197,627.5560302734375,0.9099590182304382,0.9286850094795227,0.9110000133514404,0.8889999985694885,0.2648259997367859,0.25843000411987305,1.024749994277954,2.0,0.0,0.9399999976158142,1.0,19.40559959411621,0.1737000048160553,29.2526903,-18.1602669,15.976,26.247900009155273,4.070459908689372e-05,0.036365099251270294,-0.12547899782657623,6.183159712236375e-05,t17_f5_c3,,,,ZTF19abjgazt
2460228.8301157,1,2474330112715,20.401199340820312,/ztf/archive/sci/2023/1011/330116/ztf_20231011330116_000298_zg_c07_o_q4_scimrefdiffimg.fits.fz,Prince,3,2.474330112715015e+18,1,3.0,2474,27,298,2301.010009765625,627.0189819335938,29.2526732,-18.1602963,19.35099983215332,0.11888699978590012,1.4800599813461304,19.31999969482422,0.12240000069141388,0.11935000121593475,19.31800079345703,0.04500000178813934,2.510999917984009,0.15299999713897705,0.1860560029745102,-0.031026000156998634,3.140000104904175,0.9660000205039978,627.0189819335938,1.0812499523162842,0.969044029712677,0.8389999866485596,0.7559999823570251,0.26719701290130615,0.24076400697231293,1.1097899675369263,2.0,0.0,0.951429009437561,1.0,19.17650032043457,0.13600000739097595,29.2526903,-18.1602669,13.8882,26.242000579833984,4.052829899592325e-05,0.03686340153217316,-0.11202000081539154,6.073429904063232e-05,t17_f5_c3,,,,ZTF19abjgazt
2460228.8296528,1,2474329652715,20.30620002746582,/ztf/archive/sci/2023/1011/329641/ztf_20231011329641_000298_zg_c07_o_q4_scimrefdiffimg.fits.fz,Prince,3,2.474329652715015e+18,1,11.0,2474,27,298,2300.7900390625,627.0679931640625,29.2526797,-18.1603303,19.427400588989258,0.1345680058002472,1.1837199926376343,19.44879913330078,0.1388999968767166,0.22797200083732605,19.31800079345703,0.04500000178813934,2.510999917984009,0.15299999713897705,0.5606470108032227,0.021422000601887703,2.9800000190734863,0.9670000076293945,627.0679931640625,0.8573840260505676,1.1008399724960327,0.9629999995231628,0.8700000047683716,0.3231540024280548,0.2919459939002991,1.1068999767303467,2.0,0.0,0.9399999976158142,1.0,19.422700881958008,0.17229999601840973,29.2526903,-18.1602669,14.3828,26.23539924621582,4.407090091262944e-05,0.03811360150575638,-0.11602800339460373,6.931109965080395e-05,t17_f5_c3,,,,ZTF19abjgazt
2460228.8305903,1,2474330592715,20.317399978637695,/ztf/archive/sci/2023/1011/330590/ztf_20231011330590_000298_zg_c07_o_q4_scimrefdiffimg.fits.fz,Prince,3,2.474330592715015e+18,1,0.0,2474,27,298,2300.419921875,627.0269775390625,29.2527316,-18.1602975,19.44610023498535,0.14701500535011292,1.6561800241470337,19.67620086669922,0.1753000020980835,0.17651399970054626,19.31800079345703,0.04500000178813934,2.510999917984009,0.15299999713897705,0.540099024772644,0.23006899654865265,2.609999895095825,0.9729999899864197,627.0269775390625,0.6411799788475037,1.211840033531189,0.8019999861717224,0.7360000014305115,0.3072800040245056,0.28199198842048645,1.089669942855835,3.0,0.0,0.945713996887207,0.9893820285797119,19.45330047607422,0.1817999929189682,29.2526903,-18.1602669,14.3672,26.234100341796875,3.765679866774008e-05,0.035529401153326035,-0.10350099951028824,5.636029891320504e-05,t17_f5_c3,,,,ZTF19abjgazt
2460228.8362616,1,2474336262715,20.2731990814209,/ztf/archive/sci/2023/1011/336250/ztf_20231011336250_000298_zg_c07_o_q4_scimrefdiffimg.fits.fz,Prince,3,2.474336262715015e+18,1,1.0,2474,27,298,2304.360107421875,627.447021484375,29.2527424,-18.1602772,19.33449935913086,0.1492210030555725,1.455989956855774,19.315000534057617,0.12290000170469284,0.17962099611759186,19.31800079345703,0.04500000178813934,2.510999917984009,0.15299999713897705,0.31045201420783997,-0.019491000100970268,3.5399999618530273,0.9549999833106995,627.447021484375,0.9582039713859558,0.9587720036506653,1.0479999780654907,0.9539999961853027,0.2960450053215027,0.2694920003414154,1.0985300540924072,3.0,0.0,0.9200000166893005,1.0,19.28070068359375,0.1509999930858612,29.2526903,-18.1602669,16.5724,26.223499298095703,3.889379877364263e-05,0.035797398537397385,-0.08037330210208893,6.065880006644875e-05,t17_f5_c3,,,,ZTF19abjgazt
2460228.8409838,1,2474340982715,20.284000396728516,/ztf/archive/sci/2023/1011/340972/ztf_20231011340972_000298_zg_c07_o_q4_scimrefdiffimg.fits.fz,Prince,3,2.474340982715015e+18,1,4.0,2474,27,298,2306.7099609375,628.2650146484375,29.2526558,-18.1603157,19.273399353027344,0.11969699710607529,1.447759985923767,19.123300552368164,0.10679999738931656,0.20867900550365448,19.31800079345703,0.04500000178813934,2.510999917984009,0.15299999713897705,0.3279539942741394,-0.15008099377155304,3.190000057220459,0.9769999980926514,628.2650146484375,1.1606899499893188,1.0162299871444702,1.031999945640564,1.0089999437332153,0.323511004447937,0.31630098819732666,1.0227899551391602,1.0,0.0,0.9399999976158142,1.0,19.045499801635742,0.12610000371932983,29.2526903,-18.1602669,16.2809,26.234399795532227,5.675879947375506e-05,0.042778801172971725,-0.10461100190877914,8.868290024111047e-05,t17_f5_c3,,,,ZTF19abjgazt
2460228.8419213,1,2474341922715,20.266199111938477,/ztf/archive/sci/2023/1011/341921/ztf_20231011341921_000298_zg_c07_o_q4_scimrefdiffimg.fits.fz,Prince,3,2.474341922715015e+18,1,2.0,2474,27,298,2306.43994140625,628.1539916992188,29.2526825,-18.1602693,19.407800674438477,0.13990099728107452,1.4972599744796753,19.334299087524414,0.12729999423027039,0.027552999556064606,19.31800079345703,0.04500000178813934,2.510999917984009,0.15299999713897705,0.1132889986038208,-0.07345899939537048,3.380000114440918,0.972000002861023,628.1539916992188,0.9319300055503845,0.9902989864349365,1.0779999494552612,1.0399999618530273,0.31893500685691833,0.3076919913291931,1.0365400314331055,1.0,0.0,0.9042860269546509,1.0,19.253799438476562,0.15000000596046448,29.2526903,-18.1602669,13.8596,26.240800857543945,3.482129977783188e-05,0.03378399834036827,-0.10528600215911865,5.4403801186708733e-05,t17_f5_c3,,,,ZTF19abjgazt
2460228.8476042,1,2474347602715,20.362499237060547,/ztf/archive/sci/2023/1011/347593/ztf_20231011347593_000298_zg_c07_o_q4_scimrefdiffimg.fits.fz,Prince,3,2.474347602715015e+18,1,1.0,2474,27,298,2309.10009765625,629.6290283203125,29.2526845,-18.1602456,19.42329978942871,0.12682700157165527,1.720039963722229,19.560699462890625,0.1534000039100647,0.07821299880743027,19.31800079345703,0.04500000178813934,2.510999917984009,0.15299999713897705,0.45406800508499146,0.13740000128746033,3.0899999141693115,0.9700000286102295,629.6290283203125,0.8018109798431396,1.0125399827957153,0.890999972820282,0.8349999785423279,0.288349986076355,0.27022698521614075,1.0670700073242188,1.0,0.0,0.9528570175170898,1.0,19.50670051574707,0.18529999256134033,29.2526903,-18.1602669,13.6167,26.238300323486328,3.374760126462206e-05,0.03374220058321953,-0.11210700124502182,5.10101999680046e-05,t17_f5_c3,,,,ZTF19abjgazt
2460228.8523264,1,2474352322715,20.3533992767334,/ztf/archive/sci/2023/1011/352326/ztf_20231011352326_000298_zg_c07_o_q4_scimrefdiffimg.fits.fz,Prince,3,2.474352322715015e+18,1,1.0,2474,27,298,2312.010009765625,630.0700073242188,29.2527316,-18.1603151,19.36870002746582,0.11452200263738632,1.2770899534225464,19.26129913330078,0.11640000343322754,0.2208469957113266,19.31800079345703,0.04500000178813934,2.510999917984009,0.15299999713897705,0.39326199889183044,-0.10739900171756744,3.359999895095825,0.968999981880188,630.0700073242188,1.0920499563217163,0.9431170225143433,1.0299999713897705,0.9160000085830688,0.30654799938201904,0.27261900901794434,1.1244499683380127,2.0,0.0,0.9528570175170898,1.0,19.200700759887695,0.13950000703334808,29.2526903,-18.1602669,13.267,26.246700286865234,4.6142398787196726e-05,0.03910849988460541,-0.10909800231456757,6.929379742359743e-05,t17_f5_c3,,,,ZTF19abjgazt
2460228.7990856,2,2474299082715,19.96310043334961,/ztf/archive/sci/2023/1011/299086/ztf_20231011299086_000298_zr_c07_o_q4_scimrefdiffimg.fits.fz,Kulkarni,1,2.474299082715015e+18,t,0.0,2474,27,298,2297.739990234375,618.9559936523438,29.2526271,-18.1603308,19.40530014038086,0.12565399706363678,1.4558299779891968,19.49839973449707,0.1882999986410141,0.3432939946651459,18.631999969482422,0.03999999910593033,2.5199999809265137,0.1889999955892563,0.09166999906301498,0.09312500059604645,3.0899999141693115,0.9010000228881836,618.9559936523438,0.4647060036659241,1.118690013885498,1.1059999465942383,0.9559999704360962,0.357928991317749,0.3093850016593933,1.1569000482559204,5.0,0.0,0.9085710048675537,0.9846979975700378,19.553300857543945,0.25189998745918274,29.2527156,-18.1602833,11.0164,26.25629997253418,2.5996399926953018e-05,0.029389899224042892,0.10925299674272537,3.7879501178395e-05,t17_f5_c3,,,,ZTF19abjgazt
2460228.8966319,1,2474396632715,20.225299835205078,/ztf/archive/sci/2023/1011/396586/ztf_20231011396586_000298_zg_c07_o_q4_scimrefdiffimg.fits.fz,Kulkarni,1,2.474396632715015e+18,t,4.0,2474,27,298,2300.300048828125,626.64599609375,29.2526974,-18.1602728,19.3710994720459,0.13843299448490143,1.4654799699783325,19.33609962463379,0.12839999794960022,0.031909000128507614,19.31800079345703,0.04500000178813934,2.510999917984009,0.15299999713897705,0.5412650108337402,-0.03502799943089485,4.389999866485596,0.9440000057220459,626.64599609375,0.8891569972038269,0.7865800261497498,1.187999963760376,1.1230000257492065,0.27061501145362854,0.2558090090751648,1.0578800439834595,1.0,0.0,0.8228570222854614,1.0,19.29759979248047,0.15729999542236328,29.2526903,-18.1602669,15.0079,26.216100692749023,4.788440128322691e-05,0.03926439955830574,-0.07882110029459,7.535939948866144e-05,t17_f5_c3,,,,ZTF19abjgazt
2460231.8362269,2,2477336222715,20.29640007019043,/ztf/archive/sci/2023/1014/336227/ztf_20231014336227_000298_zr_c07_o_q4_scimrefdiffimg.fits.fz,Kulkarni,1,,,,2477,27,298,,,,,,,,,,,,,,,,,,,,,,,,,,,,,,,,,,,,26.243000030517578,1.9782199160545133e-05,0.02600109949707985,0.1286969929933548,2.912359923357144e-05,t17_f5_c3,,,,ZTF19abjgazt
2460228.8296528,1,2474329652715,20.30620002746582,/ztf/archive/sci/2023/1011/329641/ztf_20231011329641_000298_zg_c07_o_q4_scimrefdiffimg.fits.fz,Prince,3,2.474329652715015e+18,t,11.0,2474,27,298,2300.7900390625,627.0679931640625,29.2526797,-18.1603303,19.427400588989258,0.1345680058002472,1.1837199926376343,19.44879913330078,0.1388999968767166,0.22797200083732605,19.31800079345703,0.04500000178813934,2.510999917984009,0.15299999713897705,0.5606470108032227,0.021422000601887703,2.9800000190734863,0.9670000076293945,627.0679931640625,0.8573840260505676,1.1008399724960327,0.9629999995231628,0.8700000047683716,0.3231540024280548,0.2919459939002991,1.1068999767303467,2.0,0.0,0.9399999976158142,1.0,19.422700881958008,0.17229999601840973,29.2526903,-18.1602669,14.3828,26.23539924621582,4.407090091262944e-05,0.03811360150575638,-0.11602800339460373,6.931109965080395e-05,t17_f5_c3,,,,ZTF19abjgazt
2460228.8301157,1,2474330112715,20.401199340820312,/ztf/archive/sci/2023/1011/330116/ztf_20231011330116_000298_zg_c07_o_q4_scimrefdiffimg.fits.fz,Prince,3,2.474330112715015e+18,t,3.0,2474,27,298,2301.010009765625,627.0189819335938,29.2526732,-18.1602963,19.35099983215332,0.11888699978590012,1.4800599813461304,19.31999969482422,0.12240000069141388,0.11935000121593475,19.31800079345703,0.04500000178813934,2.510999917984009,0.15299999713897705,0.1860560029745102,-0.031026000156998634,3.140000104904175,0.9660000205039978,627.0189819335938,1.0812499523162842,0.969044029712677,0.8389999866485596,0.7559999823570251,0.26719701290130615,0.24076400697231293,1.1097899675369263,2.0,0.0,0.951429009437561,1.0,19.17650032043457,0.13600000739097595,29.2526903,-18.1602669,13.8882,26.242000579833984,4.052829899592325e-05,0.03686340153217316,-0.11202000081539154,6.073429904063232e-05,t17_f5_c3,,,,ZTF19abjgazt
2460228.8305903,1,2474330592715,20.317399978637695,/ztf/archive/sci/2023/1011/330590/ztf_20231011330590_000298_zg_c07_o_q4_scimrefdiffimg.fits.fz,Prince,3,2.474330592715015e+18,t,0.0,2474,27,298,2300.419921875,627.0269775390625,29.2527316,-18.1602975,19.44610023498535,0.14701500535011292,1.6561800241470337,19.67620086669922,0.1753000020980835,0.17651399970054626,19.31800079345703,0.04500000178813934,2.510999917984009,0.15299999713897705,0.540099024772644,0.23006899654865265,2.609999895095825,0.9729999899864197,627.0269775390625,0.6411799788475037,1.211840033531189,0.8019999861717224,0.7360000014305115,0.3072800040245056,0.28199198842048645,1.089669942855835,3.0,0.0,0.945713996887207,0.9893820285797119,19.45330047607422,0.1817999929189682,29.2526903,-18.1602669,14.3672,26.234100341796875,3.765679866774008e-05,0.035529401153326035,-0.10350099951028824,5.636029891320504e-05,t17_f5_c3,,,,ZTF19abjgazt
2460228.8353125,1,2474335312715,20.32080078125,/ztf/archive/sci/2023/1011/335312/ztf_20231011335312_000298_zg_c07_o_q4_scimrefdiffimg.fits.fz,Prince,3,2.474335312715015e+18,t,0.0,2474,27,298,2304.719970703125,627.6300048828125,29.2527115,-18.1602377,19.27280044555664,0.14263400435447693,2.1785900592803955,19.298200607299805,0.12110000103712082,0.12608599662780762,19.31800079345703,0.04500000178813934,2.510999917984009,0.15299999713897705,0.17838500440120697,0.02537900023162365,2.950000047683716,0.9750000238418579,627.6300048828125,1.0226099491119385,1.0995700359344482,0.9480000138282776,0.8740000128746033,0.32135599851608276,0.2962709963321686,1.0846699476242065,0.0,0.0,0.9571430087089539,1.0,19.322200775146484,0.15710000693798065,29.2526903,-18.1602669,17.8107,26.2268009185791,4.905190144199878e-05,0.039871398359537125,-0.09310010075569153,7.479039777535945e-05,t17_f5_c3,,,,ZTF19abjgazt
2460228.835787,1,2474335782715,20.308000564575195,/ztf/archive/sci/2023/1011/335787/ztf_20231011335787_000298_zg_c07_o_q4_scimrefdiffimg.fits.fz,Prince,3,2.474335782715015e+18,t,1.0,2474,27,298,2304.919921875,627.5560302734375,29.2526697,-18.1602584,19.38990020751953,0.13112400472164154,1.914489984512329,19.398000717163086,0.13590000569820404,0.07580000162124634,19.31800079345703,0.04500000178813934,2.510999917984009,0.15299999713897705,0.5106750130653381,0.008062000386416912,3.440000057220459,0.9729999899864197,627.5560302734375,0.9099590182304382,0.9286850094795227,0.9110000133514404,0.8889999985694885,0.2648259997367859,0.25843000411987305,1.024749994277954,2.0,0.0,0.9399999976158142,1.0,19.40559959411621,0.1737000048160553,29.2526903,-18.1602669,15.976,26.247900009155273,4.070459908689372e-05,0.036365099251270294,-0.12547899782657623,6.183159712236375e-05,t17_f5_c3,,,,ZTF19abjgazt
2460228.8362616,1,2474336262715,20.2731990814209,/ztf/archive/sci/2023/1011/336250/ztf_20231011336250_000298_zg_c07_o_q4_scimrefdiffimg.fits.fz,Prince,3,2.474336262715015e+18,t,1.0,2474,27,298,2304.360107421875,627.447021484375,29.2527424,-18.1602772,19.33449935913086,0.1492210030555725,1.455989956855774,19.315000534057617,0.12290000170469284,0.17962099611759186,19.31800079345703,0.04500000178813934,2.510999917984009,0.15299999713897705,0.31045201420783997,-0.019491000100970268,3.5399999618530273,0.9549999833106995,627.447021484375,0.9582039713859558,0.9587720036506653,1.0479999780654907,0.9539999961853027,0.2960450053215027,0.2694920003414154,1.0985300540924072,3.0,0.0,0.9200000166893005,1.0,19.28070068359375,0.1509999930858612,29.2526903,-18.1602669,16.5724,26.223499298095703,3.889379877364263e-05,0.035797398537397385,-0.08037330210208893,6.065880006644875e-05,t17_f5_c3,,,,ZTF19abjgazt
2460228.8409838,1,2474340982715,20.284000396728516,/ztf/archive/sci/2023/1011/340972/ztf_20231011340972_000298_zg_c07_o_q4_scimrefdiffimg.fits.fz,Prince,3,2.474340982715015e+18,t,4.0,2474,27,298,2306.7099609375,628.2650146484375,29.2526558,-18.1603157,19.273399353027344,0.11969699710607529,1.447759985923767,19.123300552368164,0.10679999738931656,0.20867900550365448,19.31800079345703,0.04500000178813934,2.510999917984009,0.15299999713897705,0.3279539942741394,-0.15008099377155304,3.190000057220459,0.9769999980926514,628.2650146484375,1.1606899499893188,1.0162299871444702,1.031999945640564,1.0089999437332153,0.323511004447937,0.31630098819732666,1.0227899551391602,1.0,0.0,0.9399999976158142,1.0,19.045499801635742,0.12610000371932983,29.2526903,-18.1602669,16.2809,26.234399795532227,5.675879947375506e-05,0.042778801172971725,-0.10461100190877914,8.868290024111047e-05,t17_f5_c3,,,,ZTF19abjgazt
2460228.8414468,1,2474341442715,20.347900390625,/ztf/archive/sci/2023/1011/341447/ztf_20231011341447_000298_zg_c07_o_q4_scimrefdiffimg.fits.fz,Prince,3,2.474341442715015e+18,t,2.0,2474,27,298,2306.469970703125,628.2760009765625,29.2527218,-18.1603081,19.3080997467041,0.12584400177001953,1.870300054550171,19.140399932861328,0.1039000004529953,0.18094000220298767,19.31800079345703,0.04500000178813934,2.510999917984009,0.15299999713897705,0.467070996761322,-0.16767999529838562,3.680000066757202,0.9779999852180481,628.2760009765625,1.2074799537658691,0.8697289824485779,1.0759999752044678,0.9860000014305115,0.29239100217819214,0.26793500781059265,1.0912799835205078,1.0,0.0,0.8971430063247681,1.0,19.135900497436523,0.13099999725818634,29.2526903,-18.1602669,16.5024,26.24209976196289,3.6562298191711307e-05,0.034768298268318176,-0.11255999654531479,5.580340075539425e-05,t17_f5_c3,,,,ZTF19abjgazt
2460228.8419213,1,2474341922715,20.266199111938477,/ztf/archive/sci/2023/1011/341921/ztf_20231011341921_000298_zg_c07_o_q4_scimrefdiffimg.fits.fz,Prince,3,2.474341922715015e+18,t,2.0,2474,27,298,2306.43994140625,628.1539916992188,29.2526825,-18.1602693,19.407800674438477,0.13990099728107452,1.4972599744796753,19.334299087524414,0.12729999423027039,0.027552999556064606,19.31800079345703,0.04500000178813934,2.510999917984009,0.15299999713897705,0.1132889986038208,-0.07345899939537048,3.380000114440918,0.972000002861023,628.1539916992188,0.9319300055503845,0.9902989864349365,1.0779999494552612,1.0399999618530273,0.31893500685691833,0.3076919913291931,1.0365400314331055,1.0,0.0,0.9042860269546509,1.0,19.253799438476562,0.15000000596046448,29.2526903,-18.1602669,13.8596,26.240800857543945,3.482129977783188e-05,0.03378399834036827,-0.10528600215911865,5.4403801186708733e-05,t17_f5_c3,,,,ZTF19abjgazt
2460228.8466551,1,2474346652715,20.35260009765625,/ztf/archive/sci/2023/1011/346644/ztf_20231011346644_000298_zg_c07_o_q4_scimrefdiffimg.fits.fz,Prince,3,2.474346652715015e+18,t,2.0,2474,27,298,2309.5,629.6690063476562,29.2526492,-18.1602779,19.416099548339844,0.13737300038337708,2.3216700553894043,19.236299514770508,0.11469999700784683,0.1442900002002716,19.31800079345703,0.04500000178813934,2.510999917984009,0.15299999713897705,0.4026379883289337,-0.17976899445056915,3.0899999141693115,0.9649999737739563,629.6690063476562,1.116260051727295,1.017109990119934,1.069000005722046,0.9750000238418579,0.3459550142288208,0.31553399562835693,1.0964100360870361,3.0,0.0,0.9157140254974365,1.0,19.182600021362305,0.13840000331401825,29.2526903,-18.1602669,16.9424,26.236099243164062,3.106860094703734e-05,0.031578898429870605,-0.09873799979686737,4.7685498429927975e-05,t17_f5_c3,,,,ZTF19abjgazt
2460228.8471296,1,2474347122715,20.36090087890625,/ztf/archive/sci/2023/1011/347118/ztf_20231011347118_000298_zg_c07_o_q4_scimrefdiffimg.fits.fz,Prince,3,2.474347122715015e+18,t,3.0,2474,27,298,2309.219970703125,629.8309936523438,29.2526728,-18.160309,19.467100143432617,0.11426299810409546,1.2705299854278564,19.410200119018555,0.13179999589920044,0.1609800010919571,19.31800079345703,0.04500000178813934,2.510999917984009,0.15299999713897705,0.41753700375556946,-0.05687699839472771,3.5199999809265137,0.9449999928474426,629.8309936523438,0.9507089853286743,0.903639018535614,1.00600004196167,0.9079999923706055,0.2857950031757355,0.25795501470565796,1.1079299449920654,2.0,0.0,0.9442859888076782,1.0,19.31209945678711,0.15289999544620514,29.2526903,-18.1602669,14.3359,26.243099212646484,3.839510100078769e-05,0.03574499860405922,-0.11506900191307068,5.7966601161751896e-05,t17_f5_c3,,,,ZTF19abjgazt
2460228.8476042,1,2474347602715,20.362499237060547,/ztf/archive/sci/2023/1011/347593/ztf_20231011347593_000298_zg_c07_o_q4_scimrefdiffimg.fits.fz,Prince,3,2.474347602715015e+18,t,1.0,2474,27,298,2309.10009765625,629.6290283203125,29.2526845,-18.1602456,19.42329978942871,0.12682700157165527,1.720039963722229,19.560699462890625,0.1534000039100647,0.07821299880743027,19.31800079345703,0.04500000178813934,2.510999917984009,0.15299999713897705,0.45406800508499146,0.13740000128746033,3.0899999141693115,0.9700000286102295,629.6290283203125,0.8018109798431396,1.0125399827957153,0.890999972820282,0.8349999785423279,0.288349986076355,0.27022698521614075,1.0670700073242188,1.0,0.0,0.9528570175170898,1.0,19.50670051574707,0.18529999256134033,29.2526903,-18.1602669,13.6167,26.238300323486328,3.374760126462206e-05,0.03374220058321953,-0.11210700124502182,5.10101999680046e-05,t17_f5_c3,,,,ZTF19abjgazt
2460228.8523264,1,2474352322715,20.3533992767334,/ztf/archive/sci/2023/1011/352326/ztf_20231011352326_000298_zg_c07_o_q4_scimrefdiffimg.fits.fz,Prince,3,2.474352322715015e+18,t,1.0,2474,27,298,2312.010009765625,630.0700073242188,29.2527316,-18.1603151,19.36870002746582,0.11452200263738632,1.2770899534225464,19.26129913330078,0.11640000343322754,0.2208469957113266,19.31800079345703,0.04500000178813934,2.510999917984009,0.15299999713897705,0.39326199889183044,-0.10739900171756744,3.359999895095825,0.968999981880188,630.0700073242188,1.0920499563217163,0.9431170225143433,1.0299999713897705,0.9160000085830688,0.30654799938201904,0.27261900901794434,1.1244499683380127,2.0,0.0,0.9528570175170898,1.0,19.200700759887695,0.13950000703334808,29.2526903,-18.1602669,13.267,26.246700286865234,4.6142398787196726e-05,0.03910849988460541,-0.10909800231456757,6.929379742359743e-05,t17_f5_c3,,,,ZTF19abjgazt
2460228.8528009,1,2474352802715,20.348400115966797,/ztf/archive/sci/2023/1011/352801/ztf_20231011352801_000298_zg_c07_o_q4_scimrefdiffimg.fits.fz,Prince,3,2.474352802715015e+18,t,2.0,2474,27,298,2311.919921875,629.89599609375,29.2526779,-18.1602971,19.344600677490234,0.10418999940156937,0.9065369963645935,19.350000381469727,0.12489999830722809,0.11518199741840363,19.31800079345703,0.04500000178813934,2.510999917984009,0.15299999713897705,0.48876699805259705,0.005417999811470509,3.4100000858306885,0.9559999704360962,629.89599609375,0.9983720183372498,0.9437869787216187,0.9950000047683716,0.9279999732971191,0.2917889952659607,0.2721410095691681,1.0721999406814575,1.0,0.0,0.9328569769859314,1.0,19.188199996948242,0.13660000264644623,29.2526903,-18.1602669,15.9459,26.233600616455078,2.9753000490018167e-05,0.031062599271535873,-0.09510389715433121,4.4584001443581656e-05,t17_f5_c3,,,,ZTF19abjgazt
2460228.8532755,1,2474353272715,20.372400283813477,/ztf/archive/sci/2023/1011/353275/ztf_20231011353275_000298_zg_c07_o_q4_scimrefdiffimg.fits.fz,Prince,3,2.474353272715015e+18,t,2.0,2474,27,298,2312.669921875,630.0399780273438,29.2526882,-18.1602972,19.427400588989258,0.13366499543190002,1.3766100406646729,19.37299919128418,0.12809999287128448,0.10806400328874588,19.31800079345703,0.04500000178813934,2.510999917984009,0.15299999713897705,0.36200499534606934,-0.05439300090074539,3.2799999713897705,0.9660000205039978,630.0399780273438,0.999364972114563,0.9545050263404846,0.9290000200271606,0.8970000147819519,0.2832320034503937,0.2734760046005249,1.0356700420379639,1.0,0.0,0.9542859792709351,1.0,19.3164005279541,0.1543000042438507,29.2526903,-18.1602669,14.8213,26.24340057373047,3.258229844504967e-05,0.03270220011472702,-0.11614800244569778,4.979889854439534e-05,t17_f5_c3,,,,ZTF19abjgazt
2460231.8812037,1,2477381202715,20.322799682617188,/ztf/archive/sci/2023/1014/381204/ztf_20231014381204_000298_zg_c07_o_q4_scimrefdiffimg.fits.fz,Kulkarni,1,2.477381202715015e+18,t,3.0,2477,27,298,2283.3798828125,618.3770141601562,29.2526999,-18.1603288,19.55620002746582,0.15381500124931335,1.6312400102615356,19.608800888061523,0.18569999933242798,0.22223800420761108,19.31800079345703,0.04500000178813934,2.510999917984009,0.15299999713897705,0.4035150110721588,0.05261300131678581,2.759999990463257,0.9729999899864197,618.3770141601562,0.7140179872512817,1.0048999786376953,0.8379999995231628,0.7699999809265137,0.3036229908466339,0.27898600697517395,1.0883100032806396,3.0,0.0,0.9585710167884827,0.9498929977416992,19.529199600219727,0.22010000050067902,29.2526903,-18.1602669,12.9904,26.206199645996094,3.9267099054995924e-05,0.03632809966802597,-0.09246689826250076,6.026000119163655e-05,t17_f5_c3,,,,ZTF19abjgazt
2460233.8158218,1,2479315822715,20.340900421142578,/ztf/archive/sci/2023/1016/315810/ztf_20231016315810_000298_zg_c07_o_q4_scimrefdiffimg.fits.fz,Prince,3,2.479315822715015e+18,1,2.0,2479,27,298,2298.860107421875,610.197998046875,29.2526803,-18.1602562,19.497299194335938,0.11831799894571304,1.1491199731826782,19.411100387573242,0.16210000216960907,0.05110500007867813,19.31800079345703,0.04500000178813934,2.510999917984009,0.15299999713897705,0.3508709967136383,-0.08620399981737137,2.890000104904175,0.9789999723434448,610.197998046875,0.9298359751701355,0.9003390073776245,0.7720000147819519,0.7369999885559082,0.26712799072265625,0.2550170123577118,1.0474900007247925,4.0,0.0,0.9614289999008179,0.9689739942550659,19.52869987487793,0.23000000417232513,29.2526903,-18.1602669,11.396,26.226299285888672,3.65822997991927e-05,0.03474140167236328,-0.0868636965751648,5.355040048016235e-05,t17_f5_c3,,,,ZTF19abjgazt
2460233.8162847,1,2479316282715,20.35449981689453,/ztf/archive/sci/2023/1016/316285/ztf_20231016316285_000298_zg_c07_o_q4_scimrefdiffimg.fits.fz,Prince,3,2.479316282715015e+18,1,1.0,2479,27,298,2299.360107421875,610.14697265625,29.2527006,-18.1602411,19.398000717163086,0.12453799694776535,1.6051000356674194,19.407800674438477,0.16009999811649323,0.09791400283575058,19.31800079345703,0.04500000178813934,2.510999917984009,0.15299999713897705,0.7188889980316162,0.009796000085771084,1.9299999475479126,0.9769999980926514,610.14697265625,0.9466500282287598,1.3444000482559204,0.6819999814033508,0.6520000100135803,0.35336801409721375,0.3378239870071411,1.0460100173950195,2.0,0.0,0.9657139778137207,1.0,19.23200035095215,0.1737000048160553,29.2526903,-18.1602669,11.7963,26.23200035095215,2.5863400878733955e-05,0.02925729937851429,-0.08996710181236267,3.7950900150462985e-05,t17_f5_c3,,,,ZTF19abjgazt
2460233.8167593,1,2479316752715,20.373899459838867,/ztf/archive/sci/2023/1016/316759/ztf_20231016316759_000298_zg_c07_o_q4_scimrefdiffimg.fits.fz,Prince,3,2.479316752715015e+18,1,1.0,2479,27,298,2299.110107421875,610.3930053710938,29.252687,-18.1602792,19.473899841308594,0.11753199994564056,1.7008800506591797,19.57040023803711,0.18369999527931213,0.04487700015306473,19.31800079345703,0.04500000178813934,2.510999917984009,0.15299999713897705,0.1452459990978241,0.09648899734020233,2.5299999713897705,0.9779999852180481,610.3930053710938,0.80349200963974,1.0197800397872925,0.7770000100135803,0.753000020980835,0.30711498856544495,0.2976279854774475,1.0318700075149536,6.0,0.0,0.9599999785423279,0.9773120284080505,19.456100463867188,0.21089999377727509,29.2526903,-18.1602669,11.5379,26.223899841308594,2.796889930323232e-05,0.03040740080177784,-0.07826700061559677,4.172750050202012e-05,t17_f5_c3,,,,ZTF19abjgazt
2460233.8214815,1,2479321482715,20.368099212646484,/ztf/archive/sci/2023/1016/321470/ztf_20231016321470_000298_zg_c07_o_q4_scimrefdiffimg.fits.fz,Prince,3,2.479321482715015e+18,1,1.0,2479,27,298,2303.169921875,610.6790161132812,29.2527126,-18.160259,19.64699935913086,0.1487250030040741,1.4106999635696411,19.83970069885254,0.23929999768733978,0.08041899651288986,19.31800079345703,0.04500000178813934,2.510999917984009,0.15299999713897705,0.7854310274124146,0.1927260011434555,1.6100000143051147,0.9580000042915344,610.6790161132812,0.528427004814148,1.5810799598693848,0.6340000033378601,0.5929999947547913,0.39378899335861206,0.3683229982852936,1.0691399574279785,5.0,0.0,0.9485710263252258,0.9839619994163513,19.853700637817383,0.3091000020503998,29.2526903,-18.1602669,10.0771,26.222999572753906,3.679650035337545e-05,0.03510940074920654,-0.07372889667749405,5.421110108727589e-05,t17_f5_c3,,,,ZTF19abjgazt
2460233.821956,1,2479321952715,20.377099990844727,/ztf/archive/sci/2023/1016/321944/ztf_20231016321944_000298_zg_c07_o_q4_scimrefdiffimg.fits.fz,Prince,3,2.479321952715015e+18,1,0.0,2479,27,298,2303.6201171875,610.7750244140625,29.2527135,-18.1602844,19.403200149536133,0.14132599532604218,1.9375200271606445,19.449800491333008,0.16760000586509705,0.09973800182342529,19.31800079345703,0.04500000178813934,2.510999917984009,0.15299999713897705,0.7036070227622986,0.04663199931383133,2.319999933242798,0.9829999804496765,610.7750244140625,0.9272670149803162,1.0875500440597534,0.7379999756813049,0.6470000147819519,0.31810298562049866,0.27887898683547974,1.1406500339508057,5.0,0.0,0.9671429991722107,0.975845992565155,19.591299057006836,0.24320000410079956,29.2526903,-18.1602669,14.5749,26.230199813842773,2.9807699320372194e-05,0.03138250112533569,-0.08220460265874863,4.415520015754737e-05,t17_f5_c3,,,,ZTF19abjgazt
2460233.822419,1,2479322412715,20.402099609375,/ztf/archive/sci/2023/1016/322419/ztf_20231016322419_000298_zg_c07_o_q4_scimrefdiffimg.fits.fz,Prince,3,2.479322412715015e+18,1,1.0,2479,27,298,2303.080078125,610.8679809570312,29.2527065,-18.1603002,19.537200927734375,0.13302600383758545,1.0921299457550049,19.538299560546875,0.1768999993801117,0.130390003323555,19.31800079345703,0.04500000178813934,2.510999917984009,0.15299999713897705,0.45878100395202637,0.0010629999451339245,1.8600000143051147,0.9760000109672546,610.8679809570312,0.8638479709625244,1.3618799448013306,0.6740000247955322,0.5989999771118164,0.3623659908771515,0.3220430016517639,1.1252100467681885,4.0,0.0,0.9671429991722107,0.9983699917793274,19.457500457763672,0.2093999981880188,29.2526903,-18.1602669,10.5447,26.23419952392578,3.379319969099015e-05,0.033757999539375305,-0.08509690314531326,4.94995983899571e-05,t17_f5_c3,,,,ZTF19abjgazt
2460233.8271412,1,2479327142715,20.383399963378906,/ztf/archive/sci/2023/1016/327130/ztf_20231016327130_000298_zg_c07_o_q4_scimrefdiffimg.fits.fz,Prince,3,2.479327142715015e+18,1,2.0,2479,27,298,2305.5,611.2620239257812,29.2527302,-18.1602805,19.43709945678711,0.1286190003156662,2.6960599422454834,19.41699981689453,0.15950000286102295,0.14310100674629211,19.31800079345703,0.04500000178813934,2.510999917984009,0.15299999713897705,0.7475979924201965,-0.02006099931895733,2.0799999237060547,0.9769999980926514,611.2620239257812,0.9663500189781189,1.2321399450302124,0.6430000066757202,0.6259999871253967,0.30913498997688293,0.30096200108528137,1.0271600484848022,2.0,0.0,0.9542859792709351,0.9932900071144104,19.28059959411621,0.17919999361038208,29.2526903,-18.1602669,13.021,26.232099533081055,2.670319918252062e-05,0.02998420037329197,-0.0909992977976799,3.948920129914768e-05,t17_f5_c3,,,,ZTF19abjgazt
2460233.8276157,1,2479327612715,20.38949966430664,/ztf/archive/sci/2023/1016/327604/ztf_20231016327604_000298_zg_c07_o_q4_scimrefdiffimg.fits.fz,Prince,3,2.479327612715015e+18,1,2.0,2479,27,298,2305.530029296875,611.2559814453125,29.252731,-18.1602953,19.631799697875977,0.15948699414730072,1.6155699491500854,19.445999145507812,0.16519999504089355,0.17023900151252747,19.31800079345703,0.04500000178813934,2.510999917984009,0.15299999713897705,0.5338760018348694,-0.18584999442100525,2.880000114440918,0.9909999966621399,611.2559814453125,0.9434589743614197,0.8760809898376465,0.6890000104904175,0.671999990940094,0.2392359972000122,0.23333300650119781,1.0253000259399414,3.0,0.0,0.9257140159606934,1.0,19.175600051879883,0.16429999470710754,29.2526903,-18.1602669,10.6905,26.22879981994629,3.1790899811312556e-05,0.032304201275110245,-0.08173579722642899,4.70927006972488e-05,t17_f5_c3,,,,ZTF19abjgazt
2460233.8280903,1,2479328092715,20.382699966430664,/ztf/archive/sci/2023/1016/328079/ztf_20231016328079_000298_zg_c07_o_q4_scimrefdiffimg.fits.fz,Prince,3,2.479328092715015e+18,1,1.0,2479,27,298,2305.159912109375,611.1909790039062,29.252704,-18.1602846,19.437700271606445,0.11734499782323837,1.0715399980545044,19.566099166870117,0.18369999527931213,0.07808999717235565,19.31800079345703,0.04500000178813934,2.510999917984009,0.15299999713897705,0.6307520270347595,0.12842799723148346,2.240000009536743,0.9760000109672546,611.1909790039062,0.8165770173072815,1.1363999843597412,0.7310000061988831,0.6890000104904175,0.3263390064239502,0.30758899450302124,1.060960054397583,5.0,0.0,0.949999988079071,0.9662539958953857,19.367599487304688,0.19529999792575836,29.2526903,-18.1602669,10.467,26.2367000579834,3.1981300708139315e-05,0.03262380138039589,-0.08202870190143585,4.686149986810051e-05,t17_f5_c3,,,,ZTF19abjgazt
2460233.8328241,1,2479332822715,20.446300506591797,/ztf/archive/sci/2023/1016/332813/ztf_20231016332813_000298_zg_c07_o_q4_scimrefdiffimg.fits.fz,Prince,3,2.479332822715015e+18,1,4.0,2479,27,298,2308.510009765625,612.3619995117188,29.2527106,-18.160284,19.441499710083008,0.1414559930562973,3.454780101776123,19.478200912475586,0.1655000001192093,0.09165400266647339,19.31800079345703,0.04500000178813934,2.510999917984009,0.15299999713897705,0.5552330017089844,0.03674200177192688,2.0199999809265137,0.9829999804496765,612.3619995117188,0.9681389927864075,1.221500039100647,0.6790000200271606,0.6449999809265137,0.3361389935016632,0.31930699944496155,1.0527100563049316,4.0,0.0,0.951429009437561,0.9712499976158142,19.34309959411621,0.18629999458789825,29.2526903,-18.1602669,15.2043,26.230499267578125,3.111889964202419e-05,0.03198489919304848,-0.08984000235795975,4.691179856308736e-05,t17_f5_c3,,,,ZTF19abjgazt
2460233.8332986,1,2479333292715,20.44260025024414,/ztf/archive/sci/2023/1016/333287/ztf_20231016333287_000298_zg_c07_o_q4_scimrefdiffimg.fits.fz,Prince,3,2.479333292715015e+18,1,0.0,2479,27,298,2308.219970703125,612.10302734375,29.252736,-18.1602297,19.461200714111328,0.10468199849128723,1.7333099842071533,19.63290023803711,0.1891999989748001,0.20331400632858276,19.31800079345703,0.04500000178813934,2.510999917984009,0.15299999713897705,0.4289639890193939,0.17166699469089508,2.2699999809265137,0.9760000109672546,612.10302734375,0.8096780180931091,1.0970699787139893,0.6299999952316284,0.6110000014305115,0.27753299474716187,0.26916301250457764,1.0311000347137451,5.0,0.0,0.947143018245697,0.9553189873695374,19.438600540161133,0.20170000195503235,29.2526903,-18.1602669,9.743,26.24020004272461,3.334360008011572e-05,0.03331280127167702,-0.08797399699687958,4.948570131091401e-05,t17_f5_c3,,,,ZTF19abjgazt
2460233.8337616,1,2479333762715,20.434200286865234,/ztf/archive/sci/2023/1016/333762/ztf_20231016333762_000298_zg_c07_o_q4_scimrefdiffimg.fits.fz,Prince,3,2.479333762715015e+18,1,2.0,2479,27,298,2308.010009765625,612.2570190429688,29.2526678,-18.1602632,19.423500061035156,0.1281999945640564,1.3574600219726562,19.57159996032715,0.181099995970726,0.07730100303888321,19.31800079345703,0.04500000178813934,2.510999917984009,0.15299999713897705,0.21203799545764923,0.14807499945163727,1.9199999570846558,0.9750000238418579,612.2570190429688,0.8626449704170227,1.2917699813842773,0.7009999752044678,0.6340000033378601,0.36510398983955383,0.3302080035209656,1.105679988861084,3.0,0.0,0.9614289999008179,1.0,19.450700759887695,0.20649999380111694,29.2526903,-18.1602669,11.7104,26.23550033569336,2.4966000637505203e-05,0.028939299285411835,-0.08602099865674973,3.709250086103566e-05,t17_f5_c3,,,,ZTF19abjgazt
2460233.8384838,1,2479338482715,20.45840072631836,/ztf/archive/sci/2023/1016/338472/ztf_20231016338472_000298_zg_c07_o_q4_scimrefdiffimg.fits.fz,Prince,3,2.479338482715015e+18,1,7.0,2479,27,298,2311.159912109375,612.4979858398438,29.2526939,-18.1602672,19.52790069580078,0.13809600472450256,2.2371699810028076,19.39430046081543,0.15080000460147858,0.012148999609053135,19.31800079345703,0.04500000178813934,2.510999917984009,0.15299999713897705,0.14261199533939362,-0.1336210072040558,1.909999966621399,0.9750000238418579,612.4979858398438,1.0641499757766724,1.2971999645233154,0.7459999918937683,0.6549999713897705,0.39057600498199463,0.34293198585510254,1.1389299631118774,2.0,0.0,0.9614289999008179,0.97188401222229,19.45240020751953,0.20260000228881836,29.2526903,-18.1602669,11.3877,26.24489974975586,2.6065099518746138e-05,0.02963149920105934,-0.07796140015125275,3.922250107279979e-05,t17_f5_c3,,,,ZTF19abjgazt
2460233.8624421,1,2479362442715,20.32740020751953,/ztf/archive/sci/2023/1016/362431/ztf_20231016362431_000298_zg_c07_o_q4_scimrefdiffimg.fits.fz,Kulkarni,1,2.479362442715015e+18,t,1.0,2479,27,298,2301.2099609375,605.97998046875,29.2526993,-18.1602218,19.611299514770508,0.1340239942073822,0.9573860168457031,19.705900192260742,0.21320000290870667,0.1630840003490448,19.31800079345703,0.04500000178813934,2.510999917984009,0.15299999713897705,0.740460991859436,0.09464900195598602,2.1600000858306885,0.9710000157356262,605.97998046875,0.6215109825134277,1.2135800123214722,0.7710000276565552,0.6919999718666077,0.3569439947605133,0.32036998867988586,1.1141599416732788,1.0,0.0,0.9628570079803467,1.0,19.674400329589844,0.26420000195503235,29.2526903,-18.1602669,8.65527,26.231300354003906,3.3039399568224326e-05,0.033032599836587906,-0.09867870062589645,4.9023699830286205e-05,t17_f5_c3,,,,ZTF19abjgazt
2460233.9222222,2,2479422222715,20.082599639892578,/ztf/archive/sci/2023/1016/422211/ztf_20231016422211_000298_zr_c07_o_q4_scimrefdiffimg.fits.fz,Kulkarni,1,,,,2479,27,298,,,,,,,,,,,,,,,,,,,,,,,,,,,,,,,,,,,,26.236099243164062,2.4816999939503148e-05,0.028678299859166145,0.11950799822807312,3.5537199437385425e-05,t17_f5_c3,,,,ZTF19abjgazt
2460235.8088889,2,2481308882715,20.376100540161133,/ztf/archive/sci/2023/1018/308877/ztf_20231018308877_000298_zr_c07_o_q4_scimrefdiffimg.fits.fz,Kulkarni,1,,,,2481,27,298,,,,,,,,,,,,,,,,,,,,,,,,,,,,,,,,,,,,26.25819969177246,2.128080086549744e-05,0.02651819959282875,0.13100799918174744,3.075749918934889e-05,t17_f5_c3,,,,ZTF19abjgazt
2460235.8493403,1,2481349342715,20.496299743652344,/ztf/archive/sci/2023/1018/349340/ztf_20231018349340_000298_zg_c07_o_q4_scimrefdiffimg.fits.fz,Kulkarni,1,2.481349342715015e+18,t,2.0,2481,27,298,2322.830078125,592.6640014648438,29.2526969,-18.1602432,19.645299911499023,0.12635600566864014,1.8897700309753418,19.625699996948242,0.17090000212192535,0.08714500069618225,19.31800079345703,0.04500000178813934,2.510999917984009,0.15299999713897705,0.555728018283844,-0.01961500011384487,2.8499999046325684,0.996999979019165,592.6640014648438,0.8705809712409973,0.921451985836029,0.7559999823570251,0.7239999771118164,0.26526299118995667,0.25403499603271484,1.0441999435424805,5.0,0.0,0.947143018245697,0.977200984954834,19.601499557495117,0.2126999944448471,29.2526903,-18.1602669,12.2621,26.229299545288086,3.7427198549266905e-05,0.03508489951491356,-0.09229329973459244,5.3797401051269844e-05,t17_f5_c3,,,,ZTF19abjgazt
2460233.8158218,1,2479315822715,20.340900421142578,/ztf/archive/sci/2023/1016/315810/ztf_20231016315810_000298_zg_c07_o_q4_scimrefdiffimg.fits.fz,Prince,3,2.479315822715015e+18,t,2.0,2479,27,298,2298.860107421875,610.197998046875,29.2526803,-18.1602562,19.497299194335938,0.11831799894571304,1.1491199731826782,19.411100387573242,0.16210000216960907,0.05110500007867813,19.31800079345703,0.04500000178813934,2.510999917984009,0.15299999713897705,0.3508709967136383,-0.08620399981737137,2.890000104904175,0.9789999723434448,610.197998046875,0.9298359751701355,0.9003390073776245,0.7720000147819519,0.7369999885559082,0.26712799072265625,0.2550170123577118,1.0474900007247925,4.0,0.0,0.9614289999008179,0.9689739942550659,19.52869987487793,0.23000000417232513,29.2526903,-18.1602669,11.396,26.226299285888672,3.65822997991927e-05,0.03474140167236328,-0.0868636965751648,5.355040048016235e-05,t17_f5_c3,,,,ZTF19abjgazt
2460233.8162847,1,2479316282715,20.35449981689453,/ztf/archive/sci/2023/1016/316285/ztf_20231016316285_000298_zg_c07_o_q4_scimrefdiffimg.fits.fz,Prince,3,2.479316282715015e+18,t,1.0,2479,27,298,2299.360107421875,610.14697265625,29.2527006,-18.1602411,19.398000717163086,0.12453799694776535,1.6051000356674194,19.407800674438477,0.16009999811649323,0.09791400283575058,19.31800079345703,0.04500000178813934,2.510999917984009,0.15299999713897705,0.7188889980316162,0.009796000085771084,1.9299999475479126,0.9769999980926514,610.14697265625,0.9466500282287598,1.3444000482559204,0.6819999814033508,0.6520000100135803,0.35336801409721375,0.3378239870071411,1.0460100173950195,2.0,0.0,0.9657139778137207,1.0,19.23200035095215,0.1737000048160553,29.2526903,-18.1602669,11.7963,26.23200035095215,2.5863400878733955e-05,0.02925729937851429,-0.08996710181236267,3.7950900150462985e-05,t17_f5_c3,,,,ZTF19abjgazt
2460233.8167593,1,2479316752715,20.373899459838867,/ztf/archive/sci/2023/1016/316759/ztf_20231016316759_000298_zg_c07_o_q4_scimrefdiffimg.fits.fz,Prince,3,2.479316752715015e+18,t,1.0,2479,27,298,2299.110107421875,610.3930053710938,29.252687,-18.1602792,19.473899841308594,0.11753199994564056,1.7008800506591797,19.57040023803711,0.18369999527931213,0.04487700015306473,19.31800079345703,0.04500000178813934,2.510999917984009,0.15299999713897705,0.1452459990978241,0.09648899734020233,2.5299999713897705,0.9779999852180481,610.3930053710938,0.80349200963974,1.0197800397872925,0.7770000100135803,0.753000020980835,0.30711498856544495,0.2976279854774475,1.0318700075149536,6.0,0.0,0.9599999785423279,0.9773120284080505,19.456100463867188,0.21089999377727509,29.2526903,-18.1602669,11.5379,26.223899841308594,2.796889930323232e-05,0.03040740080177784,-0.07826700061559677,4.172750050202012e-05,t17_f5_c3,,,,ZTF19abjgazt
2460233.8214815,1,2479321482715,20.368099212646484,/ztf/archive/sci/2023/1016/321470/ztf_20231016321470_000298_zg_c07_o_q4_scimrefdiffimg.fits.fz,Prince,3,2.479321482715015e+18,t,1.0,2479,27,298,2303.169921875,610.6790161132812,29.2527126,-18.160259,19.64699935913086,0.1487250030040741,1.4106999635696411,19.83970069885254,0.23929999768733978,0.08041899651288986,19.31800079345703,0.04500000178813934,2.510999917984009,0.15299999713897705,0.7854310274124146,0.1927260011434555,1.6100000143051147,0.9580000042915344,610.6790161132812,0.528427004814148,1.5810799598693848,0.6340000033378601,0.5929999947547913,0.39378899335861206,0.3683229982852936,1.0691399574279785,5.0,0.0,0.9485710263252258,0.9839619994163513,19.853700637817383,0.3091000020503998,29.2526903,-18.1602669,10.0771,26.222999572753906,3.679650035337545e-05,0.03510940074920654,-0.07372889667749405,5.421110108727589e-05,t17_f5_c3,,,,ZTF19abjgazt
2460233.821956,1,2479321952715,20.377099990844727,/ztf/archive/sci/2023/1016/321944/ztf_20231016321944_000298_zg_c07_o_q4_scimrefdiffimg.fits.fz,Prince,3,2.479321952715015e+18,t,0.0,2479,27,298,2303.6201171875,610.7750244140625,29.2527135,-18.1602844,19.403200149536133,0.14132599532604218,1.9375200271606445,19.449800491333008,0.16760000586509705,0.09973800182342529,19.31800079345703,0.04500000178813934,2.510999917984009,0.15299999713897705,0.7036070227622986,0.04663199931383133,2.319999933242798,0.9829999804496765,610.7750244140625,0.9272670149803162,1.0875500440597534,0.7379999756813049,0.6470000147819519,0.31810298562049866,0.27887898683547974,1.1406500339508057,5.0,0.0,0.9671429991722107,0.975845992565155,19.591299057006836,0.24320000410079956,29.2526903,-18.1602669,14.5749,26.230199813842773,2.9807699320372194e-05,0.03138250112533569,-0.08220460265874863,4.415520015754737e-05,t17_f5_c3,,,,ZTF19abjgazt
2460233.822419,1,2479322412715,20.402099609375,/ztf/archive/sci/2023/1016/322419/ztf_20231016322419_000298_zg_c07_o_q4_scimrefdiffimg.fits.fz,Prince,3,2.479322412715015e+18,t,1.0,2479,27,298,2303.080078125,610.8679809570312,29.2527065,-18.1603002,19.537200927734375,0.13302600383758545,1.0921299457550049,19.538299560546875,0.1768999993801117,0.130390003323555,19.31800079345703,0.04500000178813934,2.510999917984009,0.15299999713897705,0.45878100395202637,0.0010629999451339245,1.8600000143051147,0.9760000109672546,610.8679809570312,0.8638479709625244,1.3618799448013306,0.6740000247955322,0.5989999771118164,0.3623659908771515,0.3220430016517639,1.1252100467681885,4.0,0.0,0.9671429991722107,0.9983699917793274,19.457500457763672,0.2093999981880188,29.2526903,-18.1602669,10.5447,26.23419952392578,3.379319969099015e-05,0.033757999539375305,-0.08509690314531326,4.94995983899571e-05,t17_f5_c3,,,,ZTF19abjgazt
2460233.8271412,1,2479327142715,20.383399963378906,/ztf/archive/sci/2023/1016/327130/ztf_20231016327130_000298_zg_c07_o_q4_scimrefdiffimg.fits.fz,Prince,3,2.479327142715015e+18,t,2.0,2479,27,298,2305.5,611.2620239257812,29.2527302,-18.1602805,19.43709945678711,0.1286190003156662,2.6960599422454834,19.41699981689453,0.15950000286102295,0.14310100674629211,19.31800079345703,0.04500000178813934,2.510999917984009,0.15299999713897705,0.7475979924201965,-0.02006099931895733,2.0799999237060547,0.9769999980926514,611.2620239257812,0.9663500189781189,1.2321399450302124,0.6430000066757202,0.6259999871253967,0.30913498997688293,0.30096200108528137,1.0271600484848022,2.0,0.0,0.9542859792709351,0.9932900071144104,19.28059959411621,0.17919999361038208,29.2526903,-18.1602669,13.021,26.232099533081055,2.670319918252062e-05,0.02998420037329197,-0.0909992977976799,3.948920129914768e-05,t17_f5_c3,,,,ZTF19abjgazt
2460233.8276157,1,2479327612715,20.38949966430664,/ztf/archive/sci/2023/1016/327604/ztf_20231016327604_000298_zg_c07_o_q4_scimrefdiffimg.fits.fz,Prince,3,2.479327612715015e+18,t,2.0,2479,27,298,2305.530029296875,611.2559814453125,29.252731,-18.1602953,19.631799697875977,0.15948699414730072,1.6155699491500854,19.445999145507812,0.16519999504089355,0.17023900151252747,19.31800079345703,0.04500000178813934,2.510999917984009,0.15299999713897705,0.5338760018348694,-0.18584999442100525,2.880000114440918,0.9909999966621399,611.2559814453125,0.9434589743614197,0.8760809898376465,0.6890000104904175,0.671999990940094,0.2392359972000122,0.23333300650119781,1.0253000259399414,3.0,0.0,0.9257140159606934,1.0,19.175600051879883,0.16429999470710754,29.2526903,-18.1602669,10.6905,26.22879981994629,3.1790899811312556e-05,0.032304201275110245,-0.08173579722642899,4.70927006972488e-05,t17_f5_c3,,,,ZTF19abjgazt
2460233.8280903,1,2479328092715,20.382699966430664,/ztf/archive/sci/2023/1016/328079/ztf_20231016328079_000298_zg_c07_o_q4_scimrefdiffimg.fits.fz,Prince,3,2.479328092715015e+18,t,1.0,2479,27,298,2305.159912109375,611.1909790039062,29.252704,-18.1602846,19.437700271606445,0.11734499782323837,1.0715399980545044,19.566099166870117,0.18369999527931213,0.07808999717235565,19.31800079345703,0.04500000178813934,2.510999917984009,0.15299999713897705,0.6307520270347595,0.12842799723148346,2.240000009536743,0.9760000109672546,611.1909790039062,0.8165770173072815,1.1363999843597412,0.7310000061988831,0.6890000104904175,0.3263390064239502,0.30758899450302124,1.060960054397583,5.0,0.0,0.949999988079071,0.9662539958953857,19.367599487304688,0.19529999792575836,29.2526903,-18.1602669,10.467,26.2367000579834,3.1981300708139315e-05,0.03262380138039589,-0.08202870190143585,4.686149986810051e-05,t17_f5_c3,,,,ZTF19abjgazt
2460233.8328241,1,2479332822715,20.446300506591797,/ztf/archive/sci/2023/1016/332813/ztf_20231016332813_000298_zg_c07_o_q4_scimrefdiffimg.fits.fz,Prince,3,2.479332822715015e+18,t,4.0,2479,27,298,2308.510009765625,612.3619995117188,29.2527106,-18.160284,19.441499710083008,0.1414559930562973,3.454780101776123,19.478200912475586,0.1655000001192093,0.09165400266647339,19.31800079345703,0.04500000178813934,2.510999917984009,0.15299999713897705,0.5552330017089844,0.03674200177192688,2.0199999809265137,0.9829999804496765,612.3619995117188,0.9681389927864075,1.221500039100647,0.6790000200271606,0.6449999809265137,0.3361389935016632,0.31930699944496155,1.0527100563049316,4.0,0.0,0.951429009437561,0.9712499976158142,19.34309959411621,0.18629999458789825,29.2526903,-18.1602669,15.2043,26.230499267578125,3.111889964202419e-05,0.03198489919304848,-0.08984000235795975,4.691179856308736e-05,t17_f5_c3,,,,ZTF19abjgazt
2460233.8332986,1,2479333292715,20.44260025024414,/ztf/archive/sci/2023/1016/333287/ztf_20231016333287_000298_zg_c07_o_q4_scimrefdiffimg.fits.fz,Prince,3,2.479333292715015e+18,t,0.0,2479,27,298,2308.219970703125,612.10302734375,29.252736,-18.1602297,19.461200714111328,0.10468199849128723,1.7333099842071533,19.63290023803711,0.1891999989748001,0.20331400632858276,19.31800079345703,0.04500000178813934,2.510999917984009,0.15299999713897705,0.4289639890193939,0.17166699469089508,2.2699999809265137,0.9760000109672546,612.10302734375,0.8096780180931091,1.0970699787139893,0.6299999952316284,0.6110000014305115,0.27753299474716187,0.26916301250457764,1.0311000347137451,5.0,0.0,0.947143018245697,0.9553189873695374,19.438600540161133,0.20170000195503235,29.2526903,-18.1602669,9.743,26.24020004272461,3.334360008011572e-05,0.03331280127167702,-0.08797399699687958,4.948570131091401e-05,t17_f5_c3,,,,ZTF19abjgazt
2460233.8337616,1,2479333762715,20.434200286865234,/ztf/archive/sci/2023/1016/333762/ztf_20231016333762_000298_zg_c07_o_q4_scimrefdiffimg.fits.fz,Prince,3,2.479333762715015e+18,t,2.0,2479,27,298,2308.010009765625,612.2570190429688,29.2526678,-18.1602632,19.423500061035156,0.1281999945640564,1.3574600219726562,19.57159996032715,0.181099995970726,0.07730100303888321,19.31800079345703,0.04500000178813934,2.510999917984009,0.15299999713897705,0.21203799545764923,0.14807499945163727,1.9199999570846558,0.9750000238418579,612.2570190429688,0.8626449704170227,1.2917699813842773,0.7009999752044678,0.6340000033378601,0.36510398983955383,0.3302080035209656,1.105679988861084,3.0,0.0,0.9614289999008179,1.0,19.450700759887695,0.20649999380111694,29.2526903,-18.1602669,11.7104,26.23550033569336,2.4966000637505203e-05,0.028939299285411835,-0.08602099865674973,3.709250086103566e-05,t17_f5_c3,,,,ZTF19abjgazt
2460233.8384838,1,2479338482715,20.45840072631836,/ztf/archive/sci/2023/1016/338472/ztf_20231016338472_000298_zg_c07_o_q4_scimrefdiffimg.fits.fz,Prince,3,2.479338482715015e+18,t,7.0,2479,27,298,2311.159912109375,612.4979858398438,29.2526939,-18.1602672,19.52790069580078,0.13809600472450256,2.2371699810028076,19.39430046081543,0.15080000460147858,0.012148999609053135,19.31800079345703,0.04500000178813934,2.510999917984009,0.15299999713897705,0.14261199533939362,-0.1336210072040558,1.909999966621399,0.9750000238418579,612.4979858398438,1.0641499757766724,1.2971999645233154,0.7459999918937683,0.6549999713897705,0.39057600498199463,0.34293198585510254,1.1389299631118774,2.0,0.0,0.9614289999008179,0.97188401222229,19.45240020751953,0.20260000228881836,29.2526903,-18.1602669,11.3877,26.24489974975586,2.6065099518746138e-05,0.02963149920105934,-0.07796140015125275,3.922250107279979e-05,t17_f5_c3,,,,ZTF19abjgazt
2460233.8389583,1,2479338952715,20.461299896240234,/ztf/archive/sci/2023/1016/338958/ztf_20231016338958_000298_zg_c07_o_q4_scimrefdiffimg.fits.fz,Prince,3,2.479338952715015e+18,t,3.0,2479,27,298,2311.1201171875,612.4039916992188,29.2527076,-18.1602526,19.42180061340332,0.11539199948310852,2.1847000122070312,19.343599319458008,0.14489999413490295,0.07729200273752213,19.31800079345703,0.04500000178813934,2.510999917984009,0.15299999713897705,0.6149449944496155,-0.07822900265455246,2.309999942779541,0.9980000257492065,612.4039916992188,1.1176999807357788,1.0637099742889404,0.7799999713897705,0.7730000019073486,0.337662011384964,0.334632009267807,1.009060025215149,0.0,0.0,0.9557139873504639,1.0,19.194700241088867,0.16110000014305115,29.2526903,-18.1602669,11.0522,26.240800857543945,2.6926700229523703e-05,0.03008110076189041,-0.0927157998085022,3.9652801206102595e-05,t17_f5_c3,,,,ZTF19abjgazt
2460233.8394329,1,2479339432715,20.427400588989258,/ztf/archive/sci/2023/1016/339421/ztf_20231016339421_000298_zg_c07_o_q4_scimrefdiffimg.fits.fz,Prince,3,2.479339432715015e+18,t,3.0,2479,27,298,2310.9599609375,612.2440185546875,29.2526923,-18.1602364,19.435199737548828,0.10693400353193283,1.123829960823059,19.425100326538086,0.15870000422000885,0.10865399986505508,19.31800079345703,0.04500000178813934,2.510999917984009,0.15299999713897705,0.9929609894752502,-0.010057000443339348,2.240000009536743,0.9769999980926514,612.2440185546875,1.0022799968719482,1.1129000186920166,0.7170000076293945,0.6930000185966492,0.3200890123844147,0.30937498807907104,1.0346299409866333,5.0,0.0,0.949999988079071,0.9342970252037048,19.375499725341797,0.1931000053882599,29.2526903,-18.1602669,12.0772,26.24220085144043,3.8749800296500325e-05,0.035729698836803436,-0.09610070288181305,5.794849857920781e-05,t17_f5_c3,,,,ZTF19abjgazt
2460237.7729745,1,2483272972715,20.215200424194336,/ztf/archive/sci/2023/1020/272975/ztf_20231020272975_000298_zg_c07_o_q4_scimrefdiffimg.fits.fz,Kulkarni,1,2.483272972715015e+18,t,2.0,2483,27,298,2304.949951171875,612.7449951171875,29.2526582,-18.1602836,19.567800521850586,0.13987000286579132,1.3720899820327759,19.357999801635742,0.1678999960422516,0.12376300245523453,19.31800079345703,0.04500000178813934,2.510999917984009,0.15299999713897705,0.43625399470329285,-0.20977799594402313,2.690000057220459,0.9869999885559082,612.7449951171875,0.8571709990501404,0.9974849820137024,0.972000002861023,0.9309999942779541,0.3613379895687103,0.3460969924926758,1.0440399646759033,1.0,0.0,0.949999988079071,1.0,19.259700775146484,0.1956000030040741,29.2526903,-18.1602669,11.8426,26.143800735473633,3.4393098758300766e-05,0.033818699419498444,-0.06857439875602722,5.2775001677218825e-05,t17_f5_c3,,,,ZTF19abjgazt
2460237.8228009,2,2483322802715,20.24329948425293,/ztf/archive/sci/2023/1020/322801/ztf_20231020322801_000298_zr_c07_o_q4_scimrefdiffimg.fits.fz,Kulkarni,1,,,,2483,27,298,,,,,,,,,,,,,,,,,,,,,,,,,,,,,,,,,,,,26.2450008392334,2.3183800294646062e-05,0.027685299515724182,0.12240999937057495,3.403959999559447e-05,t17_f5_c3,,,,ZTF19abjgazt
2460238.8021181,2,2484302112715,20.298799514770508,/ztf/archive/sci/2023/1021/302106/ztf_20231021302106_000298_zr_c07_o_q4_scimrefdiffimg.fits.fz,Prince,3,,,,2484,27,298,,,,,,,,,,,,,,,,,,,,,,,,,,,,,,,,,,,,26.24650001525879,2.131059954990633e-05,0.02666660025715828,0.11819300055503845,3.1024799682199955e-05,t17_f5_c3,,,,ZTF19abjgazt
2460238.8025926,2,2484302592715,20.372600555419922,/ztf/archive/sci/2023/1021/302581/ztf_20231021302581_000298_zr_c07_o_q4_scimrefdiffimg.fits.fz,Prince,3,,,,2484,27,298,,,,,,,,,,,,,,,,,,,,,,,,,,,,,,,,,,,,26.25860023498535,1.8073800674756058e-05,0.02465910091996193,0.11524199694395065,2.6410300051793456e-05,t17_f5_c3,,,,ZTF19abjgazt
2460238.8030556,2,2484303052715,20.389799118041992,/ztf/archive/sci/2023/1021/303056/ztf_20231021303056_000298_zr_c07_o_q4_scimrefdiffimg.fits.fz,Prince,3,,,,2484,27,298,,,,,,,,,,,,,,,,,,,,,,,,,,,,,,,,,,,,26.29400062561035,2.2622600226895884e-05,0.027459200471639633,0.10962799936532974,3.295650094514713e-05,t17_f5_c3,,,,ZTF19abjgazt
2460238.8077778,2,2484307772715,20.372499465942383,/ztf/archive/sci/2023/1021/307778/ztf_20231021307778_000298_zr_c07_o_q4_scimrefdiffimg.fits.fz,Prince,3,,,,2484,27,298,,,,,,,,,,,,,,,,,,,,,,,,,,,,,,,,,,,,26.262399673461914,3.179660052410327e-05,0.03272999823093414,0.11545000225305557,4.6873301471350715e-05,t17_f5_c3,,,,ZTF19abjgazt
2460238.8082523,2,2484308252715,20.406200408935547,/ztf/archive/sci/2023/1021/308252/ztf_20231021308252_000298_zr_c07_o_q4_scimrefdiffimg.fits.fz,Prince,3,,,,2484,27,298,,,,,,,,,,,,,,,,,,,,,,,,,,,,,,,,,,,,26.26689910888672,2.0936500732204877e-05,0.02656560018658638,0.10688500106334686,3.0784900445723906e-05,t17_f5_c3,,,,ZTF19abjgazt
2460238.8087269,2,2484308722715,20.41860008239746,/ztf/archive/sci/2023/1021/308715/ztf_20231021308715_000298_zr_c07_o_q4_scimrefdiffimg.fits.fz,Prince,3,,,,2484,27,298,,,,,,,,,,,,,,,,,,,,,,,,,,,,,,,,,,,,26.29669952392578,1.971100027731154e-05,0.025646699592471123,0.11280599981546402,2.8598700737347826e-05,t17_f5_c3,,,,ZTF19abjgazt
2460238.8134606,2,2484313462715,20.34709930419922,/ztf/archive/sci/2023/1021/313461/ztf_20231021313461_000298_zr_c07_o_q4_scimrefdiffimg.fits.fz,Prince,3,,,,2484,27,298,,,,,,,,,,,,,,,,,,,,,,,,,,,,,,,,,,,,26.26799964904785,2.3694899937254377e-05,0.02799380011856556,0.1115489974617958,3.4564898669486865e-05,t17_f5_c3,,,,ZTF19abjgazt
2460238.8139352,2,2484313932715,20.326200485229492,/ztf/archive/sci/2023/1021/313924/ztf_20231021313924_000298_zr_c07_o_q4_scimrefdiffimg.fits.fz,Prince,3,,,,2484,27,298,,,,,,,,,,,,,,,,,,,,,,,,,,,,,,,,,,,,26.277299880981445,2.0114899598411284e-05,0.026064399629831314,0.11348100006580353,2.939220030384604e-05,t17_f5_c3,,,,ZTF19abjgazt
2460238.8143981,2,2484314392715,20.3435001373291,/ztf/archive/sci/2023/1021/314398/ztf_20231021314398_000298_zr_c07_o_q4_scimrefdiffimg.fits.fz,Prince,3,,,,2484,27,298,,,,,,,,,,,,,,,,,,,,,,,,,,,,,,,,,,,,26.273000717163086,2.15304007724626e-05,0.026701299473643303,0.11733900010585785,3.1421299354406074e-05,t17_f5_c3,,,,ZTF19abjgazt
2460238.8191204,2,2484319122715,20.330900192260742,/ztf/archive/sci/2023/1021/319120/ztf_20231021319120_000298_zr_c07_o_q4_scimrefdiffimg.fits.fz,Prince,3,,,,2484,27,298,,,,,,,,,,,,,,,,,,,,,,,,,,,,,,,,,,,,26.258399963378906,1.727110065985471e-05,0.023987000808119774,0.1059499979019165,2.5121300495811738e-05,t17_f5_c3,,,,ZTF19abjgazt
2460238.8195949,2,2484319592715,20.33049964904785,/ztf/archive/sci/2023/1021/319595/ztf_20231021319595_000298_zr_c07_o_q4_scimrefdiffimg.fits.fz,Prince,3,,,,2484,27,298,,,,,,,,,,,,,,,,,,,,,,,,,,,,,,,,,,,,26.28689956665039,1.8581900803837925e-05,0.02487579919397831,0.10869800299406052,2.706720079004299e-05,t17_f5_c3,,,,ZTF19abjgazt
2460238.8200694,2,2484320062715,20.31410026550293,/ztf/archive/sci/2023/1021/320058/ztf_20231021320058_000298_zr_c07_o_q4_scimrefdiffimg.fits.fz,Prince,3,,,,2484,27,298,,,,,,,,,,,,,,,,,,,,,,,,,,,,,,,,,,,,26.282899856567383,2.6290499590686522e-05,0.02960669994354248,0.11556299775838852,3.8278500142041594e-05,t17_f5_c3,,,,ZTF19abjgazt
2460238.8247917,2,2484324792715,20.390100479125977,/ztf/archive/sci/2023/1021/324780/ztf_20231021324780_000298_zr_c07_o_q4_scimrefdiffimg.fits.fz,Prince,3,,,,2484,27,298,,,,,,,,,,,,,,,,,,,,,,,,,,,,,,,,,,,,26.287900924682617,1.8781300241244026e-05,0.02517079934477806,0.11878500133752823,2.741490061453078e-05,t17_f5_c3,,,,ZTF19abjgazt
2460238.8252662,2,2484325262715,20.412099838256836,/ztf/archive/sci/2023/1021/325255/ztf_20231021325255_000298_zr_c07_o_q4_scimrefdiffimg.fits.fz,Prince,3,,,,2484,27,298,,,,,,,,,,,,,,,,,,,,,,,,,,,,,,,,,,,,26.283599853515625,4.2966199544025585e-05,0.03784029930830002,0.12225499749183655,6.236809713300318e-05,t17_f5_c3,,,,ZTF19abjgazt
2460238.8257407,2,2484325742715,20.39929962158203,/ztf/archive/sci/2023/1021/325729/ztf_20231021325729_000298_zr_c07_o_q4_scimrefdiffimg.fits.fz,Prince,3,,,,2484,27,298,,,,,,,,,,,,,,,,,,,,,,,,,,,,,,,,,,,,26.306299209594727,2.0354800653876737e-05,0.02586749941110611,0.11675000190734863,2.951500027847942e-05,t17_f5_c3,,,,ZTF19abjgazt
2460239.8629514,2,2485362952715,20.278900146484375,/ztf/archive/sci/2023/1022/362940/ztf_20231022362940_000298_zr_c07_o_q4_scimrefdiffimg.fits.fz,Kulkarni,1,,,,2485,27,298,,,,,,,,,,,,,,,,,,,,,,,,,,,,,,,,,,,,26.278499603271484,1.9236400476074778e-05,0.02530829980969429,0.12151099741458893,2.814879917423241e-05,t17_f5_c3,,,,ZTF19abjgazt
2460242.7880208,2,2488288022715,19.761199951171875,/ztf/archive/sci/2023/1025/288021/ztf_20231025288021_000298_zr_c07_o_q4_scimrefdiffimg.fits.fz,Prince,3,2.488288022715015e+18,1,1.0,2488,27,298,2283.780029296875,640.468017578125,29.2526806,-18.1603111,19.563800811767578,0.17250700294971466,1.1887500286102295,19.33769989013672,0.2874999940395355,0.1542000025510788,18.631999969482422,0.03999999910593033,2.5199999809265137,0.1889999955892563,0.27300000190734863,-0.22609800100326538,1.1502699851989746,0.9620000123977661,640.468017578125,0.42351800203323364,2.0,0.8659999966621399,0.7770000100135803,0.7528690099716187,0.675495982170105,1.1145399808883667,6.0,0.0,0.9242860078811646,0.9100329875946045,19.68720054626465,0.5078999996185303,29.2527156,-18.1602833,7.55098,26.25079917907715,4.43973985966295e-05,0.038398198783397675,0.126693993806839,6.599960033781826e-05,t17_f5_c3,,,,ZTF19abjgazt
2460242.7884954,2,2488288492715,19.779300689697266,/ztf/archive/sci/2023/1025/288484/ztf_20231025288484_000298_zr_c07_o_q4_scimrefdiffimg.fits.fz,Prince,3,2.488288492715015e+18,1,0.0,2488,27,298,2283.7099609375,640.31201171875,29.2527022,-18.160255,19.42099952697754,0.14523600041866302,1.5867300033569336,19.21820068359375,0.2578999996185303,0.1102840006351471,18.631999969482422,0.03999999910593033,2.5199999809265137,0.1889999955892563,-0.3930549919605255,-0.2027900069952011,2.3299999237060547,0.7369999885559082,640.31201171875,0.5611420273780823,0.9695190191268921,0.7260000109672546,0.5899999737739563,0.31158798933029175,0.25321900844573975,1.2305099964141846,7.0,0.0,0.9285709857940674,0.9547619819641113,19.8710994720459,0.602400004863739,29.2527156,-18.1602833,8.37827,26.25,2.6124400392291136e-05,0.02949189953505993,0.12098199874162674,3.8591100746998563e-05,t17_f5_c3,,,,ZTF19abjgazt
2460242.7889699,2,2488288962715,19.73080062866211,/ztf/archive/sci/2023/1025/288958/ztf_20231025288958_000298_zr_c07_o_q4_scimrefdiffimg.fits.fz,Prince,3,,,,2488,27,298,,,,,,,,,,,,,,,,,,,,,,,,,,,,,,,,,,,,26.224000930786133,3.159160041832365e-05,0.03261930122971535,0.12604199349880219,4.668960173148662e-05,t17_f5_c3,,,,ZTF19abjgazt
2460242.7946296,2,2488294622715,19.664899826049805,/ztf/archive/sci/2023/1025/294618/ztf_20231025294618_000298_zr_c07_o_q4_scimrefdiffimg.fits.fz,Prince,3,,,,2488,27,298,,,,,,,,,,,,,,,,,,,,,,,,,,,,,,,,,,,,26.249399185180664,5.533520015887916e-05,0.04281799867749214,0.11633100360631943,8.040599641390145e-05,t17_f5_c3,,,,ZTF19abjgazt
2460242.7936806,2,2488293682715,19.586299896240234,/ztf/archive/sci/2023/1025/293681/ztf_20231025293681_000298_zr_c07_o_q4_scimrefdiffimg.fits.fz,Prince,3,2.488293682715015e+18,1,0.0,2488,27,298,2288.10009765625,640.885986328125,29.2526847,-18.1602113,19.625099182128906,0.18511900305747986,1.6145100593566895,19.869699478149414,0.482699990272522,0.27619799971580505,18.631999969482422,0.03999999910593033,2.5199999809265137,0.1889999955892563,-0.6052839756011963,0.24459700286388397,1.3106600046157837,0.9649999737739563,640.885986328125,-0.28342100977897644,2.0,0.8939999938011169,0.671999990940094,0.6820979714393616,0.5127180218696594,1.3303600549697876,3.0,0.0,0.9171429872512817,1.0,19.735200881958008,0.5468000173568726,29.2527156,-18.1602833,5.31132,26.258100509643555,3.123579881503247e-05,0.03210259974002838,0.10845799744129181,4.57044989161659e-05,t17_f5_c3,,,,ZTF19abjgazt
2460242.7993519,2,2488299352715,19.677799224853516,/ztf/archive/sci/2023/1025/299340/ztf_20231025299340_000298_zr_c07_o_q4_scimrefdiffimg.fits.fz,Prince,3,2.488299352715015e+18,1,2.0,2488,27,298,2289.840087890625,641.4539794921875,29.2527299,-18.1602326,19.463199615478516,0.18982699513435364,0.9866229891777039,19.16819953918457,0.25119999051094055,0.18647700548171997,18.631999969482422,0.03999999910593033,2.5199999809265137,0.1889999955892563,-0.5048739910125732,-0.2949950098991394,1.2156699895858765,0.9399999976158142,641.4539794921875,0.5095589756965637,2.0,0.8939999938011169,0.7329999804496765,0.7353990077972412,0.6029620170593262,1.2196500301361084,5.0,0.0,0.9357140064239502,0.9602779746055603,18.928600311279297,0.2581999897956848,29.2527156,-18.1602833,7.34893,26.257200241088867,3.816889875452034e-05,0.03549699857831001,0.11260800063610077,5.5811200581956655e-05,t17_f5_c3,,,,ZTF19abjgazt
2460242.7998148,2,2488299812715,19.672399520874023,/ztf/archive/sci/2023/1025/299815/ztf_20231025299815_000298_zr_c07_o_q4_scimrefdiffimg.fits.fz,Prince,3,2.488299812715015e+18,1,1.0,2488,27,298,2290.06005859375,641.8270263671875,29.2526602,-18.1603076,19.640899658203125,0.17125500738620758,0.8405629992485046,19.283300399780273,0.2831999957561493,0.20623700320720673,18.631999969482422,0.03999999910593033,2.5199999809265137,0.1889999955892563,-0.7687950134277344,-0.3575649857521057,1.2039200067520142,0.9750000238418579,641.8270263671875,0.3891249895095825,2.0,0.6499999761581421,0.5550000071525574,0.5399029850959778,0.46099400520324707,1.1711699962615967,9.0,0.0,0.9071429967880249,0.8413320183753967,19.17620086669922,0.328900009393692,29.2527156,-18.1602833,6.35475,26.23590087890625,2.8765700335497968e-05,0.03092929907143116,0.11922600120306015,4.212159910821356e-05,t17_f5_c3,,,,ZTF19abjgazt
2460242.7941551,2,2488294152715,19.65679931640625,/ztf/archive/sci/2023/1025/294155/ztf_20231025294155_000298_zr_c07_o_q4_scimrefdiffimg.fits.fz,Prince,3,2.488294152715015e+18,1,0.0,2488,27,298,2287.969970703125,640.8480224609375,29.2526947,-18.1602147,19.335800170898438,0.13761700689792633,1.4592599868774414,18.89739990234375,0.19670000672340393,0.2537910044193268,18.631999969482422,0.03999999910593033,2.5199999809265137,0.1889999955892563,-0.28932899236679077,-0.4383910000324249,1.2349900007247925,0.9660000205039978,640.8480224609375,0.759423017501831,2.0,0.6990000009536743,0.593999981880188,0.5659949779510498,0.4809739887714386,1.1767699718475342,6.0,0.0,0.8471429944038391,0.9723569750785828,18.723400115966797,0.21469999849796295,29.2527156,-18.1602833,7.20109,26.238800048828125,3.7444599001901224e-05,0.03544100001454353,0.11166500300168991,5.5375199735863134e-05,t17_f5_c3,,,,ZTF19abjgazt
2460242.8002894,2,2488300282715,19.671100616455078,/ztf/archive/sci/2023/1025/300289/ztf_20231025300289_000298_zr_c07_o_q4_scimrefdiffimg.fits.fz,Prince,3,2.488300282715015e+18,1,0.0,2488,27,298,2290.35009765625,641.4940185546875,29.2527403,-18.1602471,19.377899169921875,0.16412900388240814,1.4111499786376953,19.519500732421875,0.35280001163482666,0.15341399610042572,18.631999969482422,0.03999999910593033,2.5199999809265137,0.1889999955892563,0.743573009967804,0.14159399271011353,2.3399999141693115,0.9919999837875366,641.4940185546875,0.15163099765777588,1.0278700590133667,0.6940000057220459,0.6309999823570251,0.2965810000896454,0.26965799927711487,1.0998400449752808,5.0,0.0,0.9685710072517395,0.9984909892082214,19.54400062561035,0.46239998936653137,29.2527156,-18.1602833,8.41065,26.2278995513916,3.169470073771663e-05,0.03237999975681305,0.1188960000872612,4.65871999040246e-05,t17_f5_c3,,,,ZTF19abjgazt
2460242.8050116,2,2488305012715,19.73150062561035,/ztf/archive/sci/2023/1025/305012/ztf_20231025305012_000298_zr_c07_o_q4_scimrefdiffimg.fits.fz,Prince,3,,,,2488,27,298,,,,,,,,,,,,,,,,,,,,,,,,,,,,,,,,,,,,26.23310089111328,2.717300048971083e-05,0.03002619929611683,0.122919000685215,3.9476999518228695e-05,t17_f5_c3,,,,ZTF19abjgazt
2460242.8054861,2,2488305482715,19.742399215698242,/ztf/archive/sci/2023/1025/305475/ztf_20231025305475_000298_zr_c07_o_q4_scimrefdiffimg.fits.fz,Prince,3,2.488305482715015e+18,1,1.0,2488,27,298,2291.800048828125,642.2050170898438,29.2526989,-18.1602291,19.500099182128906,0.1656239926815033,1.122059941291809,19.52720069885254,0.34630000591278076,0.20077300071716309,18.631999969482422,0.03999999910593033,2.5199999809265137,0.1889999955892563,-0.158937007188797,0.027104999870061874,2.3399999141693115,0.7229999899864197,642.2050170898438,0.21515600383281708,0.9878150224685669,0.6449999809265137,0.5189999938011169,0.27564099431037903,0.221794992685318,1.2427699565887451,6.0,0.0,0.9285709857940674,0.8554149866104126,19.520200729370117,0.4408000111579895,29.2527156,-18.1602833,7.5462,26.245100021362305,2.2044599973014556e-05,0.02719609998166561,0.12491700053215027,3.247529821237549e-05,t17_f5_c3,,,,ZTF19abjgazt
2460242.8059606,2,2488305962715,19.711200714111328,/ztf/archive/sci/2023/1025/305949/ztf_20231025305949_000298_zr_c07_o_q4_scimrefdiffimg.fits.fz,Prince,3,2.488305962715015e+18,1,1.0,2488,27,298,2292.260009765625,642.4240112304688,29.2527444,-18.160277,19.534500122070312,0.20122699439525604,1.529170036315918,19.346599578857422,0.2939000129699707,0.10006300359964371,18.631999969482422,0.03999999910593033,2.5199999809265137,0.1889999955892563,0.23584699630737305,-0.18788999319076538,2.3499999046325684,0.9279999732971191,642.4240112304688,0.36461201310157776,1.0099999904632568,0.6890000104904175,0.5299999713897705,0.29319098591804504,0.22553199529647827,1.2999999523162842,8.0,0.0,0.9128569960594177,0.870618999004364,19.096599578857422,0.2992999851703644,29.2527156,-18.1602833,6.39556,26.24650001525879,2.812690036080312e-05,0.030448999255895615,0.12295199930667877,4.1036098991753533e-05,t17_f5_c3,,,,ZTF19abjgazt
2460242.8106713,2,2488310672715,19.746200561523438,/ztf/archive/sci/2023/1025/310660/ztf_20231025310660_000298_zr_c07_o_q4_scimrefdiffimg.fits.fz,Prince,3,,,,2488,27,298,,,,,,,,,,,,,,,,,,,,,,,,,,,,,,,,,,,,26.26059913635254,3.3330699807265773e-05,0.03318599984049797,0.1264670044183731,4.892289871349931e-05,t17_f5_c3,,,,ZTF19abjgazt
2459951.6286343,1,2197128632715,19.089099884033203,/ztf/archive/sci/2023/0107/128634/ztf_20230107128634_000298_zg_c07_o_q4_scimrefdiffimg.fits.fz,Kulkarni,1,2.197128632715015e+18,t,2.0,2197,27,298,2278.929931640625,672.3359985351562,29.2527152,-18.1602418,18.402099609375,0.13024300336837769,1.6985399723052979,18.637100219726562,0.20630000531673431,0.12245199829339981,19.31800079345703,0.04500000178813934,2.510999917984009,0.15299999713897705,-0.3136869966983795,0.23497599363327026,2.640000104904175,0.9819999933242798,672.3359985351562,0.45197099447250366,1.1782399415969849,0.8009999990463257,0.7400000095367432,0.30340901017189026,0.2803030014038086,1.0824300050735474,1.0,0.0,0.9399999976158142,1.0,18.720399856567383,0.2856000065803528,29.2526903,-18.1602669,14.5817,26.236099243164062,9.983489871956408e-05,0.04595780000090599,-0.07796259969472885,0.00022648400045000017,t17_f5_c3,,,,ZTF19abjgazt
2459953.6251505,1,2199125152715,18.654699325561523,/ztf/archive/sci/2023/0109/125150/ztf_20230109125150_000298_zg_c07_o_q4_scimrefdiffimg.fits.fz,Kulkarni,1,2.199125152715015e+18,t,0.0,2199,27,298,2286.820068359375,664.7589721679688,29.2526912,-18.1603065,18.440500259399414,0.14455899596214294,1.2447600364685059,18.424100875854492,0.30320000648498535,0.140625,19.31800079345703,0.04500000178813934,2.510999917984009,0.15299999713897705,0.06953500211238861,-0.016429999843239784,2.0299999713897705,0.9700000286102295,664.7589721679688,0.2306160032749176,1.2781699895858765,0.824999988079071,0.8100000023841858,0.4064039885997772,0.39901500940322876,1.0185199975967407,5.0,0.0,0.9242860078811646,0.9870579838752747,18.303800582885742,0.3481999933719635,29.2526903,-18.1602669,10.5478,25.286500930786133,0.00011276500299572945,0.04384620115160942,-0.07559040188789368,0.00027439798577688634,t17_f5_c3,,,,ZTF19abjgazt
2459957.6213426,1,2203121342715,18.061800003051758,/ztf/archive/sci/2023/0113/121343/ztf_20230113121343_000298_zg_c07_o_q4_scimrefdiffimg.fits.fz,Kulkarni,1,2.203121342715015e+18,t,4.0,2203,27,298,2285.77001953125,658.2620239257812,29.2527081,-18.1599786,18.4906005859375,0.3055660128593445,1.0911799669265747,18.384700775146484,0.29249998927116394,1.0260100364685059,19.31800079345703,0.04500000178813934,2.510999917984009,0.15299999713897705,-1.0157099962234497,-0.10591799765825272,2.5399999618530273,0.5090000033378601,658.2620239257812,-0.32291799783706665,1.765470027923584,1.5920000076293945,1.3509999513626099,0.6267719864845276,0.5318899750709534,1.1783900260925293,6.0,0.0,0.39428600668907166,0.9952049851417542,18.35379981994629,0.3644999861717224,29.2526903,-18.1602669,5.2805,25.095600128173828,0.0006859549903310835,0.05829169973731041,0.02624260075390339,0.0018255600007250905,t17_f5_c3,,,,ZTF19abjgazt
2459957.6648843,2,2203164882715,19.09600067138672,/ztf/archive/sci/2023/0113/164861/ztf_20230113164861_000298_zr_c07_o_q4_scimrefdiffimg.fits.fz,Kulkarni,1,2.203164882715015e+18,t,1.0,2203,27,298,2253.93994140625,635.989990234375,29.2527303,-18.1602363,18.725299835205078,0.1439480036497116,1.0981299877166748,18.659299850463867,0.22869999706745148,0.17426399886608124,18.631999969482422,0.03999999910593033,2.5199999809265137,0.1889999955892563,-2.6402499675750732,-0.06596700102090836,2.75,0.9819999933242798,635.989990234375,0.4366829991340637,1.0371299982070923,0.9279999732971191,0.6869999766349792,0.33745500445365906,0.24981799721717834,1.3508000373840332,3.0,0.0,0.8500000238418579,1.0,18.585800170898438,0.27390000224113464,29.2527156,-18.1602833,9.25042,25.88629913330078,4.509379868977703e-05,0.038798701018095016,0.11666200309991837,6.650779687333852e-05,t17_f5_c3,,,,ZTF19abjgazt
2459966.6744676,2,2212174462715,19.14940071105957,/ztf/archive/sci/2023/0122/174329/ztf_20230122174329_000298_zr_c07_o_q4_scimrefdiffimg.fits.fz,Kulkarni,1,2.212174462715015e+18,t,0.0,2212,27,298,2252.909912109375,644.8989868164062,29.2526066,-18.1603968,18.55120086669922,0.11691799759864807,0.8713799715042114,18.563199996948242,0.13179999589920044,0.5459960103034973,18.631999969482422,0.03999999910593033,2.5199999809265137,0.1889999955892563,-1.4632899761199951,0.012028000317513943,5.239999771118164,0.8790000081062317,644.8989868164062,0.5861750245094299,0.8290209770202637,1.4670000076293945,1.343000054359436,0.2799620032310486,0.2562980055809021,1.092329978942871,0.0,0.0,0.6399999856948853,1.0,18.76919937133789,0.20360000431537628,29.2527156,-18.1602833,11.7652,26.195199966430664,7.187610026448965e-05,0.04630399867892265,0.11297400295734406,0.00010976700286846608,t17_f5_c3,,,,ZTF19abjgazt
2459968.6279398,1,2214127932715,19.77680015563965,/ztf/archive/sci/2023/0124/127928/ztf_20230124127928_000298_zg_c07_o_q4_scimrefdiffimg.fits.fz,Kulkarni,1,2.214127932715015e+18,t,2.0,2214,27,298,2260.239990234375,671.031005859375,29.2527528,-18.1602685,18.49209976196289,0.09145300090312958,1.5789400339126587,18.45989990234375,0.0885000005364418,0.21091699600219727,19.31800079345703,0.04500000178813934,2.510999917984009,0.15299999713897705,0.519523024559021,-0.03218900039792061,3.690000057220459,0.984000027179718,671.031005859375,1.3168599605560303,0.90556800365448,1.0410000085830688,0.9279999732971191,0.2821139991283417,0.2514910101890564,1.1217700242996216,0.0,0.0,0.9185709953308105,1.0,18.41550064086914,0.10819999873638153,29.2526903,-18.1602669,21.0233,26.197099685668945,5.1749801059486344e-05,0.03895749896764755,-0.07250799983739853,9.998639870900661e-05,t17_f5_c3,,,,ZTF19abjgazt
2459968.6504745,2,2214150472715,19.618000030517578,/ztf/archive/sci/2023/0124/150475/ztf_20230124150475_000298_zr_c07_o_q4_scimrefdiffimg.fits.fz,Kulkarni,1,2.214150472715015e+18,t,3.0,2214,27,298,2257.1201171875,664.68798828125,29.2526815,-18.1603501,18.61479949951172,0.08797699958086014,1.5336699485778809,18.704999923706055,0.12929999828338623,0.26385998725891113,18.631999969482422,0.03999999910593033,2.5199999809265137,0.1889999955892563,-0.04701700061559677,0.09018400311470032,3.890000104904175,0.968999981880188,664.68798828125,0.9129779934883118,0.8472679853439331,1.0520000457763672,0.9679999947547913,0.27043700218200684,0.2488429993391037,1.0867799520492554,1.0,0.0,0.9342859983444214,1.0,18.690799713134766,0.16300000250339508,29.2527156,-18.1602833,17.0311,26.2268009185791,3.5017299524042755e-05,0.034267399460077286,0.11991199851036072,5.140970097272657e-05,t17_f5_c3,,,,ZTF19abjgazt
2459970.6354167,2,2216135412715,19.165199279785156,/ztf/archive/sci/2023/0126/135417/ztf_20230126135417_000298_zr_c07_o_q4_scimrefdiffimg.fits.fz,Kulkarni,1,2.216135412715015e+18,t,1.0,2216,27,298,2262.5400390625,658.2919921875,29.2527844,-18.1601813,18.698299407958984,0.14205899834632874,1.5227099657058716,18.43429946899414,0.10869999974966049,0.43037599325180054,18.631999969482422,0.03999999910593033,2.5199999809265137,0.1889999955892563,0.189068004488945,-0.26396000385284424,8.59000015258789,0.9470000267028809,658.2919921875,0.7309169769287109,0.5396100282669067,1.7799999713897705,1.7079999446868896,0.2072180062532425,0.19883599877357483,1.0421600341796875,1.0,0.0,0.4071429967880249,1.0,18.396299362182617,0.1339000016450882,29.2527156,-18.1602833,12.2179,26.22330093383789,7.714179810136557e-05,0.047781798988580704,0.13318100571632385,0.00011603700113482773,t17_f5_c3,,,,ZTF19abjgazt
2459970.6533565,1,2216153352715,19.177200317382812,/ztf/archive/sci/2023/0126/153356/ztf_20230126153356_000298_zg_c07_o_q4_scimrefdiffimg.fits.fz,Kulkarni,1,2.216153352715015e+18,t,2.0,2216,27,298,2265.239990234375,637.5189819335938,29.2527854,-18.1602553,18.42259979248047,0.14626799523830414,1.564769983291626,18.295799255371094,0.09929999709129333,0.32371699810028076,19.31800079345703,0.04500000178813934,2.510999917984009,0.15299999713897705,0.3836680054664612,-0.12677200138568878,6.71999979019165,0.7950000166893005,637.5189819335938,0.8814100027084351,0.6550350189208984,1.4490000009536743,1.2960000038146973,0.21562500298023224,0.19285699725151062,1.1180599927902222,0.0,0.0,0.6457139849662781,1.0,18.283000946044922,0.12540000677108765,29.2526903,-18.1602669,16.2593,26.151599884033203,0.0001096600026357919,0.04439619928598404,-0.05187930166721344,0.00026306399377062917,t17_f5_c3,,,,ZTF19abjgazt
2459972.652581,2,2218152582715,19.56220054626465,/ztf/archive/sci/2023/0128/152569/ztf_20230128152569_000298_zr_c07_o_q4_scimrefdiffimg.fits.fz,Kulkarni,1,2.218152582715015e+18,t,0.0,2218,27,298,2268.2900390625,681.3419799804688,29.2527046,-18.1602914,18.614999771118164,0.0839959979057312,1.842229962348938,18.888700485229492,0.19089999794960022,0.04693099856376648,18.631999969482422,0.03999999910593033,2.5199999809265137,0.1889999955892563,0.32325199246406555,0.27365198731422424,2.5799999237060547,0.9829999804496765,681.3419799804688,0.6735460162162781,1.069700002670288,0.7789999842643738,0.7599999904632568,0.301937997341156,0.29457399249076843,1.024999976158142,4.0,0.0,0.9571430087089539,0.9904850125312805,18.99489974975586,0.2694000005722046,29.2527156,-18.1602833,14.5274,26.226999282836914,3.606449899962172e-05,0.034578099846839905,0.11304199695587158,5.2945699280826375e-05,t17_f5_c3,,,,ZTF19abjgazt
2459894.7958681,2,2140295862715,19.186500549316406,/ztf/archive/sci/2022/1111/295868/ztf_20221111295868_000298_zr_c07_o_q4_scimrefdiffimg.fits.fz,Kulkarni,1,2.140295862715015e+18,t,0.0,2140,27,298,2279.139892578125,711.1430053710938,29.2526942,-18.1602996,18.76110076904297,0.15399900078773499,0.8755149841308594,18.774099349975586,0.16380000114440918,0.09267599880695343,18.631999969482422,0.03999999910593033,2.5199999809265137,0.1889999955892563,-0.02833300083875656,0.012981000356376171,4.940000057220459,0.972000002861023,711.1430053710938,0.41238099336624146,0.8287619948387146,1.2350000143051147,1.187000036239624,0.25,0.24028299748897552,1.0404399633407593,2.0,0.0,0.7171429991722107,1.0,19.047700881958008,0.2694000005722046,29.2527156,-18.1602833,9.74435,26.26110076904297,7.54313005018048e-05,0.04878130182623863,0.10879500210285187,0.0001112910031224601,t17_f5_c3,,,,ZTF19abjgazt
2459894.8374769,1,2140337472715,18.658700942993164,/ztf/archive/sci/2022/1111/337477/ztf_20221111337477_000298_zg_c07_o_q4_scimrefdiffimg.fits.fz,Kulkarni,1,2.140337472715015e+18,t,1.0,2140,27,298,2268.64990234375,703.1290283203125,29.2528426,-18.1605385,18.388900756835938,0.19825099408626556,1.0267599821090698,18.425800323486328,0.1467999964952469,1.0932799577713013,19.31800079345703,0.04500000178813934,2.510999917984009,0.15299999713897705,0.2531780004501343,0.036869000643491745,9.239999771118164,0.972000002861023,703.1290283203125,0.23294200003147125,0.5800219774246216,1.6990000009536743,1.5240000486373901,0.1838739961385727,0.16493499279022217,1.1148300170898438,0.0,0.0,0.368571013212204,1.0,18.467199325561523,0.1956000030040741,29.2526903,-18.1602669,10.5457,26.193899154663086,0.00029997300589457154,0.04604240134358406,-0.04274509847164154,0.0006804490112699568,t17_f5_c3,,,,ZTF19abjgazt
2459896.730081,1,2142230082715,19.70330047607422,/ztf/archive/sci/2022/1113/229792/ztf_20221113229792_000298_zg_c07_o_q4_scimrefdiffimg.fits.fz,Kulkarni,1,2.142230082715015e+18,t,2.0,2142,27,298,2258.3701171875,636.2130126953125,29.2526915,-18.160284,18.539100646972656,0.09059199690818787,1.6190400123596191,18.541500091552734,0.1177000030875206,0.06089000031352043,19.31800079345703,0.04500000178813934,2.510999917984009,0.15299999713897705,0.5398470163345337,0.002372999908402562,2.609999895095825,0.9829999804496765,636.2130126953125,1.1618000268936157,1.0978399515151978,0.8500000238418579,0.828000009059906,0.3256700038909912,0.31724101305007935,1.0265699625015259,1.0,0.0,0.9628570079803467,1.0,18.57200050354004,0.15469999611377716,29.2526903,-18.1602669,18.038,26.197099685668945,5.875349961570464e-05,0.04338980093598366,-0.057161301374435425,0.00010393599950475618,t17_f5_c3,,,,ZTF19abjgazt
2459896.793669,2,2142293662715,19.74250030517578,/ztf/archive/sci/2022/1113/293657/ztf_20221113293657_000298_zr_c07_o_q4_scimrefdiffimg.fits.fz,Kulkarni,1,2.142293662715015e+18,t,1.0,2142,27,298,2285.719970703125,632.8880004882812,29.2526878,-18.1602686,18.66160011291504,0.07161299884319305,1.4057400226593018,18.711999893188477,0.14110000431537628,0.10741899907588959,18.631999969482422,0.03999999910593033,2.5199999809265137,0.1889999955892563,-0.23498299717903137,0.050443001091480255,2.5799999237060547,0.9819999933242798,632.8880004882812,1.0304800271987915,1.0472899675369263,0.8069999814033508,0.7850000262260437,0.31279098987579346,0.30426400899887085,1.0280300378799438,4.0,0.0,0.9599999785423279,0.9843130111694336,18.674299240112305,0.17409999668598175,29.2527156,-18.1602833,16.0459,26.242599487304688,2.393360045971349e-05,0.028635000810027122,0.11866500228643417,3.5502700484357774e-05,t17_f5_c3,,,,ZTF19abjgazt
2459897.7734144,2,2143273412715,19.892799377441406,/ztf/archive/sci/2022/1114/273403/ztf_20221114273403_000298_zr_c07_o_q4_scimrefdiffimg.fits.fz,Kulkarni,1,2.143273412715015e+18,t,1.0,2143,27,298,2278.669921875,663.6229858398438,29.2527145,-18.1603069,18.729900360107422,0.07412499934434891,2.380889892578125,18.776399612426758,0.13019999861717224,0.08382800221443176,18.631999969482422,0.03999999910593033,2.5199999809265137,0.1889999955892563,-0.13174599409103394,0.04653000086545944,2.390000104904175,0.9990000128746033,663.6229858398438,1.1163500547409058,1.137369990348816,0.7990000247955322,0.7590000033378601,0.33430999517440796,0.31757301092147827,1.0527000427246094,3.0,0.0,0.9628570079803467,1.0,18.85099983215332,0.1777999997138977,29.2527156,-18.1602833,20.5483,26.25790023803711,2.654009949765168e-05,0.029632899910211563,0.11981499940156937,3.8850499549880624e-05,t17_f5_c3,,,,ZTF19abjgazt
2459898.7109606,1,2144210962715,20.17180061340332,/ztf/archive/sci/2022/1115/210961/ztf_20221115210961_000298_zg_c07_o_q4_scimrefdiffimg.fits.fz,Kulkarni,1,2.144210962715015e+18,t,0.0,2144,27,298,2272.3798828125,633.0419921875,29.2526947,-18.1602676,18.539600372314453,0.07550299912691116,3.124150037765503,18.404699325561523,0.07109999656677246,0.015029000118374825,19.31800079345703,0.04500000178813934,2.510999917984009,0.15299999713897705,0.613968014717102,-0.13494999706745148,2.3499999046325684,0.9829999804496765,633.0419921875,1.7670999765396118,1.181190013885498,0.8650000095367432,0.8309999704360962,0.36808499693870544,0.35361701250076294,1.0409200191497803,0.0,0.0,0.9642860293388367,1.0,18.409000396728516,0.09049999713897705,29.2526903,-18.1602669,24.146,26.223600387573242,3.147450115648098e-05,0.03236129879951477,-0.07456749677658081,4.941779843647964e-05,t17_f5_c3,,,,ZTF19abjgazt
2459898.7886921,2,2144288692715,19.671100616455078,/ztf/archive/sci/2022/1115/288681/ztf_20221115288681_000298_zr_c07_o_q4_scimrefdiffimg.fits.fz,Kulkarni,1,2.144288692715015e+18,t,2.0,2144,27,298,2279.419921875,666.4569702148438,29.252726,-18.1602928,18.71299934387207,0.09227699786424637,2.4710500240325928,18.585800170898438,0.13600000739097595,0.0485990010201931,18.631999969482422,0.03999999910593033,2.5199999809265137,0.1889999955892563,-1.1010799407958984,-0.12723000347614288,2.2699999809265137,1.0,666.4569702148438,1.0852899551391602,1.1726700067520142,0.824999988079071,0.7960000038146973,0.3634360134601593,0.3506610095500946,1.03643000125885,3.0,0.0,0.9671429991722107,1.0,18.485599517822266,0.15860000252723694,29.2527156,-18.1602833,16.9989,26.148000717163086,2.7446199965197593e-05,0.030384600162506104,0.11614000052213669,4.029980118502863e-05,t17_f5_c3,,,,ZTF19abjgazt
2459900.7527315,2,2146252732715,19.360200881958008,/ztf/archive/sci/2022/1117/252720/ztf_20221117252720_000298_zr_c07_o_q4_scimrefdiffimg.fits.fz,Kulkarni,1,2.146252732715015e+18,t,0.0,2146,27,298,2282.679931640625,662.6749877929688,29.2527406,-18.160304,18.826099395751953,0.16662399470806122,0.9791600108146667,18.759599685668945,0.11640000343322754,0.11179400235414505,18.631999969482422,0.03999999910593033,2.5199999809265137,0.1889999955892563,-0.09818000346422195,-0.06647299975156784,6.690000057220459,0.9509999752044678,662.6749877929688,0.6006410121917725,0.733618974685669,1.7389999628067017,1.5,0.2599399983882904,0.22421500086784363,1.1593300104141235,0.0,0.0,0.4942860007286072,1.0,18.825000762939453,0.1574999988079071,29.2527156,-18.1602833,11.8744,26.23509979248047,6.335209764074534e-05,0.0444255992770195,0.13181400299072266,9.276730270357803e-05,t17_f5_c3,,,,ZTF19abjgazt
2459902.7941088,1,2148294102715,19.46579933166504,/ztf/archive/sci/2022/1119/294109/ztf_20221119294109_000298_zg_c07_o_q4_scimrefdiffimg.fits.fz,Kulkarni,1,,,,2148,27,298,,,,,,,,,,,,,,,,,,,,,,,,,,,,,,,,,,,,26.197999954223633,0.00017827599367592484,0.05732189863920212,-0.03663399815559387,0.00041851800051517785,t17_f5_c3,,,,ZTF19abjgazt
2459904.7515162,2,2150251512715,19.8341007232666,/ztf/archive/sci/2022/1121/251493/ztf_20221121251493_000298_zr_c07_o_q4_scimrefdiffimg.fits.fz,Kulkarni,1,2.150251512715015e+18,t,0.0,2150,27,298,2283.300048828125,646.7869873046875,29.2526876,-18.1602745,18.636499404907227,0.07390899956226349,1.8774499893188477,18.596900939941406,0.09690000116825104,0.09978900104761124,18.631999969482422,0.03999999910593033,2.5199999809265137,0.1889999955892563,-0.3682290017604828,-0.03963400050997734,3.680000066757202,0.9700000286102295,646.7869873046875,1.237149953842163,0.8956180214881897,1.0420000553131104,1.0369999408721924,0.2831520140171051,0.2817929983139038,1.0048199892044067,1.0,0.0,0.9200000166893005,1.0,18.61590003967285,0.12540000677108765,29.2527156,-18.1602833,17.9756,26.25349998474121,2.6932699256576598e-05,0.03024419955909252,0.11537600308656693,3.997519888798706e-05,t17_f5_c3,,,,ZTF19abjgazt
2459904.7737616,1,2150273762715,19.884700775146484,/ztf/archive/sci/2022/1121/273750/ztf_20221121273750_000298_zg_c07_o_q4_scimrefdiffimg.fits.fz,Kulkarni,1,2.150273762715015e+18,t,4.0,2150,27,298,2283.9599609375,646.1079711914062,29.2527276,-18.160281,18.545499801635742,0.07664000242948532,1.0582599639892578,18.533000946044922,0.09380000084638596,0.13573099672794342,19.31800079345703,0.04500000178813934,2.510999917984009,0.15299999713897705,0.3536680042743683,-0.012485000304877758,2.9200000762939453,0.9819999933242798,646.1079711914062,1.351680040359497,1.0470199584960938,0.9369999766349792,0.871999979019165,0.32089000940322876,0.2986299991607666,1.0745400190353394,0.0,0.0,0.9528570175170898,1.0,18.40220069885254,0.10589999705553055,29.2526903,-18.1602669,19.441,26.102500915527344,3.6561901652021334e-05,0.03429370000958443,-0.06199689954519272,6.295149796642363e-05,t17_f5_c3,,,,ZTF19abjgazt
2459906.7091667,1,2152209162715,20.263700485229492,/ztf/archive/sci/2022/1123/209167/ztf_20221123209167_000298_zg_c07_o_q4_scimrefdiffimg.fits.fz,Kulkarni,1,2.152209162715015e+18,t,1.0,2152,27,298,2272.64990234375,617.22900390625,29.2527015,-18.1602722,18.56920051574707,0.07405900210142136,3.569000005722046,18.532699584960938,0.07450000196695328,0.04215899854898453,19.31800079345703,0.04500000178813934,2.510999917984009,0.15299999713897705,-0.1194159984588623,-0.03648899868130684,2.430000066757202,0.9829999804496765,617.22900390625,1.7310500144958496,1.1300599575042725,0.8169999718666077,0.800000011920929,0.33621400594711304,0.3292180001735687,1.0212500095367432,1.0,0.0,0.9642860293388367,1.0,18.467500686645508,0.08900000154972076,29.2526903,-18.1602669,24.6218,26.228200912475586,2.9049500881228596e-05,0.031192699447274208,-0.06610870361328125,4.492179868975654e-05,t17_f5_c3,,,,ZTF19abjgazt
2459908.7254051,2,2154225402715,19.767900466918945,/ztf/archive/sci/2022/1125/225405/ztf_20221125225405_000298_zr_c07_o_q4_scimrefdiffimg.fits.fz,Kulkarni,1,2.154225402715015e+18,t,0.0,2154,27,298,2302.39990234375,645.656982421875,29.2527051,-18.1603003,18.635900497436523,0.09882699698209763,1.753600001335144,18.66080093383789,0.10040000081062317,0.06996200233697891,18.631999969482422,0.03999999910593033,2.5199999809265137,0.1889999955892563,-0.7802780270576477,0.02485099993646145,4.139999866485596,0.9760000109672546,645.656982421875,1.1070599555969238,0.866578996181488,1.1230000257492065,1.0679999589920044,0.2712559998035431,0.25797098875045776,1.0514999628067017,0.0,0.0,0.8842859864234924,1.0,18.784099578857422,0.1429000049829483,29.2527156,-18.1602833,19.3485,26.267900466918945,3.324219869682565e-05,0.033140700310468674,0.12403900176286697,4.853570135310292e-05,t17_f5_c3,,,,ZTF19abjgazt
2459910.7255556,1,2156225552715,20.13319969177246,/ztf/archive/sci/2022/1127/225544/ztf_20221127225544_000298_zg_c07_o_q4_scimrefdiffimg.fits.fz,Kulkarni,1,2.156225552715015e+18,t,2.0,2156,27,298,2285.85009765625,627.9180297851562,29.2527374,-18.1602957,18.485700607299805,0.07227399945259094,1.331339955329895,18.518400192260742,0.07689999788999557,0.1890140026807785,19.31800079345703,0.04500000178813934,2.510999917984009,0.15299999713897705,0.38076698780059814,0.03273700177669525,2.680000066757202,0.9829999804496765,627.9180297851562,1.6148099899291992,1.1007699966430664,0.8640000224113464,0.8360000252723694,0.3223879933357239,0.3119400143623352,1.0334899425506592,0.0,0.0,0.9614289999008179,1.0,18.502399444580078,0.09619999676942825,29.2526903,-18.1602669,25.8298,26.244699478149414,3.472869866527617e-05,0.033829301595687866,-0.09401900321245193,5.476349906530231e-05,t17_f5_c3,,,,ZTF19abjgazt
2459910.7312847,2,2156231282715,20.101900100708008,/ztf/archive/sci/2022/1127/231273/ztf_20221127231273_000298_zr_c07_o_q4_scimrefdiffimg.fits.fz,Kulkarni,1,2.156231282715015e+18,t,1.0,2156,27,298,2286.590087890625,631.5869750976562,29.2527163,-18.160301,18.562999725341797,0.07856100052595139,4.743959903717041,18.56220054626465,0.09160000085830688,0.0629120022058487,18.631999969482422,0.03999999910593033,2.5199999809265137,0.1889999955892563,-0.3527750074863434,-0.0007570000016130507,2.25,0.9929999709129333,631.5869750976562,1.5397499799728394,1.1756900548934937,0.7620000243186951,0.7160000205039978,0.33866700530052185,0.3182219862937927,1.0642499923706055,2.0,0.0,0.9671429991722107,1.0,18.564599990844727,0.11649999767541885,29.2527156,-18.1602833,27.0709,26.27400016784668,2.0197499907226302e-05,0.026229899376630783,0.11465500295162201,2.990360007970594e-05,t17_f5_c3,,,,ZTF19abjgazt
2459913.7391204,2,2159239122715,19.710500717163086,/ztf/archive/sci/2022/1130/239109/ztf_20221130239109_000298_zr_c07_o_q4_scimrefdiffimg.fits.fz,Kulkarni,1,2.159239122715015e+18,t,3.0,2159,27,298,2275.840087890625,636.4979858398438,29.2526605,-18.1603288,18.53019905090332,0.100102998316288,1.979990005493164,18.631099700927734,0.11249999701976776,0.24647599458694458,18.631999969482422,0.03999999910593033,2.5199999809265137,0.1889999955892563,0.18126000463962555,0.10090799629688263,2.990000009536743,0.9819999933242798,636.4979858398438,1.0794299840927124,1.0907000303268433,0.9110000133514404,0.8220000267028809,0.3046819865703583,0.27491599321365356,1.1082700490951538,1.0,0.0,0.951429009437561,1.0,18.721900939941406,0.155799999833107,29.2527156,-18.1602833,21.2292,26.266199111938477,3.009899955941364e-05,0.03183490037918091,0.10146500170230865,4.432700006873347e-05,t17_f5_c3,,,,ZTF19abjgazt
2459922.6494676,1,2168149462715,19.254600524902344,/ztf/archive/sci/2022/1209/149456/ztf_20221209149456_000298_zg_c07_o_q4_scimrefdiffimg.fits.fz,Kulkarni,1,2.168149462715015e+18,t,0.0,2168,27,298,2264.02001953125,686.47802734375,29.2526868,-18.160309,18.489099502563477,0.09435199946165085,1.7849500179290771,18.404300689697266,0.15870000422000885,0.1501390039920807,19.31800079345703,0.04500000178813934,2.510999917984009,0.15299999713897705,0.8942030072212219,-0.0847800001502037,2.9000000953674316,0.9829999804496765,686.47802734375,0.8503220081329346,0.9673140048980713,0.8339999914169312,0.8029999732971191,0.2875860035419464,0.27689701318740845,1.038599967956543,3.0,0.0,0.9571430087089539,1.0,18.512800216674805,0.2248000055551529,29.2526903,-18.1602669,15.9279,26.221099853515625,7.200359686976299e-05,0.04271189868450165,-0.06899940222501755,0.00015059500583447516,t17_f5_c3,,,,ZTF19abjgazt
2459970.6354167,2,2216135412715,19.165199279785156,/ztf/archive/sci/2023/0126/135417/ztf_20230126135417_000298_zr_c07_o_q4_scimrefdiffimg.fits.fz,Kulkarni,1,2.216135412715015e+18,1,1.0,2216,27,298,2262.5400390625,658.2919921875,29.2527844,-18.1601813,18.698299407958984,0.14205899834632874,1.5227099657058716,18.43429946899414,0.10869999974966049,0.43037599325180054,18.631999969482422,0.03999999910593033,2.5199999809265137,0.1889999955892563,0.189068004488945,-0.26396000385284424,8.59000015258789,0.9470000267028809,658.2919921875,0.7309169769287109,0.5396100282669067,1.7799999713897705,1.7079999446868896,0.2072180062532425,0.19883599877357483,1.0421600341796875,1.0,0.0,0.4071429967880249,1.0,18.396299362182617,0.1339000016450882,29.2527156,-18.1602833,12.2179,26.22330093383789,7.714179810136557e-05,0.047781798988580704,0.13318100571632385,0.00011603700113482773,t17_f5_c3,,,,ZTF19abjgazt
2459923.6059028,2,2169105902715,19.614099502563477,/ztf/archive/sci/2022/1210/105671/ztf_20221210105671_000298_zr_c07_o_q4_scimrefdiffimg.fits.fz,Kulkarni,1,2.169105902715015e+18,t,1.0,2169,27,298,2259.510009765625,654.0609741210938,29.2527057,-18.1603212,18.65880012512207,0.09792300313711166,2.1032700538635254,18.720800399780273,0.15700000524520874,0.13886000216007233,18.631999969482422,0.03999999910593033,2.5199999809265137,0.1889999955892563,0.35430899262428284,0.06197100132703781,2.140000104904175,0.9829999804496765,654.0609741210938,0.893310010433197,1.2832000255584717,0.7379999756813049,0.6830000281333923,0.3448599874973297,0.31915900111198425,1.080530047416687,2.0,0.0,0.9614289999008179,1.0,18.883399963378906,0.23309999704360962,29.2527156,-18.1602833,13.9464,26.23579978942871,3.241180093027651e-05,0.03296710178256035,0.11325299739837646,4.7961599193513393e-05,t17_f5_c3,,,,ZTF19abjgazt
2459923.7119676,1,2169211962715,19.445499420166016,/ztf/archive/sci/2022/1210/211956/ztf_20221210211956_000298_zg_c07_o_q4_scimrefdiffimg.fits.fz,Kulkarni,1,2.169211962715015e+18,t,2.0,2169,27,298,2279.320068359375,639.3770141601562,29.2527324,-18.1602762,18.533000946044922,0.09686599671840668,2.4575600624084473,18.56730079650879,0.16269999742507935,0.14609700441360474,19.31800079345703,0.04500000178813934,2.510999917984009,0.15299999713897705,0.32171401381492615,0.03426399827003479,2.450000047683716,0.9850000143051147,639.3770141601562,0.8781939744949341,1.0903799533843994,0.7419999837875366,0.718999981880188,0.30285701155662537,0.29346901178359985,1.0319900512695312,3.0,0.0,0.9585710167884827,0.995760977268219,18.52400016784668,0.2003999948501587,29.2526903,-18.1602669,16.5324,26.20199966430664,5.676849832525477e-05,0.040157001465559006,-0.04019929841160774,0.00011239600280532613,t17_f5_c3,,,,ZTF19abjgazt
2459928.7109259,2,2174210922715,19.679399490356445,/ztf/archive/sci/2022/1215/210926/ztf_20221215210926_000298_zr_c07_o_q4_scimrefdiffimg.fits.fz,Kulkarni,1,2.174210922715015e+18,t,2.0,2174,27,298,2268.85009765625,690.1749877929688,29.2527391,-18.1602991,18.69580078125,0.09338799864053726,0.9209529757499695,18.974599838256836,0.15870000422000885,0.09730999916791916,18.631999969482422,0.03999999910593033,2.5199999809265137,0.1889999955892563,0.4046129882335663,0.2788439989089966,3.130000114440918,0.9819999933242798,690.1749877929688,0.7048479914665222,1.040060043334961,0.9139999747276306,0.8410000205039978,0.2920129895210266,0.26868999004364014,1.0867999792099,1.0,0.0,0.9342859983444214,1.0,18.962600708007812,0.20020000636577606,29.2527156,-18.1602833,14.5295,26.173799514770508,2.9766599254799075e-05,0.031511399894952774,0.11882299929857254,4.3314801587257534e-05,t17_f5_c3,,,,ZTF19abjgazt
2459932.6459606,1,2178145962715,20.39739990234375,/ztf/archive/sci/2022/1219/145961/ztf_20221219145961_000298_zg_c07_o_q4_scimrefdiffimg.fits.fz,Kulkarni,1,2.178145962715015e+18,t,2.0,2178,27,298,2275.580078125,653.5850219726562,29.2526882,-18.160295,18.611600875854492,0.08740899711847305,8.632140159606934,18.567699432373047,0.07639999687671661,0.10017099976539612,19.31800079345703,0.04500000178813934,2.510999917984009,0.15299999713897705,0.715041995048523,-0.04388799890875816,2.3499999046325684,1.0,653.5850219726562,1.8297100067138672,1.04121994972229,0.6970000267028809,0.6449999809265137,0.2965959906578064,0.27446800470352173,1.0806200504302979,1.0,0.0,0.9614289999008179,1.0,18.537500381469727,0.094200000166893,29.2526903,-18.1602669,32.027,26.22260093688965,2.521860005799681e-05,0.02920610085129738,-0.07294899970293045,3.820429992629215e-05,t17_f5_c3,,,,ZTF19abjgazt
2459932.7104514,2,2178210452715,19.84760093688965,/ztf/archive/sci/2022/1219/210440/ztf_20221219210440_000298_zr_c07_o_q4_scimrefdiffimg.fits.fz,Kulkarni,1,2.178210452715015e+18,t,2.0,2178,27,298,2272.280029296875,660.8779907226562,29.2527165,-18.1602571,18.769800186157227,0.09736499935388565,1.425570011138916,18.7677001953125,0.11490000039339066,0.09318900108337402,18.631999969482422,0.03999999910593033,2.5199999809265137,0.1889999955892563,0.1929280012845993,-0.0021389999892562628,2.9700000286102295,0.9819999933242798,660.8779907226562,1.0799100399017334,1.0796400308609009,0.953000009059906,0.8880000114440918,0.32087498903274536,0.29899001121520996,1.073199987411499,0.0,0.0,0.9542859792709351,1.0,18.788799285888672,0.14910000562667847,29.2527156,-18.1602833,15.3742,26.24880027770996,4.9841699365060776e-05,0.04055409878492355,0.11911100149154663,7.341019954765216e-05,t17_f5_c3,,,,ZTF19abjgazt
2459934.6941667,1,2180194162715,20.148300170898438,/ztf/archive/sci/2022/1221/194167/ztf_20221221194167_000298_zg_c07_o_q4_scimrefdiffimg.fits.fz,Kulkarni,1,2.180194162715015e+18,t,2.0,2180,27,298,2283.300048828125,688.6680297851562,29.2527231,-18.1602696,18.673999786376953,0.09748300164937973,3.223560094833374,18.58180046081543,0.08640000224113464,0.11090199649333954,19.31800079345703,0.04500000178813934,2.510999917984009,0.15299999713897705,0.35384899377822876,-0.0922119989991188,2.549999952316284,0.9990000128746033,688.6680297851562,1.5664900541305542,1.0705499649047852,0.8830000162124634,0.7940000295639038,0.3462750017642975,0.3113729953765869,1.112089991569519,0.0,0.0,0.9571430087089539,1.0,18.453500747680664,0.09769999980926514,29.2526903,-18.1602669,24.3991,26.222000122070312,2.9529499443015084e-05,0.03138380125164986,-0.08136360347270966,4.470839849091135e-05,t17_f5_c3,,,,ZTF19abjgazt
2459934.7333102,2,2180233312715,20.022899627685547,/ztf/archive/sci/2022/1221/233299/ztf_20221221233299_000298_zr_c07_o_q4_scimrefdiffimg.fits.fz,Kulkarni,1,2.180233312715015e+18,t,1.0,2180,27,298,2277.22998046875,637.573974609375,29.2527039,-18.160307,18.642900466918945,0.07779300212860107,3.3299200534820557,18.784299850463867,0.12370000034570694,0.09310899674892426,18.631999969482422,0.03999999910593033,2.5199999809265137,0.1889999955892563,-0.3114759922027588,0.1414259970188141,2.190000057220459,1.0,637.573974609375,1.238569974899292,1.1725000143051147,0.6919999718666077,0.6539999842643738,0.31598201394081116,0.2986299991607666,1.0580999851226807,4.0,0.0,0.9657139778137207,0.9783959984779358,18.802099227905273,0.1599999964237213,29.2527156,-18.1602833,18.6688,26.24090003967285,2.3056800273479894e-05,0.027829499915242195,0.11434800177812576,3.3991898817475885e-05,t17_f5_c3,,,,ZTF19abjgazt
2459936.6901968,2,2182190192715,18.936800003051758,/ztf/archive/sci/2022/1223/190185/ztf_20221223190185_000298_zr_c07_o_q4_scimrefdiffimg.fits.fz,Kulkarni,1,2.182190192715015e+18,t,28.0,2182,27,298,2284.820068359375,653.5889892578125,29.2527913,-18.1603234,18.658599853515625,0.178288996219635,1.8593800067901611,18.230899810791016,0.20890000462532043,0.2930079996585846,18.631999969482422,0.03999999910593033,2.5199999809265137,0.1889999955892563,1.5059000253677368,-0.42767998576164246,2.619999885559082,0.9760000109672546,653.5889892578125,0.7059410214424133,0.9289799928665161,1.0,0.8700000047683716,0.3816789984703064,0.3320609927177429,1.1494300365447998,2.0,0.0,0.7685710191726685,1.0,18.463899612426758,0.3319000005722046,29.2527156,-18.1602833,9.57454,25.564599990844727,9.258319914806634e-05,0.054196301847696304,0.10355599969625473,0.00013661400589626282,t17_f5_c3,,,,ZTF19abjgazt
2459957.6213426,1,2203121342715,18.061800003051758,/ztf/archive/sci/2023/0113/121343/ztf_20230113121343_000298_zg_c07_o_q4_scimrefdiffimg.fits.fz,Kulkarni,1,,,,2203,27,298,,,,,,,,,,,,,,,,,,,,,,,,,,,,,,,,,,,,25.095600128173828,0.0006859549903310835,0.05829169973731041,0.02624260075390339,0.0018255600007250905,t17_f5_c3,,,,ZTF19abjgazt
2459968.6279398,1,2214127932715,19.77680015563965,/ztf/archive/sci/2023/0124/127928/ztf_20230124127928_000298_zg_c07_o_q4_scimrefdiffimg.fits.fz,Kulkarni,1,2.214127932715015e+18,1,2.0,2214,27,298,2260.239990234375,671.031005859375,29.2527528,-18.1602685,18.49209976196289,0.09145300090312958,1.5789400339126587,18.45989990234375,0.0885000005364418,0.21091699600219727,19.31800079345703,0.04500000178813934,2.510999917984009,0.15299999713897705,0.519523024559021,-0.03218900039792061,3.690000057220459,0.984000027179718,671.031005859375,1.3168599605560303,0.90556800365448,1.0410000085830688,0.9279999732971191,0.2821139991283417,0.2514910101890564,1.1217700242996216,0.0,0.0,0.9185709953308105,1.0,18.41550064086914,0.10819999873638153,29.2526903,-18.1602669,21.0233,26.197099685668945,5.1749801059486344e-05,0.03895749896764755,-0.07250799983739853,9.998639870900661e-05,t17_f5_c3,,,,ZTF19abjgazt
2459957.6213426,1,2203121342715,18.061800003051758,/ztf/archive/sci/2023/0113/121343/ztf_20230113121343_000298_zg_c07_o_q4_scimrefdiffimg.fits.fz,Kulkarni,1,2.203121342715015e+18,1,4.0,2203,27,298,2285.77001953125,658.2620239257812,29.2527081,-18.1599786,18.4906005859375,0.3055660128593445,1.0911799669265747,18.384700775146484,0.29249998927116394,1.0260100364685059,19.31800079345703,0.04500000178813934,2.510999917984009,0.15299999713897705,-1.0157099962234497,-0.10591799765825272,2.5399999618530273,0.5090000033378601,658.2620239257812,-0.32291799783706665,1.765470027923584,1.5920000076293945,1.3509999513626099,0.6267719864845276,0.5318899750709534,1.1783900260925293,6.0,0.0,0.39428600668907166,0.9952049851417542,18.35379981994629,0.3644999861717224,29.2526903,-18.1602669,5.2805,25.095600128173828,0.0006859549903310835,0.05829169973731041,0.02624260075390339,0.0018255600007250905,t17_f5_c3,,,,ZTF19abjgazt
2459923.6059028,2,2169105902715,19.614099502563477,/ztf/archive/sci/2022/1210/105671/ztf_20221210105671_000298_zr_c07_o_q4_scimrefdiffimg.fits.fz,Kulkarni,1,2.169105902715015e+18,1,1.0,2169,27,298,2259.510009765625,654.0609741210938,29.2527057,-18.1603212,18.65880012512207,0.09792300313711166,2.1032700538635254,18.720800399780273,0.15700000524520874,0.13886000216007233,18.631999969482422,0.03999999910593033,2.5199999809265137,0.1889999955892563,0.35430899262428284,0.06197100132703781,2.140000104904175,0.9829999804496765,654.0609741210938,0.893310010433197,1.2832000255584717,0.7379999756813049,0.6830000281333923,0.3448599874973297,0.31915900111198425,1.080530047416687,2.0,0.0,0.9614289999008179,1.0,18.883399963378906,0.23309999704360962,29.2527156,-18.1602833,13.9464,26.23579978942871,3.241180093027651e-05,0.03296710178256035,0.11325299739837646,4.7961599193513393e-05,t17_f5_c3,,,,ZTF19abjgazt
2459854.8364815,2,2100336482715,20.55620002746582,/ztf/archive/sci/2022/1002/336481/ztf_20221002336481_000298_zr_c07_o_q4_scimrefdiffimg.fits.fz,Kulkarni,1,,,,2100,27,298,,,,,,,,,,,,,,,,,,,,,,,,,,,,,,,,,,,,26.234600067138672,2.049999966402538e-05,0.02593049965798855,0.12342000007629395,2.9851300496375188e-05,t17_f5_c3,,,,ZTF19abjgazt
2459856.7809144,1,2102280912715,19.60219955444336,/ztf/archive/sci/2022/1004/280914/ztf_20221004280914_000298_zg_c07_o_q4_scimrefdiffimg.fits.fz,Kulkarni,1,2.102280912715015e+18,t,0.0,2102,27,298,2327.419921875,616.9439697265625,29.2526875,-18.1602958,18.266399383544922,0.0873359963297844,2.112679958343506,18.238100051879883,0.09350000321865082,0.10284899920225143,19.31800079345703,0.04500000178813934,2.510999917984009,0.15299999713897705,0.41387200355529785,-0.028341000899672508,2.7699999809265137,0.9829999804496765,616.9439697265625,1.3640799522399902,1.0849100351333618,0.9190000295639038,0.890999972820282,0.3317689895629883,0.32166099548339844,1.0314199924468994,3.0,0.0,0.9571430087089539,0.9967420101165771,18.237600326538086,0.11919999867677689,29.2526903,-18.1602669,22.9399,26.05340003967285,5.767670154455118e-05,0.040861401706933975,-0.05674320086836815,0.00010964400280499831,t17_f5_c3,,,,ZTF19abjgazt
2459856.8846991,2,2102384692715,20.341299057006836,/ztf/archive/sci/2022/1004/384688/ztf_20221004384688_000298_zr_c07_o_q4_scimrefdiffimg.fits.fz,Kulkarni,1,2.102384692715015e+18,t,0.0,2102,27,298,2322.760009765625,643.6589965820312,29.25273,-18.1603061,18.690399169921875,0.07690999656915665,4.316649913787842,18.69610023498535,0.07540000230073929,0.09454499930143356,18.631999969482422,0.03999999910593033,2.5199999809265137,0.1889999955892563,0.14610299468040466,0.005681999959051609,3.0799999237060547,0.984000027179718,643.6589965820312,1.6451799869537354,0.9585070013999939,0.921999990940094,0.753000020980835,0.2993510067462921,0.24448099732398987,1.2244399785995483,0.0,0.0,0.9214289784431458,1.0,18.79450035095215,0.10429999977350235,29.2527156,-18.1602833,27.4193,26.496400833129883,0.0002584790054243058,0.09270340204238892,0.14048999547958374,0.00037748500471934676,t17_f5_c3,,,,ZTF19abjgazt
2459858.8350463,2,2104335042715,19.816999435424805,/ztf/archive/sci/2022/1006/335035/ztf_20221006335035_000298_zr_c07_o_q4_scimrefdiffimg.fits.fz,Kulkarni,1,2.104335042715015e+18,t,0.0,2104,27,298,2302.550048828125,613.7009887695312,29.2527189,-18.1602925,18.417999267578125,0.07156399637460709,4.947959899902344,18.32159996032715,0.10890000313520432,0.03462100028991699,18.631999969482422,0.03999999910593033,2.5199999809265137,0.1889999955892563,-0.7293230295181274,-0.09639199823141098,1.9500000476837158,1.0,613.7009887695312,1.495419979095459,1.1684399843215942,0.7120000123977661,0.6679999828338623,0.3651280105113983,0.3425639867782593,1.0658700466156006,2.0,0.0,0.9728569984436035,0.9993950128555298,18.41550064086914,0.15160000324249268,29.2527156,-18.1602833,20.9825,26.218000411987305,3.287630170234479e-05,0.032836299389600754,0.12937399744987488,4.795439963345416e-05,t17_f5_c3,,,,ZTF19abjgazt
2459858.8987037,1,2104398702715,19.829999923706055,/ztf/archive/sci/2022/1006/398692/ztf_20221006398692_000298_zg_c07_o_q4_scimrefdiffimg.fits.fz,Kulkarni,1,2.104398702715015e+18,t,2.0,2104,27,298,2307.580078125,619.2550048828125,29.2527302,-18.1602853,18.349199295043945,0.09388899803161621,4.183489799499512,18.27739906311035,0.09390000253915787,0.14982900023460388,19.31800079345703,0.04500000178813934,2.510999917984009,0.15299999713897705,0.14898799359798431,-0.07178100198507309,2.5999999046325684,0.984000027179718,619.2550048828125,1.5526100397109985,0.9675350189208984,0.7770000100135803,0.7129999995231628,0.2988460063934326,0.2742309868335724,1.0897599458694458,2.0,0.0,0.9642860293388367,1.0,18.3125,0.12380000203847885,29.2526903,-18.1602669,22.6665,26.186199188232422,4.604920104611665e-05,0.03874089941382408,-0.06195469945669174,7.554439798695967e-05,t17_f5_c3,,,,ZTF19abjgazt
2459860.8353241,1,2106335322715,19.016799926757812,/ztf/archive/sci/2022/1008/335312/ztf_20221008335312_000298_zg_c07_o_q4_scimrefdiffimg.fits.fz,Kulkarni,1,2.106335322715015e+18,t,1.0,2106,27,298,2298.159912109375,586.2210083007812,29.2527503,-18.1602845,18.376100540161133,0.11855900287628174,1.4703600406646729,18.30150032043457,0.18629999458789825,0.2120950073003769,19.31800079345703,0.04500000178813934,2.510999917984009,0.15299999713897705,0.02593199908733368,-0.07457099854946136,2.140000104904175,0.9829999804496765,586.2210083007812,0.7153270244598389,1.2604299783706665,0.7289999723434448,0.6959999799728394,0.3406539857387543,0.32523399591445923,1.047410011291504,5.0,0.0,0.942857027053833,1.0,18.355300903320312,0.2513999938964844,29.2526903,-18.1602669,12.2524,26.192100524902344,5.079860056866892e-05,0.032307401299476624,-0.05791210010647774,0.00011170200014021248,t17_f5_c3,,,,ZTF19abjgazt
2459860.9018981,2,2106401892715,19.364900588989258,/ztf/archive/sci/2022/1008/401887/ztf_20221008401887_000298_zr_c07_o_q4_scimrefdiffimg.fits.fz,Kulkarni,1,2.106401892715015e+18,t,0.0,2106,27,298,2322.110107421875,590.8519897460938,29.2527176,-18.1603224,18.516799926757812,0.07797800004482269,1.5075600147247314,18.715900421142578,0.23600000143051147,0.13893499970436096,18.631999969482422,0.03999999910593033,2.5199999809265137,0.1889999955892563,0.050978999584913254,0.19909299910068512,1.9600000381469727,0.9850000143051147,590.8519897460938,0.6489800214767456,1.1568100452423096,0.6430000066757202,0.6140000224113464,0.3280610144138336,0.31326499581336975,1.0472300052642822,4.0,0.0,0.9528570175170898,1.0,18.621299743652344,0.2777000069618225,29.2527156,-18.1602833,11.665,26.214799880981445,4.614970021066256e-05,0.038694798946380615,0.1327729970216751,6.570920231752098e-05,t17_f5_c3,,,,ZTF19abjgazt
2459862.8802199,1,2108380212715,18.854700088500977,/ztf/archive/sci/2022/1010/380220/ztf_20221010380220_000298_zg_c07_o_q4_scimrefdiffimg.fits.fz,Kulkarni,1,2.108380212715015e+18,t,1.0,2108,27,298,2318.080078125,643.4010009765625,29.2527339,-18.1602988,18.297300338745117,0.12009400129318237,1.2938499450683594,17.889799118041992,0.1542000025510788,0.18578499555587769,19.31800079345703,0.04500000178813934,2.510999917984009,0.15299999713897705,1.2482999563217163,-0.4074540138244629,2.4600000381469727,0.9829999804496765,643.4010009765625,0.9649050235748291,1.0517799854278564,1.0880000591278076,0.9559999704360962,0.4422760009765625,0.38861799240112305,1.138069987297058,1.0,0.0,0.7300000190734863,1.0,17.61479949951172,0.15379999577999115,29.2526903,-18.1602669,11.7766,26.253299713134766,9.373960347147658e-05,0.03917510062456131,-0.07505899667739868,0.00022125299437902868,t17_f5_c3,,,,ZTF19abjgazt
2459864.8528588,2,2110352852715,19.409000396728516,/ztf/archive/sci/2022/1012/352847/ztf_20221012352847_000298_zr_c07_o_q4_scimrefdiffimg.fits.fz,Kulkarni,1,2.110352852715015e+18,t,0.0,2110,27,298,2310.8701171875,619.6209716796875,29.2527127,-18.1602724,18.45009994506836,0.09612099826335907,1.7735899686813354,18.33370018005371,0.16120000183582306,0.046507999300956726,18.631999969482422,0.03999999910593033,2.5199999809265137,0.1889999955892563,0.6001499891281128,-0.11641199886798859,1.909999966621399,0.9829999804496765,619.6209716796875,1.075260043144226,1.1768399477005005,0.6769999861717224,0.5820000171661377,0.354449987411499,0.3047119975090027,1.1632299423217773,2.0,0.0,0.9485710263252258,1.0,18.217599868774414,0.18569999933242798,29.2527156,-18.1602833,14.807,26.166099548339844,3.7205300031928346e-05,0.03558399900794029,0.11280699819326401,5.4407501011155546e-05,t17_f5_c3,,,,ZTF19abjgazt
2459864.8776389,1,2110377632715,19.044200897216797,/ztf/archive/sci/2022/1012/377639/ztf_20221012377639_000298_zg_c07_o_q4_scimrefdiffimg.fits.fz,Kulkarni,1,2.110377632715015e+18,t,0.0,2110,27,298,2309.0,626.18798828125,29.2527251,-18.160259,18.465299606323242,0.124720998108387,0.7743260264396667,18.476299285888672,0.2126999944448471,0.12086399644613266,19.31800079345703,0.04500000178813934,2.510999917984009,0.15299999713897705,0.7369319796562195,0.010974000208079815,2.5399999618530273,0.9829999804496765,626.18798828125,0.567924976348877,1.065619945526123,0.8230000138282776,0.6959999799728394,0.3240160048007965,0.27401599287986755,1.1824699640274048,4.0,0.0,0.947143018245697,1.0,18.400999069213867,0.2549000084400177,29.2526903,-18.1602669,12.2019,26.14929962158203,8.262579649453983e-05,0.03998029977083206,-0.05635920166969299,0.00018003900186158717,t17_f5_c3,,,,ZTF19abjgazt
2459866.8146991,1,2112314692715,19.618999481201172,/ztf/archive/sci/2022/1014/314688/ztf_20221014314688_000298_zg_c07_o_q4_scimrefdiffimg.fits.fz,Kulkarni,1,2.112314692715015e+18,t,5.0,2112,27,298,2303.10009765625,620.7890014648438,29.2527107,-18.1602861,18.296499252319336,0.08889199793338776,1.5997899770736694,18.274099349975586,0.10849999636411667,0.0968480035662651,19.31800079345703,0.04500000178813934,2.510999917984009,0.15299999713897705,0.045246999710798264,-0.022445999085903168,2.490000009536743,0.9829999804496765,620.7890014648438,1.3448699712753296,1.0517699718475342,0.8059999942779541,0.7379999756813049,0.32369500398635864,0.2963860034942627,1.0921399593353271,1.0,0.0,0.9585710167884827,1.0,18.31760025024414,0.1444000005722046,29.2526903,-18.1602669,20.2608,26.177499771118164,4.6854598622303456e-05,0.03718459978699684,-0.05729160085320473,8.867689757607877e-05,t17_f5_c3,,,,ZTF19abjgazt
2459869.8353935,2,2115335392715,20.150800704956055,/ztf/archive/sci/2022/1017/335394/ztf_20221017335394_000298_zr_c07_o_q4_scimrefdiffimg.fits.fz,Kulkarni,1,,,,2115,27,298,,,,,,,,,,,,,,,,,,,,,,,,,,,,,,,,,,,,26.27039909362793,3.8822701753815636e-05,0.03531770035624504,0.13436199724674225,5.661460090777837e-05,t17_f5_c3,,,,ZTF19abjgazt
2459869.8810532,1,2115381052715,19.78809928894043,/ztf/archive/sci/2022/1017/380891/ztf_20221017380891_000298_zg_c07_o_q4_scimrefdiffimg.fits.fz,Kulkarni,1,2.1153810527150152e+18,t,97.0,2115,27,298,2304.719970703125,614.9229736328125,29.2526841,-18.1603149,18.404699325561523,0.05125200003385544,1.7939499616622925,18.34600067138672,0.0940999984741211,0.17198899388313293,19.31800079345703,0.04500000178813934,2.510999917984009,0.15299999713897705,1.6305400133132935,-0.058740999549627304,2.4000000953674316,0.9829999804496765,614.9229736328125,1.4421000480651855,1.1584700345993042,0.8420000076293945,0.8389999866485596,0.350832998752594,0.3495829999446869,1.0035799741744995,1.0,0.0,0.8399999737739563,1.0,18.3705997467041,0.12280000001192093,29.2526903,-18.1602669,24.3621,26.18470001220703,4.199990144115873e-05,0.03632989898324013,-0.06291969865560532,7.23529010429047e-05,t17_f5_c3,,,,ZTF19abjgazt
2459871.8186458,2,2117318642715,19.922800064086914,/ztf/archive/sci/2022/1019/318646/ztf_20221019318646_000298_zr_c07_o_q4_scimrefdiffimg.fits.fz,Kulkarni,1,2.117318642715015e+18,t,2.0,2117,27,298,2301.75,631.2639770507812,29.2527421,-18.1603283,18.482900619506836,0.08036000281572342,1.4184099435806274,18.568700790405273,0.08659999817609787,0.1832139939069748,18.631999969482422,0.03999999910593033,2.5199999809265137,0.1889999955892563,-0.5299000144004822,0.08580300211906433,3.380000114440918,0.984000027179718,631.2639770507812,1.3541500568389893,0.9863839745521545,1.0210000276565552,0.9330000281333923,0.3020710051059723,0.27603599429130554,1.0943200588226318,0.0,0.0,0.9442859888076782,1.0,18.473600387573242,0.1006999984383583,29.2527156,-18.1602833,20.0129,26.26289939880371,3.450250005698763e-05,0.0338951013982296,0.10693299770355225,5.079960101284087e-05,t17_f5_c3,,,,ZTF19abjgazt
2459871.858044,1,2117358042715,19.826900482177734,/ztf/archive/sci/2022/1019/358032/ztf_20221019358032_000298_zg_c07_o_q4_scimrefdiffimg.fits.fz,Kulkarni,1,2.117358042715015e+18,t,1.0,2117,27,298,2307.5,606.5800170898438,29.2527127,-18.1602768,18.48579978942871,0.11608400195837021,2.6819400787353516,18.60770034790039,0.08889999985694885,0.08352600038051605,19.31800079345703,0.04500000178813934,2.510999917984009,0.15299999713897705,1.026669979095459,0.12186799943447113,4.190000057220459,0.9559999704360962,606.5800170898438,1.2192000150680542,0.8724690079689026,1.0679999589920044,1.024999976158142,0.2548930048942566,0.24462999403476715,1.041949987411499,0.0,0.0,0.8957139849662781,1.0,18.63759994506836,0.11620000004768372,29.2526903,-18.1602669,25.4699,26.216800689697266,4.991779860574752e-05,0.038207799196243286,-0.07106509804725647,9.281290112994611e-05,t17_f5_c3,,,,ZTF19abjgazt
2459873.8553588,1,2119355352715,19.773000717163086,/ztf/archive/sci/2022/1021/355359/ztf_20221021355359_000298_zg_c07_o_q4_scimrefdiffimg.fits.fz,Kulkarni,1,2.119355352715015e+18,t,3.0,2119,27,298,2301.02001953125,626.6209716796875,29.2527246,-18.1603204,18.44580078125,0.07098899781703949,2.8104300498962402,18.275400161743164,0.10050000250339508,0.22270900011062622,19.31800079345703,0.04500000178813934,2.510999917984009,0.15299999713897705,0.5790870189666748,-0.17041200399398804,2.0299999713897705,0.9819999933242798,626.6209716796875,1.4975700378417969,1.2280299663543701,0.7850000262260437,0.7319999933242798,0.38670000433921814,0.36059099435806274,1.0723999738693237,1.0,0.0,0.9614289999008179,1.0,18.25830078125,0.125900000333786,29.2526903,-18.1602669,19.2706,25.69379997253418,0.00031825099722482264,0.1023550033569336,-0.07795400172472,0.000531523022800684,t17_f5_c3,,,,ZTF19abjgazt
2459878.8104514,2,2124310452715,19.940399169921875,/ztf/archive/sci/2022/1026/310255/ztf_20221026310255_000298_zr_c07_o_q4_scimrefdiffimg.fits.fz,Kulkarni,1,2.124310452715015e+18,t,3.0,2124,27,298,2295.889892578125,646.2150268554688,29.2526722,-18.1603031,18.61910057067871,0.08301500231027603,0.8732699751853943,18.54759979248047,0.08579999953508377,0.16278600692749023,18.631999969482422,0.03999999910593033,2.5199999809265137,0.1889999955892563,-0.6488230228424072,-0.07152800261974335,3.3499999046325684,0.9829999804496765,646.2150268554688,1.392799973487854,0.9694370031356812,1.1540000438690186,1.1269999742507935,0.3444780111312866,0.3364180028438568,1.023959994316101,0.0,0.0,0.9071429967880249,1.0,18.595500946044922,0.1137000024318695,29.2527156,-18.1602833,16.8285,26.243099212646484,3.06545989587903e-05,0.031769901514053345,0.12175799906253815,4.467429971555248e-05,t17_f5_c3,,,,ZTF19abjgazt
2459878.857581,1,2124357582715,19.90220069885254,/ztf/archive/sci/2022/1026/357581/ztf_20221026357581_000298_zg_c07_o_q4_scimrefdiffimg.fits.fz,Kulkarni,1,2.124357582715015e+18,t,0.0,2124,27,298,2291.280029296875,624.2869873046875,29.2527485,-18.1603111,18.528799057006836,0.10298900306224823,1.781540036201477,18.5093994140625,0.07999999821186066,0.25172901153564453,19.31800079345703,0.04500000178813934,2.510999917984009,0.15299999713897705,0.32610899209976196,-0.019385000690817833,4.829999923706055,0.972000002861023,624.2869873046875,1.3927600383758545,0.7183240056037903,1.1449999809265137,1.065999984741211,0.23705999553203583,0.22070400416851044,1.0741100311279297,0.0,0.0,0.8542860150337219,1.0,18.478300094604492,0.09880000352859497,29.2526903,-18.1602669,22.2491,26.205799102783203,3.6807301512453705e-05,0.03338779881596565,-0.06753519922494888,6.84769984218292e-05,t17_f5_c3,,,,ZTF19abjgazt
2459880.7539699,1,2126253962715,20.239599227905273,/ztf/archive/sci/2022/1028/253958/ztf_20221028253958_000298_zg_c07_o_q4_scimrefdiffimg.fits.fz,Kulkarni,1,2.126253962715015e+18,t,3.0,2126,27,298,2295.110107421875,635.2579956054688,29.2526994,-18.160291,18.5718994140625,0.08008400350809097,2.6738600730895996,18.76259994506836,0.09210000187158585,0.09100399911403656,19.31800079345703,0.04500000178813934,2.510999917984009,0.15299999713897705,0.8621169924736023,0.1907140016555786,2.190000057220459,0.9829999804496765,635.2579956054688,1.4769599437713623,1.2778300046920776,0.7300000190734863,0.7200000286102295,0.33333298563957214,0.32876700162887573,1.013890027999878,2.0,0.0,0.9599999785423279,1.0,18.687999725341797,0.10909999907016754,29.2526903,-18.1602669,22.2135,26.2278995513916,4.288580021238886e-05,0.03729280084371567,-0.11499200016260147,6.811219645896927e-05,t17_f5_c3,,,,ZTF19abjgazt
2459840.8137847,1,2086313782715,19.989999771118164,/ztf/archive/sci/2022/0918/313426/ztf_20220918313426_000298_zg_c07_o_q4_scimrefdiffimg.fits.fz,Kulkarni,1,2.086313782715015e+18,t,0.0,2086,27,298,2288.43994140625,606.698974609375,29.2527018,-18.1602832,18.08930015563965,0.0783350020647049,6.608230113983154,18.064800262451172,0.05739999935030937,0.06958600133657455,19.31800079345703,0.04500000178813934,2.510999917984009,0.15299999713897705,0.703794002532959,-0.02446799911558628,2.7100000381469727,0.9829999804496765,606.698974609375,1.9252300262451172,1.1042699813842773,0.8799999952316284,0.8299999833106995,0.3247230052947998,0.3062730133533478,1.0602400302886963,0.0,0.0,0.9628570079803467,1.0,18.00480079650879,0.06880000233650208,29.2526903,-18.1602669,39.1349,26.137300491333008,5.042650082032196e-05,0.04010989889502525,-0.06611710041761398,8.06183015811257e-05,t17_f5_c3,,,,ZTF19abjgazt
2459840.9077083,1,2086407702715,20.24799919128418,/ztf/archive/sci/2022/0918/407708/ztf_20220918407708_000298_zg_c07_o_q4_scimrefdiffimg.fits.fz,Kulkarni,1,2.086407702715015e+18,t,1.0,2086,27,298,2298.159912109375,617.822021484375,29.2526925,-18.1602747,18.129100799560547,0.06420599669218063,3.244889974594116,18.033199310302734,0.04859999939799309,0.028863999992609024,19.31800079345703,0.04500000178813934,2.510999917984009,0.15299999713897705,0.5100129842758179,-0.09587399661540985,2.240000009536743,0.9829999804496765,617.822021484375,2.2148098945617676,1.218709945678711,0.875,0.8429999947547913,0.390625,0.37633898854255676,1.0379600524902344,0.0,0.0,0.9685710072517395,1.0,18.001399993896484,0.05959999933838844,29.2526903,-18.1602669,29.8734,26.241100311279297,2.697160016396083e-05,0.029804199934005737,-0.08193360269069672,4.077589983353391e-05,t17_f5_c3,,,,ZTF19abjgazt
2459842.9089005,2,2088408902715,20.37689971923828,/ztf/archive/sci/2022/0920/408889/ztf_20220920408889_000298_zr_c07_o_q4_scimrefdiffimg.fits.fz,Kulkarni,1,2.088408902715015e+18,t,1.0,2088,27,298,2296.610107421875,622.1630249023438,29.2526955,-18.1602773,18.301700592041016,0.05613100156188011,6.995460033416748,18.253299713134766,0.059700001031160355,0.07125599682331085,18.631999969482422,0.03999999910593033,2.5199999809265137,0.1889999955892563,-0.05040299892425537,-0.04838100075721741,2.450000047683716,0.9829999804496765,622.1630249023438,2.1236000061035156,0.9870650172233582,0.7329999804496765,0.7099999785423279,0.29918399453163147,0.28979599475860596,1.0323899984359741,0.0,0.0,0.9542859792709351,1.0,18.25550079345703,0.0754999965429306,29.2527156,-18.1602833,20.8702,26.30069923400879,2.356269942538347e-05,0.02793709933757782,0.12361600250005722,3.422820009291172e-05,t17_f5_c3,,,,ZTF19abjgazt
2459842.942037,1,2088442032715,20.143999099731445,/ztf/archive/sci/2022/0920/442025/ztf_20220920442025_000298_zg_c07_o_q4_scimrefdiffimg.fits.fz,Kulkarni,1,2.088442032715015e+18,t,2.0,2088,27,298,2303.909912109375,630.4730224609375,29.2527418,-18.160283,18.158599853515625,0.06400199979543686,4.285329818725586,18.10689926147461,0.053700000047683716,0.18294399976730347,19.31800079345703,0.04500000178813934,2.510999917984009,0.15299999713897705,0.6607919931411743,-0.05172700062394142,2.75,0.9829999804496765,630.4730224609375,2.037100076675415,1.0531100034713745,0.921999990940094,0.8809999823570251,0.33527299761772156,0.32036399841308594,1.0465400218963623,1.0,0.0,0.9657139778137207,1.0,18.049800872802734,0.06440000236034393,29.2526903,-18.1602669,33.8023,26.239599227905273,3.967560041928664e-05,0.03596410155296326,-0.06875219941139221,6.169819971546531e-05,t17_f5_c3,,,,ZTF19abjgazt
2459844.898588,2,2090398582715,20.42020034790039,/ztf/archive/sci/2022/0922/398588/ztf_20220922398588_000298_zr_c07_o_q4_scimrefdiffimg.fits.fz,Kulkarni,1,2.090398582715015e+18,t,0.0,2090,27,298,2311.719970703125,606.7689819335938,29.2527023,-18.160272,18.283199310302734,0.051722001284360886,5.527569770812988,18.25149917602539,0.05689999833703041,0.06025800108909607,18.631999969482422,0.03999999910593033,2.5199999809265137,0.1889999955892563,-0.047370001673698425,-0.03168100118637085,2.490000009536743,0.9919999837875366,606.7689819335938,2.1687300205230713,0.9826779961585999,0.7120000123977661,0.6830000281333923,0.28594401478767395,0.27429699897766113,1.0424599647521973,1.0,0.0,0.9585710167884827,1.0,18.268400192260742,0.07280000299215317,29.2527156,-18.1602833,24.7344,26.292200088500977,2.2603300749324262e-05,0.027409100905060768,0.12187299877405167,3.232929884688929e-05,t17_f5_c3,,,,ZTF19abjgazt
2459844.9449074,1,2090444902715,20.23110008239746,/ztf/archive/sci/2022/0922/444907/ztf_20220922444907_000298_zg_c07_o_q4_scimrefdiffimg.fits.fz,Kulkarni,1,2.090444902715015e+18,t,0.0,2090,27,298,2321.860107421875,602.39697265625,29.2527201,-18.1602892,18.153200149536133,0.0673770010471344,5.524549961090088,18.05419921875,0.051100000739097595,0.128152996301651,19.31800079345703,0.04500000178813934,2.510999917984009,0.15299999713897705,0.41055598855018616,-0.09897000342607498,2.5899999141693115,0.984000027179718,602.39697265625,2.1768898963928223,1.0350899696350098,0.8479999899864197,0.8299999833106995,0.32741299271583557,0.32046300172805786,1.021690011024475,2.0,0.0,0.9657139778137207,1.0,18.068899154663086,0.06539999693632126,29.2526903,-18.1602669,34.2175,26.233200073242188,3.580610064091161e-05,0.03416920080780983,-0.08773399889469147,5.319980118656531e-05,t17_f5_c3,,,,ZTF19abjgazt
2459847.8833912,1,2093383392715,20.31839942932129,/ztf/archive/sci/2022/0925/383391/ztf_20220925383391_000298_zg_c07_o_q4_scimrefdiffimg.fits.fz,Kulkarni,1,2.093383392715015e+18,t,2.0,2093,27,298,2307.1298828125,603.9180297851562,29.2527462,-18.1602848,18.22599983215332,0.06328599900007248,1.727970004081726,18.2406005859375,0.05649999901652336,0.19930499792099,19.31800079345703,0.04500000178813934,2.510999917984009,0.15299999713897705,0.4702889919281006,0.014600000344216824,2.200000047683716,0.9829999804496765,603.9180297851562,2.077820062637329,1.2089099884033203,0.7749999761581421,0.7300000190734863,0.35227298736572266,0.33181801438331604,1.0616400241851807,0.0,0.0,0.9628570079803467,1.0,18.246700286865234,0.07169999927282333,29.2526903,-18.1602669,22.6659,26.22800064086914,3.378849942237139e-05,0.03356320038437843,-0.06488359719514847,4.88383011543192e-05,t17_f5_c3,,,,ZTF19abjgazt
2459847.9043171,2,2093404312715,20.421899795532227,/ztf/archive/sci/2022/0925/404317/ztf_20220925404317_000298_zr_c07_o_q4_scimrefdiffimg.fits.fz,Kulkarni,1,2.093404312715015e+18,t,0.0,2093,27,298,2302.070068359375,608.5960083007812,29.2527013,-18.1602958,18.294700622558594,0.06412199884653091,9.473010063171387,18.20829963684082,0.05909999832510948,0.06558100134134293,18.631999969482422,0.03999999910593033,2.5199999809265137,0.1889999955892563,-0.06326700001955032,-0.08636900037527084,2.130000114440918,0.9829999804496765,608.5960083007812,2.213589906692505,1.0539699792861938,0.6520000100135803,0.6010000109672546,0.306102991104126,0.2821600139141083,1.0848599672317505,1.0,0.0,0.9585710167884827,1.0,18.181100845336914,0.07270000129938126,29.2527156,-18.1602833,20.1379,26.284700393676758,2.0840700017288327e-05,0.025995399802923203,0.11526499688625336,2.9901699235779233e-05,t17_f5_c3,,,,ZTF19abjgazt
2459849.8350463,2,2095335042715,20.156700134277344,/ztf/archive/sci/2022/0927/334850/ztf_20220927334850_000298_zr_c07_o_q4_scimrefdiffimg.fits.fz,Kulkarni,1,2.095335042715015e+18,t,3.0,2095,27,298,2320.760009765625,604.8569946289062,29.252715,-18.1602737,18.330400466918945,0.05701800063252449,2.4686899185180664,18.211700439453125,0.06300000101327896,0.03409599885344505,18.631999969482422,0.03999999910593033,2.5199999809265137,0.1889999955892563,-0.1345980018377304,-0.11870300024747849,2.7300000190734863,0.9829999804496765,604.8569946289062,1.9449700117111206,0.9845929741859436,0.8949999809265137,0.8389999866485596,0.3278389871120453,0.30732598900794983,1.0667500495910645,1.0,0.0,0.9614289999008179,1.0,18.229799270629883,0.08089999854564667,29.2527156,-18.1602833,22.222,26.238399505615234,2.5737999749253504e-05,0.029036400839686394,0.11570200324058533,3.686359923449345e-05,t17_f5_c3,,,,ZTF19abjgazt
2459849.9498727,1,2095449872715,20.267499923706055,/ztf/archive/sci/2022/0927/449664/ztf_20220927449664_000298_zg_c07_o_q4_scimrefdiffimg.fits.fz,Kulkarni,1,2.095449872715015e+18,t,2.0,2095,27,298,2295.070068359375,597.4089965820312,29.2527111,-18.1603047,18.187400817871094,0.07388100028038025,6.356389999389648,18.139799118041992,0.05530000105500221,0.1516840010881424,19.31800079345703,0.04500000178813934,2.510999917984009,0.15299999713897705,0.3250719904899597,-0.047602999955415726,2.799999952316284,0.9829999804496765,597.4089965820312,2.127729892730713,0.9249340295791626,0.7990000247955322,0.7250000238418579,0.2853569984436035,0.2589290142059326,1.1020699739456177,2.0,0.0,0.947143018245697,1.0,18.11370086669922,0.0681999996304512,29.2526903,-18.1602669,29.1862,26.18939971923828,2.4556600692449138e-05,0.02853819914162159,-0.06987249851226807,3.667760029202327e-05,t17_f5_c3,,,,ZTF19abjgazt
2459851.8766782,2,2097376672715,20.312299728393555,/ztf/archive/sci/2022/0929/376482/ztf_20220929376482_000298_zr_c07_o_q4_scimrefdiffimg.fits.fz,Kulkarni,1,2.097376672715015e+18,t,3.0,2097,27,298,2324.300048828125,612.448974609375,29.2527028,-18.1602694,18.370500564575195,0.07481300085783005,10.111200332641602,18.346799850463867,0.0697999969124794,0.06580399721860886,18.631999969482422,0.03999999910593033,2.5199999809265137,0.1889999955892563,-0.26256901025772095,-0.023659000173211098,1.7799999713897705,0.9950000047683716,612.448974609375,1.9655300378799438,1.3364100456237793,0.6340000033378601,0.625,0.35618001222610474,0.35112398862838745,1.0144000053405762,4.0,0.0,0.9628570079803467,0.9954310059547424,18.341699600219727,0.08780000358819962,29.2527156,-18.1602833,25.2511,26.223499298095703,3.2850501156644896e-05,0.03305619955062866,0.11098500341176987,4.7551500756526366e-05,t17_f5_c3,,,,ZTF19abjgazt
2459851.966875,1,2097466872715,20.2096004486084,/ztf/archive/sci/2022/0929/466863/ztf_20220929466863_000298_zg_c07_o_q4_scimrefdiffimg.fits.fz,Kulkarni,1,2.097466872715015e+18,t,1.0,2097,27,298,2283.739990234375,598.2620239257812,29.2527165,-18.1602833,18.264999389648438,0.07345300167798996,4.676909923553467,18.21660041809082,0.0632999986410141,0.10594400018453598,19.31800079345703,0.04500000178813934,2.510999917984009,0.15299999713897705,0.6339229941368103,-0.04837299883365631,2.359999895095825,0.984000027179718,598.2620239257812,1.9930000305175781,1.0817699432373047,0.7580000162124634,0.6959999799728394,0.32118600606918335,0.29491499066352844,1.0890799760818481,2.0,0.0,0.9614289999008179,0.9981170296669006,18.239900588989258,0.08179999887943268,29.2526903,-18.1602669,27.1775,26.070999145507812,2.8432799808797427e-05,0.030910199508070946,-0.05054830014705658,4.310100121074356e-05,t17_f5_c3,,,,ZTF19abjgazt
2459860.8353241,1,2106335322715,19.016799926757812,/ztf/archive/sci/2022/1008/335312/ztf_20221008335312_000298_zg_c07_o_q4_scimrefdiffimg.fits.fz,Kulkarni,1,2.106335322715015e+18,1,1.0,2106,27,298,2298.159912109375,586.2210083007812,29.2527503,-18.1602845,18.376100540161133,0.11855900287628174,1.4703600406646729,18.30150032043457,0.18629999458789825,0.2120950073003769,19.31800079345703,0.04500000178813934,2.510999917984009,0.15299999713897705,0.02593199908733368,-0.07457099854946136,2.140000104904175,0.9829999804496765,586.2210083007812,0.7153270244598389,1.2604299783706665,0.7289999723434448,0.6959999799728394,0.3406539857387543,0.32523399591445923,1.047410011291504,5.0,0.0,0.942857027053833,1.0,18.355300903320312,0.2513999938964844,29.2526903,-18.1602669,12.2524,26.192100524902344,5.079860056866892e-05,0.032307401299476624,-0.05791210010647774,0.00011170200014021248,t17_f5_c3,,,,ZTF19abjgazt
2459882.7152546,1,2128215252715,20.09269905090332,/ztf/archive/sci/2022/1030/215243/ztf_20221030215243_000298_zg_c07_o_q4_scimrefdiffimg.fits.fz,Kulkarni,1,2.128215252715015e+18,1,5.0,2128,27,298,2266.330078125,628.1589965820312,29.2526919,-18.1603163,18.55500030517578,0.08404699712991714,2.0169100761413574,18.411699295043945,0.07440000027418137,0.17564600706100464,19.31800079345703,0.04500000178813934,2.510999917984009,0.15299999713897705,0.324057012796402,-0.14331500232219696,2.630000114440918,0.9769999980926514,628.1589965820312,1.6809600591659546,1.0920000076293945,0.9929999709129333,0.9509999752044678,0.37756699323654175,0.3615970015525818,1.044160008430481,0.0,0.0,0.9685710072517395,1.0,18.39069938659668,0.09260000288486481,29.2526903,-18.1602669,22.1671,26.124000549316406,4.309129872126505e-05,0.03749699890613556,-0.05676199868321419,7.018820178927854e-05,t17_f5_c3,,,,ZTF19abjgazt
2459882.7152546,1,2128215252715,20.09269905090332,/ztf/archive/sci/2022/1030/215243/ztf_20221030215243_000298_zg_c07_o_q4_scimrefdiffimg.fits.fz,Kulkarni,1,2.128215252715015e+18,t,5.0,2128,27,298,2266.330078125,628.1589965820312,29.2526919,-18.1603163,18.55500030517578,0.08404699712991714,2.0169100761413574,18.411699295043945,0.07440000027418137,0.17564600706100464,19.31800079345703,0.04500000178813934,2.510999917984009,0.15299999713897705,0.324057012796402,-0.14331500232219696,2.630000114440918,0.9769999980926514,628.1589965820312,1.6809600591659546,1.0920000076293945,0.9929999709129333,0.9509999752044678,0.37756699323654175,0.3615970015525818,1.044160008430481,0.0,0.0,0.9685710072517395,1.0,18.39069938659668,0.09260000288486481,29.2526903,-18.1602669,22.1671,26.124000549316406,4.309129872126505e-05,0.03749699890613556,-0.05676199868321419,7.018820178927854e-05,t17_f5_c3,,,,ZTF19abjgazt
2459882.7931713,2,2128293172715,20.018699645996094,/ztf/archive/sci/2022/1030/293160/ztf_20221030293160_000298_zr_c07_o_q4_scimrefdiffimg.fits.fz,Kulkarni,1,2.128293172715015e+18,t,2.0,2128,27,298,2289.889892578125,619.7940063476562,29.2526691,-18.1602968,18.5939998626709,0.08363600075244904,1.964229941368103,18.57430076599121,0.1071000024676323,0.1644439995288849,18.631999969482422,0.03999999910593033,2.5199999809265137,0.1889999955892563,0.012640999630093575,-0.019740000367164612,1.7599999904632568,0.9829999804496765,619.7940063476562,1.4443600177764893,1.3990399837493896,0.7300000190734863,0.6859999895095825,0.41477298736572266,0.38977301120758057,1.06413996219635,3.0,0.0,0.9671429991722107,1.0,18.591800689697266,0.13840000331401825,29.2527156,-18.1602833,18.2364,26.111000061035156,2.7618600142886862e-05,0.030401399359107018,0.12629500031471252,4.056470061186701e-05,t17_f5_c3,,,,ZTF19abjgazt
2459887.7529514,1,2133252952715,19.104999542236328,/ztf/archive/sci/2022/1104/252940/ztf_20221104252940_000298_zg_c07_o_q4_scimrefdiffimg.fits.fz,Kulkarni,1,2.133252952715015e+18,t,0.0,2133,27,298,2267.31005859375,648.7030029296875,29.2526797,-18.160308,18.51849937438965,0.1137399971485138,1.044659972190857,18.227399826049805,0.11249999701976776,0.15023000538349152,19.31800079345703,0.04500000178813934,2.510999917984009,0.15299999713897705,0.6615219712257385,-0.29111799597740173,5.28000020980835,0.843999981880188,648.7030029296875,0.8776429891586304,0.7333530187606812,1.6050000190734863,1.4539999961853027,0.30397701263427734,0.2753790020942688,1.10385000705719,0.0,0.0,0.5457140207290649,1.0,18.185300827026367,0.13860000669956207,29.2526903,-18.1602669,14.3957,26.236499786376953,6.953660340514034e-05,0.036270998418331146,-0.09551549702882767,0.00015862500004004687,t17_f5_c3,,,,ZTF19abjgazt
2459887.7946528,2,2133294652715,19.47879981994629,/ztf/archive/sci/2022/1104/294653/ztf_20221104294653_000298_zr_c07_o_q4_scimrefdiffimg.fits.fz,Kulkarni,1,2.133294652715015e+18,t,1.0,2133,27,298,2272.840087890625,654.1270141601562,29.2527772,-18.1603078,18.482999801635742,0.07534199953079224,1.6691099405288696,18.39419937133789,0.12030000239610672,0.22553899884223938,18.631999969482422,0.03999999910593033,2.5199999809265137,0.1889999955892563,0.19480900466442108,-0.08878999948501587,3.200000047683716,0.9810000061988831,654.1270141601562,1.084570050239563,0.9384700059890747,0.8930000066757202,0.796999990940094,0.2790620028972626,0.24906200170516968,1.1204500198364258,4.0,0.0,0.9442859888076782,1.0,18.428699493408203,0.15889999270439148,29.2527156,-18.1602833,14.9702,26.260000228881836,2.9984999855514616e-05,0.03158869966864586,0.1125359982252121,4.4078100472688675e-05,t17_f5_c3,,,,ZTF19abjgazt
2459887.7529514,1,2133252952715,19.104999542236328,/ztf/archive/sci/2022/1104/252940/ztf_20221104252940_000298_zg_c07_o_q4_scimrefdiffimg.fits.fz,Kulkarni,1,2.133252952715015e+18,1,0.0,2133,27,298,2267.31005859375,648.7030029296875,29.2526797,-18.160308,18.51849937438965,0.1137399971485138,1.044659972190857,18.227399826049805,0.11249999701976776,0.15023000538349152,19.31800079345703,0.04500000178813934,2.510999917984009,0.15299999713897705,0.6615219712257385,-0.29111799597740173,5.28000020980835,0.843999981880188,648.7030029296875,0.8776429891586304,0.7333530187606812,1.6050000190734863,1.4539999961853027,0.30397701263427734,0.2753790020942688,1.10385000705719,0.0,0.0,0.5457140207290649,1.0,18.185300827026367,0.13860000669956207,29.2526903,-18.1602669,14.3957,26.236499786376953,6.953660340514034e-05,0.036270998418331146,-0.09551549702882767,0.00015862500004004687,t17_f5_c3,,,,ZTF19abjgazt
2459889.7486111,1,2135248612715,18.99650001525879,/ztf/archive/sci/2022/1106/248611/ztf_20221106248611_000298_zg_c07_o_q4_scimrefdiffimg.fits.fz,Kulkarni,1,2.135248612715015e+18,t,0.0,2135,27,298,2294.469970703125,685.4010009765625,29.2526854,-18.1603045,18.47949981689453,0.16429199278354645,1.1323299407958984,18.36009979248047,0.1768999993801117,0.13452200591564178,19.31800079345703,0.04500000178813934,2.510999917984009,0.15299999713897705,0.7343950271606445,-0.11943800002336502,3.6500000953674316,0.9750000238418579,685.4010009765625,0.6364210247993469,0.8376150131225586,1.1269999742507935,0.9020000100135803,0.3087669909000397,0.24712300300598145,1.2494499683380127,4.0,0.0,0.8142859935760498,0.9668980240821838,18.236299514770508,0.20250000059604645,29.2526903,-18.1602669,12.3765,26.230499267578125,8.162239828379825e-05,0.03862199932336807,-0.05122869834303856,0.0001797720033209771,t17_f5_c3,,,,ZTF19abjgazt
2459889.7846759,2,2135284672715,19.400999069213867,/ztf/archive/sci/2022/1106/284664/ztf_20221106284664_000298_zr_c07_o_q4_scimrefdiffimg.fits.fz,Kulkarni,1,2.135284672715015e+18,t,1.0,2135,27,298,2286.2099609375,689.947998046875,29.2527068,-18.1603169,18.57939910888672,0.11368799954652786,1.3088899850845337,18.545299530029297,0.18289999663829803,0.12290800362825394,18.631999969482422,0.03999999910593033,2.5199999809265137,0.1889999955892563,0.9614419937133789,-0.03414599969983101,2.049999952316284,0.9829999804496765,689.947998046875,0.8557440042495728,1.18094003200531,0.7710000276565552,0.6639999747276306,0.37609800696372986,0.3239020109176636,1.161139965057373,2.0,0.0,0.9599999785423279,1.0,18.836999893188477,0.3068000078201294,29.2527156,-18.1602833,11.6677,26.27239990234375,2.9761700716335326e-05,0.0313911996781826,0.11148499697446823,4.385659849504009e-05,t17_f5_c3,,,,ZTF19abjgazt
2459889.7486111,1,2135248612715,18.99650001525879,/ztf/archive/sci/2022/1106/248611/ztf_20221106248611_000298_zg_c07_o_q4_scimrefdiffimg.fits.fz,Kulkarni,1,2.135248612715015e+18,1,0.0,2135,27,298,2294.469970703125,685.4010009765625,29.2526854,-18.1603045,18.47949981689453,0.16429199278354645,1.1323299407958984,18.36009979248047,0.1768999993801117,0.13452200591564178,19.31800079345703,0.04500000178813934,2.510999917984009,0.15299999713897705,0.7343950271606445,-0.11943800002336502,3.6500000953674316,0.9750000238418579,685.4010009765625,0.6364210247993469,0.8376150131225586,1.1269999742507935,0.9020000100135803,0.3087669909000397,0.24712300300598145,1.2494499683380127,4.0,0.0,0.8142859935760498,0.9668980240821838,18.236299514770508,0.20250000059604645,29.2526903,-18.1602669,12.3765,26.230499267578125,8.162239828379825e-05,0.03862199932336807,-0.05122869834303856,0.0001797720033209771,t17_f5_c3,,,,ZTF19abjgazt
2460242.8580093,1,2488358002715,19.457399368286133,/ztf/archive/sci/2023/1025/357998/ztf_20231025357998_000298_zg_c07_o_q4_scimrefdiffimg.fits.fz,Kulkarni,1,,,,2488,27,298,,,,,,,,,,,,,,,,,,,,,,,,,,,,,,,,,,,,26.21739959716797,4.829019962926395e-05,0.036845799535512924,-0.08066020160913467,9.752099867910147e-05,t17_f5_c3,,,,ZTF19abjgazt
2460242.9234259,2,2488423422715,19.92020034790039,/ztf/archive/sci/2023/1025/423414/ztf_20231025423414_000298_zr_c07_o_q4_scimrefdiffimg.fits.fz,Kulkarni,1,,,,2488,27,298,,,,,,,,,,,,,,,,,,,,,,,,,,,,,,,,,,,,26.190399169921875,3.166919850627892e-05,0.032452501356601715,0.12721900641918182,4.644089858629741e-05,t17_f5_c3,,,,ZTF19abjgazt
2460245.8037616,1,2491303762715,18.701400756835938,/ztf/archive/sci/2023/1028/303738/ztf_20231028303738_000298_zg_c07_o_q4_scimrefdiffimg.fits.fz,Kulkarni,1,,,,2491,27,298,,,,,,,,,,,,,,,,,,,,,,,,,,,,,,,,,,,,26.269699096679688,9.76587034529075e-05,0.036469098180532455,-0.06784030050039291,0.00022097300097811967,t17_f5_c3,,,,ZTF19abjgazt
2460245.8474537,2,2491347452715,18.918899536132812,/ztf/archive/sci/2023/1028/347268/ztf_20231028347268_000298_zr_c07_o_q4_scimrefdiffimg.fits.fz,Kulkarni,1,,,,2491,27,298,,,,,,,,,,,,,,,,,,,,,,,,,,,,,,,,,,,,26.270000457763672,6.115379801485687e-05,0.04336769878864288,0.11972100287675858,8.918270032154396e-05,t17_f5_c3,,,,ZTF19abjgazt
2460247.6771181,1,2493177112715,17.971599578857422,/ztf/archive/sci/2023/1030/176898/ztf_20231030176898_000298_zg_c07_o_q4_scimrefdiffimg.fits.fz,Kulkarni,1,,,,2493,27,298,,,,,,,,,,,,,,,,,,,,,,,,,,,,,,,,,,,,26.075700759887695,0.001561130047775805,0.05333999916911125,-0.05045950040221214,0.005300490185618401,t17_f5_c3,,,,ZTF19abjgazt
2460247.711794,2,2493211792715,18.2731990814209,/ztf/archive/sci/2023/1030/211701/ztf_20231030211701_000298_zr_c07_o_q4_scimrefdiffimg.fits.fz,Kulkarni,1,,,,2493,27,298,,,,,,,,,,,,,,,,,,,,,,,,,,,,,,,,,,,,26.238500595092773,0.00035254500107839704,0.04908059909939766,0.12347099930047989,0.0006715980125591159,t17_f5_c3,,,,ZTF19abjgazt
2460249.7182407,2,2495218242715,19.299400329589844,/ztf/archive/sci/2023/1101/218241/ztf_20231101218241_000298_zr_c07_o_q4_scimrefdiffimg.fits.fz,Kulkarni,1,2.495218242715015e+18,1,2.0,2495,27,298,2273.030029296875,618.5460205078125,29.2527366,-18.1602669,19.289100646972656,0.22179299592971802,1.1010899543762207,19.38789939880371,0.32899999618530273,0.0919710025191307,18.631999969482422,0.03999999910593033,2.5199999809265137,0.1889999955892563,0.27232998609542847,0.0987899973988533,2.5199999809265137,0.9729999899864197,618.5460205078125,-0.088468998670578,1.2763299942016602,0.800000011920929,0.6570000052452087,0.31746000051498413,0.26071399450302124,1.2176599502563477,5.0,0.0,0.9571430087089539,0.9830340147018433,19.39579963684082,0.42489999532699585,29.2527156,-18.1602833,7.02122,26.20210075378418,4.6855901018716395e-05,0.03995009884238243,0.10582099854946136,6.998720346018672e-05,t17_f5_c3,,,,ZTF19abjgazt
2459871.8186458,2,2117318642715,19.922800064086914,/ztf/archive/sci/2022/1019/318646/ztf_20221019318646_000298_zr_c07_o_q4_scimrefdiffimg.fits.fz,Kulkarni,1,2.117318642715015e+18,1,2.0,2117,27,298,2301.75,631.2639770507812,29.2527421,-18.1603283,18.482900619506836,0.08036000281572342,1.4184099435806274,18.568700790405273,0.08659999817609787,0.1832139939069748,18.631999969482422,0.03999999910593033,2.5199999809265137,0.1889999955892563,-0.5299000144004822,0.08580300211906433,3.380000114440918,0.984000027179718,631.2639770507812,1.3541500568389893,0.9863839745521545,1.0210000276565552,0.9330000281333923,0.3020710051059723,0.27603599429130554,1.0943200588226318,0.0,0.0,0.9442859888076782,1.0,18.473600387573242,0.1006999984383583,29.2527156,-18.1602833,20.0129,26.26289939880371,3.450250005698763e-05,0.0338951013982296,0.10693299770355225,5.079960101284087e-05,t17_f5_c3,,,,ZTF19abjgazt
2459896.730081,1,2142230082715,19.70330047607422,/ztf/archive/sci/2022/1113/229792/ztf_20221113229792_000298_zg_c07_o_q4_scimrefdiffimg.fits.fz,Kulkarni,1,2.142230082715015e+18,1,2.0,2142,27,298,2258.3701171875,636.2130126953125,29.2526915,-18.160284,18.539100646972656,0.09059199690818787,1.6190400123596191,18.541500091552734,0.1177000030875206,0.06089000031352043,19.31800079345703,0.04500000178813934,2.510999917984009,0.15299999713897705,0.5398470163345337,0.002372999908402562,2.609999895095825,0.9829999804496765,636.2130126953125,1.1618000268936157,1.0978399515151978,0.8500000238418579,0.828000009059906,0.3256700038909912,0.31724101305007935,1.0265699625015259,1.0,0.0,0.9628570079803467,1.0,18.57200050354004,0.15469999611377716,29.2526903,-18.1602669,18.038,26.197099685668945,5.875349961570464e-05,0.04338980093598366,-0.057161301374435425,0.00010393599950475618,t17_f5_c3,,,,ZTF19abjgazt
2459829.9774306,2,2075477432715,20.298999786376953,/ztf/archive/sci/2022/0907/477431/ztf_20220907477431_000298_zr_c07_o_q4_scimrefdiffimg.fits.fz,Kulkarni,1,2.075477432715015e+18,t,3.0,2075,27,298,2325.18994140625,593.947021484375,29.2527153,-18.1602915,18.309099197387695,0.06639499962329865,3.583319902420044,18.247600555419922,0.06449999660253525,0.02912900038063526,18.631999969482422,0.03999999910593033,2.5199999809265137,0.1889999955892563,-0.36430299282073975,-0.06145099923014641,1.6699999570846558,0.9829999804496765,593.947021484375,2.05145001411438,1.4260300397872925,0.6269999742507935,0.6019999980926514,0.375449001789093,0.3604789972305298,1.0415300130844116,2.0,0.0,0.9585710167884827,1.0,18.303600311279297,0.08579999953508377,29.2527156,-18.1602833,16.5418,26.20009994506836,2.5944100343622267e-05,0.029120899736881256,0.11965899914503098,3.702570029417984e-05,t17_f5_c3,,,,ZTF19abjgazt
2459904.7515162,2,2150251512715,19.8341007232666,/ztf/archive/sci/2022/1121/251493/ztf_20221121251493_000298_zr_c07_o_q4_scimrefdiffimg.fits.fz,Kulkarni,1,2.150251512715015e+18,1,0.0,2150,27,298,2283.300048828125,646.7869873046875,29.2526876,-18.1602745,18.636499404907227,0.07390899956226349,1.8774499893188477,18.596900939941406,0.09690000116825104,0.09978900104761124,18.631999969482422,0.03999999910593033,2.5199999809265137,0.1889999955892563,-0.3682290017604828,-0.03963400050997734,3.680000066757202,0.9700000286102295,646.7869873046875,1.237149953842163,0.8956180214881897,1.0420000553131104,1.0369999408721924,0.2831520140171051,0.2817929983139038,1.0048199892044067,1.0,0.0,0.9200000166893005,1.0,18.61590003967285,0.12540000677108765,29.2527156,-18.1602833,17.9756,26.25349998474121,2.6932699256576598e-05,0.03024419955909252,0.11537600308656693,3.997519888798706e-05,t17_f5_c3,,,,ZTF19abjgazt
2459858.8350463,2,2104335042715,19.816999435424805,/ztf/archive/sci/2022/1006/335035/ztf_20221006335035_000298_zr_c07_o_q4_scimrefdiffimg.fits.fz,Kulkarni,1,2.104335042715015e+18,1,0.0,2104,27,298,2302.550048828125,613.7009887695312,29.2527189,-18.1602925,18.417999267578125,0.07156399637460709,4.947959899902344,18.32159996032715,0.10890000313520432,0.03462100028991699,18.631999969482422,0.03999999910593033,2.5199999809265137,0.1889999955892563,-0.7293230295181274,-0.09639199823141098,1.9500000476837158,1.0,613.7009887695312,1.495419979095459,1.1684399843215942,0.7120000123977661,0.6679999828338623,0.3651280105113983,0.3425639867782593,1.0658700466156006,2.0,0.0,0.9728569984436035,0.9993950128555298,18.41550064086914,0.15160000324249268,29.2527156,-18.1602833,20.9825,26.218000411987305,3.287630170234479e-05,0.032836299389600754,0.12937399744987488,4.795439963345416e-05,t17_f5_c3,,,,ZTF19abjgazt
2459864.8528588,2,2110352852715,19.409000396728516,/ztf/archive/sci/2022/1012/352847/ztf_20221012352847_000298_zr_c07_o_q4_scimrefdiffimg.fits.fz,Kulkarni,1,2.110352852715015e+18,1,0.0,2110,27,298,2310.8701171875,619.6209716796875,29.2527127,-18.1602724,18.45009994506836,0.09612099826335907,1.7735899686813354,18.33370018005371,0.16120000183582306,0.046507999300956726,18.631999969482422,0.03999999910593033,2.5199999809265137,0.1889999955892563,0.6001499891281128,-0.11641199886798859,1.909999966621399,0.9829999804496765,619.6209716796875,1.075260043144226,1.1768399477005005,0.6769999861717224,0.5820000171661377,0.354449987411499,0.3047119975090027,1.1632299423217773,2.0,0.0,0.9485710263252258,1.0,18.217599868774414,0.18569999933242798,29.2527156,-18.1602833,14.807,26.166099548339844,3.7205300031928346e-05,0.03558399900794029,0.11280699819326401,5.4407501011155546e-05,t17_f5_c3,,,,ZTF19abjgazt
2459898.7109606,1,2144210962715,20.17180061340332,/ztf/archive/sci/2022/1115/210961/ztf_20221115210961_000298_zg_c07_o_q4_scimrefdiffimg.fits.fz,Kulkarni,1,2.144210962715015e+18,1,0.0,2144,27,298,2272.3798828125,633.0419921875,29.2526947,-18.1602676,18.539600372314453,0.07550299912691116,3.124150037765503,18.404699325561523,0.07109999656677246,0.015029000118374825,19.31800079345703,0.04500000178813934,2.510999917984009,0.15299999713897705,0.613968014717102,-0.13494999706745148,2.3499999046325684,0.9829999804496765,633.0419921875,1.7670999765396118,1.181190013885498,0.8650000095367432,0.8309999704360962,0.36808499693870544,0.35361701250076294,1.0409200191497803,0.0,0.0,0.9642860293388367,1.0,18.409000396728516,0.09049999713897705,29.2526903,-18.1602669,24.146,26.223600387573242,3.147450115648098e-05,0.03236129879951477,-0.07456749677658081,4.941779843647964e-05,t17_f5_c3,,,,ZTF19abjgazt
2459793.9605324,1,2039460532715,20.212799072265625,/ztf/archive/sci/2022/0802/460521/ztf_20220802460521_000298_zg_c07_o_q4_scimrefdiffimg.fits.fz,Kulkarni,1,2.039460532715015e+18,t,2.0,2039,27,298,2302.570068359375,593.3800048828125,29.252731,-18.1602845,18.445899963378906,0.1080470010638237,6.894239902496338,18.46179962158203,0.07190000265836716,0.1508840024471283,19.31800079345703,0.04500000178813934,2.510999917984009,0.15299999713897705,0.22316299378871918,0.015886999666690826,2.2699999809265137,1.0,593.3800048828125,1.750980019569397,1.2357699871063232,0.7239999771118164,0.7089999914169312,0.31894299387931824,0.3123350143432617,1.0211600065231323,3.0,0.0,0.9599999785423279,0.9899330139160156,18.378299713134766,0.0843999981880188,29.2526903,-18.1602669,31.6005,26.101900100708008,5.373940075514838e-05,0.04238609969615936,-0.11512300372123718,7.879240001784638e-05,t17_f5_c3,,,,ZTF19abjgazt
2459795.9221181,1,2041422112715,17.649099349975586,/ztf/archive/sci/2022/0804/422118/ztf_20220804422118_000298_zg_c07_o_q4_scimrefdiffimg.fits.fz,Kulkarni,1,2.041422112715015e+18,t,0.0,2041,27,298,2302.2900390625,580.5770263671875,29.2525513,-18.1603209,18.012800216674805,0.33416301012039185,1.441390037536621,17.391300201416016,0.29120001196861267,0.5070000290870667,19.31800079345703,0.04500000178813934,2.510999917984009,0.15299999713897705,0.30113399028778076,-0.6215140223503113,2.3399999141693115,0.7580000162124634,580.5770263671875,0.25777700543403625,1.1284300088882446,1.0429999828338623,0.8100000023841858,0.4457260072231293,0.34615400433540344,1.2876499891281128,7.0,0.0,0.48428601026535034,0.9082710146903992,17.259000778198242,0.33090001344680786,29.2526903,-18.1602669,6.06292,23.71579933166504,0.0007674950174987316,0.06464330106973648,-0.019602099433541298,0.00175782002042979,t17_f5_c3,,,,ZTF19abjgazt
2459795.9542245,2,2041454222715,19.97909927368164,/ztf/archive/sci/2022/0804/454213/ztf_20220804454213_000298_zr_c07_o_q4_scimrefdiffimg.fits.fz,Kulkarni,1,2.041454222715015e+18,t,3.0,2041,27,298,2308.6298828125,587.7999877929688,29.2526846,-18.1603088,18.5487003326416,0.08900699764490128,3.683459997177124,18.579099655151367,0.12060000002384186,0.13832500576972961,18.631999969482422,0.03999999910593033,2.5199999809265137,0.1889999955892563,-0.08080799877643585,0.030406000092625618,1.6399999856948853,0.9829999804496765,587.7999877929688,1.3999799489974976,1.387619972229004,0.6010000109672546,0.578000009059906,0.3664630055427551,0.3524389863014221,1.0397900342941284,2.0,0.0,0.9614289999008179,1.0,18.49220085144043,0.14180000126361847,29.2527156,-18.1602833,19.1766,25.862699508666992,2.932479947048705e-05,0.03069929964840412,0.11964400112628937,4.1581301047699526e-05,t17_f5_c3,,,,ZTF19abjgazt
2459798.9375579,1,2044437552715,20.025400161743164,/ztf/archive/sci/2022/0807/437558/ztf_20220807437558_000298_zg_c07_o_q4_scimrefdiffimg.fits.fz,Kulkarni,1,2.044437552715015e+18,t,0.0,2044,27,298,2329.31005859375,583.3770141601562,29.2527367,-18.1602869,18.390399932861328,0.08537299931049347,2.7457799911499023,18.353599548339844,0.07079999893903732,0.17177699506282806,19.31800079345703,0.04500000178813934,2.510999917984009,0.15299999713897705,-0.02075600065290928,-0.03680099919438362,2.8299999237060547,0.9829999804496765,583.3770141601562,1.6717499494552612,1.0795899629592896,0.9100000262260437,0.875,0.3215549886226654,0.30918699502944946,1.0399999618530273,1.0,0.0,0.9585710167884827,1.0,18.394500732421875,0.09309999644756317,29.2526903,-18.1602669,28.764,26.071399688720703,5.211840107222088e-05,0.04066630080342293,-0.0895823985338211,8.085789886536077e-05,t17_f5_c3,,,,ZTF19abjgazt
2459799.0036806,2,2044503682715,19.677900314331055,/ztf/archive/sci/2022/0807/503623/ztf_20220807503623_000298_zr_c07_o_q4_scimrefdiffimg.fits.fz,Kulkarni,1,2.044503682715015e+18,t,1.0,2044,27,298,2337.739990234375,606.3369750976562,29.2527046,-18.1602792,18.603200912475586,0.09943000227212906,2.308619976043701,18.717300415039062,0.16060000658035278,0.039723001420497894,18.631999969482422,0.03999999910593033,2.5199999809265137,0.1889999955892563,-0.23309099674224854,0.11406199634075165,2.259999990463257,0.984000027179718,606.3369750976562,0.9605609774589539,1.1175299882888794,0.7160000205039978,0.6790000200271606,0.31681400537490845,0.30044201016426086,1.0544899702072144,5.0,0.0,0.9599999785423279,0.9854729771614075,18.58209991455078,0.18140000104904175,29.2527156,-18.1602833,16.8778,26.110200881958008,4.433210051502101e-05,0.03794470056891441,0.12963099777698517,6.365300214383751e-05,t17_f5_c3,,,,ZTF19abjgazt
2459801.9014699,1,2047401462715,19.060100555419922,/ztf/archive/sci/2022/0810/401470/ztf_20220810401470_000298_zg_c07_o_q4_scimrefdiffimg.fits.fz,Kulkarni,1,2.047401462715015e+18,t,2.0,2047,27,298,2310.320068359375,578.968017578125,29.2527679,-18.1602664,18.39259910583496,0.13127900660037994,1.4424400329589844,18.344900131225586,0.18369999527931213,0.26174598932266235,19.31800079345703,0.04500000178813934,2.510999917984009,0.15299999713897705,-0.19502900540828705,-0.04772799834609032,2.380000114440918,0.9829999804496765,578.968017578125,0.7151769995689392,1.1518700122833252,0.7509999871253967,0.6499999761581421,0.3155460059642792,0.27310898900032043,1.1553900241851807,4.0,0.0,0.9528570175170898,0.9997590184211731,18.27869987487793,0.22179999947547913,29.2526903,-18.1602669,13.822,25.980600357055664,8.308539690915495e-05,0.04338030144572258,-0.037250399589538574,0.0001717120030662045,t17_f5_c3,,,,ZTF19abjgazt
2459801.9414931,2,2047441492715,19.885099411010742,/ztf/archive/sci/2022/0810/441481/ztf_20220810441481_000298_zr_c07_o_q4_scimrefdiffimg.fits.fz,Kulkarni,1,2.047441492715015e+18,t,2.0,2047,27,298,2312.669921875,594.0750122070312,29.2526838,-18.1602853,18.516399383544922,0.07968900352716446,3.1798999309539795,18.51110076904297,0.12449999898672104,0.10767800360918045,18.631999969482422,0.03999999910593033,2.5199999809265137,0.1889999955892563,-0.18448799848556519,-0.005313000176101923,1.9500000476837158,0.9860000014305115,594.0750122070312,1.3739700317382812,1.1454700231552124,0.6019999980926514,0.5640000104904175,0.3087179958820343,0.28923100233078003,1.0673799514770508,5.0,0.0,0.9642860293388367,0.970067024230957,18.680400848388672,0.18559999763965607,29.2527156,-18.1602833,13.2521,26.197399139404297,3.625919998739846e-05,0.03456899896264076,0.13216200470924377,5.1924900617450476e-05,t17_f5_c3,,,,ZTF19abjgazt
2459803.9015741,2,2049401572715,19.00469970703125,/ztf/archive/sci/2022/0812/401574/ztf_20220812401574_000298_zr_c07_o_q4_scimrefdiffimg.fits.fz,Kulkarni,1,2.049401572715015e+18,1,0.0,2049,27,298,2328.280029296875,580.2949829101562,29.2527436,-18.1602926,18.46139907836914,0.12096899747848511,1.7312899827957153,18.43709945678711,0.2354000061750412,0.10003100335597992,18.631999969482422,0.03999999910593033,2.5199999809265137,0.1889999955892563,-1.3865100145339966,-0.024335000663995743,2.390000104904175,0.9819999933242798,580.2949829101562,0.5676490068435669,1.0227099657058716,0.6439999938011169,0.5740000009536743,0.26945599913597107,0.24016700685024261,1.1219500303268433,6.0,0.0,0.942857027053833,0.9960479736328125,18.379899978637695,0.2867000102996826,29.2527156,-18.1602833,9.53681,26.120399475097656,9.594349830877036e-05,0.05504630133509636,0.12490999698638916,0.0001366600045002997,t17_f5_c3,,,,ZTF19abjgazt
2459803.9015741,2,2049401572715,19.00469970703125,/ztf/archive/sci/2022/0812/401574/ztf_20220812401574_000298_zr_c07_o_q4_scimrefdiffimg.fits.fz,Kulkarni,1,2.049401572715015e+18,t,0.0,2049,27,298,2328.280029296875,580.2949829101562,29.2527436,-18.1602926,18.46139907836914,0.12096899747848511,1.7312899827957153,18.43709945678711,0.2354000061750412,0.10003100335597992,18.631999969482422,0.03999999910593033,2.5199999809265137,0.1889999955892563,-1.3865100145339966,-0.024335000663995743,2.390000104904175,0.9819999933242798,580.2949829101562,0.5676490068435669,1.0227099657058716,0.6439999938011169,0.5740000009536743,0.26945599913597107,0.24016700685024261,1.1219500303268433,6.0,0.0,0.942857027053833,0.9960479736328125,18.379899978637695,0.2867000102996826,29.2527156,-18.1602833,9.53681,26.120399475097656,9.594349830877036e-05,0.05504630133509636,0.12490999698638916,0.0001366600045002997,t17_f5_c3,,,,ZTF19abjgazt
2459803.959294,1,2049459292715,19.06399917602539,/ztf/archive/sci/2022/0812/459190/ztf_20220812459190_000298_zg_c07_o_q4_scimrefdiffimg.fits.fz,Kulkarni,1,2.049459292715015e+18,t,0.0,2049,27,298,2326.659912109375,593.2239990234375,29.2527181,-18.1602977,18.382999420166016,0.10999000072479248,1.2161699533462524,18.45050048828125,0.22050000727176666,0.14434100687503815,19.31800079345703,0.04500000178813934,2.510999917984009,0.15299999713897705,0.26034000515937805,0.06747499853372574,2.1600000858306885,0.984000027179718,593.2239990234375,0.6135380268096924,1.1599700450897217,0.6959999799728394,0.6579999923706055,0.3222219944000244,0.30463001132011414,1.0577499866485596,5.0,0.0,0.9357140064239502,1.0,18.379100799560547,0.2648000121116638,29.2526903,-18.1602669,13.1148,26.167999267578125,7.80058981035836e-05,0.04139409959316254,-0.05385160073637962,0.00016696800594218075,t17_f5_c3,,,,ZTF19abjgazt
2459806.8988657,2,2052398862715,19.185400009155273,/ztf/archive/sci/2022/0815/398866/ztf_20220815398866_000298_zr_c07_o_q4_scimrefdiffimg.fits.fz,Kulkarni,1,2.052398862715015e+18,t,0.0,2052,27,298,2318.5,579.9000244140625,29.2526656,-18.1602652,18.384300231933594,0.07900699973106384,2.2708899974823,18.295000076293945,0.18979999423027039,0.1806270033121109,18.631999969482422,0.03999999910593033,2.5199999809265137,0.1889999955892563,0.05425800010561943,-0.08933799713850021,1.809999942779541,0.9819999933242798,579.9000244140625,0.8903509974479675,1.2465100288391113,0.6240000128746033,0.6060000061988831,0.3447510004043579,0.33480700850486755,1.0297000408172607,2.0,0.0,0.9557139873504639,1.0,18.304899215698242,0.24570000171661377,29.2527156,-18.1602833,12.6336,26.099300384521484,5.8814501244341955e-05,0.04396349936723709,0.12661099433898926,8.44922979013063e-05,t17_f5_c3,,,,ZTF19abjgazt
2459806.9595602,1,2052459562715,19.11280059814453,/ztf/archive/sci/2022/0815/459549/ztf_20220815459549_000298_zg_c07_o_q4_scimrefdiffimg.fits.fz,Kulkarni,1,2.052459562715015e+18,t,1.0,2052,27,298,2319.56005859375,588.8820190429688,29.2527272,-18.1602651,18.382999420166016,0.0970579981803894,1.4861299991607666,18.522300720214844,0.23440000414848328,0.12503400444984436,19.31800079345703,0.04500000178813934,2.510999917984009,0.15299999713897705,-0.43492698669433594,0.1392890065908432,2.059999942779541,0.9829999804496765,588.8820190429688,0.5904930233955383,1.167580008506775,0.6690000295639038,0.6269999742507935,0.32475700974464417,0.3043690025806427,1.0669900178909302,2.0,0.0,0.9414290189743042,0.9926630258560181,18.51140022277832,0.2980000078678131,29.2526903,-18.1602669,14.6025,26.065000534057617,5.6974698964040726e-05,0.035526201128959656,-0.04677629843354225,0.00011699499737005681,t17_f5_c3,,,,ZTF19abjgazt
2459808.9777083,1,2054477702715,19.53730010986328,/ztf/archive/sci/2022/0817/477697/ztf_20220817477697_000298_zg_c07_o_q4_scimrefdiffimg.fits.fz,Kulkarni,1,2.054477702715015e+18,t,3.0,2054,27,298,2323.02001953125,598.0120239257812,29.2527116,-18.1602959,18.286699295043945,0.07830499857664108,1.0275700092315674,18.08169937133789,0.10119999945163727,0.12566299736499786,19.31800079345703,0.04500000178813934,2.510999917984009,0.15299999713897705,-0.4822950065135956,-0.2049880027770996,2.009999990463257,0.9829999804496765,598.0120239257812,1.4555699825286865,1.261489987373352,0.796999990940094,0.7630000114440918,0.3965170085430145,0.37960198521614075,1.0445599555969238,2.0,0.0,0.9614289999008179,1.0,18.118600845336914,0.1339000016450882,29.2526903,-18.1602669,17.8691,26.136699676513672,4.813560008187778e-05,0.037209201604127884,-0.05489170178771019,9.050530206877738e-05,t17_f5_c3,,,,ZTF19abjgazt
2459810.8977431,1,2056397742715,19.42060089111328,/ztf/archive/sci/2022/0819/397708/ztf_20220819397708_000298_zg_c07_o_q4_scimrefdiffimg.fits.fz,Kulkarni,1,2.056397742715015e+18,t,2.0,2056,27,298,2310.64990234375,588.8389892578125,29.2527137,-18.1602692,18.25830078125,0.09302300214767456,1.9252599477767944,18.31220054626465,0.12129999697208405,0.07958699762821198,19.31800079345703,0.04500000178813934,2.510999917984009,0.15299999713897705,0.6774029731750488,0.053870998322963715,2.619999885559082,0.9829999804496765,588.8389892578125,1.1083699464797974,1.1136499643325806,0.7950000166893005,0.7250000238418579,0.30343499779701233,0.27671799063682556,1.0965499877929688,1.0,0.0,0.9557139873504639,1.0,18.394800186157227,0.1673000007867813,29.2526903,-18.1602669,21.8004,25.891300201416016,6.243299867492169e-05,0.041018299758434296,-0.05972779914736748,0.00012164300278527662,t17_f5_c3,,,,ZTF19abjgazt
2459810.9790046,2,2056479002715,19.881500244140625,/ztf/archive/sci/2022/0819/478993/ztf_20220819478993_000298_zr_c07_o_q4_scimrefdiffimg.fits.fz,Kulkarni,1,2.056479002715015e+18,t,2.0,2056,27,298,2330.739990234375,599.8099975585938,29.2526981,-18.1602857,18.463499069213867,0.08036399632692337,2.048959970474243,18.41629981994629,0.09809999912977219,0.059693001210689545,18.631999969482422,0.03999999910593033,2.5199999809265137,0.1889999955892563,-0.07051999866962433,-0.047189999371767044,2.950000047683716,0.9829999804496765,599.8099975585938,1.4652400016784668,0.8918449878692627,0.8140000104904175,0.718999981880188,0.2759320139884949,0.24372899532318115,1.1321300268173218,2.0,0.0,0.951429009437561,1.0,18.428199768066406,0.12620000541210175,29.2527156,-18.1602833,20.1432,26.14150047302246,2.8599999495781958e-05,0.03051380068063736,0.12397299706935883,4.0658600482856855e-05,t17_f5_c3,,,,ZTF19abjgazt
2459806.8988657,2,2052398862715,19.185400009155273,/ztf/archive/sci/2022/0815/398866/ztf_20220815398866_000298_zr_c07_o_q4_scimrefdiffimg.fits.fz,Kulkarni,1,2.052398862715015e+18,1,0.0,2052,27,298,2318.5,579.9000244140625,29.2526656,-18.1602652,18.384300231933594,0.07900699973106384,2.2708899974823,18.295000076293945,0.18979999423027039,0.1806270033121109,18.631999969482422,0.03999999910593033,2.5199999809265137,0.1889999955892563,0.05425800010561943,-0.08933799713850021,1.809999942779541,0.9819999933242798,579.9000244140625,0.8903509974479675,1.2465100288391113,0.6240000128746033,0.6060000061988831,0.3447510004043579,0.33480700850486755,1.0297000408172607,2.0,0.0,0.9557139873504639,1.0,18.304899215698242,0.24570000171661377,29.2527156,-18.1602833,12.6336,26.099300384521484,5.8814501244341955e-05,0.04396349936723709,0.12661099433898926,8.44922979013063e-05,t17_f5_c3,,,,ZTF19abjgazt
2459813.9400347,2,2059440032715,20.119699478149414,/ztf/archive/sci/2022/0822/440035/ztf_20220822440035_000298_zr_c07_o_q4_scimrefdiffimg.fits.fz,Kulkarni,1,2.059440032715015e+18,t,0.0,2059,27,298,2333.260009765625,602.3729858398438,29.2526935,-18.1602951,18.48150062561035,0.07563000172376633,2.2751500606536865,18.374000549316406,0.06889999657869339,0.08552400022745132,18.631999969482422,0.03999999910593033,2.5199999809265137,0.1889999955892563,-0.06610199809074402,-0.10746999830007553,3.549999952316284,0.9779999852180481,602.3729858398438,1.745669960975647,0.8352140188217163,1.0190000534057617,0.953000009059906,0.2870419919490814,0.2684510052204132,1.0692499876022339,0.0,0.0,0.9542859792709351,1.0,18.398500442504883,0.08879999816417694,29.2527156,-18.1602833,24.1669,26.173500061035156,5.062560012447648e-05,0.04077620059251785,0.11638899892568588,7.197249942691997e-05,t17_f5_c3,,,,ZTF19abjgazt
2459815.9575116,1,2061457512715,20.334999084472656,/ztf/archive/sci/2022/0824/457500/ztf_20220824457500_000298_zg_c07_o_q4_scimrefdiffimg.fits.fz,Kulkarni,1,2.061457512715015e+18,t,1.0,2061,27,298,2327.199951171875,595.0910034179688,29.2527152,-18.1603119,18.358600616455078,0.06815499812364578,2.0768299102783203,18.282800674438477,0.05739999935030937,0.1805489957332611,19.31800079345703,0.04500000178813934,2.510999917984009,0.15299999713897705,0.8722299933433533,-0.07584399729967117,2.4100000858306885,0.9829999804496765,595.0910034179688,2.052190065383911,1.1201900243759155,0.7829999923706055,0.7509999871253967,0.3248960077762604,0.31161800026893616,1.0426100492477417,2.0,0.0,0.9657139778137207,0.9965410232543945,18.221500396728516,0.06840000301599503,29.2526903,-18.1602669,21.2469,26.108600616455078,3.660680158645846e-05,0.034967999905347824,-0.09196329861879349,5.268480163067579e-05,t17_f5_c3,,,,ZTF19abjgazt
2459815.9815394,2,2061481532715,20.50909996032715,/ztf/archive/sci/2022/0824/481539/ztf_20220824481539_000298_zr_c07_o_q4_scimrefdiffimg.fits.fz,Kulkarni,1,2.061481532715015e+18,t,1.0,2061,27,298,2323.6201171875,604.3770141601562,29.2527122,-18.1602918,18.455699920654297,0.05977899953722954,10.559599876403809,18.41469955444336,0.06539999693632126,0.03237299993634224,18.631999969482422,0.03999999910593033,2.5199999809265137,0.1889999955892563,0.19219200313091278,-0.04098900035023689,2.2100000381469727,1.0,604.3770141601562,2.0943899154663086,1.035979986190796,0.652999997138977,0.6349999904632568,0.2954750061035156,0.2873300015926361,1.0283499956130981,2.0,0.0,0.9614289999008179,0.9676719903945923,18.444599151611328,0.08449999988079071,29.2527156,-18.1602833,26.799,26.18470001220703,2.5137300326605327e-05,0.028696900233626366,0.12263000011444092,3.5799901525024325e-05,t17_f5_c3,,,,ZTF19abjgazt
2459819.9402894,1,2065440282715,20.63249969482422,/ztf/archive/sci/2022/0828/440289/ztf_20220828440289_000298_zg_c07_o_q4_scimrefdiffimg.fits.fz,Kulkarni,1,2.065440282715015e+18,t,5.0,2065,27,298,2329.219970703125,608.9559936523438,29.2527117,-18.1602966,18.31060028076172,0.06039100140333176,2.972899913787842,18.288999557495117,0.04699999839067459,0.12773600220680237,19.31800079345703,0.04500000178813934,2.510999917984009,0.15299999713897705,0.5392410159111023,-0.02159000001847744,2.130000114440918,0.9829999804496765,608.9559936523438,2.3434600830078125,1.2101399898529053,0.7260000109672546,0.7170000076293945,0.340844988822937,0.3366200029850006,1.0125499963760376,2.0,0.0,0.9628570079803467,1.0,18.26569938659668,0.057500001043081284,29.2526903,-18.1602669,25.7281,26.20359992980957,3.4338700061198324e-05,0.033632900565862656,-0.10283099859952927,4.9631900765234604e-05,t17_f5_c3,,,,ZTF19abjgazt
2459819.9809838,2,2065480982715,20.585100173950195,/ztf/archive/sci/2022/0828/480984/ztf_20220828480984_000298_zr_c07_o_q4_scimrefdiffimg.fits.fz,Kulkarni,1,2.065480982715015e+18,t,1.0,2065,27,298,2315.739990234375,602.864013671875,29.2526954,-18.1602931,18.42930030822754,0.05527700111269951,3.799999952316284,18.46139907836914,0.058800000697374344,0.07663600146770477,18.631999969482422,0.03999999910593033,2.5199999809265137,0.1889999955892563,-0.1910180002450943,0.03210299834609032,2.1600000858306885,0.9829999804496765,602.864013671875,2.1237399578094482,1.1657899618148804,0.7070000171661377,0.6779999732971191,0.32731500267982483,0.3138889968395233,1.0427700281143188,0.0,0.0,0.9599999785423279,1.0,18.471399307250977,0.07419999688863754,29.2527156,-18.1602833,21.283,26.233299255371094,2.4360400857403874e-05,0.028160300105810165,0.11877799779176712,3.4829801734304056e-05,t17_f5_c3,,,,ZTF19abjgazt
2459822.940463,1,2068440462715,20.21269989013672,/ztf/archive/sci/2022/0831/440451/ztf_20220831440451_000298_zg_c07_o_q4_scimrefdiffimg.fits.fz,Kulkarni,1,2.068440462715015e+18,t,1.0,2068,27,298,2327.669921875,605.7379760742188,29.2527154,-18.1602732,18.2593994140625,0.07731799781322479,4.7436699867248535,18.239999771118164,0.05660000070929527,0.08760000020265579,19.31800079345703,0.04500000178813934,2.510999917984009,0.15299999713897705,0.39107298851013184,-0.019360000267624855,2.359999895095825,0.984000027179718,605.7379760742188,1.9726999998092651,1.2418299913406372,0.9210000038146973,0.8539999723434448,0.3902539908885956,0.36186400055885315,1.0784499645233154,0.0,0.0,0.9614289999008179,1.0,18.22410011291504,0.07039999961853027,29.2526903,-18.1602669,35.367,26.170400619506836,4.971080124960281e-05,0.03982419893145561,-0.07294049859046936,7.515450124628842e-05,t17_f5_c3,,,,ZTF19abjgazt
2459822.9822222,2,2068482222715,20.27869987487793,/ztf/archive/sci/2022/0831/482025/ztf_20220831482025_000298_zr_c07_o_q4_scimrefdiffimg.fits.fz,Kulkarni,1,2.068482222715015e+18,t,1.0,2068,27,298,2330.570068359375,611.0419921875,29.252696,-18.1603126,18.400699615478516,0.058006998151540756,4.257190227508545,18.347299575805664,0.06700000166893005,0.12344600260257721,18.631999969482422,0.03999999910593033,2.5199999809265137,0.1889999955892563,-0.22601200640201569,-0.05337199941277504,2.2300000190734863,0.9829999804496765,611.0419921875,1.931399941444397,1.1492600440979004,0.7680000066757202,0.6859999895095825,0.3443950116634369,0.3076229989528656,1.1195299625396729,3.0,0.0,0.9557139873504639,0.9993469715118408,18.41320037841797,0.08990000188350677,29.2527156,-18.1602833,17.4041,26.24370002746582,3.358280082466081e-05,0.032925598323345184,0.114205002784729,4.8483900172868744e-05,t17_f5_c3,,,,ZTF19abjgazt
2459824.8775463,2,2070377542715,20.289499282836914,/ztf/archive/sci/2022/0902/377535/ztf_20220902377535_000298_zr_c07_o_q4_scimrefdiffimg.fits.fz,Kulkarni,1,2.070377542715015e+18,t,2.0,2070,27,298,2304.5,582.7039794921875,29.2527046,-18.16029,18.404199600219727,0.07096999883651733,8.84397029876709,18.355499267578125,0.0706000030040741,0.04419500008225441,18.631999969482422,0.03999999910593033,2.5199999809265137,0.1889999955892563,0.504941999912262,-0.04872699826955795,2.049999952316284,1.0,582.7039794921875,1.934000015258789,1.184749960899353,0.6859999895095825,0.6290000081062317,0.334634006023407,0.3068290054798126,1.0906200408935547,2.0,0.0,0.9614289999008179,1.0,18.431800842285156,0.09560000151395798,29.2527156,-18.1602833,27.1137,26.110200881958008,2.6570900445221923e-05,0.029440900310873985,0.12142399698495865,3.779619873967022e-05,t17_f5_c3,,,,ZTF19abjgazt
2459824.9182523,1,2070418252715,20.316099166870117,/ztf/archive/sci/2022/0902/418241/ztf_20220902418241_000298_zg_c07_o_q4_scimrefdiffimg.fits.fz,Kulkarni,1,2.070418252715015e+18,t,2.0,2070,27,298,2309.8798828125,589.9550170898438,29.2527151,-18.1602797,18.236000061035156,0.05538399890065193,1.5181699991226196,18.252700805664062,0.057500001043081284,0.09537799656391144,19.31800079345703,0.04500000178813934,2.510999917984009,0.15299999713897705,0.5693240165710449,0.016749000176787376,2.309999942779541,0.984000027179718,589.9550170898438,2.063380002975464,1.1533900499343872,0.7599999904632568,0.7160000205039978,0.3290039896965027,0.30995699763298035,1.0614500045776367,1.0,0.0,0.9642860293388367,1.0,18.239700317382812,0.07159999758005142,29.2526903,-18.1602669,25.1073,26.08099937438965,3.600530180847272e-05,0.03444340080022812,-0.0871639996767044,5.2460698498180136e-05,t17_f5_c3,,,,ZTF19abjgazt
2459826.941713,2,2072441712715,20.209800720214844,/ztf/archive/sci/2022/0904/441701/ztf_20220904441701_000298_zr_c07_o_q4_scimrefdiffimg.fits.fz,Kulkarni,1,2.072441712715015e+18,t,1.0,2072,27,298,2326.14990234375,604.7000122070312,29.2527077,-18.1602994,18.30660057067871,0.05973299965262413,4.819640159606934,18.364700317382812,0.07519999891519547,0.06322400271892548,18.631999969482422,0.03999999910593033,2.5199999809265137,0.1889999955892563,0.032207999378442764,0.058132998645305634,2.140000104904175,0.9829999804496765,604.7000122070312,1.8451299667358398,1.1494100093841553,0.628000020980835,0.6179999709129333,0.2934580147266388,0.28878501057624817,1.0161800384521484,4.0,0.0,0.9557139873504639,1.0,18.48150062561035,0.10580000281333923,29.2527156,-18.1602833,19.8603,26.12459945678711,5.826229971717112e-05,0.04357149824500084,0.10511600226163864,8.370469731744379e-05,t17_f5_c3,,,,ZTF19abjgazt
2459815.9575116,1,2061457512715,20.334999084472656,/ztf/archive/sci/2022/0824/457500/ztf_20220824457500_000298_zg_c07_o_q4_scimrefdiffimg.fits.fz,Kulkarni,1,2.061457512715015e+18,1,1.0,2061,27,298,2327.199951171875,595.0910034179688,29.2527152,-18.1603119,18.358600616455078,0.06815499812364578,2.0768299102783203,18.282800674438477,0.05739999935030937,0.1805489957332611,19.31800079345703,0.04500000178813934,2.510999917984009,0.15299999713897705,0.8722299933433533,-0.07584399729967117,2.4100000858306885,0.9829999804496765,595.0910034179688,2.052190065383911,1.1201900243759155,0.7829999923706055,0.7509999871253967,0.3248960077762604,0.31161800026893616,1.0426100492477417,2.0,0.0,0.9657139778137207,0.9965410232543945,18.221500396728516,0.06840000301599503,29.2526903,-18.1602669,21.2469,26.108600616455078,3.660680158645846e-05,0.034967999905347824,-0.09196329861879349,5.268480163067579e-05,t17_f5_c3,,,,ZTF19abjgazt
2459824.8775463,2,2070377542715,20.289499282836914,/ztf/archive/sci/2022/0902/377535/ztf_20220902377535_000298_zr_c07_o_q4_scimrefdiffimg.fits.fz,Kulkarni,1,2.070377542715015e+18,1,2.0,2070,27,298,2304.5,582.7039794921875,29.2527046,-18.16029,18.404199600219727,0.07096999883651733,8.84397029876709,18.355499267578125,0.0706000030040741,0.04419500008225441,18.631999969482422,0.03999999910593033,2.5199999809265137,0.1889999955892563,0.504941999912262,-0.04872699826955795,2.049999952316284,1.0,582.7039794921875,1.934000015258789,1.184749960899353,0.6859999895095825,0.6290000081062317,0.334634006023407,0.3068290054798126,1.0906200408935547,2.0,0.0,0.9614289999008179,1.0,18.431800842285156,0.09560000151395798,29.2527156,-18.1602833,27.1137,26.110200881958008,2.6570900445221923e-05,0.029440900310873985,0.12142399698495865,3.779619873967022e-05,t17_f5_c3,,,,ZTF19abjgazt
2459844.898588,2,2090398582715,20.42020034790039,/ztf/archive/sci/2022/0922/398588/ztf_20220922398588_000298_zr_c07_o_q4_scimrefdiffimg.fits.fz,Kulkarni,1,2.090398582715015e+18,1,0.0,2090,27,298,2311.719970703125,606.7689819335938,29.2527023,-18.160272,18.283199310302734,0.051722001284360886,5.527569770812988,18.25149917602539,0.05689999833703041,0.06025800108909607,18.631999969482422,0.03999999910593033,2.5199999809265137,0.1889999955892563,-0.047370001673698425,-0.03168100118637085,2.490000009536743,0.9919999837875366,606.7689819335938,2.1687300205230713,0.9826779961585999,0.7120000123977661,0.6830000281333923,0.28594401478767395,0.27429699897766113,1.0424599647521973,1.0,0.0,0.9585710167884827,1.0,18.268400192260742,0.07280000299215317,29.2527156,-18.1602833,24.7344,26.292200088500977,2.2603300749324262e-05,0.027409100905060768,0.12187299877405167,3.232929884688929e-05,t17_f5_c3,,,,ZTF19abjgazt
2459822.940463,1,2068440462715,20.21269989013672,/ztf/archive/sci/2022/0831/440451/ztf_20220831440451_000298_zg_c07_o_q4_scimrefdiffimg.fits.fz,Kulkarni,1,2.068440462715015e+18,1,1.0,2068,27,298,2327.669921875,605.7379760742188,29.2527154,-18.1602732,18.2593994140625,0.07731799781322479,4.7436699867248535,18.239999771118164,0.05660000070929527,0.08760000020265579,19.31800079345703,0.04500000178813934,2.510999917984009,0.15299999713897705,0.39107298851013184,-0.019360000267624855,2.359999895095825,0.984000027179718,605.7379760742188,1.9726999998092651,1.2418299913406372,0.9210000038146973,0.8539999723434448,0.3902539908885956,0.36186400055885315,1.0784499645233154,0.0,0.0,0.9614289999008179,1.0,18.22410011291504,0.07039999961853027,29.2526903,-18.1602669,35.367,26.170400619506836,4.971080124960281e-05,0.03982419893145561,-0.07294049859046936,7.515450124628842e-05,t17_f5_c3,,,,ZTF19abjgazt
2459795.9221181,1,2041422112715,17.649099349975586,/ztf/archive/sci/2022/0804/422118/ztf_20220804422118_000298_zg_c07_o_q4_scimrefdiffimg.fits.fz,Kulkarni,1,2.041422112715015e+18,1,0.0,2041,27,298,2302.2900390625,580.5770263671875,29.2525513,-18.1603209,18.012800216674805,0.33416301012039185,1.441390037536621,17.391300201416016,0.29120001196861267,0.5070000290870667,19.31800079345703,0.04500000178813934,2.510999917984009,0.15299999713897705,0.30113399028778076,-0.6215140223503113,2.3399999141693115,0.7580000162124634,580.5770263671875,0.25777700543403625,1.1284300088882446,1.0429999828338623,0.8100000023841858,0.4457260072231293,0.34615400433540344,1.2876499891281128,7.0,0.0,0.48428601026535034,0.9082710146903992,17.259000778198242,0.33090001344680786,29.2526903,-18.1602669,6.06292,23.71579933166504,0.0007674950174987316,0.06464330106973648,-0.019602099433541298,0.00175782002042979,t17_f5_c3,,,,ZTF19abjgazt
2459849.8350463,2,2095335042715,20.156700134277344,/ztf/archive/sci/2022/0927/334850/ztf_20220927334850_000298_zr_c07_o_q4_scimrefdiffimg.fits.fz,Kulkarni,1,2.095335042715015e+18,1,3.0,2095,27,298,2320.760009765625,604.8569946289062,29.252715,-18.1602737,18.330400466918945,0.05701800063252449,2.4686899185180664,18.211700439453125,0.06300000101327896,0.03409599885344505,18.631999969482422,0.03999999910593033,2.5199999809265137,0.1889999955892563,-0.1345980018377304,-0.11870300024747849,2.7300000190734863,0.9829999804496765,604.8569946289062,1.9449700117111206,0.9845929741859436,0.8949999809265137,0.8389999866485596,0.3278389871120453,0.30732598900794983,1.0667500495910645,1.0,0.0,0.9614289999008179,1.0,18.229799270629883,0.08089999854564667,29.2527156,-18.1602833,22.222,26.238399505615234,2.5737999749253504e-05,0.029036400839686394,0.11570200324058533,3.686359923449345e-05,t17_f5_c3,,,,ZTF19abjgazt
2459801.9014699,1,2047401462715,19.060100555419922,/ztf/archive/sci/2022/0810/401470/ztf_20220810401470_000298_zg_c07_o_q4_scimrefdiffimg.fits.fz,Kulkarni,1,2.047401462715015e+18,1,2.0,2047,27,298,2310.320068359375,578.968017578125,29.2527679,-18.1602664,18.39259910583496,0.13127900660037994,1.4424400329589844,18.344900131225586,0.18369999527931213,0.26174598932266235,19.31800079345703,0.04500000178813934,2.510999917984009,0.15299999713897705,-0.19502900540828705,-0.04772799834609032,2.380000114440918,0.9829999804496765,578.968017578125,0.7151769995689392,1.1518700122833252,0.7509999871253967,0.6499999761581421,0.3155460059642792,0.27310898900032043,1.1553900241851807,4.0,0.0,0.9528570175170898,0.9997590184211731,18.27869987487793,0.22179999947547913,29.2526903,-18.1602669,13.822,25.980600357055664,8.308539690915495e-05,0.04338030144572258,-0.037250399589538574,0.0001717120030662045,t17_f5_c3,,,,ZTF19abjgazt
2459851.8766782,2,2097376672715,20.312299728393555,/ztf/archive/sci/2022/0929/376482/ztf_20220929376482_000298_zr_c07_o_q4_scimrefdiffimg.fits.fz,Kulkarni,1,2.097376672715015e+18,1,3.0,2097,27,298,2324.300048828125,612.448974609375,29.2527028,-18.1602694,18.370500564575195,0.07481300085783005,10.111200332641602,18.346799850463867,0.0697999969124794,0.06580399721860886,18.631999969482422,0.03999999910593033,2.5199999809265137,0.1889999955892563,-0.26256901025772095,-0.023659000173211098,1.7799999713897705,0.9950000047683716,612.448974609375,1.9655300378799438,1.3364100456237793,0.6340000033378601,0.625,0.35618001222610474,0.35112398862838745,1.0144000053405762,4.0,0.0,0.9628570079803467,0.9954310059547424,18.341699600219727,0.08780000358819962,29.2527156,-18.1602833,25.2511,26.223499298095703,3.2850501156644896e-05,0.03305619955062866,0.11098500341176987,4.7551500756526366e-05,t17_f5_c3,,,,ZTF19abjgazt
2459847.8833912,1,2093383392715,20.31839942932129,/ztf/archive/sci/2022/0925/383391/ztf_20220925383391_000298_zg_c07_o_q4_scimrefdiffimg.fits.fz,Kulkarni,1,2.093383392715015e+18,1,2.0,2093,27,298,2307.1298828125,603.9180297851562,29.2527462,-18.1602848,18.22599983215332,0.06328599900007248,1.727970004081726,18.2406005859375,0.05649999901652336,0.19930499792099,19.31800079345703,0.04500000178813934,2.510999917984009,0.15299999713897705,0.4702889919281006,0.014600000344216824,2.200000047683716,0.9829999804496765,603.9180297851562,2.077820062637329,1.2089099884033203,0.7749999761581421,0.7300000190734863,0.35227298736572266,0.33181801438331604,1.0616400241851807,0.0,0.0,0.9628570079803467,1.0,18.246700286865234,0.07169999927282333,29.2526903,-18.1602669,22.6659,26.22800064086914,3.378849942237139e-05,0.03356320038437843,-0.06488359719514847,4.88383011543192e-05,t17_f5_c3,,,,ZTF19abjgazt
2459819.9402894,1,2065440282715,20.63249969482422,/ztf/archive/sci/2022/0828/440289/ztf_20220828440289_000298_zg_c07_o_q4_scimrefdiffimg.fits.fz,Kulkarni,1,2.065440282715015e+18,1,5.0,2065,27,298,2329.219970703125,608.9559936523438,29.2527117,-18.1602966,18.31060028076172,0.06039100140333176,2.972899913787842,18.288999557495117,0.04699999839067459,0.12773600220680237,19.31800079345703,0.04500000178813934,2.510999917984009,0.15299999713897705,0.5392410159111023,-0.02159000001847744,2.130000114440918,0.9829999804496765,608.9559936523438,2.3434600830078125,1.2101399898529053,0.7260000109672546,0.7170000076293945,0.340844988822937,0.3366200029850006,1.0125499963760376,2.0,0.0,0.9628570079803467,1.0,18.26569938659668,0.057500001043081284,29.2526903,-18.1602669,25.7281,26.20359992980957,3.4338700061198324e-05,0.033632900565862656,-0.10283099859952927,4.9631900765234604e-05,t17_f5_c3,,,,ZTF19abjgazt
2459842.9089005,2,2088408902715,20.37689971923828,/ztf/archive/sci/2022/0920/408889/ztf_20220920408889_000298_zr_c07_o_q4_scimrefdiffimg.fits.fz,Kulkarni,1,2.088408902715015e+18,1,1.0,2088,27,298,2296.610107421875,622.1630249023438,29.2526955,-18.1602773,18.301700592041016,0.05613100156188011,6.995460033416748,18.253299713134766,0.059700001031160355,0.07125599682331085,18.631999969482422,0.03999999910593033,2.5199999809265137,0.1889999955892563,-0.05040299892425537,-0.04838100075721741,2.450000047683716,0.9829999804496765,622.1630249023438,2.1236000061035156,0.9870650172233582,0.7329999804496765,0.7099999785423279,0.29918399453163147,0.28979599475860596,1.0323899984359741,0.0,0.0,0.9542859792709351,1.0,18.25550079345703,0.0754999965429306,29.2527156,-18.1602833,20.8702,26.30069923400879,2.356269942538347e-05,0.02793709933757782,0.12361600250005722,3.422820009291172e-05,t17_f5_c3,,,,ZTF19abjgazt
2459810.8977431,1,2056397742715,19.42060089111328,/ztf/archive/sci/2022/0819/397708/ztf_20220819397708_000298_zg_c07_o_q4_scimrefdiffimg.fits.fz,Kulkarni,1,2.056397742715015e+18,1,2.0,2056,27,298,2310.64990234375,588.8389892578125,29.2527137,-18.1602692,18.25830078125,0.09302300214767456,1.9252599477767944,18.31220054626465,0.12129999697208405,0.07958699762821198,19.31800079345703,0.04500000178813934,2.510999917984009,0.15299999713897705,0.6774029731750488,0.053870998322963715,2.619999885559082,0.9829999804496765,588.8389892578125,1.1083699464797974,1.1136499643325806,0.7950000166893005,0.7250000238418579,0.30343499779701233,0.27671799063682556,1.0965499877929688,1.0,0.0,0.9557139873504639,1.0,18.394800186157227,0.1673000007867813,29.2526903,-18.1602669,21.8004,25.891300201416016,6.243299867492169e-05,0.041018299758434296,-0.05972779914736748,0.00012164300278527662,t17_f5_c3,,,,ZTF19abjgazt
2459840.8137847,1,2086313782715,19.989999771118164,/ztf/archive/sci/2022/0918/313426/ztf_20220918313426_000298_zg_c07_o_q4_scimrefdiffimg.fits.fz,Kulkarni,1,2.086313782715015e+18,1,0.0,2086,27,298,2288.43994140625,606.698974609375,29.2527018,-18.1602832,18.08930015563965,0.0783350020647049,6.608230113983154,18.064800262451172,0.05739999935030937,0.06958600133657455,19.31800079345703,0.04500000178813934,2.510999917984009,0.15299999713897705,0.703794002532959,-0.02446799911558628,2.7100000381469727,0.9829999804496765,606.698974609375,1.9252300262451172,1.1042699813842773,0.8799999952316284,0.8299999833106995,0.3247230052947998,0.3062730133533478,1.0602400302886963,0.0,0.0,0.9628570079803467,1.0,18.00480079650879,0.06880000233650208,29.2526903,-18.1602669,39.1349,26.137300491333008,5.042650082032196e-05,0.04010989889502525,-0.06611710041761398,8.06183015811257e-05,t17_f5_c3,,,,ZTF19abjgazt
2459798.9375579,1,2044437552715,20.025400161743164,/ztf/archive/sci/2022/0807/437558/ztf_20220807437558_000298_zg_c07_o_q4_scimrefdiffimg.fits.fz,Kulkarni,1,2.044437552715015e+18,1,0.0,2044,27,298,2329.31005859375,583.3770141601562,29.2527367,-18.1602869,18.390399932861328,0.08537299931049347,2.7457799911499023,18.353599548339844,0.07079999893903732,0.17177699506282806,19.31800079345703,0.04500000178813934,2.510999917984009,0.15299999713897705,-0.02075600065290928,-0.03680099919438362,2.8299999237060547,0.9829999804496765,583.3770141601562,1.6717499494552612,1.0795899629592896,0.9100000262260437,0.875,0.3215549886226654,0.30918699502944946,1.0399999618530273,1.0,0.0,0.9585710167884827,1.0,18.394500732421875,0.09309999644756317,29.2526903,-18.1602669,28.764,26.071399688720703,5.211840107222088e-05,0.04066630080342293,-0.0895823985338211,8.085789886536077e-05,t17_f5_c3,,,,ZTF19abjgazt
2460249.7182407,2,2495218242715,19.299400329589844,/ztf/archive/sci/2023/1101/218241/ztf_20231101218241_000298_zr_c07_o_q4_scimrefdiffimg.fits.fz,Kulkarni,1,2.495218242715015e+18,t,2.0,2495,27,298,2273.030029296875,618.5460205078125,29.2527366,-18.1602669,19.289100646972656,0.22179299592971802,1.1010899543762207,19.38789939880371,0.32899999618530273,0.0919710025191307,18.631999969482422,0.03999999910593033,2.5199999809265137,0.1889999955892563,0.27232998609542847,0.0987899973988533,2.5199999809265137,0.9729999899864197,618.5460205078125,-0.088468998670578,1.2763299942016602,0.800000011920929,0.6570000052452087,0.31746000051498413,0.26071399450302124,1.2176599502563477,5.0,0.0,0.9571430087089539,0.9830340147018433,19.39579963684082,0.42489999532699585,29.2527156,-18.1602833,7.02122,26.20210075378418,4.6855901018716395e-05,0.03995009884238243,0.10582099854946136,6.998720346018672e-05,t17_f5_c3,,,,ZTF19abjgazt
2460249.8036227,1,2495303622715,19.222900390625,/ztf/archive/sci/2023/1101/303611/ztf_20231101303611_000298_zg_c07_o_q4_scimrefdiffimg.fits.fz,Kulkarni,1,2.495303622715015e+18,t,1.0,2495,27,298,2286.159912109375,626.635986328125,29.2527978,-18.1602759,19.347900390625,0.1901780068874359,1.1797599792480469,19.35930061340332,0.3799000084400177,0.36443400382995605,19.31800079345703,0.04500000178813934,2.510999917984009,0.15299999713897705,1.2723599672317505,0.011408999562263489,2.049999952316284,0.9430000185966492,626.635986328125,-0.1364399939775467,1.4158899784088135,1.1390000581741333,0.7379999756813049,0.5556100010871887,0.36000001430511475,1.5433599948883057,2.0,0.0,0.5799999833106995,1.0,19.082799911499023,0.37790000438690186,29.2526903,-18.1602669,7.26296,26.032899856567383,8.495609654346481e-05,0.046652499586343765,-0.06291370093822479,0.00017879500228445977,t17_f5_c3,,,,ZTF19abjgazt
2460251.691956,2,2497191952715,19.97480010986328,/ztf/archive/sci/2023/1103/191956/ztf_20231103191956_000298_zr_c07_o_q4_scimrefdiffimg.fits.fz,Kulkarni,1,,,,2497,27,298,,,,,,,,,,,,,,,,,,,,,,,,,,,,,,,,,,,,26.221399307250977,2.4643699362059124e-05,0.02878360077738762,0.13172799348831177,3.628130070865154e-05,t17_f5_c3,,,,ZTF19abjgazt
2459488.8346296,2,1734334622715,20.176799774169922,/ztf/archive/sci/2021/1001/334606/ztf_20211001334606_000298_zr_c07_o_q4_scimrefdiffimg.fits.fz,Kulkarni,1,1.734334622715015e+18,t,0.0,1734,27,298,2274.3701171875,614.344970703125,29.2527082,-18.1602932,19.026399612426758,0.10401599854230881,2.66444993019104,18.99530029296875,0.13330000638961792,0.043226998299360275,18.631999969482422,0.03999999910593033,2.5199999809265137,0.1889999955892563,-0.8380190134048462,-0.031067000702023506,2.0,0.9789999723434448,614.344970703125,1.1814899444580078,1.2603000402450562,0.7400000095367432,0.6899999976158142,0.3700000047683716,0.3449999988079071,1.0724600553512573,2.0,0.0,0.9671429991722107,0.9873650074005127,18.94890022277832,0.1624000072479248,29.2527156,-18.1602833,14.4276,26.236400604248047,2.107719956256915e-05,0.026440100744366646,0.12331800162792206,3.072010076721199e-05,t17_f5_c3,,,,ZTF19abjgazt
2459488.8944329,1,1734394432715,20.24690055847168,/ztf/archive/sci/2021/1001/394421/ztf_20211001394421_000298_zg_c07_o_q4_scimrefdiffimg.fits.fz,Kulkarni,1,1.734394432715015e+18,t,3.0,1734,27,298,2297.429931640625,617.47900390625,29.2527181,-18.1602955,18.9468994140625,0.1297360062599182,3.4595301151275635,18.936100006103516,0.11259999871253967,0.13824300467967987,19.31800079345703,0.04500000178813934,2.510999917984009,0.15299999713897705,0.47547098994255066,-0.010805999860167503,2.5999999046325684,0.9990000128746033,617.47900390625,1.3108099699020386,1.0174299478530884,0.8429999947547913,0.7540000081062317,0.32423099875450134,0.28999999165534973,1.1180399656295776,1.0,0.0,0.9528570175170898,1.0,18.825000762939453,0.12950000166893005,29.2526903,-18.1602669,21.439,26.219900131225586,4.187559898127802e-05,0.037192799150943756,-0.09554459899663925,6.322160334093496e-05,t17_f5_c3,,,,ZTF19abjgazt
2459491.8581481,1,1737358142715,16.921499252319336,/ztf/archive/sci/2021/1004/358148/ztf_20211004358148_000298_zg_c07_o_q4_scimrefdiffimg.fits.fz,Kulkarni,1,,,,1737,27,298,,,,,,,,,,,,,,,,,,,,,,,,,,,,,,,,,,,,23.21969985961914,0.00692756986245513,0.10202699899673462,0.051562000066041946,0.02304919995367527,t17_f5_c3,,,,ZTF19abjgazt
2459501.9021412,1,1747402142715,20.240800857543945,/ztf/archive/sci/2021/1014/402118/ztf_20211014402118_000298_zg_c07_o_q4_scimrefdiffimg.fits.fz,Kulkarni,1,1.747402142715015e+18,t,2.0,1747,27,298,2276.719970703125,641.3400268554688,29.2527258,-18.1602698,19.123899459838867,0.12336499989032745,2.6691501140594482,19.163999557495117,0.1370999962091446,0.12014299631118774,19.31800079345703,0.04500000178813934,2.510999917984009,0.15299999713897705,0.5182250142097473,0.040116000920534134,2.619999885559082,0.9810000061988831,641.3400268554688,1.0768400430679321,1.0277199745178223,0.7820000052452087,0.7239999771118164,0.2984730005264282,0.27633601427078247,1.08010995388031,6.0,0.0,0.9542859792709351,0.9717140197753906,19.107799530029297,0.16580000519752502,29.2526903,-18.1602669,18.4718,26.19890022277832,4.032460128655657e-05,0.03679810091853142,-0.09265550225973129,6.131060217740014e-05,t17_f5_c3,,,,ZTF19abjgazt
2459503.8000463,2,1749300042715,19.442399978637695,/ztf/archive/sci/2021/1016/300046/ztf_20211016300046_000298_zr_c07_o_q4_scimrefdiffimg.fits.fz,Kulkarni,1,1.749300042715015e+18,t,2.0,1749,27,298,2286.2900390625,628.510009765625,29.2527209,-18.1603912,19.140300750732422,0.15482200682163239,1.309790015220642,19.316499710083008,0.2847000062465668,0.3838599920272827,18.631999969482422,0.03999999910593033,2.5199999809265137,0.1889999955892563,0.06935299932956696,0.17619499564170837,3.380000114440918,0.9769999980926514,628.510009765625,0.12591500580310822,0.905135989189148,0.9950000047683716,0.9129999876022339,0.29437899589538574,0.27011799812316895,1.0898100137710571,1.0,0.0,0.947143018245697,1.0,19.222900390625,0.3345000147819519,29.2527156,-18.1602833,9.12252,26.22130012512207,4.014180012745783e-05,0.03695319965481758,0.12994399666786194,5.9545200201682746e-05,t17_f5_c3,,,,ZTF19abjgazt
2459503.8187963,1,1749318792715,19.388399124145508,/ztf/archive/sci/2021/1016/318785/ztf_20211016318785_000298_zg_c07_o_q4_scimrefdiffimg.fits.fz,Kulkarni,1,1.749318792715015e+18,t,1.0,1749,27,298,2276.1201171875,630.9149780273438,29.2526623,-18.1602314,19.174299240112305,0.14026500284671783,1.109410047531128,18.970800399780273,0.21729999780654907,0.1576720029115677,19.31800079345703,0.04500000178813934,2.510999917984009,0.15299999713897705,0.3296799957752228,-0.20351900160312653,2.7899999618530273,0.9779999852180481,630.9149780273438,0.4175589978694916,1.0943200588226318,0.8619999885559082,0.8550000190734863,0.30896100401878357,0.3064520061016083,1.0081900358200073,3.0,0.0,0.949999988079071,1.0,18.84239959716797,0.2476000040769577,29.2526903,-18.1602669,9.67333,26.19029998779297,6.838540139142424e-05,0.04139279946684837,-0.06187169998884201,0.00014511900371871889,t17_f5_c3,,,,ZTF19abjgazt
2459505.7274074,1,1751227402715,18.843599319458008,/ztf/archive/sci/2021/1018/227407/ztf_20211018227407_000298_zg_c07_o_q4_scimrefdiffimg.fits.fz,Kulkarni,1,,,,1751,27,298,,,,,,,,,,,,,,,,,,,,,,,,,,,,,,,,,,,,26.126100540161133,8.87573987711221e-05,0.03876430168747902,-0.0823879987001419,0.0002223089977633208,t17_f5_c3,,,,ZTF19abjgazt
2459505.8566088,2,1751356602715,19.073400497436523,/ztf/archive/sci/2021/1018/356597/ztf_20211018356597_000298_zr_c07_o_q4_scimrefdiffimg.fits.fz,Kulkarni,1,1.751356602715015e+18,t,1.0,1751,27,298,2275.719970703125,632.9840087890625,29.2525939,-18.1603126,19.276899337768555,0.25206899642944336,1.0190099477767944,19.700300216674805,0.5394999980926514,0.4241510033607483,18.631999969482422,0.03999999910593033,2.5199999809265137,0.1889999955892563,0.32497501373291016,0.423444002866745,2.859999895095825,0.9210000038146973,632.9840087890625,-0.6269450187683105,1.1211600303649902,0.8450000286102295,0.6200000047683716,0.2954550087451935,0.21678300201892853,1.3629000186920166,7.0,0.0,0.8228570222854614,0.8024659752845764,19.856399536132812,0.7993000149726868,29.2527156,-18.1602833,6.60055,26.250900268554688,5.522659921552986e-05,0.04190929979085922,0.09845080226659775,8.287870150525123e-05,t17_f5_c3,,,,ZTF19abjgazt
2459512.7214005,1,1758221402715,19.594999313354492,/ztf/archive/sci/2021/1025/221377/ztf_20211025221377_000298_zg_c07_o_q4_scimrefdiffimg.fits.fz,Kulkarni,1,1.758221402715015e+18,t,1.0,1758,27,298,2258.27001953125,677.6400146484375,29.2526874,-18.160299,19.117000579833984,0.1601870059967041,1.1792700290679932,18.813199996948242,0.17030000686645508,0.11440499871969223,19.31800079345703,0.04500000178813934,2.510999917984009,0.15299999713897705,0.09950300306081772,-0.3038190007209778,2.930000066757202,0.9810000061988831,677.6400146484375,0.7817649841308594,0.9535599946975708,1.090999960899353,0.9210000038146973,0.37235501408576965,0.3143340051174164,1.1845799684524536,1.0,0.0,0.9271429777145386,1.0,18.643999099731445,0.1867000013589859,29.2526903,-18.1602669,12.1208,26.167999267578125,4.603010165737942e-05,0.03703169897198677,-0.06109960004687309,8.675889694131911e-05,t17_f5_c3,,,,ZTF19abjgazt
2459512.8150347,2,1758315032715,20.145099639892578,/ztf/archive/sci/2021/1025/315023/ztf_20211025315023_000298_zr_c07_o_q4_scimrefdiffimg.fits.fz,Kulkarni,1,1.758315032715015e+18,t,0.0,1758,27,298,2291.3798828125,692.3179931640625,29.2527017,-18.160297,19.268999099731445,0.11070600152015686,2.7797300815582275,19.072799682617188,0.15940000116825104,0.06772299855947495,18.631999969482422,0.03999999910593033,2.5199999809265137,0.1889999955892563,0.4239790141582489,-0.19615399837493896,2.490000009536743,0.9779999852180481,692.3179931640625,1.0722999572753906,0.9283080101013184,0.6759999990463257,0.628000020980835,0.2714860141277313,0.25220900774002075,1.0764299631118774,2.0,0.0,0.9657139778137207,1.0,19.189599990844727,0.22630000114440918,29.2527156,-18.1602833,10.9202,26.280000686645508,3.3875701774377376e-05,0.03348160162568092,0.11105900257825851,4.948530113324523e-05,t17_f5_c3,,,,ZTF19abjgazt
2459471.920081,2,1717420082715,20.157899856567383,/ztf/archive/sci/2021/0914/420069/ztf_20210914420069_000298_zr_c07_o_q4_scimrefdiffimg.fits.fz,Kulkarni,1,1.717420082715015e+18,t,2.0,1717,27,298,2295.760009765625,628.1370239257812,29.2526938,-18.1602777,18.7273006439209,0.07737699896097183,2.2132298946380615,18.757600784301758,0.11140000075101852,0.07642599940299988,18.631999969482422,0.03999999910593033,2.5199999809265137,0.1889999955892563,-0.2761259973049164,0.030344000086188316,1.809999942779541,0.9810000061988831,628.1370239257812,1.4002699851989746,1.3758900165557861,0.7379999756813049,0.699999988079071,0.4077349901199341,0.3867399990558624,1.0542900562286377,2.0,0.0,0.9657139778137207,1.0,18.96139907836914,0.17020000517368317,29.2527156,-18.1602833,14.0491,25.97130012512207,2.0616700567188673e-05,0.026098400354385376,0.13565300405025482,3.0086699553066865e-05,t17_f5_c3,,,,ZTF19abjgazt
2459474.8066782,2,1720306672715,19.538700103759766,/ztf/archive/sci/2021/0917/306667/ztf_20210917306667_000298_zr_c07_o_q4_scimrefdiffimg.fits.fz,Kulkarni,1,1.720306672715015e+18,t,2.0,1720,27,298,2295.2900390625,577.5230102539062,29.2527038,-18.1602891,18.706300735473633,0.13273300230503082,2.432800054550171,19.007600784301758,0.23980000615119934,0.04486899822950363,18.631999969482422,0.03999999910593033,2.5199999809265137,0.1889999955892563,-0.14395900070667267,0.3013159930706024,2.0799999237060547,0.9900000095367432,577.5230102539062,0.5311170220375061,1.2009400129318237,0.6000000238418579,0.5400000214576721,0.2884620130062103,0.2596150040626526,1.111109972000122,3.0,0.0,0.9528570175170898,0.9690759778022766,18.815500259399414,0.2574000060558319,29.2527156,-18.1602833,14.6755,26.13330078125,3.8971498725004494e-05,0.035391900688409805,0.13357800245285034,5.5710901506245136e-05,t17_f5_c3,,,,ZTF19abjgazt
2459474.8767593,1,1720376752715,19.61669921875,/ztf/archive/sci/2021/0917/376748/ztf_20210917376748_000298_zg_c07_o_q4_scimrefdiffimg.fits.fz,Kulkarni,1,1.720376752715015e+18,t,4.0,1720,27,298,2293.64990234375,600.7880249023438,29.2527994,-18.1602694,18.727500915527344,0.1052820011973381,1.6447900533676147,18.69569969177246,0.14399999380111694,0.36862999200820923,19.31800079345703,0.04500000178813934,2.510999917984009,0.15299999713897705,0.45478299260139465,-0.031814999878406525,2.75,0.9819999933242798,600.7880249023438,0.9210479855537415,1.0602200031280518,0.8519999980926514,0.8029999732971191,0.30981799960136414,0.2919999957084656,1.061020016670227,3.0,0.0,0.9557139873504639,0.980774998664856,18.764999389648438,0.1964000016450882,29.2526903,-18.1602669,17.5279,26.155500411987305,4.627310045179911e-05,0.037317000329494476,-0.05367429926991463,8.343090303242207e-05,t17_f5_c3,,,,ZTF19abjgazt
2459476.9192245,2,1722419222715,19.44099998474121,/ztf/archive/sci/2021/0919/419225/ztf_20210919419225_000298_zr_c07_o_q4_scimrefdiffimg.fits.fz,Kulkarni,1,1.722419222715015e+18,t,1.0,1722,27,298,2297.320068359375,597.8729858398438,29.2527014,-18.1603334,18.844499588012695,0.10320200026035309,1.0577199459075928,18.61639976501465,0.18629999458789825,0.1843869984149933,18.631999969482422,0.03999999910593033,2.5199999809265137,0.1889999955892563,-0.4535970091819763,-0.2280779927968979,2.1700000762939453,0.9810000061988831,597.8729858398438,0.8245609998703003,1.1299599409103394,0.8700000047683716,0.7710000276565552,0.4009220004081726,0.35530000925064087,1.1283999681472778,2.0,0.0,0.9571430087089539,1.0,18.519899368286133,0.218299999833107,29.2527156,-18.1602833,11.8544,26.237499237060547,3.6004199500894174e-05,0.03448290005326271,0.1272359937429428,5.128530028741807e-05,t17_f5_c3,,,,ZTF19abjgazt
2459476.9612269,1,1722461222715,19.221799850463867,/ztf/archive/sci/2021/0919/461227/ztf_20210919461227_000298_zg_c07_o_q4_scimrefdiffimg.fits.fz,Kulkarni,1,1.722461222715015e+18,t,11.0,1722,27,298,2296.75,591.06298828125,29.2527281,-18.1602474,18.632099151611328,0.11242199689149857,1.3293399810791016,18.462400436401367,0.17069999873638153,0.1453550010919571,19.31800079345703,0.04500000178813934,2.510999917984009,0.15299999713897705,0.32788699865341187,-0.16970700025558472,2.809999942779541,0.9810000061988831,591.06298828125,0.7594329714775085,1.0086599588394165,0.8259999752044678,0.7689999938011169,0.29394999146461487,0.27366501092910767,1.074120044708252,3.0,0.0,0.9071429967880249,1.0,18.496400833129883,0.22589999437332153,29.2526903,-18.1602669,13.8199,26.18709945678711,7.179110252764076e-05,0.041107598692178726,-0.09796279668807983,0.0001562649995321408,t17_f5_c3,,,,ZTF19abjgazt
2459478.8564236,1,1724356422715,18.682600021362305,/ztf/archive/sci/2021/0921/356424/ztf_20210921356424_000298_zg_c07_o_q4_scimrefdiffimg.fits.fz,Kulkarni,1,,,,1724,27,298,,,,,,,,,,,,,,,,,,,,,,,,,,,,,,,,,,,,26.174299240112305,0.0001029819977702573,0.03859280049800873,-0.04135259985923767,0.00023457799397874624,t17_f5_c3,,,,ZTF19abjgazt
2459480.8760417,1,1726376042715,18.932600021362305,/ztf/archive/sci/2021/0923/375856/ztf_20210923375856_000298_zg_c07_o_q4_scimrefdiffimg.fits.fz,Kulkarni,1,1.726376042715015e+18,t,1.0,1726,27,298,2287.469970703125,662.9559936523438,29.252694,-18.1602183,18.697900772094727,0.1984740048646927,1.2653100490570068,18.416500091552734,0.22599999606609344,0.17316900193691254,19.31800079345703,0.04500000178813934,2.510999917984009,0.15299999713897705,-0.520421028137207,-0.28143298625946045,3.6700000762939453,0.9810000061988831,662.9559936523438,0.5161409974098206,0.7279130220413208,1.1380000114440918,0.8510000109672546,0.31008198857307434,0.23187999427318573,1.337249994277954,1.0,0.0,0.7357140183448792,1.0,18.47439956665039,0.3057999908924103,29.2526903,-18.1602669,9.1794,26.129899978637695,9.876090189209208e-05,0.04441089928150177,-0.03512490168213844,0.00021251299767754972,t17_f5_c3,,,,ZTF19abjgazt
2459480.9533218,2,1726453322715,19.087799072265625,/ztf/archive/sci/2021/0923/453322/ztf_20210923453322_000298_zr_c07_o_q4_scimrefdiffimg.fits.fz,Kulkarni,1,1.726453322715015e+18,t,0.0,1726,27,298,2271.81005859375,660.2639770507812,29.2527706,-18.1602881,18.869800567626953,0.13614299893379211,1.0009900331497192,18.56599998474121,0.24500000476837158,0.1863899976015091,18.631999969482422,0.03999999910593033,2.5199999809265137,0.1889999955892563,-0.8117830157279968,-0.3037570118904114,2.140000104904175,0.9810000061988831,660.2639770507812,0.5218250155448914,1.1446000337600708,1.0820000171661377,0.9309999942779541,0.505607008934021,0.4350470006465912,1.1621899604797363,5.0,0.0,0.8899999856948853,1.0,18.596399307250977,0.32339999079704285,29.2527156,-18.1602833,8.14216,26.185800552368164,6.0534701333381236e-05,0.04451470077037811,0.12973399460315704,8.848719880916178e-05,t17_f5_c3,,,,ZTF19abjgazt
2459485.8469444,1,1731346942715,16.57830047607422,/ztf/archive/sci/2021/0928/346933/ztf_20210928346933_000298_zg_c07_o_q4_scimrefdiffimg.fits.fz,Kulkarni,1,,,,1731,27,298,,,,,,,,,,,,,,,,,,,,,,,,,,,,,,,,,,,,23.283300399780273,0.0046045901253819466,0.04307220131158829,0.14822199940681458,0.011700700037181377,t17_f5_c3,,,,ZTF19abjgazt
2459485.8801389,2,1731380132715,17.355199813842773,/ztf/archive/sci/2021/0928/379838/ztf_20210928379838_000298_zr_c07_o_q4_scimrefdiffimg.fits.fz,Kulkarni,1,,,,1731,27,298,,,,,,,,,,,,,,,,,,,,,,,,,,,,,,,,,,,,24.217500686645508,0.0002020880056079477,0.041210100054740906,0.09034900367259979,0.0003466909984126687,t17_f5_c3,,,,ZTF19abjgazt
2459518.7728009,1,1764272802715,20.751800537109375,/ztf/archive/sci/2021/1031/272766/ztf_20211031272766_000298_zg_c07_o_q4_scimrefdiffimg.fits.fz,Kulkarni,1,1.764272802715015e+18,t,1.0,1764,27,298,2262.669921875,619.9970092773438,29.2526957,-18.1602854,19.29450035095215,0.10036499798297882,2.298759937286377,19.25830078125,0.09939999878406525,0.06829100102186203,19.31800079345703,0.04500000178813934,2.510999917984009,0.15299999713897705,0.7520099878311157,-0.03623099997639656,1.9500000476837158,0.9810000061988831,619.9970092773438,1.4934699535369873,1.336840033531189,0.7120000123977661,0.6909999847412109,0.3651280105113983,0.3543590009212494,1.0303900241851807,2.0,0.0,0.9628570079803467,1.0,19.176700592041016,0.11640000343322754,29.2526903,-18.1602669,18.2639,26.25550079345703,2.9025799449300393e-05,0.03129589930176735,-0.10658100247383118,4.28337007178925e-05,t17_f5_c3,,,,ZTF19abjgazt
2459518.7941319,2,1764294132715,20.648300170898438,/ztf/archive/sci/2021/1031/294132/ztf_20211031294132_000298_zr_c07_o_q4_scimrefdiffimg.fits.fz,Kulkarni,1,1.764294132715015e+18,t,1.0,1764,27,298,2280.8701171875,622.0139770507812,29.2526693,-18.1602817,19.44070053100586,0.10754600167274475,1.8159099817276,19.536300659179688,0.15649999678134918,0.1562959998846054,18.631999969482422,0.03999999910593033,2.5199999809265137,0.1889999955892563,0.30511200428009033,0.0956450030207634,1.590000033378601,0.972000002861023,622.0139770507812,1.1119699478149414,1.4657399654388428,0.621999979019165,0.5180000066757202,0.39119499921798706,0.3257859945297241,1.2007700204849243,7.0,0.0,0.9385709762573242,0.9009960293769836,19.70829963684082,0.23160000145435333,29.2527156,-18.1602833,9.0381,26.312700271606445,1.756650090101175e-05,0.024319300428032875,0.11174499988555908,2.6075000278069638e-05,t17_f5_c3,,,,ZTF19abjgazt
2459521.729919,1,1767229912715,20.38249969482422,/ztf/archive/sci/2021/1103/229919/ztf_20211103229919_000298_zg_c07_o_q4_scimrefdiffimg.fits.fz,Kulkarni,1,1.767229912715015e+18,t,1.0,1767,27,298,2259.75,616.635986328125,29.2527028,-18.1602912,19.375699996948242,0.11855900287628174,1.5513800382614136,19.206199645996094,0.12240000069141388,0.09629300236701965,19.31800079345703,0.04500000178813934,2.510999917984009,0.15299999713897705,0.17258700728416443,-0.16954199969768524,2.690000057220459,0.9700000286102295,616.635986328125,1.176259994506836,1.0293500423431396,0.8629999756813049,0.8529999852180481,0.3208180069923401,0.31709998846054077,1.0117199420928955,1.0,0.0,0.9642860293388367,1.0,19.18630027770996,0.15279999375343323,29.2526903,-18.1602669,17.165,26.22369956970215,2.9546399673563428e-05,0.03180519863963127,-0.08543559908866882,4.363619882497005e-05,t17_f5_c3,,,,ZTF19abjgazt
2459521.7725116,2,1767272512715,20.600900650024414,/ztf/archive/sci/2021/1103/272512/ztf_20211103272512_000298_zr_c07_o_q4_scimrefdiffimg.fits.fz,Kulkarni,1,1.767272512715015e+18,t,1.0,1767,27,298,2271.830078125,623.1539916992188,29.2526769,-18.1603055,19.45870018005371,0.09664600342512131,1.3938100337982178,19.542999267578125,0.16840000450611115,0.15271200239658356,18.631999969482422,0.03999999910593033,2.5199999809265137,0.1889999955892563,-0.13640199601650238,0.08427999913692474,1.6200000047683716,0.9800000190734863,623.1539916992188,1.0578999519348145,1.3961600065231323,0.6370000243186951,0.5830000042915344,0.3932099938392639,0.35987699031829834,1.0926200151443481,6.0,0.0,0.949999988079071,0.9144560098648071,19.529699325561523,0.21089999377727509,29.2527156,-18.1602833,8.705,26.287700653076172,2.060269980574958e-05,0.026406699791550636,0.12140599638223648,3.024949910468422e-05,t17_f5_c3,,,,ZTF19abjgazt
2459523.7525463,2,1769252542715,20.466800689697266,/ztf/archive/sci/2021/1105/252546/ztf_20211105252546_000298_zr_c07_o_q4_scimrefdiffimg.fits.fz,Kulkarni,1,1.769252542715015e+18,t,1.0,1769,27,298,2281.39990234375,615.1699829101562,29.2526813,-18.1603093,19.34910011291504,0.1183210015296936,2.9013099670410156,19.39150047302246,0.15729999542236328,0.15202699601650238,18.631999969482422,0.03999999910593033,2.5199999809265137,0.1889999955892563,-0.031029999256134033,0.04237600043416023,3.680000066757202,0.9990000128746033,615.1699829101562,1.075350046157837,0.6456949710845947,0.6330000162124634,0.5529999732971191,0.17201100289821625,0.15027199685573578,1.144670009613037,4.0,0.0,0.8985710144042969,1.0,19.29840087890625,0.18320000171661377,29.2527156,-18.1602833,8.35037,26.280099868774414,1.7769800251699053e-05,0.024240300059318542,0.12063399702310562,2.5889199605444446e-05,t17_f5_c3,,,,ZTF19abjgazt
2459523.8152894,1,1769315282715,20.595199584960938,/ztf/archive/sci/2021/1105/315278/ztf_20211105315278_000298_zg_c07_o_q4_scimrefdiffimg.fits.fz,Kulkarni,1,1.769315282715015e+18,t,5.0,1769,27,298,2265.64990234375,616.3480224609375,29.2526985,-18.160289,19.37579917907715,0.1100350022315979,2.4811201095581055,19.086299896240234,0.09809999912977219,0.08329000324010849,19.31800079345703,0.04500000178813934,2.510999917984009,0.15299999713897705,0.6445350050926208,-0.2894670069217682,2.2200000286102295,0.9819999933242798,616.3480224609375,1.5088599920272827,1.1577600240707397,0.8849999904632568,0.8169999718666077,0.3986490070819855,0.3680180013179779,1.0832300186157227,6.0,0.0,0.8642860054969788,0.9378690123558044,18.99169921875,0.11400000005960464,29.2526903,-18.1602669,17.9567,26.260799407958984,2.8896300136693753e-05,0.03127079829573631,-0.10720200091600418,4.2706200474640355e-05,t17_f5_c3,,,,ZTF19abjgazt
2459525.7303935,1,1771230392715,20.587900161743164,/ztf/archive/sci/2021/1107/230382/ztf_20211107230382_000298_zg_c07_o_q4_scimrefdiffimg.fits.fz,Kulkarni,1,1.771230392715015e+18,t,3.0,1771,27,298,2259.219970703125,608.0570068359375,29.2526714,-18.1602899,19.51810073852539,0.1225610002875328,1.3072600364685059,19.41629981994629,0.1315000057220459,0.10999699681997299,19.31800079345703,0.04500000178813934,2.510999917984009,0.15299999713897705,0.4158500134944916,-0.10183700174093246,2.9800000190734863,0.7720000147819519,608.0570068359375,1.1715699434280396,0.8747749924659729,0.8830000162124634,0.8289999961853027,0.2963089942932129,0.27818799018859863,1.0651400089263916,2.0,0.0,0.9314290285110474,1.0,19.405899047851562,0.16509999334812164,29.2526903,-18.1602669,13.6658,26.223100662231445,2.3880600565462373e-05,0.0283563993871212,-0.07688560336828232,3.444039975875057e-05,t17_f5_c3,,,,ZTF19abjgazt
2459527.7313657,1,1773231362715,20.138700485229492,/ztf/archive/sci/2021/1109/231354/ztf_20211109231354_000298_zg_c07_o_q4_scimrefdiffimg.fits.fz,Kulkarni,1,1.773231362715015e+18,t,0.0,1773,27,298,2270.159912109375,618.7349853515625,29.2527393,-18.1602719,19.467599868774414,0.12744100391864777,1.7426400184631348,19.502099990844727,0.20389999449253082,0.16651099920272827,19.31800079345703,0.04500000178813934,2.510999917984009,0.15299999713897705,0.5974559783935547,0.03447899967432022,3.7300000190734863,0.9739999771118164,618.7349853515625,0.6366090178489685,0.723770022392273,0.7910000085830688,0.7369999885559082,0.2120639979839325,0.1975869983434677,1.0732699632644653,5.0,0.0,0.9128569960594177,0.9486100077629089,19.164100646972656,0.19099999964237213,29.2526903,-18.1602669,12.2092,26.06559944152832,3.235970143578015e-05,0.03267199918627739,-0.08756759762763977,5.0170201575383544e-05,t17_f5_c3,,,,ZTF19abjgazt
2459527.7626389,2,1773262632715,20.27519989013672,/ztf/archive/sci/2021/1109/262639/ztf_20211109262639_000298_zr_c07_o_q4_scimrefdiffimg.fits.fz,Kulkarni,1,1.773262632715015e+18,t,5.0,1773,27,298,2270.800048828125,621.468994140625,29.2526851,-18.1603443,19.61400032043457,0.13597899675369263,1.6488300561904907,19.62220001220703,0.23669999837875366,0.23993399739265442,18.631999969482422,0.03999999910593033,2.5199999809265137,0.1889999955892563,-0.48317399621009827,0.00816699955612421,2.950000047683716,0.9520000219345093,621.468994140625,0.6529859900474548,0.7789099812507629,0.7900000214576721,0.6650000214576721,0.26779699325561523,0.22542400658130646,1.1879700422286987,6.0,0.0,0.9528570175170898,1.0,19.621400833129883,0.3012999892234802,29.2527156,-18.1602833,10.1126,26.2189998626709,1.8996499420609325e-05,0.02518549934029579,0.1172029972076416,2.780050090223085e-05,t17_f5_c3,,,,ZTF19abjgazt
2459530.759375,2,1776259372715,20.000200271606445,/ztf/archive/sci/2021/1112/259375/ztf_20211112259375_000298_zr_c07_o_q4_scimrefdiffimg.fits.fz,Kulkarni,1,1.776259372715015e+18,t,0.0,1776,27,298,2269.02001953125,592.60498046875,29.2527082,-18.1603184,19.531099319458008,0.13719899952411652,1.3012399673461914,19.432199478149414,0.227400004863739,0.12728500366210938,18.631999969482422,0.03999999910593033,2.5199999809265137,0.1889999955892563,-0.17275400459766388,-0.09885700047016144,2.609999895095825,0.9470000267028809,592.60498046875,0.5679770112037659,0.9847630262374878,0.8050000071525574,0.7250000238418579,0.3084290027618408,0.2777779996395111,1.1103500127792358,4.0,0.0,0.9857140183448792,1.0,19.558300018310547,0.3260999917984009,29.2527156,-18.1602833,9.55979,26.262100219726562,2.544550079619512e-05,0.028812600299715996,0.1327269971370697,3.6730798456119373e-05,t17_f5_c3,,,,ZTF19abjgazt
2459518.7728009,1,1764272802715,20.751800537109375,/ztf/archive/sci/2021/1031/272766/ztf_20211031272766_000298_zg_c07_o_q4_scimrefdiffimg.fits.fz,Kulkarni,1,1.764272802715015e+18,1,1.0,1764,27,298,2262.669921875,619.9970092773438,29.2526957,-18.1602854,19.29450035095215,0.10036499798297882,2.298759937286377,19.25830078125,0.09939999878406525,0.06829100102186203,19.31800079345703,0.04500000178813934,2.510999917984009,0.15299999713897705,0.7520099878311157,-0.03623099997639656,1.9500000476837158,0.9810000061988831,619.9970092773438,1.4934699535369873,1.336840033531189,0.7120000123977661,0.6909999847412109,0.3651280105113983,0.3543590009212494,1.0303900241851807,2.0,0.0,0.9628570079803467,1.0,19.176700592041016,0.11640000343322754,29.2526903,-18.1602669,18.2639,26.25550079345703,2.9025799449300393e-05,0.03129589930176735,-0.10658100247383118,4.28337007178925e-05,t17_f5_c3,,,,ZTF19abjgazt
2459503.8000463,2,1749300042715,19.442399978637695,/ztf/archive/sci/2021/1016/300046/ztf_20211016300046_000298_zr_c07_o_q4_scimrefdiffimg.fits.fz,Kulkarni,1,1.749300042715015e+18,1,2.0,1749,27,298,2286.2900390625,628.510009765625,29.2527209,-18.1603912,19.140300750732422,0.15482200682163239,1.309790015220642,19.316499710083008,0.2847000062465668,0.3838599920272827,18.631999969482422,0.03999999910593033,2.5199999809265137,0.1889999955892563,0.06935299932956696,0.17619499564170837,3.380000114440918,0.9769999980926514,628.510009765625,0.12591500580310822,0.905135989189148,0.9950000047683716,0.9129999876022339,0.29437899589538574,0.27011799812316895,1.0898100137710571,1.0,0.0,0.947143018245697,1.0,19.222900390625,0.3345000147819519,29.2527156,-18.1602833,9.12252,26.22130012512207,4.014180012745783e-05,0.03695319965481758,0.12994399666786194,5.9545200201682746e-05,t17_f5_c3,,,,ZTF19abjgazt
2459532.7103819,1,1778210382715,19.443599700927734,/ztf/archive/sci/2021/1114/210370/ztf_20211114210370_000298_zg_c07_o_q4_scimrefdiffimg.fits.fz,Kulkarni,1,1.778210382715015e+18,t,0.0,1778,27,298,2259.7099609375,608.4099731445312,29.2526381,-18.1602723,19.2947998046875,0.21077699959278107,1.3523399829864502,18.99209976196289,0.22310000658035278,0.17726700007915497,19.31800079345703,0.04500000178813934,2.510999917984009,0.15299999713897705,-0.3700389862060547,-0.3027380108833313,2.3299999237060547,0.9380000233650208,608.4099731445312,0.4515320062637329,1.2363699674606323,1.2410000562667847,0.9470000267028809,0.53261798620224,0.4064379930496216,1.3104499578475952,3.0,0.0,0.7571430206298828,1.0,18.907499313354492,0.2648000121116638,29.2526903,-18.1602669,8.06587,26.220800399780273,5.040190080762841e-05,0.036526698619127274,-0.06112220138311386,0.00010123100219061598,t17_f5_c3,,,,ZTF19abjgazt
2459532.8379977,2,1778337992715,19.672000885009766,/ztf/archive/sci/2021/1114/337998/ztf_20211114337998_000298_zr_c07_o_q4_scimrefdiffimg.fits.fz,Kulkarni,1,,,,1778,27,298,,,,,,,,,,,,,,,,,,,,,,,,,,,,,,,,,,,,26.251300811767578,3.115760046057403e-05,0.03205600008368492,0.11827600002288818,4.524910036707297e-05,t17_f5_c3,,,,ZTF19abjgazt
2459537.778669,1,1783278662715,18.442100524902344,/ztf/archive/sci/2021/1119/278669/ztf_20211119278669_000298_zg_c07_o_q4_scimrefdiffimg.fits.fz,Kulkarni,1,,,,1783,27,298,,,,,,,,,,,,,,,,,,,,,,,,,,,,,,,,,,,,25.93239974975586,0.0002788639976643026,0.052597999572753906,-0.02435920014977455,0.0006612360011786222,t17_f5_c3,,,,ZTF19abjgazt
2459537.8508681,2,1783350862715,19.99720001220703,/ztf/archive/sci/2021/1119/350856/ztf_20211119350856_000298_zr_c07_o_q4_scimrefdiffimg.fits.fz,Kulkarni,1,1.783350862715015e+18,t,3.0,1783,27,298,2250.719970703125,602.666015625,29.2527017,-18.160248,19.49139976501465,0.14313200116157532,1.6628799438476562,19.580799102783203,0.2992999851703644,0.1340389996767044,18.631999969482422,0.03999999910593033,2.5199999809265137,0.1889999955892563,-0.8357639908790588,0.08940300345420837,1.6799999475479126,0.9020000100135803,602.666015625,0.41642001271247864,1.3346099853515625,0.6100000143051147,0.5149999856948853,0.3630949854850769,0.30654799938201904,1.1844700574874878,8.0,0.0,0.9314290285110474,0.9651849865913391,19.7810001373291,0.4596000015735626,29.2527156,-18.1602833,9.25488,26.0403995513916,2.4300299628521316e-05,0.02849929966032505,0.11766199767589569,3.514780109981075e-05,t17_f5_c3,,,,ZTF19abjgazt
2459538.7534722,2,1784253472715,19.465700149536133,/ztf/archive/sci/2021/1120/253461/ztf_20211120253461_000298_zr_c07_o_q4_scimrefdiffimg.fits.fz,Kulkarni,1,,,,1784,27,298,,,,,,,,,,,,,,,,,,,,,,,,,,,,,,,,,,,,26.205400466918945,6.202990334713832e-05,0.04543859884142876,0.1298139989376068,9.124779899138957e-05,t17_f5_c3,,,,ZTF19abjgazt
2459521.729919,1,1767229912715,20.38249969482422,/ztf/archive/sci/2021/1103/229919/ztf_20211103229919_000298_zg_c07_o_q4_scimrefdiffimg.fits.fz,Kulkarni,1,1.767229912715015e+18,1,1.0,1767,27,298,2259.75,616.635986328125,29.2527028,-18.1602912,19.375699996948242,0.11855900287628174,1.5513800382614136,19.206199645996094,0.12240000069141388,0.09629300236701965,19.31800079345703,0.04500000178813934,2.510999917984009,0.15299999713897705,0.17258700728416443,-0.16954199969768524,2.690000057220459,0.9700000286102295,616.635986328125,1.176259994506836,1.0293500423431396,0.8629999756813049,0.8529999852180481,0.3208180069923401,0.31709998846054077,1.0117199420928955,1.0,0.0,0.9642860293388367,1.0,19.18630027770996,0.15279999375343323,29.2526903,-18.1602669,17.165,26.22369956970215,2.9546399673563428e-05,0.03180519863963127,-0.08543559908866882,4.363619882497005e-05,t17_f5_c3,,,,ZTF19abjgazt
2459523.7525463,2,1769252542715,20.466800689697266,/ztf/archive/sci/2021/1105/252546/ztf_20211105252546_000298_zr_c07_o_q4_scimrefdiffimg.fits.fz,Kulkarni,1,1.769252542715015e+18,1,1.0,1769,27,298,2281.39990234375,615.1699829101562,29.2526813,-18.1603093,19.34910011291504,0.1183210015296936,2.9013099670410156,19.39150047302246,0.15729999542236328,0.15202699601650238,18.631999969482422,0.03999999910593033,2.5199999809265137,0.1889999955892563,-0.031029999256134033,0.04237600043416023,3.680000066757202,0.9990000128746033,615.1699829101562,1.075350046157837,0.6456949710845947,0.6330000162124634,0.5529999732971191,0.17201100289821625,0.15027199685573578,1.144670009613037,4.0,0.0,0.8985710144042969,1.0,19.29840087890625,0.18320000171661377,29.2527156,-18.1602833,8.35037,26.280099868774414,1.7769800251699053e-05,0.024240300059318542,0.12063399702310562,2.5889199605444446e-05,t17_f5_c3,,,,ZTF19abjgazt
2459527.7313657,1,1773231362715,20.138700485229492,/ztf/archive/sci/2021/1109/231354/ztf_20211109231354_000298_zg_c07_o_q4_scimrefdiffimg.fits.fz,Kulkarni,1,1.773231362715015e+18,1,0.0,1773,27,298,2270.159912109375,618.7349853515625,29.2527393,-18.1602719,19.467599868774414,0.12744100391864777,1.7426400184631348,19.502099990844727,0.20389999449253082,0.16651099920272827,19.31800079345703,0.04500000178813934,2.510999917984009,0.15299999713897705,0.5974559783935547,0.03447899967432022,3.7300000190734863,0.9739999771118164,618.7349853515625,0.6366090178489685,0.723770022392273,0.7910000085830688,0.7369999885559082,0.2120639979839325,0.1975869983434677,1.0732699632644653,5.0,0.0,0.9128569960594177,0.9486100077629089,19.164100646972656,0.19099999964237213,29.2526903,-18.1602669,12.2092,26.06559944152832,3.235970143578015e-05,0.03267199918627739,-0.08756759762763977,5.0170201575383544e-05,t17_f5_c3,,,,ZTF19abjgazt
2459444.9386921,1,1690438692715,20.079299926757812,/ztf/archive/sci/2021/0818/438241/ztf_20210818438241_000298_zg_c07_o_q4_scimrefdiffimg.fits.fz,Kulkarni,1,1.6904386927150152e+18,t,84.0,1690,27,298,2282.280029296875,571.85400390625,29.2526646,-18.1603039,18.744800567626953,0.08139199763536453,1.7777199745178223,18.58880043029785,0.08709999918937683,0.15772399306297302,19.31800079345703,0.04500000178813934,2.510999917984009,0.15299999713897705,0.6724380254745483,-0.15601800382137299,3.359999895095825,0.8659999966621399,571.85400390625,1.490530014038086,0.877357006072998,1.0770000219345093,0.9739999771118164,0.3205359876155853,0.28988099098205566,1.1057499647140503,1.0,0.0,0.6571429967880249,1.0,18.595399856567383,0.11089999973773956,29.2526903,-18.1602669,19.1424,25.839799880981445,5.6107299315044656e-05,0.04296179860830307,-0.05963040143251419,8.770830027060583e-05,t17_f5_c3,,,,ZTF19abjgazt
2459444.9667824,2,1690466782715,20.25790023803711,/ztf/archive/sci/2021/0818/466771/ztf_20210818466771_000298_zr_c07_o_q4_scimrefdiffimg.fits.fz,Kulkarni,1,1.690466782715015e+18,t,1.0,1690,27,298,2287.3798828125,589.760009765625,29.2526741,-18.1602984,18.83609962463379,0.08491600304841995,2.396559953689575,18.797500610351562,0.09910000115633011,0.15010300278663635,18.631999969482422,0.03999999910593033,2.5199999809265137,0.1889999955892563,-0.13025400042533875,-0.03858400136232376,2.25,0.9819999933242798,589.760009765625,1.4603699445724487,1.1925499439239502,0.7979999780654907,0.7279999852180481,0.3546670079231262,0.32355600595474243,1.0961500406265259,2.0,0.0,0.9599999785423279,1.0,18.846099853515625,0.13079999387264252,29.2527156,-18.1602833,19.9532,25.999099731445312,2.201919960498344e-05,0.026738300919532776,0.1122170016169548,3.172509968862869e-05,t17_f5_c3,,,,ZTF19abjgazt
2459449.9228356,1,1695422832715,18.029399871826172,/ztf/archive/sci/2021/0823/422836/ztf_20210823422836_000298_zg_c07_o_q4_scimrefdiffimg.fits.fz,Kulkarni,1,,,,1695,27,298,,,,,,,,,,,,,,,,,,,,,,,,,,,,,,,,,,,,25.755699157714844,0.0002550309873186052,0.039227500557899475,-0.04657290130853653,0.0006445419858209789,t17_f5_c3,,,,ZTF19abjgazt
2459454.8974537,1,1700397452715,19.659299850463867,/ztf/archive/sci/2021/0828/397442/ztf_20210828397442_000298_zg_c07_o_q4_scimrefdiffimg.fits.fz,Kulkarni,1,1.700397452715015e+18,t,2.0,1700,27,298,2310.260009765625,574.9639892578125,29.2526881,-18.1602592,18.698299407958984,0.09092599898576736,1.3959300518035889,18.635700225830078,0.15639999508857727,0.02849699929356575,19.31800079345703,0.04500000178813934,2.510999917984009,0.15299999713897705,0.2820749878883362,-0.06262700259685516,2.259999990463257,0.9829999804496765,574.9639892578125,1.023569941520691,1.0781099796295166,0.7379999756813049,0.7049999833106995,0.3265489935874939,0.3119469881057739,1.0468100309371948,3.0,0.0,0.9628570079803467,1.0,18.63050079345703,0.19939999282360077,29.2526903,-18.1602669,14.5788,26.114299774169922,3.681009911815636e-05,0.033778101205825806,-0.061312898993492126,6.32878000033088e-05,t17_f5_c3,,,,ZTF19abjgazt
2459458.8790394,2,1704379032715,19.978200912475586,/ztf/archive/sci/2021/0901/379028/ztf_20210901379028_000298_zr_c07_o_q4_scimrefdiffimg.fits.fz,Kulkarni,1,1.704379032715015e+18,t,3.0,1704,27,298,2291.6298828125,589.1170043945312,29.2526773,-18.1602807,18.711700439453125,0.09319400042295456,2.26993989944458,18.4950008392334,0.08330000191926956,0.12945200502872467,18.631999969482422,0.03999999910593033,2.5199999809265137,0.1889999955892563,-0.23970000445842743,-0.2167380005121231,3.5199999809265137,0.9449999928474426,589.1170043945312,1.4831500053405762,0.8796290159225464,1.128999948501587,1.0740000009536743,0.3207390010356903,0.3051140010356903,1.0512100458145142,2.0,0.0,0.9071429967880249,1.0,18.401599884033203,0.09690000116825104,29.2527156,-18.1602833,17.252,26.106700897216797,2.4871800633263774e-05,0.028216399252414703,0.11830499768257141,3.5500499507179484e-05,t17_f5_c3,,,,ZTF19abjgazt
2459460.9173032,1,1706417302715,20.489099502563477,/ztf/archive/sci/2021/0903/417257/ztf_20210903417257_000298_zg_c07_o_q4_scimrefdiffimg.fits.fz,Kulkarni,1,1.706417302715015e+18,t,1.0,1706,27,298,2309.409912109375,594.0079956054688,29.2526994,-18.1603292,18.781999588012695,0.09906700253486633,2.898560047149658,18.69930076599121,0.07249999791383743,0.22334900498390198,19.31800079345703,0.04500000178813934,2.510999917984009,0.15299999713897705,0.6492519974708557,-0.0826840028166771,2.740000009536743,0.9679999947547913,594.0079956054688,1.789829969406128,0.9912359714508057,0.9649999737739563,0.8889999985694885,0.3521899878978729,0.3244529962539673,1.0854899883270264,2.0,0.0,0.9628570079803467,1.0,18.624399185180664,0.08540000021457672,29.2526903,-18.1602669,21.8699,26.194000244140625,4.78904003102798e-05,0.03964279964566231,-0.07353319972753525,6.903999747009948e-05,t17_f5_c3,,,,ZTF19abjgazt
2459460.9795949,2,1706479592715,20.205799102783203,/ztf/archive/sci/2021/0903/479595/ztf_20210903479595_000298_zr_c07_o_q4_scimrefdiffimg.fits.fz,Kulkarni,1,1.706479592715015e+18,t,4.0,1706,27,298,2322.820068359375,602.0709838867188,29.2527229,-18.1603039,18.713600158691406,0.08221399784088135,1.8985899686813354,18.757299423217773,0.09160000085830688,0.07717099785804749,18.631999969482422,0.03999999910593033,2.5199999809265137,0.1889999955892563,-0.23278699815273285,0.04371099919080734,2.759999990463257,0.984000027179718,602.0709838867188,1.448449969291687,1.0571600198745728,0.8080000281333923,0.7889999747276306,0.29275399446487427,0.2858699858188629,1.0240800380706787,3.0,0.0,0.9528570175170898,1.0,18.791799545288086,0.11949999630451202,29.2527156,-18.1602833,16.1081,26.230600357055664,3.473840115475468e-05,0.03360680118203163,0.12630699574947357,4.9739501264411956e-05,t17_f5_c3,,,,ZTF19abjgazt
2459463.8985764,2,1709398572715,20.50670051574707,/ztf/archive/sci/2021/0906/398565/ztf_20210906398565_000298_zr_c07_o_q4_scimrefdiffimg.fits.fz,Kulkarni,1,1.709398572715015e+18,t,1.0,1709,27,298,2301.6201171875,610.68701171875,29.2526935,-18.1602862,18.895700454711914,0.09381099790334702,4.7367401123046875,18.815200805664062,0.09229999780654907,0.0755700021982193,18.631999969482422,0.03999999910593033,2.5199999809265137,0.1889999955892563,-0.22239899635314941,-0.08052799850702286,1.9800000190734863,0.9900000095367432,610.68701171875,1.6915299892425537,1.1715500354766846,0.7070000171661377,0.6230000257492065,0.35707101225852966,0.31464600563049316,1.1348299980163574,2.0,0.0,0.9642860293388367,1.0,18.8080997467041,0.11590000241994858,29.2527156,-18.1602833,21.0028,26.23270034790039,2.1807900338899344e-05,0.026678599417209625,0.12103799730539322,3.169260162394494e-05,t17_f5_c3,,,,ZTF19abjgazt
2459463.9217361,1,1709421732715,20.36370086669922,/ztf/archive/sci/2021/0906/421725/ztf_20210906421725_000298_zg_c07_o_q4_scimrefdiffimg.fits.fz,Kulkarni,1,1.709421732715015e+18,t,1.0,1709,27,298,2292.5400390625,614.9879760742188,29.2526922,-18.1603546,18.726900100708008,0.0942860022187233,3.5879600048065186,18.56529998779297,0.0689999982714653,0.3117839992046356,19.31800079345703,0.04500000178813934,2.510999917984009,0.15299999713897705,0.643841028213501,-0.16157999634742737,2.369999885559082,0.9829999804496765,614.9879760742188,1.7984199523925781,1.1902600526809692,0.9430000185966492,0.875,0.39789000153541565,0.3691979944705963,1.0777100324630737,0.0,0.0,0.9614289999008179,1.0,18.570499420166016,0.08749999850988388,29.2526903,-18.1602669,25.9429,26.17690086364746,3.715779894264415e-05,0.035053800791502,-0.08579979836940765,5.517799945664592e-05,t17_f5_c3,,,,ZTF19abjgazt
2459465.8990046,1,1711399002715,20.288299560546875,/ztf/archive/sci/2021/0908/399005/ztf_20210908399005_000298_zg_c07_o_q4_scimrefdiffimg.fits.fz,Kulkarni,1,1.711399002715015e+18,t,1.0,1711,27,298,2306.81005859375,592.1669921875,29.2526895,-18.1602753,18.747100830078125,0.08946999907493591,1.7301900386810303,18.65530014038086,0.08089999854564667,0.029823999851942062,19.31800079345703,0.04500000178813934,2.510999917984009,0.15299999713897705,0.41497400403022766,-0.0918470025062561,2.059999942779541,0.9819999933242798,592.1669921875,1.632949948310852,1.3529800176620483,0.8230000138282776,0.7990000247955322,0.3995150029659271,0.38786399364471436,1.0300400257110596,0.0,0.0,0.9700000286102295,1.0,18.540199279785156,0.09210000187158585,29.2526903,-18.1602669,21.5999,26.06909942626953,4.238279871060513e-05,0.037477098405361176,-0.10264399647712708,6.308389856712893e-05,t17_f5_c3,,,,ZTF19abjgazt
2459465.9628125,2,1711462812715,20.158599853515625,/ztf/archive/sci/2021/0908/462812/ztf_20210908462812_000298_zr_c07_o_q4_scimrefdiffimg.fits.fz,Kulkarni,1,1.711462812715015e+18,t,1.0,1711,27,298,2304.72998046875,599.2789916992188,29.2527183,-18.1602955,18.78019905090332,0.0747620016336441,2.015889883041382,18.65719985961914,0.09669999778270721,0.044098999351263046,18.631999969482422,0.03999999910593033,2.5199999809265137,0.1889999955892563,-0.06473899632692337,-0.12295299768447876,2.5999999046325684,0.9819999933242798,599.2789916992188,1.5014100074768066,1.0054199695587158,0.8119999766349792,0.7609999775886536,0.31230801343917847,0.29269200563430786,1.067020058631897,0.0,0.0,0.9714289903640747,1.0,18.67300033569336,0.12430000305175781,29.2527156,-18.1602833,17.9873,26.142200469970703,2.7517900889506564e-05,0.02999179996550083,0.12989799678325653,3.923019903595559e-05,t17_f5_c3,,,,ZTF19abjgazt
2459467.8931829,2,1713393182715,20.508699417114258,/ztf/archive/sci/2021/0910/393171/ztf_20210910393171_000298_zr_c07_o_q4_scimrefdiffimg.fits.fz,Kulkarni,1,1.713393182715015e+18,t,1.0,1713,27,298,2294.199951171875,584.5399780273438,29.25273,-18.1602992,18.79330062866211,0.08218800276517868,5.660099983215332,18.74410057067871,0.0892999991774559,0.07471299916505814,18.631999969482422,0.03999999910593033,2.5199999809265137,0.1889999955892563,0.18313899636268616,-0.04916800186038017,1.8200000524520874,0.9789999723434448,584.5399780273438,1.7646199464797974,1.2381199598312378,0.640999972820282,0.5979999899864197,0.3521980047225952,0.32857099175453186,1.07191002368927,3.0,0.0,0.9585710167884827,1.0,18.822799682617188,0.12099999934434891,29.2527156,-18.1602833,18.0608,26.14929962158203,1.7509899407741614e-05,0.023899300023913383,0.11653900146484375,2.4929200662882067e-05,t17_f5_c3,,,,ZTF19abjgazt
2459467.9211806,1,1713421182715,20.37470054626465,/ztf/archive/sci/2021/0910/421181/ztf_20210910421181_000298_zg_c07_o_q4_scimrefdiffimg.fits.fz,Kulkarni,1,1.713421182715015e+18,t,0.0,1713,27,298,2308.929931640625,595.7520141601562,29.2527019,-18.1602705,18.676700592041016,0.0706079974770546,2.2374799251556396,18.64859962463379,0.0786999985575676,0.0413610003888607,19.31800079345703,0.04500000178813934,2.510999917984009,0.15299999713897705,0.03616499900817871,-0.028074000030755997,2.119999885559082,0.9829999804496765,595.7520141601562,1.7260799407958984,1.2398799657821655,0.753000020980835,0.7490000128746033,0.3551889955997467,0.353302001953125,1.0053399801254272,0.0,0.0,0.9671429991722107,1.0,18.608400344848633,0.09600000083446503,29.2526903,-18.1602669,26.7009,26.11870002746582,3.741569889825769e-05,0.03487680107355118,-0.09856879711151123,5.381110167945735e-05,t17_f5_c3,,,,ZTF19abjgazt
2459469.8975116,2,1715397512715,20.506799697875977,/ztf/archive/sci/2021/0912/397500/ztf_20210912397500_000298_zr_c07_o_q4_scimrefdiffimg.fits.fz,Kulkarni,1,1.715397512715015e+18,t,0.0,1715,27,298,2295.89990234375,593.3729858398438,29.2526831,-18.160303,18.746200561523438,0.06437300145626068,3.9171700477600098,18.661300659179688,0.08139999955892563,0.13030000030994415,18.631999969482422,0.03999999910593033,2.5199999809265137,0.1889999955892563,-0.24390800297260284,-0.08492299914360046,1.899999976158142,0.9810000061988831,593.3729858398438,1.8455100059509277,1.2035599946975708,0.6700000166893005,0.6330000162124634,0.35263198614120483,0.3331579864025116,1.0584499835968018,3.0,0.0,0.9700000286102295,0.9815980195999146,18.721500396728516,0.10849999636411667,29.2527156,-18.1602833,19.5513,26.24920082092285,2.0030000086990185e-05,0.025622200220823288,0.12141700088977814,2.8699399990728125e-05,t17_f5_c3,,,,ZTF19abjgazt
2459471.8771181,1,1717377112715,20.058799743652344,/ztf/archive/sci/2021/0914/377106/ztf_20210914377106_000298_zg_c07_o_q4_scimrefdiffimg.fits.fz,Kulkarni,1,1.717377112715015e+18,t,3.0,1717,27,298,2290.6201171875,618.8930053710938,29.2527197,-18.1603006,18.657800674438477,0.10342200100421906,2.7746500968933105,18.57270050048828,0.09629999846220016,0.1554339975118637,19.31800079345703,0.04500000178813934,2.510999917984009,0.15299999713897705,0.5073059797286987,-0.08513899892568588,3.0799999237060547,0.9800000190734863,618.8930053710938,1.4861199855804443,0.8642749786376953,0.8429999947547913,0.7799999713897705,0.273701012134552,0.2532469928264618,1.0807700157165527,1.0,0.0,0.9542859792709351,1.0,18.71489906311035,0.13899999856948853,29.2526903,-18.1602669,22.1095,25.766799926757812,3.759270111913793e-05,0.035146601498126984,-0.06839980185031891,6.0061898693675175e-05,t17_f5_c3,,,,ZTF19abjgazt
2459480.8760417,1,1726376042715,18.932600021362305,/ztf/archive/sci/2021/0923/375856/ztf_20210923375856_000298_zg_c07_o_q4_scimrefdiffimg.fits.fz,Kulkarni,1,1.726376042715015e+18,1,1.0,1726,27,298,2287.469970703125,662.9559936523438,29.252694,-18.1602183,18.697900772094727,0.1984740048646927,1.2653100490570068,18.416500091552734,0.22599999606609344,0.17316900193691254,19.31800079345703,0.04500000178813934,2.510999917984009,0.15299999713897705,-0.520421028137207,-0.28143298625946045,3.6700000762939453,0.9810000061988831,662.9559936523438,0.5161409974098206,0.7279130220413208,1.1380000114440918,0.8510000109672546,0.31008198857307434,0.23187999427318573,1.337249994277954,1.0,0.0,0.7357140183448792,1.0,18.47439956665039,0.3057999908924103,29.2526903,-18.1602669,9.1794,26.129899978637695,9.876090189209208e-05,0.04441089928150177,-0.03512490168213844,0.00021251299767754972,t17_f5_c3,,,,ZTF19abjgazt
2459474.8066782,2,1720306672715,19.538700103759766,/ztf/archive/sci/2021/0917/306667/ztf_20210917306667_000298_zr_c07_o_q4_scimrefdiffimg.fits.fz,Kulkarni,1,1.720306672715015e+18,1,2.0,1720,27,298,2295.2900390625,577.5230102539062,29.2527038,-18.1602891,18.706300735473633,0.13273300230503082,2.432800054550171,19.007600784301758,0.23980000615119934,0.04486899822950363,18.631999969482422,0.03999999910593033,2.5199999809265137,0.1889999955892563,-0.14395900070667267,0.3013159930706024,2.0799999237060547,0.9900000095367432,577.5230102539062,0.5311170220375061,1.2009400129318237,0.6000000238418579,0.5400000214576721,0.2884620130062103,0.2596150040626526,1.111109972000122,3.0,0.0,0.9528570175170898,0.9690759778022766,18.815500259399414,0.2574000060558319,29.2527156,-18.1602833,14.6755,26.13330078125,3.8971498725004494e-05,0.035391900688409805,0.13357800245285034,5.5710901506245136e-05,t17_f5_c3,,,,ZTF19abjgazt
2459442.9660532,1,1688466052715,20.39889907836914,/ztf/archive/sci/2021/0816/466053/ztf_20210816466053_000298_zg_c07_o_q4_scimrefdiffimg.fits.fz,Kulkarni,1,1.688466052715015e+18,t,0.0,1688,27,298,2291.22998046875,564.0809936523438,29.2526941,-18.1602667,18.704700469970703,0.07546699792146683,2.0709800720214844,18.691099166870117,0.08640000224113464,0.012858999893069267,19.31800079345703,0.04500000178813934,2.510999917984009,0.15299999713897705,0.3692210018634796,-0.0135690001770854,1.9900000095367432,0.9829999804496765,564.0809936523438,1.707759976387024,1.2256900072097778,0.7160000205039978,0.6830000281333923,0.35979899764060974,0.3432160019874573,1.0483200550079346,1.0,0.0,0.9628570079803467,1.0,18.745899200439453,0.11479999870061874,29.2526903,-18.1602669,18.1071,25.981700897216797,3.375640153535642e-05,0.0337228998541832,-0.10494700074195862,4.9021298764273524e-05,t17_f5_c3,,,,ZTF19abjgazt
2459471.8771181,1,1717377112715,20.058799743652344,/ztf/archive/sci/2021/0914/377106/ztf_20210914377106_000298_zg_c07_o_q4_scimrefdiffimg.fits.fz,Kulkarni,1,1.717377112715015e+18,1,3.0,1717,27,298,2290.6201171875,618.8930053710938,29.2527197,-18.1603006,18.657800674438477,0.10342200100421906,2.7746500968933105,18.57270050048828,0.09629999846220016,0.1554339975118637,19.31800079345703,0.04500000178813934,2.510999917984009,0.15299999713897705,0.5073059797286987,-0.08513899892568588,3.0799999237060547,0.9800000190734863,618.8930053710938,1.4861199855804443,0.8642749786376953,0.8429999947547913,0.7799999713897705,0.273701012134552,0.2532469928264618,1.0807700157165527,1.0,0.0,0.9542859792709351,1.0,18.71489906311035,0.13899999856948853,29.2526903,-18.1602669,22.1095,25.766799926757812,3.759270111913793e-05,0.035146601498126984,-0.06839980185031891,6.0061898693675175e-05,t17_f5_c3,,,,ZTF19abjgazt
2459488.8346296,2,1734334622715,20.176799774169922,/ztf/archive/sci/2021/1001/334606/ztf_20211001334606_000298_zr_c07_o_q4_scimrefdiffimg.fits.fz,Kulkarni,1,1.734334622715015e+18,1,0.0,1734,27,298,2274.3701171875,614.344970703125,29.2527082,-18.1602932,19.026399612426758,0.10401599854230881,2.66444993019104,18.99530029296875,0.13330000638961792,0.043226998299360275,18.631999969482422,0.03999999910593033,2.5199999809265137,0.1889999955892563,-0.8380190134048462,-0.031067000702023506,2.0,0.9789999723434448,614.344970703125,1.1814899444580078,1.2603000402450562,0.7400000095367432,0.6899999976158142,0.3700000047683716,0.3449999988079071,1.0724600553512573,2.0,0.0,0.9671429991722107,0.9873650074005127,18.94890022277832,0.1624000072479248,29.2527156,-18.1602833,14.4276,26.236400604248047,2.107719956256915e-05,0.026440100744366646,0.12331800162792206,3.072010076721199e-05,t17_f5_c3,,,,ZTF19abjgazt
2459476.9192245,2,1722419222715,19.44099998474121,/ztf/archive/sci/2021/0919/419225/ztf_20210919419225_000298_zr_c07_o_q4_scimrefdiffimg.fits.fz,Kulkarni,1,1.722419222715015e+18,1,1.0,1722,27,298,2297.320068359375,597.8729858398438,29.2527014,-18.1603334,18.844499588012695,0.10320200026035309,1.0577199459075928,18.61639976501465,0.18629999458789825,0.1843869984149933,18.631999969482422,0.03999999910593033,2.5199999809265137,0.1889999955892563,-0.4535970091819763,-0.2280779927968979,2.1700000762939453,0.9810000061988831,597.8729858398438,0.8245609998703003,1.1299599409103394,0.8700000047683716,0.7710000276565552,0.4009220004081726,0.35530000925064087,1.1283999681472778,2.0,0.0,0.9571430087089539,1.0,18.519899368286133,0.218299999833107,29.2527156,-18.1602833,11.8544,26.237499237060547,3.6004199500894174e-05,0.03448290005326271,0.1272359937429428,5.128530028741807e-05,t17_f5_c3,,,,ZTF19abjgazt
2459436.9388542,1,1682438852715,20.297399520874023,/ztf/archive/sci/2021/0810/438854/ztf_20210810438854_000298_zg_c07_o_q4_scimrefdiffimg.fits.fz,Kulkarni,1,1.682438852715015e+18,t,1.0,1682,27,298,2276.110107421875,624.4869995117188,29.2526844,-18.1602729,18.655000686645508,0.08449900150299072,4.506040096282959,18.619199752807617,0.08309999853372574,0.02942899987101555,19.31800079345703,0.04500000178813934,2.510999917984009,0.15299999713897705,0.18667399883270264,-0.03583399951457977,2.2200000286102295,0.9829999804496765,624.4869995117188,1.6782399415969849,1.1731499433517456,0.7799999713897705,0.7139999866485596,0.3513509929180145,0.32162201404571533,1.0924400091171265,4.0,0.0,0.9599999785423279,0.9664450287818909,18.565399169921875,0.10010000318288803,29.2526903,-18.1602669,25.1307,25.95400047302246,4.12775989389047e-05,0.03708789870142937,-0.08823870122432709,6.271230085985735e-05,t17_f5_c3,,,,ZTF19abjgazt
2459439.9414352,1,1685441432715,19.90049934387207,/ztf/archive/sci/2021/0813/441435/ztf_20210813441435_000298_zg_c07_o_q4_scimrefdiffimg.fits.fz,Kulkarni,1,1.685441432715015e+18,t,0.0,1685,27,298,2284.60009765625,590.5339965820312,29.2526637,-18.1602979,18.71419906616211,0.14073599874973297,3.316800117492676,18.537599563598633,0.09449999779462814,0.1422249972820282,19.31800079345703,0.04500000178813934,2.510999917984009,0.15299999713897705,0.023283999413251877,-0.17662200331687927,3.1700000762939453,0.9909999966621399,590.5339965820312,1.3628499507904053,0.9565939903259277,1.0199999809265137,0.9700000286102295,0.32176700234413147,0.3059940040111542,1.051550030708313,1.0,0.0,0.9385709762573242,1.0,18.462600708007812,0.1120000034570694,29.2526903,-18.1602669,21.2299,25.77120018005371,6.107529770815745e-05,0.04466969892382622,-0.07807890325784683,0.00010173099872190505,t17_f5_c3,,,,ZTF19abjgazt
2459465.8990046,1,1711399002715,20.288299560546875,/ztf/archive/sci/2021/0908/399005/ztf_20210908399005_000298_zg_c07_o_q4_scimrefdiffimg.fits.fz,Kulkarni,1,1.711399002715015e+18,1,1.0,1711,27,298,2306.81005859375,592.1669921875,29.2526895,-18.1602753,18.747100830078125,0.08946999907493591,1.7301900386810303,18.65530014038086,0.08089999854564667,0.029823999851942062,19.31800079345703,0.04500000178813934,2.510999917984009,0.15299999713897705,0.41497400403022766,-0.0918470025062561,2.059999942779541,0.9819999933242798,592.1669921875,1.632949948310852,1.3529800176620483,0.8230000138282776,0.7990000247955322,0.3995150029659271,0.38786399364471436,1.0300400257110596,0.0,0.0,0.9700000286102295,1.0,18.540199279785156,0.09210000187158585,29.2526903,-18.1602669,21.5999,26.06909942626953,4.238279871060513e-05,0.037477098405361176,-0.10264399647712708,6.308389856712893e-05,t17_f5_c3,,,,ZTF19abjgazt
2459467.8931829,2,1713393182715,20.508699417114258,/ztf/archive/sci/2021/0910/393171/ztf_20210910393171_000298_zr_c07_o_q4_scimrefdiffimg.fits.fz,Kulkarni,1,1.713393182715015e+18,1,1.0,1713,27,298,2294.199951171875,584.5399780273438,29.25273,-18.1602992,18.79330062866211,0.08218800276517868,5.660099983215332,18.74410057067871,0.0892999991774559,0.07471299916505814,18.631999969482422,0.03999999910593033,2.5199999809265137,0.1889999955892563,0.18313899636268616,-0.04916800186038017,1.8200000524520874,0.9789999723434448,584.5399780273438,1.7646199464797974,1.2381199598312378,0.640999972820282,0.5979999899864197,0.3521980047225952,0.32857099175453186,1.07191002368927,3.0,0.0,0.9585710167884827,1.0,18.822799682617188,0.12099999934434891,29.2527156,-18.1602833,18.0608,26.14929962158203,1.7509899407741614e-05,0.023899300023913383,0.11653900146484375,2.4929200662882067e-05,t17_f5_c3,,,,ZTF19abjgazt
2459463.8985764,2,1709398572715,20.50670051574707,/ztf/archive/sci/2021/0906/398565/ztf_20210906398565_000298_zr_c07_o_q4_scimrefdiffimg.fits.fz,Kulkarni,1,1.709398572715015e+18,1,1.0,1709,27,298,2301.6201171875,610.68701171875,29.2526935,-18.1602862,18.895700454711914,0.09381099790334702,4.7367401123046875,18.815200805664062,0.09229999780654907,0.0755700021982193,18.631999969482422,0.03999999910593033,2.5199999809265137,0.1889999955892563,-0.22239899635314941,-0.08052799850702286,1.9800000190734863,0.9900000095367432,610.68701171875,1.6915299892425537,1.1715500354766846,0.7070000171661377,0.6230000257492065,0.35707101225852966,0.31464600563049316,1.1348299980163574,2.0,0.0,0.9642860293388367,1.0,18.8080997467041,0.11590000241994858,29.2527156,-18.1602833,21.0028,26.23270034790039,2.1807900338899344e-05,0.026678599417209625,0.12103799730539322,3.169260162394494e-05,t17_f5_c3,,,,ZTF19abjgazt
2459428.9399769,1,1674439972715,19.909299850463867,/ztf/archive/sci/2021/0802/439977/ztf_20210802439977_000298_zg_c07_o_q4_scimrefdiffimg.fits.fz,Kulkarni,1,1.674439972715015e+18,t,1.0,1674,27,298,2282.510009765625,575.864990234375,29.2526963,-18.1602789,18.673900604248047,0.09340800344944,2.976370096206665,18.7007999420166,0.12039999663829803,0.04705600067973137,19.31800079345703,0.04500000178813934,2.510999917984009,0.15299999713897705,0.04189600050449371,0.02688799984753132,2.309999942779541,0.9850000143051147,575.864990234375,1.2084599733352661,1.16867995262146,0.753000020980835,0.7300000190734863,0.3259739875793457,0.3160170018672943,1.0315099954605103,2.0,0.0,0.9671429991722107,1.0,18.70490074157715,0.1542000025510788,29.2526903,-18.1602669,21.8068,26.02090072631836,4.0677099605090916e-05,0.036556001752614975,-0.06824850291013718,6.52583985356614e-05,t17_f5_c3,,,,ZTF19abjgazt
2459430.9704861,1,1676470482715,20.25200080871582,/ztf/archive/sci/2021/0804/470474/ztf_20210804470474_000298_zg_c07_o_q4_scimrefdiffimg.fits.fz,Kulkarni,1,1.676470482715015e+18,t,2.0,1676,27,298,2299.679931640625,574.4819946289062,29.2526811,-18.1603161,18.62459945678711,0.0940369963645935,3.9781599044799805,18.636899948120117,0.08340000361204147,0.17762599885463715,19.31800079345703,0.04500000178813934,2.510999917984009,0.15299999713897705,0.20344799757003784,0.012272000312805176,2.450000047683716,0.9990000128746033,574.4819946289062,1.6151399612426758,1.115190029144287,0.8190000057220459,0.7710000276565552,0.33428600430488586,0.31469398736953735,1.0622600317001343,2.0,0.0,0.9657139778137207,1.0,18.621299743652344,0.10409999638795853,29.2526903,-18.1602669,28.8241,26.101600646972656,3.681239832076244e-05,0.03418330103158951,-0.0683773010969162,5.540630081668496e-05,t17_f5_c3,,,,ZTF19abjgazt
2459425.9241435,1,1671424142715,18.765399932861328,/ztf/archive/sci/2021/0730/424144/ztf_20210730424144_000298_zg_c07_o_q4_scimrefdiffimg.fits.fz,Kulkarni,1,1.671424142715015e+18,t,2.0,1671,27,298,2290.43994140625,568.4509887695312,29.2526861,-18.1603112,18.383399963378906,0.1881379932165146,1.1485099792480469,18.468599319458008,0.24570000171661377,0.15791499614715576,19.31800079345703,0.04500000178813934,2.510999917984009,0.15299999713897705,-0.5522400140762329,0.08520500361919403,2.809999942779541,0.9879999756813049,568.4509887695312,0.2968190014362335,1.0702199935913086,0.8299999833106995,0.718999981880188,0.2953740060329437,0.2558720111846924,1.154379963874817,4.0,0.0,0.9228569865226746,0.9753469824790955,18.445199966430664,0.3086000084877014,29.2526903,-18.1602669,11.419,25.779399871826172,0.0001295569963986054,0.04822880029678345,-0.03436880186200142,0.00029160900157876313,t17_f5_c3,,,,ZTF19abjgazt
2459444.9386921,1,1690438692715,20.079299926757812,/ztf/archive/sci/2021/0818/438241/ztf_20210818438241_000298_zg_c07_o_q4_scimrefdiffimg.fits.fz,Kulkarni,1,1.6904386927150152e+18,1,84.0,1690,27,298,2282.280029296875,571.85400390625,29.2526646,-18.1603039,18.744800567626953,0.08139199763536453,1.7777199745178223,18.58880043029785,0.08709999918937683,0.15772399306297302,19.31800079345703,0.04500000178813934,2.510999917984009,0.15299999713897705,0.6724380254745483,-0.15601800382137299,3.359999895095825,0.8659999966621399,571.85400390625,1.490530014038086,0.877357006072998,1.0770000219345093,0.9739999771118164,0.3205359876155853,0.28988099098205566,1.1057499647140503,1.0,0.0,0.6571429967880249,1.0,18.595399856567383,0.11089999973773956,29.2526903,-18.1602669,19.1424,25.839799880981445,5.6107299315044656e-05,0.04296179860830307,-0.05963040143251419,8.770830027060583e-05,t17_f5_c3,,,,ZTF19abjgazt
2459460.9173032,1,1706417302715,20.489099502563477,/ztf/archive/sci/2021/0903/417257/ztf_20210903417257_000298_zg_c07_o_q4_scimrefdiffimg.fits.fz,Kulkarni,1,1.706417302715015e+18,1,1.0,1706,27,298,2309.409912109375,594.0079956054688,29.2526994,-18.1603292,18.781999588012695,0.09906700253486633,2.898560047149658,18.69930076599121,0.07249999791383743,0.22334900498390198,19.31800079345703,0.04500000178813934,2.510999917984009,0.15299999713897705,0.6492519974708557,-0.0826840028166771,2.740000009536743,0.9679999947547913,594.0079956054688,1.789829969406128,0.9912359714508057,0.9649999737739563,0.8889999985694885,0.3521899878978729,0.3244529962539673,1.0854899883270264,2.0,0.0,0.9628570079803467,1.0,18.624399185180664,0.08540000021457672,29.2526903,-18.1602669,21.8699,26.194000244140625,4.78904003102798e-05,0.03964279964566231,-0.07353319972753525,6.903999747009948e-05,t17_f5_c3,,,,ZTF19abjgazt
2460251.7137963,1,2497213792715,19.94700050354004,/ztf/archive/sci/2023/1103/213796/ztf_20231103213796_000298_zg_c07_o_q4_scimrefdiffimg.fits.fz,Kulkarni,1,2.497213792715015e+18,t,1.0,2497,27,298,2275.110107421875,631.9500122070312,29.2526784,-18.1603326,19.217899322509766,0.15067599713802338,1.3166799545288086,19.00040054321289,0.13580000400543213,0.23673400282859802,19.31800079345703,0.04500000178813934,2.510999917984009,0.15299999713897705,0.4276129901409149,-0.21748700737953186,3.1600000858306885,0.9810000061988831,631.9500122070312,0.946603000164032,0.9629110097885132,1.1690000295639038,0.9269999861717224,0.369937002658844,0.29335400462150574,1.2610599994659424,2.0,0.0,0.8428570032119751,1.0,18.885799407958984,0.15600000321865082,29.2526903,-18.1602669,13.522,26.188899993896484,4.2725001549115404e-05,0.03675609827041626,-0.06294160336256027,7.24338970030658e-05,t17_f5_c3,,,,ZTF19abjgazt
2459165.6919792,1,1411191972715,20.176000595092773,/ztf/archive/sci/2020/1112/191979/ztf_20201112191979_000298_zg_c07_o_q4_scimrefdiffimg.fits.fz,Kulkarni,1,1.411191972715015e+18,t,1.0,1411,27,298,2234.780029296875,600.2329711914062,29.2527157,-18.1603062,19.07469940185547,0.1076200008392334,1.2454700469970703,19.254100799560547,0.14710000157356262,0.1637759953737259,19.31800079345703,0.04500000178813934,2.510999917984009,0.15299999713897705,0.7059500217437744,0.17940199375152588,2.8299999237060547,0.9769999980926514,600.2329711914062,0.9219120144844055,1.022570013999939,0.7960000038146973,0.7749999761581421,0.2812719941139221,0.27385199069976807,1.0270999670028687,3.0,0.0,0.949999988079071,1.0,19.365800857543945,0.20749999582767487,29.2526903,-18.1602669,17.2347,26.185699462890625,4.189979881630279e-05,0.03719649836421013,-0.06288520246744156,6.298439984675497e-05,t17_f5_c3,,,,ZTF19abjgazt
2459165.7308565,2,1411230852715,20.46579933166504,/ztf/archive/sci/2020/1112/230856/ztf_20201112230856_000298_zr_c07_o_q4_scimrefdiffimg.fits.fz,Kulkarni,1,1.411230852715015e+18,t,0.0,1411,27,298,2255.050048828125,606.031982421875,29.2527006,-18.1602838,19.061399459838867,0.08743800222873688,1.419819951057434,19.31220054626465,0.15219999849796295,0.05070300027728081,18.631999969482422,0.03999999910593033,2.5199999809265137,0.1889999955892563,-0.22345900535583496,0.25083398818969727,1.7300000190734863,0.9819999933242798,606.031982421875,1.1535899639129639,1.3186299800872803,0.6079999804496765,0.5609999895095825,0.3514449894428253,0.32427701354026794,1.08378005027771,5.0,0.0,0.9571430087089539,0.9576259851455688,19.263999938964844,0.18490000069141388,29.2527156,-18.1602833,11.2798,26.258399963378906,2.4439499611617066e-05,0.028704799711704254,0.12625600397586823,3.5434601159067824e-05,t17_f5_c3,,,,ZTF19abjgazt
2459167.7395718,2,1413239572715,20.00979995727539,/ztf/archive/sci/2020/1114/239572/ztf_20201114239572_000298_zr_c07_o_q4_scimrefdiffimg.fits.fz,Kulkarni,1,1.413239572715015e+18,t,1.0,1413,27,298,2269.159912109375,623.4500122070312,29.2526873,-18.1603431,19.10569953918457,0.10189399868249893,1.189389944076538,19.06730079650879,0.1395999938249588,0.2331099957227707,18.631999969482422,0.03999999910593033,2.5199999809265137,0.1889999955892563,-0.16500400006771088,-0.03843599930405617,2.5199999809265137,0.9819999933242798,623.4500122070312,0.9424809813499451,1.1883599758148193,0.8970000147819519,0.8920000195503235,0.3559519946575165,0.3539679944515228,1.0055999755859375,1.0,0.0,0.9599999785423279,1.0,19.114200592041016,0.18549999594688416,29.2527156,-18.1602833,13.9477,26.270700454711914,2.6151999918511137e-05,0.029807399958372116,0.12183400243520737,3.856579860439524e-05,t17_f5_c3,,,,ZTF19abjgazt
2459167.827037,1,1413327032715,19.787399291992188,/ztf/archive/sci/2020/1114/327037/ztf_20201114327037_000298_zg_c07_o_q4_scimrefdiffimg.fits.fz,Kulkarni,1,1.413327032715015e+18,t,1.0,1413,27,298,2242.06005859375,597.1859741210938,29.2526751,-18.160263,19.076400756835938,0.1399189978837967,0.7954189777374268,18.917600631713867,0.10869999974966049,0.05302700027823448,19.31800079345703,0.04500000178813934,2.510999917984009,0.15299999713897705,0.3869819939136505,-0.15882599353790283,7.840000152587891,0.3059999942779541,597.1859741210938,0.8698409795761108,0.5253430008888245,1.7020000219345093,1.6139999628067017,0.21709200739860535,0.2058670073747635,1.0545200109481812,1.0,0.0,0.42285698652267456,1.0,18.78179931640625,0.12210000306367874,29.2526903,-18.1602669,14.2447,26.20039939880371,6.679989746771753e-05,0.04200759902596474,-0.06775909662246704,0.000135373993543908,t17_f5_c3,,,,ZTF19abjgazt
2459168.7106829,1,1414210682715,20.35770034790039,/ztf/archive/sci/2020/1115/210683/ztf_20201115210683_000298_zg_c07_o_q4_scimrefdiffimg.fits.fz,Kulkarni,1,1.414210682715015e+18,t,0.0,1414,27,298,2245.35009765625,609.8770141601562,29.2526985,-18.1602939,19.108200073242188,0.10991699993610382,2.5208098888397217,19.060300827026367,0.11309999972581863,0.09982699900865555,19.31800079345703,0.04500000178813934,2.510999917984009,0.15299999713897705,0.5477740168571472,-0.04785500094294548,2.9000000953674316,0.984000027179718,609.8770141601562,1.2973599433898926,0.9236289858818054,0.7910000085830688,0.7329999804496765,0.27275899052619934,0.25275900959968567,1.0791300535202026,3.0,0.0,0.9542859792709351,0.9991409778594971,19.171199798583984,0.1589999943971634,29.2526903,-18.1602669,18.9075,26.235200881958008,3.0873401556164026e-05,0.03221990168094635,-0.08390240371227264,4.5521701395045966e-05,t17_f5_c3,,,,ZTF19abjgazt
2459168.7754977,2,1414275492715,20.25629997253418,/ztf/archive/sci/2020/1115/275486/ztf_20201115275486_000298_zr_c07_o_q4_scimrefdiffimg.fits.fz,Kulkarni,1,1.414275492715015e+18,t,2.0,1414,27,298,2257.89990234375,615.760009765625,29.2527044,-18.1603418,19.14780044555664,0.10467100143432617,1.7276599407196045,19.14780044555664,0.1527000069618225,0.2122039943933487,18.631999969482422,0.03999999910593033,2.5199999809265137,0.1889999955892563,0.28053098917007446,1.5999999959603883e-05,2.0199999809265137,0.9980000257492065,615.760009765625,1.108549952507019,1.1617499589920044,0.753000020980835,0.6470000147819519,0.3727720081806183,0.3202970027923584,1.163830041885376,7.0,0.0,0.9628570079803467,0.95210200548172,19.086599349975586,0.18389999866485596,29.2527156,-18.1602833,16.1066,26.27680015563965,2.1494699467439204e-05,0.026834599673748016,0.12022799998521805,3.1098901672521606e-05,t17_f5_c3,,,,ZTF19abjgazt
2459170.7446875,1,1416244682715,20.326900482177734,/ztf/archive/sci/2020/1117/244688/ztf_20201117244688_000298_zg_c07_o_q4_scimrefdiffimg.fits.fz,Kulkarni,1,1.416244682715015e+18,t,3.0,1416,27,298,2278.56005859375,582.4949951171875,29.252721,-18.1603091,19.02560043334961,0.12094999849796295,4.603650093078613,18.864099502563477,0.09950000047683716,0.1820870041847229,19.31800079345703,0.04500000178813934,2.510999917984009,0.15299999713897705,0.08276399970054626,-0.1615079939365387,2.5899999141693115,0.9990000128746033,582.4949951171875,1.4628000259399414,1.0092999935150146,0.7870000004768372,0.7250000238418579,0.30386099219322205,0.2799229919910431,1.0855200290679932,5.0,0.0,0.9585710167884827,0.9908069968223572,18.801700592041016,0.11949999630451202,29.2526903,-18.1602669,22.704,26.241600036621094,3.288060179329477e-05,0.032870300114154816,-0.09730959683656693,4.6853099775034934e-05,t17_f5_c3,,,,ZTF19abjgazt
2459170.7895833,2,1416289582715,20.096900939941406,/ztf/archive/sci/2020/1117/289583/ztf_20201117289583_000298_zr_c07_o_q4_scimrefdiffimg.fits.fz,Kulkarni,1,1.416289582715015e+18,t,1.0,1416,27,298,2273.110107421875,584.8109741210938,29.2527318,-18.1602926,19.150100708007812,0.10582199692726135,1.6187900304794312,19.262100219726562,0.17589999735355377,0.06385000050067902,18.631999969482422,0.03999999910593033,2.5199999809265137,0.1889999955892563,-0.17148199677467346,0.11196599900722504,1.899999976158142,0.9810000061988831,584.8109741210938,0.8347820043563843,1.375830054283142,0.7059999704360962,0.6430000066757202,0.37157899141311646,0.3384209871292114,1.09798002243042,1.0,0.0,0.9700000286102295,1.0,19.304800033569336,0.23319999873638153,29.2527156,-18.1602833,13.1529,26.25510025024414,2.3001099179964513e-05,0.027519699186086655,0.12498699873685837,3.290830136393197e-05,t17_f5_c3,,,,ZTF19abjgazt
2459172.7374653,1,1418237462715,20.202600479125977,/ztf/archive/sci/2020/1119/237442/ztf_20201119237442_000298_zg_c07_o_q4_scimrefdiffimg.fits.fz,Kulkarni,1,1.418237462715015e+18,t,3.0,1418,27,298,2257.550048828125,582.22900390625,29.2526569,-18.1602902,19.05470085144043,0.10490299761295319,2.1096599102020264,19.061199188232422,0.11479999870061874,0.1398559957742691,19.31800079345703,0.04500000178813934,2.510999917984009,0.15299999713897705,0.4956960082054138,0.006517000030726194,3.369999885559082,0.9760000109672546,582.22900390625,1.1414200067520142,0.9016749858856201,0.9169999957084656,0.8550000190734863,0.27210700511932373,0.25370898842811584,1.0725200176239014,2.0,0.0,0.9442859888076782,0.999966025352478,19.090900421142578,0.15000000596046448,29.2526903,-18.1602669,17.8194,26.261699676513672,3.43885003530886e-05,0.03366469964385033,-0.08744339644908905,5.142399822943844e-05,t17_f5_c3,,,,ZTF19abjgazt
2459176.7322106,1,1422232212715,18.332799911499023,/ztf/archive/sci/2020/1123/232199/ztf_20201123232199_000298_zg_c07_o_q4_scimrefdiffimg.fits.fz,Kulkarni,1,,,,1422,27,298,,,,,,,,,,,,,,,,,,,,,,,,,,,,,,,,,,,,25.08970069885254,0.0008679530001245439,0.0975612998008728,-0.11424999684095383,0.001992469886317849,t17_f5_c3,,,,ZTF19abjgazt
2459176.7801389,2,1422280132715,19.403400421142578,/ztf/archive/sci/2020/1123/280139/ztf_20201123280139_000298_zr_c07_o_q4_scimrefdiffimg.fits.fz,Kulkarni,1,1.422280132715015e+18,t,2.0,1422,27,298,2244.1201171875,588.135009765625,29.2526842,-18.1602934,19.419300079345703,0.15105299651622772,0.9797750115394592,19.23069953918457,0.3082999885082245,0.11217699944972992,18.631999969482422,0.03999999910593033,2.5199999809265137,0.1889999955892563,-3.1550300121307373,-0.1886029988527298,1.3498300313949585,0.8019999861717224,588.135009765625,0.17268000543117523,2.0,0.8610000014305115,0.6010000109672546,0.637857973575592,0.4452410042285919,1.432610034942627,7.0,0.0,0.8457139730453491,0.8471729755401611,19.13129997253418,0.36039999127388,29.2527156,-18.1602833,6.38625,26.088300704956055,7.739270222373307e-05,0.05001639947295189,0.1254570037126541,0.00011197300045751035,t17_f5_c3,,,,ZTF19abjgazt
2459178.6709144,1,1424170912715,19.356700897216797,/ztf/archive/sci/2020/1125/170914/ztf_20201125170914_000298_zg_c07_o_q4_scimrefdiffimg.fits.fz,Kulkarni,1,,,,1424,27,298,,,,,,,,,,,,,,,,,,,,,,,,,,,,,,,,,,,,26.239900588989258,5.751720163971186e-05,0.03951859846711159,-0.10548499971628189,0.00011844799882965162,t17_f5_c3,,,,ZTF19abjgazt
2459178.7311111,2,1424231112715,19.82859992980957,/ztf/archive/sci/2020/1125/231111/ztf_20201125231111_000298_zr_c07_o_q4_scimrefdiffimg.fits.fz,Kulkarni,1,1.424231112715015e+18,t,0.0,1424,27,298,2247.0400390625,597.864990234375,29.2526942,-18.1603259,19.42060089111328,0.1473820060491562,1.257930040359497,19.62540054321289,0.3695000112056732,0.16783800721168518,18.631999969482422,0.03999999910593033,2.5199999809265137,0.1889999955892563,0.3953540027141571,0.2048259973526001,1.5399999618530273,0.890999972820282,597.864990234375,0.203234001994133,1.422629952430725,0.5989999771118164,0.48399999737739563,0.38896098732948303,0.3142859935760498,1.2375999689102173,8.0,0.0,0.8957139849662781,0.907829999923706,19.65530014038086,0.4871000051498413,29.2527156,-18.1602833,9.00337,26.25860023498535,3.394779923837632e-05,0.03364729881286621,0.12798599898815155,4.914979945169762e-05,t17_f5_c3,,,,ZTF19abjgazt
2459180.6936806,1,1426193682715,18.439699172973633,/ztf/archive/sci/2020/1127/193519/ztf_20201127193519_000298_zg_c07_o_q4_scimrefdiffimg.fits.fz,Kulkarni,1,1.426193682715015e+18,t,0.0,1426,27,298,2239.3798828125,667.4080200195312,29.2528253,-18.1599619,18.819700241088867,0.348006010055542,0.8703380227088928,18.885499954223633,0.2903999984264374,1.1758999824523926,19.31800079345703,0.04500000178813934,2.510999917984009,0.15299999713897705,0.8539000153541565,0.06575600057840347,2.9200000762939453,0.6439999938011169,667.4080200195312,-0.44578200578689575,1.7260099649429321,1.503000020980835,1.1490000486373901,0.5147259831428528,0.39349299669265747,1.3080899715423584,6.0,0.0,0.39428600668907166,0.8933579921722412,18.973499298095703,0.4043999910354614,29.2526903,-18.1602669,5.38557,26.191699981689453,0.00027447499451227486,0.041880298405885696,-0.016461800783872604,0.0006732619949616492,t17_f5_c3,,,,ZTF19abjgazt
2459180.7309028,2,1426230902715,18.260799407958984,/ztf/archive/sci/2020/1127/230903/ztf_20201127230903_000298_zr_c07_o_q4_scimrefdiffimg.fits.fz,Kulkarni,1,,,,1426,27,298,,,,,,,,,,,,,,,,,,,,,,,,,,,,,,,,,,,,26.273500442504883,0.00020247699285391718,0.04193520173430443,0.10720700025558472,0.00035753101110458374,t17_f5_c3,,,,ZTF19abjgazt
2459182.6194444,2,1428119442715,19.055299758911133,/ztf/archive/sci/2020/1129/119444/ztf_20201129119444_000298_zr_c07_o_q4_scimrefdiffimg.fits.fz,Kulkarni,1,1.428119442715015e+18,t,0.0,1428,27,298,2221.340087890625,605.427978515625,29.2525511,-18.1603877,19.287599563598633,0.2410539984703064,0.8273299932479858,19.0216007232666,0.31220000982284546,0.6683189868927002,18.631999969482422,0.03999999910593033,2.5199999809265137,0.1889999955892563,0.0928649976849556,-0.2660380005836487,2.9200000762939453,0.9919999837875366,605.427978515625,0.033716000616550446,1.0334899425506592,1.2139999866485596,1.0870000123977661,0.41575300693511963,0.3722600042819977,1.1168299913406372,3.0,0.0,0.7942860126495361,1.0,18.87820053100586,0.35120001435279846,29.2527156,-18.1602833,6.16003,26.248600006103516,5.6972599850269035e-05,0.0424639992415905,0.10920199751853943,8.242509647971019e-05,t17_f5_c3,,,,ZTF19abjgazt
2459182.6898958,1,1428189892715,19.065799713134766,/ztf/archive/sci/2020/1129/189896/ztf_20201129189896_000298_zg_c07_o_q4_scimrefdiffimg.fits.fz,Kulkarni,1,,,,1428,27,298,,,,,,,,,,,,,,,,,,,,,,,,,,,,,,,,,,,,26.264299392700195,8.013119804672897e-05,0.03882709890604019,-0.08194710314273834,0.00018128400552086532,t17_f5_c3,,,,ZTF19abjgazt
2459184.689294,1,1430189292715,19.1658992767334,/ztf/archive/sci/2020/1201/189294/ztf_20201201189294_000298_zg_c07_o_q4_scimrefdiffimg.fits.fz,Kulkarni,1,,,,1430,27,298,,,,,,,,,,,,,,,,,,,,,,,,,,,,,,,,,,,,26.22879981994629,7.885420200182125e-05,0.04356500133872032,-0.05896750092506409,0.0001651659986237064,t17_f5_c3,,,,ZTF19abjgazt
2459184.7734606,2,1430273462715,19.29450035095215,/ztf/archive/sci/2020/1201/273461/ztf_20201201273461_000298_zr_c07_o_q4_scimrefdiffimg.fits.fz,Kulkarni,1,1.430273462715015e+18,t,3.0,1430,27,298,2259.0400390625,609.85400390625,29.2527378,-18.1603246,19.695100784301758,0.28962400555610657,1.2740700244903564,19.689199447631836,0.5073999762535095,0.1647229939699173,18.631999969482422,0.03999999910593033,2.5199999809265137,0.1889999955892563,0.7102550268173218,-0.005917999893426895,1.377619981765747,0.9710000157356262,609.85400390625,-0.39474600553512573,2.0,0.5569999814033508,0.3569999933242798,0.40432101488113403,0.25914299488067627,1.5602200031280518,9.0,0.0,0.7300000190734863,0.6157640218734741,19.61639976501465,0.609000027179718,29.2527156,-18.1602833,5.81672,26.236099243164062,5.7496199588058516e-05,0.04376940056681633,0.11716499924659729,8.352930308319628e-05,t17_f5_c3,,,,ZTF19abjgazt
2459186.6891782,1,1432189172715,18.85770034790039,/ztf/archive/sci/2020/1203/189144/ztf_20201203189144_000298_zg_c07_o_q4_scimrefdiffimg.fits.fz,Kulkarni,1,,,,1432,27,298,,,,,,,,,,,,,,,,,,,,,,,,,,,,,,,,,,,,26.273500442504883,0.0002695400035008788,0.05027350038290024,-0.09102710336446762,0.0006233960157260299,t17_f5_c3,,,,ZTF19abjgazt
2459188.7314236,2,1434231422715,19.363000869750977,/ztf/archive/sci/2020/1205/231412/ztf_20201205231412_000298_zr_c07_o_q4_scimrefdiffimg.fits.fz,Kulkarni,1,1.4342314227150152e+18,t,154.0,1434,27,298,2257.0,611.0250244140625,29.2527361,-18.1604144,19.582300186157227,0.2007399946451187,0.9450989961624146,19.810199737548828,0.4544000029563904,0.4710310101509094,18.631999969482422,0.03999999910593033,2.5199999809265137,0.1889999955892563,3.434849977493286,0.22789299488067627,3.890000104904175,0.7639999985694885,611.0250244140625,-0.4472090005874634,0.832859992980957,1.1770000457763672,0.9390000104904175,0.30257099866867065,0.2413879930973053,1.2534600496292114,2.0,0.0,0.5799999833106995,1.0,20.028200149536133,0.7117000222206116,29.2527156,-18.1602833,6.7382,26.264299392700195,4.938420170219615e-05,0.04043680056929588,0.1367339938879013,7.17884031473659e-05,t17_f5_c3,,,,ZTF19abjgazt
2459190.6870718,2,1436187072715,20.036500930786133,/ztf/archive/sci/2020/1207/187072/ztf_20201207187072_000298_zr_c07_o_q4_scimrefdiffimg.fits.fz,Kulkarni,1,1.4361870727150152e+18,t,137.0,1436,27,298,2266.06005859375,581.8820190429688,29.2527252,-18.1602398,19.453500747680664,0.10578399896621704,1.0185799598693848,19.858699798583984,0.352400004863739,0.1558929979801178,18.631999969482422,0.03999999910593033,2.5199999809265137,0.1889999955892563,3.3542699813842773,0.40516701340675354,2.5999999046325684,0.9810000061988831,581.8820190429688,0.17782099545001984,0.9118599891662598,0.5440000295639038,0.44999998807907104,0.20923100411891937,0.17307700216770172,1.2088899612426758,5.0,0.0,0.63857102394104,0.9772419929504395,19.93869972229004,0.48489999771118164,29.2527156,-18.1602833,8.19769,26.249500274658203,2.2575499315280467e-05,0.027158500626683235,0.13062800467014313,3.238970020902343e-05,t17_f5_c3,,,,ZTF19abjgazt
2459193.7374769,2,1439237472715,20.09939956665039,/ztf/archive/sci/2020/1210/237477/ztf_20201210237477_000298_zr_c07_o_q4_scimrefdiffimg.fits.fz,Kulkarni,1,1.439237472715015e+18,t,1.0,1439,27,298,2252.030029296875,613.6630249023438,29.2526156,-18.1603217,19.586999893188477,0.1635109931230545,1.5574300289154053,19.439800262451172,0.21649999916553497,0.3723370134830475,18.631999969482422,0.03999999910593033,2.5199999809265137,0.1889999955892563,0.19687199592590332,-0.14720499515533447,2.2899999618530273,0.9639999866485596,613.6630249023438,0.6596149802207947,1.0874899625778198,0.7919999957084656,0.6520000100135803,0.34585198760032654,0.28471601009368896,1.2147200107574463,4.0,0.0,0.9800000190734863,0.9970390200614929,19.46929931640625,0.28369998931884766,29.2527156,-18.1602833,10.8357,26.201000213623047,2.6656800400814973e-05,0.030079500749707222,0.12841500341892242,3.873719833791256e-05,t17_f5_c3,,,,ZTF19abjgazt
2459195.7103704,2,1441210372715,20.260000228881836,/ztf/archive/sci/2020/1212/210359/ztf_20201212210359_000298_zr_c07_o_q4_scimrefdiffimg.fits.fz,Kulkarni,1,1.441210372715015e+18,t,5.0,1441,27,298,2250.3701171875,626.3350219726562,29.2526738,-18.1603101,19.42099952697754,0.11261499673128128,1.7061599493026733,19.425800323486328,0.17749999463558197,0.17034099996089935,18.631999969482422,0.03999999910593033,2.5199999809265137,0.1889999955892563,0.12750999629497528,0.004809000063687563,2.240000009536743,0.9800000190734863,626.3350219726562,0.8342069983482361,1.1659200191497803,0.7979999780654907,0.7599999904632568,0.35624998807907104,0.3392859995365143,1.0499999523162842,3.0,0.0,0.9671429991722107,1.0,19.405799865722656,0.2215999960899353,29.2527156,-18.1602833,11.705,26.261999130249023,1.887749931483995e-05,0.025127099826931953,0.1249840036034584,2.777199915726669e-05,t17_f5_c3,,,,ZTF19abjgazt
2459197.7097338,2,1443209732715,17.446800231933594,/ztf/archive/sci/2020/1214/209722/ztf_20201214209722_000298_zr_c07_o_q4_scimrefdiffimg.fits.fz,Kulkarni,1,,,,1443,27,298,,,,,,,,,,,,,,,,,,,,,,,,,,,,,,,,,,,,24.326799392700195,0.0003265150007791817,0.0540057010948658,0.13934700191020966,0.0005498279933817685,t17_f5_c3,,,,ZTF19abjgazt
2459199.7111227,2,1445211122715,19.532899856567383,/ztf/archive/sci/2020/1216/211123/ztf_20201216211123_000298_zr_c07_o_q4_scimrefdiffimg.fits.fz,Kulkarni,1,1.445211122715015e+18,t,1.0,1445,27,298,2244.719970703125,631.3790283203125,29.2528805,-18.1602821,19.558799743652344,0.280923992395401,1.2471200227737427,19.397199630737305,0.2070000022649765,0.5571789741516113,18.631999969482422,0.03999999910593033,2.5199999809265137,0.1889999955892563,0.36083999276161194,-0.16162200272083282,3.140000104904175,0.5839999914169312,631.3790283203125,0.13572099804878235,1.3416199684143066,1.6169999837875366,1.5980000495910645,0.5149679780006409,0.508916974067688,1.0118900537490845,3.0,0.0,0.4385710060596466,1.0,19.48509979248047,0.2865000069141388,29.2527156,-18.1602833,6.89389,26.25480079650879,5.462139961309731e-05,0.04259210079908371,0.13366000354290009,8.097600220935419e-05,t17_f5_c3,,,,ZTF19abjgazt
2459199.7882407,1,1445288242715,19.005300521850586,/ztf/archive/sci/2020/1216/288241/ztf_20201216288241_000298_zg_c07_o_q4_scimrefdiffimg.fits.fz,Kulkarni,1,1.445288242715015e+18,t,0.0,1445,27,298,2217.6201171875,606.0349731445312,29.2525931,-18.1604773,19.303600311279297,0.3574639856815338,1.1513099670410156,19.2406005859375,0.20280000567436218,0.8162789940834045,19.31800079345703,0.04500000178813934,2.510999917984009,0.15299999713897705,0.3388899862766266,-0.06303799897432327,5.789999961853027,0.4490000009536743,606.0349731445312,-0.2353139966726303,1.0368000268936157,2.434999942779541,2.1389999389648438,0.4205529987812042,0.3694300055503845,1.1383800506591797,7.0,0.0,0.3371430039405823,1.0,19.148399353027344,0.23849999904632568,29.2526903,-18.1602669,6.467,26.088600158691406,0.0001872300053946674,0.04553920030593872,-0.00797985028475523,0.0004198749957140535,t17_f5_c3,,,,ZTF19abjgazt
2459202.6897801,1,1448189782715,19.74049949645996,/ztf/archive/sci/2020/1219/189780/ztf_20201219189780_000298_zg_c07_o_q4_scimrefdiffimg.fits.fz,Kulkarni,1,1.448189782715015e+18,t,1.0,1448,27,298,2234.820068359375,619.9459838867188,29.2525086,-18.1604462,19.445600509643555,0.20496800541877747,1.3002300262451172,19.236600875854492,0.15780000388622284,0.8844599723815918,19.31800079345703,0.04500000178813934,2.510999917984009,0.15299999713897705,0.395889014005661,-0.208964005112648,7.889999866485596,0.6200000047683716,619.9459838867188,0.503902018070221,0.498553991317749,1.590000033378601,1.3839999437332153,0.20152099430561066,0.17541199922561646,1.1488399505615234,0.0,0.0,0.36714300513267517,1.0,19.143999099731445,0.18520000576972961,29.2526903,-18.1602669,10.8052,26.217599868774414,6.10603965469636e-05,0.040246300399303436,-0.04283419996500015,0.000122615005238913,t17_f5_c3,,,,ZTF19abjgazt
2459204.6911806,2,1450191182715,19.811800003051758,/ztf/archive/sci/2020/1221/191181/ztf_20201221191181_000298_zr_c07_o_q4_scimrefdiffimg.fits.fz,Kulkarni,1,1.450191182715015e+18,1,0.0,1450,27,298,2255.72998046875,616.3629760742188,29.2526954,-18.1604235,19.497600555419922,0.12506499886512756,1.1261199712753296,19.003299713134766,0.16670000553131104,0.5029299855232239,18.631999969482422,0.03999999910593033,2.5199999809265137,0.1889999955892563,-0.2332029938697815,-0.4943220019340515,2.140000104904175,0.9559999704360962,616.3629760742188,0.8084669709205627,1.311900019645691,1.152999997138977,1.11899995803833,0.5387849807739258,0.5228970050811768,1.0303800106048584,8.0,0.0,0.6771429777145386,0.945264995098114,19.47010040283203,0.3269999921321869,29.2527156,-18.1602833,8.68972,26.242599487304688,3.304550045868382e-05,0.03336760029196739,0.13127200305461884,4.849479955737479e-05,t17_f5_c3,,,,ZTF19abjgazt
2459204.6911806,2,1450191182715,19.811800003051758,/ztf/archive/sci/2020/1221/191181/ztf_20201221191181_000298_zr_c07_o_q4_scimrefdiffimg.fits.fz,Kulkarni,1,1.450191182715015e+18,t,0.0,1450,27,298,2255.72998046875,616.3629760742188,29.2526954,-18.1604235,19.497600555419922,0.12506499886512756,1.1261199712753296,19.003299713134766,0.16670000553131104,0.5029299855232239,18.631999969482422,0.03999999910593033,2.5199999809265137,0.1889999955892563,-0.2332029938697815,-0.4943220019340515,2.140000104904175,0.9559999704360962,616.3629760742188,0.8084669709205627,1.311900019645691,1.152999997138977,1.11899995803833,0.5387849807739258,0.5228970050811768,1.0303800106048584,8.0,0.0,0.6771429777145386,0.945264995098114,19.47010040283203,0.3269999921321869,29.2527156,-18.1602833,8.68972,26.242599487304688,3.304550045868382e-05,0.03336760029196739,0.13127200305461884,4.849479955737479e-05,t17_f5_c3,,,,ZTF19abjgazt
2459204.7334259,1,1450233422715,19.671899795532227,/ztf/archive/sci/2020/1221/233426/ztf_20201221233426_000298_zg_c07_o_q4_scimrefdiffimg.fits.fz,Kulkarni,1,1.450233422715015e+18,t,1.0,1450,27,298,2237.0,608.7069702148438,29.2526658,-18.1603453,19.483800888061523,0.19165000319480896,1.0435600280761719,19.138599395751953,0.19200000166893005,0.29055100679397583,19.31800079345703,0.04500000178813934,2.510999917984009,0.15299999713897705,0.699347972869873,-0.3452189862728119,3.619999885559082,0.9649999737739563,608.7069702148438,0.5332649946212769,0.863182008266449,1.2990000247955322,1.222000002861023,0.3588399887084961,0.337568998336792,1.0630099773406982,2.0,0.0,0.6642860174179077,1.0,19.421600341796875,0.31869998574256897,29.2526903,-18.1602669,9.44324,26.178800582885742,4.7599198296666145e-05,0.03727110102772713,-0.05972279980778694,8.868349686963484e-05,t17_f5_c3,,,,ZTF19abjgazt
2459206.6694097,1,1452169402715,18.00189971923828,/ztf/archive/sci/2020/1223/169410/ztf_20201223169410_000298_zg_c07_o_q4_scimrefdiffimg.fits.fz,Kulkarni,1,,,,1452,27,298,,,,,,,,,,,,,,,,,,,,,,,,,,,,,,,,,,,,25.17959976196289,0.0003169169940520078,0.048628900200128555,-0.10855100303888321,0.0008251530234701931,t17_f5_c3,,,,ZTF19abjgazt
2459206.7107176,2,1452210712715,17.003299713134766,/ztf/archive/sci/2020/1223/210718/ztf_20201223210718_000298_zr_c07_o_q4_scimrefdiffimg.fits.fz,Kulkarni,1,,,,1452,27,298,,,,,,,,,,,,,,,,,,,,,,,,,,,,,,,,,,,,24.814800262451172,0.0004691480135079473,0.04681970179080963,0.005026909988373518,0.0008837949717417359,t17_f5_c3,,,,ZTF19abjgazt
2459210.6491435,2,1456149142715,19.399599075317383,/ztf/archive/sci/2020/1227/149144/ztf_20201227149144_000298_zr_c07_o_q4_scimrefdiffimg.fits.fz,Kulkarni,1,1.456149142715015e+18,t,0.0,1456,27,298,2268.239990234375,629.1129760742188,29.2527095,-18.1603221,19.337400436401367,0.1911810040473938,0.72182297706604,19.49209976196289,0.35089999437332153,0.13931499421596527,18.631999969482422,0.03999999910593033,2.5199999809265137,0.1889999955892563,0.12892499566078186,0.15470999479293823,3.700000047683716,0.9179999828338623,629.1129760742188,-0.09254900366067886,0.8184419870376587,0.9200000166893005,0.7429999709129333,0.248649001121521,0.2008109986782074,1.238219976425171,3.0,0.0,0.9385709762573242,1.0,19.298099517822266,0.37619999051094055,29.2527156,-18.1602833,7.08838,26.251399993896484,4.576479841489345e-05,0.03917799890041351,0.1263969987630844,6.755850336048752e-05,t17_f5_c3,,,,ZTF19abjgazt
2459210.6889005,1,1456188902715,19.278200149536133,/ztf/archive/sci/2020/1227/188900/ztf_20201227188900_000298_zg_c07_o_q4_scimrefdiffimg.fits.fz,Kulkarni,1,1.456188902715015e+18,t,0.0,1456,27,298,2248.699951171875,621.6420288085938,29.2527643,-18.1602768,19.324499130249023,0.19225700199604034,0.6967509984970093,18.718399047851562,0.20200000703334808,0.25234100222587585,19.31800079345703,0.04500000178813934,2.510999917984009,0.15299999713897705,0.1910730004310608,-0.6061379909515381,3.1700000762939453,0.9549999833106995,621.6420288085938,0.5598180294036865,0.9080590009689331,1.121999979019165,0.9789999723434448,0.35394299030303955,0.3088330030441284,1.1460700035095215,3.0,0.0,0.5942860245704651,1.0,18.593399047851562,0.23090000450611115,29.2526903,-18.1602669,7.57931,26.21649932861328,6.541889888467267e-05,0.03934900090098381,-0.05695509910583496,0.00014010700397193432,t17_f5_c3,,,,ZTF19abjgazt
2459216.669537,1,1462169532715,18.409500122070312,/ztf/archive/sci/2021/0102/169537/ztf_20210102169537_000298_zg_c07_o_q4_scimrefdiffimg.fits.fz,Kulkarni,1,,,,1462,27,298,,,,,,,,,,,,,,,,,,,,,,,,,,,,,,,,,,,,25.077299118041992,0.00021415299852378666,0.05309139937162399,-0.05977969989180565,0.0004773259861394763,t17_f5_c3,,,,ZTF19abjgazt
2459216.7178704,2,1462217872715,18.276899337768555,/ztf/archive/sci/2021/0102/217870/ztf_20210102217870_000298_zr_c07_o_q4_scimrefdiffimg.fits.fz,Kulkarni,1,,,,1462,27,298,,,,,,,,,,,,,,,,,,,,,,,,,,,,,,,,,,,,25.457399368286133,8.977879770100117e-05,0.044280100613832474,0.11595399677753448,0.00014525599544867873,t17_f5_c3,,,,ZTF19abjgazt
2459218.6478356,2,1464147832715,19.960800170898438,/ztf/archive/sci/2021/0104/147836/ztf_20210104147836_000298_zr_c07_o_q4_scimrefdiffimg.fits.fz,Kulkarni,1,1.464147832715015e+18,t,0.0,1464,27,298,2257.85009765625,635.6439819335938,29.2526185,-18.1602517,19.9197998046875,0.21193499863147736,1.4702999591827393,19.761499404907227,0.2913999855518341,0.3421590030193329,18.631999969482422,0.03999999910593033,2.5199999809265137,0.1889999955892563,-0.7426220178604126,-0.15827499330043793,1.4104599952697754,0.7360000014305115,635.6439819335938,0.19930000603199005,2.0,0.8700000047683716,0.7149999737739563,0.6168190240859985,0.5069260001182556,1.2167799472808838,5.0,0.0,0.9700000286102295,0.9658539891242981,20.019100189208984,0.4713999927043915,29.2527156,-18.1602833,7.17363,26.19580078125,2.3711299945716746e-05,0.02812119945883751,0.12202200293540955,3.507420115056448e-05,t17_f5_c3,,,,ZTF19abjgazt
2459220.6497685,1,1466149762715,20.15250015258789,/ztf/archive/sci/2021/0106/149769/ztf_20210106149769_000298_zg_c07_o_q4_scimrefdiffimg.fits.fz,Kulkarni,1,1.466149762715015e+18,t,3.0,1466,27,298,2235.6298828125,623.948974609375,29.2526896,-18.1604089,20.14310073852539,0.27118799090385437,1.112529993057251,20.257600784301758,0.3792000114917755,0.5045009851455688,19.31800079345703,0.04500000178813934,2.510999917984009,0.15299999713897705,0.6320469975471497,0.11451499909162521,2.490000009536743,0.7649999856948853,623.948974609375,-0.10507799685001373,1.1480799913406372,1.0670000314712524,0.8360000252723694,0.4285140037536621,0.3357430100440979,1.276319980621338,4.0,0.0,0.8871430158615112,0.9626410007476807,19.776500701904297,0.31189998984336853,29.2526903,-18.1602669,8.17612,26.191099166870117,3.52593015122693e-05,0.03445589914917946,-0.08267989754676819,5.3815299907000735e-05,t17_f5_c3,,,,ZTF19abjgazt
2459222.6482639,1,1468148262715,19.17259979248047,/ztf/archive/sci/2021/0108/148264/ztf_20210108148264_000298_zg_c07_o_q4_scimrefdiffimg.fits.fz,Kulkarni,1,,,,1468,27,298,,,,,,,,,,,,,,,,,,,,,,,,,,,,,,,,,,,,25.364599227905273,8.5501502326224e-05,0.04592840000987053,-0.06883639842271805,0.00017562200082466006,t17_f5_c3,,,,ZTF19abjgazt
2459224.6720949,1,1470172092715,19.701900482177734,/ztf/archive/sci/2021/0110/172095/ztf_20210110172095_000298_zg_c07_o_q4_scimrefdiffimg.fits.fz,Kulkarni,1,,,,1470,27,298,,,,,,,,,,,,,,,,,,,,,,,,,,,,,,,,,,,,26.179800033569336,6.178030162118375e-05,0.04161849990487099,-0.048516299575567245,0.00012005300231976435,t17_f5_c3,,,,ZTF19abjgazt
2459224.7157986,2,1470215792715,19.19700050354004,/ztf/archive/sci/2021/0110/215799/ztf_20210110215799_000298_zr_c07_o_q4_scimrefdiffimg.fits.fz,Kulkarni,1,,,,1470,27,298,,,,,,,,,,,,,,,,,,,,,,,,,,,,,,,,,,,,26.199100494384766,6.263190152822062e-05,0.04235810041427612,0.11674199998378754,9.068420331459492e-05,t17_f5_c3,,,,ZTF19abjgazt
2459226.6063657,2,1472106362715,19.43670082092285,/ztf/archive/sci/2021/0112/106366/ztf_20210112106366_000298_zr_c07_o_q4_scimrefdiffimg.fits.fz,Kulkarni,1,,,,1472,27,298,,,,,,,,,,,,,,,,,,,,,,,,,,,,,,,,,,,,26.19420051574707,4.3366799218347296e-05,0.037619300186634064,0.12122900038957596,6.335799844237044e-05,t17_f5_c3,,,,ZTF19abjgazt
2459226.6928935,1,1472192892715,19.37190055847168,/ztf/archive/sci/2021/0112/192894/ztf_20210112192894_000298_zg_c07_o_q4_scimrefdiffimg.fits.fz,Kulkarni,1,1.472192892715015e+18,t,0.0,1472,27,298,2227.1201171875,592.2839965820312,29.2527949,-18.1604681,19.924100875854492,0.3639090061187744,1.135390043258667,19.880399703979492,0.34689998626708984,0.7972429990768433,19.31800079345703,0.04500000178813934,2.510999917984009,0.15299999713897705,0.24832099676132202,-0.04370899870991707,2.2519800662994385,0.3919999897480011,592.2839965820312,-0.5084750056266785,2.0,1.1030000448226929,0.8629999756813049,0.48979198932647705,0.38321900367736816,1.2781000137329102,5.0,0.0,0.6285709738731384,0.9344469904899597,19.938400268554688,0.46869999170303345,29.2526903,-18.1602669,5.07402,26.118099212646484,9.668840357335284e-05,0.04254690185189247,-0.05432569980621338,0.00021399400429800153,t17_f5_c3,,,,ZTF19abjgazt
2459228.6075116,2,1474107512715,18.995899200439453,/ztf/archive/sci/2021/0114/107512/ztf_20210114107512_000298_zr_c07_o_q4_scimrefdiffimg.fits.fz,Kulkarni,1,,,,1474,27,298,,,,,,,,,,,,,,,,,,,,,,,,,,,,,,,,,,,,25.639400482177734,5.094439984532073e-05,0.04084010049700737,0.10491199791431427,7.427330274367705e-05,t17_f5_c3,,,,ZTF19abjgazt
2459228.6721644,1,1474172162715,19.10610008239746,/ztf/archive/sci/2021/0114/172164/ztf_20210114172164_000298_zg_c07_o_q4_scimrefdiffimg.fits.fz,Kulkarni,1,,,,1474,27,298,,,,,,,,,,,,,,,,,,,,,,,,,,,,,,,,,,,,25.670299530029297,0.00010060999920824543,0.045484498143196106,-0.04844389855861664,0.0002073439973173663,t17_f5_c3,,,,ZTF19abjgazt
2459230.6081829,2,1476108182715,19.941200256347656,/ztf/archive/sci/2021/0116/108183/ztf_20210116108183_000298_zr_c07_o_q4_scimrefdiffimg.fits.fz,Kulkarni,1,,,,1476,27,298,,,,,,,,,,,,,,,,,,,,,,,,,,,,,,,,,,,,26.23509979248047,3.230609945603646e-05,0.03276690095663071,0.12612999975681305,4.719210119219497e-05,t17_f5_c3,,,,ZTF19abjgazt
2459230.6474653,1,1476147462715,19.75589942932129,/ztf/archive/sci/2021/0116/147269/ztf_20210116147269_000298_zg_c07_o_q4_scimrefdiffimg.fits.fz,Kulkarni,1,1.476147462715015e+18,t,0.0,1476,27,298,2258.699951171875,600.8309936523438,29.2528631,-18.160339,20.176799774169922,0.2941559851169586,1.187209963798523,19.673599243164062,0.24480000138282776,0.6374099850654602,19.31800079345703,0.04500000178813934,2.510999917984009,0.15299999713897705,0.05296599864959717,-0.5032269954681396,1.8578100204467773,0.4339999854564667,600.8309936523438,0.08228699862957001,2.0,1.3279999494552612,1.1349999904632568,0.7148200273513794,0.6109340190887451,1.1700400114059448,5.0,0.0,0.5514289736747742,0.9953879714012146,19.44420051574707,0.2538999915122986,29.2526903,-18.1602669,5.7237,26.21780014038086,5.154830068931915e-05,0.03877370059490204,-0.11846300214529037,9.532510011922568e-05,t17_f5_c3,,,,ZTF19abjgazt
2460253.736412,1,2499236412715,20.2632999420166,/ztf/archive/sci/2023/1105/236412/ztf_20231105236412_000298_zg_c07_o_q4_scimrefdiffimg.fits.fz,Kulkarni,1,2.499236412715015e+18,t,0.0,2499,27,298,2305.929931640625,634.0349731445312,29.2526836,-18.1602655,19.18910026550293,0.0956220030784607,1.0377899408340454,19.379899978637695,0.15690000355243683,0.023173000663518906,19.31800079345703,0.04500000178813934,2.510999917984009,0.15299999713897705,0.688726007938385,0.19081899523735046,2.390000104904175,0.9810000061988831,634.0349731445312,0.883446991443634,1.1746699810028076,0.7559999823570251,0.7429999709129333,0.31631800532341003,0.3108789920806885,1.0175000429153442,1.0,0.0,0.9614289999008179,1.0,19.4325008392334,0.20980000495910645,29.2526903,-18.1602669,13.7267,26.228099822998047,3.0800201784586534e-05,0.032055698335170746,-0.08702509850263596,4.785160126630217e-05,t17_f5_c3,,,,ZTF19abjgazt
2460253.8111806,2,2499311182715,20.1830997467041,/ztf/archive/sci/2023/1105/311169/ztf_20231105311169_000298_zr_c07_o_q4_scimrefdiffimg.fits.fz,Kulkarni,1,,,,2499,27,298,,,,,,,,,,,,,,,,,,,,,,,,,,,,,,,,,,,,26.267000198364258,2.816030064423103e-05,0.03059840016067028,0.1261029988527298,4.1127601434709504e-05,t17_f5_c3,,,,ZTF19abjgazt
2460257.7534259,2,2503253422715,19.47960090637207,/ztf/archive/sci/2023/1109/253426/ztf_20231109253426_000298_zr_c07_o_q4_scimrefdiffimg.fits.fz,Kulkarni,1,2.503253422715015e+18,1,0.0,2503,27,298,2264.840087890625,653.3200073242188,29.2526972,-18.1603755,19.3882999420166,0.2187030017375946,0.937874972820282,19.470699310302734,0.23029999434947968,0.3332900106906891,18.631999969482422,0.03999999910593033,2.5199999809265137,0.1889999955892563,-0.2507210075855255,0.08235800266265869,4.179999828338623,0.5479999780654907,653.3200073242188,0.008892999961972237,1.0163899660110474,1.3760000467300415,1.218999981880188,0.3291870057582855,0.2916269898414612,1.128790020942688,1.0,0.0,0.6857140064239502,1.0,19.47319984436035,0.2948000133037567,29.2527156,-18.1602833,7.35143,26.24530029296875,5.772729855380021e-05,0.04376969859004021,0.12600600719451904,8.686310320626944e-05,t17_f5_c3,,,,ZTF19abjgazt
2459460.9284838,1,1706428485015,20.471099853515625,/ztf/archive/sci/2021/0903/428472/ztf_20210903428472_001290_zg_c13_o_q3_scimrefdiffimg.fits.fz,Kulkarni,2,1.706428485015015e+18,t,15.0,1706,50,1290,1445.47998046875,1489.18994140625,29.2528096,-18.1603523,19.263099670410156,0.11723300069570541,2.5625898838043213,19.123699188232422,0.10890000313520432,0.2939760088920593,18.777000427246094,0.03799999877810478,2.0280001163482666,0.14499999582767487,0.16200000047683716,-0.13937300443649292,2.7899999618530273,0.9810000061988831,1445.47998046875,1.3473700284957886,0.964260995388031,0.9580000042915344,0.8360000252723694,0.3433690071105957,0.29964199662208557,1.1459300518035889,3.0,0.0,0.9542859792709351,0.9861369729042053,19.029699325561523,0.12620000541210175,29.2527487,-18.1602932,17.9994,26.274099349975586,5.397849963628687e-05,0.039903901517391205,-0.07450109720230103,7.573309994768351e-05,t17_f5_c3,,,,ZTF19abjgazt
2459465.9162384,1,1711416235015,20.25320053100586,/ztf/archive/sci/2021/0908/416227/ztf_20210908416227_001290_zg_c13_o_q3_scimrefdiffimg.fits.fz,Kulkarni,2,1.711416235015015e+18,t,11.0,1711,50,1290,1456.3399658203125,1480.9100341796875,29.2527564,-18.1603067,19.18910026550293,0.11624500155448914,1.518779993057251,19.176599502563477,0.1371999979019165,0.05461600050330162,18.777000427246094,0.03799999877810478,2.0280001163482666,0.14499999582767487,-0.14757899940013885,-0.012513999827206135,2.299999952316284,0.9779999852180481,1456.3399658203125,1.0766199827194214,1.1768100261688232,0.7860000133514404,0.7170000076293945,0.3417389988899231,0.3117389976978302,1.0962300300598145,3.0,0.0,0.9614289999008179,0.9863430261611938,19.30970001220703,0.19679999351501465,29.2527487,-18.1602932,16.4964,26.13010025024414,6.151529669295996e-05,0.042669400572776794,-0.05504690110683441,8.589049684815109e-05,t17_f5_c3,,,,ZTF19abjgazt
2459466.9320255,1,1712432025015,20.391399383544922,/ztf/archive/sci/2021/0909/432025/ztf_20210909432025_001290_zg_c13_o_q3_scimrefdiffimg.fits.fz,Kulkarni,2,1.712432025015015e+18,t,7.0,1712,50,1290,1462.6199951171875,1479.7900390625,29.2527322,-18.1603137,19.076799392700195,0.08899600058794022,2.024019956588745,18.952800750732422,0.10419999808073044,0.09172199666500092,18.777000427246094,0.03799999877810478,2.0280001163482666,0.14499999582767487,0.012458999641239643,-0.12397100031375885,2.299999952316284,0.9819999933242798,1462.6199951171875,1.4385700225830078,1.1185599565505981,0.8069999814033508,0.7850000262260437,0.3508700132369995,0.3413040041923523,1.0280300378799438,1.0,0.0,0.9542859792709351,1.0,18.88640022277832,0.1242000013589859,29.2527487,-18.1602932,21.3224,26.2007999420166,4.0087899833451957e-05,0.03423770144581795,-0.052655499428510666,5.650020102621056e-05,t17_f5_c3,,,,ZTF19abjgazt
2459468.861331,2,1714361335015,20.2450008392334,/ztf/archive/sci/2021/0911/361331/ztf_20210911361331_001290_zr_c13_o_q3_scimrefdiffimg.fits.fz,Kulkarni,2,1.714361335015015e+18,t,2.0,1714,50,1290,1456.52001953125,1474.6300048828125,29.2527395,-18.1602393,19.48819923400879,0.15116100013256073,2.3954501152038574,19.52829933166504,0.22370000183582306,0.12061599642038345,18.31399917602539,0.039000000804662704,1.8179999589920044,0.13600000739097595,-0.21857799589633942,0.04006800055503845,2.7799999713897705,0.9800000190734863,1456.52001953125,0.71670001745224,0.8314700126647949,0.7129999995231628,0.6150000095367432,0.2564750015735626,0.22122299671173096,1.159350037574768,6.0,0.0,0.9314290285110474,0.9296849966049194,19.58009910583496,0.29829999804496765,29.2527349,-18.1602756,11.1266,26.166200637817383,2.168100036215037e-05,0.025273600593209267,0.10047099739313126,3.0301200240501203e-05,t17_f5_c3,,,,ZTF19abjgazt
2459470.9264583,2,1716426455015,20.183399200439453,/ztf/archive/sci/2021/0913/426447/ztf_20210913426447_001290_zr_c13_o_q3_scimrefdiffimg.fits.fz,Kulkarni,2,1.716426455015015e+18,t,7.0,1716,50,1290,1448.5799560546875,1482.1199951171875,29.2528008,-18.1602665,19.433399200439453,0.14255400002002716,1.3716100454330444,19.288799285888672,0.18440000712871552,0.22392599284648895,18.31399917602539,0.039000000804662704,1.8179999589920044,0.13600000739097595,-0.30063098669052124,-0.14463500678539276,2.0999999046325684,0.9819999933242798,1448.5799560546875,0.8945950269699097,1.1327699422836304,0.8069999814033508,0.6179999709129333,0.38428598642349243,0.29428601264953613,1.3058199882507324,4.0,0.0,0.9214289784431458,0.981685996055603,19.256000518798828,0.22759999334812164,29.2527349,-18.1602756,9.3123,26.203399658203125,2.3258200599229895e-05,0.026118099689483643,0.09300269931554794,3.20112012559548e-05,t17_f5_c3,,,,ZTF19abjgazt
2459473.9559722,2,1719455975015,19.944700241088867,/ztf/archive/sci/2021/0916/455961/ztf_20210916455961_001290_zr_c13_o_q3_scimrefdiffimg.fits.fz,Kulkarni,2,1.719455975015015e+18,t,17.0,1719,50,1290,1453.6400146484375,1493.8699951171875,29.2527422,-18.1602889,19.68549919128418,0.21064400672912598,1.1127599477767944,19.77549934387207,0.2768000066280365,0.05344099923968315,18.31399917602539,0.039000000804662704,1.8179999589920044,0.13600000739097595,-0.013334999792277813,0.09000000357627869,4.739999771118164,0.9240000247955322,1453.6400146484375,0.16916100680828094,0.6510710120201111,1.034000039100647,0.8119999766349792,0.21814300119876862,0.1713079959154129,1.2733999490737915,1.0,0.0,0.7928569912910461,1.0,19.684999465942383,0.32429999113082886,29.2527349,-18.1602756,8.44694,26.220500946044922,3.7344700103858486e-05,0.033471498638391495,0.0907365009188652,5.173070167074911e-05,t17_f5_c3,,,,ZTF19abjgazt
2459476.8542361,2,1722354235015,19.242300033569336,/ztf/archive/sci/2021/0919/354225/ztf_20210919354225_001290_zr_c13_o_q3_scimrefdiffimg.fits.fz,Kulkarni,2,1.722354235015015e+18,t,2.0,1722,50,1290,1430.219970703125,1493.1800537109375,29.2526442,-18.1603149,19.36590003967285,0.18699200451374054,1.0044100284576416,20.032400131225586,0.8355000019073486,0.33660799264907837,18.31399917602539,0.039000000804662704,1.8179999589920044,0.13600000739097595,-0.18460500240325928,0.6664509773254395,1.2052299976348877,0.9039999842643738,1430.219970703125,-0.7900969982147217,2.0,0.6549999713897705,0.5879999995231628,0.5434640049934387,0.48787298798561096,1.1139500141143799,7.0,0.0,0.8157140016555786,0.8543050289154053,19.741300582885742,0.8199999928474426,29.2527349,-18.1602756,5.96758,26.192899703979492,4.01403995056171e-05,0.03492879867553711,0.10793700069189072,5.555989991989918e-05,t17_f5_c3,,,,ZTF19abjgazt
2459479.8696759,2,1725369675015,18.894399642944336,/ztf/archive/sci/2021/0922/369676/ztf_20210922369676_001290_zr_c13_o_q3_scimrefdiffimg.fits.fz,Kulkarni,2,,,,1725,50,1290,,,,,,,,,,,,,,,,,,,,,,,,,,,,,,,,,,,,26.202600479125977,5.193920151214115e-05,0.03985770046710968,0.09993799775838852,7.365459896391258e-05,t17_f5_c3,,,,ZTF19abjgazt
2459484.831331,2,1730331335015,19.78860092163086,/ztf/archive/sci/2021/0927/331331/ztf_20210927331331_001290_zr_c13_o_q3_scimrefdiffimg.fits.fz,Kulkarni,2,,,,1730,50,1290,,,,,,,,,,,,,,,,,,,,,,,,,,,,,,,,,,,,26.186500549316406,2.125269929820206e-05,0.02509460039436817,0.09938430041074753,2.9275599445099942e-05,t17_f5_c3,,,,ZTF19abjgazt
2459485.8858681,2,1731385865015,16.897600173950195,/ztf/archive/sci/2021/0928/385868/ztf_20210928385868_001290_zr_c13_o_q3_scimrefdiffimg.fits.fz,Kulkarni,2,,,,1731,50,1290,,,,,,,,,,,,,,,,,,,,,,,,,,,,,,,,,,,,24.07539939880371,0.00038783400668762624,0.04815300181508064,0.1509529948234558,0.0005751400021836162,t17_f5_c3,,,,ZTF19abjgazt
2459450.9350926,1,1696435095015,17.998300552368164,/ztf/archive/sci/2021/0824/435081/ztf_20210824435081_001290_zg_c13_o_q3_scimrefdiffimg.fits.fz,Kulkarni,2,,,,1696,50,1290,,,,,,,,,,,,,,,,,,,,,,,,,,,,,,,,,,,,25.80699920654297,0.00024590498651377857,0.04185590147972107,0.019510500133037567,0.0005089250043965876,t17_f5_c3,,,,ZTF19abjgazt
2459487.8469213,2,1733346925015,19.948699951171875,/ztf/archive/sci/2021/0930/346910/ztf_20210930346910_001290_zr_c13_o_q3_scimrefdiffimg.fits.fz,Kulkarni,2,1.733346925015015e+18,t,20.0,1733,50,1290,1433.030029296875,1506.8900146484375,29.2527586,-18.1602155,19.752899169921875,0.134660005569458,1.044819951057434,19.885900497436523,0.335099995136261,0.20923499763011932,18.31399917602539,0.039000000804662704,1.8179999589920044,0.13600000739097595,-0.2508769929409027,0.1330450028181076,1.8899999856948853,0.7990000247955322,1433.030029296875,0.06275100260972977,1.4806599617004395,0.8169999718666077,0.7200000286102295,0.4322749972343445,0.38095200061798096,1.134719967842102,4.0,0.0,0.949999988079071,0.9790520071983337,19.94219970703125,0.4499000012874603,29.2527349,-18.1602756,6.79445,26.19890022277832,2.5675099095678888e-05,0.0273646991699934,0.09049669653177261,3.533760173013434e-05,t17_f5_c3,,,,ZTF19abjgazt
2459194.6686458,1,1440168642715,20.00979995727539,/ztf/archive/sci/2020/1211/168623/ztf_20201211168623_000298_zg_c07_o_q4_scimrefdiffimg.fits.fz,Kulkarni,2,1.440168642715015e+18,t,4.0,1440,27,298,2258.10009765625,619.260986328125,29.2526,-18.160322,19.32379913330078,0.16910099983215332,1.465109944343567,19.200700759887695,0.10570000112056732,0.36274999380111694,19.31800079345703,0.04500000178813934,2.510999917984009,0.15299999713897705,0.07873500138521194,-0.12309800088405609,7.900000095367432,0.8690000176429749,619.260986328125,0.8091199994087219,0.5745409727096558,2.0239999294281006,1.7630000114440918,0.2562029957771301,0.22316500544548035,1.1480400562286377,2.0,0.0,0.3785710036754608,1.0,19.049299240112305,0.11670000106096268,29.2526903,-18.1602669,13.346,26.229799270629883,7.978009671205655e-05,0.04809749871492386,-0.07942839711904526,0.00015596799494232982,t17_f5_c3,,,,ZTF19abjgazt
2459194.7294792,1,1440229472715,19.918399810791016,/ztf/archive/sci/2020/1211/229479/ztf_20201211229479_000298_zg_c07_o_q4_scimrefdiffimg.fits.fz,Kulkarni,2,1.440229472715015e+18,t,1.0,1440,27,298,2257.489990234375,611.7570190429688,29.2526532,-18.1603511,19.50040054321289,0.21141499280929565,1.086609959602356,19.26180076599121,0.12039999663829803,0.32412099838256836,19.31800079345703,0.04500000178813934,2.510999917984009,0.15299999713897705,0.44694799184799194,-0.23859800398349762,8.3100004196167,0.37599998712539673,611.7570190429688,0.6565989851951599,0.5483670234680176,1.7000000476837158,1.5789999961853027,0.20457300543785095,0.19001199305057526,1.0766299962997437,0.0,0.0,0.39714300632476807,1.0,19.243999481201172,0.15039999783039093,29.2526903,-18.1602669,11.9353,26.212400436401367,7.057539914967492e-05,0.04551120102405548,-0.053156398236751556,0.0001361030008411035,t17_f5_c3,,,,ZTF19abjgazt
2459194.7916782,2,1440291672715,19.68280029296875,/ztf/archive/sci/2020/1211/291667/ztf_20201211291667_000298_zr_c07_o_q4_scimrefdiffimg.fits.fz,Kulkarni,2,1.440291672715015e+18,t,0.0,1440,27,298,2241.199951171875,603.2410278320312,29.2527595,-18.1602535,19.31559944152832,0.16675999760627747,1.3370599746704102,19.672300338745117,0.26249998807907104,0.18186600506305695,18.631999969482422,0.03999999910593033,2.5199999809265137,0.1889999955892563,0.3921869993209839,0.3566589951515198,4.300000190734863,0.9559999704360962,603.2410278320312,0.010463000275194645,0.8680419921875,1.1549999713897705,0.9950000047683716,0.26860499382019043,0.23139500617980957,1.1607999801635742,2.0,0.0,0.8471429944038391,1.0,19.742300033569336,0.35760000348091125,29.2527156,-18.1602833,9.67315,26.177600860595703,3.346869925735518e-05,0.0332425981760025,0.13792499899864197,4.876060120295733e-05,t17_f5_c3,,,,ZTF19abjgazt
2459198.6687037,1,1444168702715,19.566699981689453,/ztf/archive/sci/2020/1215/168704/ztf_20201215168704_000298_zg_c07_o_q4_scimrefdiffimg.fits.fz,Kulkarni,2,1.444168702715025e+18,t,3.0,1444,27,298,2234.77001953125,598.8369750976562,29.2527383,-18.1603595,19.354999542236328,0.1891629993915558,0.8878049850463867,19.31060028076172,0.18440000712871552,0.36672601103782654,19.31800079345703,0.04500000178813934,2.510999917984009,0.15299999713897705,0.09910199791193008,-0.04439999908208847,4.460000038146973,0.7990000247955322,598.8369750976562,0.256072998046875,0.9462289810180664,1.4950000047683716,1.3700000047683716,0.33520200848579407,0.30717501044273376,1.0912400484085083,2.0,0.0,0.6100000143051147,0.9958950281143188,19.244199752807617,0.22179999947547913,29.2526903,-18.1602669,9.57245,26.08099937438965,9.447780030313879e-05,0.04527369886636734,-0.0330502986907959,0.00020817499898839742,t17_f5_c3,,,,ZTF19abjgazt
2459198.7065046,1,1444206505015,19.338499069213867,/ztf/archive/sci/2020/1215/206493/ztf_20201215206493_001290_zg_c13_o_q3_scimrefdiffimg.fits.fz,Kulkarni,2,,,,1444,50,1290,,,,,,,,,,,,,,,,,,,,,,,,,,,,,,,,,,,,26.018800735473633,9.884229802992195e-05,0.04662270098924637,-0.037739500403404236,0.00017738000315148383,t17_f5_c3,,,,ZTF19abjgazt
2459198.729537,2,1444229535015,19.381000518798828,/ztf/archive/sci/2020/1215/229525/ztf_20201215229525_001290_zr_c13_o_q3_scimrefdiffimg.fits.fz,Kulkarni,2,,,,1444,50,1290,,,,,,,,,,,,,,,,,,,,,,,,,,,,,,,,,,,,26.175800323486328,4.0853501559467986e-05,0.03453730046749115,0.09978850185871124,5.595189941232093e-05,t17_f5_c3,,,,ZTF19abjgazt
2459203.686412,2,1449186415015,19.55739974975586,/ztf/archive/sci/2020/1220/186412/ztf_20201220186412_001290_zr_c13_o_q3_scimrefdiffimg.fits.fz,Kulkarni,2,,,,1449,50,1290,,,,,,,,,,,,,,,,,,,,,,,,,,,,,,,,,,,,26.24720001220703,2.617579957586713e-05,0.027896400541067123,0.09790539741516113,3.594289955799468e-05,t17_f5_c3,,,,ZTF19abjgazt
2459205.6868519,2,1451186855015,19.830799102783203,/ztf/archive/sci/2020/1222/186771/ztf_20201222186771_001290_zr_c13_o_q3_scimrefdiffimg.fits.fz,Kulkarni,2,,,,1451,50,1290,,,,,,,,,,,,,,,,,,,,,,,,,,,,,,,,,,,,26.2810001373291,2.2525600797962397e-05,0.025723900645971298,0.09179899841547012,3.077150176977739e-05,t17_f5_c3,,,,ZTF19abjgazt
2459215.7254051,1,1461225402715,18.71739959716797,/ztf/archive/sci/2021/0101/224919/ztf_20210101224919_000298_zg_c07_o_q4_scimrefdiffimg.fits.fz,Kulkarni,2,,,,1461,27,298,,,,,,,,,,,,,,,,,,,,,,,,,,,,,,,,,,,,26.09239959716797,0.0001803110062610358,0.04906089976429939,-0.041520699858665466,0.0004224799922667444,t17_f5_c3,,,,ZTF19abjgazt
2459217.6296991,2,1463129692715,17.672300338745117,/ztf/archive/sci/2021/0103/129699/ztf_20210103129699_000298_zr_c07_o_q4_scimrefdiffimg.fits.fz,Kulkarni,2,,,,1463,27,298,,,,,,,,,,,,,,,,,,,,,,,,,,,,,,,,,,,,24.585599899291992,0.00021451899374369532,0.04912539944052696,0.06533019989728928,0.00036879201070405543,t17_f5_c3,,,,ZTF19abjgazt
2459217.7121528,1,1463212152715,16.94849967956543,/ztf/archive/sci/2021/0103/212153/ztf_20210103212153_000298_zg_c07_o_q4_scimrefdiffimg.fits.fz,Kulkarni,2,,,,1463,27,298,,,,,,,,,,,,,,,,,,,,,,,,,,,,,,,,,,,,23.93000030517578,0.013586100190877914,0.0848051980137825,-0.2260269969701767,0.041237398982048035,t17_f5_c3,,,,ZTF19abjgazt
2459219.6697917,2,1465169792715,20.042600631713867,/ztf/archive/sci/2021/0105/169792/ztf_20210105169792_000298_zr_c07_o_q4_scimrefdiffimg.fits.fz,Kulkarni,2,1.465169792715015e+18,1,3.0,1465,27,298,2259.780029296875,627.9459838867188,29.2528083,-18.1602693,20.07200050354004,0.20973999798297882,1.2954399585723877,19.652799606323242,0.2493000030517578,0.31721898913383484,18.631999969482422,0.03999999910593033,2.5199999809265137,0.1889999955892563,-0.21079200506210327,-0.4191969931125641,1.3867599964141846,0.7720000147819519,627.9459838867188,0.3897869884967804,2.0,0.9919999837875366,0.8880000114440918,0.7153390049934387,0.6403430104255676,1.1171200275421143,4.0,0.0,0.8757140040397644,0.9947519898414612,19.95319938659668,0.4189999997615814,29.2527156,-18.1602833,5.58727,26.218000411987305,2.229329948022496e-05,0.02752090059220791,0.12761500477790833,3.2727100915508345e-05,t17_f5_c3,,,,ZTF19abjgazt
2459173.7814236,1,1419281425015,20.055999755859375,/ztf/archive/sci/2020/1120/281424/ztf_20201120281424_001290_zg_c13_o_q3_scimrefdiffimg.fits.fz,Kulkarni,2,1.419281425015025e+18,t,4.0,1419,50,1290,1401.1300048828125,1476.4300537109375,29.2526633,-18.1602661,20.058700561523438,0.19298699498176575,0.9112259745597839,19.449199676513672,0.18729999661445618,0.3041900098323822,18.777000427246094,0.03799999877810478,2.0280001163482666,0.14499999582767487,-0.13173599541187286,-0.6095200181007385,2.0399999618530273,0.699999988079071,1401.1300048828125,0.6068419814109802,1.4793100357055664,1.687000036239624,1.5180000066757202,0.8269609808921814,0.7441179752349854,1.1113300323486328,3.0,0.0,0.3457140028476715,0.9565989971160889,19.39419937133789,0.2272000014781952,29.2527487,-18.1602932,7.05668,26.294700622558594,4.389369860291481e-05,0.03562679886817932,-0.059238798916339874,6.429560016840696e-05,t17_f5_c3,,,,ZTF19abjgazt
2459174.7064352,1,1420206435015,19.895000457763672,/ztf/archive/sci/2020/1121/206435/ztf_20201121206435_001290_zg_c13_o_q3_scimrefdiffimg.fits.fz,Kulkarni,2,,,,1420,50,1290,,,,,,,,,,,,,,,,,,,,,,,,,,,,,,,,,,,,26.088899612426758,0.00012161899940110743,0.059332799166440964,-0.04193370044231415,0.00017420700169168413,t17_f5_c3,,,,ZTF19abjgazt
2459175.7867361,1,1421286735015,18.6825008392334,/ztf/archive/sci/2020/1122/286725/ztf_20201122286725_001290_zg_c13_o_q3_scimrefdiffimg.fits.fz,Kulkarni,2,,,,1421,50,1290,,,,,,,,,,,,,,,,,,,,,,,,,,,,,,,,,,,,25.281299591064453,0.00016499099729117006,0.05222630128264427,-0.01603510044515133,0.00031316198874264956,t17_f5_c3,,,,ZTF19abjgazt
2459176.7631713,1,1422263175015,19.677900314331055,/ztf/archive/sci/2020/1123/263171/ztf_20201123263171_001290_zg_c13_o_q3_scimrefdiffimg.fits.fz,Kulkarni,2,,,,1422,50,1290,,,,,,,,,,,,,,,,,,,,,,,,,,,,,,,,,,,,26.259599685668945,4.87079014419578e-05,0.036370400339365005,-0.02747580036520958,7.589849701616913e-05,t17_f5_c3,,,,ZTF19abjgazt
2459176.8126852,2,1422312685015,19.48189926147461,/ztf/archive/sci/2020/1123/312685/ztf_20201123312685_001290_zr_c13_o_q3_scimrefdiffimg.fits.fz,Kulkarni,2,,,,1422,50,1290,,,,,,,,,,,,,,,,,,,,,,,,,,,,,,,,,,,,26.23419952392578,4.471070133149624e-05,0.03606820106506348,0.10129799693822861,6.141619815025479e-05,t17_f5_c3,,,,ZTF19abjgazt
2459179.7041667,1,1425204165015,19.21969985961914,/ztf/archive/sci/2020/1126/204167/ztf_20201126204167_001290_zg_c13_o_q3_scimrefdiffimg.fits.fz,Kulkarni,2,,,,1425,50,1290,,,,,,,,,,,,,,,,,,,,,,,,,,,,,,,,,,,,26.28820037841797,5.7266599469585344e-05,0.03564999997615814,-0.007483030203729868,0.00010089999705087394,t17_f5_c3,,,,ZTF19abjgazt
2459181.6965972,1,1427196595015,18.928699493408203,/ztf/archive/sci/2020/1128/196586/ztf_20201128196586_001290_zg_c13_o_q3_scimrefdiffimg.fits.fz,Kulkarni,2,,,,1427,50,1290,,,,,,,,,,,,,,,,,,,,,,,,,,,,,,,,,,,,26.316499710083008,9.580719779478386e-05,0.03839990124106407,-0.045357201248407364,0.000179130001924932,t17_f5_c3,,,,ZTF19abjgazt
2459182.7020023,2,1428202005015,19.408899307250977,/ztf/archive/sci/2020/1129/202002/ztf_20201129202002_001290_zr_c13_o_q3_scimrefdiffimg.fits.fz,Kulkarni,2,,,,1428,50,1290,,,,,,,,,,,,,,,,,,,,,,,,,,,,,,,,,,,,26.2726993560791,2.762300027825404e-05,0.029162000864744186,0.10736099630594254,3.83572987630032e-05,t17_f5_c3,,,,ZTF19abjgazt
2459182.7320139,1,1428232015015,19.0841007232666,/ztf/archive/sci/2020/1129/232014/ztf_20201129232014_001290_zg_c13_o_q3_scimrefdiffimg.fits.fz,Kulkarni,2,,,,1428,50,1290,,,,,,,,,,,,,,,,,,,,,,,,,,,,,,,,,,,,26.29599952697754,7.126980199245736e-05,0.038249000906944275,-0.01746850088238716,0.00012770500325132161,t17_f5_c3,,,,ZTF19abjgazt
2459183.6821991,1,1429182195015,18.626399993896484,/ztf/archive/sci/2020/1130/182199/ztf_20201130182199_001290_zg_c13_o_q3_scimrefdiffimg.fits.fz,Kulkarni,2,,,,1429,50,1290,,,,,,,,,,,,,,,,,,,,,,,,,,,,,,,,,,,,26.172300338745117,0.00016912599676288664,0.04708389937877655,-0.0038681700825691223,0.0003192209987901151,t17_f5_c3,,,,ZTF19abjgazt
2459183.7040509,2,1429204055015,19.30660057067871,/ztf/archive/sci/2020/1130/204039/ztf_20201130204039_001290_zr_c13_o_q3_scimrefdiffimg.fits.fz,Kulkarni,2,,,,1429,50,1290,,,,,,,,,,,,,,,,,,,,,,,,,,,,,,,,,,,,26.2903995513916,2.6977300876751542e-05,0.02830209955573082,0.09321799874305725,3.6962399462936446e-05,t17_f5_c3,,,,ZTF19abjgazt
2459184.7022801,1,1430202282715,19.175399780273438,/ztf/archive/sci/2020/1201/202280/ztf_20201201202280_000298_zg_c07_o_q4_scimrefdiffimg.fits.fz,Kulkarni,2,1.430202282715015e+18,t,0.0,1430,27,298,2262.1298828125,607.8330078125,29.2528404,-18.1602862,19.165700912475586,0.18890699744224548,1.1626800298690796,18.63520050048828,0.21089999377727509,0.5116119980812073,19.31800079345703,0.04500000178813934,2.510999917984009,0.15299999713897705,-1.3254899978637695,-0.5305299758911133,4.179999828338623,0.9860000014305115,607.8330078125,0.5401710271835327,0.6700249910354614,1.031000018119812,0.8629999756813049,0.24665099382400513,0.20645900070667267,1.1946699619293213,6.0,0.0,0.5714290142059326,0.952875018119812,18.520099639892578,0.2434999942779541,29.2526903,-18.1602669,8.13994,26.2367000579834,7.390049722744152e-05,0.04091779887676239,-0.05716649815440178,0.0001540810044389218,t17_f5_c3,,,,ZTF19abjgazt
2459184.7363426,1,1430236342715,19.00279998779297,/ztf/archive/sci/2020/1201/236343/ztf_20201201236343_000298_zg_c07_o_q4_scimrefdiffimg.fits.fz,Kulkarni,2,1.430236342715015e+18,t,1.0,1430,27,298,2260.5,611.708984375,29.2527552,-18.160371,19.322900772094727,0.25506600737571716,1.2088899612426758,18.728900909423828,0.23240000009536743,0.4301280081272125,19.31800079345703,0.04500000178813934,2.510999917984009,0.15299999713897705,-1.578969955444336,-0.5940020084381104,1.6247800588607788,0.7440000176429749,611.708984375,0.27392101287841797,2.0,1.218999981880188,0.9810000061988831,0.7502560019493103,0.6037740111351013,1.242609977722168,6.0,0.0,0.495714008808136,0.8680239915847778,18.517900466918945,0.24549999833106995,29.2526903,-18.1602669,6.04312,26.237899780273438,6.472160021075979e-05,0.03466780111193657,-0.06500429660081863,0.00014625099720433354,t17_f5_c3,,,,ZTF19abjgazt
2459184.7498843,2,1430249885015,19.136199951171875,/ztf/archive/sci/2020/1201/249850/ztf_20201201249850_001290_zr_c13_o_q3_scimrefdiffimg.fits.fz,Kulkarni,2,,,,1430,50,1290,,,,,,,,,,,,,,,,,,,,,,,,,,,,,,,,,,,,26.262300491333008,6.801730341976508e-05,0.04361959919333458,0.10007499903440475,9.167889948002994e-05,t17_f5_c3,,,,ZTF19abjgazt
2459184.7517477,2,1430251742715,19.286699295043945,/ztf/archive/sci/2020/1201/251748/ztf_20201201251748_000298_zr_c07_o_q4_scimrefdiffimg.fits.fz,Kulkarni,2,1.430251742715015e+18,t,0.0,1430,27,298,2250.030029296875,614.0609741210938,29.2527482,-18.1603049,19.183700561523438,0.1704619973897934,1.031730055809021,18.945499420166016,0.24789999425411224,0.13437500596046448,18.631999969482422,0.03999999910593033,2.5199999809265137,0.1889999955892563,-0.18316200375556946,-0.2381560057401657,3.4600000381469727,0.9760000109672546,614.0609741210938,0.34116101264953613,0.8300449848175049,1.0479999780654907,1.003000020980835,0.30289000272750854,0.2898840010166168,1.0448700189590454,4.0,0.0,0.9114289879798889,0.9616879820823669,18.999399185180664,0.33390000462532043,29.2527156,-18.1602833,7.73803,26.252700805664062,4.8119200073415413e-05,0.04010029882192612,0.1305519938468933,7.067609840305522e-05,t17_f5_c3,,,,ZTF19abjgazt
2459184.8114468,2,1430311442715,19.30340003967285,/ztf/archive/sci/2020/1201/311215/ztf_20201201311215_000298_zr_c07_o_q4_scimrefdiffimg.fits.fz,Kulkarni,2,,,,1430,27,298,,,,,,,,,,,,,,,,,,,,,,,,,,,,,,,,,,,,26.207700729370117,6.451830267906189e-05,0.0465162992477417,0.12861700356006622,9.207829862134531e-05,t17_f5_c3,,,,ZTF19abjgazt
2459185.6120949,1,1431112092715,19.351600646972656,/ztf/archive/sci/2020/1202/112095/ztf_20201202112095_000298_zg_c07_o_q4_scimrefdiffimg.fits.fz,Kulkarni,2,1.431112092715025e+18,t,0.0,1431,27,298,2252.800048828125,598.0349731445312,29.2527267,-18.1603614,19.415199279785156,0.20852500200271606,1.1155400276184082,19.534500122070312,0.42170000076293945,0.35745498538017273,19.31800079345703,0.04500000178813934,2.510999917984009,0.15299999713897705,-0.763679027557373,0.11927399784326553,2.569999933242798,0.8930000066757202,598.0349731445312,-0.18286600708961487,1.0613199472427368,0.9259999990463257,0.765999972820282,0.36031100153923035,0.2980540096759796,1.2088799476623535,4.0,0.0,0.942857027053833,1.0,19.321800231933594,0.4449000060558319,29.2526903,-18.1602669,7.64049,26.11720085144043,6.0672700783470646e-05,0.039959900081157684,-0.039568398147821426,0.0001275870017707348,t17_f5_c3,,,,ZTF19abjgazt
2459185.743669,2,1431243662715,19.54800033569336,/ztf/archive/sci/2020/1202/243669/ztf_20201202243669_000298_zr_c07_o_q4_scimrefdiffimg.fits.fz,Kulkarni,2,,,,1431,27,298,,,,,,,,,,,,,,,,,,,,,,,,,,,,,,,,,,,,26.256399154663086,3.9080099668353796e-05,0.03613770008087158,0.12482000142335892,5.696199878002517e-05,t17_f5_c3,,,,ZTF19abjgazt
2459185.7465046,2,1431246505015,19.42020034790039,/ztf/archive/sci/2020/1202/246493/ztf_20201202246493_001290_zr_c13_o_q3_scimrefdiffimg.fits.fz,Kulkarni,2,,,,1431,50,1290,,,,,,,,,,,,,,,,,,,,,,,,,,,,,,,,,,,,26.251100540161133,4.009030089946464e-05,0.034619301557540894,0.1121710017323494,5.536780008696951e-05,t17_f5_c3,,,,ZTF19abjgazt
2459185.7803819,2,1431280382715,19.545499801635742,/ztf/archive/sci/2020/1202/280255/ztf_20201202280255_000298_zr_c07_o_q4_scimrefdiffimg.fits.fz,Kulkarni,2,1.431280382715015e+18,t,1.0,1431,27,298,2253.699951171875,600.8579711914062,29.2527154,-18.1603477,19.35890007019043,0.16420899331569672,1.056589961051941,19.19969940185547,0.28049999475479126,0.22898900508880615,18.631999969482422,0.03999999910593033,2.5199999809265137,0.1889999955892563,-0.3291949927806854,-0.15922699868679047,2.240000009536743,0.9929999709129333,600.8579711914062,0.34582701325416565,1.1275099515914917,0.6380000114440918,0.5320000052452087,0.2848210036754608,0.23749999701976776,1.1992499828338623,9.0,0.0,0.9399999976158142,0.8465520143508911,19.191499710083008,0.3571000099182129,29.2527156,-18.1602833,9.43185,26.24489974975586,3.970300167566165e-05,0.03618429973721504,0.12144400179386139,5.678939851350151e-05,t17_f5_c3,,,,ZTF19abjgazt
2459185.8046528,1,1431304652715,19.097000122070312,/ztf/archive/sci/2020/1202/304653/ztf_20201202304653_000298_zg_c07_o_q4_scimrefdiffimg.fits.fz,Kulkarni,2,1.431304652715015e+18,t,1.0,1431,27,298,2244.510009765625,597.4190063476562,29.2525966,-18.1603445,19.221099853515625,0.24385300278663635,1.0080599784851074,18.878799438476562,0.2743000090122223,0.4193600118160248,19.31800079345703,0.04500000178813934,2.510999917984009,0.15299999713897705,-0.8698340058326721,-0.3422960042953491,3.4200000762939453,0.890999972820282,597.4190063476562,0.2181520015001297,0.846796989440918,1.1369999647140503,0.890999972820282,0.33245599269866943,0.26052600145339966,1.2760900259017944,3.0,0.0,0.8057140111923218,1.0,19.062299728393555,0.4171000123023987,29.2526903,-18.1602669,6.93961,26.11910057067871,8.769999840296805e-05,0.043858300894498825,-0.043299999088048935,0.00018773300689645112,t17_f5_c3,,,,ZTF19abjgazt
2459186.7359491,2,1432235942715,18.85379981994629,/ztf/archive/sci/2020/1203/235926/ztf_20201203235926_000298_zr_c07_o_q4_scimrefdiffimg.fits.fz,Kulkarni,2,1.432235942715015e+18,t,2.0,1432,27,298,2251.97998046875,642.7520141601562,29.2527718,-18.1605563,19.267499923706055,0.3471490144729614,0.9488440155982971,19.475299835205078,0.30799999833106995,0.988415002822876,18.631999969482422,0.03999999910593033,2.5199999809265137,0.1889999955892563,0.24570299685001373,0.207846999168396,2.8097100257873535,0.4129999876022339,642.7520141601562,-0.6215130090713501,2.0,1.2510000467300415,1.0149999856948853,0.4452419877052307,0.3612470030784607,1.232509970664978,4.0,0.0,0.5942860245704651,1.0,19.37350082397461,0.3594000041484833,29.2527156,-18.1602833,5.03502,26.239500045776367,0.00010122700041392818,0.04199239984154701,0.13026300072669983,0.00016605400014668703,t17_f5_c3,,,,ZTF19abjgazt
2459187.607662,1,1433107662715,19.74209976196289,/ztf/archive/sci/2020/1204/107604/ztf_20201204107604_000298_zg_c07_o_q4_scimrefdiffimg.fits.fz,Kulkarni,2,1.433107662715015e+18,t,0.0,1433,27,298,2233.77001953125,612.9849853515625,29.2527596,-18.1603372,19.350200653076172,0.1627420037984848,1.3191499710083008,19.29949951171875,0.16599999368190765,0.34198299050331116,19.31800079345703,0.04500000178813934,2.510999917984009,0.15299999713897705,-0.1151759997010231,-0.05065299943089485,5.510000228881836,0.9449999928474426,612.9849853515625,0.4426090121269226,0.7179690003395081,1.3079999685287476,1.1990000009536743,0.23738700151443481,0.21760399639606476,1.0909099578857422,1.0,0.0,0.692857027053833,1.0,19.154399871826172,0.18569999933242798,29.2526903,-18.1602669,11.065,26.16320037841797,6.596500315936282e-05,0.04204459860920906,-0.08043570071458817,0.0001330499944742769,t17_f5_c3,,,,ZTF19abjgazt
2459187.6912963,1,1433191292715,19.47949981689453,/ztf/archive/sci/2020/1204/191296/ztf_20201204191296_000298_zg_c07_o_q4_scimrefdiffimg.fits.fz,Kulkarni,2,1.433191292715015e+18,t,0.0,1433,27,298,2250.389892578125,624.2760009765625,29.2527188,-18.1603516,19.449100494384766,0.22939300537109375,1.3026599884033203,19.667800903320312,0.3278000056743622,0.3161909878253937,19.31800079345703,0.04500000178813934,2.510999917984009,0.15299999713897705,0.2700349986553192,0.21869100630283356,5.050000190734863,0.9459999799728394,624.2760009765625,-0.188291996717453,0.7013009786605835,1.034000039100647,0.8840000033378601,0.20475199818611145,0.17505000531673431,1.1696799993515015,2.0,0.0,0.798570990562439,1.0,19.35099983215332,0.3140000104904175,29.2526903,-18.1602669,7.97837,26.24209976196289,5.7719298638403416e-05,0.039129599928855896,-0.05262970179319382,0.00011940600234083831,t17_f5_c3,,,,ZTF19abjgazt
2459187.7909491,2,1433290942715,19.037399291992188,/ztf/archive/sci/2020/1204/290903/ztf_20201204290903_000298_zr_c07_o_q4_scimrefdiffimg.fits.fz,Kulkarni,2,1.433290942715015e+18,t,0.0,1433,27,298,2244.419921875,610.5889892578125,29.2530011,-18.160097,19.3927001953125,0.2651140093803406,0.7184180021286011,19.61520004272461,0.36239999532699585,1.169260025024414,18.631999969482422,0.03999999910593033,2.5199999809265137,0.1889999955892563,-0.29734501242637634,0.2224549949169159,2.2929699420928955,0.3529999852180481,610.5889892578125,-0.5778059959411621,2.0,1.2380000352859497,1.1449999809265137,0.5399109721183777,0.49935200810432434,1.081220030784607,3.0,0.0,0.5757139921188354,1.0,19.700599670410156,0.5023999810218811,29.2527156,-18.1602833,5.14841,26.23069953918457,7.281090074684471e-05,0.044982798397541046,0.12510299682617188,0.00010866299999179319,t17_f5_c3,,,,ZTF19abjgazt
2459187.791412,2,1433291412715,19.250099182128906,/ztf/archive/sci/2020/1204/291412/ztf_20201204291412_000298_zr_c07_o_q4_scimrefdiffimg.fits.fz,Kulkarni,2,1.433291412715015e+18,t,0.0,1433,27,298,2245.469970703125,611.3920288085938,29.25267,-18.160272,19.44849967956543,0.3211910128593445,1.3261200189590454,19.69499969482422,0.39070001244544983,0.15917299687862396,18.631999969482422,0.03999999910593033,2.5199999809265137,0.1889999955892563,0.15521299839019775,0.24650900065898895,1.8831299543380737,0.7279999852180481,611.3920288085938,-0.44493401050567627,2.0,1.1390000581741333,0.8999999761581421,0.604843020439148,0.47792699933052063,1.2655600309371948,5.0,0.0,0.7771430015563965,0.9349550008773804,19.87179946899414,0.5892000198364258,29.2527156,-18.1602833,5.91964,26.23550033569336,4.768350117956288e-05,0.03927769884467125,0.11370500177145004,6.992529961280525e-05,t17_f5_c3,,,,ZTF19abjgazt
2459194.6686458,1,1440168642715,20.00979995727539,/ztf/archive/sci/2020/1211/168623/ztf_20201211168623_000298_zg_c07_o_q4_scimrefdiffimg.fits.fz,Kulkarni,2,1.440168642715015e+18,1,4.0,1440,27,298,2258.10009765625,619.260986328125,29.2526,-18.160322,19.32379913330078,0.16910099983215332,1.465109944343567,19.200700759887695,0.10570000112056732,0.36274999380111694,19.31800079345703,0.04500000178813934,2.510999917984009,0.15299999713897705,0.07873500138521194,-0.12309800088405609,7.900000095367432,0.8690000176429749,619.260986328125,0.8091199994087219,0.5745409727096558,2.0239999294281006,1.7630000114440918,0.2562029957771301,0.22316500544548035,1.1480400562286377,2.0,0.0,0.3785710036754608,1.0,19.049299240112305,0.11670000106096268,29.2526903,-18.1602669,13.346,26.229799270629883,7.978009671205655e-05,0.04809749871492386,-0.07942839711904526,0.00015596799494232982,t17_f5_c3,,,,ZTF19abjgazt
2459194.7294792,1,1440229472715,19.918399810791016,/ztf/archive/sci/2020/1211/229479/ztf_20201211229479_000298_zg_c07_o_q4_scimrefdiffimg.fits.fz,Kulkarni,2,1.440229472715015e+18,1,1.0,1440,27,298,2257.489990234375,611.7570190429688,29.2526532,-18.1603511,19.50040054321289,0.21141499280929565,1.086609959602356,19.26180076599121,0.12039999663829803,0.32412099838256836,19.31800079345703,0.04500000178813934,2.510999917984009,0.15299999713897705,0.44694799184799194,-0.23859800398349762,8.3100004196167,0.37599998712539673,611.7570190429688,0.6565989851951599,0.5483670234680176,1.7000000476837158,1.5789999961853027,0.20457300543785095,0.19001199305057526,1.0766299962997437,0.0,0.0,0.39714300632476807,1.0,19.243999481201172,0.15039999783039093,29.2526903,-18.1602669,11.9353,26.212400436401367,7.057539914967492e-05,0.04551120102405548,-0.053156398236751556,0.0001361030008411035,t17_f5_c3,,,,ZTF19abjgazt
2460257.7534259,2,2503253422715,19.47960090637207,/ztf/archive/sci/2023/1109/253426/ztf_20231109253426_000298_zr_c07_o_q4_scimrefdiffimg.fits.fz,Kulkarni,1,2.503253422715015e+18,t,0.0,2503,27,298,2264.840087890625,653.3200073242188,29.2526972,-18.1603755,19.3882999420166,0.2187030017375946,0.937874972820282,19.470699310302734,0.23029999434947968,0.3332900106906891,18.631999969482422,0.03999999910593033,2.5199999809265137,0.1889999955892563,-0.2507210075855255,0.08235800266265869,4.179999828338623,0.5479999780654907,653.3200073242188,0.008892999961972237,1.0163899660110474,1.3760000467300415,1.218999981880188,0.3291870057582855,0.2916269898414612,1.128790020942688,1.0,0.0,0.6857140064239502,1.0,19.47319984436035,0.2948000133037567,29.2527156,-18.1602833,7.35143,26.24530029296875,5.772729855380021e-05,0.04376969859004021,0.12600600719451904,8.686310320626944e-05,t17_f5_c3,,,,ZTF19abjgazt
2460257.8547222,1,2503354722715,19.546199798583984,/ztf/archive/sci/2023/1109/354711/ztf_20231109354711_000298_zg_c07_o_q4_scimrefdiffimg.fits.fz,Kulkarni,1,2.503354722715015e+18,t,0.0,2503,27,298,2262.0,639.8519897460938,29.2527887,-18.16036,19.189300537109375,0.14074699580669403,1.0300400257110596,19.2101993560791,0.18289999663829803,0.4690200090408325,19.31800079345703,0.04500000178813934,2.510999917984009,0.15299999713897705,0.17235100269317627,0.020872000604867935,6.320000171661377,0.9440000057220459,639.8519897460938,0.33605000376701355,0.6246860027313232,1.3539999723434448,1.319000005722046,0.21424099802970886,0.20870299637317657,1.0265400409698486,1.0,0.0,0.5771430134773254,1.0,19.356599807739258,0.26739999651908875,29.2526903,-18.1602669,10.9433,26.14229965209961,6.707000284222886e-05,0.04089979827404022,-0.04169619828462601,0.00015109700325410813,t17_f5_c3,,,,ZTF19abjgazt
2460259.7063079,1,2505206302715,20.081199645996094,/ztf/archive/sci/2023/1111/205799/ztf_20231111205799_000298_zg_c07_o_q4_scimrefdiffimg.fits.fz,Kulkarni,1,2.505206302715015e+18,t,1.0,2505,27,298,2268.110107421875,638.3499755859375,29.2526863,-18.1602905,19.108600616455078,0.10966800153255463,1.1769499778747559,19.071800231933594,0.1354999989271164,0.08492899686098099,19.31800079345703,0.04500000178813934,2.510999917984009,0.15299999713897705,0.5648199915885925,-0.03683299943804741,2.8499999046325684,0.9779999852180481,638.3499755859375,1.0094200372695923,1.0130900144577026,0.890999972820282,0.8460000157356262,0.3126319944858551,0.2968420088291168,1.053189992904663,1.0,0.0,0.9599999785423279,1.0,19.164600372314453,0.18799999356269836,29.2526903,-18.1602669,14.3163,26.178600311279297,3.3854299545055255e-05,0.03283049911260605,-0.06981279700994492,5.428920121630654e-05,t17_f5_c3,,,,ZTF19abjgazt
2460259.7882755,2,2505288272715,19.667299270629883,/ztf/archive/sci/2023/1111/288264/ztf_20231111288264_000298_zr_c07_o_q4_scimrefdiffimg.fits.fz,Kulkarni,1,2.505288272715015e+18,t,0.0,2505,27,298,2276.52001953125,649.3839721679688,29.2526355,-18.1603488,19.340299606323242,0.22866199910640717,1.043660044670105,19.443599700927734,0.20739999413490295,0.35682401061058044,18.631999969482422,0.03999999910593033,2.5199999809265137,0.1889999955892563,-0.4347119927406311,0.10328000038862228,5.409999847412109,0.777999997138977,649.3839721679688,0.223703995347023,0.718438982963562,1.2239999771118164,1.0839999914169312,0.22624799609184265,0.20036999881267548,1.1291500329971313,1.0,0.0,0.7400000095367432,1.0,19.37809944152832,0.2492000013589859,29.2527156,-18.1602833,9.15914,26.24329948425293,5.228340160101652e-05,0.041594699025154114,0.11486700177192688,7.747420022496954e-05,t17_f5_c3,,,,ZTF19abjgazt
2458692.9854977,2,938485492715,20.196500778198242,/ztf/archive/sci/2019/0728/485486/ztf_20190728485486_000298_zr_c07_o_q4_scimrefdiffimg.fits.fz,Kulkarni,1,9.38485492715015e+17,t,1.0,938,27,298,2240.340087890625,503.20098876953125,29.2527386,-18.1602876,19.41659927368164,0.11530499905347824,1.593019962310791,19.223899841308594,0.16820000112056732,0.07907000184059143,18.631999969482422,0.03999999910593033,2.5199999809265137,0.1889999955892563,0.16627199947834015,-0.19269099831581116,2.6600000858306885,0.9700000286102295,503.20098876953125,0.9726439714431763,0.9140350222587585,0.6970000267028809,0.6439999938011169,0.2620300054550171,0.24210500717163086,1.0822999477386475,5.0,0.0,0.9757140278816223,0.9546250104904175,19.121299743652344,0.19449999928474426,29.2527156,-18.1602833,9.50925,26.01259994506836,3.1113700970308855e-05,0.0322612002491951,0.12209899723529816,4.4650900235865265e-05,t17_f5_c3,,,,ZTF19abjgazt
2458693.9981829,2,939498182715,19.737199783325195,/ztf/archive/sci/2019/0729/498183/ztf_20190729498183_000298_zr_c07_o_q4_scimrefdiffimg.fits.fz,Kulkarni,3,,,,939,27,298,,,,,,,,,,,,,,,,,,,,,,,,,,,,,,,,,,,,26.050800323486328,3.4130698622902855e-05,0.03400630131363869,0.12021200358867645,4.8883499403018504e-05,t17_f5_c3,,,,ZTF19abjgazt
2458694.9402778,1,940440272715,20.480600357055664,/ztf/archive/sci/2019/0730/440266/ztf_20190730440266_000298_zg_c07_o_q4_scimrefdiffimg.fits.fz,Kulkarni,3,9.40440272715015e+17,1,4.0,940,27,298,2221.5400390625,482.4469909667969,29.2527195,-18.160293,19.233200073242188,0.1458359956741333,3.287130117416382,19.4606990814209,0.14710000157356262,0.1354999989271164,19.31800079345703,0.04500000178813934,2.510999917984009,0.15299999713897705,0.20993800461292267,0.22745999693870544,2.1700000762939453,0.9980000257492065,482.4469909667969,1.0198800563812256,1.2430100440979004,0.6909999847412109,0.6430000066757202,0.3184329867362976,0.29631298780441284,1.0746500492095947,2.0,0.0,0.9628570079803467,1.0,19.449800491333008,0.18410000205039978,29.2526903,-18.1602669,19.8369,25.90019989013672,3.5226799809606746e-05,0.03426859900355339,-0.09421990066766739,5.080569826532155e-05,t17_f5_c3,,,,ZTF19abjgazt
2458694.9402778,1,940440272715,20.480600357055664,/ztf/archive/sci/2019/0730/440266/ztf_20190730440266_000298_zg_c07_o_q4_scimrefdiffimg.fits.fz,Kulkarni,3,9.40440272715015e+17,t,4.0,940,27,298,2221.5400390625,482.4469909667969,29.2527195,-18.160293,19.233200073242188,0.1458359956741333,3.287130117416382,19.4606990814209,0.14710000157356262,0.1354999989271164,19.31800079345703,0.04500000178813934,2.510999917984009,0.15299999713897705,0.20993800461292267,0.22745999693870544,2.1700000762939453,0.9980000257492065,482.4469909667969,1.0198800563812256,1.2430100440979004,0.6909999847412109,0.6430000066757202,0.3184329867362976,0.29631298780441284,1.0746500492095947,2.0,0.0,0.9628570079803467,1.0,19.449800491333008,0.18410000205039978,29.2526903,-18.1602669,19.8369,25.90019989013672,3.5226799809606746e-05,0.03426859900355339,-0.09421990066766739,5.080569826532155e-05,t17_f5_c3,,,,ZTF19abjgazt
2458694.9833565,2,940483352715,20.66320037841797,/ztf/archive/sci/2019/0730/483345/ztf_20190730483345_000298_zr_c07_o_q4_scimrefdiffimg.fits.fz,Kulkarni,3,9.40483352715015e+17,t,3.0,940,27,298,2241.659912109375,499.62799072265625,29.2527353,-18.1603383,19.519899368286133,0.10668499767780304,2.3322699069976807,19.59779930114746,0.16410000622272491,0.20649899542331696,18.631999969482422,0.03999999910593033,2.5199999809265137,0.1889999955892563,0.07566700130701065,0.07792399823665619,1.9900000095367432,0.9779999852180481,499.62799072265625,1.0653899908065796,1.1806199550628662,0.6019999980926514,0.6000000238418579,0.3025130033493042,0.30150800943374634,1.0033299922943115,2.0,0.0,0.9614289999008179,1.0,19.849199295043945,0.26010000705718994,29.2527156,-18.1602833,15.9554,26.094900131225586,2.2416799765778705e-05,0.027322299778461456,0.12464799731969833,3.234870018786751e-05,t17_f5_c3,,,,ZTF19abjgazt
2458695.9410417,1,941441042715,20.348400115966797,/ztf/archive/sci/2019/0731/441042/ztf_20190731441042_000298_zg_c07_o_q4_scimrefdiffimg.fits.fz,Kulkarni,1,9.41441042715015e+17,1,3.0,941,27,298,2229.510009765625,459.97601318359375,29.2527378,-18.1603046,19.293100357055664,0.10527300089597702,2.039900064468384,19.398300170898438,0.1509000062942505,0.20884400606155396,19.31800079345703,0.04500000178813934,2.510999917984009,0.15299999713897705,0.503724992275238,0.10518299788236618,2.759999990463257,0.9779999852180481,459.97601318359375,0.9500539898872375,1.0065399408340454,0.8309999704360962,0.7639999985694885,0.30108699202537537,0.27681198716163635,1.0877000093460083,1.0,0.0,0.9671429991722107,1.0,19.416000366210938,0.19449999928474426,29.2526903,-18.1602669,17.1318,25.949100494384766,4.0119299228535965e-05,0.036218199878931046,-0.10044500231742859,5.9021898778155446e-05,t17_f5_c3,,,,ZTF19abjgazt
2458695.95875,1,941458742715,20.490299224853516,/ztf/archive/sci/2019/0731/458750/ztf_20190731458750_000298_zg_c07_o_q4_scimrefdiffimg.fits.fz,Kulkarni,3,9.41458742715015e+17,1,4.0,941,27,298,2237.110107421875,462.18798828125,29.2527253,-18.1602697,19.257600784301758,0.11111000180244446,1.1808899641036987,19.27400016784668,0.12549999356269836,0.11875499784946442,19.31800079345703,0.04500000178813934,2.510999917984009,0.15299999713897705,0.3083510100841522,0.01638999953866005,2.2799999713897705,0.9710000157356262,462.18798828125,1.21628999710083,1.1560300588607788,0.7720000147819519,0.6830000281333923,0.338595986366272,0.2995609939098358,1.13031005859375,2.0,0.0,0.9685710072517395,1.0,19.173599243164062,0.14489999413490295,29.2526903,-18.1602669,15.8277,25.989599227905273,3.770289913518354e-05,0.03550269827246666,-0.09297329932451248,5.4511499911313877e-05,t17_f5_c3,,,,ZTF19abjgazt
2458695.9802894,2,941480282715,20.55190086364746,/ztf/archive/sci/2019/0731/480278/ztf_20190731480278_000298_zr_c07_o_q4_scimrefdiffimg.fits.fz,Kulkarni,1,9.41480282715015e+17,1,3.0,941,27,298,2221.7900390625,473.84600830078125,29.2526807,-18.1602865,19.25349998474121,0.08129899948835373,1.8644299507141113,19.216100692749023,0.12780000269412994,0.11836999654769897,18.631999969482422,0.03999999910593033,2.5199999809265137,0.1889999955892563,-0.26732099056243896,-0.037390001118183136,2.0799999237060547,0.9810000061988831,473.84600830078125,1.3357900381088257,1.1243499517440796,0.699999988079071,0.6499999761581421,0.3365379869937897,0.3125,1.0769200325012207,3.0,0.0,0.9728569984436035,1.0,19.344100952148438,0.18129999935626984,29.2527156,-18.1602833,14.8138,26.07349967956543,2.239219975308515e-05,0.026983799412846565,0.12074100226163864,3.217630001017824e-05,t17_f5_c3,,,,ZTF19abjgazt
2458719.9603125,2,965460312715,19.902000427246094,/ztf/archive/sci/2019/0824/460301/ztf_20190824460301_000298_zr_c07_o_q4_scimrefdiffimg.fits.fz,Kulkarni,1,9.65460312715015e+17,t,6.0,965,27,298,2215.590087890625,512.0009765625,29.2524976,-18.1604055,19.318700790405273,0.14824600517749786,1.6647100448608398,18.960899353027344,0.1459999978542328,0.8549259901046753,18.631999969482422,0.03999999910593033,2.5199999809265137,0.1889999955892563,0.21913999319076538,-0.35776400566101074,3.7699999809265137,0.871999979019165,512.0009765625,0.9410510063171387,0.7606250047683716,1.3530000448226929,1.121999979019165,0.3588860034942627,0.2976129949092865,1.205880045890808,2.0,0.0,0.6600000262260437,1.0,18.813499450683594,0.1624000072479248,29.2527156,-18.1602833,11.8947,26.06570053100586,3.185219975421205e-05,0.032635901123285294,0.12875600159168243,4.606520087691024e-05,t17_f5_c3,,,,ZTF19abjgazt
2458719.9816667,1,965481662715,19.43950080871582,/ztf/archive/sci/2019/0824/481655/ztf_20190824481655_000298_zg_c07_o_q4_scimrefdiffimg.fits.fz,Kulkarni,1,9.65481662715015e+17,t,1.0,965,27,298,2243.7900390625,502.87701416015625,29.2527242,-18.1603042,19.319599151611328,0.1842540055513382,2.0533499717712402,20.02720069885254,0.36010000109672546,0.1752759963274002,19.31800079345703,0.04500000178813934,2.510999917984009,0.15299999713897705,0.22976799309253693,0.7075539827346802,2.8399999141693115,0.6069999933242798,502.87701416015625,-0.587706983089447,1.648360013961792,1.1480000019073486,0.9139999747276306,0.4042249917984009,0.32183098793029785,1.256019949913025,2.0,0.0,0.6642860174179077,1.0,19.9768009185791,0.4399999976158142,29.2526903,-18.1602669,8.89534,26.074600219726562,0.00012395900557748973,0.050879500806331635,-0.14180399477481842,0.0002868619922082871,t17_f5_c3,,,,ZTF19abjgazt
2458722.9387037,1,968438702715,20.50510025024414,/ztf/archive/sci/2019/0827/438704/ztf_20190827438704_000298_zg_c07_o_q4_scimrefdiffimg.fits.fz,Kulkarni,1,9.68438702715015e+17,t,6.0,968,27,298,2231.389892578125,502.86700439453125,29.2527263,-18.1602703,19.309900283813477,0.13385599851608276,2.271090030670166,19.327699661254883,0.13359999656677246,0.1221579983830452,19.31800079345703,0.04500000178813934,2.510999917984009,0.15299999713897705,0.3325810134410858,0.017785999923944473,2.4100000858306885,0.9810000061988831,502.86700439453125,1.1773500442504883,1.0593199729919434,0.7009999752044678,0.6389999985694885,0.2908709943294525,0.2651450037956238,1.0970300436019897,2.0,0.0,0.9714289903640747,1.0,19.240100860595703,0.15620000660419464,29.2526903,-18.1602669,17.665,26.026899337768555,3.157449827995151e-05,0.03249669820070267,-0.0922594964504242,4.5153101382311434e-05,t17_f5_c3,,,,ZTF19abjgazt
2458722.9813773,2,968481372715,19.973100662231445,/ztf/archive/sci/2019/0827/481377/ztf_20190827481377_000298_zr_c07_o_q4_scimrefdiffimg.fits.fz,Kulkarni,1,9.68481372715015e+17,t,4.0,968,27,298,2247.9599609375,515.89599609375,29.2528301,-18.1604947,19.546199798583984,0.13861000537872314,1.042240023612976,19.37969970703125,0.1712000072002411,0.8449540138244629,18.631999969482422,0.03999999910593033,2.5199999809265137,0.1889999955892563,-0.0854720026254654,-0.1665000021457672,1.9900000095367432,0.621999979019165,515.89599609375,0.5934129953384399,1.7111599445343018,1.1080000400543213,0.9589999914169312,0.5567839741706848,0.48190999031066895,1.1553699970245361,2.0,0.0,0.8857139945030212,1.0,19.496400833129883,0.24169999361038208,29.2527156,-18.1602833,8.26238,26.035200119018555,3.469970033620484e-05,0.03368020057678223,0.15304599702358246,4.9321301048621535e-05,t17_f5_c3,,,,ZTF19abjgazt
2458725.938912,1,971438912715,20.598499298095703,/ztf/archive/sci/2019/0830/438912/ztf_20190830438912_000298_zg_c07_o_q4_scimrefdiffimg.fits.fz,Kulkarni,1,9.71438912715015e+17,t,5.0,971,27,298,2220.0,503.1319885253906,29.2526511,-18.1602627,19.597200393676758,0.13311299681663513,1.2727999687194824,19.614999771118164,0.16680000722408295,0.13316500186920166,19.31800079345703,0.04500000178813934,2.510999917984009,0.15299999713897705,0.4691320061683655,0.017806999385356903,2.6700000762939453,0.968999981880188,503.1319885253906,0.9835259914398193,0.914493978023529,0.8339999914169312,0.7329999804496765,0.3123599886894226,0.2745319902896881,1.1377899646759033,4.0,0.0,0.9585710167884827,0.9982830286026001,19.41200065612793,0.17569999396800995,29.2526903,-18.1602669,12.0407,26.05419921875,2.8023499908158556e-05,0.030865000560879707,-0.07152000069618225,4.064799941261299e-05,t17_f5_c3,,,,ZTF19abjgazt
2458725.9814005,2,971481402715,19.69420051574707,/ztf/archive/sci/2019/0830/481400/ztf_20190830481400_000298_zr_c07_o_q4_scimrefdiffimg.fits.fz,Kulkarni,1,9.71481402715015e+17,t,3.0,971,27,298,2244.169921875,512.1729736328125,29.2526092,-18.1604425,19.751699447631836,0.22026699781417847,0.9520350098609924,19.711999893188477,0.24400000274181366,0.6702920198440552,18.631999969482422,0.03999999910593033,2.5199999809265137,0.1889999955892563,-0.4578070044517517,-0.039694998413324356,2.0791900157928467,0.42100000381469727,512.1729736328125,-0.017796000465750694,2.0,1.024999976158142,0.8270000219345093,0.49298200011253357,0.39775198698043823,1.2394200563430786,4.0,0.0,0.8171430230140686,0.9676589965820312,19.587200164794922,0.2768000066280365,29.2527156,-18.1602833,5.74032,26.080699920654297,4.954150062985718e-05,0.04064830020070076,0.16148999333381653,7.131989696063101e-05,t17_f5_c3,,,,ZTF19abjgazt
2458732.8974537,1,978397452715,20.47209930419922,/ztf/archive/sci/2019/0906/397454/ztf_20190906397454_000298_zg_c07_o_q4_scimrefdiffimg.fits.fz,Kulkarni,1,9.78397452715015e+17,t,2.0,978,27,298,2227.3701171875,473.4070129394531,29.252726,-18.1603208,19.543399810791016,0.16326700150966644,2.469820022583008,19.700700759887695,0.18889999389648438,0.22628900408744812,19.31800079345703,0.04500000178813934,2.510999917984009,0.15299999713897705,0.45425501465797424,0.15729300677776337,2.359999895095825,0.9769999980926514,473.4070129394531,0.7713900208473206,1.1045900583267212,0.718999981880188,0.652999997138977,0.30466100573539734,0.27669501304626465,1.1010700464248657,4.0,0.0,0.9614289999008179,0.9822549819946289,19.60770034790039,0.22040000557899475,29.2526903,-18.1602669,14.472,26.021400451660156,2.4043800294748507e-05,0.028455499559640884,-0.08687309920787811,3.5172899515600875e-05,t17_f5_c3,,,,ZTF19abjgazt
2458732.9603704,2,978460372715,20.111299514770508,/ztf/archive/sci/2019/0906/460370/ztf_20190906460370_000298_zr_c07_o_q4_scimrefdiffimg.fits.fz,Kulkarni,1,9.78460372715015e+17,t,3.0,978,27,298,2246.75,487.93499755859375,29.2526745,-18.1604041,19.732999801635742,0.15337899327278137,1.4245100021362305,19.439199447631836,0.19760000705718994,0.4510270059108734,18.631999969482422,0.03999999910593033,2.5199999809265137,0.1889999955892563,-0.41568300127983093,-0.29378700256347656,2.259999990463257,0.746999979019165,487.93499755859375,0.6721360087394714,1.2069000005722046,1.0829999446868896,0.9850000143051147,0.479203999042511,0.43584099411964417,1.0994900465011597,2.0,0.0,0.857142984867096,1.0,19.603900909423828,0.2921999990940094,29.2527156,-18.1602833,9.88658,26.009000778198242,5.852269896422513e-05,0.043941300362348557,0.13105499744415283,8.349499694304541e-05,t17_f5_c3,,,,ZTF19abjgazt
2458735.9193866,1,981419382715,20.554399490356445,/ztf/archive/sci/2019/0909/419387/ztf_20190909419387_000298_zg_c07_o_q4_scimrefdiffimg.fits.fz,Kulkarni,1,9.81419382715015e+17,t,5.0,981,27,298,2201.199951171875,525.4310302734375,29.2526935,-18.1602631,19.702699661254883,0.14252600073814392,1.3835099935531616,19.728599548339844,0.18619999289512634,0.01732500083744526,19.31800079345703,0.04500000178813934,2.510999917984009,0.15299999713897705,0.3652850091457367,0.025939999148249626,2.4700000286102295,0.9729999899864197,525.4310302734375,0.8257660269737244,1.0225199460983276,0.7710000276565552,0.6959999799728394,0.31214600801467896,0.28178098797798157,1.107759952545166,1.0,0.0,0.9728569984436035,1.0,19.657699584960938,0.22130000591278076,29.2526903,-18.1602669,12.9202,26.043699264526367,2.413649963273201e-05,0.028827499598264694,-0.0724451020359993,3.4497599699534476e-05,t17_f5_c3,,,,ZTF19abjgazt
2458738.9188542,1,984418852715,19.284900665283203,/ztf/archive/sci/2019/0912/418854/ztf_20190912418854_000298_zg_c07_o_q4_scimrefdiffimg.fits.fz,Kulkarni,1,9.84418852715015e+17,t,1.0,984,27,298,2235.860107421875,530.2730102539062,29.2526951,-18.1603951,19.68709945678711,0.33515501022338867,1.0574300289154053,19.94529914855957,0.6685000061988831,0.4558959901332855,19.31800079345703,0.04500000178813934,2.510999917984009,0.15299999713897705,0.05815799906849861,0.25815001130104065,2.5299999713897705,0.7519999742507935,530.2730102539062,-0.6604310274124146,1.0549700260162354,0.7120000123977661,0.40299999713897705,0.28142300248146057,0.15928900241851807,1.7667499780654907,8.0,0.0,0.6271430253982544,0.870756983757019,19.596799850463867,0.6226000189781189,29.2526903,-18.1602669,6.20441,26.06719970703125,5.1819100917782634e-05,0.0356592983007431,-0.06072400137782097,0.00010162300168303773,t17_f5_c3,,,,ZTF19abjgazt
2458741.9182407,2,987418242715,18.976900100708008,/ztf/archive/sci/2019/0915/418241/ztf_20190915418241_000298_zr_c07_o_q4_scimrefdiffimg.fits.fz,Kulkarni,1,,,,987,27,298,,,,,,,,,,,,,,,,,,,,,,,,,,,,,,,,,,,,26.046300888061523,9.958339796867222e-05,0.055252499878406525,0.11932600289583206,0.00014204900071490556,t17_f5_c3,,,,ZTF19abjgazt
2458741.9979745,1,987497972715,18.597900390625,/ztf/archive/sci/2019/0915/497975/ztf_20190915497975_000298_zg_c07_o_q4_scimrefdiffimg.fits.fz,Kulkarni,1,,,,987,27,298,,,,,,,,,,,,,,,,,,,,,,,,,,,,,,,,,,,,25.938400268554688,0.00014598200505133718,0.04741059988737106,-0.06072770059108734,0.000331132992869243,t17_f5_c3,,,,ZTF19abjgazt
2458744.8771875,2,990377182715,19.304100036621094,/ztf/archive/sci/2019/0918/377188/ztf_20190918377188_000298_zr_c07_o_q4_scimrefdiffimg.fits.fz,Kulkarni,1,,,,990,27,298,,,,,,,,,,,,,,,,,,,,,,,,,,,,,,,,,,,,26.080799102783203,5.3781001042807475e-05,0.04213780164718628,0.13630099594593048,7.580380042782053e-05,t17_f5_c3,,,,ZTF19abjgazt
2458747.8141319,1,993314132715,19.728099822998047,/ztf/archive/sci/2019/0921/314120/ztf_20190921314120_000298_zg_c07_o_q4_scimrefdiffimg.fits.fz,Kulkarni,1,9.93314132715015e+17,1,1.0,993,27,298,2238.969970703125,511.7340087890625,29.2526841,-18.1603495,20.01490020751953,0.2597399950027466,1.0298000574111938,19.807300567626953,0.39070001244544983,0.2943269908428192,19.31800079345703,0.04500000178813934,2.510999917984009,0.15299999713897705,0.538332998752594,-0.2075600028038025,2.5299999713897705,0.8119999766349792,511.7340087890625,-0.079196996986866,1.063349962234497,0.9470000267028809,0.7400000095367432,0.3743079900741577,0.29249000549316406,1.279729962348938,5.0,0.0,0.9157140254974365,0.9669119715690613,19.782699584960938,0.4896000027656555,29.2526903,-18.1602669,6.3015,25.920900344848633,4.248729965183884e-05,0.03566789999604225,-0.05477359890937805,7.683639705646783e-05,t17_f5_c3,,,,ZTF19abjgazt
2458706.9597569,1,952459752715,20.410400390625,/ztf/archive/sci/2019/0811/459757/ztf_20190811459757_000298_zg_c07_o_q4_scimrefdiffimg.fits.fz,Kulkarni,1,9.52459752715015e+17,t,3.0,952,27,298,2212.840087890625,478.8349914550781,29.2527027,-18.1603149,19.194000244140625,0.12008299678564072,2.0517001152038574,19.289400100708008,0.11729999631643295,0.17566199600696564,19.31800079345703,0.04500000178813934,2.510999917984009,0.15299999713897705,0.4507009983062744,0.09541700035333633,3.4600000381469727,0.9789999723434448,478.8349914550781,1.120959997177124,0.8907470107078552,0.7979999780654907,0.7730000019073486,0.23063600063323975,0.2234099954366684,1.0323400497436523,3.0,0.0,0.947143018245697,0.9981459975242615,19.212799072265625,0.13830000162124634,29.2526903,-18.1602669,21.5774,26.093000411987305,4.1646599129308015e-05,0.03709239885210991,-0.12424899637699127,6.133560236776248e-05,t17_f5_c3,,,,ZTF19abjgazt
2458706.9812963,2,952481292715,20.55069923400879,/ztf/archive/sci/2019/0811/481111/ztf_20190811481111_000298_zr_c07_o_q4_scimrefdiffimg.fits.fz,Kulkarni,1,9.52481292715015e+17,t,0.0,952,27,298,2248.02001953125,490.0639953613281,29.2527129,-18.1603321,19.412599563598633,0.11581200361251831,1.152250051498413,19.24880027770996,0.12540000677108765,0.17366500198841095,18.631999969482422,0.03999999910593033,2.5199999809265137,0.1889999955892563,-0.22162899374961853,-0.16382500529289246,2.9100000858306885,0.968999981880188,490.0639953613281,1.3019299507141113,0.8479139804840088,0.8370000123977661,0.7490000128746033,0.28762900829315186,0.25738799571990967,1.1174900531768799,4.0,0.0,0.9714289903640747,0.9703720211982727,19.211000442504883,0.1527000069618225,29.2527156,-18.1602833,13.1144,26.111600875854492,2.268699972773902e-05,0.027287699282169342,0.13070599734783173,3.24792017636355e-05,t17_f5_c3,,,,ZTF19abjgazt
2458709.8964815,2,955396482715,19.460100173950195,/ztf/archive/sci/2019/0814/396319/ztf_20190814396319_000298_zr_c07_o_q4_scimrefdiffimg.fits.fz,Kulkarni,1,9.55396482715015e+17,t,0.0,955,27,298,2228.340087890625,496.0069885253906,29.2527245,-18.1603616,19.434799194335938,0.16421200335025787,0.9334369897842407,19.53860092163086,0.4399000108242035,0.27958500385284424,18.631999969482422,0.03999999910593033,2.5199999809265137,0.1889999955892563,0.02801699936389923,0.10381399840116501,1.1894099712371826,0.9900000095367432,496.0069885253906,-0.07853099703788757,2.0,0.718999981880188,0.6510000228881836,0.6045029759407043,0.5473319888114929,1.104449987411499,6.0,0.0,0.9571430087089539,0.9148160219192505,19.654399871826172,0.6281999945640564,29.2527156,-18.1602833,6.33612,26.045799255371094,3.857029878417961e-05,0.03588839992880821,0.13905100524425507,5.5186799727380276e-05,t17_f5_c3,,,,ZTF19abjgazt
2458709.9560301,1,955456032715,19.398000717163086,/ztf/archive/sci/2019/0814/456019/ztf_20190814456019_000298_zg_c07_o_q4_scimrefdiffimg.fits.fz,Kulkarni,1,9.55456032715015e+17,t,1.0,955,27,298,2225.860107421875,506.44500732421875,29.2527218,-18.1602993,19.3218994140625,0.21119700372219086,1.4340200424194336,19.123300552368164,0.2858000099658966,0.15685699880123138,19.31800079345703,0.04500000178813934,2.510999917984009,0.15299999713897705,-0.021630000323057175,-0.1986050009727478,1.75,0.972000002861023,506.44500732421875,0.27474498748779297,1.5102399587631226,0.6880000233650208,0.593999981880188,0.3931429982185364,0.33942899107933044,1.1582499742507935,8.0,0.0,0.9342859983444214,0.8735399842262268,18.969900131225586,0.31850001215934753,29.2526903,-18.1602669,9.19462,26.093900680541992,4.419379911269061e-05,0.03400149941444397,-0.07787039875984192,8.76162011991255e-05,t17_f5_c3,,,,ZTF19abjgazt
2458713.8970139,2,959397012715,18.99169921875,/ztf/archive/sci/2019/0818/396481/ztf_20190818396481_000298_zr_c07_o_q4_scimrefdiffimg.fits.fz,Kulkarni,1,,,,959,27,298,,,,,,,,,,,,,,,,,,,,,,,,,,,,,,,,,,,,26.027799606323242,6.750180182280019e-05,0.04673270136117935,0.1300099939107895,9.707109711598605e-05,t17_f5_c3,,,,ZTF19abjgazt
2458716.9972222,2,962497222715,19.613000869750977,/ztf/archive/sci/2019/0821/497211/ztf_20190821497211_000298_zr_c07_o_q4_scimrefdiffimg.fits.fz,Kulkarni,1,,,,962,27,298,,,,,,,,,,,,,,,,,,,,,,,,,,,,,,,,,,,,26.098400115966797,2.998300078616012e-05,0.03182649984955788,0.1238270029425621,4.305180118535645e-05,t17_f5_c3,,,,ZTF19abjgazt
2458695.9410417,1,941441042715,20.348400115966797,/ztf/archive/sci/2019/0731/441042/ztf_20190731441042_000298_zg_c07_o_q4_scimrefdiffimg.fits.fz,Kulkarni,1,9.41441042715015e+17,t,3.0,941,27,298,2229.510009765625,459.97601318359375,29.2527378,-18.1603046,19.293100357055664,0.10527300089597702,2.039900064468384,19.398300170898438,0.1509000062942505,0.20884400606155396,19.31800079345703,0.04500000178813934,2.510999917984009,0.15299999713897705,0.503724992275238,0.10518299788236618,2.759999990463257,0.9779999852180481,459.97601318359375,0.9500539898872375,1.0065399408340454,0.8309999704360962,0.7639999985694885,0.30108699202537537,0.27681198716163635,1.0877000093460083,1.0,0.0,0.9671429991722107,1.0,19.416000366210938,0.19449999928474426,29.2526903,-18.1602669,17.1318,25.949100494384766,4.0119299228535965e-05,0.036218199878931046,-0.10044500231742859,5.9021898778155446e-05,t17_f5_c3,,,,ZTF19abjgazt
2458695.9802894,2,941480282715,20.55190086364746,/ztf/archive/sci/2019/0731/480278/ztf_20190731480278_000298_zr_c07_o_q4_scimrefdiffimg.fits.fz,Kulkarni,1,9.41480282715015e+17,t,3.0,941,27,298,2221.7900390625,473.84600830078125,29.2526807,-18.1602865,19.25349998474121,0.08129899948835373,1.8644299507141113,19.216100692749023,0.12780000269412994,0.11836999654769897,18.631999969482422,0.03999999910593033,2.5199999809265137,0.1889999955892563,-0.26732099056243896,-0.037390001118183136,2.0799999237060547,0.9810000061988831,473.84600830078125,1.3357900381088257,1.1243499517440796,0.699999988079071,0.6499999761581421,0.3365379869937897,0.3125,1.0769200325012207,3.0,0.0,0.9728569984436035,1.0,19.344100952148438,0.18129999935626984,29.2527156,-18.1602833,14.8138,26.07349967956543,2.239219975308515e-05,0.026983799412846565,0.12074100226163864,3.217630001017824e-05,t17_f5_c3,,,,ZTF19abjgazt
2458698.9601273,1,944460122715,20.438899993896484,/ztf/archive/sci/2019/0803/460058/ztf_20190803460058_000298_zg_c07_o_q4_scimrefdiffimg.fits.fz,Kulkarni,1,9.44460122715015e+17,t,4.0,944,27,298,2222.1298828125,467.6340026855469,29.2526899,-18.1602843,19.368000030517578,0.11160600185394287,1.734429955482483,19.2278995513916,0.12489999830722809,0.061964001506567,19.31800079345703,0.04500000178813934,2.510999917984009,0.15299999713897705,0.40474098920822144,-0.14005699753761292,2.3299999237060547,0.9490000009536743,467.6340026855469,1.2110199928283691,1.137369990348816,0.8600000143051147,0.7839999794960022,0.3690989911556244,0.3364810049533844,1.096940040588379,3.0,0.0,0.9599999785423279,0.9763299822807312,18.979900360107422,0.12630000710487366,29.2526903,-18.1602669,16.9659,25.992000579833984,2.549800046836026e-05,0.02927679941058159,-0.0807131975889206,3.704350092448294e-05,t17_f5_c3,,,,ZTF19abjgazt
2458698.9821644,2,944482162715,19.194000244140625,/ztf/archive/sci/2019/0803/482130/ztf_20190803482130_000298_zr_c07_o_q4_scimrefdiffimg.fits.fz,Kulkarni,1,9.44482162715015e+17,t,22.0,944,27,298,2239.68994140625,476.72900390625,29.2526446,-18.160476,19.27720069885254,0.21176999807357788,0.7256529927253723,18.74180030822754,0.2303999960422516,0.7255929708480835,18.631999969482422,0.03999999910593033,2.5199999809265137,0.1889999955892563,-0.07979000359773636,-0.5354250073432922,4.199999809265137,0.7139999866485596,476.72900390625,0.45222198963165283,0.672182023525238,1.5509999990463257,1.3760000467300415,0.3692860007286072,0.3276189863681793,1.1271799802780151,4.0,0.0,0.44571399688720703,0.9408419728279114,18.601299285888672,0.258899986743927,29.2527156,-18.1602833,7.18702,25.17620086669922,0.00025597898638807237,0.09229680150747299,0.1345279961824417,0.0003641840012278408,t17_f5_c3,,,,ZTF19abjgazt
2458732.8974537,1,978397452715,20.47209930419922,/ztf/archive/sci/2019/0906/397454/ztf_20190906397454_000298_zg_c07_o_q4_scimrefdiffimg.fits.fz,Kulkarni,1,9.78397452715015e+17,1,2.0,978,27,298,2227.3701171875,473.4070129394531,29.252726,-18.1603208,19.543399810791016,0.16326700150966644,2.469820022583008,19.700700759887695,0.18889999389648438,0.22628900408744812,19.31800079345703,0.04500000178813934,2.510999917984009,0.15299999713897705,0.45425501465797424,0.15729300677776337,2.359999895095825,0.9769999980926514,473.4070129394531,0.7713900208473206,1.1045900583267212,0.718999981880188,0.652999997138977,0.30466100573539734,0.27669501304626465,1.1010700464248657,4.0,0.0,0.9614289999008179,0.9822549819946289,19.60770034790039,0.22040000557899475,29.2526903,-18.1602669,14.472,26.021400451660156,2.4043800294748507e-05,0.028455499559640884,-0.08687309920787811,3.5172899515600875e-05,t17_f5_c3,,,,ZTF19abjgazt
2458702.0002546,2,947500252715,19.64929962158203,/ztf/archive/sci/2019/0806/500243/ztf_20190806500243_000298_zr_c07_o_q4_scimrefdiffimg.fits.fz,Kulkarni,1,9.47500252715015e+17,t,1.0,947,27,298,2246.139892578125,498.73699951171875,29.2527232,-18.1602901,19.124000549316406,0.13127000629901886,1.2149900197982788,19.06369972229004,0.24060000479221344,0.03504500165581703,18.631999969482422,0.03999999910593033,2.5199999809265137,0.1889999955892563,-0.5363759994506836,-0.06025699898600578,2.630000114440918,0.9760000109672546,498.73699951171875,0.5856220126152039,0.9085209965705872,0.7950000166893005,0.6460000276565552,0.302280992269516,0.2456270009279251,1.2306499481201172,6.0,0.0,0.9757140278816223,0.9217659831047058,19.350099563598633,0.39980000257492065,29.2527156,-18.1602833,10.156,25.625,2.3753200366627425e-05,0.027951300144195557,0.12063899636268616,3.391450081835501e-05,t17_f5_c3,,,,ZTF19abjgazt
2458730.9416319,1,976441632715,20.247299194335938,/ztf/archive/sci/2019/0904/441632/ztf_20190904441632_000298_zg_c07_o_q4_scimrefdiffimg.fits.fz,Kulkarni,2,9.76441632715015e+17,1,4.0,976,27,298,2247.409912109375,509.614013671875,29.2526641,-18.1603164,19.60759925842285,0.1854960024356842,2.2858099937438965,19.493499755859375,0.1770000010728836,0.19684700667858124,19.31800079345703,0.04500000178813934,2.510999917984009,0.15299999713897705,0.2172120064496994,-0.11412899941205978,2.7699999809265137,0.9580000042915344,509.614013671875,0.7538149952888489,1.0151499509811401,0.9309999942779541,0.7599999904632568,0.3361009955406189,0.2743679881095886,1.225000023841858,2.0,0.0,0.9528570175170898,0.959792971611023,19.354700088500977,0.19840000569820404,29.2526903,-18.1602669,12.8291,25.98259925842285,3.194759847247042e-05,0.031965598464012146,-0.09402009844779968,4.762249955092557e-05,t17_f5_c3,,,,ZTF19abjgazt
2458695.95875,1,941458742715,20.490299224853516,/ztf/archive/sci/2019/0731/458750/ztf_20190731458750_000298_zg_c07_o_q4_scimrefdiffimg.fits.fz,Kulkarni,3,9.41458742715015e+17,t,4.0,941,27,298,2237.110107421875,462.18798828125,29.2527253,-18.1602697,19.257600784301758,0.11111000180244446,1.1808899641036987,19.27400016784668,0.12549999356269836,0.11875499784946442,19.31800079345703,0.04500000178813934,2.510999917984009,0.15299999713897705,0.3083510100841522,0.01638999953866005,2.2799999713897705,0.9710000157356262,462.18798828125,1.21628999710083,1.1560300588607788,0.7720000147819519,0.6830000281333923,0.338595986366272,0.2995609939098358,1.13031005859375,2.0,0.0,0.9685710072517395,1.0,19.173599243164062,0.14489999413490295,29.2526903,-18.1602669,15.8277,25.989599227905273,3.770289913518354e-05,0.03550269827246666,-0.09297329932451248,5.4511499911313877e-05,t17_f5_c3,,,,ZTF19abjgazt
2458695.9901968,2,941490192715,20.549999237060547,/ztf/archive/sci/2019/0731/490174/ztf_20190731490174_000298_zr_c07_o_q4_scimrefdiffimg.fits.fz,Kulkarni,3,9.41490192715015e+17,t,2.0,941,27,298,2243.840087890625,473.343994140625,29.2527016,-18.1602667,19.411500930786133,0.10728400200605392,2.218050003051758,19.072900772094727,0.11479999870061874,0.07561399787664413,18.631999969482422,0.03999999910593033,2.5199999809265137,0.1889999955892563,0.017232000827789307,-0.33859899640083313,1.7799999713897705,0.9819999933242798,473.343994140625,1.4770900011062622,1.2831499576568604,0.7540000081062317,0.6639999747276306,0.42359599471092224,0.3730340003967285,1.1355400085449219,4.0,0.0,0.9285709857940674,1.0,19.15060043334961,0.15539999306201935,29.2527156,-18.1602833,13.6928,26.082500457763672,2.383719947829377e-05,0.028148600831627846,0.12487299740314484,3.39875987265259e-05,t17_f5_c3,,,,ZTF19abjgazt
2458711.9208565,2,957420852715,19.374000549316406,/ztf/archive/sci/2019/0816/420856/ztf_20190816420856_000298_zr_c07_o_q4_scimrefdiffimg.fits.fz,Kulkarni,3,9.57420852715015e+17,t,1.0,957,27,298,2213.830078125,482.2309875488281,29.2526696,-18.16033,19.181900024414062,0.1443450003862381,1.1774200201034546,19.040199279785156,0.29670000076293945,0.22725099325180054,18.631999969482422,0.03999999910593033,2.5199999809265137,0.1889999955892563,0.163455992937088,-0.14169199764728546,1.6299999952316284,0.9779999852180481,482.2309875488281,0.33378300070762634,1.4804199934005737,0.7760000228881836,0.652999997138977,0.4760740101337433,0.400613009929657,1.1883599758148193,6.0,0.0,0.9771429896354675,0.9381260275840759,19.276100158691406,0.47290000319480896,29.2527156,-18.1602833,8.20987,26.097900390625,4.430010085343383e-05,0.03884020075201988,0.13577499985694885,6.462480087066069e-05,t17_f5_c3,,,,ZTF19abjgazt
2458706.9597569,1,952459752715,20.410400390625,/ztf/archive/sci/2019/0811/459757/ztf_20190811459757_000298_zg_c07_o_q4_scimrefdiffimg.fits.fz,Kulkarni,1,9.52459752715015e+17,1,3.0,952,27,298,2212.840087890625,478.8349914550781,29.2527027,-18.1603149,19.194000244140625,0.12008299678564072,2.0517001152038574,19.289400100708008,0.11729999631643295,0.17566199600696564,19.31800079345703,0.04500000178813934,2.510999917984009,0.15299999713897705,0.4507009983062744,0.09541700035333633,3.4600000381469727,0.9789999723434448,478.8349914550781,1.120959997177124,0.8907470107078552,0.7979999780654907,0.7730000019073486,0.23063600063323975,0.2234099954366684,1.0323400497436523,3.0,0.0,0.947143018245697,0.9981459975242615,19.212799072265625,0.13830000162124634,29.2526903,-18.1602669,21.5774,26.093000411987305,4.1646599129308015e-05,0.03709239885210991,-0.12424899637699127,6.133560236776248e-05,t17_f5_c3,,,,ZTF19abjgazt
2458719.9603125,2,965460312715,19.902000427246094,/ztf/archive/sci/2019/0824/460301/ztf_20190824460301_000298_zr_c07_o_q4_scimrefdiffimg.fits.fz,Kulkarni,1,9.65460312715015e+17,1,6.0,965,27,298,2215.590087890625,512.0009765625,29.2524976,-18.1604055,19.318700790405273,0.14824600517749786,1.6647100448608398,18.960899353027344,0.1459999978542328,0.8549259901046753,18.631999969482422,0.03999999910593033,2.5199999809265137,0.1889999955892563,0.21913999319076538,-0.35776400566101074,3.7699999809265137,0.871999979019165,512.0009765625,0.9410510063171387,0.7606250047683716,1.3530000448226929,1.121999979019165,0.3588860034942627,0.2976129949092865,1.205880045890808,2.0,0.0,0.6600000262260437,1.0,18.813499450683594,0.1624000072479248,29.2527156,-18.1602833,11.8947,26.06570053100586,3.185219975421205e-05,0.032635901123285294,0.12875600159168243,4.606520087691024e-05,t17_f5_c3,,,,ZTF19abjgazt
2458709.8964815,2,955396482715,19.460100173950195,/ztf/archive/sci/2019/0814/396319/ztf_20190814396319_000298_zr_c07_o_q4_scimrefdiffimg.fits.fz,Kulkarni,1,9.55396482715015e+17,1,0.0,955,27,298,2228.340087890625,496.0069885253906,29.2527245,-18.1603616,19.434799194335938,0.16421200335025787,0.9334369897842407,19.53860092163086,0.4399000108242035,0.27958500385284424,18.631999969482422,0.03999999910593033,2.5199999809265137,0.1889999955892563,0.02801699936389923,0.10381399840116501,1.1894099712371826,0.9900000095367432,496.0069885253906,-0.07853099703788757,2.0,0.718999981880188,0.6510000228881836,0.6045029759407043,0.5473319888114929,1.104449987411499,6.0,0.0,0.9571430087089539,0.9148160219192505,19.654399871826172,0.6281999945640564,29.2527156,-18.1602833,6.33612,26.045799255371094,3.857029878417961e-05,0.03588839992880821,0.13905100524425507,5.5186799727380276e-05,t17_f5_c3,,,,ZTF19abjgazt
2458722.9387037,1,968438702715,20.50510025024414,/ztf/archive/sci/2019/0827/438704/ztf_20190827438704_000298_zg_c07_o_q4_scimrefdiffimg.fits.fz,Kulkarni,1,9.68438702715015e+17,1,6.0,968,27,298,2231.389892578125,502.86700439453125,29.2527263,-18.1602703,19.309900283813477,0.13385599851608276,2.271090030670166,19.327699661254883,0.13359999656677246,0.1221579983830452,19.31800079345703,0.04500000178813934,2.510999917984009,0.15299999713897705,0.3325810134410858,0.017785999923944473,2.4100000858306885,0.9810000061988831,502.86700439453125,1.1773500442504883,1.0593199729919434,0.7009999752044678,0.6389999985694885,0.2908709943294525,0.2651450037956238,1.0970300436019897,2.0,0.0,0.9714289903640747,1.0,19.240100860595703,0.15620000660419464,29.2526903,-18.1602669,17.665,26.026899337768555,3.157449827995151e-05,0.03249669820070267,-0.0922594964504242,4.5153101382311434e-05,t17_f5_c3,,,,ZTF19abjgazt
2458747.8141319,1,993314132715,19.728099822998047,/ztf/archive/sci/2019/0921/314120/ztf_20190921314120_000298_zg_c07_o_q4_scimrefdiffimg.fits.fz,Kulkarni,1,9.93314132715015e+17,t,1.0,993,27,298,2238.969970703125,511.7340087890625,29.2526841,-18.1603495,20.01490020751953,0.2597399950027466,1.0298000574111938,19.807300567626953,0.39070001244544983,0.2943269908428192,19.31800079345703,0.04500000178813934,2.510999917984009,0.15299999713897705,0.538332998752594,-0.2075600028038025,2.5299999713897705,0.8119999766349792,511.7340087890625,-0.079196996986866,1.063349962234497,0.9470000267028809,0.7400000095367432,0.3743079900741577,0.29249000549316406,1.279729962348938,5.0,0.0,0.9157140254974365,0.9669119715690613,19.782699584960938,0.4896000027656555,29.2526903,-18.1602669,6.3015,25.920900344848633,4.248729965183884e-05,0.03566789999604225,-0.05477359890937805,7.683639705646783e-05,t17_f5_c3,,,,ZTF19abjgazt
2458747.8978704,2,993397872715,19.92729949951172,/ztf/archive/sci/2019/0921/397685/ztf_20190921397685_000298_zr_c07_o_q4_scimrefdiffimg.fits.fz,Kulkarni,1,9.93397872715015e+17,t,3.0,993,27,298,2236.1298828125,533.489990234375,29.2526242,-18.1603516,19.784000396728516,0.17933399975299835,1.2690600156784058,19.615999221801758,0.2922999858856201,0.39272698760032654,18.631999969482422,0.03999999910593033,2.5199999809265137,0.1889999955892563,-0.07372599840164185,-0.16796299815177917,1.267799973487854,0.9079999923706055,533.489990234375,0.3112959861755371,2.0,0.8389999866485596,0.6600000262260437,0.6617770195007324,0.5205870270729065,1.271209955215454,4.0,0.0,0.9785709977149963,0.9658190011978149,19.51059913635254,0.33880001306533813,29.2527156,-18.1602833,7.38806,26.05299949645996,2.990520079038106e-05,0.031122200191020966,0.13862399756908417,4.238490146235563e-05,t17_f5_c3,,,,ZTF19abjgazt
2458750.8271412,2,996327142715,19.74250030517578,/ztf/archive/sci/2019/0924/327141/ztf_20190924327141_000298_zr_c07_o_q4_scimrefdiffimg.fits.fz,Kulkarni,1,9.96327142715015e+17,t,4.0,996,27,298,2224.860107421875,511.031005859375,29.2526888,-18.160231,19.984399795532227,0.24237099289894104,0.9870160222053528,19.932100296020508,0.3684999942779541,0.20649400353431702,18.631999969482422,0.03999999910593033,2.5199999809265137,0.1889999955892563,-0.08640199899673462,-0.05227300152182579,1.5973399877548218,0.4779999852180481,511.031005859375,-0.18957999348640442,2.0,1.1260000467300415,0.9919999837875366,0.7049220204353333,0.6210330128669739,1.1350799798965454,4.0,0.0,0.8942859768867493,0.9410150051116943,20.24049949645996,0.6245999932289124,29.2527156,-18.1602833,5.13504,25.93239974975586,4.783289841725491e-05,0.0394584983587265,0.1252869963645935,6.834689702372998e-05,t17_f5_c3,,,,ZTF19abjgazt
2458750.8564815,1,996356482715,19.766300201416016,/ztf/archive/sci/2019/0924/356481/ztf_20190924356481_000298_zg_c07_o_q4_scimrefdiffimg.fits.fz,Kulkarni,1,9.96356482715015e+17,t,4.0,996,27,298,2236.02001953125,524.2420043945312,29.2529328,-18.1602508,19.956600189208984,0.30160999298095703,1.2116400003433228,19.854299545288086,0.26510000228881836,0.8208060264587402,19.31800079345703,0.04500000178813934,2.510999917984009,0.15299999713897705,0.2724339962005615,-0.10228200256824493,4.110000133514404,0.531000018119812,524.2420043945312,-0.08803900331258774,0.9855620265007019,1.2970000505447388,0.9380000233650208,0.31557199358940125,0.2282239943742752,1.3827300071716309,5.0,0.0,0.5557140111923218,0.9882940053939819,19.502399444580078,0.2451000064611435,29.2526903,-18.1602669,5.97366,25.910600662231445,8.186070044757798e-05,0.04634150117635727,-0.07271529734134674,0.0001614339998923242,t17_f5_c3,,,,ZTF19abjgazt
2458756.8918056,2,1002391802715,20.046600341796875,/ztf/archive/sci/2019/0930/391794/ztf_20190930391794_000298_zr_c07_o_q4_scimrefdiffimg.fits.fz,Kulkarni,1,,,,1002,27,298,,,,,,,,,,,,,,,,,,,,,,,,,,,,,,,,,,,,26.084299087524414,2.2371399609255604e-05,0.02722419984638691,0.12307699769735336,3.1792100344318897e-05,t17_f5_c3,,,,ZTF19abjgazt
2458756.8997338,1,1002399732715,20.204999923706055,/ztf/archive/sci/2019/0930/399734/ztf_20190930399734_000298_zg_c07_o_q4_scimrefdiffimg.fits.fz,Kulkarni,1,1.002399732715015e+18,t,2.0,1002,27,298,2230.47998046875,559.9329833984375,29.252768,-18.1603612,20.232900619506836,0.22898399829864502,1.1256999969482422,20.047500610351562,0.2847999930381775,0.42438000440597534,19.31800079345703,0.04500000178813934,2.510999917984009,0.15299999713897705,0.5713390111923218,-0.18543200194835663,4.199999809265137,0.6190000176429749,559.9329833984375,0.15745699405670166,0.717523992061615,1.065999984741211,0.9210000038146973,0.25380998849868774,0.2192859947681427,1.157439947128296,6.0,0.0,0.8471429944038391,0.9129449725151062,19.946500778198242,0.3312000036239624,29.2526903,-18.1602669,7.37503,26.058900833129883,3.3771400921978056e-05,0.033312298357486725,-0.08419589698314667,5.229599992162548e-05,t17_f5_c3,,,,ZTF19abjgazt
2458833.7300116,2,1079230012715,19.44540023803711,/ztf/archive/sci/2019/1216/229965/ztf_20191216229965_000298_zr_c07_o_q4_scimrefdiffimg.fits.fz,Kulkarni,1,1.079230012715015e+18,t,1.0,1079,27,298,2205.610107421875,522.1539916992188,29.2527642,-18.1604757,19.76919937133789,0.32870998978614807,1.0899200439453125,20.23539924621582,0.6010000109672546,0.7030529975891113,18.631999969482422,0.03999999910593033,2.5199999809265137,0.1889999955892563,-0.07944999635219574,0.4662249982357025,1.6820800304412842,0.6259999871253967,522.1539916992188,-0.7900339961051941,2.0,0.953000009059906,0.5799999833106995,0.5665619969367981,0.3448120057582855,1.6431000232696533,6.0,0.0,0.6871430277824402,0.9313309788703918,19.894800186157227,0.5629000067710876,29.2527156,-18.1602833,5.60709,26.198200225830078,4.086520129931159e-05,0.037021998316049576,0.1261570006608963,5.745339876739308e-05,t17_f5_c3,,,,ZTF19abjgazt
2458837.626794,1,1083126792715,20.071699142456055,/ztf/archive/sci/2019/1220/126794/ztf_20191220126794_000298_zg_c07_o_q4_scimrefdiffimg.fits.fz,Kulkarni,1,1.083126792715015e+18,t,3.0,1083,27,298,2205.35009765625,558.572998046875,29.2526697,-18.160341,20.04560089111328,0.2345689982175827,1.4504200220108032,20.022199630737305,0.3176000118255615,0.27417799830436707,19.31800079345703,0.04500000178813934,2.510999917984009,0.15299999713897705,2.4763500690460205,-0.02343199960887432,4.610000133514404,0.8500000238418579,558.572998046875,0.04948199912905693,0.6431689858436584,1.0379999876022339,0.8679999709129333,0.22516299784183502,0.18828600645065308,1.1958500146865845,4.0,0.0,0.7914289832115173,1.0,20.0575008392334,0.4194999933242798,29.2526903,-18.1602669,7.93124,26.165599822998047,4.349630034994334e-05,0.037407200783491135,-0.061417799443006516,6.770259642507881e-05,t17_f5_c3,,,,ZTF19abjgazt
2458851.6270718,1,1097127072715,18.695999145507812,/ztf/archive/sci/2020/0103/127060/ztf_20200103127060_000298_zg_c07_o_q4_scimrefdiffimg.fits.fz,Kulkarni,1,,,,1097,27,298,,,,,,,,,,,,,,,,,,,,,,,,,,,,,,,,,,,,25.732999801635742,0.00015097399591468275,0.0479143001139164,-0.07227270305156708,0.0003556289884727448,t17_f5_c3,,,,ZTF19abjgazt
2458854.6281134,2,1100128112715,19.172399520874023,/ztf/archive/sci/2020/0106/128113/ztf_20200106128113_000298_zr_c07_o_q4_scimrefdiffimg.fits.fz,Kulkarni,1,,,,1100,27,298,,,,,,,,,,,,,,,,,,,,,,,,,,,,,,,,,,,,26.218799591064453,6.418849807232618e-05,0.0449879989027977,0.1452459990978241,9.227760165231302e-05,t17_f5_c3,,,,ZTF19abjgazt
2458860.6041435,1,1106104142715,19.457000732421875,/ztf/archive/sci/2020/0112/104144/ztf_20200112104144_000298_zg_c07_o_q4_scimrefdiffimg.fits.fz,Kulkarni,1,1.106104142715015e+18,t,1.0,1106,27,298,2228.340087890625,563.7680053710938,29.2527335,-18.1602984,19.444700241088867,0.20397299528121948,1.4548699855804443,19.47760009765625,0.2797999978065491,0.18387800455093384,19.31800079345703,0.04500000178813934,2.510999917984009,0.15299999713897705,0.07642299681901932,0.032924000173807144,3.5399999618530273,0.824999988079071,563.7680053710938,-0.020635999739170074,1.0049699544906616,1.055999994277954,0.9470000267028809,0.2983050048351288,0.2675139904022217,1.1151000261306763,4.0,0.0,0.8700000047683716,1.0,19.313899993896484,0.3084999918937683,29.2526903,-18.1602669,7.88826,26.158700942993164,6.490680243587121e-05,0.040286000818014145,-0.06127509847283363,0.00013253600627649575,t17_f5_c3,,,,ZTF19abjgazt
2458863.6333796,1,1109133372715,20.04450035095215,/ztf/archive/sci/2020/0115/133310/ztf_20200115133310_000298_zg_c07_o_q4_scimrefdiffimg.fits.fz,Kulkarni,1,1.109133372715015e+18,t,3.0,1109,27,298,2210.489990234375,528.739013671875,29.2527229,-18.1603808,19.842599868774414,0.21967199444770813,1.1885199546813965,19.71269989013672,0.23649999499320984,0.41942399740219116,19.31800079345703,0.04500000178813934,2.510999917984009,0.15299999713897705,0.3322719931602478,-0.1299010068178177,3.1500000953674316,0.921999990940094,528.739013671875,0.3317910134792328,0.973842978477478,1.0180000066757202,0.9089999794960022,0.32317501306533813,0.28857100009918213,1.1199100017547607,3.0,0.0,0.945713996887207,1.0,19.664600372314453,0.28929999470710754,29.2526903,-18.1602669,9.32706,26.16360092163086,4.1576400690246373e-05,0.03640799969434738,-0.08431439846754074,6.565840158145875e-05,t17_f5_c3,,,,ZTF19abjgazt
2458872.6093171,2,1118109312715,19.9237003326416,/ztf/archive/sci/2020/0124/109167/ztf_20200124109167_000298_zr_c07_o_q4_scimrefdiffimg.fits.fz,Kulkarni,1,1.118109312715015e+18,t,1.0,1118,27,298,2201.820068359375,557.3679809570312,29.2526081,-18.1603837,20.087200164794922,0.24718600511550903,1.2191200256347656,20.157899856567383,0.44999998807907104,0.5090169906616211,18.631999969482422,0.03999999910593033,2.5199999809265137,0.1889999955892563,-0.17428900301456451,0.07074800133705139,1.3545000553131104,0.8209999799728394,557.3679809570312,-0.23416100442409515,2.0,0.8159999847412109,0.6480000019073486,0.6024360060691833,0.4784049987792969,1.2592600584030151,7.0,0.0,0.9614289999008179,0.9105839729309082,20.552900314331055,0.8277999758720398,29.2527156,-18.1602833,5.82822,26.199199676513672,3.261099845985882e-05,0.03321950137615204,0.12954699993133545,4.6438100980594754e-05,t17_f5_c3,,,,ZTF19abjgazt
2458872.6486806,1,1118148682715,19.90760040283203,/ztf/archive/sci/2020/0124/148681/ztf_20200124148681_000298_zg_c07_o_q4_scimrefdiffimg.fits.fz,Kulkarni,1,1.118148682715015e+18,t,2.0,1118,27,298,2211.169921875,530.0650024414062,29.2527824,-18.1602041,19.931800842285156,0.22882899641990662,1.0114500522613525,20.09000015258789,0.4034000039100647,0.3825039863586426,19.31800079345703,0.04500000178813934,2.510999917984009,0.15299999713897705,0.5421329736709595,0.1581750065088272,3.4100000858306885,0.8980000019073486,530.0650024414062,-0.1823969930410385,0.8422160148620605,0.953000009059906,0.8220000267028809,0.2794719934463501,0.24105599522590637,1.159369945526123,4.0,0.0,0.9342859983444214,0.9980289936065674,20.159700393676758,0.550599992275238,29.2526903,-18.1602669,6.95671,26.11479949951172,6.405750173144042e-05,0.04506490007042885,-0.07233250141143799,0.00010293199738953263,t17_f5_c3,,,,ZTF19abjgazt
2458875.6057755,2,1121105772715,19.972200393676758,/ztf/archive/sci/2020/0127/105764/ztf_20200127105764_000298_zr_c07_o_q4_scimrefdiffimg.fits.fz,Kulkarni,1,1.121105772715015e+18,1,2.0,1121,27,298,2219.050048828125,545.572998046875,29.252792,-18.1602349,19.910499572753906,0.20345300436019897,1.6017999649047852,19.52280044555664,0.21279999613761902,0.3102410137653351,18.631999969482422,0.03999999910593033,2.5199999809265137,0.1889999955892563,0.01671300083398819,-0.387703001499176,3.4700000286102295,0.8510000109672546,545.572998046875,0.44944998621940613,0.8899490237236023,1.1130000352859497,0.9330000281333923,0.3207490146160126,0.26887598633766174,1.192929983139038,2.0,0.0,0.8442860245704651,1.0,19.638399124145508,0.30160000920295715,29.2527156,-18.1602833,6.68126,26.170499801635742,2.958309960376937e-05,0.031197700649499893,0.12436100095510483,4.252709913998842e-05,t17_f5_c3,,,,ZTF19abjgazt
2458875.6057755,2,1121105772715,19.972200393676758,/ztf/archive/sci/2020/0127/105764/ztf_20200127105764_000298_zr_c07_o_q4_scimrefdiffimg.fits.fz,Kulkarni,1,1.121105772715015e+18,t,2.0,1121,27,298,2219.050048828125,545.572998046875,29.252792,-18.1602349,19.910499572753906,0.20345300436019897,1.6017999649047852,19.52280044555664,0.21279999613761902,0.3102410137653351,18.631999969482422,0.03999999910593033,2.5199999809265137,0.1889999955892563,0.01671300083398819,-0.387703001499176,3.4700000286102295,0.8510000109672546,545.572998046875,0.44944998621940613,0.8899490237236023,1.1130000352859497,0.9330000281333923,0.3207490146160126,0.26887598633766174,1.192929983139038,2.0,0.0,0.8442860245704651,1.0,19.638399124145508,0.30160000920295715,29.2527156,-18.1602833,6.68126,26.170499801635742,2.958309960376937e-05,0.031197700649499893,0.12436100095510483,4.252709913998842e-05,t17_f5_c3,,,,ZTF19abjgazt
2458875.6492824,1,1121149282715,20.010299682617188,/ztf/archive/sci/2020/0127/149282/ztf_20200127149282_000298_zg_c07_o_q4_scimrefdiffimg.fits.fz,Kulkarni,1,1.121149282715015e+18,t,1.0,1121,27,298,2194.760009765625,525.781982421875,29.2526729,-18.1602549,19.775100708007812,0.1653670072555542,0.7556930184364319,19.763399124145508,0.2632000148296356,0.07261200249195099,19.31800079345703,0.04500000178813934,2.510999917984009,0.15299999713897705,0.33021798729896545,-0.011741000227630138,2.880000114440918,0.9470000267028809,525.781982421875,0.24685800075531006,1.0361499786376953,0.949999988079071,0.878000020980835,0.32986098527908325,0.30486100912094116,1.08201003074646,1.0,0.0,0.9557139873504639,1.0,19.808300018310547,0.35019999742507935,29.2526903,-18.1602669,9.7505,26.066099166870117,4.6868299250490963e-05,0.03858020156621933,-0.06612010300159454,7.304499740712345e-05,t17_f5_c3,,,,ZTF19abjgazt
2458878.6158681,1,1124115862715,18.122100830078125,/ztf/archive/sci/2020/0130/115868/ztf_20200130115868_000298_zg_c07_o_q4_scimrefdiffimg.fits.fz,Kulkarni,1,,,,1124,27,298,,,,,,,,,,,,,,,,,,,,,,,,,,,,,,,,,,,,25.63610076904297,0.0035302999895066023,0.09340009838342667,-0.006325719878077507,0.009590770117938519,t17_f5_c3,,,,ZTF19abjgazt
2458878.6289468,2,1124128942715,18.776399612426758,/ztf/archive/sci/2020/0130/128935/ztf_20200130128935_000298_zr_c07_o_q4_scimrefdiffimg.fits.fz,Kulkarni,1,,,,1124,27,298,,,,,,,,,,,,,,,,,,,,,,,,,,,,,,,,,,,,26.1914005279541,0.00013930500426795334,0.046052999794483185,0.1157429963350296,0.00023762299679219723,t17_f5_c3,,,,ZTF19abjgazt
2458881.5947685,2,1127094762715,19.11199951171875,/ztf/archive/sci/2020/0202/094769/ztf_20200202094769_000298_zr_c07_o_q4_scimrefdiffimg.fits.fz,Kulkarni,1,,,,1127,27,298,,,,,,,,,,,,,,,,,,,,,,,,,,,,,,,,,,,,26.187700271606445,6.436900002881885e-05,0.04500960186123848,0.1405400037765503,9.388430044054985e-05,t17_f5_c3,,,,ZTF19abjgazt
2458881.6283333,1,1127128332715,19.298599243164062,/ztf/archive/sci/2020/0202/128322/ztf_20200202128322_000298_zg_c07_o_q4_scimrefdiffimg.fits.fz,Kulkarni,1,1.127128332715015e+18,t,1.0,1127,27,298,2206.840087890625,532.5070190429688,29.2527871,-18.1604048,19.791500091552734,0.30896198749542236,1.0387200117111206,19.81599998474121,0.45559999346733093,0.5891519784927368,19.31800079345703,0.04500000178813934,2.510999917984009,0.15299999713897705,-0.0810059979557991,0.02450300008058548,1.7182899713516235,0.4580000042915344,532.5070190429688,-0.5173779726028442,2.0,0.9779999852180481,0.8199999928474426,0.5691699981689453,0.47721800208091736,1.19268000125885,6.0,0.0,0.804286003112793,0.982761025428772,19.974000930786133,0.6762999892234802,29.2526903,-18.1602669,5.08188,26.105499267578125,7.676769746467471e-05,0.041785601526498795,-0.022359199821949005,0.00016557000344619155,t17_f5_c3,,,,ZTF19abjgazt
2458885.5976505,1,1131097652715,18.810400009155273,/ztf/archive/sci/2020/0206/097593/ztf_20200206097593_000298_zg_c07_o_q4_scimrefdiffimg.fits.fz,Kulkarni,1,,,,1131,27,298,,,,,,,,,,,,,,,,,,,,,,,,,,,,,,,,,,,,26.096900939941406,8.31697034300305e-05,0.035302601754665375,-0.07937540113925934,0.00018755599739961326,t17_f5_c3,,,,ZTF19abjgazt
2458885.6279861,2,1131127982715,18.947399139404297,/ztf/archive/sci/2020/0206/127986/ztf_20200206127986_000298_zr_c07_o_q4_scimrefdiffimg.fits.fz,Kulkarni,1,,,,1131,27,298,,,,,,,,,,,,,,,,,,,,,,,,,,,,,,,,,,,,26.065900802612305,6.069300070521422e-05,0.043268200010061264,0.12385299801826477,8.683079795446247e-05,t17_f5_c3,,,,ZTF19abjgazt
2458892.6228356,1,1138122832715,19.529399871826172,/ztf/archive/sci/2020/0213/122778/ztf_20200213122778_000298_zg_c07_o_q4_scimrefdiffimg.fits.fz,Kulkarni,1,1.138122832715015e+18,1,2.0,1138,27,298,2204.169921875,545.5709838867188,29.252785,-18.1603805,19.67690086364746,0.24295000731945038,1.030500054359436,19.405899047851562,0.2883000075817108,0.5151230096817017,19.31800079345703,0.04500000178813934,2.510999917984009,0.15299999713897705,0.6359829902648926,-0.2709839940071106,2.380000114440918,0.8410000205039978,545.5709838867188,0.123478002846241,1.2714899778366089,1.0410000085830688,0.8220000267028809,0.43739500641822815,0.34537801146507263,1.2664200067520142,3.0,0.0,0.8742859959602356,0.9585630297660828,19.101900100708008,0.2793999910354614,29.2526903,-18.1602669,7.08094,26.006900787353516,5.6535598560003564e-05,0.04037180170416832,-0.07079099863767624,0.00010770399967441335,t17_f5_c3,,,,ZTF19abjgazt
2459061.9544792,2,1307454472715,20.47410011291504,/ztf/archive/sci/2020/0731/454479/ztf_20200731454479_000298_zr_c07_o_q4_scimrefdiffimg.fits.fz,Kulkarni,1,1.307454472715015e+18,t,1.0,1307,27,298,2265.570068359375,504.114990234375,29.2526576,-18.1602749,19.756000518798828,0.1305370032787323,1.7347899675369263,19.533899307250977,0.18209999799728394,0.19816799461841583,18.631999969482422,0.03999999910593033,2.5199999809265137,0.1889999955892563,-0.20507700741291046,-0.22211700677871704,2.9000000953674316,0.9399999976158142,504.114990234375,0.9402170181274414,0.800823986530304,0.7429999709129333,0.7129999995231628,0.2562069892883301,0.24586200714111328,1.042080044746399,3.0,0.0,0.9585710167884827,0.9782829880714417,19.431800842285156,0.21050000190734863,29.2527156,-18.1602833,7.21939,26.187000274658203,2.1273799575283192e-05,0.026784099638462067,0.12458699941635132,3.0371500542969443e-05,t17_f5_c3,,,,ZTF19abjgazt
2459064.9388657,2,1310438862715,19.159900665283203,/ztf/archive/sci/2020/0803/438808/ztf_20200803438808_000298_zr_c07_o_q4_scimrefdiffimg.fits.fz,Kulkarni,1,,,,1310,27,298,,,,,,,,,,,,,,,,,,,,,,,,,,,,,,,,,,,,26.18470001220703,4.35166984971147e-05,0.038070198148489,0.1307699978351593,6.219930219231173e-05,t17_f5_c3,,,,ZTF19abjgazt
2459064.9622222,1,1310462222715,18.87470054626465,/ztf/archive/sci/2020/0803/462222/ztf_20200803462222_000298_zg_c07_o_q4_scimrefdiffimg.fits.fz,Kulkarni,1,,,,1310,27,298,,,,,,,,,,,,,,,,,,,,,,,,,,,,,,,,,,,,26.175800323486328,0.00013611699978355318,0.04480529949069023,-0.07463899999856949,0.00029679699218831956,t17_f5_c3,,,,ZTF19abjgazt
2459084.9443634,1,1330444362715,20.32200050354004,/ztf/archive/sci/2020/0823/444352/ztf_20200823444352_000298_zg_c07_o_q4_scimrefdiffimg.fits.fz,Kulkarni,1,1.330444362715015e+18,t,1.0,1330,27,298,2254.570068359375,477.2279968261719,29.2526226,-18.1602488,19.997699737548828,0.20770199596881866,1.1550999879837036,19.921300888061523,0.25380000472068787,0.2374960035085678,19.31800079345703,0.04500000178813934,2.510999917984009,0.15299999713897705,0.31235501170158386,-0.0763780027627945,3.6700000762939453,0.8100000023841858,477.2279968261719,0.40073299407958984,0.7368760108947754,0.7540000081062317,0.7139999866485596,0.20544999837875366,0.19454999268054962,1.0560200214385986,4.0,0.0,0.9285709857940674,1.0,19.67530059814453,0.257999986410141,29.2526903,-18.1602669,8.62674,26.05069923400879,3.855190152535215e-05,0.03572310134768486,-0.08494870364665985,5.5552700359839946e-05,t17_f5_c3,,,,ZTF19abjgazt
2459091.9298843,1,1337429882715,19.953899383544922,/ztf/archive/sci/2020/0830/429873/ztf_20200830429873_000298_zg_c07_o_q4_scimrefdiffimg.fits.fz,Kulkarni,1,1.337429882715015e+18,t,2.0,1337,27,298,2246.85009765625,770.0269775390625,29.2527349,-18.1601944,20.18910026550293,0.2055159956216812,1.131250023841858,20.03459930419922,0.38350000977516174,0.30145400762557983,19.31800079345703,0.04500000178813934,2.510999917984009,0.15299999713897705,0.44604501128196716,-0.154462993144989,1.371880054473877,0.6880000233650208,770.0269775390625,-0.0807109996676445,2.0,0.6579999923706055,0.6240000128746033,0.479636013507843,0.45485201478004456,1.0544899702072144,6.0,0.0,0.9171429872512817,0.9534760117530823,19.922100067138672,0.4433000087738037,29.2526903,-18.1602669,5.85746,26.23509979248047,4.6609398850705475e-05,0.037219200283288956,-0.08622749894857407,7.431989797623828e-05,t17_f5_c3,,,,ZTF19abjgazt
2459092.9513426,1,1338451342715,19.469600677490234,/ztf/archive/sci/2020/0831/451331/ztf_20200831451331_000298_zg_c07_o_q4_scimrefdiffimg.fits.fz,Kulkarni,1,,,,1338,27,298,,,,,,,,,,,,,,,,,,,,,,,,,,,,,,,,,,,,26.150400161743164,6.668899732176214e-05,0.04163239896297455,-0.07018180191516876,0.00013078100164420903,t17_f5_c3,,,,ZTF19abjgazt
2459094.9179398,2,1340417932715,18.7726993560791,/ztf/archive/sci/2020/0902/417940/ztf_20200902417940_000298_zr_c07_o_q4_scimrefdiffimg.fits.fz,Kulkarni,1,,,,1340,27,298,,,,,,,,,,,,,,,,,,,,,,,,,,,,,,,,,,,,26.121000289916992,8.023199916351587e-05,0.04741640016436577,0.12437999993562698,0.00011939900286961347,t17_f5_c3,,,,ZTF19abjgazt
2459094.9625463,1,1340462542715,18.59709930419922,/ztf/archive/sci/2020/0902/462546/ztf_20200902462546_000298_zg_c07_o_q4_scimrefdiffimg.fits.fz,Kulkarni,1,,,,1340,27,298,,,,,,,,,,,,,,,,,,,,,,,,,,,,,,,,,,,,25.984100341796875,0.00018735100456979126,0.048941899091005325,-0.029726700857281685,0.00040133000584319234,t17_f5_c3,,,,ZTF19abjgazt
2459096.9536574,2,1342453652715,19.291400909423828,/ztf/archive/sci/2020/0904/453646/ztf_20200904453646_000298_zr_c07_o_q4_scimrefdiffimg.fits.fz,Kulkarni,1,,,,1342,27,298,,,,,,,,,,,,,,,,,,,,,,,,,,,,,,,,,,,,26.218900680541992,4.278399865143001e-05,0.03721240162849426,0.11227300018072128,6.233539897948503e-05,t17_f5_c3,,,,ZTF19abjgazt
2459099.8970602,1,1345397062715,19.015199661254883,/ztf/archive/sci/2020/0907/397060/ztf_20200907397060_000298_zg_c07_o_q4_scimrefdiffimg.fits.fz,Kulkarni,1,,,,1345,27,298,,,,,,,,,,,,,,,,,,,,,,,,,,,,,,,,,,,,25.996599197387695,0.00011897499643964693,0.048540301620960236,-0.047864701598882675,0.000249189994065091,t17_f5_c3,,,,ZTF19abjgazt
2459108.874294,1,1354374292715,19.88800048828125,/ztf/archive/sci/2020/0916/374282/ztf_20200916374282_000298_zg_c07_o_q4_scimrefdiffimg.fits.fz,Kulkarni,1,1.354374292715015e+18,t,2.0,1354,27,298,2262.929931640625,751.468017578125,29.2526243,-18.1603726,19.857200622558594,0.22644299268722534,1.1738300323486328,19.70359992980957,0.31029999256134033,0.436708003282547,19.31800079345703,0.04500000178813934,2.510999917984009,0.15299999713897705,0.06813099980354309,-0.1536100059747696,2.109999895095825,0.5950000286102295,751.468017578125,0.18443000316619873,1.2739100456237793,0.9639999866485596,0.8769999742507935,0.45687198638916016,0.4156399965286255,1.0992000102996826,5.0,0.0,0.8600000143051147,0.9148079752922058,19.147199630737305,0.23810000717639923,29.2526903,-18.1602669,7.53471,25.459199905395508,5.840829908265732e-05,0.04245369881391525,-0.06171619892120361,9.617069736123085e-05,t17_f5_c3,,,,ZTF19abjgazt
2459111.8580903,1,1357358092715,20.19540023803711,/ztf/archive/sci/2020/0919/358079/ztf_20200919358079_000298_zg_c07_o_q4_scimrefdiffimg.fits.fz,Kulkarni,1,1.357358092715015e+18,1,2.0,1357,27,298,2245.669921875,728.5390014648438,29.2526995,-18.160327,20.219200134277344,0.26875099539756775,1.4418100118637085,19.83169937133789,0.2565000057220459,0.2158450037240982,19.31800079345703,0.04500000178813934,2.510999917984009,0.15299999713897705,0.31870201230049133,-0.3875179886817932,3.130000114440918,0.671999990940094,728.5390014648438,0.3636679947376251,0.8831909894943237,0.7300000190734863,0.6129999756813049,0.23322699964046478,0.19584700465202332,1.1908700466156006,7.0,0.0,0.8600000143051147,0.954410970211029,19.807600021362305,0.3199000060558319,29.2526903,-18.1602669,7.43809,25.936199188232422,3.8831898564239964e-05,0.03513450175523758,-0.08466900140047073,5.867849904461764e-05,t17_f5_c3,,,,ZTF19abjgazt
2459111.8580903,1,1357358092715,20.19540023803711,/ztf/archive/sci/2020/0919/358079/ztf_20200919358079_000298_zg_c07_o_q4_scimrefdiffimg.fits.fz,Kulkarni,1,1.357358092715015e+18,t,2.0,1357,27,298,2245.669921875,728.5390014648438,29.2526995,-18.160327,20.219200134277344,0.26875099539756775,1.4418100118637085,19.83169937133789,0.2565000057220459,0.2158450037240982,19.31800079345703,0.04500000178813934,2.510999917984009,0.15299999713897705,0.31870201230049133,-0.3875179886817932,3.130000114440918,0.671999990940094,728.5390014648438,0.3636679947376251,0.8831909894943237,0.7300000190734863,0.6129999756813049,0.23322699964046478,0.19584700465202332,1.1908700466156006,7.0,0.0,0.8600000143051147,0.954410970211029,19.807600021362305,0.3199000060558319,29.2526903,-18.1602669,7.43809,25.936199188232422,3.8831898564239964e-05,0.03513450175523758,-0.08466900140047073,5.867849904461764e-05,t17_f5_c3,,,,ZTF19abjgazt
2459111.9002431,2,1357400242715,20.268699645996094,/ztf/archive/sci/2020/0919/400243/ztf_20200919400243_000298_zr_c07_o_q4_scimrefdiffimg.fits.fz,Kulkarni,1,1.357400242715015e+18,t,1.0,1357,27,298,2256.280029296875,735.9559936523438,29.2527134,-18.1603458,19.936599731445312,0.17432700097560883,1.672469973564148,20.163999557495117,0.3774999976158142,0.22234199941158295,18.631999969482422,0.03999999910593033,2.5199999809265137,0.1889999955892563,-0.1077980026602745,0.22736400365829468,2.3499999046325684,0.8939999938011169,735.9559936523438,0.10472200065851212,1.0156500339508057,0.6420000195503235,0.6159999966621399,0.27319100499153137,0.26212799549102783,1.0422099828720093,7.0,0.0,0.9528570175170898,0.9625999927520752,20.0403995513916,0.42969998717308044,29.2527156,-18.1602833,7.08322,26.09160041809082,2.869749914680142e-05,0.030146000906825066,0.11881300061941147,4.167549923295155e-05,t17_f5_c3,,,,ZTF19abjgazt
2459114.8995833,2,1360399582715,20.46339988708496,/ztf/archive/sci/2020/0922/399583/ztf_20200922399583_000298_zr_c07_o_q4_scimrefdiffimg.fits.fz,TESS,1,1.360399582715015e+18,t,2.0,1360,27,298,2255.77001953125,629.3909912109375,29.2527316,-18.1602668,20.460100173950195,0.22242599725723267,1.1518700122833252,20.28190040588379,0.3668999969959259,0.0797709971666336,18.631999969482422,0.03999999910593033,2.5199999809265137,0.1889999955892563,0.021702999249100685,-0.17817600071430206,1.154379963874817,0.7770000100135803,629.3909912109375,0.18152199685573578,2.0,0.8489999771118164,0.6790000200271606,0.7354620099067688,0.5881959795951843,1.2503700256347656,5.0,0.0,0.9542859792709351,0.9332960247993469,20.637800216674805,0.6467999815940857,29.2527156,-18.1602833,5.14619,26.092100143432617,2.1265099348966032e-05,0.02665260061621666,0.12597599625587463,3.12351985485293e-05,t17_f5_c3,,,,ZTF19abjgazt
2459115.8758449,2,1361375842715,20.216400146484375,/ztf/archive/sci/2020/0923/375544/ztf_20200923375544_000298_zr_c07_o_q4_scimrefdiffimg.fits.fz,TESS,1,,,,1361,27,298,,,,,,,,,,,,,,,,,,,,,,,,,,,,,,,,,,,,26.188100814819336,3.545559957274236e-05,0.03414839878678322,0.12720799446105957,5.041750046075322e-05,t17_f5_c3,,,,ZTF19abjgazt
2459116.8110995,1,1362311092715,20.40410041809082,/ztf/archive/sci/2020/0924/311100/ztf_20200924311100_000298_zg_c07_o_q4_scimrefdiffimg.fits.fz,TESS,1,1.362311092715015e+18,t,2.0,1362,27,298,2256.47998046875,505.4010009765625,29.2527047,-18.1603409,20.383399963378906,0.30249300599098206,1.524880051612854,20.149099349975586,0.313400000333786,0.2672469913959503,19.31800079345703,0.04500000178813934,2.510999917984009,0.15299999713897705,0.5264409780502319,-0.23428699374198914,2.5399999618530273,0.6629999876022339,505.4010009765625,0.25503599643707275,0.9844419956207275,0.9200000166893005,0.7580000162124634,0.36220499873161316,0.29842498898506165,1.2137199640274048,6.0,0.0,0.9042860269546509,0.8565000295639038,20.277099609375,0.4496000111103058,29.2526903,-18.1602669,5.93787,26.028400421142578,2.8612499590963125e-05,0.03090140037238598,-0.07829999923706055,4.134250048082322e-05,t17_f5_c3,,,,ZTF19abjgazt
2459116.9074421,2,1362407442715,20.46139907836914,/ztf/archive/sci/2020/0924/407442/ztf_20200924407442_000298_zr_c07_o_q4_scimrefdiffimg.fits.fz,TESS,1,,,,1362,27,298,,,,,,,,,,,,,,,,,,,,,,,,,,,,,,,,,,,,26.20639991760254,3.3387699659215286e-05,0.03329329937696457,0.12209899723529816,4.7410201659658924e-05,t17_f5_c3,,,,ZTF19abjgazt
2459117.8857407,2,1363385742715,20.558799743652344,/ztf/archive/sci/2020/0925/385741/ztf_20200925385741_000298_zr_c07_o_q4_scimrefdiffimg.fits.fz,TESS,1,,,,1363,27,298,,,,,,,,,,,,,,,,,,,,,,,,,,,,,,,,,,,,26.212200164794922,2.522569957363885e-05,0.028776900842785835,0.12225800007581711,3.5764700442086905e-05,t17_f5_c3,,,,ZTF19abjgazt
2459117.920544,1,1363420542715,20.437400817871094,/ztf/archive/sci/2020/0925/420544/ztf_20200925420544_000298_zg_c07_o_q4_scimrefdiffimg.fits.fz,TESS,1,1.363420542715015e+18,t,3.0,1363,27,298,2277.679931640625,534.4119873046875,29.2525438,-18.1603362,20.43400001525879,0.27264299988746643,1.120710015296936,20.15220069885254,0.26969999074935913,0.552594006061554,19.31800079345703,0.04500000178813934,2.510999917984009,0.15299999713897705,0.3190310001373291,-0.28176501393318176,3.700000047683716,0.6129999756813049,534.4119873046875,0.28523001074790955,0.7672380208969116,1.0989999771118164,0.902999997138977,0.29702699184417725,0.24405400454998016,1.2170499563217163,4.0,0.0,0.8500000238418579,0.9635779857635498,19.844100952148438,0.2587999999523163,29.2526903,-18.1602669,6.99227,26.150999069213867,3.8265701732598245e-05,0.03545859828591347,-0.11321999877691269,5.4751399147789925e-05,t17_f5_c3,,,,ZTF19abjgazt
2459118.9393866,1,1364439382715,20.501800537109375,/ztf/archive/sci/2020/0926/439190/ztf_20200926439190_000298_zg_c07_o_q4_scimrefdiffimg.fits.fz,TESS,1,1.364439382715015e+18,t,2.0,1364,27,298,2248.610107421875,518.4840087890625,29.2526686,-18.1602597,20.333599090576172,0.246848002076149,1.4541800022125244,20.392099380493164,0.3075000047683716,0.07754500210285187,19.31800079345703,0.04500000178813934,2.510999917984009,0.15299999713897705,0.7079129815101624,0.05849799886345863,2.069999933242798,0.6060000061988831,518.4840087890625,0.10965800285339355,1.4137300252914429,0.8880000114440918,0.7260000109672546,0.4289860129356384,0.350724995136261,1.223140001296997,7.0,0.0,0.9314290285110474,0.8980140089988708,20.208499908447266,0.33079999685287476,29.2526903,-18.1602669,8.76881,26.211599349975586,3.818219920503907e-05,0.03574660047888756,-0.12553100287914276,5.471119948197156e-05,t17_f5_c3,,,,ZTF19abjgazt
2459119.8551273,1,1365355122715,19.87459945678711,/ztf/archive/sci/2020/0927/354641/ztf_20200927354641_000298_zg_c07_o_q4_scimrefdiffimg.fits.fz,TESS,1,,,,1365,27,298,,,,,,,,,,,,,,,,,,,,,,,,,,,,,,,,,,,,26.161800384521484,3.900420051650144e-05,0.03516079857945442,-0.03690100088715553,6.569000106537715e-05,t17_f5_c3,,,,ZTF19abjgazt
2459119.8765741,2,1365376572715,19.790700912475586,/ztf/archive/sci/2020/0927/376389/ztf_20200927376389_000298_zr_c07_o_q4_scimrefdiffimg.fits.fz,TESS,1,,,,1365,27,298,,,,,,,,,,,,,,,,,,,,,,,,,,,,,,,,,,,,26.09950065612793,4.344400076661259e-05,0.03795170038938522,0.1556980013847351,6.18523990851827e-05,t17_f5_c3,,,,ZTF19abjgazt
2459123.8312269,2,1369331222715,18.740400314331055,/ztf/archive/sci/2020/1001/331100/ztf_20201001331100_000298_zr_c07_o_q4_scimrefdiffimg.fits.fz,TESS,3,,,,1369,27,298,,,,,,,,,,,,,,,,,,,,,,,,,,,,,,,,,,,,26.145599365234375,8.895799692254514e-05,0.05048400163650513,0.12619300186634064,0.00013918000331614166,t17_f5_c3,,,,ZTF19abjgazt
2459123.8773032,1,1369377302715,18.463499069213867,/ztf/archive/sci/2020/1001/377118/ztf_20201001377118_000298_zg_c07_o_q4_scimrefdiffimg.fits.fz,TESS,3,,,,1369,27,298,,,,,,,,,,,,,,,,,,,,,,,,,,,,,,,,,,,,26.124500274658203,0.00020935499924235046,0.04520130157470703,-0.10804399847984314,0.0005248559755273163,t17_f5_c3,,,,ZTF19abjgazt
2459124.8757407,2,1370375742715,18.977800369262695,/ztf/archive/sci/2020/1002/375694/ztf_20201002375694_000298_zr_c07_o_q4_scimrefdiffimg.fits.fz,Kulkarni,1,,,,1370,27,298,,,,,,,,,,,,,,,,,,,,,,,,,,,,,,,,,,,,26.23040008544922,6.439730350393802e-05,0.044724199920892715,0.09391559660434723,9.550680260872468e-05,t17_f5_c3,,,,ZTF19abjgazt
2459124.8762037,2,1370376202715,18.954200744628906,/ztf/archive/sci/2020/1002/376204/ztf_20201002376204_000298_zr_c07_o_q4_scimrefdiffimg.fits.fz,TESS,3,,,,1370,27,298,,,,,,,,,,,,,,,,,,,,,,,,,,,,,,,,,,,,26.197799682617188,7.68906029406935e-05,0.04949380084872246,0.1429480016231537,0.00011165499745402485,t17_f5_c3,,,,ZTF19abjgazt
2459124.9893403,1,1370489342715,18.43000030517578,/ztf/archive/sci/2020/1002/489340/ztf_20201002489340_000298_zg_c07_o_q4_scimrefdiffimg.fits.fz,Kulkarni,1,,,,1370,27,298,,,,,,,,,,,,,,,,,,,,,,,,,,,,,,,,,,,,26.02400016784668,0.0001891370047815144,0.04404649883508682,-0.010004599578678608,0.00043377099791541696,t17_f5_c3,,,,ZTF19abjgazt
2459124.9902662,1,1370490262715,18.379199981689453,/ztf/archive/sci/2020/1002/490266/ztf_20201002490266_000298_zg_c07_o_q4_scimrefdiffimg.fits.fz,TESS,3,,,,1370,27,298,,,,,,,,,,,,,,,,,,,,,,,,,,,,,,,,,,,,25.997900009155273,0.00014699499297421426,0.03933490067720413,-0.052007101476192474,0.00033873500069603324,t17_f5_c3,,,,ZTF19abjgazt
2459125.8147569,2,1371314752715,18.98310089111328,/ztf/archive/sci/2020/1003/314757/ztf_20201003314757_000298_zr_c07_o_q4_scimrefdiffimg.fits.fz,TESS,3,,,,1371,27,298,,,,,,,,,,,,,,,,,,,,,,,,,,,,,,,,,,,,26.20159912109375,7.341639866353944e-05,0.048152800649404526,0.13289600610733032,0.00010582999675534666,t17_f5_c3,,,,ZTF19abjgazt
2459125.8921065,1,1371392102715,18.99250030517578,/ztf/archive/sci/2020/1003/392106/ztf_20201003392106_000298_zg_c07_o_q4_scimrefdiffimg.fits.fz,TESS,3,,,,1371,27,298,,,,,,,,,,,,,,,,,,,,,,,,,,,,,,,,,,,,26.193899154663086,0.00012473099923226982,0.050167400389909744,-0.04669009894132614,0.00028370399377308786,t17_f5_c3,,,,ZTF19abjgazt
2459126.782037,1,1372282032715,18.72719955444336,/ztf/archive/sci/2020/1004/282037/ztf_20201004282037_000298_zg_c07_o_q4_scimrefdiffimg.fits.fz,Kulkarni,1,,,,1372,27,298,,,,,,,,,,,,,,,,,,,,,,,,,,,,,,,,,,,,26.013900756835938,7.581550016766414e-05,0.03472379967570305,-0.026802800595760345,0.0001581450051162392,t17_f5_c3,,,,ZTF19abjgazt
2459126.7829745,1,1372282972715,18.82469940185547,/ztf/archive/sci/2020/1004/282975/ztf_20201004282975_000298_zg_c07_o_q4_scimrefdiffimg.fits.fz,TESS,3,,,,1372,27,298,,,,,,,,,,,,,,,,,,,,,,,,,,,,,,,,,,,,26.072999954223633,7.033810106804594e-05,0.03489010035991669,-0.07939969748258591,0.0001514350005891174,t17_f5_c3,,,,ZTF19abjgazt
2459126.8558449,2,1372355842715,19.2593994140625,/ztf/archive/sci/2020/1004/355845/ztf_20201004355845_000298_zr_c07_o_q4_scimrefdiffimg.fits.fz,Kulkarni,1,,,,1372,27,298,,,,,,,,,,,,,,,,,,,,,,,,,,,,,,,,,,,,26.176599502563477,5.8721798268379644e-05,0.04245230183005333,0.12534800171852112,8.438870281679556e-05,t17_f5_c3,,,,ZTF19abjgazt
2459126.8601505,2,1372360152715,19.21139907836914,/ztf/archive/sci/2020/1004/360150/ztf_20201004360150_000298_zr_c07_o_q4_scimrefdiffimg.fits.fz,TESS,3,,,,1372,27,298,,,,,,,,,,,,,,,,,,,,,,,,,,,,,,,,,,,,26.192699432373047,5.3435800509760156e-05,0.04056910052895546,0.12140899896621704,7.697380351601169e-05,t17_f5_c3,,,,ZTF19abjgazt
2459127.8908681,2,1373390862715,18.402799606323242,/ztf/archive/sci/2020/1005/390868/ztf_20201005390868_000298_zr_c07_o_q4_scimrefdiffimg.fits.fz,TESS,3,,,,1373,27,298,,,,,,,,,,,,,,,,,,,,,,,,,,,,,,,,,,,,26.007200241088867,0.0006366440211422741,0.09051939845085144,-0.05162280052900314,0.0010439599864184856,t17_f5_c3,,,,ZTF19abjgazt
2459128.8155208,1,1374315522715,19.13960075378418,/ztf/archive/sci/2020/1006/315509/ztf_20201006315509_000298_zg_c07_o_q4_scimrefdiffimg.fits.fz,Kulkarni,1,,,,1374,27,298,,,,,,,,,,,,,,,,,,,,,,,,,,,,,,,,,,,,26.01219940185547,8.578439883422107e-05,0.04483890160918236,-0.06941749900579453,0.0001936350017786026,t17_f5_c3,,,,ZTF19abjgazt
2459128.8164468,1,1374316442715,19.198200225830078,/ztf/archive/sci/2020/1006/316447/ztf_20201006316447_000298_zg_c07_o_q4_scimrefdiffimg.fits.fz,TESS,3,,,,1374,27,298,,,,,,,,,,,,,,,,,,,,,,,,,,,,,,,,,,,,26.020099639892578,6.32505034445785e-05,0.03876660019159317,-0.057751499116420746,0.00013482199574355036,t17_f5_c3,,,,ZTF19abjgazt
2459128.9041204,2,1374404122715,19.184099197387695,/ztf/archive/sci/2020/1006/404120/ztf_20201006404120_000298_zr_c07_o_q4_scimrefdiffimg.fits.fz,Kulkarni,1,,,,1374,27,298,,,,,,,,,,,,,,,,,,,,,,,,,,,,,,,,,,,,25.957500457763672,7.90405974839814e-05,0.051463399082422256,0.11292500048875809,0.00011461500253062695,t17_f5_c3,,,,ZTF19abjgazt
2459128.9050579,2,1374405052715,19.195999145507812,/ztf/archive/sci/2020/1006/405046/ztf_20201006405046_000298_zr_c07_o_q4_scimrefdiffimg.fits.fz,TESS,3,,,,1374,27,298,,,,,,,,,,,,,,,,,,,,,,,,,,,,,,,,,,,,25.960899353027344,5.11879006808158e-05,0.041356999427080154,0.1040859967470169,7.538020145148039e-05,t17_f5_c3,,,,ZTF19abjgazt
2459129.770706,2,1375270702715,19.906400680541992,/ztf/archive/sci/2020/1007/270694/ztf_20201007270694_000298_zr_c07_o_q4_scimrefdiffimg.fits.fz,TESS,3,,,,1375,27,298,,,,,,,,,,,,,,,,,,,,,,,,,,,,,,,,,,,,26.184200286865234,3.1457399018108845e-05,0.032430801540613174,0.1279350072145462,4.5800501538906246e-05,t17_f5_c3,,,,ZTF19abjgazt
2459129.8490394,1,1375349032715,19.861299514770508,/ztf/archive/sci/2020/1007/349028/ztf_20201007349028_000298_zg_c07_o_q4_scimrefdiffimg.fits.fz,TESS,3,1.375349032715015e+18,t,0.0,1375,27,298,2291.239990234375,620.4180297851562,29.252644,-18.1602148,20.20949935913086,0.2865839898586273,1.0927900075912476,20.246599197387695,0.550000011920929,0.24228699505329132,19.31800079345703,0.04500000178813934,2.510999917984009,0.15299999713897705,1.0672999620437622,0.037133000791072845,1.2640600204467773,0.8169999718666077,620.4180297851562,-0.385343998670578,2.0,0.8309999704360962,0.7519999742507935,0.6574069857597351,0.5949100255966187,1.105049967765808,1.0,0.0,0.8914290070533752,1.0,19.914600372314453,0.5195000171661377,29.2526903,-18.1602669,5.21386,26.19849967956543,4.154090129304677e-05,0.036841198801994324,-0.0732560008764267,6.89092994434759e-05,t17_f5_c3,,,,ZTF19abjgazt
2459130.7946412,2,1376294642715,20.14699935913086,/ztf/archive/sci/2020/1008/294641/ztf_20201008294641_000298_zr_c07_o_q4_scimrefdiffimg.fits.fz,Kulkarni,1,,,,1376,27,298,,,,,,,,,,,,,,,,,,,,,,,,,,,,,,,,,,,,26.220199584960938,2.555759965616744e-05,0.028936900198459625,0.12410300225019455,3.7294201320037246e-05,t17_f5_c3,,,,ZTF19abjgazt
2459130.8747106,1,1376374712715,19.864099502563477,/ztf/archive/sci/2020/1008/374711/ztf_20201008374711_000298_zg_c07_o_q4_scimrefdiffimg.fits.fz,Kulkarni,1,1.376374712715015e+18,t,0.0,1376,27,298,2263.97998046875,579.4140014648438,29.2526659,-18.1602271,20.214399337768555,0.28789499402046204,1.1255199909210205,20.474000930786133,0.5852000117301941,0.16361600160598755,19.31800079345703,0.04500000178813934,2.510999917984009,0.15299999713897705,-0.07535500079393387,0.2596130073070526,2.3499999046325684,0.8389999866485596,579.4140014648438,-0.6098920106887817,1.2434500455856323,0.7409999966621399,0.6389999985694885,0.3153190016746521,0.2719149887561798,1.1596200466156006,10.0,0.0,0.892857015132904,0.7498090267181396,19.829700469970703,0.41499999165534973,29.2526903,-18.1602669,5.96113,26.223400115966797,2.68616004177602e-05,0.02938929945230484,-0.09504629671573639,4.464800076675601e-05,t17_f5_c3,,,,ZTF19abjgazt
2459131.8347917,1,1377334792715,19.558399200439453,/ztf/archive/sci/2020/1009/334792/ztf_20201009334792_000298_zg_c07_o_q4_scimrefdiffimg.fits.fz,TESS,3,,,,1377,27,298,,,,,,,,,,,,,,,,,,,,,,,,,,,,,,,,,,,,25.871200561523438,3.9945498429005966e-05,0.033966101706027985,-0.05990559980273247,7.670339982723817e-05,t17_f5_c3,,,,ZTF19abjgazt
2459134.7773032,1,1380277302715,20.101499557495117,/ztf/archive/sci/2020/1012/277303/ztf_20201012277303_000298_zg_c07_o_q4_scimrefdiffimg.fits.fz,Kulkarni,1,1.380277302715015e+18,1,2.0,1380,27,298,2269.14990234375,669.989990234375,29.2526851,-18.1602894,20.131399154663086,0.23994199931621552,0.9952099919319153,20.04050064086914,0.29030001163482666,0.0819540023803711,19.31800079345703,0.04500000178813934,2.510999917984009,0.15299999713897705,0.3286390006542206,-0.09085100144147873,2.5399999618530273,0.621999979019165,669.989990234375,0.060989998281002045,1.2693699598312378,1.1119999885559082,0.9869999885559082,0.4377950131893158,0.3885830044746399,1.1266499757766724,5.0,0.0,0.8628569841384888,0.9938089847564697,19.99180030822754,0.35420000553131104,29.2526903,-18.1602669,6.78969,26.08139991760254,6.072950054658577e-05,0.04476330056786537,-0.057948701083660126,9.95185982901603e-05,t17_f5_c3,,,,ZTF19abjgazt
2459134.7782407,1,1380278242715,20.042299270629883,/ztf/archive/sci/2020/1012/278241/ztf_20201012278241_000298_zg_c07_o_q4_scimrefdiffimg.fits.fz,TESS,3,1.380278242715015e+18,1,2.0,1380,27,298,2268.7099609375,670.8170166015625,29.2525834,-18.1603233,20.109800338745117,0.22002500295639038,0.7557650208473206,19.786699295043945,0.23090000450611115,0.412880003452301,19.31800079345703,0.04500000178813934,2.510999917984009,0.15299999713897705,0.46121901273727417,-0.32309800386428833,3.299999952316284,0.5730000138282776,670.8170166015625,0.255623996257782,1.028499960899353,1.2990000247955322,1.2369999885559082,0.39363598823547363,0.37484800815582275,1.0501199960708618,2.0,0.0,0.6671429872512817,1.0,19.62459945678711,0.25369998812675476,29.2526903,-18.1602669,7.65171,26.074800491333008,5.774680175818503e-05,0.04323999956250191,-0.04588549956679344,9.936279820976779e-05,t17_f5_c3,,,,ZTF19abjgazt
2459134.7773032,1,1380277302715,20.101499557495117,/ztf/archive/sci/2020/1012/277303/ztf_20201012277303_000298_zg_c07_o_q4_scimrefdiffimg.fits.fz,Kulkarni,1,1.380277302715015e+18,t,2.0,1380,27,298,2269.14990234375,669.989990234375,29.2526851,-18.1602894,20.131399154663086,0.23994199931621552,0.9952099919319153,20.04050064086914,0.29030001163482666,0.0819540023803711,19.31800079345703,0.04500000178813934,2.510999917984009,0.15299999713897705,0.3286390006542206,-0.09085100144147873,2.5399999618530273,0.621999979019165,669.989990234375,0.060989998281002045,1.2693699598312378,1.1119999885559082,0.9869999885559082,0.4377950131893158,0.3885830044746399,1.1266499757766724,5.0,0.0,0.8628569841384888,0.9938089847564697,19.99180030822754,0.35420000553131104,29.2526903,-18.1602669,6.78969,26.08139991760254,6.072950054658577e-05,0.04476330056786537,-0.057948701083660126,9.95185982901603e-05,t17_f5_c3,,,,ZTF19abjgazt
2459134.7782407,1,1380278242715,20.042299270629883,/ztf/archive/sci/2020/1012/278241/ztf_20201012278241_000298_zg_c07_o_q4_scimrefdiffimg.fits.fz,TESS,3,1.380278242715015e+18,t,2.0,1380,27,298,2268.7099609375,670.8170166015625,29.2525834,-18.1603233,20.109800338745117,0.22002500295639038,0.7557650208473206,19.786699295043945,0.23090000450611115,0.412880003452301,19.31800079345703,0.04500000178813934,2.510999917984009,0.15299999713897705,0.46121901273727417,-0.32309800386428833,3.299999952316284,0.5730000138282776,670.8170166015625,0.255623996257782,1.028499960899353,1.2990000247955322,1.2369999885559082,0.39363598823547363,0.37484800815582275,1.0501199960708618,2.0,0.0,0.6671429872512817,1.0,19.62459945678711,0.25369998812675476,29.2526903,-18.1602669,7.65171,26.074800491333008,5.774680175818503e-05,0.04323999956250191,-0.04588549956679344,9.936279820976779e-05,t17_f5_c3,,,,ZTF19abjgazt
2459134.8336458,2,1380333642715,20.03809928894043,/ztf/archive/sci/2020/1012/333646/ztf_20201012333646_000298_zr_c07_o_q4_scimrefdiffimg.fits.fz,TESS,3,1.380333642715015e+18,t,4.0,1380,27,298,2264.989990234375,669.2890014648438,29.2525919,-18.1602904,19.994199752807617,0.1950010061264038,1.7930200099945068,19.662399291992188,0.23649999499320984,0.4169360101222992,18.631999969482422,0.03999999910593033,2.5199999809265137,0.1889999955892563,-0.2826789915561676,-0.3318150043487549,2.5299999713897705,0.6549999713897705,669.2890014648438,0.3757449984550476,1.1753000020980835,1.0470000505447388,0.8230000138282776,0.41383400559425354,0.325296014547348,1.2721699476242065,5.0,0.0,0.9185709953308105,0.9959869980812073,19.730199813842773,0.320499986410141,29.2527156,-18.1602833,6.70355,26.200199127197266,3.417380139580928e-05,0.03380730003118515,0.11861799657344818,4.983039980288595e-05,t17_f5_c3,,,,ZTF19abjgazt
2459135.7964236,1,1381296422715,20.61680030822754,/ztf/archive/sci/2020/1013/296424/ztf_20201013296424_000298_zg_c07_o_q4_scimrefdiffimg.fits.fz,TESS,3,1.381296422715015e+18,1,6.0,1381,27,298,2277.179931640625,696.3460083007812,29.2525885,-18.1603114,20.155899047851562,0.18946599960327148,0.9784449934959412,20.256500244140625,0.29910001158714294,0.37852099537849426,19.31800079345703,0.04500000178813934,2.510999917984009,0.15299999713897705,0.7804250121116638,0.10063900053501129,2.9000000953674316,0.9449999928474426,696.3460083007812,0.3603369891643524,0.8257550001144409,0.7059999704360962,0.625,0.24344800412654877,0.21551699936389923,1.1296000480651855,4.0,0.0,0.9128569960594177,0.9643489718437195,20.150400161743164,0.34540000557899475,29.2526903,-18.1602669,8.46553,26.149900436401367,2.6274299671058543e-05,0.029631000012159348,-0.07624290138483047,3.866760016535409e-05,t17_f5_c3,,,,ZTF19abjgazt
2459135.7964236,1,1381296422715,20.61680030822754,/ztf/archive/sci/2020/1013/296424/ztf_20201013296424_000298_zg_c07_o_q4_scimrefdiffimg.fits.fz,TESS,3,1.381296422715015e+18,t,6.0,1381,27,298,2277.179931640625,696.3460083007812,29.2525885,-18.1603114,20.155899047851562,0.18946599960327148,0.9784449934959412,20.256500244140625,0.29910001158714294,0.37852099537849426,19.31800079345703,0.04500000178813934,2.510999917984009,0.15299999713897705,0.7804250121116638,0.10063900053501129,2.9000000953674316,0.9449999928474426,696.3460083007812,0.3603369891643524,0.8257550001144409,0.7059999704360962,0.625,0.24344800412654877,0.21551699936389923,1.1296000480651855,4.0,0.0,0.9128569960594177,0.9643489718437195,20.150400161743164,0.34540000557899475,29.2526903,-18.1602669,8.46553,26.149900436401367,2.6274299671058543e-05,0.029631000012159348,-0.07624290138483047,3.866760016535409e-05,t17_f5_c3,,,,ZTF19abjgazt
2459135.8944444,2,1381394442715,20.33639907836914,/ztf/archive/sci/2020/1013/394433/ztf_20201013394433_000298_zr_c07_o_q4_scimrefdiffimg.fits.fz,TESS,3,1.381394442715015e+18,t,1.0,1381,27,298,2264.25,670.7420043945312,29.2527256,-18.1602822,20.207799911499023,0.1799589991569519,1.381500005722046,19.846799850463867,0.26930001378059387,0.034063998609781265,18.631999969482422,0.03999999910593033,2.5199999809265137,0.1889999955892563,-0.43675801157951355,-0.36096298694610596,2.3499999046325684,0.9850000143051147,670.7420043945312,0.4895640015602112,0.9997559785842896,0.6639999747276306,0.5799999833106995,0.2825529873371124,0.2468090057373047,1.1448299884796143,9.0,0.0,0.9114289879798889,0.613228976726532,20.02790069580078,0.40549999475479126,29.2527156,-18.1602833,5.59813,26.22480010986328,2.190650047850795e-05,0.02713409997522831,0.12805600464344025,3.2155599910765886e-05,t17_f5_c3,,,,ZTF19abjgazt
2459136.8334954,2,1382333492715,20.540700912475586,/ztf/archive/sci/2020/1014/333495/ztf_20201014333495_000298_zr_c07_o_q4_scimrefdiffimg.fits.fz,Kulkarni,1,,,,1382,27,298,,,,,,,,,,,,,,,,,,,,,,,,,,,,,,,,,,,,26.28230094909668,3.901440140907653e-05,0.03597370162606239,0.11072900146245956,5.56226987100672e-05,t17_f5_c3,,,,ZTF19abjgazt
2459138.8163773,2,1384316372715,20.23430061340332,/ztf/archive/sci/2020/1016/316377/ztf_20201016316377_000298_zr_c07_o_q4_scimrefdiffimg.fits.fz,Kulkarni,1,1.384316372715015e+18,1,0.0,1384,27,298,2259.14990234375,508.0840148925781,29.2526984,-18.1602489,20.043899536132812,0.17115500569343567,0.900825023651123,19.391000747680664,0.18129999935626984,0.13544000685214996,18.631999969482422,0.03999999910593033,2.5199999809265137,0.1889999955892563,0.14961999654769897,-0.6528930068016052,2.5399999618530273,0.7960000038146973,508.0840148925781,0.843313992023468,0.997285008430481,1.1269999742507935,0.8769999742507935,0.44370099902153015,0.34527599811553955,1.2850600481033325,4.0,0.0,0.6600000262260437,1.0,19.340200424194336,0.22010000050067902,29.2527156,-18.1602833,5.33528,26.179899215698242,2.3177399270934984e-05,0.027374399825930595,0.12216400355100632,3.2781801564851776e-05,t17_f5_c3,,,,ZTF19abjgazt
2459136.8962037,1,1382396202715,20.493900299072266,/ztf/archive/sci/2020/1014/396204/ztf_20201014396204_000298_zg_c07_o_q4_scimrefdiffimg.fits.fz,TESS,3,1.382396202715015e+18,t,2.0,1382,27,298,2264.889892578125,498.1629943847656,29.2527139,-18.1603075,19.91080093383789,0.14441800117492676,1.2625000476837158,19.883899688720703,0.23280000686645508,0.16499899327754974,19.31800079345703,0.04500000178813934,2.510999917984009,0.15299999713897705,0.42244499921798706,-0.026931000873446465,1.809999942779541,0.9679999947547913,498.1629943847656,0.6099920272827148,1.340399980545044,0.7120000123977661,0.6819999814033508,0.39337000250816345,0.37679600715637207,1.0439900159835815,5.0,0.0,0.951429009437561,0.9236389994621277,19.914400100708008,0.3052000105381012,29.2526903,-18.1602669,8.47117,26.192800521850586,2.5569099307176657e-05,0.02931319922208786,-0.10243099927902222,3.694909901241772e-05,t17_f5_c3,,,,ZTF19abjgazt
2459137.8468056,2,1383346802715,20.296499252319336,/ztf/archive/sci/2020/1015/346806/ztf_20201015346806_000298_zr_c07_o_q4_scimrefdiffimg.fits.fz,TESS,3,,,,1383,27,298,,,,,,,,,,,,,,,,,,,,,,,,,,,,,,,,,,,,26.08839988708496,2.6440899091539904e-05,0.029082000255584717,0.12902000546455383,3.7340800190577284e-05,t17_f5_c3,,,,ZTF19abjgazt
2459137.9032176,1,1383403212715,20.246599197387695,/ztf/archive/sci/2020/1015/402998/ztf_20201015402998_000298_zg_c07_o_q4_scimrefdiffimg.fits.fz,TESS,3,1.383403212715015e+18,t,5.0,1383,27,298,2266.06005859375,508.20098876953125,29.2528388,-18.160201,19.965900421142578,0.17482300102710724,0.7923880219459534,19.513099670410156,0.19429999589920044,0.5533959865570068,19.31800079345703,0.04500000178813934,2.510999917984009,0.15299999713897705,-0.004000999964773655,-0.4528129994869232,2.7799999713897705,0.9599999785423279,508.20098876953125,0.7335270047187805,0.9315879940986633,0.9409999847412109,0.7689999938011169,0.33848899602890015,0.27661898732185364,1.2236700057983398,4.0,0.0,0.754285991191864,1.0,19.506500244140625,0.24650000035762787,29.2526903,-18.1602669,7.70895,26.072900772094727,3.5917699278797954e-05,0.03475299850106239,-0.08720000088214874,5.1872801122954115e-05,t17_f5_c3,,,,ZTF19abjgazt
2459138.8163773,2,1384316372715,20.23430061340332,/ztf/archive/sci/2020/1016/316377/ztf_20201016316377_000298_zr_c07_o_q4_scimrefdiffimg.fits.fz,Kulkarni,1,1.384316372715015e+18,t,0.0,1384,27,298,2259.14990234375,508.0840148925781,29.2526984,-18.1602489,20.043899536132812,0.17115500569343567,0.900825023651123,19.391000747680664,0.18129999935626984,0.13544000685214996,18.631999969482422,0.03999999910593033,2.5199999809265137,0.1889999955892563,0.14961999654769897,-0.6528930068016052,2.5399999618530273,0.7960000038146973,508.0840148925781,0.843313992023468,0.997285008430481,1.1269999742507935,0.8769999742507935,0.44370099902153015,0.34527599811553955,1.2850600481033325,4.0,0.0,0.6600000262260437,1.0,19.340200424194336,0.22010000050067902,29.2527156,-18.1602833,5.33528,26.179899215698242,2.3177399270934984e-05,0.027374399825930595,0.12216400355100632,3.2781801564851776e-05,t17_f5_c3,,,,ZTF19abjgazt
2459138.8182523,2,1384318252715,20.19499969482422,/ztf/archive/sci/2020/1016/318252/ztf_20201016318252_000298_zr_c07_o_q4_scimrefdiffimg.fits.fz,TESS,3,,,,1384,27,298,,,,,,,,,,,,,,,,,,,,,,,,,,,,,,,,,,,,26.181400299072266,2.2992400772636756e-05,0.02727390080690384,0.12867100536823273,3.2587999157840386e-05,t17_f5_c3,,,,ZTF19abjgazt
2459138.8571412,1,1384357142715,20.133100509643555,/ztf/archive/sci/2020/1016/357141/ztf_20201016357141_000298_zg_c07_o_q4_scimrefdiffimg.fits.fz,TESS,3,1.384357142715015e+18,t,3.0,1384,27,298,2279.550048828125,509.468994140625,29.2526908,-18.1602965,19.835599899291992,0.25117000937461853,1.3105000257492065,19.589399337768555,0.18860000371932983,0.10504399985074997,19.31800079345703,0.04500000178813934,2.510999917984009,0.15299999713897705,0.11878400295972824,-0.2462179958820343,3.680000066757202,0.8569999933242798,509.468994140625,0.5437080264091492,0.8665059804916382,1.2680000066757202,0.9679999947547913,0.3445650041103363,0.26304298639297485,1.3099199533462524,3.0,0.0,0.7571430206298828,1.0,19.416200637817383,0.20509999990463257,29.2526903,-18.1602669,9.61409,26.125600814819336,4.965940024703741e-05,0.04010380059480667,-0.07654090225696564,8.013629849301651e-05,t17_f5_c3,,,,ZTF19abjgazt
2459138.8590162,1,1384359012715,20.152099609375,/ztf/archive/sci/2020/1016/359016/ztf_20201016359016_000298_zg_c07_o_q4_scimrefdiffimg.fits.fz,Kulkarni,1,1.384359012715015e+18,t,5.0,1384,27,298,2279.81005859375,508.49798583984375,29.2527512,-18.1602902,19.865800857543945,0.21302799880504608,0.8026270270347595,19.79400062561035,0.22679999470710754,0.22176900506019592,19.31800079345703,0.04500000178813934,2.510999917984009,0.15299999713897705,0.5190579891204834,-0.07184799760580063,3.109999895095825,0.8880000114440918,508.49798583984375,0.3581160008907318,1.0105700492858887,1.1510000228881836,0.9940000176429749,0.37009599804878235,0.3196139931678772,1.1579500436782837,3.0,0.0,0.9042860269546509,1.0,19.836299896240234,0.3005000054836273,29.2526903,-18.1602669,9.77092,26.12980079650879,4.676249955082312e-05,0.03831759840250015,-0.07965339720249176,7.307859777938575e-05,t17_f5_c3,,,,ZTF19abjgazt
2459139.8048843,2,1385304882715,20.223499298095703,/ztf/archive/sci/2020/1017/304884/ztf_20201017304884_000298_zr_c07_o_q4_scimrefdiffimg.fits.fz,TESS,3,1.385304882715015e+18,t,0.0,1385,27,298,2298.85009765625,521.260986328125,29.2526803,-18.1603117,19.8971004486084,0.16439799964427948,0.9596260190010071,19.752399444580078,0.2851000130176544,0.1563190072774887,18.631999969482422,0.03999999910593033,2.5199999809265137,0.1889999955892563,-0.23746700584888458,-0.14471200108528137,2.3499999046325684,0.8970000147819519,521.260986328125,0.4710809886455536,0.9588850140571594,0.7289999723434448,0.6230000257492065,0.31021299958229065,0.2651059925556183,1.170140027999878,7.0,0.0,0.9485710263252258,0.8882930278778076,19.91080093383789,0.4205999970436096,29.2527156,-18.1602833,5.69515,26.017099380493164,2.646830034791492e-05,0.02946770004928112,0.1290770024061203,3.7030498788226396e-05,t17_f5_c3,,,,ZTF19abjgazt
2459139.8950579,1,1385395052715,19.54960060119629,/ztf/archive/sci/2020/1017/395058/ztf_20201017395058_000298_zg_c07_o_q4_scimrefdiffimg.fits.fz,TESS,3,,,,1385,27,298,,,,,,,,,,,,,,,,,,,,,,,,,,,,,,,,,,,,25.438899993896484,5.482709821080789e-05,0.040092598646879196,-0.033424001187086105,0.00010006000229623169,t17_f5_c3,,,,ZTF19abjgazt
2459140.7652431,2,1386265242715,20.322500228881836,/ztf/archive/sci/2020/1018/265243/ztf_20201018265243_000298_zr_c07_o_q4_scimrefdiffimg.fits.fz,Kulkarni,1,1.386265242715015e+18,1,1.0,1386,27,298,2276.409912109375,359.8529968261719,29.2526541,-18.1602995,20.06599998474121,0.15176400542259216,1.5267499685287476,19.7814998626709,0.2502000033855438,0.2156289964914322,18.631999969482422,0.03999999910593033,2.5199999809265137,0.1889999955892563,-0.5225920081138611,-0.2844640016555786,1.2065399885177612,0.9670000076293945,359.8529968261719,0.5409740209579468,2.0,0.7020000219345093,0.652999997138977,0.5818290114402771,0.541217029094696,1.0750399827957153,7.0,0.0,0.949999988079071,0.8590450286865234,20.16670036315918,0.4537000060081482,29.2527156,-18.1602833,6.36644,26.174999237060547,2.1353300326154567e-05,0.026931799948215485,0.12702900171279907,3.073980042245239e-05,t17_f5_c3,,,,ZTF19abjgazt
2459140.7652431,2,1386265242715,20.322500228881836,/ztf/archive/sci/2020/1018/265243/ztf_20201018265243_000298_zr_c07_o_q4_scimrefdiffimg.fits.fz,Kulkarni,1,1.386265242715015e+18,t,1.0,1386,27,298,2276.409912109375,359.8529968261719,29.2526541,-18.1602995,20.06599998474121,0.15176400542259216,1.5267499685287476,19.7814998626709,0.2502000033855438,0.2156289964914322,18.631999969482422,0.03999999910593033,2.5199999809265137,0.1889999955892563,-0.5225920081138611,-0.2844640016555786,1.2065399885177612,0.9670000076293945,359.8529968261719,0.5409740209579468,2.0,0.7020000219345093,0.652999997138977,0.5818290114402771,0.541217029094696,1.0750399827957153,7.0,0.0,0.949999988079071,0.8590450286865234,20.16670036315918,0.4537000060081482,29.2527156,-18.1602833,6.36644,26.174999237060547,2.1353300326154567e-05,0.026931799948215485,0.12702900171279907,3.073980042245239e-05,t17_f5_c3,,,,ZTF19abjgazt
2459140.7675926,2,1386267592715,20.3617000579834,/ztf/archive/sci/2020/1018/267593/ztf_20201018267593_000298_zr_c07_o_q4_scimrefdiffimg.fits.fz,TESS,3,1.386267592715015e+18,t,0.0,1386,27,298,2277.320068359375,361.4159851074219,29.2526654,-18.1602725,19.961000442504883,0.17501200735569,1.0718200206756592,20.0216007232666,0.3034000098705292,0.17909200489521027,18.631999969482422,0.03999999910593033,2.5199999809265137,0.1889999955892563,-0.36118900775909424,0.060554999858140945,2.3499999046325684,0.7260000109672546,361.4159851074219,0.3401159942150116,1.0178899765014648,0.6990000009536743,0.5720000267028809,0.29744699597358704,0.24340400099754333,1.2220300436019897,9.0,0.0,0.9671429991722107,0.8401280045509338,20.02039909362793,0.3862000107765198,29.2527156,-18.1602833,7.77666,26.211000442504883,3.551480040187016e-05,0.03476100042462349,0.12360800057649612,5.1159000577172264e-05,t17_f5_c3,,,,ZTF19abjgazt
2459140.8011111,1,1386301112715,20.448299407958984,/ztf/archive/sci/2020/1018/301111/ztf_20201018301111_000298_zg_c07_o_q4_scimrefdiffimg.fits.fz,TESS,3,1.386301112715015e+18,t,5.0,1386,27,298,2261.52001953125,368.3630065917969,29.2526546,-18.1603181,20.037500381469727,0.22462600469589233,1.4823399782180786,19.743900299072266,0.19910000264644623,0.218299001455307,19.31800079345703,0.04500000178813934,2.510999917984009,0.15299999713897705,0.42446601390838623,-0.29364800453186035,2.4700000286102295,0.9300000071525574,368.3630065917969,0.7044020295143127,1.0583300590515137,0.972000002861023,0.8510000109672546,0.3935219943523407,0.3445340096950531,1.1421899795532227,4.0,0.0,0.9071429967880249,0.9653099775314331,19.65719985961914,0.23389999568462372,29.2526903,-18.1602669,9.13779,26.122499465942383,3.1390100048156455e-05,0.032618798315525055,-0.0801772028207779,4.5833501644665375e-05,t17_f5_c3,,,,ZTF19abjgazt
2459140.8039236,1,1386303922715,20.457799911499023,/ztf/archive/sci/2020/1018/303912/ztf_20201018303912_000298_zg_c07_o_q4_scimrefdiffimg.fits.fz,Kulkarni,1,1.386303922715015e+18,t,1.0,1386,27,298,2264.830078125,369.3280029296875,29.2526532,-18.1602876,20.03339958190918,0.16674800217151642,1.365090012550354,20.045799255371094,0.2603999972343445,0.14522600173950195,19.31800079345703,0.04500000178813934,2.510999917984009,0.15299999713897705,0.4276390075683594,0.012381999753415585,2.75,0.925000011920929,369.3280029296875,0.41201499104499817,0.948818027973175,0.7379999756813049,0.6729999780654907,0.2683640122413635,0.2447270005941391,1.0965800285339355,2.0,0.0,0.9714289903640747,1.0,20.02359962463379,0.32499998807907104,29.2526903,-18.1602669,9.63889,26.141399383544922,3.200430001015775e-05,0.03280450031161308,-0.10310299694538116,4.651350172935054e-05,t17_f5_c3,,,,ZTF19abjgazt
2459141.8032292,1,1387303222715,20.48550033569336,/ztf/archive/sci/2020/1019/302986/ztf_20201019302986_000298_zg_c07_o_q4_scimrefdiffimg.fits.fz,TESS,3,1.387303222715015e+18,t,1.0,1387,27,298,2263.639892578125,684.8670043945312,29.2526716,-18.1603828,20.109500885009766,0.1919270008802414,0.9613419771194458,20.188100814819336,0.27559998631477356,0.41709399223327637,19.31800079345703,0.04500000178813934,2.510999917984009,0.15299999713897705,0.493598997592926,0.07857300341129303,2.200000047683716,0.9039999842643738,684.8670043945312,0.29743900895118713,1.2513400316238403,0.8289999961853027,0.6980000138282776,0.3768180012702942,0.31727299094200134,1.1876800060272217,4.0,0.0,0.9714289903640747,1.0,20.148300170898438,0.3384000062942505,29.2526903,-18.1602669,10.8359,26.14349937438965,3.651560109574348e-05,0.03513380140066147,-0.11584299802780151,5.41141998837702e-05,t17_f5_c3,,,,ZTF19abjgazt
2459141.8472917,2,1387347292715,19.088699340820312,/ztf/archive/sci/2020/1019/347292/ztf_20201019347292_000298_zr_c07_o_q4_scimrefdiffimg.fits.fz,TESS,3,,,,1387,27,298,,,,,,,,,,,,,,,,,,,,,,,,,,,,,,,,,,,,25.26810073852539,0.00024649599799886346,0.09151899814605713,0.12260500341653824,0.00036328501300886273,t17_f5_c3,,,,ZTF19abjgazt
2459144.8623727,1,1390362372715,20.139799118041992,/ztf/archive/sci/2020/1022/362361/ztf_20201022362361_000298_zg_c07_o_q4_scimrefdiffimg.fits.fz,Kulkarni,1,1.390362372715015e+18,t,6.0,1390,27,298,2268.419921875,568.47998046875,29.2526647,-18.1603239,19.84910011291504,0.21521000564098358,1.6102099418640137,19.42300033569336,0.2101999968290329,0.22027499973773956,19.31800079345703,0.04500000178813934,2.510999917984009,0.15299999713897705,0.1415179967880249,-0.4261069893836975,2.9100000858306885,0.7319999933242798,568.47998046875,0.7168400287628174,0.8452709913253784,0.8799999952316284,0.8429999947547913,0.3024049997329712,0.2896910011768341,1.0438899993896484,4.0,0.0,0.74857097864151,0.9739369750022888,19.269699096679688,0.23229999840259552,29.2526903,-18.1602669,7.58664,25.490100860595703,6.183500227052718e-05,0.044474098831415176,-0.09243190288543701,9.59879980655387e-05,t17_f5_c3,,,,ZTF19abjgazt
2459146.7942477,2,1392294242715,16.492000579833984,/ztf/archive/sci/2020/1024/294225/ztf_20201024294225_000298_zr_c07_o_q4_scimrefdiffimg.fits.fz,Kulkarni,1,,,,1392,27,298,,,,,,,,,,,,,,,,,,,,,,,,,,,,,,,,,,,,22.71739959716797,0.0011167300399392843,0.055455900728702545,0.02915249951183796,0.0020552799105644226,t17_f5_c3,,,,ZTF19abjgazt
2459146.8350463,1,1392335042715,18.110300064086914,/ztf/archive/sci/2020/1024/335046/ztf_20201024335046_000298_zg_c07_o_q4_scimrefdiffimg.fits.fz,Kulkarni,1,,,,1392,27,298,,,,,,,,,,,,,,,,,,,,,,,,,,,,,,,,,,,,23.981599807739258,0.0002770870050881058,0.05531860142946243,-0.004950609989464283,0.0006012250087223947,t17_f5_c3,,,,ZTF19abjgazt
2459149.8374884,2,1395337482715,19.300100326538086,/ztf/archive/sci/2020/1027/337488/ztf_20201027337488_000298_zr_c07_o_q4_scimrefdiffimg.fits.fz,Kulkarni,1,,,,1395,27,298,,,,,,,,,,,,,,,,,,,,,,,,,,,,,,,,,,,,26.20359992980957,3.590599953895435e-05,0.03456209972500801,0.11382099986076355,5.237619916442782e-05,t17_f5_c3,,,,ZTF19abjgazt
2459150.8637153,2,1396363712715,19.177900314331055,/ztf/archive/sci/2020/1028/363715/ztf_20201028363715_000298_zr_c07_o_q4_scimrefdiffimg.fits.fz,Kulkarni,1,,,,1396,27,298,,,,,,,,,,,,,,,,,,,,,,,,,,,,,,,,,,,,26.258100509643555,4.908350092591718e-05,0.04038489982485771,0.1216220036149025,7.27004007785581e-05,t17_f5_c3,,,,ZTF19abjgazt
2459151.7535069,1,1397253502715,19.082599639892578,/ztf/archive/sci/2020/1029/253507/ztf_20201029253507_000298_zg_c07_o_q4_scimrefdiffimg.fits.fz,Kulkarni,1,1.397253502715015e+18,t,1.0,1397,27,298,2236.179931640625,606.1430053710938,29.2527273,-18.1601961,19.518299102783203,0.24961499869823456,0.9885820150375366,19.07270050048828,0.3328000009059906,0.2809379994869232,19.31800079345703,0.04500000178813934,2.510999917984009,0.15299999713897705,0.05140899866819382,-0.44559401273727417,1.443660020828247,0.968999981880188,606.1430053710938,0.009866000153124332,2.0,0.8059999942779541,0.6899999976158142,0.558305025100708,0.4779540002346039,1.16812002658844,9.0,0.0,0.6985710263252258,0.6358799934387207,19.06559944152832,0.42489999532699585,29.2526903,-18.1602669,5.38431,26.228300094604492,9.198280167765915e-05,0.04376250132918358,-0.028210600838065147,0.0002046550071099773,t17_f5_c3,,,,ZTF19abjgazt
2459151.8361458,2,1397336142715,19.207300186157227,/ztf/archive/sci/2020/1029/336146/ztf_20201029336146_000298_zr_c07_o_q4_scimrefdiffimg.fits.fz,Kulkarni,1,,,,1397,27,298,,,,,,,,,,,,,,,,,,,,,,,,,,,,,,,,,,,,26.27280044555664,5.041930126026273e-05,0.0411887988448143,0.11725399643182755,7.278360135387629e-05,t17_f5_c3,,,,ZTF19abjgazt
2459152.7138079,2,1398213802715,19.096200942993164,/ztf/archive/sci/2020/1030/213796/ztf_20201030213796_000298_zr_c07_o_q4_scimrefdiffimg.fits.fz,Kulkarni,1,,,,1398,27,298,,,,,,,,,,,,,,,,,,,,,,,,,,,,,,,,,,,,26.2455997467041,5.253669951343909e-05,0.04090939834713936,0.13455499708652496,7.517539779655635e-05,t17_f5_c3,,,,ZTF19abjgazt
2459152.7646181,1,1398264612715,18.97279930114746,/ztf/archive/sci/2020/1030/264618/ztf_20201030264618_000298_zg_c07_o_q4_scimrefdiffimg.fits.fz,Kulkarni,1,1.398264612715015e+18,t,0.0,1398,27,298,2259.260009765625,593.968994140625,29.2527153,-18.1603596,19.397300720214844,0.279558002948761,1.5334199666976929,20.277999877929688,1.1267000436782837,0.34013500809669495,19.31800079345703,0.04500000178813934,2.510999917984009,0.15299999713897705,0.9890149831771851,0.8807370066642761,1.4282599687576294,0.9890000224113464,593.968994140625,-1.3051600456237793,2.0,0.8349999785423279,0.5730000138282776,0.5846269726753235,0.401187002658844,1.4572399854660034,6.0,0.0,0.6685709953308105,1.0,20.047000885009766,1.1711000204086304,29.2526903,-18.1602669,5.748,26.246299743652344,0.00010783500329125673,0.04719369858503342,-0.09536939859390259,0.0002290010015713051,t17_f5_c3,,,,ZTF19abjgazt
2459153.746169,1,1399246162715,18.888399124145508,/ztf/archive/sci/2020/1031/246157/ztf_20201031246157_000298_zg_c07_o_q4_scimrefdiffimg.fits.fz,Kulkarni,1,,,,1399,27,298,,,,,,,,,,,,,,,,,,,,,,,,,,,,,,,,,,,,26.23590087890625,5.16360996698495e-05,0.030445000156760216,-0.061683401465415955,0.00011346500104991719,t17_f5_c3,,,,ZTF19abjgazt
2459153.8306944,2,1399330692715,19.11400032043457,/ztf/archive/sci/2020/1031/330694/ztf_20201031330694_000298_zr_c07_o_q4_scimrefdiffimg.fits.fz,Kulkarni,1,,,,1399,27,298,,,,,,,,,,,,,,,,,,,,,,,,,,,,,,,,,,,,26.30470085144043,4.156439899816178e-05,0.037231799215078354,0.11218799650669098,6.020880027790554e-05,t17_f5_c3,,,,ZTF19abjgazt
2459155.7122106,1,1401212212715,19.1033992767334,/ztf/archive/sci/2020/1102/212199/ztf_20201102212199_000298_zg_c07_o_q4_scimrefdiffimg.fits.fz,Kulkarni,1,1.401212212715015e+18,1,0.0,1401,27,298,2277.7099609375,578.60302734375,29.2526693,-18.1602792,19.47559928894043,0.2738879919052124,1.0137499570846558,19.3257999420166,0.43299999833106995,0.08319299668073654,19.31800079345703,0.04500000178813934,2.510999917984009,0.15299999713897705,-0.16877199709415436,-0.14975599944591522,2.5299999713897705,0.7680000066757202,578.60302734375,-0.22241400182247162,1.0872100591659546,0.6919999718666077,0.6579999923706055,0.27351799607276917,0.2600789964199066,1.051669955253601,8.0,0.0,0.9028570055961609,0.8609470129013062,19.446800231933594,0.6212999820709229,29.2526903,-18.1602669,6.32138,26.1835994720459,8.684099884703755e-05,0.04493049904704094,-0.04589039832353592,0.00018235499737784266,t17_f5_c3,,,,ZTF19abjgazt
2459155.7122106,1,1401212212715,19.1033992767334,/ztf/archive/sci/2020/1102/212199/ztf_20201102212199_000298_zg_c07_o_q4_scimrefdiffimg.fits.fz,Kulkarni,1,1.401212212715015e+18,t,0.0,1401,27,298,2277.7099609375,578.60302734375,29.2526693,-18.1602792,19.47559928894043,0.2738879919052124,1.0137499570846558,19.3257999420166,0.43299999833106995,0.08319299668073654,19.31800079345703,0.04500000178813934,2.510999917984009,0.15299999713897705,-0.16877199709415436,-0.14975599944591522,2.5299999713897705,0.7680000066757202,578.60302734375,-0.22241400182247162,1.0872100591659546,0.6919999718666077,0.6579999923706055,0.27351799607276917,0.2600789964199066,1.051669955253601,8.0,0.0,0.9028570055961609,0.8609470129013062,19.446800231933594,0.6212999820709229,29.2526903,-18.1602669,6.32138,26.1835994720459,8.684099884703755e-05,0.04493049904704094,-0.04589039832353592,0.00018235499737784266,t17_f5_c3,,,,ZTF19abjgazt
2459155.7735764,2,1401273572715,19.583999633789062,/ztf/archive/sci/2020/1102/273576/ztf_20201102273576_000298_zr_c07_o_q4_scimrefdiffimg.fits.fz,Kulkarni,1,1.401273572715015e+18,t,2.0,1401,27,298,2276.1298828125,592.291015625,29.2526559,-18.1602539,19.43829917907715,0.14843599498271942,1.2304999828338623,19.441499710083008,0.36090001463890076,0.2269279956817627,18.631999969482422,0.03999999910593033,2.5199999809265137,0.1889999955892563,0.2844400107860565,0.0032220000866800547,1.1840900182724,0.9990000128746033,592.291015625,0.14253200590610504,2.0,0.6620000004768372,0.5699999928474426,0.5590819716453552,0.4813840091228485,1.1613999605178833,4.0,0.0,0.942857027053833,1.0,19.622100830078125,0.5462999939918518,29.2527156,-18.1602833,7.61671,26.29829978942871,3.530610047164373e-05,0.03413999825716019,0.11164700239896774,5.06744981976226e-05,t17_f5_c3,,,,ZTF19abjgazt
2459156.8406944,1,1402340692715,19.25950050354004,/ztf/archive/sci/2020/1103/340359/ztf_20201103340359_000298_zg_c07_o_q4_scimrefdiffimg.fits.fz,Kulkarni,1,,,,1402,27,298,,,,,,,,,,,,,,,,,,,,,,,,,,,,,,,,,,,,26.241100311279297,7.425760122714564e-05,0.04414509981870651,-0.05014669895172119,0.00015499300207011402,t17_f5_c3,,,,ZTF19abjgazt
2459158.7887384,1,1404288732715,19.456100463867188,/ztf/archive/sci/2020/1105/288738/ztf_20201105288738_000298_zg_c07_o_q4_scimrefdiffimg.fits.fz,Kulkarni,1,1.404288732715015e+18,t,1.0,1404,27,298,2285.159912109375,588.8569946289062,29.2526048,-18.1603456,19.25029945373535,0.1641640067100525,0.9621239900588989,19.36669921875,0.26330000162124634,0.402197003364563,19.31800079345703,0.04500000178813934,2.510999917984009,0.15299999713897705,1.0981700420379639,0.11641299724578857,3.7699999809265137,0.9750000238418579,588.8569946289062,0.08942999690771103,0.906673014163971,1.1460000276565552,1.0019999742507935,0.3039790093898773,0.2657819986343384,1.1437100172042847,1.0,0.0,0.8700000047683716,1.0,19.386899948120117,0.34360000491142273,29.2526903,-18.1602669,10.008,26.206300735473633,7.206600275821984e-05,0.043424900621175766,-0.030830999836325645,0.00014729899703525007,t17_f5_c3,,,,ZTF19abjgazt
2459158.8366319,2,1404336632715,19.360700607299805,/ztf/archive/sci/2020/1105/336632/ztf_20201105336632_000298_zr_c07_o_q4_scimrefdiffimg.fits.fz,Kulkarni,1,1.404336632715015e+18,t,0.0,1404,27,298,2258.7099609375,592.9019775390625,29.2528615,-18.1602494,19.49530029296875,0.23721300065517426,1.169600009918213,19.317899703979492,0.2639000117778778,0.5073230266571045,18.631999969482422,0.03999999910593033,2.5199999809265137,0.1889999955892563,-0.2711949944496155,-0.17738400399684906,3.240000009536743,0.7049999833106995,592.9019775390625,0.042775001376867294,1.1002099514007568,1.6080000400543213,1.1130000352859497,0.4962959885597229,0.343519002199173,1.4447400569915771,4.0,0.0,0.45142900943756104,0.9654480218887329,19.546199798583984,0.41670000553131104,29.2527156,-18.1602833,6.16903,26.218299865722656,6.584519724128768e-05,0.04690270125865936,0.14135900139808655,9.515800047665834e-05,t17_f5_c3,,,,ZTF19abjgazt
2459165.6919792,1,1411191972715,20.176000595092773,/ztf/archive/sci/2020/1112/191979/ztf_20201112191979_000298_zg_c07_o_q4_scimrefdiffimg.fits.fz,Kulkarni,1,1.411191972715015e+18,1,1.0,1411,27,298,2234.780029296875,600.2329711914062,29.2527157,-18.1603062,19.07469940185547,0.1076200008392334,1.2454700469970703,19.254100799560547,0.14710000157356262,0.1637759953737259,19.31800079345703,0.04500000178813934,2.510999917984009,0.15299999713897705,0.7059500217437744,0.17940199375152588,2.8299999237060547,0.9769999980926514,600.2329711914062,0.9219120144844055,1.022570013999939,0.7960000038146973,0.7749999761581421,0.2812719941139221,0.27385199069976807,1.0270999670028687,3.0,0.0,0.949999988079071,1.0,19.365800857543945,0.20749999582767487,29.2526903,-18.1602669,17.2347,26.185699462890625,4.189979881630279e-05,0.03719649836421013,-0.06288520246744156,6.298439984675497e-05,t17_f5_c3,,,,ZTF19abjgazt
2459168.7106829,1,1414210682715,20.35770034790039,/ztf/archive/sci/2020/1115/210683/ztf_20201115210683_000298_zg_c07_o_q4_scimrefdiffimg.fits.fz,Kulkarni,1,1.414210682715015e+18,1,0.0,1414,27,298,2245.35009765625,609.8770141601562,29.2526985,-18.1602939,19.108200073242188,0.10991699993610382,2.5208098888397217,19.060300827026367,0.11309999972581863,0.09982699900865555,19.31800079345703,0.04500000178813934,2.510999917984009,0.15299999713897705,0.5477740168571472,-0.04785500094294548,2.9000000953674316,0.984000027179718,609.8770141601562,1.2973599433898926,0.9236289858818054,0.7910000085830688,0.7329999804496765,0.27275899052619934,0.25275900959968567,1.0791300535202026,3.0,0.0,0.9542859792709351,0.9991409778594971,19.171199798583984,0.1589999943971634,29.2526903,-18.1602669,18.9075,26.235200881958008,3.0873401556164026e-05,0.03221990168094635,-0.08390240371227264,4.5521701395045966e-05,t17_f5_c3,,,,ZTF19abjgazt
2459170.7446875,1,1416244682715,20.326900482177734,/ztf/archive/sci/2020/1117/244688/ztf_20201117244688_000298_zg_c07_o_q4_scimrefdiffimg.fits.fz,Kulkarni,1,1.416244682715015e+18,1,3.0,1416,27,298,2278.56005859375,582.4949951171875,29.252721,-18.1603091,19.02560043334961,0.12094999849796295,4.603650093078613,18.864099502563477,0.09950000047683716,0.1820870041847229,19.31800079345703,0.04500000178813934,2.510999917984009,0.15299999713897705,0.08276399970054626,-0.1615079939365387,2.5899999141693115,0.9990000128746033,582.4949951171875,1.4628000259399414,1.0092999935150146,0.7870000004768372,0.7250000238418579,0.30386099219322205,0.2799229919910431,1.0855200290679932,5.0,0.0,0.9585710167884827,0.9908069968223572,18.801700592041016,0.11949999630451202,29.2526903,-18.1602669,22.704,26.241600036621094,3.288060179329477e-05,0.032870300114154816,-0.09730959683656693,4.6853099775034934e-05,t17_f5_c3,,,,ZTF19abjgazt
2459173.7818866,1,1419281885015,20.05940055847168,/ztf/archive/sci/2020/1120/281887/ztf_20201120281887_001290_zg_c13_o_q3_scimrefdiffimg.fits.fz,Kulkarni,3,1.419281885015025e+18,t,3.0,1419,50,1290,1400.8299560546875,1475.989990234375,29.2528141,-18.1602184,19.90959930419922,0.2065030038356781,0.7820199728012085,19.481700897216797,0.20080000162124634,0.3457149863243103,18.777000427246094,0.03799999877810478,2.0280001163482666,0.14499999582767487,0.1160999983549118,-0.4279249906539917,2.5199999809265137,0.9279999732971191,1400.8299560546875,0.5777249932289124,1.1457600593566895,1.2610000371932983,1.1449999809265137,0.5003970265388489,0.45436498522758484,1.1013100147247314,4.0,0.0,0.7028570175170898,0.980322003364563,19.605100631713867,0.28690001368522644,29.2527487,-18.1602932,7.62046,26.290599822998047,4.8626501666149125e-05,0.03780810162425041,-0.047411199659109116,6.960020255064592e-05,t17_f5_c3,,,,ZTF19abjgazt
2459184.7022801,1,1430202282715,19.175399780273438,/ztf/archive/sci/2020/1201/202280/ztf_20201201202280_000298_zg_c07_o_q4_scimrefdiffimg.fits.fz,Kulkarni,2,1.430202282715015e+18,1,0.0,1430,27,298,2262.1298828125,607.8330078125,29.2528404,-18.1602862,19.165700912475586,0.18890699744224548,1.1626800298690796,18.63520050048828,0.21089999377727509,0.5116119980812073,19.31800079345703,0.04500000178813934,2.510999917984009,0.15299999713897705,-1.3254899978637695,-0.5305299758911133,4.179999828338623,0.9860000014305115,607.8330078125,0.5401710271835327,0.6700249910354614,1.031000018119812,0.8629999756813049,0.24665099382400513,0.20645900070667267,1.1946699619293213,6.0,0.0,0.5714290142059326,0.952875018119812,18.520099639892578,0.2434999942779541,29.2526903,-18.1602669,8.13994,26.2367000579834,7.390049722744152e-05,0.04091779887676239,-0.05716649815440178,0.0001540810044389218,t17_f5_c3,,,,ZTF19abjgazt
2459184.7363426,1,1430236342715,19.00279998779297,/ztf/archive/sci/2020/1201/236343/ztf_20201201236343_000298_zg_c07_o_q4_scimrefdiffimg.fits.fz,Kulkarni,2,1.430236342715015e+18,1,1.0,1430,27,298,2260.5,611.708984375,29.2527552,-18.160371,19.322900772094727,0.25506600737571716,1.2088899612426758,18.728900909423828,0.23240000009536743,0.4301280081272125,19.31800079345703,0.04500000178813934,2.510999917984009,0.15299999713897705,-1.578969955444336,-0.5940020084381104,1.6247800588607788,0.7440000176429749,611.708984375,0.27392101287841797,2.0,1.218999981880188,0.9810000061988831,0.7502560019493103,0.6037740111351013,1.242609977722168,6.0,0.0,0.495714008808136,0.8680239915847778,18.517900466918945,0.24549999833106995,29.2526903,-18.1602669,6.04312,26.237899780273438,6.472160021075979e-05,0.03466780111193657,-0.06500429660081863,0.00014625099720433354,t17_f5_c3,,,,ZTF19abjgazt
2459155.7122106,1,1401212212715,19.1033992767334,/ztf/archive/sci/2020/1102/212199/ztf_20201102212199_000298_zg_c07_o_q4_scimrefdiffimg.fits.fz,Kulkarni,1,,,,1401,27,298,,,,,,,,,,,,,,,,,,,,,,,,,,,,,,,,,,,,26.1835994720459,8.684099884703755e-05,0.04493049904704094,-0.04589039832353592,0.00018235499737784266,t17_f5_c3,,,,ZTF19abjgazt
2459155.7735764,2,1401273572715,19.583999633789062,/ztf/archive/sci/2020/1102/273576/ztf_20201102273576_000298_zr_c07_o_q4_scimrefdiffimg.fits.fz,Kulkarni,1,,,,1401,27,298,,,,,,,,,,,,,,,,,,,,,,,,,,,,,,,,,,,,26.29829978942871,3.530610047164373e-05,0.03413999825716019,0.11164700239896774,5.06744981976226e-05,t17_f5_c3,,,,ZTF19abjgazt
2459180.6936806,1,1426193682715,18.439699172973633,/ztf/archive/sci/2020/1127/193519/ztf_20201127193519_000298_zg_c07_o_q4_scimrefdiffimg.fits.fz,Kulkarni,1,,,,1426,27,298,,,,,,,,,,,,,,,,,,,,,,,,,,,,,,,,,,,,26.191699981689453,0.00027447499451227486,0.041880298405885696,-0.016461800783872604,0.0006732619949616492,t17_f5_c3,,,,ZTF19abjgazt
2460261.7946181,1,2507294612715,20.170400619506836,/ztf/archive/sci/2023/1113/294618/ztf_20231113294618_000298_zg_c07_o_q4_scimrefdiffimg.fits.fz,Kulkarni,1,2.507294612715015e+18,t,0.0,2507,27,298,2273.919921875,646.0859985351562,29.2527729,-18.1602798,19.208999633789062,0.10917499661445618,1.0407999753952026,19.031099319458008,0.12639999389648438,0.2829430103302002,19.31800079345703,0.04500000178813934,2.510999917984009,0.15299999713897705,0.3476470112800598,-0.17794400453567505,2.640000104904175,0.9800000190734863,646.0859985351562,1.1392799615859985,1.0419100522994995,0.8370000123977661,0.8240000009536743,0.3170450031757355,0.3121210038661957,1.015779972076416,3.0,0.0,0.9628570079803467,0.9994029998779297,18.88640022277832,0.14110000431537628,29.2526903,-18.1602669,12.5489,26.232999801635742,3.3352200262015685e-05,0.03290800005197525,-0.08765909820795059,5.328339830157347e-05,t17_f5_c3,,,,ZTF19abjgazt
2460268.6903125,2,2514190312715,19.25670051574707,/ztf/archive/sci/2023/1120/190312/ztf_20231120190312_000298_zr_c07_o_q4_scimrefdiffimg.fits.fz,Kulkarni,1,2.514190312715015e+18,t,3.0,2514,27,298,2266.659912109375,649.72900390625,29.2526468,-18.1601801,19.071699142456055,0.21897800266742706,1.3098900318145752,19.185699462890625,0.186599999666214,0.4342139959335327,18.631999969482422,0.03999999910593033,2.5199999809265137,0.1889999955892563,-0.3524110019207001,0.1139649972319603,4.489999771118164,0.5249999761581421,649.72900390625,0.07097099721431732,1.100219964981079,1.5230000019073486,1.3940000534057617,0.3391979932785034,0.31046798825263977,1.0925400257110596,2.0,0.0,0.5614290237426758,1.0,19.213699340820312,0.24480000138282776,29.2527156,-18.1602833,8.79862,26.259700775146484,8.749050175538287e-05,0.05112599954009056,0.10885400325059891,0.0001296279951930046,t17_f5_c3,,,,ZTF19abjgazt
2460268.8545718,1,2514354572715,19.007099151611328,/ztf/archive/sci/2023/1120/354572/ztf_20231120354572_000298_zg_c07_o_q4_scimrefdiffimg.fits.fz,Kulkarni,1,,,,2514,27,298,,,,,,,,,,,,,,,,,,,,,,,,,,,,,,,,,,,,25.892000198364258,9.703489922685549e-05,0.038279201835393906,-0.045718900859355927,0.0002182280004490167,t17_f5_c3,,,,ZTF19abjgazt
2460287.6489583,2,2533148952715,19.64550018310547,/ztf/archive/sci/2023/1209/148947/ztf_20231209148947_000298_zr_c07_o_q4_scimrefdiffimg.fits.fz,Kulkarni,1,2.533148952715015e+18,1,1.0,2533,27,298,2203.47998046875,644.7239990234375,29.252638,-18.160421,19.497800827026367,0.22910499572753906,1.4044599533081055,19.701900482177734,0.2888999879360199,0.5550810098648071,18.631999969482422,0.03999999910593033,2.5199999809265137,0.1889999955892563,-0.19062499701976776,0.20407499372959137,1.7938200235366821,0.7120000123977661,644.7239990234375,-0.056403998285532,2.0,0.9229999780654907,0.8130000233650208,0.5145450234413147,0.45322299003601074,1.1353000402450562,5.0,0.0,0.8799999952316284,0.9873200058937073,19.665000915527344,0.3571000099182129,29.2527156,-18.1602833,7.53125,26.23979949951172,4.1104798583546653e-05,0.037363000214099884,0.11753100156784058,6.007089905324392e-05,t17_f5_c3,,,,ZTF19abjgazt
2460287.6489583,2,2533148952715,19.64550018310547,/ztf/archive/sci/2023/1209/148947/ztf_20231209148947_000298_zr_c07_o_q4_scimrefdiffimg.fits.fz,Kulkarni,1,2.533148952715015e+18,t,1.0,2533,27,298,2203.47998046875,644.7239990234375,29.252638,-18.160421,19.497800827026367,0.22910499572753906,1.4044599533081055,19.701900482177734,0.2888999879360199,0.5550810098648071,18.631999969482422,0.03999999910593033,2.5199999809265137,0.1889999955892563,-0.19062499701976776,0.20407499372959137,1.7938200235366821,0.7120000123977661,644.7239990234375,-0.056403998285532,2.0,0.9229999780654907,0.8130000233650208,0.5145450234413147,0.45322299003601074,1.1353000402450562,5.0,0.0,0.8799999952316284,0.9873200058937073,19.665000915527344,0.3571000099182129,29.2527156,-18.1602833,7.53125,26.23979949951172,4.1104798583546653e-05,0.037363000214099884,0.11753100156784058,6.007089905324392e-05,t17_f5_c3,,,,ZTF19abjgazt
2460287.6902546,1,2533190252715,19.938800811767578,/ztf/archive/sci/2023/1209/190243/ztf_20231209190243_000298_zg_c07_o_q4_scimrefdiffimg.fits.fz,Kulkarni,1,2.533190252715015e+18,t,2.0,2533,27,298,2209.25,647.9320068359375,29.2526773,-18.160314,19.488000869750977,0.16752099990844727,1.0883400440216064,19.433799743652344,0.18880000710487366,0.17312000691890717,19.31800079345703,0.04500000178813934,2.510999917984009,0.15299999713897705,0.57430499792099,-0.05419199913740158,2.9800000190734863,0.9549999833106995,647.9320068359375,0.5049710273742676,1.1002000570297241,0.949999988079071,0.9100000262260437,0.3187919855117798,0.30536898970603943,1.0439599752426147,2.0,0.0,0.9442859888076782,1.0,19.35260009765625,0.2240000069141388,29.2526903,-18.1602669,10.8385,26.235000610351562,4.3488500523380935e-05,0.03712980076670647,-0.0840212032198906,7.637160160811618e-05,t17_f5_c3,,,,ZTF19abjgazt
2460288.7332986,2,2534233292715,19.21739959716797,/ztf/archive/sci/2023/1210/233287/ztf_20231210233287_000298_zr_c07_o_q4_scimrefdiffimg.fits.fz,Kulkarni,1,2.534233292715015e+18,t,1.0,2534,27,298,2196.699951171875,653.7080078125,29.2524392,-18.1602346,19.523500442504883,0.32760700583457947,0.9610099792480469,19.41390037536621,0.2345999926328659,0.9493229985237122,18.631999969482422,0.03999999910593033,2.5199999809265137,0.1889999955892563,-0.1152610033750534,-0.1096389964222908,2.5124499797821045,0.3499999940395355,653.7080078125,-0.19646699726581573,2.0,1.5670000314712524,1.3899999856948853,0.6236940026283264,0.5532439947128296,1.1273399591445923,2.0,0.0,0.41999998688697815,1.0,19.286500930786133,0.2667999863624573,29.2527156,-18.1602833,5.63213,26.228500366210938,6.763699639122933e-05,0.04551450163125992,0.13481099903583527,0.00010019900219049305,t17_f5_c3,,,,ZTF19abjgazt
2460290.7451968,1,2536245192715,20.243600845336914,/ztf/archive/sci/2023/1212/245197/ztf_20231212245197_000298_zg_c07_o_q4_scimrefdiffimg.fits.fz,Kulkarni,1,2.536245192715015e+18,t,0.0,2536,27,298,2191.639892578125,636.85400390625,29.2527325,-18.1603142,19.667299270629883,0.1697539985179901,1.5092699527740479,19.563499450683594,0.210999995470047,0.22047699987888336,19.31800079345703,0.04500000178813934,2.510999917984009,0.15299999713897705,0.3765830099582672,-0.1038220003247261,1.7200000286102295,0.9599999785423279,636.85400390625,0.6800569891929626,1.452299952507019,0.6460000276565552,0.5590000152587891,0.3755809962749481,0.32499998807907104,1.1556299924850464,6.0,0.0,0.9657139778137207,0.917972981929779,19.416099548339844,0.23549999296665192,29.2526903,-18.1602669,11.0812,26.198299407958984,3.294369889772497e-05,0.033450398594141006,-0.06937000155448914,5.0015900342259556e-05,t17_f5_c3,,,,ZTF19abjgazt
2460295.6431019,1,2541143102715,19.114999771118164,/ztf/archive/sci/2023/1217/143102/ztf_20231217143102_000298_zg_c07_o_q4_scimrefdiffimg.fits.fz,Kulkarni,1,2.541143102715015e+18,t,0.0,2541,27,298,2208.3798828125,640.3590087890625,29.2527569,-18.1603169,19.31100082397461,0.23442499339580536,1.1455700397491455,18.9237003326416,0.2685000002384186,0.2866640090942383,19.31800079345703,0.04500000178813934,2.510999917984009,0.15299999713897705,-0.5141469836235046,-0.38731399178504944,2.9200000762939453,0.7919999957084656,640.3590087890625,0.19130699336528778,1.0441900491714478,0.9679999947547913,0.9399999976158142,0.33150699734687805,0.3219180107116699,1.0297900438308716,5.0,0.0,0.7957140207290649,0.9676079750061035,18.686599731445312,0.2768999934196472,29.2526903,-18.1602669,6.4311,25.607999801635742,0.00012004799646092579,0.05067349970340729,-0.0595880001783371,0.00026990799233317375,t17_f5_c3,,,,ZTF19abjgazt
2460295.7824306,2,2541282432715,19.262399673461914,/ztf/archive/sci/2023/1217/282431/ztf_20231217282431_000298_zr_c07_o_q4_scimrefdiffimg.fits.fz,Kulkarni,1,,,,2541,27,298,,,,,,,,,,,,,,,,,,,,,,,,,,,,,,,,,,,,26.07939910888672,4.077210178365931e-05,0.03674760088324547,0.13333800435066223,5.955409869784489e-05,t17_f5_c3,,,,ZTF19abjgazt
2460305.6694444,1,2551169442715,18.787500381469727,/ztf/archive/sci/2023/1227/169444/ztf_20231227169444_000298_zg_c07_o_q4_scimrefdiffimg.fits.fz,Kulkarni,1,,,,2551,27,298,,,,,,,,,,,,,,,,,,,,,,,,,,,,,,,,,,,,26.060699462890625,0.00010938299965346232,0.039999399334192276,-0.07091909646987915,0.0002492399944458157,t17_f5_c3,,,,ZTF19abjgazt
2460307.6584375,1,2553158432715,19.54159927368164,/ztf/archive/sci/2023/1229/158438/ztf_20231229158438_000298_zg_c07_o_q4_scimrefdiffimg.fits.fz,Kulkarni,1,2.553158432715015e+18,t,0.0,2553,27,298,2217.2099609375,645.3469848632812,29.2527543,-18.1602811,19.25040054321289,0.16985900700092316,1.3065799474716187,19.15180015563965,0.24729999899864197,0.22217099368572235,19.31800079345703,0.04500000178813934,2.510999917984009,0.15299999713897705,0.21057599782943726,-0.09864799678325653,2.440000057220459,0.9729999899864197,645.3469848632812,0.38980600237846375,1.1282600164413452,0.7289999723434448,0.6079999804496765,0.298770010471344,0.24918000400066376,1.1990100145339966,5.0,0.0,0.9557139873504639,0.9368159770965576,19.10689926147461,0.3043000102043152,29.2526903,-18.1602669,9.11844,26.242399215698242,5.196900019655004e-05,0.03786420077085495,-0.1120619997382164,0.00010355999984312803,t17_f5_c3,,,,ZTF19abjgazt
2460307.6723958,2,2553172392715,19.749799728393555,/ztf/archive/sci/2023/1229/172396/ztf_20231229172396_000298_zr_c07_o_q4_scimrefdiffimg.fits.fz,Kulkarni,1,,,,2553,27,298,,,,,,,,,,,,,,,,,,,,,,,,,,,,,,,,,,,,26.26409912109375,2.7692600269801915e-05,0.03019160032272339,0.1003120020031929,4.1022300138138235e-05,t17_f5_c3,,,,ZTF19abjgazt
2460314.615625,1,2560115622715,19.896299362182617,/ztf/archive/sci/2024/0105/115625/ztf_20240105115625_000298_zg_c07_o_q4_scimrefdiffimg.fits.fz,Kulkarni,1,2.560115622715015e+18,1,3.0,2560,27,298,2198.719970703125,676.364013671875,29.2527329,-18.1601996,19.20789909362793,0.15668900310993195,1.379699945449829,19.402700424194336,0.186599999666214,0.27886900305747986,19.31800079345703,0.04500000178813934,2.510999917984009,0.15299999713897705,0.5141929984092712,0.1947840005159378,3.5199999809265137,0.984000027179718,676.364013671875,0.49362999200820923,0.9530540108680725,0.9279999732971191,0.828000009059906,0.2636359930038452,0.23522700369358063,1.12076997756958,4.0,0.0,0.9314290285110474,0.9699119925498962,19.362899780273438,0.22990000247955322,29.2526903,-18.1602669,14.3768,26.222900390625,3.9145499613368884e-05,0.034429099410772324,-0.08638279885053635,6.956810102565214e-05,t17_f5_c3,,,,ZTF19abjgazt
2460314.615625,1,2560115622715,19.896299362182617,/ztf/archive/sci/2024/0105/115625/ztf_20240105115625_000298_zg_c07_o_q4_scimrefdiffimg.fits.fz,Kulkarni,1,2.560115622715015e+18,t,3.0,2560,27,298,2198.719970703125,676.364013671875,29.2527329,-18.1601996,19.20789909362793,0.15668900310993195,1.379699945449829,19.402700424194336,0.186599999666214,0.27886900305747986,19.31800079345703,0.04500000178813934,2.510999917984009,0.15299999713897705,0.5141929984092712,0.1947840005159378,3.5199999809265137,0.984000027179718,676.364013671875,0.49362999200820923,0.9530540108680725,0.9279999732971191,0.828000009059906,0.2636359930038452,0.23522700369358063,1.12076997756958,4.0,0.0,0.9314290285110474,0.9699119925498962,19.362899780273438,0.22990000247955322,29.2526903,-18.1602669,14.3768,26.222900390625,3.9145499613368884e-05,0.034429099410772324,-0.08638279885053635,6.956810102565214e-05,t17_f5_c3,,,,ZTF19abjgazt
2460314.6288542,2,2560128852715,19.596099853515625,/ztf/archive/sci/2024/0105/128843/ztf_20240105128843_000298_zr_c07_o_q4_scimrefdiffimg.fits.fz,Kulkarni,1,2.560128852715015e+18,t,2.0,2560,27,298,2200.52001953125,676.1589965820312,29.2527271,-18.160252,19.338300704956055,0.15692399442195892,0.933210015296936,19.28380012512207,0.19750000536441803,0.11769499629735947,18.631999969482422,0.03999999910593033,2.5199999809265137,0.1889999955892563,0.2017340064048767,-0.05454099923372269,4.159999847412109,0.8550000190734863,676.1589965820312,0.31232699751853943,0.9013130068778992,1.399999976158142,1.1679999828338623,0.3365379869937897,0.2807689905166626,1.1986299753189087,4.0,0.0,0.7185710072517395,0.9915609955787659,19.267799377441406,0.2483000010251999,29.2527156,-18.1602833,8.57933,26.244300842285156,4.7880999773042277e-05,0.04042939841747284,0.12225300073623657,6.970189861021936e-05,t17_f5_c3,,,,ZTF19abjgazt
2460316.6281481,1,2562128142715,19.51289939880371,/ztf/archive/sci/2024/0107/128148/ztf_20240107128148_000298_zg_c07_o_q4_scimrefdiffimg.fits.fz,Kulkarni,1,2.562128142715015e+18,t,2.0,2562,27,298,2198.52001953125,670.2620239257812,29.2526391,-18.1602776,19.091800689697266,0.17305099964141846,1.1974899768829346,18.91900062561035,0.1768999993801117,0.17723700404167175,19.31800079345703,0.04500000178813934,2.510999917984009,0.15299999713897705,0.28042900562286377,-0.17280100286006927,3.950000047683716,0.9610000252723694,670.2620239257812,0.5939069986343384,0.81426602602005,1.1009999513626099,0.9570000171661377,0.2787339985370636,0.24227799475193024,1.1504700183868408,2.0,0.0,0.9114289879798889,1.0,18.893199920654297,0.2207999974489212,29.2526903,-18.1602669,11.0804,25.87779998779297,5.513699943549e-05,0.038707099854946136,-0.0675927996635437,0.00011124800221296027,t17_f5_c3,,,,ZTF19abjgazt
2460323.61625,2,2569116242715,18.400299072265625,/ztf/archive/sci/2024/0114/116088/ztf_20240114116088_000298_zr_c07_o_q4_scimrefdiffimg.fits.fz,Kulkarni,1,,,,2569,27,298,,,,,,,,,,,,,,,,,,,,,,,,,,,,,,,,,,,,25.221099853515625,9.391459752805531e-05,0.047525499016046524,0.11198800057172775,0.00015232799341902137,t17_f5_c3,,,,ZTF19abjgazt
2460323.7052199,1,2569205212715,18.64940071105957,/ztf/archive/sci/2024/0114/205208/ztf_20240114205208_000298_zg_c07_o_q4_scimrefdiffimg.fits.fz,Kulkarni,1,,,,2569,27,298,,,,,,,,,,,,,,,,,,,,,,,,,,,,,,,,,,,,25.68280029296875,0.0002431150060147047,0.0477369986474514,-0.08238600194454193,0.0006224379758350551,t17_f5_c3,,,,ZTF19abjgazt
2460325.6954861,1,2571195482715,19.460500717163086,/ztf/archive/sci/2024/0116/195475/ztf_20240116195475_000298_zg_c07_o_q4_scimrefdiffimg.fits.fz,Kulkarni,1,2.571195482715015e+18,t,0.0,2571,27,298,2178.659912109375,635.656005859375,29.252721,-18.1602307,19.027000427246094,0.13614800572395325,1.3372299671173096,18.994400024414062,0.1923000067472458,0.16507600247859955,19.31800079345703,0.04500000178813934,2.510999917984009,0.15299999713897705,0.10778500139713287,-0.03259500116109848,3.4100000858306885,0.9779999852180481,635.656005859375,0.46610599756240845,0.9721350073814392,1.0210000276565552,0.953000009059906,0.2994129955768585,0.2794719934463501,1.0713499784469604,2.0,0.0,0.942857027053833,0.9933339953422546,18.987199783325195,0.24449999630451202,29.2526903,-18.1602669,12.3929,26.094999313354492,6.260660302359611e-05,0.040142398327589035,-0.06383749842643738,0.0001313459943048656,t17_f5_c3,,,,ZTF19abjgazt
2460327.6456481,1,2573145642715,19.215599060058594,/ztf/archive/sci/2024/0118/145637/ztf_20240118145637_000298_zg_c07_o_q4_scimrefdiffimg.fits.fz,Kulkarni,1,2.573145642715015e+18,1,1.0,2573,27,298,2184.739990234375,644.656005859375,29.2528048,-18.1603931,19.215900421142578,0.22676700353622437,0.9470319747924805,18.999000549316406,0.18970000743865967,0.5923359990119934,19.31800079345703,0.04500000178813934,2.510999917984009,0.15299999713897705,0.5385710000991821,-0.21692100167274475,7.360000133514404,0.847000002861023,644.656005859375,0.2166370004415512,0.5733940005302429,1.6979999542236328,1.4479999542236328,0.23070700466632843,0.19673900306224823,1.1726499795913696,2.0,0.0,0.3385710120201111,1.0,18.898700714111328,0.2215999960899353,29.2526903,-18.1602669,8.2404,26.203899383544922,8.674369746586308e-05,0.03817629814147949,-0.06815750151872635,0.00020793300063814968,t17_f5_c3,,,,ZTF19abjgazt
2460327.6456481,1,2573145642715,19.215599060058594,/ztf/archive/sci/2024/0118/145637/ztf_20240118145637_000298_zg_c07_o_q4_scimrefdiffimg.fits.fz,Kulkarni,1,2.573145642715015e+18,t,1.0,2573,27,298,2184.739990234375,644.656005859375,29.2528048,-18.1603931,19.215900421142578,0.22676700353622437,0.9470319747924805,18.999000549316406,0.18970000743865967,0.5923359990119934,19.31800079345703,0.04500000178813934,2.510999917984009,0.15299999713897705,0.5385710000991821,-0.21692100167274475,7.360000133514404,0.847000002861023,644.656005859375,0.2166370004415512,0.5733940005302429,1.6979999542236328,1.4479999542236328,0.23070700466632843,0.19673900306224823,1.1726499795913696,2.0,0.0,0.3385710120201111,1.0,18.898700714111328,0.2215999960899353,29.2526903,-18.1602669,8.2404,26.203899383544922,8.674369746586308e-05,0.03817629814147949,-0.06815750151872635,0.00020793300063814968,t17_f5_c3,,,,ZTF19abjgazt
2460327.6489931,2,2573148992715,19.399099349975586,/ztf/archive/sci/2024/0118/148993/ztf_20240118148993_000298_zr_c07_o_q4_scimrefdiffimg.fits.fz,Kulkarni,1,2.573148992715015e+18,t,2.0,2573,27,298,2203.570068359375,647.7239990234375,29.2528056,-18.1604017,19.46540069580078,0.1916549950838089,0.8178359866142273,19.630300521850586,0.34630000591278076,0.5189880132675171,18.631999969482422,0.03999999910593033,2.5199999809265137,0.1889999955892563,-0.31991198658943176,0.16494899988174438,1.9199999570846558,0.6209999918937683,647.7239990234375,-0.2311840057373047,1.8202600479125977,1.4329999685287476,1.2710000276565552,0.7463539838790894,0.6619790196418762,1.12746000289917,2.0,0.0,0.63857102394104,1.0,19.685199737548828,0.46639999747276306,29.2527156,-18.1602833,7.31178,26.22640037536621,4.40125004388392e-05,0.03869879990816116,0.11632300168275833,6.42927989247255e-05,t17_f5_c3,,,,ZTF19abjgazt
2460162.9453356,2,2408445332715,19.85770034790039,/ztf/archive/sci/2023/0806/445231/ztf_20230806445231_000298_zr_c07_o_q4_scimrefdiffimg.fits.fz,Kulkarni,1,2.408445332715015e+18,1,0.0,2408,27,298,2325.0400390625,595.3510131835938,29.2527189,-18.1602838,19.218599319458008,0.1181119978427887,1.8296200037002563,19.443700790405273,0.289000004529953,0.011309999972581863,18.631999969482422,0.03999999910593033,2.5199999809265137,0.1889999955892563,-0.755046010017395,0.22512799501419067,3.059999942779541,0.9990000128746033,595.3510131835938,0.41401201486587524,0.7553880214691162,0.6449999809265137,0.5509999990463257,0.21078400313854218,0.18006500601768494,1.1706000566482544,2.0,0.0,0.947143018245697,1.0,19.353099822998047,0.34060001373291016,29.2527156,-18.1602833,8.75937,26.255599975585938,3.431100049056113e-05,0.033795200288295746,0.12236899882555008,4.929880014969967e-05,t17_f5_c3,,,,ZTF19abjgazt
2460201.9620139,1,2447462012715,20.384700775146484,/ztf/archive/sci/2023/0914/462002/ztf_20230914462002_000298_zg_c07_o_q4_scimrefdiffimg.fits.fz,Kulkarni,1,2.447462012715025e+18,t,3.0,2447,27,298,2294.64990234375,630.8989868164062,29.2526767,-18.1602892,19.276399612426758,0.11317600309848785,1.289180040359497,19.18090057373047,0.10840000212192535,0.09131500124931335,19.31800079345703,0.04500000178813934,2.510999917984009,0.15299999713897705,0.4255009889602661,-0.0955210030078888,3.0999999046325684,0.9580000042915344,630.8989868164062,1.2037800550460815,0.9948490262031555,1.062999963760376,1.031999945640564,0.3429029881954193,0.3329029977321625,1.0300400257110596,1.0,0.0,0.9342859983444214,1.0,19.04159927368164,0.120899997651577,29.2526903,-18.1602669,17.6628,26.190399169921875,4.259739944245666e-05,0.037183698266744614,-0.1023939996957779,6.408849731087685e-05,t17_f5_c3,,,,ZTF19abjgazt
2460185.8563889,2,2431356382715,19.455900192260742,/ztf/archive/sci/2023/0829/356377/ztf_20230829356377_000298_zr_c07_o_q4_scimrefdiffimg.fits.fz,Kulkarni,1,2.431356382715015e+18,1,0.0,2431,27,298,2306.1298828125,574.4879760742188,29.2526718,-18.1602765,19.521499633789062,0.17436200380325317,1.0702400207519531,19.423799514770508,0.3625999987125397,0.1498280018568039,18.631999969482422,0.03999999910593033,2.5199999809265137,0.1889999955892563,-0.7570379972457886,-0.09768400341272354,1.3021999597549438,0.9779999852180481,574.4879760742188,0.03215000033378601,2.0,0.656000018119812,0.6309999823570251,0.5037620067596436,0.48456400632858276,1.039620041847229,9.0,0.0,0.9414290189743042,0.9228820204734802,19.482099533081055,0.4909000098705292,29.2527156,-18.1602833,6.35269,26.210500717163086,4.194799839751795e-05,0.03715910017490387,0.12325800210237503,6.0153601225465536e-05,t17_f5_c3,,,,ZTF19abjgazt
2460521.9373611,2,2767437362715,19.547000885009766,/ztf/archive/sci/2024/0730/437350/ztf_20240730437350_000298_zr_c07_o_q4_scimrefdiffimg.fits.fz,Kulkarni,1,2.767437362715015e+18,1,1.0,2767,27,298,2243.02001953125,586.7269897460938,29.2526885,-18.1603011,18.954599380493164,0.11749999970197678,1.034540057182312,18.884000778198242,0.14980000257492065,0.11132899671792984,18.631999969482422,0.03999999910593033,2.5199999809265137,0.1889999955892563,-0.15884900093078613,-0.07059600204229355,3.9800000190734863,0.9760000109672546,586.7269897460938,0.6629909873008728,0.8996449708938599,1.2589999437332153,1.0789999961853027,0.31633201241493225,0.2711060047149658,1.1668200492858887,1.0,0.0,0.8757140040397644,1.0,18.872400283813477,0.1889999955892563,29.2527156,-18.1602833,11.5729,26.141599655151367,3.632319931057282e-05,0.034549400210380554,0.10728500038385391,5.266239895718172e-05,t17_f5_c3,,,,ZTF19abjgazt
2460521.9373611,2,2767437362715,19.547000885009766,/ztf/archive/sci/2024/0730/437350/ztf_20240730437350_000298_zr_c07_o_q4_scimrefdiffimg.fits.fz,Kulkarni,1,2.767437362715015e+18,t,1.0,2767,27,298,2243.02001953125,586.7269897460938,29.2526885,-18.1603011,18.954599380493164,0.11749999970197678,1.034540057182312,18.884000778198242,0.14980000257492065,0.11132899671792984,18.631999969482422,0.03999999910593033,2.5199999809265137,0.1889999955892563,-0.15884900093078613,-0.07059600204229355,3.9800000190734863,0.9760000109672546,586.7269897460938,0.6629909873008728,0.8996449708938599,1.2589999437332153,1.0789999961853027,0.31633201241493225,0.2711060047149658,1.1668200492858887,1.0,0.0,0.8757140040397644,1.0,18.872400283813477,0.1889999955892563,29.2527156,-18.1602833,11.5729,26.141599655151367,3.632319931057282e-05,0.034549400210380554,0.10728500038385391,5.266239895718172e-05,t17_f5_c3,,,,ZTF19abjgazt
2460521.9784606,1,2767478462715,19.933399200439453,/ztf/archive/sci/2024/0730/478449/ztf_20240730478449_000298_zg_c07_o_q4_scimrefdiffimg.fits.fz,Kulkarni,1,2.767478462715015e+18,t,3.0,2767,27,298,2259.3798828125,599.208984375,29.2526738,-18.1602782,19.0403995513916,0.12055999785661697,1.2351100444793701,18.948299407958984,0.13740000128746033,0.06856100261211395,19.31800079345703,0.04500000178813934,2.510999917984009,0.15299999713897705,0.5787169933319092,-0.09206199645996094,2.430000066757202,0.9779999852180481,599.208984375,0.9851369857788086,1.1953699588775635,0.906000018119812,0.8690000176429749,0.3728399872779846,0.3576129972934723,1.042580008506775,1.0,0.0,0.9714289903640747,1.0,18.8710994720459,0.16339999437332153,29.2526903,-18.1602669,13.0225,26.093399047851562,4.085239925188944e-05,0.03664720058441162,-0.06761330366134644,6.73337999614887e-05,t17_f5_c3,,,,ZTF19abjgazt
2460525.9367708,2,2771436772715,20.21649932861328,/ztf/archive/sci/2024/0803/436771/ztf_20240803436771_000298_zr_c07_o_q4_scimrefdiffimg.fits.fz,Kulkarni,1,,,,2771,27,298,,,,,,,,,,,,,,,,,,,,,,,,,,,,,,,,,,,,26.099700927734375,2.2774400349589996e-05,0.027654699981212616,0.121288001537323,3.346219818922691e-05,t17_f5_c3,,,,ZTF19abjgazt
2460525.9596991,1,2771459692715,20.141300201416016,/ztf/archive/sci/2024/0803/459606/ztf_20240803459606_000298_zg_c07_o_q4_scimrefdiffimg.fits.fz,Kulkarni,1,2.771459692715015e+18,t,4.0,2771,27,298,2249.2900390625,625.9829711914062,29.2526948,-18.1603206,19.0669002532959,0.12259099632501602,1.3440699577331543,18.842300415039062,0.1136000007390976,0.1914220005273819,19.31800079345703,0.04500000178813934,2.510999917984009,0.15299999713897705,1.0507400035858154,-0.22464799880981445,1.909999966621399,0.9819999933242798,625.9829711914062,1.2990000247955322,1.3899699449539185,0.8880000114440918,0.7620000243186951,0.4649209976196289,0.39895299077033997,1.1653499603271484,4.0,0.0,0.942857027053833,0.9652500152587891,18.733400344848633,0.13079999387264252,29.2526903,-18.1602669,14.6449,26.043899536132812,3.889069921569899e-05,0.035617899149656296,-0.05140319839119911,6.188669794937596e-05,t17_f5_c3,,,,ZTF19abjgazt
2460528.9248148,2,2774424812715,20.138200759887695,/ztf/archive/sci/2024/0806/424815/ztf_20240806424815_000298_zr_c07_o_q4_scimrefdiffimg.fits.fz,Kulkarni,1,,,,2774,27,298,,,,,,,,,,,,,,,,,,,,,,,,,,,,,,,,,,,,26.065200805664062,2.4640699848532677e-05,0.028332099318504333,0.11955799907445908,3.542700142133981e-05,t17_f5_c3,,,,ZTF19abjgazt
2460528.9573843,1,2774457382715,20.188600540161133,/ztf/archive/sci/2024/0806/457373/ztf_20240806457373_000298_zg_c07_o_q4_scimrefdiffimg.fits.fz,Kulkarni,1,2.774457382715015e+18,t,1.0,2774,27,298,2278.35009765625,583.343017578125,29.2526925,-18.1602922,19.109100341796875,0.13249599933624268,1.939810037612915,18.956499099731445,0.12319999933242798,0.09022899717092514,19.31800079345703,0.04500000178813934,2.510999917984009,0.15299999713897705,-0.04824100062251091,-0.1525679975748062,2.5299999713897705,0.9810000061988831,583.343017578125,1.2320599555969238,1.0284500122070312,0.878000020980835,0.7940000295639038,0.3470360040664673,0.313834011554718,1.1057900190353394,3.0,0.0,0.9557139873504639,0.9858409762382507,18.889999389648438,0.147599995136261,29.2526903,-18.1602669,15.353,26.01810073852539,2.891469921451062e-05,0.030880499631166458,-0.08443649858236313,4.2187701183138415e-05,t17_f5_c3,,,,ZTF19abjgazt
2460530.9135995,1,2776413592715,19.93549919128418,/ztf/archive/sci/2024/0808/413600/ztf_20240808413600_000298_zg_c07_o_q4_scimrefdiffimg.fits.fz,Kulkarni,1,2.776413592715015e+18,t,2.0,2776,27,298,2263.550048828125,574.9749755859375,29.2526674,-18.1603413,19.104799270629883,0.13453499972820282,1.8744499683380127,19.00510025024414,0.15080000460147858,0.2754859924316406,19.31800079345703,0.04500000178813934,2.510999917984009,0.15299999713897705,-0.26499998569488525,-0.09968599677085876,2.5399999618530273,0.9750000238418579,574.9749755859375,0.9303810000419617,1.099079966545105,0.9380000233650208,0.8320000171661377,0.3692910075187683,0.3275589942932129,1.1274000406265259,3.0,0.0,0.7928569912910461,0.9897279739379883,18.95560073852539,0.18379999697208405,29.2526903,-18.1602669,15.1308,25.857799530029297,7.873729919083416e-05,0.04970119893550873,-0.07758600264787674,0.00012900499859824777,t17_f5_c3,,,,ZTF19abjgazt
2460530.9422106,2,2776442212715,17.76129913330078,/ztf/archive/sci/2024/0808/442199/ztf_20240808442199_000298_zr_c07_o_q4_scimrefdiffimg.fits.fz,Kulkarni,1,2.776442212715015e+18,t,64.0,2776,27,298,2250.199951171875,592.39697265625,29.252818,-18.16028,17.573299407958984,0.1611350029706955,1.1389199495315552,16.960500717163086,0.1768999993801117,0.34606000781059265,18.631999969482422,0.03999999910593033,2.5199999809265137,0.1889999955892563,-2.404750108718872,-0.6127740144729614,3.700000047683716,0.9369999766349792,592.39697265625,0.8007839918136597,0.7149479985237122,1.190000057220459,1.0240000486373901,0.32162201404571533,0.27675700187683105,1.1621099710464478,3.0,0.0,0.5085710287094116,1.0,16.73069953918457,0.18359999358654022,29.2527156,-18.1602833,8.04178,23.96030044555664,0.04392699897289276,0.6674429774284363,0.04755749925971031,0.08356449753046036,t17_f5_c3,,,,ZTF19abjgazt
2460532.8966898,2,2778396682715,20.125699996948242,/ztf/archive/sci/2024/0810/396644/ztf_20240810396644_000298_zr_c07_o_q4_scimrefdiffimg.fits.fz,Kulkarni,1,,,,2778,27,298,,,,,,,,,,,,,,,,,,,,,,,,,,,,,,,,,,,,26.716400146484375,3.6926099710399285e-05,0.03506910055875778,0.1138949990272522,5.403770046541467e-05,t17_f5_c3,,,,ZTF19abjgazt
2460532.9383796,1,2778438372715,20.475500106811523,/ztf/archive/sci/2024/0810/438356/ztf_20240810438356_000298_zg_c07_o_q4_scimrefdiffimg.fits.fz,Kulkarni,1,2.778438372715015e+18,t,3.0,2778,27,298,2264.919921875,581.7780151367188,29.2526919,-18.160303,18.970199584960938,0.07944200187921524,2.111799955368042,19.059799194335938,0.09849999845027924,0.12850899994373322,19.31800079345703,0.04500000178813934,2.510999917984009,0.15299999713897705,0.9255599975585938,0.08955100178718567,2.3499999046325684,0.9829999804496765,581.7780151367188,1.4156800508499146,1.167549967765808,0.7440000176429749,0.7129999995231628,0.31659600138664246,0.3034040033817291,1.0434800386428833,1.0,0.0,0.9642860293388367,1.0,19.03459930419922,0.1225999966263771,29.2526903,-18.1602669,19.976,26.711200714111328,2.617069912957959e-05,0.029585100710392,-0.08786310255527496,3.852800000458956e-05,t17_f5_c3,,,,ZTF19abjgazt
2460533.8978125,2,2779397812715,20.48430061340332,/ztf/archive/sci/2024/0811/397801/ztf_20240811397801_000298_zr_c07_o_q4_scimrefdiffimg.fits.fz,Kulkarni,1,,,,2779,27,298,,,,,,,,,,,,,,,,,,,,,,,,,,,,,,,,,,,,26.83329963684082,2.4686700271558948e-05,0.02870750054717064,0.1138710007071495,3.559259857865982e-05,t17_f5_c3,,,,ZTF19abjgazt
2460533.9386921,1,2779438692715,20.59280014038086,/ztf/archive/sci/2024/0811/438692/ztf_20240811438692_000298_zg_c07_o_q4_scimrefdiffimg.fits.fz,Kulkarni,1,,,,2779,27,298,,,,,,,,,,,,,,,,,,,,,,,,,,,,,,,,,,,,26.738000869750977,2.1722800738643855e-05,0.02700899913907051,-0.09163329750299454,3.164770168950781e-05,t17_f5_c3,,,,ZTF19abjgazt
2460534.9379861,1,2780437982715,20.23710060119629,/ztf/archive/sci/2024/0812/437975/ztf_20240812437975_000298_zg_c07_o_q4_scimrefdiffimg.fits.fz,Kulkarni,1,2.780437982715015e+18,t,8.0,2780,27,298,2271.8701171875,596.093017578125,29.2526983,-18.1602761,18.982099533081055,0.08096200227737427,1.0189599990844727,18.91160011291504,0.08940000087022781,0.04244900122284889,19.31800079345703,0.04500000178813934,2.510999917984009,0.15299999713897705,0.9745230078697205,-0.0704599991440773,3.490000009536743,0.9810000061988831,596.093017578125,1.3255300521850586,0.9394220113754272,1.0169999599456787,0.9860000014305115,0.29140400886535645,0.28252100944519043,1.031440019607544,1.0,0.0,0.9300000071525574,1.0,18.95669937133789,0.11860000342130661,29.2526903,-18.1602669,18.0968,26.730100631713867,3.980570181738585e-05,0.036267101764678955,-0.06040029972791672,6.191860302351415e-05,t17_f5_c3,,,,ZTF19abjgazt
2460537.9038889,1,2783403882715,19.96380043029785,/ztf/archive/sci/2024/0815/403877/ztf_20240815403877_000298_zg_c07_o_q4_scimrefdiffimg.fits.fz,Kulkarni,1,2.783403882715015e+18,t,5.0,2783,27,298,2245.75,589.385986328125,29.2525851,-18.1602727,19.108800888061523,0.14212700724601746,1.3018699884414673,19.096099853515625,0.13590000569820404,0.35599198937416077,19.31800079345703,0.04500000178813934,2.510999917984009,0.15299999713897705,0.5241760015487671,-0.012706000357866287,4.380000114440918,0.8939999938011169,589.385986328125,0.8676850199699402,0.7511690258979797,1.062000036239624,1.0169999599456787,0.242466002702713,0.2321919947862625,1.0442500114440918,0.0,0.0,0.8828570246696472,1.0,19.086599349975586,0.17159999907016754,29.2526903,-18.1602669,15.9525,26.11479949951172,4.802400144399144e-05,0.03929419815540314,-0.06454720348119736,7.980850205058232e-05,t17_f5_c3,,,,ZTF19abjgazt
2460537.9231944,2,2783423192715,20.124900817871094,/ztf/archive/sci/2024/0815/423194/ztf_20240815423194_000298_zr_c07_o_q4_scimrefdiffimg.fits.fz,Kulkarni,1,,,,2783,27,298,,,,,,,,,,,,,,,,,,,,,,,,,,,,,,,,,,,,26.227100372314453,2.4054699679254554e-05,0.028152499347925186,0.11286400258541107,3.4632499591680244e-05,t17_f5_c3,,,,ZTF19abjgazt
2460539.8944213,2,2785394422715,19.670000076293945,/ztf/archive/sci/2024/0817/394410/ztf_20240817394410_000298_zr_c07_o_q4_scimrefdiffimg.fits.fz,Kulkarni,1,,,,2785,27,298,,,,,,,,,,,,,,,,,,,,,,,,,,,,,,,,,,,,26.127899169921875,3.647090125014074e-05,0.03460799902677536,0.1301800012588501,5.248299930826761e-05,t17_f5_c3,,,,ZTF19abjgazt
2460539.8993634,1,2785399362715,19.346599578857422,/ztf/archive/sci/2024/0817/399352/ztf_20240817399352_000298_zg_c07_o_q4_scimrefdiffimg.fits.fz,Kulkarni,1,2.785399362715015e+18,t,3.0,2785,27,298,2244.14990234375,587.166015625,29.2526369,-18.1602439,19.034700393676758,0.15143300592899323,0.91457200050354,18.842100143432617,0.21119999885559082,0.19809100031852722,19.31800079345703,0.04500000178813934,2.510999917984009,0.15299999713897705,-0.05316200107336044,-0.19255399703979492,2.380000114440918,0.9769999980926514,587.166015625,0.504489004611969,1.2177400588989258,0.9070000052452087,0.8159999847412109,0.38109201192855835,0.3428570032119751,1.1115200519561768,4.0,0.0,0.9628570079803467,0.9976840019226074,18.822900772094727,0.2662000060081482,29.2526903,-18.1602669,9.61424,26.05970001220703,5.935789886279963e-05,0.03915160149335861,-0.0627961978316307,0.0001223050057888031,t17_f5_c3,,,,ZTF19abjgazt
2460543.8773264,1,2789377322715,18.689300537109375,/ztf/archive/sci/2024/0821/377234/ztf_20240821377234_000298_zg_c07_o_q4_scimrefdiffimg.fits.fz,Kulkarni,1,2.789377322715015e+18,t,0.0,2789,27,298,2229.7900390625,553.6199951171875,29.252578,-18.1601904,18.858800888061523,0.20121300220489502,1.16103994846344,18.770099639892578,0.3808000087738037,0.4661009907722473,19.31800079345703,0.04500000178813934,2.510999917984009,0.15299999713897705,-1.5240700244903564,-0.0887100026011467,2.5299999713897705,0.9959999918937683,553.6199951171875,-0.08077800273895264,1.0835800170898438,0.9610000252723694,0.7680000066757202,0.37984201312065125,0.30355700850486755,1.2512999773025513,3.0,0.0,0.8671429753303528,0.9564170241355896,18.51460075378418,0.38670000433921814,29.2526903,-18.1602669,7.19695,26.01580047607422,8.161200094036758e-05,0.03534410148859024,-0.06801380217075348,0.00017923000268638134,t17_f5_c3,,,,ZTF19abjgazt
2460543.9392014,2,2789439202715,19.283700942993164,/ztf/archive/sci/2024/0821/439201/ztf_20240821439201_000298_zr_c07_o_q4_scimrefdiffimg.fits.fz,Kulkarni,1,,,,2789,27,298,,,,,,,,,,,,,,,,,,,,,,,,,,,,,,,,,,,,26.216999053955078,3.4758100809995085e-05,0.03351150080561638,0.10437999665737152,5.0255901442142203e-05,t17_f5_c3,,,,ZTF19abjgazt
2460545.898831,2,2791398832715,19.28730010986328,/ztf/archive/sci/2024/0823/398831/ztf_20240823398831_000298_zr_c07_o_q4_scimrefdiffimg.fits.fz,Kulkarni,1,2.791398832715015e+18,t,3.0,2791,27,298,2229.550048828125,599.6090087890625,29.2527091,-18.1603085,19.020000457763672,0.1624229997396469,1.1567699909210205,19.108299255371094,0.2639999985694885,0.09232400357723236,18.631999969482422,0.03999999910593033,2.5199999809265137,0.1889999955892563,-0.4443109929561615,0.08827900141477585,4.059999942779541,0.953000009059906,599.6090087890625,0.17904900014400482,0.772121012210846,0.9430000185966492,0.8650000095367432,0.23226599395275116,0.21305400133132935,1.0901700258255005,4.0,0.0,0.9257140159606934,1.0,19.308300018310547,0.4065000116825104,29.2527156,-18.1602833,9.57169,26.218000411987305,5.692700142390095e-05,0.042865801602602005,0.13649100065231323,8.248550147982314e-05,t17_f5_c3,,,,ZTF19abjgazt
2460548.8998264,2,2794399822715,20.0177001953125,/ztf/archive/sci/2024/0826/399826/ztf_20240826399826_000298_zr_c07_o_q4_scimrefdiffimg.fits.fz,Kulkarni,1,,,,2794,27,298,,,,,,,,,,,,,,,,,,,,,,,,,,,,,,,,,,,,26.179899215698242,2.3901300664874725e-05,0.028124000877141953,0.1316860020160675,3.492070027277805e-05,t17_f5_c3,,,,ZTF19abjgazt
2460548.9565046,1,2794456502715,19.761499404907227,/ztf/archive/sci/2024/0826/456505/ztf_20240826456505_000298_zg_c07_o_q4_scimrefdiffimg.fits.fz,Kulkarni,1,2.794456502715015e+18,t,0.0,2794,27,298,2216.530029296875,619.843017578125,29.2527776,-18.1602641,19.3218994140625,0.17640900611877441,1.4477900266647339,19.39259910583496,0.2393999993801117,0.2949419915676117,19.31800079345703,0.04500000178813934,2.510999917984009,0.15299999713897705,0.425478994846344,0.07067599892616272,3.5299999713897705,0.9710000157356262,619.843017578125,0.3689279854297638,0.8253369927406311,0.9409999847412109,0.8289999961853027,0.2665719985961914,0.23484399914741516,1.13510000705719,4.0,0.0,0.9528570175170898,0.9798009991645813,19.619199752807617,0.3774000108242035,29.2526903,-18.1602669,11.1554,26.16189956665039,3.994199869339354e-05,0.03548390045762062,-0.06808950006961823,7.147950236685574e-05,t17_f5_c3,,,,ZTF19abjgazt
2460550.917419,2,2796417412715,20.39430046081543,/ztf/archive/sci/2024/0828/417407/ztf_20240828417407_000298_zr_c07_o_q4_scimrefdiffimg.fits.fz,Kulkarni,1,,,,2796,27,298,,,,,,,,,,,,,,,,,,,,,,,,,,,,,,,,,,,,26.258499145507812,2.1126599676790647e-05,0.026336800307035446,0.11480800062417984,3.0660299671581015e-05,t17_f5_c3,,,,ZTF19abjgazt
2460550.980544,1,2796480542715,20.206199645996094,/ztf/archive/sci/2024/0828/480532/ztf_20240828480532_000298_zg_c07_o_q4_scimrefdiffimg.fits.fz,Kulkarni,1,2.796480542715015e+18,t,1.0,2796,27,298,2268.409912109375,612.6719970703125,29.2526358,-18.1602782,19.155399322509766,0.11463099718093872,1.5300300121307373,19.03569984436035,0.1143999993801117,0.18824699521064758,19.31800079345703,0.04500000178813934,2.510999917984009,0.15299999713897705,0.7720440030097961,-0.11972600221633911,3.450000047683716,0.9760000109672546,612.6719970703125,1.170490026473999,0.8612729907035828,1.0520000457763672,0.968999981880188,0.3049280047416687,0.2808699905872345,1.0856499671936035,1.0,0.0,0.9300000071525574,1.0,18.89459991455078,0.12790000438690186,29.2526903,-18.1602669,17.3863,26.223400115966797,3.87463005608879e-05,0.0360868014395237,-0.08918049931526184,5.987309850752354e-05,t17_f5_c3,,,,ZTF19abjgazt
2460552.8782639,2,2798378262715,20.39109992980957,/ztf/archive/sci/2024/0830/378252/ztf_20240830378252_000298_zr_c07_o_q4_scimrefdiffimg.fits.fz,Kulkarni,1,,,,2798,27,298,,,,,,,,,,,,,,,,,,,,,,,,,,,,,,,,,,,,26.2106990814209,3.531679976731539e-05,0.03437750041484833,0.1109590008854866,5.152860103407875e-05,t17_f5_c3,,,,ZTF19abjgazt
2460552.9381597,1,2798438152715,20.370399475097656,/ztf/archive/sci/2024/0830/438102/ztf_20240830438102_000298_zg_c07_o_q4_scimrefdiffimg.fits.fz,Kulkarni,1,2.798438152715015e+18,t,2.0,2798,27,298,2246.679931640625,605.281982421875,29.252688,-18.1602301,19.097900390625,0.10201399773359299,1.944200038909912,18.99530029296875,0.10189999639987946,0.13111700117588043,19.31800079345703,0.04500000178813934,2.510999917984009,0.15299999713897705,0.5085669755935669,-0.102572001516819,2.440000057220459,0.9810000061988831,605.281982421875,1.375100016593933,1.1394799947738647,0.8330000042915344,0.7429999709129333,0.34139299392700195,0.3045080006122589,1.1211299896240234,1.0,0.0,0.9585710167884827,1.0,19.010499954223633,0.13120000064373016,29.2526903,-18.1602669,18.9169,26.21190071105957,6.184240191942081e-05,0.04527730122208595,-0.11829199641942978,9.044769831234589e-05,t17_f5_c3,,,,ZTF19abjgazt
2460555.9219907,2,2801421992715,20.219499588012695,/ztf/archive/sci/2024/0902/421979/ztf_20240902421979_000298_zr_c07_o_q4_scimrefdiffimg.fits.fz,Kulkarni,1,,,,2801,27,298,,,,,,,,,,,,,,,,,,,,,,,,,,,,,,,,,,,,26.205799102783203,3.330930121592246e-05,0.03304240107536316,0.116287000477314,4.784039992955513e-05,t17_f5_c3,,,,ZTF19abjgazt
2460555.9626157,1,2801462612715,20.24489974975586,/ztf/archive/sci/2024/0902/462616/ztf_20240902462616_000298_zg_c07_o_q4_scimrefdiffimg.fits.fz,Kulkarni,1,2.801462612715015e+18,t,2.0,2801,27,298,2259.1201171875,603.9030151367188,29.2526975,-18.1602445,19.028799057006836,0.10999699681997299,1.1097999811172485,18.782100677490234,0.10040000081062317,0.08309700340032578,19.31800079345703,0.04500000178813934,2.510999917984009,0.15299999713897705,-0.13502900302410126,-0.24669599533081055,2.25,0.9819999933242798,603.9030151367188,1.4628100395202637,1.148859977722168,0.8809999823570251,0.7789999842643738,0.3915559947490692,0.34622201323509216,1.1309399604797363,2.0,0.0,0.9528570175170898,1.0,18.669200897216797,0.1151999980211258,29.2526903,-18.1602669,12.4615,26.159799575805664,2.872299955924973e-05,0.030992800369858742,-0.07052090018987656,4.243720104568638e-05,t17_f5_c3,,,,ZTF19abjgazt
2460557.8969676,1,2803396962715,20.13360023498535,/ztf/archive/sci/2024/0904/396968/ztf_20240904396968_000298_zg_c07_o_q4_scimrefdiffimg.fits.fz,Kulkarni,1,2.803396962715015e+18,t,3.0,2803,27,298,2247.840087890625,596.4879760742188,29.2526631,-18.1603014,18.915599822998047,0.1154090017080307,2.6706700325012207,18.807899475097656,0.10279999673366547,0.15302200615406036,19.31800079345703,0.04500000178813934,2.510999917984009,0.15299999713897705,0.08339200168848038,-0.10770799964666367,2.2799999713897705,0.9810000061988831,596.4879760742188,1.325719952583313,1.257699966430664,0.8149999976158142,0.7979999780654907,0.3574559986591339,0.3499999940395355,1.021299958229065,2.0,0.0,0.9714289903640747,1.0,18.833499908447266,0.13369999825954437,29.2526903,-18.1602669,21.6014,26.129600524902344,3.748989911400713e-05,0.03492959961295128,-0.11788199841976166,5.635420166072436e-05,t17_f5_c3,,,,ZTF19abjgazt
2460559.8631597,1,2805363152715,20.042999267578125,/ztf/archive/sci/2024/0906/363160/ztf_20240906363160_000298_zg_c07_o_q4_scimrefdiffimg.fits.fz,Kulkarni,1,2.805363152715015e+18,t,2.0,2805,27,298,2265.699951171875,568.3989868164062,29.2526952,-18.160283,18.99180030822754,0.12592700123786926,1.7730499505996704,18.974000930786133,0.13289999961853027,0.059415001422166824,19.31800079345703,0.04500000178813934,2.510999917984009,0.15299999713897705,0.1888899952173233,-0.017757000401616096,2.869999885559082,0.9769999980926514,568.3989868164062,1.0689599514007568,0.975068986415863,0.9290000200271606,0.8389999866485596,0.32369300723075867,0.2923339903354645,1.1072700023651123,1.0,0.0,0.9642860293388367,1.0,18.993000030517578,0.17219999432563782,29.2526903,-18.1602669,16.9642,25.971799850463867,6.079960076021962e-05,0.04463909938931465,-0.052010901272296906,9.76072988123633e-05,t17_f5_c3,,,,ZTF19abjgazt
2460559.8971065,2,2805397102715,20.19770050048828,/ztf/archive/sci/2024/0906/397095/ztf_20240906397095_000298_zr_c07_o_q4_scimrefdiffimg.fits.fz,Kulkarni,1,,,,2805,27,298,,,,,,,,,,,,,,,,,,,,,,,,,,,,,,,,,,,,26.137800216674805,2.325149944226723e-05,0.027844099327921867,0.1262889951467514,3.3489701309008524e-05,t17_f5_c3,,,,ZTF19abjgazt
2460562.8973843,2,2808397382715,20.076799392700195,/ztf/archive/sci/2024/0909/397373/ztf_20240909397373_000298_zr_c07_o_q4_scimrefdiffimg.fits.fz,Kulkarni,1,,,,2808,27,298,,,,,,,,,,,,,,,,,,,,,,,,,,,,,,,,,,,,26.070199966430664,2.2896600057720207e-05,0.027480900287628174,0.11637900024652481,3.325110083096661e-05,t17_f5_c3,,,,ZTF19abjgazt
2460562.9401852,1,2808440182715,19.965099334716797,/ztf/archive/sci/2024/0909/440185/ztf_20240909440185_000298_zg_c07_o_q4_scimrefdiffimg.fits.fz,Kulkarni,1,2.808440182715015e+18,t,4.0,2808,27,298,2268.110107421875,604.427001953125,29.252729,-18.1602919,19.07270050048828,0.1338140070438385,1.695289969444275,19.02120018005371,0.1551000028848648,0.15794099867343903,19.31800079345703,0.04500000178813934,2.510999917984009,0.15299999713897705,0.31898200511932373,-0.05148699879646301,2.440000057220459,0.9760000109672546,604.427001953125,0.9438930153846741,1.0967899560928345,0.8009999990463257,0.7269999980926514,0.3282789885997772,0.29795101284980774,1.101789951324463,4.0,0.0,0.9714289903640747,0.9756320118904114,18.957599639892578,0.1868000030517578,29.2526903,-18.1602669,13.0518,25.885700225830078,3.316540096420795e-05,0.032981500029563904,-0.06779869645833969,5.219630111241713e-05,t17_f5_c3,,,,ZTF19abjgazt
2460565.8367245,1,2811336722715,20.148399353027344,/ztf/archive/sci/2024/0912/336725/ztf_20240912336725_000298_zg_c07_o_q4_scimrefdiffimg.fits.fz,Kulkarni,1,2.811336722715015e+18,t,3.0,2811,27,298,2240.3701171875,596.593017578125,29.2526748,-18.160253,18.959400177001953,0.1315709948539734,2.329169988632202,18.92020034790039,0.10570000112056732,0.07180800288915634,19.31800079345703,0.04500000178813934,2.510999917984009,0.15299999713897705,0.1980389952659607,-0.03915400058031082,2.6600000858306885,0.9819999933242798,596.593017578125,1.22816002368927,1.149359941482544,0.9139999747276306,0.8659999966621399,0.3436090052127838,0.3255639970302582,1.0554300546646118,2.0,0.0,0.9642860293388367,1.0,18.800899505615234,0.12049999833106995,29.2526903,-18.1602669,20.4119,26.132400512695312,4.6438599383691326e-05,0.038304999470710754,-0.09777919948101044,7.259719859575853e-05,t17_f5_c3,,,,ZTF19abjgazt
2460565.8559606,2,2811355962715,20.359699249267578,/ztf/archive/sci/2024/0912/355752/ztf_20240912355752_000298_zr_c07_o_q4_scimrefdiffimg.fits.fz,Kulkarni,1,,,,2811,27,298,,,,,,,,,,,,,,,,,,,,,,,,,,,,,,,,,,,,26.24679946899414,2.23814004129963e-05,0.02703619934618473,0.11448600143194199,3.226139961043373e-05,t17_f5_c3,,,,ZTF19abjgazt
2460568.8286458,1,2814328642715,19.412200927734375,/ztf/archive/sci/2024/0915/328634/ztf_20240915328634_000298_zg_c07_o_q4_scimrefdiffimg.fits.fz,Kulkarni,1,2.814328642715015e+18,t,2.0,2814,27,298,2241.360107421875,596.948974609375,29.2526793,-18.1602604,19.02560043334961,0.15976199507713318,1.2694200277328491,19.131099700927734,0.29019999504089355,0.04375400021672249,19.31800079345703,0.04500000178813934,2.510999917984009,0.15299999713897705,0.18798500299453735,0.10553800314664841,2.3299999237060547,0.9760000109672546,596.948974609375,0.2810629904270172,1.1104600429534912,0.722000002861023,0.6039999723434448,0.30987098813056946,0.2592270076274872,1.1953599452972412,6.0,0.0,0.9614289999008179,0.9647150039672852,19.331300735473633,0.4474000036716461,29.2526903,-18.1602669,10.3111,26.149599075317383,4.757690112455748e-05,0.03564869984984398,-0.048865899443626404,9.445910109207034e-05,t17_f5_c3,,,,ZTF19abjgazt
2460568.8765162,2,2814376512715,19.84119987487793,/ztf/archive/sci/2024/0915/376505/ztf_20240915376505_000298_zr_c07_o_q4_scimrefdiffimg.fits.fz,Kulkarni,1,,,,2814,27,298,,,,,,,,,,,,,,,,,,,,,,,,,,,,,,,,,,,,26.260299682617188,2.3885699192760512e-05,0.028254099190235138,0.11673600226640701,3.5364599170861766e-05,t17_f5_c3,,,,ZTF19abjgazt
2460571.8369213,1,2817336922715,18.66710090637207,/ztf/archive/sci/2024/0918/336921/ztf_20240918336921_000298_zg_c07_o_q4_scimrefdiffimg.fits.fz,Kulkarni,1,2.817336922715015e+18,1,1.0,2817,27,298,2223.2900390625,628.4630126953125,29.2527266,-18.1603024,19.012800216674805,0.22666999697685242,1.2535400390625,19.263999938964844,0.6104000210762024,0.17597100138664246,19.31800079345703,0.04500000178813934,2.510999917984009,0.15299999713897705,0.0745759978890419,0.2512030005455017,2.5299999713897705,0.8019999861717224,628.4630126953125,-0.5969039797782898,1.0872100591659546,0.6439999938011169,0.6060000061988831,0.2545450031757355,0.23952600359916687,1.0627100467681885,10.0,0.0,0.8514289855957031,0.7546690106391907,18.868600845336914,0.544700026512146,29.2526903,-18.1602669,6.60948,26.19879913330078,0.0001958070060936734,0.05265029892325401,-0.08253160119056702,0.00048058401443995535,t17_f5_c3,,,,ZTF19abjgazt
2460571.8369213,1,2817336922715,18.66710090637207,/ztf/archive/sci/2024/0918/336921/ztf_20240918336921_000298_zg_c07_o_q4_scimrefdiffimg.fits.fz,Kulkarni,1,2.817336922715015e+18,t,1.0,2817,27,298,2223.2900390625,628.4630126953125,29.2527266,-18.1603024,19.012800216674805,0.22666999697685242,1.2535400390625,19.263999938964844,0.6104000210762024,0.17597100138664246,19.31800079345703,0.04500000178813934,2.510999917984009,0.15299999713897705,0.0745759978890419,0.2512030005455017,2.5299999713897705,0.8019999861717224,628.4630126953125,-0.5969039797782898,1.0872100591659546,0.6439999938011169,0.6060000061988831,0.2545450031757355,0.23952600359916687,1.0627100467681885,10.0,0.0,0.8514289855957031,0.7546690106391907,18.868600845336914,0.544700026512146,29.2526903,-18.1602669,6.60948,26.19879913330078,0.0001958070060936734,0.05265029892325401,-0.08253160119056702,0.00048058401443995535,t17_f5_c3,,,,ZTF19abjgazt
2460571.9368171,2,2817436812715,19.085599899291992,/ztf/archive/sci/2024/0918/436817/ztf_20240918436817_000298_zr_c07_o_q4_scimrefdiffimg.fits.fz,Kulkarni,1,2.817436812715015e+18,t,0.0,2817,27,298,2234.7900390625,636.176025390625,29.2526747,-18.16023,19.085599899291992,0.1831279993057251,0.920943021774292,19.755399703979492,0.6891999840736389,0.23434600234031677,18.631999969482422,0.03999999910593033,2.5199999809265137,0.1889999955892563,0.35238999128341675,0.6697989702224731,2.3499999046325684,0.671999990940094,636.176025390625,-0.6697710156440735,1.1082600355148315,0.6129999756813049,0.5429999828338623,0.2608509957790375,0.23106400668621063,1.128909945487976,8.0,0.0,0.8628569841384888,0.9257270097732544,19.864299774169922,0.9796000123023987,29.2527156,-18.1602833,6.67243,26.27560043334961,4.567909854813479e-05,0.038601700216531754,0.10349699854850769,6.998259777901694e-05,t17_f5_c3,,,,ZTF19abjgazt
2460574.9437731,2,2820443772715,19.210100173950195,/ztf/archive/sci/2024/0921/443773/ztf_20240921443773_000298_zr_c07_o_q4_scimrefdiffimg.fits.fz,Kulkarni,1,2.820443772715015e+18,t,1.0,2820,27,298,2231.0400390625,649.9140014648438,29.2527012,-18.1602677,19.037799835205078,0.14992399513721466,1.4000200033187866,19.295700073242188,0.3416000008583069,0.07371699810028076,18.631999969482422,0.03999999910593033,2.5199999809265137,0.1889999955892563,-0.019197000190615654,0.25786399841308594,1.8600000143051147,0.9520000219345093,649.9140014648438,-0.08559799939393997,1.656980037689209,0.7749999761581421,0.7009999752044678,0.41666701436042786,0.37688198685646057,1.1055599451065063,10.0,0.0,0.8999999761581421,0.8868610262870789,19.437299728393555,0.499099999666214,29.2527156,-18.1602833,8.20685,26.214799880981445,4.241790156811476e-05,0.0373493991792202,0.11482600122690201,6.234509783098474e-05,t17_f5_c3,,,,ZTF19abjgazt
2460575.8579051,2,2821357902715,19.845199584960938,/ztf/archive/sci/2024/0922/357894/ztf_20240922357894_000298_zr_c07_o_q4_scimrefdiffimg.fits.fz,Kulkarni,1,,,,2821,27,298,,,,,,,,,,,,,,,,,,,,,,,,,,,,,,,,,,,,26.22960090637207,3.461500091361813e-05,0.03376590088009834,0.1116190031170845,5.091179991723038e-05,t17_f5_c3,,,,ZTF19abjgazt
2460575.9352894,1,2821435282715,19.327999114990234,/ztf/archive/sci/2024/0922/435278/ztf_20240922435278_000298_zg_c07_o_q4_scimrefdiffimg.fits.fz,Kulkarni,1,2.821435282715015e+18,t,3.0,2821,27,298,2235.0,623.4349975585938,29.2526915,-18.1603283,18.99810028076172,0.15403300523757935,1.0439399480819702,18.762500762939453,0.18569999933242798,0.21800999343395233,19.31800079345703,0.04500000178813934,2.510999917984009,0.15299999713897705,-0.23284800350666046,-0.235602006316185,4.059999942779541,0.996999979019165,623.4349975585938,0.5654799938201904,0.7686390280723572,1.1619999408721924,1.0069999694824219,0.286206990480423,0.24803000688552856,1.15392005443573,2.0,0.0,0.8685709834098816,1.0,18.860000610351562,0.2603999972343445,29.2526903,-18.1602669,10.0152,26.13909912109375,6.70652007102035e-05,0.04089979827404022,-0.03713740035891533,0.00014285900397226214,t17_f5_c3,,,,ZTF19abjgazt
2460576.8553819,1,2822355382715,19.65920066833496,/ztf/archive/sci/2024/0923/355382/ztf_20240923355382_000298_zg_c07_o_q4_scimrefdiffimg.fits.fz,Kulkarni,1,2.822355382715015e+18,t,1.0,2822,27,298,2223.050048828125,611.8489990234375,29.2527039,-18.1602512,19.049400329589844,0.12265799939632416,0.9938240051269531,18.922100067138672,0.19850000739097595,0.07240699976682663,19.31800079345703,0.04500000178813934,2.510999917984009,0.15299999713897705,0.6046789884567261,-0.127252995967865,2.440000057220459,0.9810000061988831,611.8489990234375,0.7370510101318359,1.0237499475479126,0.7670000195503235,0.6959999799728394,0.31434398889541626,0.28524601459503174,1.1020100116729736,4.0,0.0,0.9757140278816223,0.9813169836997986,18.739700317382812,0.2151000052690506,29.2526903,-18.1602669,10.4123,26.013399124145508,6.651959847658873e-05,0.04597270116209984,-0.01966089941561222,0.0001149340023403056,t17_f5_c3,,,,ZTF19abjgazt
2460576.9298495,2,2822429842715,20.01799964904785,/ztf/archive/sci/2024/0923/429838/ztf_20240923429838_000298_zr_c07_o_q4_scimrefdiffimg.fits.fz,Kulkarni,1,,,,2822,27,298,,,,,,,,,,,,,,,,,,,,,,,,,,,,,,,,,,,,26.209400177001953,2.2020500182406977e-05,0.02713030017912388,0.12268800288438797,3.209160058759153e-05,t17_f5_c3,,,,ZTF19abjgazt
2460577.9181366,2,2823418132715,20.017799377441406,/ztf/archive/sci/2024/0924/418137/ztf_20240924418137_000298_zr_c07_o_q4_scimrefdiffimg.fits.fz,Kulkarni,1,,,,2823,27,298,,,,,,,,,,,,,,,,,,,,,,,,,,,,,,,,,,,,26.225799560546875,2.566009970905725e-05,0.029160499572753906,0.11862099915742874,3.783469946938567e-05,t17_f5_c3,,,,ZTF19abjgazt
2460577.9337153,1,2823433712715,19.94070053100586,/ztf/archive/sci/2024/0924/433715/ztf_20240924433715_000298_zg_c07_o_q4_scimrefdiffimg.fits.fz,Kulkarni,1,2.823433712715015e+18,t,2.0,2823,27,298,2252.739990234375,613.468994140625,29.2527293,-18.1602779,19.065799713134766,0.11664900183677673,1.5378299951553345,18.97450065612793,0.1468999981880188,0.13727499544620514,19.31800079345703,0.04500000178813934,2.510999917984009,0.15299999713897705,0.252362996339798,-0.09127800166606903,2.6700000762939453,0.9760000109672546,613.468994140625,0.9662060141563416,1.031059980392456,0.8600000143051147,0.828000009059906,0.3220970034599304,0.31011199951171875,1.0386500358581543,5.0,0.0,0.9557139873504639,0.9290739893913269,18.888399124145508,0.17350000143051147,29.2526903,-18.1602669,16.055,26.17180061340332,4.420549885253422e-05,0.03751379996538162,-0.07059229910373688,7.279199780896306e-05,t17_f5_c3,,,,ZTF19abjgazt
2460579.8147106,1,2825314712715,20.00860023498535,/ztf/archive/sci/2024/0926/314688/ztf_20240926314688_000298_zg_c07_o_q4_scimrefdiffimg.fits.fz,Kulkarni,1,2.825314712715015e+18,t,8.0,2825,27,298,2237.530029296875,600.4929809570312,29.2526749,-18.1603078,19.111900329589844,0.1530590057373047,1.757789969444275,19.067100524902344,0.12549999356269836,0.15418200194835663,19.31800079345703,0.04500000178813934,2.510999917984009,0.15299999713897705,0.2606790065765381,-0.04479699954390526,3.950000047683716,0.8809999823570251,600.4929809570312,0.9415339827537537,0.8450040221214294,1.1690000295639038,1.0920000076293945,0.2959490120410919,0.27645599842071533,1.0705100297927856,1.0,0.0,0.8585709929466248,1.0,18.93709945678711,0.14180000126361847,29.2526903,-18.1602669,16.4348,26.12689971923828,4.261330104782246e-05,0.037126898765563965,-0.08737199753522873,7.07377985236235e-05,t17_f5_c3,,,,ZTF19abjgazt
2460579.9606713,2,2825460672715,20.064199447631836,/ztf/archive/sci/2024/0926/460671/ztf_20240926460671_000298_zr_c07_o_q4_scimrefdiffimg.fits.fz,Kulkarni,1,,,,2825,27,298,,,,,,,,,,,,,,,,,,,,,,,,,,,,,,,,,,,,26.202199935913086,6.339899846352637e-05,0.0457720011472702,0.13038399815559387,9.214469901053235e-05,t17_f5_c3,,,,ZTF19abjgazt
2460583.9203704,2,2829420372715,20.284000396728516,/ztf/archive/sci/2024/0930/420359/ztf_20240930420359_000298_zr_c07_o_q4_scimrefdiffimg.fits.fz,Kulkarni,1,,,,2829,27,298,,,,,,,,,,,,,,,,,,,,,,,,,,,,,,,,,,,,26.25550079345703,3.042840035050176e-05,0.03178820013999939,0.12801599502563477,4.4737400457961485e-05,t17_f5_c3,,,,ZTF19abjgazt
2460583.939456,1,2829439452715,20.16349983215332,/ztf/archive/sci/2024/0930/439456/ztf_20240930439456_000298_zg_c07_o_q4_scimrefdiffimg.fits.fz,Kulkarni,1,2.829439452715015e+18,t,2.0,2829,27,298,2219.5,637.5449829101562,29.2526935,-18.1603066,19.2052001953125,0.1400260031223297,2.319740056991577,19.13159942626953,0.13040000200271606,0.14143399894237518,19.31800079345703,0.04500000178813934,2.510999917984009,0.15299999713897705,0.7116619944572449,-0.07362599670886993,2.309999942779541,0.9789999723434448,637.5449829101562,1.031849980354309,1.2780100107192993,0.871999979019165,0.8190000057220459,0.37748900055885315,0.354544997215271,1.064710021018982,1.0,0.0,0.9599999785423279,1.0,19.119800567626953,0.16429999470710754,29.2526903,-18.1602669,17.4932,26.193199157714844,3.084170020883903e-05,0.03195200115442276,-0.08220379799604416,4.791549872606993e-05,t17_f5_c3,,,,ZTF19abjgazt
2460592.8504977,2,2838350492715,20.297300338745117,/ztf/archive/sci/2024/1009/350486/ztf_20241009350486_000298_zr_c07_o_q4_scimrefdiffimg.fits.fz,Kulkarni,1,,,,2838,27,298,,,,,,,,,,,,,,,,,,,,,,,,,,,,,,,,,,,,26.24530029296875,1.9498300389386714e-05,0.025360599160194397,0.11571899801492691,2.8325199309620075e-05,t17_f5_c3,,,,ZTF19abjgazt
2460565.8771181,3,2811377112715,19.58880043029785,/ztf/archive/sci/2024/0912/376921/ztf_20240912376921_000298_zi_c07_o_q4_scimrefdiffimg.fits.fz,Kulkarni,2,,,,2811,27,298,,,,,,,,,,,,,,,,,,,,,,,,,,,,,,,,,,,,25.718799591064453,7.6108399298391305e-06,0.024652600288391113,0.18541300296783447,2.906359986809548e-05,t17_f5_c3,,,,ZTF19abjgazt
2460568.8512731,2,2814351275015,19.80109977722168,/ztf/archive/sci/2024/0915/351273/ztf_20240915351273_001290_zr_c13_o_q3_scimrefdiffimg.fits.fz,Kulkarni,2,,,,2814,50,1290,,,,,,,,,,,,,,,,,,,,,,,,,,,,,,,,,,,,26.230199813842773,2.1369800379034132e-05,0.025157999247312546,0.10206399857997894,2.926299930550158e-05,t17_f5_c3,,,,ZTF19abjgazt
2460569.8771875,2,2815377185015,19.15999984741211,/ztf/archive/sci/2024/0916/377188/ztf_20240916377188_001290_zr_c13_o_q3_scimrefdiffimg.fits.fz,Kulkarni,2,,,,2815,50,1290,,,,,,,,,,,,,,,,,,,,,,,,,,,,,,,,,,,,26.226600646972656,4.8448699089931324e-05,0.037431299686431885,0.11417599767446518,6.686989945592359e-05,t17_f5_c3,,,,ZTF19abjgazt
2460571.8790625,3,2817379062715,18.955299377441406,/ztf/archive/sci/2024/0918/379062/ztf_20240918379062_000298_zi_c07_o_q4_scimrefdiffimg.fits.fz,Kulkarni,2,,,,2817,27,298,,,,,,,,,,,,,,,,,,,,,,,,,,,,,,,,,,,,25.74810028076172,8.676020115672145e-06,0.026335500180721283,0.18827800452709198,3.39106991305016e-05,t17_f5_c3,,,,ZTF19abjgazt
2460578.7748727,3,2824274872715,19.280000686645508,/ztf/archive/sci/2024/0925/274861/ztf_20240925274861_000298_zi_c07_o_q4_scimrefdiffimg.fits.fz,Kulkarni,2,,,,2824,27,298,,,,,,,,,,,,,,,,,,,,,,,,,,,,,,,,,,,,25.642900466918945,1.0906600437010638e-05,0.028907200321555138,0.19839900732040405,4.181219992460683e-05,t17_f5_c3,,,,ZTF19abjgazt
2460579.9326852,2,2825432685015,20.057199478149414,/ztf/archive/sci/2024/0926/432685/ztf_20240926432685_001290_zr_c13_o_q3_scimrefdiffimg.fits.fz,Kulkarni,2,,,,2825,50,1290,,,,,,,,,,,,,,,,,,,,,,,,,,,,,,,,,,,,26.206100463867188,1.8810600522556342e-05,0.023557500913739204,0.1113710030913353,2.6153700673603453e-05,t17_f5_c3,,,,ZTF19abjgazt
2460582.9195255,3,2828419522715,19.808799743652344,/ztf/archive/sci/2024/0929/419514/ztf_20240929419514_000298_zi_c07_o_q4_scimrefdiffimg.fits.fz,Kulkarni,2,,,,2828,27,298,,,,,,,,,,,,,,,,,,,,,,,,,,,,,,,,,,,,25.72879981994629,1.1246999747527298e-05,0.029671000316739082,0.19757899641990662,4.240360067342408e-05,t17_f5_c3,,,,ZTF19abjgazt
2460591.877338,3,2837377332715,19.76729965209961,/ztf/archive/sci/2024/1008/377326/ztf_20241008377326_000298_zi_c07_o_q4_scimrefdiffimg.fits.fz,Kulkarni,2,,,,2837,27,298,,,,,,,,,,,,,,,,,,,,,,,,,,,,,,,,,,,,25.671300888061523,7.4694598879432306e-06,0.02403399907052517,0.1892250031232834,2.953280090878252e-05,t17_f5_c3,,,,ZTF19abjgazt
2460592.8742593,1,2838374252715,20.20199966430664,/ztf/archive/sci/2024/1009/374259/ztf_20241009374259_000298_zg_c07_o_q4_scimrefdiffimg.fits.fz,Kulkarni,1,2.838374252715015e+18,t,6.0,2838,27,298,2255.8798828125,606.8800048828125,29.2526355,-18.1602835,19.203899383544922,0.09418799728155136,0.9551100134849548,19.10070037841797,0.12030000239610672,0.194240003824234,19.31800079345703,0.04500000178813934,2.510999917984009,0.15299999713897705,0.18015700578689575,-0.10321400314569473,2.859999895095825,0.9869999885559082,606.8800048828125,1.101330041885376,1.052970051765442,0.906000018119812,0.8429999947547913,0.31678301095962524,0.2947550117969513,1.0747300386428833,1.0,0.0,0.9628570079803467,1.0,19.00189971923828,0.1396999955177307,29.2526903,-18.1602669,16.3585,26.223899841308594,4.0150098357116804e-05,0.03595549985766411,-0.10725799947977066,6.222719821380451e-05,t17_f5_c3,,,,ZTF19abjgazt
2460594.8551852,3,2840355182715,19.560100555419922,/ztf/archive/sci/2024/1011/355081/ztf_20241011355081_000298_zi_c07_o_q4_scimrefdiffimg.fits.fz,Kulkarni,2,,,,2840,27,298,,,,,,,,,,,,,,,,,,,,,,,,,,,,,,,,,,,,25.733800888061523,7.1711201599100605e-06,0.0238777007907629,0.18915599584579468,2.7600899557000957e-05,t17_f5_c3,,,,ZTF19abjgazt
2460594.8775694,2,2840377562715,20.178800582885742,/ztf/archive/sci/2024/1011/377569/ztf_20241011377569_000298_zr_c07_o_q4_scimrefdiffimg.fits.fz,Kulkarni,1,,,,2840,27,298,,,,,,,,,,,,,,,,,,,,,,,,,,,,,,,,,,,,26.242399215698242,2.5777899281820282e-05,0.029264599084854126,0.12846699357032776,3.775129880523309e-05,t17_f5_c3,,,,ZTF19abjgazt
2460595.8059722,1,2841305972715,19.6294002532959,/ztf/archive/sci/2024/1012/305972/ztf_20241012305972_000298_zg_c07_o_q4_scimrefdiffimg.fits.fz,Kulkarni,2,2.841305972715015e+18,t,1.0,2841,27,298,2241.090087890625,589.7890014648438,29.2526914,-18.1603067,19.086299896240234,0.12897300720214844,1.001979947090149,19.00779914855957,0.1607999950647354,0.14158999919891357,19.31800079345703,0.04500000178813934,2.510999917984009,0.15299999713897705,0.08346500247716904,-0.07847999781370163,4.199999809265137,0.9789999723434448,589.7890014648438,0.6215829849243164,0.8204200267791748,1.187999963760376,1.1449999809265137,0.2828570008277893,0.27261900901794434,1.0375499725341797,2.0,0.0,0.8185709714889526,1.0,18.948299407958984,0.19470000267028809,29.2526903,-18.1602669,12.6312,26.2012996673584,4.796879875357263e-05,0.03635479882359505,-0.07849480211734772,9.096319990931079e-05,t17_f5_c3,,,,ZTF19abjgazt
2460595.8303704,3,2841330372715,19.698400497436523,/ztf/archive/sci/2024/1012/330370/ztf_20241012330370_000298_zi_c07_o_q4_scimrefdiffimg.fits.fz,Kulkarni,2,,,,2841,27,298,,,,,,,,,,,,,,,,,,,,,,,,,,,,,,,,,,,,25.7278995513916,8.828609679767396e-06,0.026137899607419968,0.18812599778175354,3.435349935898557e-05,t17_f5_c3,,,,ZTF19abjgazt
2460595.856794,2,2841356792715,20.40060043334961,/ztf/archive/sci/2024/1012/356794/ztf_20241012356794_000298_zr_c07_o_q4_scimrefdiffimg.fits.fz,Kulkarni,2,,,,2841,27,298,,,,,,,,,,,,,,,,,,,,,,,,,,,,,,,,,,,,26.24920082092285,2.0543600840028375e-05,0.026044299826025963,0.12326999753713608,2.9745100619038567e-05,t17_f5_c3,,,,ZTF19abjgazt
2460596.8920023,2,2842392002715,20.276199340820312,/ztf/archive/sci/2024/1013/391991/ztf_20241013391991_000298_zr_c07_o_q4_scimrefdiffimg.fits.fz,Kulkarni,2,,,,2842,27,298,,,,,,,,,,,,,,,,,,,,,,,,,,,,,,,,,,,,26.293699264526367,3.5574601497501135e-05,0.03408009931445122,0.1254200041294098,5.1731098210439086e-05,t17_f5_c3,,,,ZTF19abjgazt
2460596.8929398,2,2842392932715,20.213600158691406,/ztf/archive/sci/2024/1013/392940/ztf_20241013392940_000298_zr_c07_o_q4_scimrefdiffimg.fits.fz,Kulkarni,1,,,,2842,27,298,,,,,,,,,,,,,,,,,,,,,,,,,,,,,,,,,,,,26.279499053955078,2.471309926477261e-05,0.028679300099611282,0.13108600676059723,3.575149821699597e-05,t17_f5_c3,,,,ZTF19abjgazt
2460597.7736458,2,2843273642715,19.664600372314453,/ztf/archive/sci/2024/1014/273611/ztf_20241014273611_000298_zr_c07_o_q4_scimrefdiffimg.fits.fz,Kulkarni,2,,,,2843,27,298,,,,,,,,,,,,,,,,,,,,,,,,,,,,,,,,,,,,26.247100830078125,3.5627701436169446e-05,0.0346807986497879,0.11691399663686752,5.2461298764683306e-05,t17_f5_c3,,,,ZTF19abjgazt
2460597.7919907,2,2843291995015,19.731300354003906,/ztf/archive/sci/2024/1014/291991/ztf_20241014291991_001290_zr_c13_o_q3_scimrefdiffimg.fits.fz,Kulkarni,2,,,,2843,50,1290,,,,,,,,,,,,,,,,,,,,,,,,,,,,,,,,,,,,26.269399642944336,2.524330011510756e-05,0.027698399499058723,0.09605590254068375,3.515039861667901e-05,t17_f5_c3,,,,ZTF19abjgazt
2460598.7514815,1,2844251482715,19.00749969482422,/ztf/archive/sci/2024/1015/251412/ztf_20241015251412_000298_zg_c07_o_q4_scimrefdiffimg.fits.fz,Kulkarni,1,2.844251482715015e+18,t,0.0,2844,27,298,2232.550048828125,606.7360229492188,29.2526866,-18.1603464,19.087099075317383,0.21580499410629272,1.1771199703216553,18.909500122070312,0.3325999975204468,0.28272300958633423,19.31800079345703,0.04500000178813934,2.510999917984009,0.15299999713897705,-0.1697790026664734,-0.17760400474071503,2.430000066757202,0.9679999947547913,606.7360229492188,0.09801000356674194,1.0964399576187134,0.828000009059906,0.7350000143051147,0.34074100852012634,0.3024689853191376,1.1265300512313843,4.0,0.0,0.9342859983444214,1.0,18.52560043334961,0.29989999532699585,29.2526903,-18.1602669,7.86412,26.140100479125977,6.454600224969909e-05,0.036035798490047455,-0.0663881003856659,0.0001398190070176497,t17_f5_c3,,,,ZTF19abjgazt
2460598.8795139,2,2844379512715,19.396799087524414,/ztf/archive/sci/2024/1015/379514/ztf_20241015379514_000298_zr_c07_o_q4_scimrefdiffimg.fits.fz,Kulkarni,1,,,,2844,27,298,,,,,,,,,,,,,,,,,,,,,,,,,,,,,,,,,,,,26.241899490356445,3.4932400012621656e-05,0.0343456007540226,0.1326110064983368,5.146019975654781e-05,t17_f5_c3,,,,ZTF19abjgazt
2460600.7503241,2,2846250322715,18.59480094909668,/ztf/archive/sci/2024/1017/250312/ztf_20241017250312_000298_zr_c07_o_q4_scimrefdiffimg.fits.fz,Kulkarni,1,2.846250322715015e+18,1,1.0,2846,27,298,2238.800048828125,572.7869873046875,29.2525823,-18.1602542,18.964799880981445,0.20687900483608246,1.225790023803711,19.074600219726562,0.5472999811172485,0.4618079960346222,18.631999969482422,0.03999999910593033,2.5199999809265137,0.1889999955892563,0.042121000587940216,0.10982800275087357,1.3753199577331543,0.9760000109672546,572.7869873046875,-0.4797790050506592,2.0,0.7049999833106995,0.6660000085830688,0.5126069784164429,0.484250009059906,1.0585600137710571,9.0,0.0,0.8385710120201111,0.8144519925117493,18.989099502563477,0.6499000191688538,29.2527156,-18.1602833,5.86928,26.232799530029297,8.789740240899846e-05,0.046117499470710754,0.10661900043487549,0.00013306700566317886,t17_f5_c3,,,,ZTF19abjgazt
2460600.7503241,2,2846250322715,18.59480094909668,/ztf/archive/sci/2024/1017/250312/ztf_20241017250312_000298_zr_c07_o_q4_scimrefdiffimg.fits.fz,Kulkarni,1,2.846250322715015e+18,t,1.0,2846,27,298,2238.800048828125,572.7869873046875,29.2525823,-18.1602542,18.964799880981445,0.20687900483608246,1.225790023803711,19.074600219726562,0.5472999811172485,0.4618079960346222,18.631999969482422,0.03999999910593033,2.5199999809265137,0.1889999955892563,0.042121000587940216,0.10982800275087357,1.3753199577331543,0.9760000109672546,572.7869873046875,-0.4797790050506592,2.0,0.7049999833106995,0.6660000085830688,0.5126069784164429,0.484250009059906,1.0585600137710571,9.0,0.0,0.8385710120201111,0.8144519925117493,18.989099502563477,0.6499000191688538,29.2527156,-18.1602833,5.86928,26.232799530029297,8.789740240899846e-05,0.046117499470710754,0.10661900043487549,0.00013306700566317886,t17_f5_c3,,,,ZTF19abjgazt
2460600.8174421,1,2846317442715,18.5718994140625,/ztf/archive/sci/2024/1017/317442/ztf_20241017317442_000298_zg_c07_o_q4_scimrefdiffimg.fits.fz,Kulkarni,1,2.846317442715015e+18,t,1.0,2846,27,298,2231.969970703125,589.0,29.2526811,-18.1602243,18.763700485229492,0.15728400647640228,0.9156399965286255,18.99690055847168,0.5313000082969666,0.1543789952993393,19.31800079345703,0.04500000178813934,2.510999917984009,0.15299999713897705,-2.984489917755127,0.23315800726413727,1.5800000429153442,0.7950000166893005,589.0,-0.425042986869812,1.705680012702942,0.7210000157356262,0.675000011920929,0.45632898807525635,0.42721500992774963,1.0681500434875488,7.0,0.0,0.8457139730453491,0.9462770223617554,18.704099655151367,0.5216000080108643,29.2526903,-18.1602669,6.93097,26.248699188232422,0.0001195599979837425,0.0377097986638546,-0.07657310366630554,0.0002726840029936284,t17_f5_c3,,,,ZTF19abjgazt
2460603.7742477,1,2849274242715,19.252399444580078,/ztf/archive/sci/2024/1020/274248/ztf_20241020274248_000298_zg_c07_o_q4_scimrefdiffimg.fits.fz,Kulkarni,1,2.849274242715015e+18,t,3.0,2849,27,298,2212.929931640625,621.3380126953125,29.2528225,-18.160374,18.934600830078125,0.1561499983072281,0.816635012626648,18.680400848388672,0.19089999794960022,0.5865030288696289,19.31800079345703,0.04500000178813934,2.510999917984009,0.15299999713897705,-0.334307998418808,-0.25424399971961975,3.430000066757202,0.9800000190734863,621.3380126953125,0.5720419883728027,0.877377986907959,1.1030000448226929,0.9639999866485596,0.32157400250434875,0.2810499966144562,1.1441899538040161,4.0,0.0,0.8785709738731384,0.9780809879302979,18.588600158691406,0.22519999742507935,29.2526903,-18.1602669,10.1079,26.208599090576172,5.90308009122964e-05,0.03870579972863197,-0.06508670002222061,0.00012259000504855067,t17_f5_c3,,,,ZTF19abjgazt
2460603.8609954,2,2849360992715,19.53459930419922,/ztf/archive/sci/2024/1020/360833/ztf_20241020360833_000298_zr_c07_o_q4_scimrefdiffimg.fits.fz,Kulkarni,1,,,,2849,27,298,,,,,,,,,,,,,,,,,,,,,,,,,,,,,,,,,,,,26.24519920349121,3.1080700864549726e-05,0.03208509832620621,0.11475300043821335,4.5347300329012796e-05,t17_f5_c3,,,,ZTF19abjgazt
2460607.7991667,2,2853299162715,20.077600479125977,/ztf/archive/sci/2024/1024/299155/ztf_20241024299155_000298_zr_c07_o_q4_scimrefdiffimg.fits.fz,Kulkarni,1,,,,2853,27,298,,,,,,,,,,,,,,,,,,,,,,,,,,,,,,,,,,,,26.26420021057129,2.5153100068564527e-05,0.028875799849629402,0.13019800186157227,3.660329821286723e-05,t17_f5_c3,,,,ZTF19abjgazt
2460607.8141088,1,2853314102715,20.066999435424805,/ztf/archive/sci/2024/1024/314097/ztf_20241024314097_000298_zg_c07_o_q4_scimrefdiffimg.fits.fz,Kulkarni,1,2.853314102715015e+18,t,1.0,2853,27,298,2215.8798828125,623.5250244140625,29.2526565,-18.1602947,19.211999893188477,0.12571799755096436,1.8573999404907227,19.083599090576172,0.1526000052690506,0.1509220004081726,19.31800079345703,0.04500000178813934,2.510999917984009,0.15299999713897705,0.5378760099411011,-0.1284009963274002,2.4600000381469727,0.9810000061988831,623.5250244140625,0.983368992805481,1.061650037765503,0.8059999942779541,0.7799999713897705,0.3276419937610626,0.3170729875564575,1.033329963684082,1.0,0.0,0.9771429896354675,1.0,18.995899200439453,0.17990000545978546,29.2526903,-18.1602669,15.0456,26.224000930786133,4.0358798287343234e-05,0.036171700805425644,-0.06084020063281059,6.352629861794412e-05,t17_f5_c3,,,,ZTF19abjgazt
2460609.8054861,2,2855305482715,20.298099517822266,/ztf/archive/sci/2024/1026/305486/ztf_20241026305486_000298_zr_c07_o_q4_scimrefdiffimg.fits.fz,Kulkarni,1,,,,2855,27,298,,,,,,,,,,,,,,,,,,,,,,,,,,,,,,,,,,,,26.261999130249023,1.9573899407987483e-05,0.025153400376439095,0.11995700001716614,2.8322900107013993e-05,t17_f5_c3,,,,ZTF19abjgazt
2460609.8402894,1,2855340282715,20.322599411010742,/ztf/archive/sci/2024/1026/340278/ztf_20241026340278_000298_zg_c07_o_q4_scimrefdiffimg.fits.fz,Kulkarni,1,2.855340282715015e+18,t,1.0,2855,27,298,2247.60009765625,599.426025390625,29.2527024,-18.1602692,19.194299697875977,0.1374090015888214,3.635430097579956,19.31559944152832,0.15639999508857727,0.041443001478910446,19.31800079345703,0.04500000178813934,2.510999917984009,0.15299999713897705,0.4502809941768646,0.12134999781847,2.0,0.9860000014305115,599.426025390625,1.007040023803711,1.2540199756622314,0.675000011920929,0.6159999966621399,0.3375000059604645,0.30799999833106995,1.0957800149917603,3.0,0.0,0.9671429991722107,1.0,19.257200241088867,0.1889999955892563,29.2526903,-18.1602669,18.6998,26.2362003326416,3.37903002218809e-05,0.033536799252033234,-0.08737260103225708,4.960509977536276e-05,t17_f5_c3,,,,ZTF19abjgazt
2460611.8081829,1,2857308182715,17.732200622558594,/ztf/archive/sci/2024/1028/308171/ztf_20241028308171_000298_zg_c07_o_q4_scimrefdiffimg.fits.fz,Kulkarni,1,,,,2857,27,298,,,,,,,,,,,,,,,,,,,,,,,,,,,,,,,,,,,,24.206300735473633,0.0031576300971210003,0.13792599737644196,-0.031967900693416595,0.007960139773786068,t17_f5_c3,,,,ZTF19abjgazt
2460611.8151505,2,2857315152715,19.144500732421875,/ztf/archive/sci/2024/1028/315139/ztf_20241028315139_000298_zr_c07_o_q4_scimrefdiffimg.fits.fz,Kulkarni,1,2.857315152715015e+18,t,16.0,2857,27,298,2231.93994140625,628.875,29.2527116,-18.1602603,18.792699813842773,0.09476599842309952,0.962922990322113,18.770700454711914,0.26510000228881836,0.08309900015592575,18.631999969482422,0.03999999910593033,2.5199999809265137,0.1889999955892563,-2.715790033340454,-0.02204900048673153,1.7799999713897705,0.9589999914169312,628.875,0.3737640082836151,1.4631500244140625,0.7400000095367432,0.6129999756813049,0.41572999954223633,0.34438198804855347,1.2071800231933594,5.0,0.0,0.9042860269546509,0.9796509742736816,18.998300552368164,0.4189000129699707,29.2527156,-18.1602833,8.71329,25.762699127197266,0.0005193030228838325,0.13168899714946747,0.10249699652194977,0.0007685840246267617,t17_f5_c3,,,,ZTF19abjgazt
2460615.8748148,2,2861374812715,20.003000259399414,/ztf/archive/sci/2024/1101/374815/ztf_20241101374815_000298_zr_c07_o_q4_scimrefdiffimg.fits.fz,Kulkarni,1,,,,2861,27,298,,,,,,,,,,,,,,,,,,,,,,,,,,,,,,,,,,,,26.226600646972656,2.660040081536863e-05,0.030018800869584084,0.1250080019235611,3.875969923683442e-05,t17_f5_c3,,,,ZTF19abjgazt
2460615.8995833,1,2861399582715,19.758499145507812,/ztf/archive/sci/2024/1101/399583/ztf_20241101399583_000298_zg_c07_o_q4_scimrefdiffimg.fits.fz,Kulkarni,1,2.861399582715015e+18,t,3.0,2861,27,298,2187.7099609375,613.3909912109375,29.252747,-18.160227,19.28809928894043,0.14490899443626404,1.4900200366973877,19.26580047607422,0.21619999408721924,0.23803399503231049,19.31800079345703,0.04500000178813934,2.510999917984009,0.15299999713897705,0.6591929793357849,-0.02233799919486046,2.440000057220459,0.996999979019165,613.3909912109375,0.4926759898662567,1.1806299686431885,0.8659999966621399,0.8320000171661377,0.3549180030822754,0.3409839868545532,1.0408600568771362,3.0,0.0,0.9700000286102295,1.0,19.26110076904297,0.27549999952316284,29.2526903,-18.1602669,11.8463,26.094100952148438,3.7482299376279116e-05,0.034750599414110184,-0.06552360206842422,6.317670340649784e-05,t17_f5_c3,,,,ZTF19abjgazt
2460618.8184144,2,2864318412715,19.347299575805664,/ztf/archive/sci/2024/1104/318414/ztf_20241104318414_000298_zr_c07_o_q4_scimrefdiffimg.fits.fz,Kulkarni,1,,,,2864,27,298,,,,,,,,,,,,,,,,,,,,,,,,,,,,,,,,,,,,26.00480079650879,5.697959932149388e-05,0.04258250072598457,0.1188339963555336,8.289280231110752e-05,t17_f5_c3,,,,ZTF19abjgazt
2460618.8770023,1,2864377002715,19.240800857543945,/ztf/archive/sci/2024/1104/377002/ztf_20241104377002_000298_zg_c07_o_q4_scimrefdiffimg.fits.fz,Kulkarni,1,2.864377002715015e+18,t,0.0,2864,27,298,2202.639892578125,631.81298828125,29.2527489,-18.1603726,19.523000717163086,0.2770659923553467,0.8266370296478271,19.28529930114746,0.21649999916553497,0.4244759976863861,19.31800079345703,0.04500000178813934,2.510999917984009,0.15299999713897705,0.2869170010089874,-0.2376590073108673,5.690000057220459,0.527999997138977,631.81298828125,-0.04455000162124634,0.8281679749488831,1.8569999933242798,1.5789999961853027,0.3263620138168335,0.27750399708747864,1.1760599613189697,2.0,0.0,0.3700000047683716,1.0,19.318700790405273,0.2858999967575073,29.2526903,-18.1602669,6.88263,26.13800048828125,0.00013488699914887547,0.049156900495290756,-0.09555990248918533,0.0003105959913227707,t17_f5_c3,,,,ZTF19abjgazt
2460620.8173958,2,2866317392715,18.605899810791016,/ztf/archive/sci/2024/1106/317396/ztf_20241106317396_000298_zr_c07_o_q4_scimrefdiffimg.fits.fz,Kulkarni,1,,,,2866,27,298,,,,,,,,,,,,,,,,,,,,,,,,,,,,,,,,,,,,25.308900833129883,7.071110303513706e-05,0.047234199941158295,0.11811400204896927,0.00010981700324919075,t17_f5_c3,,,,ZTF19abjgazt
2460622.6738657,2,2868173862715,19.463199615478516,/ztf/archive/sci/2024/1108/173866/ztf_20241108173866_000298_zr_c07_o_q4_scimrefdiffimg.fits.fz,Kulkarni,1,2.868173862715015e+18,t,2.0,2868,27,298,2202.550048828125,617.7050170898438,29.2526939,-18.1603304,19.2101993560791,0.16908499598503113,1.0925500392913818,19.582799911499023,0.3140999972820282,0.18278999626636505,18.631999969482422,0.03999999910593033,2.5199999809265137,0.1889999955892563,-0.24956199526786804,0.372624009847641,4.090000152587891,0.8339999914169312,617.7050170898438,-0.11957400292158127,0.8509560227394104,1.0299999713897705,0.9490000009536743,0.2518340051174164,0.2320290058851242,1.0853500366210938,4.0,0.0,0.8785709738731384,0.9916759729385376,19.40920066833496,0.34290000796318054,29.2527156,-18.1602833,9.61138,26.211200714111328,4.1945801058318466e-05,0.0378446988761425,0.11968500167131424,6.120229954831302e-05,t17_f5_c3,,,,ZTF19abjgazt
2460623.6939236,1,2869193922715,19.763399124145508,/ztf/archive/sci/2024/1109/193912/ztf_20241109193912_000298_zg_c07_o_q4_scimrefdiffimg.fits.fz,Kulkarni,1,2.869193922715015e+18,t,1.0,2869,27,298,2204.77001953125,687.0189819335938,29.2526677,-18.1602333,19.14739990234375,0.13111799955368042,0.967477023601532,19.30900001525879,0.22550000250339508,0.14175300300121307,19.31800079345703,0.04500000178813934,2.510999917984009,0.15299999713897705,0.16443899273872375,0.1615619957447052,2.2300000190734863,0.9810000061988831,687.0189819335938,0.45438098907470703,1.28193998336792,0.7730000019073486,0.6959999799728394,0.3466370105743408,0.31210801005363464,1.1106300354003906,2.0,0.0,0.9700000286102295,1.0,19.140600204467773,0.24719999730587006,29.2526903,-18.1602669,11.8573,26.18939971923828,3.851320070680231e-05,0.03461809828877449,-0.08483149856328964,6.78213982610032e-05,t17_f5_c3,,,,ZTF19abjgazt
2460623.8166088,2,2869316602715,20.031400680541992,/ztf/archive/sci/2024/1109/316609/ztf_20241109316609_000298_zr_c07_o_q4_scimrefdiffimg.fits.fz,Kulkarni,1,,,,2869,27,298,,,,,,,,,,,,,,,,,,,,,,,,,,,,,,,,,,,,26.247699737548828,2.0918099835398607e-05,0.02640319988131523,0.11507400125265121,3.091260077781044e-05,t17_f5_c3,,,,ZTF19abjgazt
2460625.7797338,1,2871279732715,19.482099533081055,/ztf/archive/sci/2024/1111/279572/ztf_20241111279572_000298_zg_c07_o_q4_scimrefdiffimg.fits.fz,Kulkarni,1,2.871279732715015e+18,t,4.0,2871,27,298,2221.909912109375,624.864013671875,29.2527467,-18.1602941,19.12150001525879,0.13064099848270416,0.6446009874343872,19.13089942932129,0.25870001316070557,0.21356099843978882,19.31800079345703,0.04500000178813934,2.510999917984009,0.15299999713897705,-0.48447200655937195,0.00938900001347065,2.2799999713897705,0.9800000190734863,624.864013671875,0.35119500756263733,1.1942800283432007,0.7599999904632568,0.6949999928474426,0.33333298563957214,0.3048250079154968,1.0935300588607788,4.0,0.0,0.9700000286102295,0.9986370205879211,18.95669937133789,0.2827000021934509,29.2526903,-18.1602669,10.1652,26.1924991607666,4.502589945332147e-05,0.03496969863772392,-0.04208960011601448,8.832720050122589e-05,t17_f5_c3,,,,ZTF19abjgazt
2460625.8333912,2,2871333392715,19.80780029296875,/ztf/archive/sci/2024/1111/333380/ztf_20241111333380_000298_zr_c07_o_q4_scimrefdiffimg.fits.fz,Kulkarni,1,,,,2871,27,298,,,,,,,,,,,,,,,,,,,,,,,,,,,,,,,,,,,,26.24250030517578,3.046970050490927e-05,0.03188579902052879,0.11241800338029861,4.425779843586497e-05,t17_f5_c3,,,,ZTF19abjgazt
2460627.7091551,1,2873209152715,18.511499404907227,/ztf/archive/sci/2024/1113/209144/ztf_20241113209144_000298_zg_c07_o_q4_scimrefdiffimg.fits.fz,Kulkarni,1,,,,2873,27,298,,,,,,,,,,,,,,,,,,,,,,,,,,,,,,,,,,,,26.22450065612793,0.0003119200118817389,0.04691290110349655,-0.06711559742689133,0.0007909300038591027,t17_f5_c3,,,,ZTF19abjgazt
2460627.7508681,2,2873250862715,19.190000534057617,/ztf/archive/sci/2024/1113/250567/ztf_20241113250567_000298_zr_c07_o_q4_scimrefdiffimg.fits.fz,Kulkarni,1,2.873250862715015e+18,t,1.0,2873,27,298,2201.610107421875,640.3460083007812,29.2527177,-18.1603787,19.13920021057129,0.1773339956998825,0.9546849727630615,18.913400650024414,0.2637999951839447,0.33904701471328735,18.631999969482422,0.03999999910593033,2.5199999809265137,0.1889999955892563,0.4070200026035309,-0.2258249968290329,2.9100000858306885,0.859000027179718,640.3460083007812,0.2766290009021759,0.9831410050392151,1.0140000581741333,0.8650000095367432,0.34845399856567383,0.29725098609924316,1.1722500324249268,4.0,0.0,0.9442859888076782,1.0,19.034900665283203,0.3781999945640564,29.2527156,-18.1602833,7.73387,26.24720001220703,3.840760109596886e-05,0.036060601472854614,0.12378299981355667,5.573149974225089e-05,t17_f5_c3,,,,ZTF19abjgazt
2460628.7116782,1,2874211672715,19.025800704956055,/ztf/archive/sci/2024/1114/211667/ztf_20241114211667_000298_zg_c07_o_q4_scimrefdiffimg.fits.fz,Kulkarni,1,2.874211672715015e+18,t,1.0,2874,27,298,2200.77001953125,642.7659912109375,29.2527213,-18.160236,19.180099487304688,0.22091299295425415,0.8793590068817139,19.235200881958008,0.4375,0.15171000361442566,19.31800079345703,0.04500000178813934,2.510999917984009,0.15299999713897705,1.6828700304031372,0.05513999983668327,3.869999885559082,0.9829999804496765,642.7659912109375,-0.2093760073184967,0.6939499974250793,0.8650000095367432,0.8270000219345093,0.22351400554180145,0.2136950045824051,1.0459500551223755,3.0,0.0,0.8700000047683716,0.9711620211601257,19.049999237060547,0.47429999709129333,29.2526903,-18.1602669,7.16621,26.215099334716797,7.705949974479154e-05,0.040066201239824295,-0.05428620055317879,0.0001726769987726584,t17_f5_c3,,,,ZTF19abjgazt
2460632.7327662,2,2878232762715,19.506399154663086,/ztf/archive/sci/2024/1118/232766/ztf_20241118232766_000298_zr_c07_o_q4_scimrefdiffimg.fits.fz,Kulkarni,1,,,,2878,27,298,,,,,,,,,,,,,,,,,,,,,,,,,,,,,,,,,,,,26.254600524902344,3.5956101783085614e-05,0.034800298511981964,0.11985400319099426,5.322059951140545e-05,t17_f5_c3,,,,ZTF19abjgazt
2460632.8141782,1,2878314172715,19.172399520874023,/ztf/archive/sci/2024/1118/314167/ztf_20241118314167_000298_zg_c07_o_q4_scimrefdiffimg.fits.fz,Kulkarni,1,2.878314172715015e+18,t,3.0,2878,27,298,2193.97998046875,638.6740112304688,29.2527207,-18.1602842,19.259700775146484,0.20569899678230286,1.371690034866333,19.064199447631836,0.28049999475479126,0.11964300274848938,19.31800079345703,0.04500000178813934,2.510999917984009,0.15299999713897705,-0.20698699355125427,-0.19549499452114105,3.740000009536743,0.9449999928474426,638.6740112304688,0.10818400233983994,0.8387230038642883,1.2079999446868896,1.034000039100647,0.32299500703811646,0.27647098898887634,1.168280005455017,6.0,0.0,0.7871429920196533,0.9694839715957642,18.64739990234375,0.24539999663829803,29.2526903,-18.1602669,7.98378,26.202699661254883,8.478909876430407e-05,0.04386569932103157,-0.0976037010550499,0.00019131800218019634,t17_f5_c3,,,,ZTF19abjgazt
2460634.7512731,1,2880251272715,19.52869987487793,/ztf/archive/sci/2024/1120/251262/ztf_20241120251262_000298_zg_c07_o_q4_scimrefdiffimg.fits.fz,Kulkarni,1,2.880251272715015e+18,t,0.0,2880,27,298,2210.0400390625,638.8820190429688,29.2527307,-18.1602797,19.281400680541992,0.1567869931459427,1.0806100368499756,19.362600326538086,0.24719999730587006,0.14369399845600128,19.31800079345703,0.04500000178813934,2.510999917984009,0.15299999713897705,0.2979690134525299,0.08116500079631805,5.96999979019165,0.9639999866485596,638.8820190429688,0.16608600318431854,0.5682070255279541,1.062000036239624,0.8939999938011169,0.17788900434970856,0.1497489959001541,1.1879199743270874,3.0,0.0,0.7185710072517395,1.0,19.169200897216797,0.26510000228881836,29.2526903,-18.1602669,9.99618,26.23740005493164,6.265549745876342e-05,0.03986030071973801,-0.11033699661493301,0.00013040700287092477,t17_f5_c3,,,,ZTF19abjgazt
2460634.7737731,2,2880273772715,19.643299102783203,/ztf/archive/sci/2024/1120/273773/ztf_20241120273773_000298_zr_c07_o_q4_scimrefdiffimg.fits.fz,Kulkarni,1,,,,2880,27,298,,,,,,,,,,,,,,,,,,,,,,,,,,,,,,,,,,,,26.239200592041016,2.7103000320494175e-05,0.030424799770116806,0.12155800312757492,3.9601000025868416e-05,t17_f5_c3,,,,ZTF19abjgazt
2460635.7264236,1,2881226422715,19.400999069213867,/ztf/archive/sci/2024/1121/226424/ztf_20241121226424_000298_zg_c07_o_q4_scimrefdiffimg.fits.fz,Kulkarni,1,,,,2881,27,298,,,,,,,,,,,,,,,,,,,,,,,,,,,,,,,,,,,,25.499399185180664,6.616520113311708e-05,0.04133889824151993,-0.07333160191774368,0.00013945699902251363,t17_f5_c3,,,,ZTF19abjgazt
2460635.7535648,2,2881253562715,20.119600296020508,/ztf/archive/sci/2024/1121/253565/ztf_20241121253565_000298_zr_c07_o_q4_scimrefdiffimg.fits.fz,Kulkarni,1,,,,2881,27,298,,,,,,,,,,,,,,,,,,,,,,,,,,,,,,,,,,,,26.255599975585938,2.0105599105590954e-05,0.026055000722408295,0.11723700165748596,2.9540200557676144e-05,t17_f5_c3,,,,ZTF19abjgazt
2460637.7297222,1,2883229722715,19.959800720214844,/ztf/archive/sci/2024/1123/229664/ztf_20241123229664_000298_zg_c07_o_q4_scimrefdiffimg.fits.fz,Kulkarni,1,2.883229722715015e+18,t,1.0,2883,27,298,2202.050048828125,625.9520263671875,29.2526756,-18.1602507,19.302499771118164,0.113987997174263,0.9133080244064331,19.234699249267578,0.1574999988079071,0.07616599649190903,19.31800079345703,0.04500000178813934,2.510999917984009,0.15299999713897705,0.7211949825286865,-0.0677499994635582,3.7799999713897705,0.9610000252723694,625.9520263671875,0.7250800132751465,0.8514059782028198,1.0700000524520874,1.0199999809265137,0.28306901454925537,0.2698409855365753,1.0490200519561768,1.0,0.0,0.9328569769859314,1.0,19.251300811767578,0.20409999787807465,29.2526903,-18.1602669,12.0568,26.21339988708496,4.2045900045195594e-05,0.03657440096139908,-0.07157489657402039,7.452360296156257e-05,t17_f5_c3,,,,ZTF19abjgazt
2460637.7989931,2,2883298992715,19.879499435424805,/ztf/archive/sci/2024/1123/298982/ztf_20241123298982_000298_zr_c07_o_q4_scimrefdiffimg.fits.fz,Kulkarni,1,,,,2883,27,298,,,,,,,,,,,,,,,,,,,,,,,,,,,,,,,,,,,,26.23870086669922,2.216299981228076e-05,0.027356499806046486,0.12029600143432617,3.280380042269826e-05,t17_f5_c3,,,,ZTF19abjgazt
2460640.7483912,1,2886248392715,19.983400344848633,/ztf/archive/sci/2024/1126/248391/ztf_20241126248391_000298_zg_c07_o_q4_scimrefdiffimg.fits.fz,Kulkarni,1,2.886248392715015e+18,t,4.0,2886,27,298,2220.239990234375,629.0029907226562,29.2527458,-18.1602368,19.188400268554688,0.1078139990568161,0.99652498960495,19.34910011291504,0.17800000309944153,0.21582500636577606,19.31800079345703,0.04500000178813934,2.510999917984009,0.15299999713897705,0.6655330061912537,0.1606989949941635,2.9700000286102295,0.9800000190734863,629.0029907226562,0.6343299746513367,1.0404599905014038,0.8339999914169312,0.8040000200271606,0.2808080017566681,0.27070701122283936,1.037310004234314,2.0,0.0,0.951429009437561,1.0,19.15880012512207,0.19099999964237213,29.2526903,-18.1602669,12.9857,26.229400634765625,4.689550041803159e-05,0.03873319923877716,-0.09356140345335007,8.063459972618148e-05,t17_f5_c3,,,,ZTF19abjgazt
2460640.7573958,2,2886257392715,19.978500366210938,/ztf/archive/sci/2024/1126/257384/ztf_20241126257384_000298_zr_c07_o_q4_scimrefdiffimg.fits.fz,Kulkarni,1,,,,2886,27,298,,,,,,,,,,,,,,,,,,,,,,,,,,,,,,,,,,,,26.242300033569336,2.3959100872161798e-05,0.028393400833010674,0.11177399754524231,3.553409987944178e-05,t17_f5_c3,,,,ZTF19abjgazt
2460646.7257176,1,2892225712715,20.232500076293945,/ztf/archive/sci/2024/1202/225706/ztf_20241202225706_000298_zg_c07_o_q4_scimrefdiffimg.fits.fz,Kulkarni,1,2.892225712715015e+18,t,2.0,2892,27,298,2225.429931640625,621.4929809570312,29.2527229,-18.1603114,19.230300903320312,0.13051900267601013,4.0585198402404785,19.234800338745117,0.1535000056028366,0.1923609972000122,19.31800079345703,0.04500000178813934,2.510999917984009,0.15299999713897705,0.951653003692627,0.004517999943345785,2.2699999809265137,0.9850000143051147,621.4929809570312,0.9976649880409241,1.1344200372695923,0.7009999752044678,0.6909999847412109,0.3088110089302063,0.30440500378608704,1.0144699811935425,1.0,0.0,0.949999988079071,1.0,19.193099975585938,0.18860000371932983,29.2526903,-18.1602669,16.8178,26.230300903320312,3.978280074079521e-05,0.035988401621580124,-0.09119590371847153,5.9297999541740865e-05,t17_f5_c3,,,,ZTF19abjgazt
2460646.7329051,2,2892232902715,20.363399505615234,/ztf/archive/sci/2024/1202/232905/ztf_20241202232905_000298_zr_c07_o_q4_scimrefdiffimg.fits.fz,Kulkarni,1,,,,2892,27,298,,,,,,,,,,,,,,,,,,,,,,,,,,,,,,,,,,,,26.26300048828125,2.5834899133769795e-05,0.0294646006077528,0.11708100140094757,3.8139700336614624e-05,t17_f5_c3,,,,ZTF19abjgazt
2460648.7084144,1,2894208412715,20.287700653076172,/ztf/archive/sci/2024/1204/208403/ztf_20241204208403_000298_zg_c07_o_q4_scimrefdiffimg.fits.fz,Kulkarni,1,2.894208412715015e+18,t,3.0,2894,27,298,2224.110107421875,679.5050048828125,29.2526808,-18.1603008,19.104400634765625,0.10416000336408615,2.863879919052124,19.062000274658203,0.11379999667406082,0.12473700195550919,19.31800079345703,0.04500000178813934,2.510999917984009,0.15299999713897705,0.7245579957962036,-0.042367998510599136,2.2200000286102295,0.9810000061988831,679.5050048828125,1.2256699800491333,1.281730055809021,0.7599999904632568,0.7490000128746033,0.34234198927879333,0.33738699555397034,1.0146900415420532,2.0,0.0,0.9671429991722107,1.0,19.0531005859375,0.14350000023841858,29.2526903,-18.1602669,17.4672,26.21339988708496,3.264840051997453e-05,0.032834701240062714,-0.1187480017542839,4.9300098908133805e-05,t17_f5_c3,,,,ZTF19abjgazt
2460648.7318287,2,2894231822715,20.43939971923828,/ztf/archive/sci/2024/1204/231817/ztf_20241204231817_000298_zr_c07_o_q4_scimrefdiffimg.fits.fz,Kulkarni,1,,,,2894,27,298,,,,,,,,,,,,,,,,,,,,,,,,,,,,,,,,,,,,26.234500885009766,2.5287399694207124e-05,0.02900329977273941,0.11619400233030319,3.756540172616951e-05,t17_f5_c3,,,,ZTF19abjgazt
2460650.7315278,2,2896231522715,20.054100036621094,/ztf/archive/sci/2024/1206/231516/ztf_20241206231516_000298_zr_c07_o_q4_scimrefdiffimg.fits.fz,Kulkarni,1,,,,2896,27,298,,,,,,,,,,,,,,,,,,,,,,,,,,,,,,,,,,,,26.22960090637207,2.251109981443733e-05,0.027475299313664436,0.11729200184345245,3.370460035512224e-05,t17_f5_c3,,,,ZTF19abjgazt
2460651.6653935,2,2897165392715,19.923500061035156,/ztf/archive/sci/2024/1207/165382/ztf_20241207165382_000298_zr_c07_o_q4_scimrefdiffimg.fits.fz,Kulkarni,1,,,,2897,27,298,,,,,,,,,,,,,,,,,,,,,,,,,,,,,,,,,,,,26.23710060119629,2.9901799280196428e-05,0.03152579814195633,0.12531299889087677,4.421420089784078e-05,t17_f5_c3,,,,ZTF19abjgazt
2460653.6907523,1,2899190752715,19.50950050354004,/ztf/archive/sci/2024/1209/190741/ztf_20241209190741_000298_zg_c07_o_q4_scimrefdiffimg.fits.fz,Kulkarni,1,2.899190752715015e+18,t,0.0,2899,27,298,2221.0400390625,633.47900390625,29.2527213,-18.1602944,18.817699432373047,0.1305920034646988,1.3732399940490723,18.902999877929688,0.1687999963760376,0.14317600429058075,19.31800079345703,0.04500000178813934,2.510999917984009,0.15299999713897705,0.2937749922275543,0.08531499654054642,3.0399999618530273,0.9819999933242798,633.47900390625,0.6065009832382202,1.0898300409317017,0.9359999895095825,0.8740000128746033,0.3078950047492981,0.2874999940395355,1.0709400177001953,2.0,0.0,0.949999988079071,1.0,18.763599395751953,0.19030000269412994,29.2526903,-18.1602669,14.1738,26.234699249267578,6.212440348463133e-05,0.040261201560497284,-0.07550939917564392,0.0001329200022155419,t17_f5_c3,,,,ZTF19abjgazt
2460653.7179398,2,2899217932715,19.56559944152832,/ztf/archive/sci/2024/1209/217870/ztf_20241209217870_000298_zr_c07_o_q4_scimrefdiffimg.fits.fz,Kulkarni,1,,,,2899,27,298,,,,,,,,,,,,,,,,,,,,,,,,,,,,,,,,,,,,26.26219940185547,4.124530096305534e-05,0.03706140071153641,0.10545600205659866,6.152970308903605e-05,t17_f5_c3,,,,ZTF19abjgazt
2460655.6571991,1,2901157192715,18.092500686645508,/ztf/archive/sci/2024/1211/157188/ztf_20241211157188_000298_zg_c07_o_q4_scimrefdiffimg.fits.fz,Kulkarni,1,,,,2901,27,298,,,,,,,,,,,,,,,,,,,,,,,,,,,,,,,,,,,,25.747600555419922,0.0004448640102054924,0.05139699950814247,-0.05578619986772537,0.0011598500423133373,t17_f5_c3,,,,ZTF19abjgazt
2460655.7987963,2,2901298792715,16.378400802612305,/ztf/archive/sci/2024/1211/298646/ztf_20241211298646_000298_zr_c07_o_q4_scimrefdiffimg.fits.fz,Kulkarni,1,,,,2901,27,298,,,,,,,,,,,,,,,,,,,,,,,,,,,,,,,,,,,,24.716299057006836,0.01987770013511181,0.11882700026035309,0.1672389954328537,0.03827330097556114,t17_f5_c3,,,,ZTF19abjgazt
2460658.7091088,1,2904209102715,19.045299530029297,/ztf/archive/sci/2024/1214/208738/ztf_20241214208738_000298_zg_c07_o_q4_scimrefdiffimg.fits.fz,Kulkarni,1,2.904209102715015e+18,t,4.0,2904,27,298,2193.3701171875,688.7479858398438,29.2527275,-18.1602161,18.7185001373291,0.1380929946899414,0.9175599813461304,18.838600158691406,0.2842000126838684,0.2198989987373352,19.31800079345703,0.04500000178813934,2.510999917984009,0.15299999713897705,0.9126049876213074,0.12006500363349915,2.6700000762939453,0.9810000061988831,688.7479858398438,0.2066899985074997,1.057360053062439,0.7570000290870667,0.718999981880188,0.28352099657058716,0.26928800344467163,1.0528500080108643,1.0,0.0,0.9557139873504639,1.0,18.64699935913086,0.3059999942779541,29.2526903,-18.1602669,10.9278,26.21649932861328,7.600700337206945e-05,0.04051019996404648,-0.05415109917521477,0.00016999199579004198,t17_f5_c3,,,,ZTF19abjgazt
2460660.6904167,1,2906190412715,18.930099487304688,/ztf/archive/sci/2024/1216/190394/ztf_20241216190394_000298_zg_c07_o_q4_scimrefdiffimg.fits.fz,Kulkarni,1,,,,2906,27,298,,,,,,,,,,,,,,,,,,,,,,,,,,,,,,,,,,,,26.135400772094727,0.00010109999857377261,0.041936200112104416,-0.07996100187301636,0.0002499269903637469,t17_f5_c3,,,,ZTF19abjgazt
2460660.7784491,2,2906278442715,19.019800186157227,/ztf/archive/sci/2024/1216/278438/ztf_20241216278438_000298_zr_c07_o_q4_scimrefdiffimg.fits.fz,Kulkarni,1,2.906278442715015e+18,t,1.0,2906,27,298,2205.280029296875,632.3930053710938,29.2526887,-18.1601962,18.91069984436035,0.15470999479293823,1.3450499773025513,19.19379997253418,0.4041999876499176,0.32238098978996277,18.631999969482422,0.03999999910593033,2.5199999809265137,0.1889999955892563,1.3564399480819702,0.2831229865550995,2.9100000858306885,0.996999979019165,632.3930053710938,-0.17401500046253204,0.9701589941978455,0.8500000238418579,0.7639999985694885,0.29209598898887634,0.2625429928302765,1.11257004737854,2.0,0.0,0.951429009437561,1.0,19.349899291992188,0.598800003528595,29.2527156,-18.1602833,7.39379,26.15169906616211,4.349160008132458e-05,0.03836499899625778,0.1164269968867302,6.479059811681509e-05,t17_f5_c3,,,,ZTF19abjgazt
2460661.6902546,1,2907190252715,18.887100219726562,/ztf/archive/sci/2024/1217/190255/ztf_20241217190255_000298_zg_c07_o_q4_scimrefdiffimg.fits.fz,Kulkarni,1,2.907190252715015e+18,t,2.0,2907,27,298,2216.889892578125,653.5889892578125,29.2528185,-18.1603735,18.811899185180664,0.1698240041732788,0.8546249866485596,19.17060089111328,0.3919000029563904,0.575128972530365,19.31800079345703,0.04500000178813934,2.510999917984009,0.15299999713897705,0.7778400182723999,0.3586699962615967,3.7699999809265137,0.9700000286102295,653.5889892578125,-0.283488005399704,0.8521010279655457,0.9369999766349792,0.8360000252723694,0.248540997505188,0.22175100445747375,1.1208100318908691,5.0,0.0,0.8728569746017456,0.9911779761314392,18.960899353027344,0.41530001163482666,29.2526903,-18.1602669,8.80913,26.01889991760254,8.770579734118655e-05,0.03866200149059296,-0.04212069883942604,0.00021007399482186884,t17_f5_c3,,,,ZTF19abjgazt
2460661.7477894,2,2907247782715,19.36910057067871,/ztf/archive/sci/2024/1217/247778/ztf_20241217247778_000298_zr_c07_o_q4_scimrefdiffimg.fits.fz,Kulkarni,1,,,,2907,27,298,,,,,,,,,,,,,,,,,,,,,,,,,,,,,,,,,,,,26.23069953918457,3.696990097523667e-05,0.03517090156674385,0.10819599777460098,5.504400178324431e-05,t17_f5_c3,,,,ZTF19abjgazt
2460663.7107639,1,2909210762715,19.505800247192383,/ztf/archive/sci/2024/1219/210741/ztf_20241219210741_000298_zg_c07_o_q4_scimrefdiffimg.fits.fz,Kulkarni,1,2.909210762715015e+18,t,1.0,2909,27,298,2215.85009765625,621.8709716796875,29.2527155,-18.160267,18.774799346923828,0.09073200076818466,0.9160609841346741,18.784299850463867,0.15729999542236328,0.08525300025939941,19.31800079345703,0.04500000178813934,2.510999917984009,0.15299999713897705,0.3670400083065033,0.009475000202655792,3.369999885559082,0.9810000061988831,621.8709716796875,0.7215179800987244,0.9497339725494385,0.8980000019073486,0.8820000290870667,0.26646900177001953,0.2617209851741791,1.0181399583816528,2.0,0.0,0.9357140064239502,1.0,18.695199966430664,0.18549999594688416,29.2526903,-18.1602669,15.0325,26.233800888061523,6.241200026124716e-05,0.04079959914088249,-0.08198580145835876,0.00012925799819640815,t17_f5_c3,,,,ZTF19abjgazt
2460663.7524653,2,2909252462715,19.63800048828125,/ztf/archive/sci/2024/1219/252465/ztf_20241219252465_000298_zr_c07_o_q4_scimrefdiffimg.fits.fz,Kulkarni,1,,,,2909,27,298,,,,,,,,,,,,,,,,,,,,,,,,,,,,,,,,,,,,26.236099243164062,3.344799915794283e-05,0.0335283987224102,0.1142989993095398,4.9004098400473595e-05,t17_f5_c3,,,,ZTF19abjgazt
2460664.643831,2,2910143832715,20.149900436401367,/ztf/archive/sci/2024/1220/143831/ztf_20241220143831_000298_zr_c07_o_q4_scimrefdiffimg.fits.fz,Kulkarni,1,,,,2910,27,298,,,,,,,,,,,,,,,,,,,,,,,,,,,,,,,,,,,,26.258899688720703,1.981430068553891e-05,0.025929700583219528,0.12719599902629852,2.868979936465621e-05,t17_f5_c3,,,,ZTF19abjgazt
2460666.6439236,2,2912143922715,19.787500381469727,/ztf/archive/sci/2024/1222/143924/ztf_20241222143924_000298_zr_c07_o_q4_scimrefdiffimg.fits.fz,Kulkarni,1,,,,2912,27,298,,,,,,,,,,,,,,,,,,,,,,,,,,,,,,,,,,,,26.04439926147461,3.172790093231015e-05,0.03260749951004982,0.1162939965724945,4.685739986598492e-05,t17_f5_c3,,,,ZTF19abjgazt
2460666.6550694,1,2912155062715,19.859699249267578,/ztf/archive/sci/2024/1222/155058/ztf_20241222155058_000298_zg_c07_o_q4_scimrefdiffimg.fits.fz,Kulkarni,1,2.912155062715015e+18,t,1.0,2912,27,298,2231.510009765625,621.6480102539062,29.2526943,-18.1602867,18.69420051574707,0.10762500017881393,3.014050006866455,18.600200653076172,0.10779999941587448,0.07170400023460388,19.31800079345703,0.04500000178813934,2.510999917984009,0.15299999713897705,-0.3125610053539276,-0.09399200230836868,2.950000047683716,0.9819999933242798,621.6480102539062,1.2594799995422363,0.9750339984893799,0.8759999871253967,0.8379999995231628,0.29694899916648865,0.2840679883956909,1.0453499555587769,2.0,0.0,0.9657139778137207,1.0,18.499099731445312,0.12530000507831573,29.2526903,-18.1602669,21.7752,26.130199432373047,4.905289824819192e-05,0.0394509993493557,-0.09896200150251389,8.534260268788785e-05,t17_f5_c3,,,,ZTF19abjgazt
2460668.6372685,1,2914137262715,18.786699295043945,/ztf/archive/sci/2024/1224/137269/ztf_20241224137269_000298_zg_c07_o_q4_scimrefdiffimg.fits.fz,Kulkarni,1,2.914137262715015e+18,t,1.0,2914,27,298,2228.3798828125,640.2659912109375,29.2527176,-18.1603251,18.863300323486328,0.26535600423812866,1.580049991607666,19.207700729370117,0.5501000285148621,0.22631500661373138,19.31800079345703,0.04500000178813934,2.510999917984009,0.15299999713897705,-0.0011690000537782907,0.3443720042705536,1.3034100532531738,0.8889999985694885,640.2659912109375,-0.4209910035133362,2.0,0.609000027179718,0.5320000052452087,0.4672339856624603,0.4081589877605438,1.1447399854660034,6.0,0.0,0.86142897605896,0.956013023853302,18.9148006439209,0.5394999980926514,29.2526903,-18.1602669,7.12714,25.110300064086914,0.0001011240019579418,0.04523929953575134,-0.05560560151934624,0.0002244890056317672,t17_f5_c3,,,,ZTF19abjgazt
2460668.6704051,2,2914170402715,17.453699111938477,/ztf/archive/sci/2024/1224/170405/ztf_20241224170405_000298_zr_c07_o_q4_scimrefdiffimg.fits.fz,Kulkarni,1,,,,2914,27,298,,,,,,,,,,,,,,,,,,,,,,,,,,,,,,,,,,,,24.332399368286133,0.0002646629873197526,0.05348369851708412,0.06487610191106796,0.0005045579746365547,t17_f5_c3,,,,ZTF19abjgazt
2460672.6183218,2,2918118322715,19.553800582885742,/ztf/archive/sci/2024/1228/118322/ztf_20241228118322_000298_zr_c07_o_q4_scimrefdiffimg.fits.fz,Kulkarni,1,2.918118322715015e+18,1,0.0,2918,27,298,2204.840087890625,657.1950073242188,29.2527361,-18.1602788,18.935699462890625,0.12671500444412231,1.5356999635696411,18.752099990844727,0.11829999834299088,0.07117100059986115,18.631999969482422,0.03999999910593033,2.5199999809265137,0.1889999955892563,-0.5056920051574707,-0.18359500169754028,7.489999771118164,0.9710000157356262,657.1950073242188,0.8016660213470459,0.5355799794197083,1.6050000190734863,1.4509999752044678,0.21428599953651428,0.19372500479221344,1.1061300039291382,2.0,0.0,0.48285698890686035,0.9916980266571045,18.821500778198242,0.16050000488758087,29.2527156,-18.1602833,11.0853,26.24169921875,4.0968800021801144e-05,0.03700770065188408,0.11305200308561325,5.9581601817626506e-05,t17_f5_c3,,,,ZTF19abjgazt
2460672.6183218,2,2918118322715,19.553800582885742,/ztf/archive/sci/2024/1228/118322/ztf_20241228118322_000298_zr_c07_o_q4_scimrefdiffimg.fits.fz,Kulkarni,1,2.918118322715015e+18,t,0.0,2918,27,298,2204.840087890625,657.1950073242188,29.2527361,-18.1602788,18.935699462890625,0.12671500444412231,1.5356999635696411,18.752099990844727,0.11829999834299088,0.07117100059986115,18.631999969482422,0.03999999910593033,2.5199999809265137,0.1889999955892563,-0.5056920051574707,-0.18359500169754028,7.489999771118164,0.9710000157356262,657.1950073242188,0.8016660213470459,0.5355799794197083,1.6050000190734863,1.4509999752044678,0.21428599953651428,0.19372500479221344,1.1061300039291382,2.0,0.0,0.48285698890686035,0.9916980266571045,18.821500778198242,0.16050000488758087,29.2527156,-18.1602833,11.0853,26.24169921875,4.0968800021801144e-05,0.03700770065188408,0.11305200308561325,5.9581601817626506e-05,t17_f5_c3,,,,ZTF19abjgazt
2460672.6434028,1,2918143402715,19.696199417114258,/ztf/archive/sci/2024/1228/143403/ztf_20241228143403_000298_zg_c07_o_q4_scimrefdiffimg.fits.fz,Kulkarni,1,2.918143402715015e+18,t,1.0,2918,27,298,2212.139892578125,630.2670288085938,29.2527037,-18.1602455,18.61520004272461,0.11031600087881088,1.2410199642181396,18.51289939880371,0.08749999850988388,0.08847200125455856,19.31800079345703,0.04500000178813934,2.510999917984009,0.15299999713897705,0.4900749921798706,-0.10234399884939194,5.130000114440918,0.9430000185966492,630.2670288085938,1.1832499504089355,0.7468050122261047,1.3259999752044678,1.2910000085830688,0.2584800124168396,0.25165700912475586,1.027109980583191,0.0,0.0,0.7599999904632568,1.0,18.464000701904297,0.10639999806880951,29.2526903,-18.1602669,17.7098,26.19219970703125,4.038479892187752e-05,0.032299499958753586,-0.030367499217391014,8.389959839405492e-05,t17_f5_c3,,,,ZTF19abjgazt
2460674.6232639,1,2920123262715,19.825700759887695,/ztf/archive/sci/2024/1230/123252/ztf_20241230123252_000298_zg_c07_o_q4_scimrefdiffimg.fits.fz,Kulkarni,1,2.920123262715015e+18,t,2.0,2920,27,298,2219.97998046875,644.3170166015625,29.2526709,-18.1603285,18.585800170898438,0.09167200326919556,1.4942599534988403,18.543699264526367,0.07859999686479568,0.22833700478076935,19.31800079345703,0.04500000178813934,2.510999917984009,0.15299999713897705,0.4682539999485016,-0.042139001190662384,4.739999771118164,0.9629999995231628,644.3170166015625,1.2819900512695312,0.8264780044555664,1.378999948501587,1.2860000133514404,0.2909280061721802,0.2713080048561096,1.0723199844360352,0.0,0.0,0.7785710096359253,1.0,18.467300415039062,0.09300000220537186,29.2526903,-18.1602669,21.2883,26.233800888061523,4.094489850103855e-05,0.03332410007715225,-0.08834230154752731,8.221840107580647e-05,t17_f5_c3,,,,ZTF19abjgazt
2460677.6483912,2,2923148392715,20.222400665283203,/ztf/archive/sci/2025/0102/148380/ztf_20250102148380_000298_zr_c07_o_q4_scimrefdiffimg.fits.fz,Kulkarni,1,,,,2923,27,298,,,,,,,,,,,,,,,,,,,,,,,,,,,,,,,,,,,,26.260700225830078,2.3733900889055803e-05,0.027978399768471718,0.12105800211429596,3.4827000490622595e-05,t17_f5_c3,,,,ZTF19abjgazt
2460677.6934954,1,2923193492715,19.930700302124023,/ztf/archive/sci/2025/0102/193299/ztf_20250102193299_000298_zg_c07_o_q4_scimrefdiffimg.fits.fz,Kulkarni,1,2.923193492715025e+18,t,1.0,2923,27,298,2200.7099609375,622.3309936523438,29.2527136,-18.1602547,18.662900924682617,0.08775000274181366,2.5638298988342285,18.567100524902344,0.09910000115633011,0.0896959975361824,19.31800079345703,0.04500000178813934,2.510999917984009,0.15299999713897705,0.45743998885154724,-0.095769003033638,2.5999999046325684,0.9829999804496765,622.3309936523438,1.3635799884796143,1.0961099863052368,0.8769999742507935,0.8130000233650208,0.33730798959732056,0.31269198656082153,1.078719973564148,2.0,0.0,0.9671429991722107,1.0,18.65290069580078,0.13660000264644623,29.2526903,-18.1602669,21.2333,26.192899703979492,4.242109935148619e-05,0.037032801657915115,-0.07426950335502625,6.911250238772482e-05,t17_f5_c3,,,,ZTF19abjgazt
2460679.685162,2,2925185162715,20.000600814819336,/ztf/archive/sci/2025/0104/185162/ztf_20250104185162_000298_zr_c07_o_q4_scimrefdiffimg.fits.fz,Kulkarni,1,,,,2925,27,298,,,,,,,,,,,,,,,,,,,,,,,,,,,,,,,,,,,,26.272899627685547,2.1560899767791852e-05,0.0266829002648592,0.10266599804162979,3.129120159428567e-05,t17_f5_c3,,,,ZTF19abjgazt
2460681.6061806,2,2927106182715,19.23710060119629,/ztf/archive/sci/2025/0106/106181/ztf_20250106106181_000298_zr_c07_o_q4_scimrefdiffimg.fits.fz,Kulkarni,1,,,,2927,27,298,,,,,,,,,,,,,,,,,,,,,,,,,,,,,,,,,,,,25.937700271606445,0.0004154999915044755,0.11614999920129776,0.13199999928474426,0.0006158669712021947,t17_f5_c3,,,,ZTF19abjgazt
2460681.6481481,1,2927148142715,19.727399826049805,/ztf/archive/sci/2025/0106/148113/ztf_20250106148113_000298_zg_c07_o_q4_scimrefdiffimg.fits.fz,Kulkarni,1,2.927148142715015e+18,t,0.0,2927,27,298,2195.64990234375,703.6270141601562,29.2526785,-18.160302,18.57990074157715,0.08967199921607971,2.9349899291992188,18.65690040588379,0.1354999989271164,0.1310410052537918,19.31800079345703,0.04500000178813934,2.510999917984009,0.15299999713897705,0.8526480197906494,0.07702700048685074,2.569999933242798,1.0,703.6270141601562,1.0705300569534302,1.0522700548171997,0.7519999742507935,0.7089999914169312,0.29260700941085815,0.2758750021457672,1.0606499910354614,2.0,0.0,0.9557139873504639,1.0,18.712400436401367,0.18219999969005585,29.2526903,-18.1602669,22.4391,26.19890022277832,5.971140126348473e-05,0.04309289902448654,-0.06988369673490524,0.00010530299914535135,t17_f5_c3,,,,ZTF19abjgazt
2460685.6277083,2,2931127702715,18.635299682617188,/ztf/archive/sci/2025/0110/127697/ztf_20250110127697_000298_zr_c07_o_q4_scimrefdiffimg.fits.fz,Kulkarni,1,2.931127702715015e+18,t,0.0,2931,27,298,2210.530029296875,697.3410034179688,29.2525045,-18.1601836,18.509599685668945,0.22394199669361115,1.0034300088882446,18.72369956970215,0.20329999923706055,0.7961980104446411,18.631999969482422,0.03999999910593033,2.5199999809265137,0.1889999955892563,0.14192500710487366,0.21406599879264832,5.739999771118164,0.7580000162124634,697.3410034179688,-0.08842699974775314,0.905767023563385,1.4600000381469727,1.180999994277954,0.2543550133705139,0.2057490050792694,1.236240029335022,5.0,0.0,0.48571398854255676,0.9959800243377686,18.99090003967285,0.33320000767707825,29.2527156,-18.1602833,7.54798,26.171600341796875,0.00014890900638420135,0.04927080124616623,0.09855719655752182,0.00024024699814617634,t17_f5_c3,,,,ZTF19abjgazt
2460685.703669,1,2931203662715,18.229400634765625,/ztf/archive/sci/2025/0110/202465/ztf_20250110202465_000298_zg_c07_o_q4_scimrefdiffimg.fits.fz,Kulkarni,1,,,,2931,27,298,,,,,,,,,,,,,,,,,,,,,,,,,,,,,,,,,,,,26.110599517822266,0.00038297599530778825,0.03546290099620819,-0.048748601227998734,0.0011923500569537282,t17_f5_c3,,,,ZTF19abjgazt
2460687.695463,2,2933195462715,18.746299743652344,/ztf/archive/sci/2025/0112/195301/ztf_20250112195301_000298_zr_c07_o_q4_scimrefdiffimg.fits.fz,Kulkarni,1,2.933195462715015e+18,t,1.0,2933,27,298,2200.469970703125,633.5880126953125,29.2527852,-18.160317,18.925100326538086,0.2690170109272003,1.1902999877929688,18.70789909362793,0.22910000383853912,0.26367101073265076,18.631999969482422,0.03999999910593033,2.5199999809265137,0.1889999955892563,-0.704567015171051,-0.21716399490833282,3.619999885559082,0.6729999780654907,633.5880126953125,0.03840100020170212,1.131809949874878,1.5520000457763672,1.4739999771118164,0.42872899770736694,0.4071820080280304,1.0529199838638306,4.0,0.0,0.5271430015563965,1.0,18.795400619506836,0.31850001215934753,29.2527156,-18.1602833,6.66392,26.201099395751953,0.00011400799849070609,0.05153220146894455,0.08997110277414322,0.0001893479930004105,t17_f5_c3,,,,ZTF19abjgazt
2460689.6289699,2,2935128962715,18.990800857543945,/ztf/archive/sci/2025/0114/128970/ztf_20250114128970_000298_zr_c07_o_q4_scimrefdiffimg.fits.fz,Kulkarni,1,2.935128962715015e+18,t,1.0,2935,27,298,2195.719970703125,676.2080078125,29.2527787,-18.160371,18.656400680541992,0.17518499493598938,1.1526199579238892,18.77989959716797,0.22110000252723694,0.37757301330566406,18.631999969482422,0.03999999910593033,2.5199999809265137,0.1889999955892563,-0.8043799996376038,0.12352199852466583,3.390000104904175,0.9700000286102295,676.2080078125,0.21085700392723083,1.0712000131607056,1.159999966621399,0.9150000214576721,0.342182993888855,0.2699120044708252,1.2677600383758545,1.0,0.0,0.800000011920929,1.0,18.93560028076172,0.32690000534057617,29.2527156,-18.1602833,9.49636,26.23740005493164,4.734659887617454e-05,0.03795810043811798,0.11168300360441208,7.129219738999382e-05,t17_f5_c3,,,,ZTF19abjgazt
2460691.6483912,1,2937148392715,19.268199920654297,/ztf/archive/sci/2025/0116/148391/ztf_20250116148391_000298_zg_c07_o_q4_scimrefdiffimg.fits.fz,Kulkarni,1,2.937148392715015e+18,1,1.0,2937,27,298,2199.280029296875,663.875,29.2527054,-18.1603051,18.74850082397461,0.12900200486183167,1.2356899976730347,18.6033992767334,0.156700000166893,0.14504699409008026,19.31800079345703,0.04500000178813934,2.510999917984009,0.15299999713897705,0.18346500396728516,-0.14505800604820251,3.190000057220459,0.9810000061988831,663.875,0.6648100018501282,1.0586999654769897,1.0770000219345093,1.0199999809265137,0.33761799335479736,0.31974899768829346,1.0558799505233765,4.0,0.0,0.8971430063247681,0.9930909872055054,18.621999740600586,0.20430000126361847,29.2526903,-18.1602669,12.6099,26.17650032043457,7.583759725093842e-05,0.041299398988485336,-0.06624139845371246,0.0001664400042500347,t17_f5_c3,,,,ZTF19abjgazt
2460691.6483912,1,2937148392715,19.268199920654297,/ztf/archive/sci/2025/0116/148391/ztf_20250116148391_000298_zg_c07_o_q4_scimrefdiffimg.fits.fz,Kulkarni,1,2.937148392715015e+18,t,1.0,2937,27,298,2199.280029296875,663.875,29.2527054,-18.1603051,18.74850082397461,0.12900200486183167,1.2356899976730347,18.6033992767334,0.156700000166893,0.14504699409008026,19.31800079345703,0.04500000178813934,2.510999917984009,0.15299999713897705,0.18346500396728516,-0.14505800604820251,3.190000057220459,0.9810000061988831,663.875,0.6648100018501282,1.0586999654769897,1.0770000219345093,1.0199999809265137,0.33761799335479736,0.31974899768829346,1.0558799505233765,4.0,0.0,0.8971430063247681,0.9930909872055054,18.621999740600586,0.20430000126361847,29.2526903,-18.1602669,12.6099,26.17650032043457,7.583759725093842e-05,0.041299398988485336,-0.06624139845371246,0.0001664400042500347,t17_f5_c3,,,,ZTF19abjgazt
2460691.6920139,2,2937192012715,19.159500122070312,/ztf/archive/sci/2025/0116/192002/ztf_20250116192002_000298_zr_c07_o_q4_scimrefdiffimg.fits.fz,Kulkarni,1,2.937192012715015e+18,t,1.0,2937,27,298,2190.510009765625,650.9990234375,29.252721,-18.160223,18.972400665283203,0.17338399589061737,1.5817699432373047,19.05620002746582,0.287200003862381,0.2148279994726181,18.631999969482422,0.03999999910593033,2.5199999809265137,0.1889999955892563,0.5095090270042419,0.08384600281715393,1.7799999713897705,0.9940000176429749,650.9990234375,0.1033099964261055,1.7325999736785889,0.8799999952316284,0.847000002861023,0.49438199400901794,0.47584301233291626,1.0389599800109863,5.0,0.0,0.9585710167884827,1.0,19.136499404907227,0.39660000801086426,29.2527156,-18.1602833,8.51533,26.201400756835938,4.8936901293927804e-05,0.040175698697566986,0.09158709645271301,7.124200055841357e-05,t17_f5_c3,,,,ZTF19abjgazt
2460699.6687731,1,2945168772715,18.897899627685547,/ztf/archive/sci/2025/0124/168762/ztf_20250124168762_000298_zg_c07_o_q4_scimrefdiffimg.fits.fz,Kulkarni,1,2.945168772715015e+18,t,0.0,2945,27,298,2186.9599609375,616.0289916992188,29.2524868,-18.1604077,18.589399337768555,0.26034900546073914,1.594920039176941,18.820999145507812,0.16660000383853912,0.8497570157051086,19.31800079345703,0.04500000178813934,2.510999917984009,0.15299999713897705,0.42804500460624695,0.2315949946641922,8.720000267028809,0.8240000009536743,616.0289916992188,0.07692199945449829,0.6279789805412292,2.562000036239624,1.8600000143051147,0.2938069999217987,0.21330299973487854,1.3774199485778809,3.0,0.0,0.20571400225162506,0.9967439770698547,18.71030044555664,0.19269999861717224,29.2526903,-18.1602669,9.63054,26.108400344848633,0.00025801800074987113,0.04972289875149727,-0.06083370000123978,0.0005956129753030837,t17_f5_c3,,,,ZTF19abjgazt
2460889.9360764,2,3135436075015,20.07390022277832,/ztf/archive/sci/2025/0802/436065/ztf_20250802436065_001290_zr_c13_o_q3_scimrefdiffimg.fits.fz,Kulkarni,2,3.135436075015015e+18,1,10.0,3135,50,1290,1382.5699462890625,1460.0,29.2527357,-18.160332,19.10759925842285,0.12362899631261826,1.6401400566101074,19.070899963378906,0.15230000019073486,0.2003300040960312,18.31399917602539,0.039000000804662704,1.8179999589920044,0.13600000739097595,-0.869038999080658,-0.036667998880147934,1.7999999523162842,0.9629999995231628,1382.5699462890625,1.0030299425125122,1.444200038909912,0.8330000042915344,0.7860000133514404,0.4627780020236969,0.43666699528694153,1.0598000288009644,0.0,0.0,0.949999988079071,1.0,18.929000854492188,0.17000000178813934,29.2527349,-18.1602756,11.177,26.200599670410156,2.524559931771364e-05,0.02682729996740818,0.1158209964632988,3.412699879845604e-05,t17_f5_c3,,,,ZTF19abjgazt
2460889.9360764,2,3135436075015,20.07390022277832,/ztf/archive/sci/2025/0802/436065/ztf_20250802436065_001290_zr_c13_o_q3_scimrefdiffimg.fits.fz,Kulkarni,2,3.135436075015015e+18,t,10.0,3135,50,1290,1382.5699462890625,1460.0,29.2527357,-18.160332,19.10759925842285,0.12362899631261826,1.6401400566101074,19.070899963378906,0.15230000019073486,0.2003300040960312,18.31399917602539,0.039000000804662704,1.8179999589920044,0.13600000739097595,-0.869038999080658,-0.036667998880147934,1.7999999523162842,0.9629999995231628,1382.5699462890625,1.0030299425125122,1.444200038909912,0.8330000042915344,0.7860000133514404,0.4627780020236969,0.43666699528694153,1.0598000288009644,0.0,0.0,0.949999988079071,1.0,18.929000854492188,0.17000000178813934,29.2527349,-18.1602756,11.177,26.200599670410156,2.524559931771364e-05,0.02682729996740818,0.1158209964632988,3.412699879845604e-05,t17_f5_c3,,,,ZTF19abjgazt
2460889.9365394,2,3135436535015,20.11050033569336,/ztf/archive/sci/2025/0802/436539/ztf_20250802436539_001290_zr_c13_o_q3_scimrefdiffimg.fits.fz,Kulkarni,3,3.135436535015015e+18,t,5.0,3135,50,1290,1383.199951171875,1459.9300537109375,29.2527072,-18.1602746,19.180999755859375,0.11799599975347519,1.124079942703247,19.137500762939453,0.1590999960899353,0.09361699968576431,18.31399917602539,0.039000000804662704,1.8179999589920044,0.13600000739097595,0.2923409938812256,-0.043535999953746796,1.7000000476837158,0.9959999918937683,1383.199951171875,0.9730290174484253,1.5075600147247314,0.8149999976158142,0.7710000276565552,0.4794119894504547,0.4535290002822876,1.057070016860962,1.0,0.0,0.9442859888076782,1.0,19.200700759887695,0.2142000049352646,29.2527349,-18.1602756,8.5103,26.200000762939453,2.1189400285948068e-05,0.024708300828933716,0.10505499690771103,2.8923299396410584e-05,t17_f5_c3,,,,ZTF19abjgazt
2460899.9726968,1,3145472695015,18.962499618530273,/ztf/archive/sci/2025/0812/472697/ztf_20250812472697_001290_zg_c13_o_q3_scimrefdiffimg.fits.fz,Kulkarni,2,,,,3145,50,1290,,,,,,,,,,,,,,,,,,,,,,,,,,,,,,,,,,,,26.097200393676758,0.0001021999996737577,0.04065589979290962,-0.022234199568629265,0.00019962899386882782,t17_f5_c3,,,,ZTF19abjgazt
2460899.9731713,1,3145473175015,18.95949935913086,/ztf/archive/sci/2025/0812/473171/ztf_20250812473171_001290_zg_c13_o_q3_scimrefdiffimg.fits.fz,Kulkarni,3,3.145473175015015e+18,t,4.0,3145,50,1290,1423.3299560546875,1466.5899658203125,29.2526338,-18.1602916,18.856399536132812,0.20394499599933624,1.2553999423980713,18.760799407958984,0.31940001249313354,0.388139009475708,18.777000427246094,0.03799999877810478,2.0280001163482666,0.14499999582767487,0.3425230085849762,-0.09563200175762177,3.880000114440918,0.9729999899864197,1423.3299560546875,0.19872500002384186,0.6522189974784851,1.0509999990463257,0.6690000295639038,0.2708759903907776,0.17242300510406494,1.5709999799728394,9.0,0.0,0.5985710024833679,0.8472620248794556,18.609500885009766,0.35659998655319214,29.2527487,-18.1602932,7.30537,26.121400833129883,9.719200170366094e-05,0.040291499346494675,-0.019527500495314598,0.00019173200416844338,t17_f5_c3,,,,ZTF19abjgazt
2460902.9086227,2,3148408625015,19.67449951171875,/ztf/archive/sci/2025/0815/408623/ztf_20250815408623_001290_zr_c13_o_q3_scimrefdiffimg.fits.fz,Kulkarni,2,3.148408625015015e+18,1,7.0,3148,50,1290,1423.989990234375,1484.68994140625,29.2526485,-18.1602149,19.16990089416504,0.13766099512577057,1.4359999895095825,19.299400329589844,0.27219998836517334,0.3628849983215332,18.31399917602539,0.039000000804662704,1.8179999589920044,0.13600000739097595,0.17700700461864471,0.12953799962997437,1.2777199745178223,0.8650000095367432,1423.989990234375,0.3750790059566498,2.0,0.6470000147819519,0.5960000157356262,0.5063700079917908,0.46645501255989075,1.085569977760315,6.0,0.0,0.9399999976158142,0.951433002948761,19.492799758911133,0.4156999886035919,29.2527349,-18.1602756,8.26839,26.18790054321289,2.7326499548507854e-05,0.028184199705719948,0.10216300189495087,3.7221299862721935e-05,t17_f5_c3,,,,ZTF19abjgazt
2460902.9086227,2,3148408625015,19.67449951171875,/ztf/archive/sci/2025/0815/408623/ztf_20250815408623_001290_zr_c13_o_q3_scimrefdiffimg.fits.fz,Kulkarni,2,3.148408625015015e+18,t,7.0,3148,50,1290,1423.989990234375,1484.68994140625,29.2526485,-18.1602149,19.16990089416504,0.13766099512577057,1.4359999895095825,19.299400329589844,0.27219998836517334,0.3628849983215332,18.31399917602539,0.039000000804662704,1.8179999589920044,0.13600000739097595,0.17700700461864471,0.12953799962997437,1.2777199745178223,0.8650000095367432,1423.989990234375,0.3750790059566498,2.0,0.6470000147819519,0.5960000157356262,0.5063700079917908,0.46645501255989075,1.085569977760315,6.0,0.0,0.9399999976158142,0.951433002948761,19.492799758911133,0.4156999886035919,29.2527349,-18.1602756,8.26839,26.18790054321289,2.7326499548507854e-05,0.028184199705719948,0.10216300189495087,3.7221299862721935e-05,t17_f5_c3,,,,ZTF19abjgazt
2460902.9090972,2,3148409095015,19.752300262451172,/ztf/archive/sci/2025/0815/409097/ztf_20250815409097_001290_zr_c13_o_q3_scimrefdiffimg.fits.fz,Kulkarni,3,3.148409095015015e+18,t,5.0,3148,50,1290,1424.0899658203125,1485.1700439453125,29.2526171,-18.1602337,19.08839988708496,0.14557699859142303,1.5746400356292725,19.613500595092773,0.3441999852657318,0.42489901185035706,18.31399917602539,0.039000000804662704,1.8179999589920044,0.13600000739097595,0.02545199915766716,0.5251269936561584,1.2565399408340454,0.8999999761581421,1424.0899658203125,0.1388009935617447,2.0,0.5709999799728394,0.5360000133514404,0.4544219970703125,0.42656800150871277,1.0652999877929688,9.0,0.0,0.8700000047683716,0.7760509848594666,19.0841007232666,0.27070000767707825,29.2527349,-18.1602756,9.92001,26.20840072631836,2.5439399905735627e-05,0.027310600504279137,0.09555570036172867,3.492460018605925e-05,t17_f5_c3,,,,ZTF19abjgazt
2460904.8933449,2,3150393345015,20.075899124145508,/ztf/archive/sci/2025/0817/393241/ztf_20250817393241_001290_zr_c13_o_q3_scimrefdiffimg.fits.fz,Kulkarni,2,3.150393345015015e+18,1,7.0,3150,50,1290,1389.989990234375,1476.2900390625,29.2527017,-18.1602843,19.279699325561523,0.13845600187778473,2.243040084838867,19.27239990234375,0.1881999969482422,0.11643099784851074,18.31399917602539,0.039000000804662704,1.8179999589920044,0.13600000739097595,0.07537999749183655,-0.007342000026255846,2.3499999046325684,0.9879999756813049,1389.989990234375,0.8034849762916565,1.0779199600219727,0.9039999842643738,0.6510000228881836,0.38468098640441895,0.27702099084854126,1.3886300325393677,4.0,0.0,0.8471429944038391,1.0,19.29450035095215,0.2443999946117401,29.2527349,-18.1602756,7.85932,26.18869972229004,2.5990699214162305e-05,0.027814200147986412,0.11048199981451035,3.5450899304123595e-05,t17_f5_c3,,,,ZTF19abjgazt
2460904.8938079,2,3150393805015,20.17889976501465,/ztf/archive/sci/2025/0817/393808/ztf_20250817393808_001290_zr_c13_o_q3_scimrefdiffimg.fits.fz,Kulkarni,3,3.150393805015015e+18,1,10.0,3150,50,1290,1391.02001953125,1476.5799560546875,29.2526612,-18.1602817,19.29680061340332,0.11049800366163254,1.8995800018310547,19.23349952697754,0.17430000007152557,0.25001800060272217,18.31399917602539,0.039000000804662704,1.8179999589920044,0.13600000739097595,-0.26488199830055237,-0.06327900290489197,1.2039200067520142,0.7020000219345093,1391.02001953125,0.9454270005226135,2.0,0.6729999780654907,0.6259999871253967,0.5590069890022278,0.5199679732322693,1.0750800371170044,5.0,0.0,0.9414290189743042,1.0,19.11199951171875,0.19820000231266022,29.2527349,-18.1602756,9.28898,26.192800521850586,1.9410799723118544e-05,0.02384199947118759,0.1022690013051033,2.6308600354241207e-05,t17_f5_c3,,,,ZTF19abjgazt
2460904.9120023,1,3150412005015,20.022899627685547,/ztf/archive/sci/2025/0817/411979/ztf_20250817411979_001290_zg_c13_o_q3_scimrefdiffimg.fits.fz,Kulkarni,2,3.150412005015015e+18,1,5.0,3150,50,1290,1401.4300537109375,1483.2099609375,29.2527062,-18.1602706,19.053800582885742,0.13373500108718872,1.7959400415420532,18.999399185180664,0.14059999585151672,0.1644580066204071,18.777000427246094,0.03799999877810478,2.0280001163482666,0.14499999582767487,0.3069640100002289,-0.054395001381635666,2.619999885559082,0.9779999852180481,1401.4300537109375,1.0234800577163696,1.048110008239746,0.9520000219345093,0.8289999961853027,0.3633590042591095,0.3164120018482208,1.1483700275421143,1.0,0.0,0.9542859792709351,1.0,18.901100158691406,0.16380000114440918,29.2527487,-18.1602932,12.5812,26.18779945373535,4.314869875088334e-05,0.03519299998879433,-0.01422060001641512,6.437970296246931e-05,t17_f5_c3,,,,ZTF19abjgazt
2460904.9788889,1,3150478882715,20.246599197387695,/ztf/archive/sci/2025/0817/478877/ztf_20250817478877_000298_zg_c07_o_q4_scimrefdiffimg.fits.fz,Kulkarni,1,3.150478882715015e+18,t,1.0,3150,27,298,2258.27001953125,615.8729858398438,29.2526616,-18.1602659,18.645599365234375,0.08159799873828888,2.294950008392334,18.560800552368164,0.07900000363588333,0.09720899909734726,19.31800079345703,0.04500000178813934,2.510999917984009,0.15299999713897705,0.05657700076699257,-0.08483400195837021,2.299999952316284,0.9829999804496765,615.8729858398438,1.6857600212097168,1.1696900129318237,0.8109999895095825,0.7730000019073486,0.3526090085506439,0.3360869884490967,1.0491600036621094,2.0,0.0,0.9657139778137207,0.993228018283844,18.527000427246094,0.09719999879598618,29.2526903,-18.1602669,19.0861,26.231599807739258,3.719950109370984e-05,0.035327501595020294,-0.10630500316619873,5.6105000112438574e-05,t17_f5_c3,,,,ZTF19abjgazt
2460904.8933449,2,3150393345015,20.075899124145508,/ztf/archive/sci/2025/0817/393241/ztf_20250817393241_001290_zr_c13_o_q3_scimrefdiffimg.fits.fz,Kulkarni,2,3.150393345015015e+18,t,7.0,3150,50,1290,1389.989990234375,1476.2900390625,29.2527017,-18.1602843,19.279699325561523,0.13845600187778473,2.243040084838867,19.27239990234375,0.1881999969482422,0.11643099784851074,18.31399917602539,0.039000000804662704,1.8179999589920044,0.13600000739097595,0.07537999749183655,-0.007342000026255846,2.3499999046325684,0.9879999756813049,1389.989990234375,0.8034849762916565,1.0779199600219727,0.9039999842643738,0.6510000228881836,0.38468098640441895,0.27702099084854126,1.3886300325393677,4.0,0.0,0.8471429944038391,1.0,19.29450035095215,0.2443999946117401,29.2527349,-18.1602756,7.85932,26.18869972229004,2.5990699214162305e-05,0.027814200147986412,0.11048199981451035,3.5450899304123595e-05,t17_f5_c3,,,,ZTF19abjgazt
2460904.9120023,1,3150412005015,20.022899627685547,/ztf/archive/sci/2025/0817/411979/ztf_20250817411979_001290_zg_c13_o_q3_scimrefdiffimg.fits.fz,Kulkarni,2,3.150412005015015e+18,t,5.0,3150,50,1290,1401.4300537109375,1483.2099609375,29.2527062,-18.1602706,19.053800582885742,0.13373500108718872,1.7959400415420532,18.999399185180664,0.14059999585151672,0.1644580066204071,18.777000427246094,0.03799999877810478,2.0280001163482666,0.14499999582767487,0.3069640100002289,-0.054395001381635666,2.619999885559082,0.9779999852180481,1401.4300537109375,1.0234800577163696,1.048110008239746,0.9520000219345093,0.8289999961853027,0.3633590042591095,0.3164120018482208,1.1483700275421143,1.0,0.0,0.9542859792709351,1.0,18.901100158691406,0.16380000114440918,29.2527487,-18.1602932,12.5812,26.18779945373535,4.314869875088334e-05,0.03519299998879433,-0.01422060001641512,6.437970296246931e-05,t17_f5_c3,,,,ZTF19abjgazt
2460908.8842361,2,3154384235015,18.074800491333008,/ztf/archive/sci/2025/0821/384167/ztf_20250821384167_001290_zr_c13_o_q3_scimrefdiffimg.fits.fz,Kulkarni,2,,,,3154,50,1290,,,,,,,,,,,,,,,,,,,,,,,,,,,,,,,,,,,,24.63599967956543,0.0066261300817132,0.31527799367904663,-0.11895900219678879,0.009931580163538456,t17_f5_c3,,,,ZTF19abjgazt
2460909.9399421,1,3155439942715,20.212799072265625,/ztf/archive/sci/2025/0822/439942/ztf_20250822439942_000298_zg_c07_o_q4_scimrefdiffimg.fits.fz,Kulkarni,1,3.155439942715015e+18,t,3.0,3155,27,298,2275.639892578125,589.5479736328125,29.2526846,-18.1602364,18.719100952148438,0.1082959994673729,5.0553297996521,18.627199172973633,0.08780000358819962,0.1099729984998703,19.31800079345703,0.04500000178813934,2.510999917984009,0.15299999713897705,0.30385199189186096,-0.09191799908876419,2.4800000190734863,1.0,589.5479736328125,1.5856000185012817,1.0733699798583984,0.7649999856948853,0.7269999980926514,0.3084680140018463,0.29314500093460083,1.0522700548171997,1.0,0.0,0.9685710072517395,1.0,18.523500442504883,0.10130000114440918,29.2526903,-18.1602669,25.2841,26.04509925842285,2.9213799280114472e-05,0.030948499217629433,-0.10031700134277344,4.335870107752271e-05,t17_f5_c3,,,,ZTF19abjgazt
2460904.8938079,2,3150393805015,20.17889976501465,/ztf/archive/sci/2025/0817/393808/ztf_20250817393808_001290_zr_c13_o_q3_scimrefdiffimg.fits.fz,Kulkarni,3,3.150393805015015e+18,t,10.0,3150,50,1290,1391.02001953125,1476.5799560546875,29.2526612,-18.1602817,19.29680061340332,0.11049800366163254,1.8995800018310547,19.23349952697754,0.17430000007152557,0.25001800060272217,18.31399917602539,0.039000000804662704,1.8179999589920044,0.13600000739097595,-0.26488199830055237,-0.06327900290489197,1.2039200067520142,0.7020000219345093,1391.02001953125,0.9454270005226135,2.0,0.6729999780654907,0.6259999871253967,0.5590069890022278,0.5199679732322693,1.0750800371170044,5.0,0.0,0.9414290189743042,1.0,19.11199951171875,0.19820000231266022,29.2527349,-18.1602756,9.28898,26.192800521850586,1.9410799723118544e-05,0.02384199947118759,0.1022690013051033,2.6308600354241207e-05,t17_f5_c3,,,,ZTF19abjgazt
2460904.9124769,1,3150412475015,20.099199295043945,/ztf/archive/sci/2025/0817/412465/ztf_20250817412465_001290_zg_c13_o_q3_scimrefdiffimg.fits.fz,Kulkarni,3,3.150412475015015e+18,t,8.0,3150,50,1290,1402.0,1483.5899658203125,29.2527211,-18.1602493,19.131500244140625,0.11572100222110748,1.595460057258606,19.16309928894043,0.15970000624656677,0.18177400529384613,18.777000427246094,0.03799999877810478,2.0280001163482666,0.14499999582767487,0.13180099427700043,0.03162800148129463,3.130000114440918,0.9950000047683716,1402.0,0.9361339807510376,0.8374840021133423,0.9409999847412109,0.7699999809265137,0.30063900351524353,0.24600599706172943,1.2220799922943115,1.0,0.0,0.947143018245697,1.0,19.09830093383789,0.19179999828338623,29.2527487,-18.1602932,11.5666,26.186500549316406,5.031700129620731e-05,0.03830130025744438,-0.0088886097073555,7.265919703058898e-05,t17_f5_c3,,,,ZTF19abjgazt
2460908.8846991,2,3154384695015,17.9148006439209,/ztf/archive/sci/2025/0821/384699/ztf_20250821384699_001290_zr_c13_o_q3_scimrefdiffimg.fits.fz,Kulkarni,3,,,,3154,50,1290,,,,,,,,,,,,,,,,,,,,,,,,,,,,,,,,,,,,24.290000915527344,0.014501599594950676,0.44622600078582764,0.2463729977607727,0.020642900839447975,t17_f5_c3,,,,ZTF19abjgazt
2460912.9129861,1,3158412985015,20.218599319458008,/ztf/archive/sci/2025/0825/412986/ztf_20250825412986_001290_zg_c13_o_q3_scimrefdiffimg.fits.fz,Kulkarni,2,3.158412985015015e+18,1,8.0,3158,50,1290,1422.97998046875,1483.280029296875,29.2526919,-18.1602065,19.17690086364746,0.09976299852132797,1.6744199991226196,19.03890037536621,0.13809999823570251,0.36297300457954407,18.777000427246094,0.03799999877810478,2.0280001163482666,0.14499999582767487,0.3592030107975006,-0.13795199990272522,1.8600000143051147,0.9980000257492065,1422.97998046875,1.1797300577163696,1.3099600076675415,0.7820000052452087,0.7170000076293945,0.4204300045967102,0.3854840099811554,1.0906599760055542,2.0,0.0,0.9728569984436035,1.0,19.224899291992188,0.20819999277591705,29.2527487,-18.1602932,11.9302,26.056900024414062,4.089390131412074e-05,0.03468040004372597,-0.050374001264572144,5.923790013184771e-05,t17_f5_c3,,,,ZTF19abjgazt
2460912.9129861,1,3158412985015,20.218599319458008,/ztf/archive/sci/2025/0825/412986/ztf_20250825412986_001290_zg_c13_o_q3_scimrefdiffimg.fits.fz,Kulkarni,2,3.158412985015015e+18,t,8.0,3158,50,1290,1422.97998046875,1483.280029296875,29.2526919,-18.1602065,19.17690086364746,0.09976299852132797,1.6744199991226196,19.03890037536621,0.13809999823570251,0.36297300457954407,18.777000427246094,0.03799999877810478,2.0280001163482666,0.14499999582767487,0.3592030107975006,-0.13795199990272522,1.8600000143051147,0.9980000257492065,1422.97998046875,1.1797300577163696,1.3099600076675415,0.7820000052452087,0.7170000076293945,0.4204300045967102,0.3854840099811554,1.0906599760055542,2.0,0.0,0.9728569984436035,1.0,19.224899291992188,0.20819999277591705,29.2527487,-18.1602932,11.9302,26.056900024414062,4.089390131412074e-05,0.03468040004372597,-0.050374001264572144,5.923790013184771e-05,t17_f5_c3,,,,ZTF19abjgazt
2460912.9604051,1,3158460402715,20.1914005279541,/ztf/archive/sci/2025/0825/460405/ztf_20250825460405_000298_zg_c07_o_q4_scimrefdiffimg.fits.fz,Kulkarni,1,3.158460402715015e+18,t,3.0,3158,27,298,2255.760009765625,601.2570190429688,29.2526821,-18.1602864,18.772899627685547,0.09027399867773056,2.242759943008423,18.857999801635742,0.11649999767541885,0.07453600317239761,19.31800079345703,0.04500000178813934,2.510999917984009,0.15299999713897705,0.5665649771690369,0.08509299904108047,2.3499999046325684,0.9829999804496765,601.2570190429688,1.3334100246429443,1.0672600269317627,0.7400000095367432,0.6959999799728394,0.3148939907550812,0.2961699962615967,1.0632200241088867,1.0,0.0,0.9614289999008179,1.0,18.772600173950195,0.1370999962091446,29.2526903,-18.1602669,18.9324,26.054899215698242,3.4829601645469666e-05,0.03403269872069359,-0.07514400035142899,5.2321600378490984e-05,t17_f5_c3,,,,ZTF19abjgazt
2460912.9134606,1,3158413465015,20.197399139404297,/ztf/archive/sci/2025/0825/413449/ztf_20250825413449_001290_zg_c13_o_q3_scimrefdiffimg.fits.fz,Kulkarni,3,3.158413465015015e+18,t,13.0,3158,50,1290,1422.75,1484.0999755859375,29.2527052,-18.1602962,19.167600631713867,0.10968799889087677,1.3928300142288208,19.08919906616211,0.1469999998807907,0.14740599691867828,18.777000427246094,0.03799999877810478,2.0280001163482666,0.14499999582767487,-0.0397690013051033,-0.0783730000257492,1.909999966621399,0.9670000076293945,1422.75,1.108199954032898,1.278380036354065,0.6700000166893005,0.6029999852180481,0.3507849872112274,0.3157069981098175,1.111109972000122,4.0,0.0,0.9700000286102295,1.0,19.10610008239746,0.1898999959230423,29.2527487,-18.1602932,10.9839,26.044599533081055,3.652480154414661e-05,0.032930199056863785,-0.04158399999141693,5.2134200814180076e-05,t17_f5_c3,,,,ZTF19abjgazt
2460913.8889931,2,3159388995015,20.16939926147461,/ztf/archive/sci/2025/0826/388947/ztf_20250826388947_001290_zr_c13_o_q3_scimrefdiffimg.fits.fz,Kulkarni,2,3.159388995015015e+18,1,6.0,3159,50,1290,1397.31005859375,1485.1199951171875,29.2526814,-18.160179,19.34869956970215,0.11749099940061569,1.2748700380325317,19.114099502563477,0.1589999943971634,0.3878679871559143,18.31399917602539,0.039000000804662704,1.8179999589920044,0.13600000739097595,-0.5616679787635803,-0.234607994556427,1.197350025177002,0.9169999957084656,1397.31005859375,1.055299997329712,2.0,0.7319999933242798,0.6230000257492065,0.6113529801368713,0.5203179717063904,1.1749600172042847,4.0,0.0,0.9571430087089539,0.9845520257949829,19.057899475097656,0.19169999659061432,29.2527349,-18.1602756,7.84595,26.09269905090332,2.610400042613037e-05,0.027712499722838402,0.10801199823617935,3.5458699130686e-05,t17_f5_c3,,,,ZTF19abjgazt
2460913.8894676,2,3159389465015,20.292499542236328,/ztf/archive/sci/2025/0826/389456/ztf_20250826389456_001290_zr_c13_o_q3_scimrefdiffimg.fits.fz,Kulkarni,3,3.159389465015015e+18,1,4.0,3159,50,1290,1398.2099609375,1485.699951171875,29.2526441,-18.1601827,19.293899536132812,0.13024300336837769,2.3597400188446045,19.363500595092773,0.1907999962568283,0.45067599415779114,18.31399917602539,0.039000000804662704,1.8179999589920044,0.13600000739097595,0.01486899983137846,0.06961599737405777,1.1210700273513794,0.9929999709129333,1398.2099609375,0.9289770126342773,2.0,0.5870000123977661,0.5189999938011169,0.5236070156097412,0.4629499912261963,1.131019949913025,4.0,0.0,0.9200000166893005,0.9672579765319824,19.379499435424805,0.24580000340938568,29.2527349,-18.1602756,5.09283,26.11389923095703,2.4302500605699606e-05,0.02696779929101467,0.10778799653053284,3.34151009155903e-05,t17_f5_c3,,,,ZTF19abjgazt
2460913.9301273,1,3159430125015,20.498699188232422,/ztf/archive/sci/2025/0826/429977/ztf_20250826429977_001290_zg_c13_o_q3_scimrefdiffimg.fits.fz,Kulkarni,2,3.159430125015015e+18,1,10.0,3159,50,1290,1412.800048828125,1493.0699462890625,29.2527089,-18.1602785,19.225299835205078,0.11530900001525879,1.885949969291687,19.222000122070312,0.13109999895095825,0.14431500434875488,18.777000427246094,0.03799999877810478,2.0280001163482666,0.14499999582767487,0.29249298572540283,-0.003272000001743436,1.440000057220459,0.9739999771118164,1412.800048828125,1.2766499519348145,1.6464099884033203,0.6140000224113464,0.5490000247955322,0.42638900876045227,0.3812499940395355,1.118399977684021,6.0,0.0,0.9614289999008179,0.92746901512146,19.195899963378906,0.16210000216960907,29.2527487,-18.1602932,9.88934,26.16029930114746,3.544659921317361e-05,0.03249020129442215,-0.060520801693201065,4.96380016556941e-05,t17_f5_c3,,,,ZTF19abjgazt
2460913.8889931,2,3159388995015,20.16939926147461,/ztf/archive/sci/2025/0826/388947/ztf_20250826388947_001290_zr_c13_o_q3_scimrefdiffimg.fits.fz,Kulkarni,2,3.159388995015015e+18,t,6.0,3159,50,1290,1397.31005859375,1485.1199951171875,29.2526814,-18.160179,19.34869956970215,0.11749099940061569,1.2748700380325317,19.114099502563477,0.1589999943971634,0.3878679871559143,18.31399917602539,0.039000000804662704,1.8179999589920044,0.13600000739097595,-0.5616679787635803,-0.234607994556427,1.197350025177002,0.9169999957084656,1397.31005859375,1.055299997329712,2.0,0.7319999933242798,0.6230000257492065,0.6113529801368713,0.5203179717063904,1.1749600172042847,4.0,0.0,0.9571430087089539,0.9845520257949829,19.057899475097656,0.19169999659061432,29.2527349,-18.1602756,7.84595,26.09269905090332,2.610400042613037e-05,0.027712499722838402,0.10801199823617935,3.5458699130686e-05,t17_f5_c3,,,,ZTF19abjgazt
2460913.9301273,1,3159430125015,20.498699188232422,/ztf/archive/sci/2025/0826/429977/ztf_20250826429977_001290_zg_c13_o_q3_scimrefdiffimg.fits.fz,Kulkarni,2,3.159430125015015e+18,t,10.0,3159,50,1290,1412.800048828125,1493.0699462890625,29.2527089,-18.1602785,19.225299835205078,0.11530900001525879,1.885949969291687,19.222000122070312,0.13109999895095825,0.14431500434875488,18.777000427246094,0.03799999877810478,2.0280001163482666,0.14499999582767487,0.29249298572540283,-0.003272000001743436,1.440000057220459,0.9739999771118164,1412.800048828125,1.2766499519348145,1.6464099884033203,0.6140000224113464,0.5490000247955322,0.42638900876045227,0.3812499940395355,1.118399977684021,6.0,0.0,0.9614289999008179,0.92746901512146,19.195899963378906,0.16210000216960907,29.2527487,-18.1602932,9.88934,26.16029930114746,3.544659921317361e-05,0.03249020129442215,-0.060520801693201065,4.96380016556941e-05,t17_f5_c3,,,,ZTF19abjgazt
2460913.8894676,2,3159389465015,20.292499542236328,/ztf/archive/sci/2025/0826/389456/ztf_20250826389456_001290_zr_c13_o_q3_scimrefdiffimg.fits.fz,Kulkarni,3,3.159389465015015e+18,t,4.0,3159,50,1290,1398.2099609375,1485.699951171875,29.2526441,-18.1601827,19.293899536132812,0.13024300336837769,2.3597400188446045,19.363500595092773,0.1907999962568283,0.45067599415779114,18.31399917602539,0.039000000804662704,1.8179999589920044,0.13600000739097595,0.01486899983137846,0.06961599737405777,1.1210700273513794,0.9929999709129333,1398.2099609375,0.9289770126342773,2.0,0.5870000123977661,0.5189999938011169,0.5236070156097412,0.4629499912261963,1.131019949913025,4.0,0.0,0.9200000166893005,0.9672579765319824,19.379499435424805,0.24580000340938568,29.2527349,-18.1602756,5.09283,26.11389923095703,2.4302500605699606e-05,0.02696779929101467,0.10778799653053284,3.34151009155903e-05,t17_f5_c3,,,,ZTF19abjgazt
2460913.9305903,1,3159430595015,20.500200271606445,/ztf/archive/sci/2025/0826/430590/ztf_20250826430590_001290_zg_c13_o_q3_scimrefdiffimg.fits.fz,Kulkarni,3,3.159430595015015e+18,t,5.0,3159,50,1290,1412.9200439453125,1493.56005859375,29.2526992,-18.160299,19.19580078125,0.10184299945831299,2.4568400382995605,19.09869956970215,0.11749999970197678,0.16856099665164948,18.777000427246094,0.03799999877810478,2.0280001163482666,0.14499999582767487,0.2760779857635498,-0.09706000238656998,1.7400000095367432,0.9990000128746033,1412.9200439453125,1.4014699459075928,1.3594800233840942,0.6489999890327454,0.5860000252723694,0.3729889988899231,0.3367820084095001,1.107509970664978,3.0,0.0,0.9557139873504639,1.0,18.952499389648438,0.13009999692440033,29.2527487,-18.1602932,14.5114,26.163799285888672,3.5418401239439845e-05,0.03265479952096939,-0.06394290179014206,4.915400131721981e-05,t17_f5_c3,,,,ZTF19abjgazt
2460916.8713426,1,3162371345015,20.07979965209961,/ztf/archive/sci/2025/0829/371331/ztf_20250829371331_001290_zg_c13_o_q3_scimrefdiffimg.fits.fz,Kulkarni,2,3.162371345015015e+18,1,8.0,3162,50,1290,1405.6099853515625,1489.4300537109375,29.252677,-18.1602125,19.10059928894043,0.13172100484371185,1.8548599481582642,19.054000854492188,0.1459999978542328,0.375355988740921,18.777000427246094,0.03799999877810478,2.0280001163482666,0.14499999582767487,-0.03843500092625618,-0.046613000333309174,2.7200000286102295,0.9990000128746033,1405.6099853515625,1.0258500576019287,0.970782995223999,0.8069999814033508,0.753000020980835,0.29669100046157837,0.2768380045890808,1.0717099905014038,2.0,0.0,0.9585710167884827,1.0,18.927600860595703,0.1656000018119812,29.2527487,-18.1602932,15.721,26.19260025024414,3.62188984581735e-05,0.03292059898376465,-0.03905609995126724,5.204959961702116e-05,t17_f5_c3,,,,ZTF19abjgazt
2460916.9204282,2,3162420422715,20.289400100708008,/ztf/archive/sci/2025/0829/420162/ztf_20250829420162_000298_zr_c07_o_q4_scimrefdiffimg.fits.fz,Kulkarni,1,3.162420422715015e+18,1,2.0,3162,27,298,2226.219970703125,619.1090087890625,29.2527042,-18.1602892,18.723899841308594,0.08180099725723267,2.009690046310425,18.614299774169922,0.08760000020265579,0.043905001133680344,18.631999969482422,0.03999999910593033,2.5199999809265137,0.1889999955892563,-0.058823999017477036,-0.10955800116062164,1.7400000095367432,0.9819999933242798,619.1090087890625,1.6750999689102173,1.4180599451065063,0.7059999704360962,0.6660000085830688,0.4057469964027405,0.3827590048313141,1.0600600242614746,4.0,0.0,0.8999999761581421,0.9906539916992188,18.602500915527344,0.10970000177621841,29.2527156,-18.1602833,11.0693,26.21489906311035,1.9122799130855128e-05,0.02515150047838688,0.12418899685144424,2.8278800527914427e-05,t17_f5_c3,,,,ZTF19abjgazt
2460916.9204282,2,3162420422715,20.289400100708008,/ztf/archive/sci/2025/0829/420162/ztf_20250829420162_000298_zr_c07_o_q4_scimrefdiffimg.fits.fz,Kulkarni,1,3.162420422715015e+18,t,2.0,3162,27,298,2226.219970703125,619.1090087890625,29.2527042,-18.1602892,18.723899841308594,0.08180099725723267,2.009690046310425,18.614299774169922,0.08760000020265579,0.043905001133680344,18.631999969482422,0.03999999910593033,2.5199999809265137,0.1889999955892563,-0.058823999017477036,-0.10955800116062164,1.7400000095367432,0.9819999933242798,619.1090087890625,1.6750999689102173,1.4180599451065063,0.7059999704360962,0.6660000085830688,0.4057469964027405,0.3827590048313141,1.0600600242614746,4.0,0.0,0.8999999761581421,0.9906539916992188,18.602500915527344,0.10970000177621841,29.2527156,-18.1602833,11.0693,26.21489906311035,1.9122799130855128e-05,0.02515150047838688,0.12418899685144424,2.8278800527914427e-05,t17_f5_c3,,,,ZTF19abjgazt
2460916.939919,1,3162439912715,20.148799896240234,/ztf/archive/sci/2025/0829/439919/ztf_20250829439919_000298_zg_c07_o_q4_scimrefdiffimg.fits.fz,Kulkarni,1,3.162439912715015e+18,t,0.0,3162,27,298,2232.699951171875,620.4359741210938,29.2526913,-18.1602628,18.701900482177734,0.09621799737215042,3.5211899280548096,18.756900787353516,0.09690000116825104,0.014743000268936157,19.31800079345703,0.04500000178813934,2.510999917984009,0.15299999713897705,0.8554700016975403,0.055038001388311386,2.450000047683716,0.9890000224113464,620.4359741210938,1.391860008239746,1.1668299436569214,0.7929999828338623,0.7450000047683716,0.3236730098724365,0.3040820062160492,1.0644299983978271,3.0,0.0,0.9642860293388367,1.0,18.769800186157227,0.12470000237226486,29.2526903,-18.1602669,26.1246,26.236900329589844,4.5360098738456145e-05,0.038259100168943405,-0.1165120005607605,7.068499689921737e-05,t17_f5_c3,,,,ZTF19abjgazt
2460916.8713426,1,3162371345015,20.07979965209961,/ztf/archive/sci/2025/0829/371331/ztf_20250829371331_001290_zg_c13_o_q3_scimrefdiffimg.fits.fz,Kulkarni,2,3.162371345015015e+18,t,8.0,3162,50,1290,1405.6099853515625,1489.4300537109375,29.252677,-18.1602125,19.10059928894043,0.13172100484371185,1.8548599481582642,19.054000854492188,0.1459999978542328,0.375355988740921,18.777000427246094,0.03799999877810478,2.0280001163482666,0.14499999582767487,-0.03843500092625618,-0.046613000333309174,2.7200000286102295,0.9990000128746033,1405.6099853515625,1.0258500576019287,0.970782995223999,0.8069999814033508,0.753000020980835,0.29669100046157837,0.2768380045890808,1.0717099905014038,2.0,0.0,0.9585710167884827,1.0,18.927600860595703,0.1656000018119812,29.2527487,-18.1602932,15.721,26.19260025024414,3.62188984581735e-05,0.03292059898376465,-0.03905609995126724,5.204959961702116e-05,t17_f5_c3,,,,ZTF19abjgazt
2460916.8718056,1,3162371805015,20.226200103759766,/ztf/archive/sci/2025/0829/371806/ztf_20250829371806_001290_zg_c13_o_q3_scimrefdiffimg.fits.fz,Kulkarni,3,3.162371805015015e+18,t,12.0,3162,50,1290,1406.2900390625,1489.93994140625,29.2527015,-18.160258,19.126300811767578,0.0995820015668869,1.6670500040054321,19.120399475097656,0.1370999962091446,0.20247499644756317,18.777000427246094,0.03799999877810478,2.0280001163482666,0.14499999582767487,0.5125020146369934,-0.005925999954342842,2.640000104904175,0.9789999723434448,1406.2900390625,1.1058399677276611,0.9947500228881836,0.7850000262260437,0.7129999995231628,0.2973479926586151,0.2700760066509247,1.1009800434112549,3.0,0.0,0.9585710167884827,1.0,19.038299560546875,0.16179999709129333,29.2527487,-18.1602932,12.0059,26.198299407958984,3.674460094771348e-05,0.033096298575401306,-0.033739298582077026,5.1264800276840106e-05,t17_f5_c3,,,,ZTF19abjgazt
2460918.8586343,2,3164358632715,20.08009910583496,/ztf/archive/sci/2025/0831/358623/ztf_20250831358623_000298_zr_c07_o_q4_scimrefdiffimg.fits.fz,Kulkarni,1,3.164358632715015e+18,1,0.0,3164,27,298,2218.530029296875,571.8590087890625,29.2526567,-18.1603466,18.750600814819336,0.08409799635410309,3.25,18.67300033569336,0.1039000004529953,0.3003369867801666,18.631999969482422,0.03999999910593033,2.5199999809265137,0.1889999955892563,0.11263000220060349,-0.07764700055122375,3.259999990463257,0.9800000190734863,571.8590087890625,1.4070600271224976,0.8092439770698547,0.8539999723434448,0.8220000267028809,0.26196300983428955,0.25214698910713196,1.038930058479309,1.0,0.0,0.9585710167884827,1.0,18.74329948425293,0.14069999754428864,29.2527156,-18.1602833,17.3118,26.15760040283203,2.6246700144838542e-05,0.029274500906467438,0.13302400708198547,3.8108300941530615e-05,t17_f5_c3,,,,ZTF19abjgazt
2460918.877581,2,3164377582715,20.16200065612793,/ztf/archive/sci/2025/0831/377581/ztf_20250831377581_000298_zr_c07_o_q4_scimrefdiffimg.fits.fz,Ahumada,3,3.164377582715015e+18,1,0.0,3164,27,298,2222.219970703125,575.364013671875,29.2526891,-18.1602713,18.686100006103516,0.07112199813127518,3.189340114593506,18.591699600219727,0.09149999916553497,0.09922800213098526,18.631999969482422,0.03999999910593033,2.5199999809265137,0.1889999955892563,0.059411998838186264,-0.0944330021739006,1.9600000381469727,0.9879999756813049,575.364013671875,1.5702699422836304,1.3200900554656982,0.8050000071525574,0.7570000290870667,0.4107140004634857,0.38622400164604187,1.0634100437164307,1.0,0.0,0.9700000286102295,1.0,18.58209991455078,0.11509999632835388,29.2527156,-18.1602833,14.8344,26.185100555419922,2.1483099772012793e-05,0.02640959993004799,0.12025099992752075,3.138840111205354e-05,t17_f5_c3,,,,ZTF19abjgazt
2460889.9360764,2,3135436075015,20.07390022277832,/ztf/archive/sci/2025/0802/436065/ztf_20250802436065_001290_zr_c13_o_q3_scimrefdiffimg.fits.fz,Kulkarni,2,,,,3135,50,1290,,,,,,,,,,,,,,,,,,,,,,,,,,,,,,,,,,,,26.200599670410156,2.524559931771364e-05,0.02682729996740818,0.1158209964632988,3.412699879845604e-05,t17_f5_c3,,,,ZTF19abjgazt
2460889.9365394,2,3135436535015,20.11050033569336,/ztf/archive/sci/2025/0802/436539/ztf_20250802436539_001290_zr_c13_o_q3_scimrefdiffimg.fits.fz,Kulkarni,3,,,,3135,50,1290,,,,,,,,,,,,,,,,,,,,,,,,,,,,,,,,,,,,26.200000762939453,2.1189400285948068e-05,0.024708300828933716,0.10505499690771103,2.8923299396410584e-05,t17_f5_c3,,,,ZTF19abjgazt
2460918.8586343,2,3164358632715,20.08009910583496,/ztf/archive/sci/2025/0831/358623/ztf_20250831358623_000298_zr_c07_o_q4_scimrefdiffimg.fits.fz,Kulkarni,1,3.164358632715015e+18,t,0.0,3164,27,298,2218.530029296875,571.8590087890625,29.2526567,-18.1603466,18.750600814819336,0.08409799635410309,3.25,18.67300033569336,0.1039000004529953,0.3003369867801666,18.631999969482422,0.03999999910593033,2.5199999809265137,0.1889999955892563,0.11263000220060349,-0.07764700055122375,3.259999990463257,0.9800000190734863,571.8590087890625,1.4070600271224976,0.8092439770698547,0.8539999723434448,0.8220000267028809,0.26196300983428955,0.25214698910713196,1.038930058479309,1.0,0.0,0.9585710167884827,1.0,18.74329948425293,0.14069999754428864,29.2527156,-18.1602833,17.3118,26.15760040283203,2.6246700144838542e-05,0.029274500906467438,0.13302400708198547,3.8108300941530615e-05,t17_f5_c3,,,,ZTF19abjgazt
2460918.877581,2,3164377582715,20.16200065612793,/ztf/archive/sci/2025/0831/377581/ztf_20250831377581_000298_zr_c07_o_q4_scimrefdiffimg.fits.fz,Ahumada,3,3.164377582715015e+18,t,0.0,3164,27,298,2222.219970703125,575.364013671875,29.2526891,-18.1602713,18.686100006103516,0.07112199813127518,3.189340114593506,18.591699600219727,0.09149999916553497,0.09922800213098526,18.631999969482422,0.03999999910593033,2.5199999809265137,0.1889999955892563,0.059411998838186264,-0.0944330021739006,1.9600000381469727,0.9879999756813049,575.364013671875,1.5702699422836304,1.3200900554656982,0.8050000071525574,0.7570000290870667,0.4107140004634857,0.38622400164604187,1.0634100437164307,1.0,0.0,0.9700000286102295,1.0,18.58209991455078,0.11509999632835388,29.2527156,-18.1602833,14.8344,26.185100555419922,2.1483099772012793e-05,0.02640959993004799,0.12025099992752075,3.138840111205354e-05,t17_f5_c3,,,,ZTF19abjgazt
2460918.8927894,2,3164392782715,20.300399780273438,/ztf/archive/sci/2025/0831/392778/ztf_20250831392778_000298_zr_c07_o_q4_scimrefdiffimg.fits.fz,Ahumada,3,3.164392782715015e+18,t,5.0,3164,27,298,2231.85009765625,580.093994140625,29.2526646,-18.1602363,18.70159912109375,0.07475200295448303,1.4998799562454224,18.759899139404297,0.09870000183582306,0.23981299996376038,18.631999969482422,0.03999999910593033,2.5199999809265137,0.1889999955892563,-0.03822200000286102,0.058299001306295395,1.9199999570846558,0.9810000061988831,580.093994140625,1.5404499769210815,1.2891099452972412,0.7250000238418579,0.6480000019073486,0.37760400772094727,0.3375000059604645,1.1188299655914307,1.0,0.0,0.9599999785423279,1.0,18.681900024414062,0.11649999767541885,29.2527156,-18.1602833,13.0889,26.18560028076172,2.4334300178452395e-05,0.028213299810886383,0.1273459941148758,3.509909947752021e-05,t17_f5_c3,,,,ZTF19abjgazt
2460918.9186343,1,3164418632715,20.186899185180664,/ztf/archive/sci/2025/0831/418623/ztf_20250831418623_000298_zg_c07_o_q4_scimrefdiffimg.fits.fz,Kulkarni,1,3.164418632715015e+18,t,2.0,3164,27,298,2224.340087890625,584.593017578125,29.2526996,-18.1602884,18.65130043029785,0.09507899731397629,4.017439842224121,18.56369972229004,0.08020000159740448,0.08251599967479706,19.31800079345703,0.04500000178813934,2.510999917984009,0.15299999713897705,0.3834100067615509,-0.08758199959993362,2.759999990463257,0.9829999804496765,584.593017578125,1.62322998046875,1.0188299417495728,0.890999972820282,0.8510000109672546,0.32282599806785583,0.30833300948143005,1.0470000505447388,1.0,0.0,0.9657139778137207,1.0,18.51059913635254,0.09690000116825104,29.2526903,-18.1602669,25.0295,26.14929962158203,4.0360198909183964e-05,0.03606490045785904,-0.06625519692897797,6.066390051273629e-05,t17_f5_c3,,,,ZTF19abjgazt
2460920.9224769,2,3166422472715,20.380399703979492,/ztf/archive/sci/2025/0902/422442/ztf_20250902422442_000298_zr_c07_o_q4_scimrefdiffimg.fits.fz,Kulkarni,1,3.166422472715015e+18,t,2.0,3166,27,298,2228.25,602.4190063476562,29.2527005,-18.16027,18.665199279785156,0.07958699762821198,4.643970012664795,18.6289005279541,0.08829999715089798,0.06932500004768372,18.631999969482422,0.03999999910593033,2.5199999809265137,0.1889999955892563,-0.07086099684238434,-0.03626300022006035,1.840000033378601,0.9950000047683716,602.4190063476562,1.7515300512313843,1.239799976348877,0.6579999923706055,0.6039999723434448,0.35760900378227234,0.32826098799705505,1.089400053024292,3.0,0.0,0.9628570079803467,0.9942839741706848,18.598600387573242,0.1088000014424324,29.2527156,-18.1602833,15.838,26.17919921875,2.8706099328701384e-05,0.030573800206184387,0.11899799853563309,4.184860154055059e-05,t17_f5_c3,,,,ZTF19abjgazt
2460922.8966898,1,3168396682715,19.895099639892578,/ztf/archive/sci/2025/0904/396331/ztf_20250904396331_000298_zg_c07_o_q4_scimrefdiffimg.fits.fz,Kulkarni,1,3.168396682715015e+18,t,1.0,3168,27,298,2244.1201171875,607.3489990234375,29.2526681,-18.1602602,18.586200714111328,0.10282599925994873,2.454279899597168,18.667299270629883,0.12880000472068787,0.07858700305223465,19.31800079345703,0.04500000178813934,2.510999917984009,0.15299999713897705,0.5059909820556641,0.0811379998922348,1.9600000381469727,0.9800000190734863,607.3489990234375,1.2277499437332153,1.2588900327682495,0.6729999780654907,0.6320000290870667,0.3433670103549957,0.3224489986896515,1.064869999885559,5.0,0.0,0.9657139778137207,0.9750099778175354,18.799699783325195,0.18569999933242798,29.2526903,-18.1602669,15.0293,26.101200103759766,4.179470124654472e-05,0.036869000643491745,-0.07698070257902145,6.910000229254365e-05,t17_f5_c3,,,,ZTF19abjgazt
2460924.9385764,2,3170438572715,19.416099548339844,/ztf/archive/sci/2025/0906/438576/ztf_20250906438576_000298_zr_c07_o_q4_scimrefdiffimg.fits.fz,Kulkarni,1,3.170438572715015e+18,t,1.0,3170,27,298,2243.2900390625,610.7109985351562,29.2526944,-18.1602648,18.6387996673584,0.10504499822854996,2.0640499591827393,18.66670036315918,0.2175000011920929,0.09702000021934509,18.631999969482422,0.03999999910593033,2.5199999809265137,0.1889999955892563,1.4785799980163574,0.02785000018775463,2.4200000762939453,0.9980000257492065,610.7109985351562,0.749360978603363,0.9288290143013,0.574999988079071,0.5400000214576721,0.23760299384593964,0.22314000129699707,1.0648200511932373,5.0,0.0,0.9328569769859314,0.9977660179138184,18.69930076599121,0.2872999906539917,29.2527156,-18.1602833,10.6748,26.15180015563965,2.625880006235093e-05,0.02954700030386448,0.10618899762630463,3.890939842676744e-05,t17_f5_c3,,,,ZTF19abjgazt
2460924.964375,1,3170464372715,19.254600524902344,/ztf/archive/sci/2025/0906/464375/ztf_20250906464375_000298_zg_c07_o_q4_scimrefdiffimg.fits.fz,Kulkarni,1,,,,3170,27,298,,,,,,,,,,,,,,,,,,,,,,,,,,,,,,,,,,,,26.069400787353516,6.201820360729471e-05,0.040189698338508606,-0.06963559985160828,0.0001264409947907552,t17_f5_c3,,,,ZTF19abjgazt
2460926.8971991,1,3172397192715,18.92020034790039,/ztf/archive/sci/2025/0908/397199/ztf_20250908397199_000298_zg_c07_o_q4_scimrefdiffimg.fits.fz,Kulkarni,1,3.172397192715015e+18,1,0.0,3172,27,298,2234.219970703125,610.3270263671875,29.252724,-18.1602848,18.56450080871582,0.15222400426864624,1.108139991760254,18.95170021057129,0.375,0.13041499257087708,19.31800079345703,0.04500000178813934,2.510999917984009,0.15299999713897705,0.9462990164756775,0.3872469961643219,2.9700000286102295,0.9819999933242798,610.3270263671875,-0.031537000089883804,0.8962849974632263,0.796999990940094,0.6650000214576721,0.2683500051498413,0.2239059954881668,1.1985000371932983,4.0,0.0,0.9142860174179077,0.9559170007705688,19.012399673461914,0.5092999935150146,29.2526903,-18.1602669,10.3872,26.208499908447266,9.855609823716804e-05,0.04362250119447708,-0.08762360364198685,0.0002139550051651895,t17_f5_c3,,,,ZTF19abjgazt
2460919.875463,2,3165375462715,20.25429916381836,/ztf/archive/sci/2025/0901/375405/ztf_20250901375405_000298_zr_c07_o_q4_scimrefdiffimg.fits.fz,Ahumada,3,3.165375462715015e+18,t,3.0,3165,27,298,2239.60009765625,595.6920166015625,29.2526715,-18.1602714,18.694000244140625,0.08265600353479385,4.871779918670654,18.66390037536621,0.09830000251531601,0.15482200682163239,18.631999969482422,0.03999999910593033,2.5199999809265137,0.1889999955892563,-0.24299299716949463,-0.03008599951863289,2.2899999618530273,0.9950000047683716,595.6920166015625,1.5904500484466553,1.0318000316619873,0.6359999775886536,0.593999981880188,0.27772900462150574,0.2593890130519867,1.0707099437713623,3.0,0.0,0.9599999785423279,0.9895229935646057,18.510700225830078,0.10840000212192535,29.2527156,-18.1602833,18.5224,26.170000076293945,2.428719926683698e-05,0.02810719981789589,0.11886700242757797,3.5620698326965794e-05,t17_f5_c3,,,,ZTF19abjgazt
2460926.8971991,1,3172397192715,18.92020034790039,/ztf/archive/sci/2025/0908/397199/ztf_20250908397199_000298_zg_c07_o_q4_scimrefdiffimg.fits.fz,Kulkarni,1,3.172397192715015e+18,t,0.0,3172,27,298,2234.219970703125,610.3270263671875,29.252724,-18.1602848,18.56450080871582,0.15222400426864624,1.108139991760254,18.95170021057129,0.375,0.13041499257087708,19.31800079345703,0.04500000178813934,2.510999917984009,0.15299999713897705,0.9462990164756775,0.3872469961643219,2.9700000286102295,0.9819999933242798,610.3270263671875,-0.031537000089883804,0.8962849974632263,0.796999990940094,0.6650000214576721,0.2683500051498413,0.2239059954881668,1.1985000371932983,4.0,0.0,0.9142860174179077,0.9559170007705688,19.012399673461914,0.5092999935150146,29.2526903,-18.1602669,10.3872,26.208499908447266,9.855609823716804e-05,0.04362250119447708,-0.08762360364198685,0.0002139550051651895,t17_f5_c3,,,,ZTF19abjgazt
2460926.9605556,2,3172460552715,19.39389991760254,/ztf/archive/sci/2025/0908/460556/ztf_20250908460556_000298_zr_c07_o_q4_scimrefdiffimg.fits.fz,Kulkarni,1,3.172460552715015e+18,t,0.0,3172,27,298,2252.8701171875,617.760986328125,29.2526499,-18.1603094,18.57040023803711,0.09355799853801727,1.9380500316619873,18.36479949951172,0.1712000072002411,0.24063800275325775,18.631999969482422,0.03999999910593033,2.5199999809265137,0.1889999955892563,0.4173539876937866,-0.20559799671173096,1.899999976158142,0.9819999933242798,617.760986328125,1.0291099548339844,1.160640001296997,0.7749999761581421,0.7360000014305115,0.4078949987888336,0.38736799359321594,1.0529899597167969,4.0,0.0,0.9528570175170898,1.0,18.164499282836914,0.1826999932527542,29.2527156,-18.1602833,13.0838,26.240400314331055,3.318659946671687e-05,0.033545300364494324,0.12325599789619446,4.8866899305721745e-05,t17_f5_c3,,,,ZTF19abjgazt
2460927.8909028,2,3173390902715,19.273500442504883,/ztf/archive/sci/2025/0909/390891/ztf_20250909390891_000298_zr_c07_o_q4_scimrefdiffimg.fits.fz,Ahumada,3,3.173390902715015e+18,t,1.0,3173,27,298,2235.199951171875,615.656005859375,29.2526587,-18.1603116,18.766700744628906,0.12878400087356567,1.5090199708938599,18.802600860595703,0.23489999771118164,0.21691200137138367,18.631999969482422,0.03999999910593033,2.5199999809265137,0.1889999955892563,0.7690449953079224,0.03593200072646141,2.2100000381469727,0.9610000252723694,615.656005859375,0.47087299823760986,1.2162599563598633,0.7289999723434448,0.6019999980926514,0.3298639953136444,0.2723979949951172,1.210960030555725,8.0,0.0,0.949999988079071,0.9675750136375427,18.991600036621094,0.35830000042915344,29.2527156,-18.1602833,10.3194,26.279699325561523,2.903479980886914e-05,0.030662400647997856,0.10760500282049179,4.297029954614118e-05,t17_f5_c3,,,,ZTF19abjgazt
2460930.8704282,1,3176370422715,19.521799087524414,/ztf/archive/sci/2025/0912/370417/ztf_20250912370417_000298_zg_c07_o_q4_scimrefdiffimg.fits.fz,Kulkarni,1,,,,3176,27,298,,,,,,,,,,,,,,,,,,,,,,,,,,,,,,,,,,,,26.146400451660156,4.60836999991443e-05,0.03631259873509407,-0.06481350213289261,9.147920354735106e-05,t17_f5_c3,,,,ZTF19abjgazt
2460933.876331,2,3179376332715,20.209400177001953,/ztf/archive/sci/2025/0915/376331/ztf_20250915376331_000298_zr_c07_o_q4_scimrefdiffimg.fits.fz,Kulkarni,1,3.179376332715015e+18,1,1.0,3179,27,298,2228.280029296875,618.6300048828125,29.2526785,-18.1602697,18.656600952148438,0.07215800136327744,4.448450088500977,18.728200912475586,0.10189999639987946,0.134225994348526,18.631999969482422,0.03999999910593033,2.5199999809265137,0.1889999955892563,-0.33430901169776917,0.07162000238895416,2.1700000762939453,1.0,618.6300048828125,1.4811899662017822,1.1592600345611572,0.6890000104904175,0.6660000085830688,0.31751200556755066,0.30691200494766235,1.034540057182312,3.0,0.0,0.9628570079803467,1.0,18.713300704956055,0.1274999976158142,29.2527156,-18.1602833,17.0605,26.221599578857422,2.361129918426741e-05,0.027987400069832802,0.1158439964056015,3.4673001209739596e-05,t17_f5_c3,,,,ZTF19abjgazt
2460933.876331,2,3179376332715,20.209400177001953,/ztf/archive/sci/2025/0915/376331/ztf_20250915376331_000298_zr_c07_o_q4_scimrefdiffimg.fits.fz,Kulkarni,1,3.179376332715015e+18,t,1.0,3179,27,298,2228.280029296875,618.6300048828125,29.2526785,-18.1602697,18.656600952148438,0.07215800136327744,4.448450088500977,18.728200912475586,0.10189999639987946,0.134225994348526,18.631999969482422,0.03999999910593033,2.5199999809265137,0.1889999955892563,-0.33430901169776917,0.07162000238895416,2.1700000762939453,1.0,618.6300048828125,1.4811899662017822,1.1592600345611572,0.6890000104904175,0.6660000085830688,0.31751200556755066,0.30691200494766235,1.034540057182312,3.0,0.0,0.9628570079803467,1.0,18.713300704956055,0.1274999976158142,29.2527156,-18.1602833,17.0605,26.221599578857422,2.361129918426741e-05,0.027987400069832802,0.1158439964056015,3.4673001209739596e-05,t17_f5_c3,,,,ZTF19abjgazt
2460933.9193056,1,3179419302715,20.187400817871094,/ztf/archive/sci/2025/0915/419306/ztf_20250915419306_000298_zg_c07_o_q4_scimrefdiffimg.fits.fz,Kulkarni,1,3.179419302715015e+18,t,3.0,3179,27,298,2231.989990234375,623.6920166015625,29.2526699,-18.1602714,18.49570083618164,0.06931299716234207,2.8020899295806885,18.43709945678711,0.07689999788999557,0.07062400132417679,19.31800079345703,0.04500000178813934,2.510999917984009,0.15299999713897705,0.1341319978237152,-0.058566998690366745,2.0299999713897705,0.9829999804496765,623.6920166015625,1.7503000497817993,1.2805700302124023,0.7519999742507935,0.7440000176429749,0.3704429864883423,0.36650198698043823,1.0107500553131104,1.0,0.0,0.9685710072517395,1.0,18.329299926757812,0.0885000005364418,29.2526903,-18.1602669,22.173,26.189699172973633,3.246249980293214e-05,0.03271299973130226,-0.08628520369529724,4.945139880874194e-05,t17_f5_c3,,,,ZTF19abjgazt
2460935.8509144,1,3181350912715,20.03580093383789,/ztf/archive/sci/2025/0917/350880/ztf_20250917350880_000298_zg_c07_o_q4_scimrefdiffimg.fits.fz,Kulkarni,1,3.181350912715015e+18,t,0.0,3181,27,298,2237.60009765625,604.3369750976562,29.2526958,-18.1602741,18.413000106811523,0.07980599999427795,3.2855401039123535,18.30030059814453,0.07020000368356705,0.031644999980926514,19.31800079345703,0.04500000178813934,2.510999917984009,0.15299999713897705,0.42328301072120667,-0.11270400136709213,2.5999999046325684,0.9879999756813049,604.3369750976562,1.7355200052261353,1.1155400276184082,0.8920000195503235,0.8349999785423279,0.34307700395584106,0.32115399837493896,1.0682599544525146,1.0,0.0,0.9657139778137207,1.0,18.32539939880371,0.09099999815225601,29.2526903,-18.1602669,26.621,26.062999725341797,5.404249895946123e-05,0.041475098580121994,-0.08544190227985382,8.3759798144456e-05,t17_f5_c3,,,,ZTF19abjgazt
2460948.8343634,1,3194334362715,20.404699325561523,/ztf/archive/sci/2025/0930/333877/ztf_20250930333877_000298_zg_c07_o_q4_scimrefdiffimg.fits.fz,Kulkarni,1,3.194334362715015e+18,1,1.0,3194,27,298,2229.929931640625,621.5260009765625,29.2526805,-18.1602784,18.341999053955078,0.07702100276947021,7.906529903411865,18.357799530029297,0.052799999713897705,0.05264899879693985,19.31800079345703,0.04500000178813934,2.510999917984009,0.15299999713897705,0.40481099486351013,0.015802999958395958,2.619999885559082,0.9850000143051147,621.5260009765625,2.0468599796295166,1.1349300146102905,0.8059999942779541,0.7739999890327454,0.30763399600982666,0.29541999101638794,1.0413399934768677,0.0,0.0,0.9571430087089539,1.0,18.319400787353516,0.06400000303983688,29.2526903,-18.1602669,34.2374,26.233999252319336,3.492410178296268e-05,0.033754099160432816,-0.14069800078868866,5.288339889375493e-05,t17_f5_c3,,,,ZTF19abjgazt
2460932.9726157,2,3178472612715,20.1023006439209,/ztf/archive/sci/2025/0914/472604/ztf_20250914472604_000298_zr_c07_o_q4_scimrefdiffimg.fits.fz,Ahumada,3,3.178472612715015e+18,t,1.0,3178,27,298,2241.469970703125,627.6129760742188,29.2527059,-18.1602921,18.509300231933594,0.07396599650382996,5.898159980773926,18.490800857543945,0.09210000187158585,0.04531500115990639,18.631999969482422,0.03999999910593033,2.5199999809265137,0.1889999955892563,-0.425682008266449,-0.01848600059747696,2.0,1.0,627.6129760742188,1.6115399599075317,1.2285900115966797,0.7149999737739563,0.6980000138282776,0.35749998688697815,0.3490000069141388,1.024359941482544,2.0,0.0,0.9700000286102295,1.0,18.56439971923828,0.12520000338554382,29.2527156,-18.1602833,24.9419,26.202299118041992,2.250400029879529e-05,0.0273560993373394,0.12494900077581406,3.348239988554269e-05,t17_f5_c3,,,,ZTF19abjgazt
2460948.8343634,1,3194334362715,20.404699325561523,/ztf/archive/sci/2025/0930/333877/ztf_20250930333877_000298_zg_c07_o_q4_scimrefdiffimg.fits.fz,Kulkarni,1,3.194334362715015e+18,t,1.0,3194,27,298,2229.929931640625,621.5260009765625,29.2526805,-18.1602784,18.341999053955078,0.07702100276947021,7.906529903411865,18.357799530029297,0.052799999713897705,0.05264899879693985,19.31800079345703,0.04500000178813934,2.510999917984009,0.15299999713897705,0.40481099486351013,0.015802999958395958,2.619999885559082,0.9850000143051147,621.5260009765625,2.0468599796295166,1.1349300146102905,0.8059999942779541,0.7739999890327454,0.30763399600982666,0.29541999101638794,1.0413399934768677,0.0,0.0,0.9571430087089539,1.0,18.319400787353516,0.06400000303983688,29.2526903,-18.1602669,34.2374,26.233999252319336,3.492410178296268e-05,0.033754099160432816,-0.14069800078868866,5.288339889375493e-05,t17_f5_c3,,,,ZTF19abjgazt
2460948.8970833,2,3194397082715,20.360599517822266,/ztf/archive/sci/2025/0930/396470/ztf_20250930396470_000298_zr_c07_o_q4_scimrefdiffimg.fits.fz,Kulkarni,1,3.194397082715015e+18,t,0.0,3194,27,298,2230.75,630.2230224609375,29.2526843,-18.1602568,18.48590087890625,0.05510000139474869,4.012599945068359,18.564199447631836,0.08139999955892563,0.14166299998760223,18.631999969482422,0.03999999910593033,2.5199999809265137,0.1889999955892563,-0.39950400590896606,0.07825999706983566,1.7699999809265137,0.9829999804496765,630.2230224609375,1.7963999509811401,1.3469599485397339,0.6439999938011169,0.6129999756813049,0.3638420104980469,0.3463279902935028,1.050570011138916,5.0,0.0,0.9599999785423279,0.948731005191803,18.61359977722168,0.10760000348091125,29.2527156,-18.1602833,17.2711,26.179899215698242,2.306990063516423e-05,0.02741359919309616,0.11104600131511688,3.423180169193074e-05,t17_f5_c3,,,,ZTF19abjgazt
2460951.8016319,2,3197301632715,19.803499221801758,/ztf/archive/sci/2025/1003/301620/ztf_20251003301620_000298_zr_c07_o_q4_scimrefdiffimg.fits.fz,Ahumada,3,3.197301632715015e+18,1,0.0,3197,27,298,2231.330078125,616.6019897460938,29.2526812,-18.160251,18.492700576782227,0.09175900369882584,4.5375800132751465,18.545400619506836,0.12409999966621399,0.16345399618148804,18.631999969482422,0.03999999910593033,2.5199999809265137,0.1889999955892563,-0.526856005191803,0.05273199826478958,1.9299999475479126,0.9929999709129333,616.6019897460938,1.2580699920654297,1.2890299558639526,0.6449999809265137,0.5860000252723694,0.3341970145702362,0.30362701416015625,1.1006799936294556,3.0,0.0,0.9599999785423279,1.0,18.383100509643555,0.13670000433921814,29.2527156,-18.1602833,17.9004,26.255699157714844,2.4533499527024105e-05,0.028437599539756775,0.1146330013871193,3.603089862735942e-05,t17_f5_c3,,,,ZTF19abjgazt
2460985.7484028,1,3231248405015,19.09760093688965,/ztf/archive/sci/2025/1106/248403/ztf_20251106248403_001290_zg_c13_o_q3_scimrefdiffimg.fits.fz,Kulkarni,2,3.231248405015015e+18,1,6.0,3231,50,1290,1388.8699951171875,1501.9599609375,29.2526379,-18.1601256,18.822099685668945,0.16522499918937683,1.065209984779358,18.593599319458008,0.23330000042915344,0.7035279870033264,18.777000427246094,0.03799999877810478,2.0280001163482666,0.14499999582767487,2.225640058517456,-0.228534996509552,4.940000057220459,0.9810000061988831,1388.8699951171875,0.504006028175354,0.5291669964790344,1.0449999570846558,0.8109999895095825,0.21153800189495087,0.16416999697685242,1.2885299921035767,2.0,0.0,0.6571429967880249,1.0,18.493099212646484,0.27320000529289246,29.2527487,-18.1602932,8.69942,26.318099975585938,7.624200225109234e-05,0.03870740160346031,-0.035661499947309494,0.0001393919956171885,t17_f5_c3,,,,ZTF19abjgazt
2461016.6369907,1,3262136992715,19.09160041809082,/ztf/archive/sci/2025/1207/136979/ztf_20251207136979_000298_zg_c07_o_q4_scimrefdiffimg.fits.fz,Kulkarni,1,3.262136992715015e+18,1,0.0,3262,27,298,2216.0400390625,614.8159790039062,29.2527079,-18.1604146,18.838300704956055,0.1574299931526184,0.7425959706306458,18.91080093383789,0.19699999690055847,0.5283070206642151,19.31800079345703,0.04500000178813934,2.510999917984009,0.15299999713897705,1.2383400201797485,0.07250099629163742,4.619999885559082,0.9599999785423279,614.8159790039062,0.18083900213241577,0.9076089859008789,1.4240000247955322,1.3179999589920044,0.30822500586509705,0.2852810025215149,1.080430030822754,0.0,0.0,0.6442859768867493,1.0,18.822099685668945,0.23270000517368317,29.2526903,-18.1602669,10.1218,26.181299209594727,0.00010491000284673646,0.041876401752233505,0.014064700342714787,0.00024864100851118565,t17_f5_c3,,,,ZTF19abjgazt
2461016.5729398,1,3262072932715,19.07939910888672,/ztf/archive/sci/2025/1207/072604/ztf_20251207072604_000298_zg_c07_o_q4_scimrefdiffimg.fits.fz,Kulkarni/knolan,3,,,,3262,27,298,,,,,,,,,,,,,,,,,,,,,,,,,,,,,,,,,,,,26.08009910583496,0.00015361599798779935,0.04962189868092537,-0.021976599469780922,0.00034413099638186395,t17_f5_c3,,,,ZTF19abjgazt
2461016.5783565,2,3262078352715,19.087200164794922,/ztf/archive/sci/2025/1207/077720/ztf_20251207077720_000298_zr_c07_o_q4_scimrefdiffimg.fits.fz,Kulkarni/knolan,3,,,,3262,27,298,,,,,,,,,,,,,,,,,,,,,,,,,,,,,,,,,,,,26.205900192260742,8.242610056186095e-05,0.049591198563575745,0.14124000072479248,0.00012781900295522064,t17_f5_c3,,,,ZTF19abjgazt
2461016.6369907,1,3262136992715,19.09160041809082,/ztf/archive/sci/2025/1207/136979/ztf_20251207136979_000298_zg_c07_o_q4_scimrefdiffimg.fits.fz,Kulkarni,1,3.262136992715015e+18,t,0.0,3262,27,298,2216.0400390625,614.8159790039062,29.2527079,-18.1604146,18.838300704956055,0.1574299931526184,0.7425959706306458,18.91080093383789,0.19699999690055847,0.5283070206642151,19.31800079345703,0.04500000178813934,2.510999917984009,0.15299999713897705,1.2383400201797485,0.07250099629163742,4.619999885559082,0.9599999785423279,614.8159790039062,0.18083900213241577,0.9076089859008789,1.4240000247955322,1.3179999589920044,0.30822500586509705,0.2852810025215149,1.080430030822754,0.0,0.0,0.6442859768867493,1.0,18.822099685668945,0.23270000517368317,29.2526903,-18.1602669,10.1218,26.181299209594727,0.00010491000284673646,0.041876401752233505,0.014064700342714787,0.00024864100851118565,t17_f5_c3,,,,ZTF19abjgazt
2461016.6809722,2,3262180972715,18.909900665283203,/ztf/archive/sci/2025/1207/180972/ztf_20251207180972_000298_zr_c07_o_q4_scimrefdiffimg.fits.fz,Kulkarni,1,3.262180972715015e+18,t,0.0,3262,27,298,2211.300048828125,624.427978515625,29.2527275,-18.1601172,18.82270050048828,0.17040300369262695,1.6425000429153442,18.658599853515625,0.14749999344348907,0.5915300250053406,18.631999969482422,0.03999999910593033,2.5199999809265137,0.1889999955892563,0.41197699308395386,-0.16412299871444702,3.359999895095825,0.5879999995231628,624.427978515625,0.2513209879398346,1.5685399770736694,1.7510000467300415,1.5379999876022339,0.5211309790611267,0.4577380120754242,1.1384899616241455,6.0,0.0,0.42428600788116455,0.9719399809837341,18.613000869750977,0.1809999942779541,29.2527156,-18.1602833,8.69376,26.2726993560791,8.316060120705515e-05,0.04568399861454964,0.13828599452972412,0.00013161600509192795,t17_f5_c3,,,,ZTF19abjgazt
2461017.6690046,2,3263169002715,20.265100479125977,/ztf/archive/sci/2025/1208/169005/ztf_20251208169005_000298_zr_c07_o_q4_scimrefdiffimg.fits.fz,Ahumada,3,3.263169002715015e+18,1,1.0,3263,27,298,2226.10009765625,619.7579956054688,29.2526955,-18.160291,18.745100021362305,0.08257199823856354,2.603640079498291,18.792600631713867,0.11739999800920486,0.07326400279998779,18.631999969482422,0.03999999910593033,2.5199999809265137,0.1889999955892563,1.2080899477005005,0.04745500162243843,1.4800000190734863,0.9829999804496765,619.7579956054688,1.4725099802017212,1.4764100313186646,0.6060000061988831,0.5350000262260437,0.4094589948654175,0.3614859879016876,1.1327099800109863,4.0,0.0,0.9385709762573242,0.9783909916877747,18.931499481201172,0.1696999967098236,29.2527156,-18.1602833,9.80441,26.28809928894043,2.6195299142273143e-05,0.029305899515748024,0.10731600224971771,3.8801299524493515e-05,t17_f5_c3,,,,ZTF19abjgazt
2461020.6768056,1,3266176802715,19.884700775146484,/ztf/archive/sci/2025/1211/176794/ztf_20251211176794_000298_zg_c07_o_q4_scimrefdiffimg.fits.fz,Kulkarni,1,3.266176802715015e+18,1,1.0,3266,27,298,2217.219970703125,584.0590209960938,29.2526757,-18.1604042,18.746700286865234,0.09007100015878677,1.127869963645935,18.636999130249023,0.09769999980926514,0.4905399978160858,19.31800079345703,0.04500000178813934,2.510999917984009,0.15299999713897705,0.8647390007972717,-0.10966599732637405,4.150000095367432,0.9419999718666077,584.0590209960938,1.2477200031280518,0.7764419913291931,1.1629999876022339,1.0920000076293945,0.2802410125732422,0.2631329894065857,1.065019965171814,1.0,0.0,0.8871430158615112,1.0,18.492799758911133,0.10909999907016754,29.2526903,-18.1602669,18.8546,26.235700607299805,6.687609857181087e-05,0.045940499752759933,-0.061148300766944885,0.00011478800297481939,t17_f5_c3,,,,ZTF19abjgazt
2461020.6768056,1,3266176802715,19.884700775146484,/ztf/archive/sci/2025/1211/176794/ztf_20251211176794_000298_zg_c07_o_q4_scimrefdiffimg.fits.fz,Kulkarni,1,3.266176802715015e+18,t,1.0,3266,27,298,2217.219970703125,584.0590209960938,29.2526757,-18.1604042,18.746700286865234,0.09007100015878677,1.127869963645935,18.636999130249023,0.09769999980926514,0.4905399978160858,19.31800079345703,0.04500000178813934,2.510999917984009,0.15299999713897705,0.8647390007972717,-0.10966599732637405,4.150000095367432,0.9419999718666077,584.0590209960938,1.2477200031280518,0.7764419913291931,1.1629999876022339,1.0920000076293945,0.2802410125732422,0.2631329894065857,1.065019965171814,1.0,0.0,0.8871430158615112,1.0,18.492799758911133,0.10909999907016754,29.2526903,-18.1602669,18.8546,26.235700607299805,6.687609857181087e-05,0.045940499752759933,-0.061148300766944885,0.00011478800297481939,t17_f5_c3,,,,ZTF19abjgazt
2461020.7120486,2,3266212042715,20.058900833129883,/ztf/archive/sci/2025/1211/212037/ztf_20251211212037_000298_zr_c07_o_q4_scimrefdiffimg.fits.fz,Kulkarni,1,3.266212042715015e+18,t,1.0,3266,27,298,2223.659912109375,592.39599609375,29.2526975,-18.1603044,18.89620018005371,0.09663700312376022,2.1745400428771973,18.951799392700195,0.13619999587535858,0.09665299952030182,18.631999969482422,0.03999999910593033,2.5199999809265137,0.1889999955892563,0.3118320107460022,0.05556900054216385,2.4800000190734863,0.9800000190734863,592.39599609375,1.1070499420166016,1.0618300437927246,0.8100000023841858,0.7509999871253967,0.32661300897598267,0.302823007106781,1.0785599946975708,3.0,0.0,0.9642860293388367,1.0,19.018299102783203,0.1843000054359436,29.2527156,-18.1602833,17.8345,26.259199142456055,2.6091000108863227e-05,0.0292470995336771,0.1223519966006279,3.8053400203352794e-05,t17_f5_c3,,,,ZTF19abjgazt
2461021.6416204,1,3267141622715,20.224000930786133,/ztf/archive/sci/2025/1212/141343/ztf_20251212141343_000298_zg_c07_o_q4_scimrefdiffimg.fits.fz,Kulkarni,1,3.267141622715015e+18,1,0.0,3267,27,298,2228.469970703125,597.2520141601562,29.2527009,-18.1602471,18.78569984436035,0.10092099756002426,4.21334981918335,18.8262996673584,0.11180000007152557,0.07885099947452545,19.31800079345703,0.04500000178813934,2.510999917984009,0.15299999713897705,0.8373349905014038,0.04064600169658661,2.4100000858306885,0.9869999885559082,597.2520141601562,1.3976999521255493,1.0185099840164185,0.7310000061988831,0.6759999990463257,0.3033199906349182,0.2804979979991913,1.0813599824905396,3.0,0.0,0.9614289999008179,0.9877960085868835,18.744199752807617,0.13210000097751617,29.2526903,-18.1602669,18.5238,26.204700469970703,3.0647301173303276e-05,0.031702298671007156,-0.058625999838113785,4.709390123025514e-05,t17_f5_c3,,,,ZTF19abjgazt
2461021.6416204,1,3267141622715,20.224000930786133,/ztf/archive/sci/2025/1212/141343/ztf_20251212141343_000298_zg_c07_o_q4_scimrefdiffimg.fits.fz,Kulkarni,1,3.267141622715015e+18,t,0.0,3267,27,298,2228.469970703125,597.2520141601562,29.2527009,-18.1602471,18.78569984436035,0.10092099756002426,4.21334981918335,18.8262996673584,0.11180000007152557,0.07885099947452545,19.31800079345703,0.04500000178813934,2.510999917984009,0.15299999713897705,0.8373349905014038,0.04064600169658661,2.4100000858306885,0.9869999885559082,597.2520141601562,1.3976999521255493,1.0185099840164185,0.7310000061988831,0.6759999990463257,0.3033199906349182,0.2804979979991913,1.0813599824905396,3.0,0.0,0.9614289999008179,0.9877960085868835,18.744199752807617,0.13210000097751617,29.2526903,-18.1602669,18.5238,26.204700469970703,3.0647301173303276e-05,0.031702298671007156,-0.058625999838113785,4.709390123025514e-05,t17_f5_c3,,,,ZTF19abjgazt
2461021.6884722,2,3267188472715,20.26420021057129,/ztf/archive/sci/2025/1212/188472/ztf_20251212188472_000298_zr_c07_o_q4_scimrefdiffimg.fits.fz,Kulkarni,1,3.267188472715015e+18,t,2.0,3267,27,298,2230.830078125,607.4390258789062,29.2527064,-18.1602555,18.90999984741211,0.08892499655485153,3.3719398975372314,18.818899154663086,0.11559999734163284,0.10347700119018555,18.631999969482422,0.03999999910593033,2.5199999809265137,0.1889999955892563,0.6975950002670288,-0.09107500314712524,1.75,0.9810000061988831,607.4390258789062,1.4452999830245972,1.3051400184631348,0.7129999995231628,0.621999979019165,0.4074290096759796,0.3554289937019348,1.146299958229065,4.0,0.0,0.9714289903640747,0.9950799942016602,18.934600830078125,0.16329999268054962,29.2527156,-18.1602833,13.7631,26.2549991607666,2.730999949562829e-05,0.029836900532245636,0.12307699769735336,3.977449887315743e-05,t17_f5_c3,,,,ZTF19abjgazt
2461027.6303356,2,3273130332715,19.662799835205078,/ztf/archive/sci/2025/1218/130336/ztf_20251218130336_000298_zr_c07_o_q4_scimrefdiffimg.fits.fz,Kulkarni,1,3.273130332715015e+18,1,1.0,3273,27,298,2230.02001953125,581.1680297851562,29.2527237,-18.160279,18.78820037841797,0.09855499863624573,0.9450830221176147,18.965099334716797,0.1657000035047531,0.0315140001475811,18.631999969482422,0.03999999910593033,2.5199999809265137,0.1889999955892563,-0.38494399189949036,0.17689399421215057,2.390000104904175,0.9739999771118164,581.1680297851562,0.6976730227470398,1.3116400241851807,0.8029999732971191,0.7730000019073486,0.335983008146286,0.32343098521232605,1.0388100147247314,3.0,0.0,0.9599999785423279,1.0,19.02669906616211,0.22370000183582306,29.2527156,-18.1602833,11.5146,26.147199630737305,3.315900175948627e-05,0.032604701817035675,0.11827600002288818,4.83030999021139e-05,t17_f5_c3,,,,ZTF19abjgazt
2461027.6303356,2,3273130332715,19.662799835205078,/ztf/archive/sci/2025/1218/130336/ztf_20251218130336_000298_zr_c07_o_q4_scimrefdiffimg.fits.fz,Kulkarni,1,3.273130332715015e+18,t,1.0,3273,27,298,2230.02001953125,581.1680297851562,29.2527237,-18.160279,18.78820037841797,0.09855499863624573,0.9450830221176147,18.965099334716797,0.1657000035047531,0.0315140001475811,18.631999969482422,0.03999999910593033,2.5199999809265137,0.1889999955892563,-0.38494399189949036,0.17689399421215057,2.390000104904175,0.9739999771118164,581.1680297851562,0.6976730227470398,1.3116400241851807,0.8029999732971191,0.7730000019073486,0.335983008146286,0.32343098521232605,1.0388100147247314,3.0,0.0,0.9599999785423279,1.0,19.02669906616211,0.22370000183582306,29.2527156,-18.1602833,11.5146,26.147199630737305,3.315900175948627e-05,0.032604701817035675,0.11827600002288818,4.83030999021139e-05,t17_f5_c3,,,,ZTF19abjgazt
2461027.6690625,1,3273169062715,19.917600631713867,/ztf/archive/sci/2025/1218/169062/ztf_20251218169062_000298_zg_c07_o_q4_scimrefdiffimg.fits.fz,Kulkarni,1,3.273169062715015e+18,t,1.0,3273,27,298,2234.929931640625,584.5260009765625,29.2526511,-18.1603127,18.74020004272461,0.11108899861574173,2.264580011367798,18.63170051574707,0.09640000015497208,0.20987099409103394,19.31800079345703,0.04500000178813934,2.510999917984009,0.15299999713897705,0.7028239965438843,-0.108535997569561,3.9600000381469727,0.7160000205039978,584.5260009765625,1.2859300374984741,0.7971950173377991,1.1399999856948853,1.0099999904632568,0.28787899017333984,0.25505098700523376,1.1287100315093994,0.0,0.0,0.8999999761581421,1.0,18.6653995513916,0.1265999972820282,29.2526903,-18.1602669,20.9789,26.215200424194336,5.032400076743215e-05,0.04007260128855705,-0.06128320097923279,8.430139860138297e-05,t17_f5_c3,,,,ZTF19abjgazt
2461029.6556944,1,3275155692715,19.91699981689453,/ztf/archive/sci/2025/1220/155694/ztf_20251220155694_000298_zg_c07_o_q4_scimrefdiffimg.fits.fz,Kulkarni,1,3.275155692715015e+18,1,2.0,3275,27,298,2236.60009765625,607.7689819335938,29.2527045,-18.1603107,18.815500259399414,0.10928700119256973,2.2230401039123535,18.858400344848633,0.10379999876022339,0.16281700134277344,19.31800079345703,0.04500000178813934,2.510999917984009,0.15299999713897705,0.5202289819717407,0.04288500174880028,4.800000190734863,0.8980000019073486,607.7689819335938,1.0585500001907349,0.7565370202064514,1.1749999523162842,1.1339999437332153,0.24479199945926666,0.23624999821186066,1.0361499786376953,0.0,0.0,0.8428570032119751,1.0,18.7947998046875,0.12449999898672104,29.2526903,-18.1602669,20.6131,26.232500076293945,4.8940801207209006e-05,0.038021400570869446,-0.06792239844799042,8.920080290408805e-05,t17_f5_c3,,,,ZTF19abjgazt
2461029.6556944,1,3275155692715,19.91699981689453,/ztf/archive/sci/2025/1220/155694/ztf_20251220155694_000298_zg_c07_o_q4_scimrefdiffimg.fits.fz,Kulkarni,1,3.275155692715015e+18,t,2.0,3275,27,298,2236.60009765625,607.7689819335938,29.2527045,-18.1603107,18.815500259399414,0.10928700119256973,2.2230401039123535,18.858400344848633,0.10379999876022339,0.16281700134277344,19.31800079345703,0.04500000178813934,2.510999917984009,0.15299999713897705,0.5202289819717407,0.04288500174880028,4.800000190734863,0.8980000019073486,607.7689819335938,1.0585500001907349,0.7565370202064514,1.1749999523162842,1.1339999437332153,0.24479199945926666,0.23624999821186066,1.0361499786376953,0.0,0.0,0.8428570032119751,1.0,18.7947998046875,0.12449999898672104,29.2526903,-18.1602669,20.6131,26.232500076293945,4.8940801207209006e-05,0.038021400570869446,-0.06792239844799042,8.920080290408805e-05,t17_f5_c3,,,,ZTF19abjgazt
2461029.6723727,2,3275172372715,19.933500289916992,/ztf/archive/sci/2025/1220/172361/ztf_20251220172361_000298_zr_c07_o_q4_scimrefdiffimg.fits.fz,Kulkarni,1,3.275172372715015e+18,t,0.0,3275,27,298,2233.7900390625,609.6699829101562,29.2526556,-18.1602741,18.840099334716797,0.08619000017642975,1.4581899642944336,18.9552001953125,0.1371999979019165,0.20549699664115906,18.631999969482422,0.03999999910593033,2.5199999809265137,0.1889999955892563,-0.25516900420188904,0.11506099998950958,2.6700000762939453,0.9800000190734863,609.6699829101562,0.9782990217208862,1.1008800268173218,0.8629999756813049,0.8149999976158142,0.32322099804878235,0.30524298548698425,1.058899998664856,0.0,0.0,0.9528570175170898,1.0,18.801700592041016,0.15189999341964722,29.2527156,-18.1602833,17.2456,26.254100799560547,2.5281300622737035e-05,0.028614899143576622,0.12131199985742569,3.6853998608421534e-05,t17_f5_c3,,,,ZTF19abjgazt
2461031.6223032,1,3277122302715,20.365100860595703,/ztf/archive/sci/2025/1222/122303/ztf_20251222122303_000298_zg_c07_o_q4_scimrefdiffimg.fits.fz,Kulkarni,1,3.277122302715015e+18,1,3.0,3277,27,298,2226.9599609375,602.9509887695312,29.2526677,-18.1602536,18.7096004486084,0.06828899681568146,1.1118799448013306,18.806400299072266,0.09570000320672989,0.08961900323629379,19.31800079345703,0.04500000178813934,2.510999917984009,0.15299999713897705,1.054010033607483,0.09679099917411804,2.119999885559082,0.9829999804496765,602.9509887695312,1.558709979057312,1.1747000217437744,0.6430000066757202,0.6399999856948853,0.30330199003219604,0.30188700556755066,1.0046900510787964,2.0,0.0,0.9657139778137207,0.9879339933395386,18.85099983215332,0.1265999972820282,29.2526903,-18.1602669,16.3476,26.263599395751953,3.0046800020500086e-05,0.03146060183644295,-0.10590600222349167,4.544209878076799e-05,t17_f5_c3,,,,ZTF19abjgazt
2461031.6223032,1,3277122302715,20.365100860595703,/ztf/archive/sci/2025/1222/122303/ztf_20251222122303_000298_zg_c07_o_q4_scimrefdiffimg.fits.fz,Kulkarni,1,3.277122302715015e+18,t,3.0,3277,27,298,2226.9599609375,602.9509887695312,29.2526677,-18.1602536,18.7096004486084,0.06828899681568146,1.1118799448013306,18.806400299072266,0.09570000320672989,0.08961900323629379,19.31800079345703,0.04500000178813934,2.510999917984009,0.15299999713897705,1.054010033607483,0.09679099917411804,2.119999885559082,0.9829999804496765,602.9509887695312,1.558709979057312,1.1747000217437744,0.6430000066757202,0.6399999856948853,0.30330199003219604,0.30188700556755066,1.0046900510787964,2.0,0.0,0.9657139778137207,0.9879339933395386,18.85099983215332,0.1265999972820282,29.2526903,-18.1602669,16.3476,26.263599395751953,3.0046800020500086e-05,0.03146060183644295,-0.10590600222349167,4.544209878076799e-05,t17_f5_c3,,,,ZTF19abjgazt
2461031.6272801,2,3277127282715,20.347400665283203,/ztf/archive/sci/2025/1222/127280/ztf_20251222127280_000298_zr_c07_o_q4_scimrefdiffimg.fits.fz,Kulkarni,1,3.277127282715015e+18,t,2.0,3277,27,298,2230.070068359375,611.0650024414062,29.2526703,-18.1602753,18.781400680541992,0.10038000345230103,2.546760082244873,18.85070037841797,0.10809999704360962,0.15565399825572968,18.631999969482422,0.03999999910593033,2.5199999809265137,0.1889999955892563,0.5019410252571106,0.06926199793815613,2.1500000953674316,0.9810000061988831,611.0650024414062,1.4967299699783325,1.0877399444580078,0.5979999899864197,0.48100000619888306,0.27814000844955444,0.2237209975719452,1.2432399988174438,5.0,0.0,0.9071429967880249,0.973471999168396,18.868600845336914,0.13950000703334808,29.2527156,-18.1602833,8.25368,26.28339958190918,1.9070299458689988e-05,0.025034500285983086,0.10717099905014038,2.7897100153495558e-05,t17_f5_c3,,,,ZTF19abjgazt
2461038.6679745,1,3284167972715,18.762399673461914,/ztf/archive/sci/2025/1229/167963/ztf_20251229167963_000298_zg_c07_o_q4_scimrefdiffimg.fits.fz,Kulkarni,1,3.284167972715015e+18,t,0.0,3284,27,298,2182.35009765625,645.02197265625,29.2528598,-18.1602382,18.782499313354492,0.3676150143146515,1.2601699829101562,19.031299591064453,0.2321999967098236,0.581529974937439,19.31800079345703,0.04500000178813934,2.510999917984009,0.15299999713897705,-0.14041399955749512,0.24878300726413727,4.820000171661377,0.6380000114440918,645.02197265625,-0.2688719928264618,1.1145999431610107,1.8849999904632568,1.4470000267028809,0.39107900857925415,0.3002069890499115,1.3027000427246094,3.0,0.0,0.32571399211883545,1.0,18.870899200439453,0.25699999928474426,29.2526903,-18.1602669,6.3634,26.215499877929688,0.00022212299518287182,0.038242701441049576,-0.08626490086317062,0.0005680919857695699,t17_f5_c3,,,,ZTF19abjgazt
2461038.7217245,2,3284221722715,18.8341007232666,/ztf/archive/sci/2025/1229/221470/ztf_20251229221470_000298_zr_c07_o_q4_scimrefdiffimg.fits.fz,Kulkarni,1,3.284221722715015e+18,t,0.0,3284,27,298,2188.419921875,631.427978515625,29.2528058,-18.1604265,18.866500854492188,0.225832000374794,1.098039984703064,18.78969955444336,0.2061000019311905,0.5931730270385742,18.631999969482422,0.03999999910593033,2.5199999809265137,0.1889999955892563,-0.493461012840271,-0.07676000148057938,3.4800000190734863,0.7260000109672546,631.427978515625,0.04438000172376633,1.3054699897766113,1.7400000095367432,1.399999976158142,0.5,0.4022989869117737,1.242859959602356,5.0,0.0,0.42428600788116455,0.9908589720726013,18.983400344848633,0.3154999911785126,29.2527156,-18.1602833,7.14735,26.206499099731445,0.0001115039995056577,0.04985779896378517,0.12520399689674377,0.00018756800272967666,t17_f5_c3,,,,ZTF19abjgazt
2461049.6670139,1,3295167012715,19.391300201416016,/ztf/archive/sci/2026/0109/167002/ztf_20260109167002_000298_zg_c07_o_q4_scimrefdiffimg.fits.fz,Kulkarni,1,3.295167012715015e+18,t,2.0,3295,27,298,2190.7900390625,644.5170288085938,29.2527464,-18.160244,18.690799713134766,0.1358029991388321,1.1607199907302856,18.637300491333008,0.11339999735355377,0.20633800327777863,19.31800079345703,0.04500000178813934,2.510999917984009,0.15299999713897705,0.7186530232429504,-0.05352099984884262,4.690000057220459,0.972000002861023,644.5170288085938,0.7540029883384705,0.9256200194358826,1.5800000429153442,1.430999994277954,0.336887001991272,0.30511701107025146,1.1041200160980225,1.0,0.0,0.6057140231132507,1.0,18.580400466918945,0.13750000298023224,29.2526903,-18.1602669,14.9942,26.178800582885742,6.866780313430354e-05,0.03743860125541687,-0.05948309972882271,0.0001560789969516918,t17_f5_c3,,,,ZTF19abjgazt
2461051.6793056,1,3297179302715,19.162500381469727,/ztf/archive/sci/2026/0111/179306/ztf_20260111179306_000298_zg_c07_o_q4_scimrefdiffimg.fits.fz,Kulkarni,1,3.297179302715015e+18,t,0.0,3297,27,298,2197.830078125,636.0549926757812,29.2526298,-18.1604517,18.871700286865234,0.27238398790359497,1.0959999561309814,18.88319969177246,0.14659999310970306,0.6875479817390442,19.31800079345703,0.04500000178813934,2.510999917984009,0.15299999713897705,0.02147500030696392,0.011471999809145927,9.100000381469727,0.921999990940094,636.0549926757812,0.279339998960495,0.5686540007591248,1.99399995803833,1.6829999685287476,0.21912099421024323,0.1849450021982193,1.184790015220642,1.0,0.0,0.3085710108280182,1.0,18.89900016784668,0.19040000438690186,29.2526903,-18.1602669,9.89602,26.198699951171875,0.0001064669995685108,0.03966270014643669,-0.10578200221061707,0.0002466570003889501,t17_f5_c3,,,,ZTF19abjgazt
2461028.5709491,1,3274070942715,18.800500869750977,/ztf/archive/sci/2025/1219/070324/ztf_20251219070324_000298_zg_c07_o_q4_scimrefdiffimg.fits.fz,Kulkarni/knolan,3,,,,3274,27,298,,,,,,,,,,,,,,,,,,,,,,,,,,,,,,,,,,,,25.68160057067871,8.618800347903743e-05,0.04013780131936073,-0.07843240350484848,0.00018637599714566022,t17_f5_c3,,,,ZTF19abjgazt
2461028.5791667,2,3274079162715,18.995800018310547,/ztf/archive/sci/2025/1219/078553/ztf_20251219078553_000298_zr_c07_o_q4_scimrefdiffimg.fits.fz,Kulkarni/knolan,3,,,,3274,27,298,,,,,,,,,,,,,,,,,,,,,,,,,,,,,,,,,,,,25.593900680541992,0.0002749960112851113,0.09508500248193741,0.11992499977350235,0.0003968740056734532,t17_f5_c3,,,,ZTF19abjgazt
2461053.6250231,1,3299125022715,19.46109962463379,/ztf/archive/sci/2026/0113/125023/ztf_20260113125023_000298_zg_c07_o_q4_scimrefdiffimg.fits.fz,Kulkarni,1,3.299125022715015e+18,t,1.0,3299,27,298,2196.780029296875,634.1680297851562,29.2526736,-18.1603287,18.714000701904297,0.1310350000858307,1.4434700012207031,18.874300003051758,0.13030000030994415,0.22662700712680817,19.31800079345703,0.04500000178813934,2.510999917984009,0.15299999713897705,0.6358069777488708,0.16030000150203705,4.630000114440918,0.9679999947547913,634.1680297851562,0.5867969989776611,0.9516500234603882,1.2999999523162842,1.2760000228881836,0.2807779908180237,0.27559399604797363,1.0188100337982178,1.0,0.0,0.7471429705619812,1.0,18.884000778198242,0.1678999960422516,29.2526903,-18.1602669,14.2016,26.219999313354492,7.2228598583024e-05,0.038904499262571335,-0.06514500081539154,0.00015883399464655668,t17_f5_c3,,,,ZTF19abjgazt
2461053.6774306,2,3299177432715,19.43869972229004,/ztf/archive/sci/2026/0113/177025/ztf_20260113177025_000298_zr_c07_o_q4_scimrefdiffimg.fits.fz,Kulkarni,1,,,,3299,27,298,,,,,,,,,,,,,,,,,,,,,,,,,,,,,,,,,,,,26.223600387573242,4.609689858625643e-05,0.038598399609327316,0.13064800202846527,6.697660137433559e-05,t17_f5_c3,,,,ZTF19abjgazt
2461054.6663542,1,3300166355015,19.364900588989258,/ztf/archive/sci/2026/0114/166354/ztf_20260114166354_001290_zg_c13_o_q3_scimrefdiffimg.fits.fz,Kulkarni,2,3.300166355015015e+18,1,4.0,3300,50,1290,1366.9599609375,1509.56005859375,29.2526563,-18.1601252,19.582799911499023,0.22989599406719208,0.9174299836158752,19.31060028076172,0.2280000001192093,0.673911988735199,18.777000427246094,0.03799999877810478,2.0280001163482666,0.14499999582767487,0.6210089921951294,-0.27215999364852905,3.9100000858306885,0.6779999732971191,1366.9599609375,0.054274000227451324,1.0443099737167358,1.7769999504089355,1.562999963760376,0.454475998878479,0.3997440040111542,1.1369199752807617,3.0,0.0,0.38285699486732483,1.0,19.510000228881836,0.350600004196167,29.2527487,-18.1602932,6.41997,26.253799438476562,7.18476003385149e-05,0.0393139012157917,-0.035063501447439194,0.0001353230036329478,t17_f5_c3,,,,ZTF19abjgazt
2461055.6960532,1,3301196052715,18.998899459838867,/ztf/archive/sci/2026/0115/196030/ztf_20260115196030_000298_zg_c07_o_q4_scimrefdiffimg.fits.fz,Kulkarni,1,3.301196052715015e+18,t,2.0,3301,27,298,2179.02001953125,598.6900024414062,29.2527368,-18.1603028,18.783700942993164,0.19334299862384796,0.9423490166664124,18.813899993896484,0.18960000574588776,0.2021690011024475,19.31800079345703,0.04500000178813934,2.510999917984009,0.15299999713897705,1.685610055923462,0.030169999226927757,4.079999923706055,0.9570000171661377,598.6900024414062,0.18495599925518036,1.066499948501587,1.4520000219345093,1.2450000047683716,0.3558819890022278,0.3051469922065735,1.1662700176239014,0.0,0.0,0.6171429753303528,1.0,18.767499923706055,0.23270000517368317,29.2526903,-18.1602669,9.85456,25.99970054626465,0.00018729400471784174,0.053697798401117325,-0.020662199705839157,0.00043433898827061057,t17_f5_c3,,,,ZTF19abjgazt
2461057.605544,2,3303105542715,18.529499053955078,/ztf/archive/sci/2026/0117/105544/ztf_20260117105544_000298_zr_c07_o_q4_scimrefdiffimg.fits.fz,Kulkarni,1,,,,3303,27,298,,,,,,,,,,,,,,,,,,,,,,,,,,,,,,,,,,,,25.759000778198242,0.00046095100697129965,0.08970510214567184,0.12270999699831009,0.0007770120282657444,t17_f5_c3,,,,ZTF19abjgazt
2461059.6898611,1,3305189862715,19.65559959411621,/ztf/archive/sci/2026/0119/189861/ztf_20260119189861_000298_zg_c07_o_q4_scimrefdiffimg.fits.fz,Kulkarni,1,3.305189862715015e+18,t,0.0,3305,27,298,2200.5,598.3770141601562,29.2527283,-18.1602482,18.824600219726562,0.13117900490760803,2.4155800342559814,18.809900283813477,0.1647000014781952,0.1443440020084381,19.31800079345703,0.04500000178813934,2.510999917984009,0.15299999713897705,0.5816100239753723,-0.014736000448465347,2.5799999237060547,0.9890000224113464,598.3770141601562,0.8457180261611938,1.059000015258789,0.8050000071525574,0.7269999980926514,0.31201601028442383,0.28178301453590393,1.1072900295257568,2.0,0.0,0.9557139873504639,0.9989879727363586,18.65920066833496,0.1835000067949295,29.2526903,-18.1602669,16.4398,26.111600875854492,4.847919990424998e-05,0.038681600242853165,-0.049785200506448746,8.627789793536067e-05,t17_f5_c3,,,,ZTF19abjgazt
2461066.6261227,1,3312126122715,18.52389907836914,/ztf/archive/sci/2026/0126/126111/ztf_20260126126111_000298_zg_c07_o_q4_scimrefdiffimg.fits.fz,Kulkarni,1,,,,3312,27,298,,,,,,,,,,,,,,,,,,,,,,,,,,,,,,,,,,,,25.509899139404297,0.00019223199342377484,0.05363060161471367,-0.07599680125713348,0.0004463359946385026,t17_f5_c3,,,,ZTF19abjgazt
2461066.6491088,2,3312149102715,18.079099655151367,/ztf/archive/sci/2026/0126/149109/ztf_20260126149109_000298_zr_c07_o_q4_scimrefdiffimg.fits.fz,Kulkarni,1,,,,3312,27,298,,,,,,,,,,,,,,,,,,,,,,,,,,,,,,,,,,,,25.726699829101562,0.00030308798886835575,0.05807949975132942,0.08471240103244781,0.0005215149722062051,t17_f5_c3,,,,ZTF19abjgazt
2461070.608831,1,3316108832715,18.47100067138672,/ztf/archive/sci/2026/0130/108646/ztf_20260130108646_000298_zg_c07_o_q4_scimrefdiffimg.fits.fz,Kulkarni,1,3.316108832715015e+18,t,0.0,3316,27,298,2200.4599609375,630.2979736328125,29.2529231,-18.1603295,18.684200286865234,0.2563450038433075,1.0353000164031982,18.909400939941406,0.2912999987602234,0.8169000148773193,19.31800079345703,0.04500000178813934,2.510999917984009,0.15299999713897705,0.28870001435279846,0.22516199946403503,3.75,0.6510000228881836,630.2979736328125,-0.4384329915046692,1.3302199840545654,1.5529999732971191,1.2669999599456787,0.4141330122947693,0.33786699175834656,1.2257299423217773,7.0,0.0,0.42142900824546814,0.9301049709320068,19.162900924682617,0.4724999964237213,29.2526903,-18.1602669,5.93743,26.084199905395508,0.00026337799499742687,0.04054490104317665,-0.09368439763784409,0.0006851659854874015,t17_f5_c3,,,,ZTF19abjgazt
2461070.6641435,2,3316164142715,18.578800201416016,/ztf/archive/sci/2026/0130/164120/ztf_20260130164120_000298_zr_c07_o_q4_scimrefdiffimg.fits.fz,Kulkarni,1,,,,3316,27,298,,,,,,,,,,,,,,,,,,,,,,,,,,,,,,,,,,,,26.090499877929688,0.00012705399421975017,0.04985230043530464,0.08667240291833878,0.00022024799545761198,t17_f5_c3,,,,ZTF19abjgazt
2461072.6110532,1,3318111052715,18.751100540161133,/ztf/archive/sci/2026/0201/110868/ztf_20260201110868_000298_zg_c07_o_q4_scimrefdiffimg.fits.fz,Kulkarni,1,3.318111052715015e+18,t,0.0,3318,27,298,2200.5400390625,618.9290161132812,29.2528336,-18.1602725,18.954999923706055,0.2342970073223114,1.858240008354187,19.585899353027344,0.6906999945640564,0.4844230115413666,19.31800079345703,0.04500000178813934,2.510999917984009,0.15299999713897705,0.46218401193618774,0.630856990814209,3.140000104904175,0.9890000224113464,618.9290161132812,-0.834801971912384,0.9644060134887695,0.8849999904632568,0.6539999842643738,0.2818470001220703,0.20827999711036682,1.3532099723815918,4.0,0.0,0.7271429896354675,0.9701399803161621,19.86870002746582,1.1517000198364258,29.2526903,-18.1602669,7.17781,26.006000518798828,0.00010623499838402495,0.04141769930720329,-0.04724239930510521,0.0002374989999225363,t17_f5_c3,,,,ZTF19abjgazt
2461072.651956,2,3318151952715,18.568700790405273,/ztf/archive/sci/2026/0201/151944/ztf_20260201151944_000298_zr_c07_o_q4_scimrefdiffimg.fits.fz,Kulkarni,1,3.318151952715015e+18,t,0.0,3318,27,298,2192.25,601.9010009765625,29.2528615,-18.160181,18.69409942626953,0.19451700150966644,1.1665799617767334,18.28619956970215,0.21879999339580536,0.6120380163192749,18.631999969482422,0.03999999910593033,2.5199999809265137,0.1889999955892563,1.0570000410079956,-0.40794500708580017,3.880000114440918,0.9950000047683716,601.9010009765625,0.2824519872665405,0.8819209933280945,1.3660000562667847,1.1269999742507935,0.3520619869232178,0.29046401381492615,1.2120699882507324,3.0,0.0,0.5957139730453491,0.9440019726753235,18.395099639892578,0.31040000915527344,29.2527156,-18.1602833,6.90347,26.0221004486084,8.007160067791119e-05,0.04258489981293678,0.12742599844932556,0.00012596799933817238,t17_f5_c3,,,,ZTF19abjgazt
2461073.6278125,1,3319127812715,18.797399520874023,/ztf/archive/sci/2026/0202/127801/ztf_20260202127801_000298_zg_c07_o_q4_scimrefdiffimg.fits.fz,Kulkarni,1,3.319127812715015e+18,1,2.0,3319,27,298,2191.179931640625,608.3909912109375,29.2528318,-18.160235,19.20479965209961,0.24337099492549896,1.3194299936294556,19.002399444580078,0.3937999904155731,0.4910700023174286,19.31800079345703,0.04500000178813934,2.510999917984009,0.15299999713897705,-0.1460070013999939,-0.2024269998073578,1.4867600202560425,0.9829999804496765,608.3909912109375,-0.2050269991159439,2.0,0.875,0.7570000290870667,0.5885289907455444,0.5091609954833984,1.1558799743652344,6.0,0.0,0.8471429944038391,0.9470610022544861,18.954299926757812,0.48410001397132874,29.2526903,-18.1602669,5.62727,26.13279914855957,0.00010280599963152781,0.04013789817690849,-0.06922339648008347,0.00022534499294124544,t17_f5_c3,,,,ZTF19abjgazt
2461073.6278125,1,3319127812715,18.797399520874023,/ztf/archive/sci/2026/0202/127801/ztf_20260202127801_000298_zg_c07_o_q4_scimrefdiffimg.fits.fz,Kulkarni,1,3.319127812715015e+18,t,2.0,3319,27,298,2191.179931640625,608.3909912109375,29.2528318,-18.160235,19.20479965209961,0.24337099492549896,1.3194299936294556,19.002399444580078,0.3937999904155731,0.4910700023174286,19.31800079345703,0.04500000178813934,2.510999917984009,0.15299999713897705,-0.1460070013999939,-0.2024269998073578,1.4867600202560425,0.9829999804496765,608.3909912109375,-0.2050269991159439,2.0,0.875,0.7570000290870667,0.5885289907455444,0.5091609954833984,1.1558799743652344,6.0,0.0,0.8471429944038391,0.9470610022544861,18.954299926757812,0.48410001397132874,29.2526903,-18.1602669,5.62727,26.13279914855957,0.00010280599963152781,0.04013789817690849,-0.06922339648008347,0.00022534499294124544,t17_f5_c3,,,,ZTF19abjgazt
2461073.648831,2,3319148832715,19.111900329589844,/ztf/archive/sci/2026/0202/148831/ztf_20260202148831_000298_zr_c07_o_q4_scimrefdiffimg.fits.fz,Kulkarni,1,3.319148832715015e+18,t,1.0,3319,27,298,2195.909912109375,600.8939819335938,29.2526837,-18.1601926,18.984699249267578,0.14120100438594818,1.2018400430679321,18.859699249267578,0.3046000003814697,0.33976298570632935,18.631999969482422,0.03999999910593033,2.5199999809265137,0.1889999955892563,-0.008813000284135342,-0.12504300475120544,2.0299999713897705,0.9539999961853027,600.8939819335938,0.2521750032901764,1.2453800439834595,0.7329999804496765,0.5979999899864197,0.3610840141773224,0.29458099603652954,1.2257499694824219,7.0,0.0,0.9300000071525574,0.9254109859466553,18.585800170898438,0.3037000000476837,29.2527156,-18.1602833,7.17928,26.18470001220703,5.1730399718508124e-05,0.04143739864230156,0.12186799943447113,7.513230229960755e-05,t17_f5_c3,,,,ZTF19abjgazt
2461054.6663542,1,3300166355015,19.364900588989258,/ztf/archive/sci/2026/0114/166354/ztf_20260114166354_001290_zg_c13_o_q3_scimrefdiffimg.fits.fz,Kulkarni,2,3.300166355015015e+18,t,4.0,3300,50,1290,1366.9599609375,1509.56005859375,29.2526563,-18.1601252,19.582799911499023,0.22989599406719208,0.9174299836158752,19.31060028076172,0.2280000001192093,0.673911988735199,18.777000427246094,0.03799999877810478,2.0280001163482666,0.14499999582767487,0.6210089921951294,-0.27215999364852905,3.9100000858306885,0.6779999732971191,1366.9599609375,0.054274000227451324,1.0443099737167358,1.7769999504089355,1.562999963760376,0.454475998878479,0.3997440040111542,1.1369199752807617,3.0,0.0,0.38285699486732483,1.0,19.510000228881836,0.350600004196167,29.2527487,-18.1602932,6.41997,26.253799438476562,7.18476003385149e-05,0.0393139012157917,-0.035063501447439194,0.0001353230036329478,t17_f5_c3,,,,ZTF19abjgazt
2461075.6204282,1,3321120422715,19.394899368286133,/ztf/archive/sci/2026/0204/120417/ztf_20260204120417_000298_zg_c07_o_q4_scimrefdiffimg.fits.fz,Kulkarni,1,3.321120422715015e+18,t,1.0,3321,27,298,2203.0400390625,584.2520141601562,29.2527258,-18.1603534,18.948299407958984,0.14996899664402008,0.9767820239067078,18.955799102783203,0.17720000445842743,0.33004799485206604,19.31800079345703,0.04500000178813934,2.510999917984009,0.15299999713897705,-0.393981009721756,0.007519999984651804,5.139999866485596,0.972000002861023,584.2520141601562,0.43906599283218384,0.7182390093803406,1.1610000133514404,1.0789999961853027,0.22587500512599945,0.20992200076580048,1.0759999752044678,1.0,0.0,0.7957140207290649,1.0,19.034900665283203,0.24379999935626984,29.2526903,-18.1602669,10.7184,26.12030029296875,7.711190119152889e-05,0.043223701417446136,-0.05241810157895088,0.0001651659986237064,t17_f5_c3,,,,ZTF19abjgazt
