jd,fid,pid,diffmaglim,pdiffimfilename,programpi,programid,nid,rcid,field,magzpsci,magzpsciunc,magzpscirms,clrcoeff,clrcounc,rbversion,candid,isdiffpos,tblid,xpos,ypos,ra,dec,magpsf,sigmapsf,chipsf,magap,sigmagap,distnr,magnr,sigmagnr,chinr,sharpnr,sky,magdiff,fwhm,classtar,mindtoedge,magfromlim,seeratio,aimage,bimage,aimagerat,bimagerat,elong,nneg,nbad,rb,sumrat,magapbig,sigmagapbig,ranr,decnr,scorr,obj_id
2460036.7988194,1,2282298812715,19.859100341796875,/ztf/archive/sci/2023/0402/298819/ztf_20230402298819_000756_zg_c07_o_q4_scimrefdiffimg.fits.fz,Kulkarni,2,2282,27,756,26.332700729370117,3.555130024324171e-05,0.03934689983725548,-0.09112170338630676,5.5461099691456184e-05,t17_f5_c3,,,,,,,,,,,,,,,,,,,,,,,,,,,,,,,,,,,,,,,ZTF19aadooun
2460036.8889699,3,2282388962715,19.72439956665039,/ztf/archive/sci/2023/0402/388935/ztf_20230402388935_000756_zi_c07_o_q4_scimrefdiffimg.fits.fz,Kulkarni,2,2282,27,756,25.760299682617188,3.283319983893307e-06,0.019001800566911697,0.17877399921417236,1.1273899872321635e-05,t17_f5_c3,,,,,,,,,,,,,,,,,,,,,,,,,,,,,,,,,,,,,,,ZTF19aadooun
2460036.9534144,2,2282453412715,20.057100296020508,/ztf/archive/sci/2023/0402/453403/ztf_20230402453403_000756_zr_c07_o_q4_scimrefdiffimg.fits.fz,Kulkarni,2,2282,27,756,26.29400062561035,2.2281299607129768e-05,0.031721699982881546,0.12115699797868729,3.164530062349513e-05,t17_f5_c3,,,,,,,,,,,,,,,,,,,,,,,,,,,,,,,,,,,,,,,ZTF19aadooun
2460042.7599653,1,2288259962715,19.44700050354004,/ztf/archive/sci/2023/0408/259965/ztf_20230408259965_000756_zg_c07_o_q4_scimrefdiffimg.fits.fz,Kulkarni,2,2288,27,756,26.065099716186523,4.565290146274492e-05,0.0407336987555027,-0.08216109871864319,8.527690079063177e-05,t17_f5_c3,,,,,,,,,,,,,,,,,,,,,,,,,,,,,,,,,,,,,,,ZTF19aadooun
2460042.7802894,1,2288280282715,18.479999542236328,/ztf/archive/sci/2023/0408/280289/ztf_20230408280289_000756_zg_c07_o_q4_scimrefdiffimg.fits.fz,Kulkarni,1,2288,27,756,25.32040023803711,0.00010398500307928771,0.04690859839320183,-0.05874589830636978,0.0002563640009611845,t17_f5_c3,,,,,,,,,,,,,,,,,,,,,,,,,,,,,,,,,,,,,,,ZTF19aadooun
2460042.8039815,2,2288303982715,19.156099319458008,/ztf/archive/sci/2023/0408/303970/ztf_20230408303970_000756_zr_c07_o_q4_scimrefdiffimg.fits.fz,Kulkarni,1,2288,27,756,25.823699951171875,7.741850276943296e-05,0.05844160169363022,0.11534100025892258,0.00011082499986514449,t17_f5_c3,,,,,,,,,,,,,,,,,,,,,,,,,,,,,,,,,,,,,,,ZTF19aadooun
2460042.8049306,2,2288304932715,17.18709945678711,/ztf/archive/sci/2023/0408/304919/ztf_20230408304919_000756_zr_c07_o_q4_scimrefdiffimg.fits.fz,Kulkarni,2,2288,27,756,24.347999572753906,0.0006536580040119588,0.08866430073976517,0.08065509796142578,0.0012816600501537323,t17_f5_c3,,,,,,,,,,,,,,,,,,,,,,,,,,,,,,,,,,,,,,,ZTF19aadooun
2460042.9138079,1,2288413802715,19.792600631713867,/ztf/archive/sci/2023/0408/413808/ztf_20230408413808_000756_zg_c07_o_q4_scimrefdiffimg.fits.fz,Kulkarni,2,2288,27,756,26.258699417114258,3.13872005790472e-05,0.0359921008348465,-0.08702310174703598,5.130219869897701e-05,t17_f5_c3,,,,,,,,,,,,,,,,,,,,,,,,,,,,,,,,,,,,,,,ZTF19aadooun
2460042.9523032,2,2288452302715,19.957500457763672,/ztf/archive/sci/2023/0408/452292/ztf_20230408452292_000756_zr_c07_o_q4_scimrefdiffimg.fits.fz,Kulkarni,2,2288,27,756,26.2721004486084,1.682719994278159e-05,0.02728479914367199,0.11504899710416794,2.380399928370025e-05,t17_f5_c3,,,,,,,,,,,,,,,,,,,,,,,,,,,,,,,,,,,,,,,ZTF19aadooun
2460043.7386574,2,2289238652715,19.763500213623047,/ztf/archive/sci/2023/0409/238646/ztf_20230409238646_000756_zr_c07_o_q4_scimrefdiffimg.fits.fz,Kulkarni,2,2289,27,756,26.085500717163086,2.2844700652058236e-05,0.03198939934372902,0.12298499792814255,3.2308300433214754e-05,t17_f5_c3,,,,,,,,,,,,,,,,,,,,,,,,,,,,,,,,,,,,,,,ZTF19aadooun
2460043.8024653,1,2289302462715,19.792699813842773,/ztf/archive/sci/2023/0409/302465/ztf_20230409302465_000756_zg_c07_o_q4_scimrefdiffimg.fits.fz,Kulkarni,2,2289,27,756,26.08989906311035,2.4809000024106354e-05,0.03239399939775467,-0.05944110080599785,4.0190800064010546e-05,t17_f5_c3,,,,,,,,,,,,,,,,,,,,,,,,,,,,,,,,,,,,,,,ZTF19aadooun
2460043.9072917,3,2289407292715,19.919700622558594,/ztf/archive/sci/2023/0409/407292/ztf_20230409407292_000756_zi_c07_o_q4_scimrefdiffimg.fits.fz,Kulkarni,2,2289,27,756,25.726499557495117,4.420850018505007e-06,0.02198770083487034,0.18207600712776184,1.498320034443168e-05,t17_f5_c3,,,,,,,,,,,,,,,,,,,,,,,,,,,,,,,,,,,,,,,ZTF19aadooun
2460044.6946759,2,2290194672715,20.655500411987305,/ztf/archive/sci/2023/0410/194676/ztf_20230410194676_000756_zr_c07_o_q4_scimrefdiffimg.fits.fz,Kulkarni,2,2290,27,756,26.322799682617188,1.832650013966486e-05,0.028401799499988556,0.1173740029335022,2.618059988890309e-05,t17_f5_c3,,,,,,,,,,,,,,,,,,,,,,,,,,,,,,,,,,,,,,,ZTF19aadooun
2460044.7379977,2,2290237992715,20.716899871826172,/ztf/archive/sci/2023/0410/237986/ztf_20230410237986_000756_zr_c07_o_q4_scimrefdiffimg.fits.fz,Kulkarni,1,2290,27,756,26.328800201416016,1.371669986838242e-05,0.024762200191617012,0.11441300064325333,1.981430068553891e-05,t17_f5_c3,,,,,,,,,,,,,,,,,,,,,,,,,,,,,,,,,,,,,,,ZTF19aadooun
2460044.7389583,2,2290238952715,20.68790054321289,/ztf/archive/sci/2023/0410/238947/ztf_20230410238947_000756_zr_c07_o_q4_scimrefdiffimg.fits.fz,Kulkarni,2,2290,27,756,26.32699966430664,1.5697700291639194e-05,0.026276100426912308,0.10866399854421616,2.229470010206569e-05,t17_f5_c3,,,,,,,,,,,,,,,,,,,,,,,,,,,,,,,,,,,,,,,ZTF19aadooun
2460044.8086806,1,2290308682715,20.31439971923828,/ztf/archive/sci/2023/0410/308681/ztf_20230410308681_000756_zg_c07_o_q4_scimrefdiffimg.fits.fz,Kulkarni,2,2290,27,756,26.327899932861328,1.6432699339929968e-05,0.02681789919734001,-0.08989760279655457,2.4048400518950075e-05,t17_f5_c3,,,,,,,,,,,,,,,,,,,,,,,,,,,,,,,,,,,,,,,ZTF19aadooun
2460044.8096296,1,2290309622715,20.347400665283203,/ztf/archive/sci/2023/0410/309618/ztf_20230410309618_000756_zg_c07_o_q4_scimrefdiffimg.fits.fz,Kulkarni,1,2290,27,756,26.318300247192383,2.145990038115997e-05,0.030838999897241592,-0.06538009643554688,3.107210068264976e-05,t17_f5_c3,,,,,,,,,,,,,,,,,,,,,,,,,,,,,,,,,,,,,,,ZTF19aadooun
2460044.9638889,1,2290463882715,19.98080062866211,/ztf/archive/sci/2023/0410/463889/ztf_20230410463889_000756_zg_c07_o_q4_scimrefdiffimg.fits.fz,Kulkarni,2,2290,27,756,26.270099639892578,2.6403600713820197e-05,0.034105800092220306,-0.08062519878149033,4.0642400563228875e-05,t17_f5_c3,,,,,,,,,,,,,,,,,,,,,,,,,,,,,,,,,,,,,,,ZTF19aadooun
2460045.7651852,2,2291265182715,20.842599868774414,/ztf/archive/sci/2023/0411/265174/ztf_20230411265174_000756_zr_c07_o_q4_scimrefdiffimg.fits.fz,Kulkarni,2,2291,27,756,26.319700241088867,1.6502599464729428e-05,0.027139799669384956,0.11054199934005737,2.36035994021222e-05,t17_f5_c3,,,,,,,,,,,,,,,,,,,,,,,,,,,,,,,,,,,,,,,ZTF19aadooun
2460045.8028819,2,2291302882715,20.904300689697266,/ztf/archive/sci/2023/0411/302882/ztf_20230411302882_000756_zr_c07_o_q4_scimrefdiffimg.fits.fz,Kulkarni,2,2291,27,756,26.34760093688965,1.723629975458607e-05,0.027800099924206734,0.10857299715280533,2.473170025041327e-05,t17_f5_c3,,,,,,,,,,,,,,,,,,,,,,,,,,,,,,,,,,,,,,,ZTF19aadooun
2460045.8258102,1,2291325812715,20.65369987487793,/ztf/archive/sci/2023/0411/325810/ztf_20230411325810_000756_zg_c07_o_q4_scimrefdiffimg.fits.fz,Kulkarni,2,2291,27,756,26.319700241088867,2.0994499209336936e-05,0.030684299767017365,-0.0843202993273735,3.0392600820050575e-05,t17_f5_c3,,,,,,,,,,,,,,,,,,,,,,,,,,,,,,,,,,,,,,,ZTF19aadooun
2460045.8554051,1,2291355402715,20.510799407958984,/ztf/archive/sci/2023/0411/355405/ztf_20230411355405_000756_zg_c07_o_q4_scimrefdiffimg.fits.fz,Kulkarni,2,2291,27,756,26.324899673461914,1.980640081455931e-05,0.029678700491786003,-0.07237180322408676,2.8304499210207723e-05,t17_f5_c3,,,,,,,,,,,,,,,,,,,,,,,,,,,,,,,,,,,,,,,ZTF19aadooun
2460046.679537,3,2292179532715,19.885700225830078,/ztf/archive/sci/2023/0412/179537/ztf_20230412179537_000756_zi_c07_o_q4_scimrefdiffimg.fits.fz,Kulkarni,2,2292,27,756,25.74650001525879,1.838749994931277e-05,0.041729800403118134,0.1820250004529953,7.091979932738468e-05,t17_f5_c3,,,,,,,,,,,,,,,,,,,,,,,,,,,,,,,,,,,,,,,ZTF19aadooun
2460046.7362847,1,2292236282715,20.835100173950195,/ztf/archive/sci/2023/0412/236273/ztf_20230412236273_000756_zg_c07_o_q4_scimrefdiffimg.fits.fz,Kulkarni,2,2292,27,756,26.33300018310547,1.9507600882207043e-05,0.02969289943575859,-0.10478600114583969,2.8069500331184827e-05,t17_f5_c3,,,,,,,,,,,,,,,,,,,,,,,,,,,,,,,,,,,,,,,ZTF19aadooun
2460046.7467361,1,2292246735515,20.65559959411621,/ztf/archive/sci/2023/0412/246713/ztf_20230412246713_001755_zg_c14_o_q4_scimrefdiffimg.fits.fz,Kulkarni,2,2292,55,1755,26.335800170898438,1.9079499907093123e-05,0.02999109961092472,-0.04869820177555084,2.8563699743244797e-05,t17_f5_c3,2.29224673551501e+18,f,1.0,1996.739990234375,816.4130249023438,193.9262193,46.7814208,19.58180046081543,0.171983003616333,1.9131900072097778,19.441999435424805,0.12549999356269836,0.38355401158332825,19.23699951171875,0.07900000363588333,4.598999977111816,0.296999990940094,0.16953900456428528,-0.13981199264526367,3.4200000762939453,0.32499998807907104,816.4130249023438,1.213610053062439,0.7927870154380798,1.1100000143051147,1.0010000467300415,0.3245609998703003,0.2926900088787079,1.1088900566101074,0.0,0.0,0.8728569746017456,1.0,19.368999481201172,0.15029999613761902,193.9262334,46.7815283,14.7929,ZTF19aadooun
2460046.7471991,1,2292247195515,20.785499572753906,/ztf/archive/sci/2023/0412/247199/ztf_20230412247199_001755_zg_c14_o_q4_scimrefdiffimg.fits.fz,Kulkarni,3,2292,55,1755,26.335899353027344,1.3691999811271671e-05,0.025622399523854256,-0.043396398425102234,2.0444900656002574e-05,t17_f5_c3,2.29224719551501e+18,f,0.0,1997.4000244140625,816.5050048828125,193.9261347,46.7814147,19.607900619506836,0.16276000440120697,2.9983599185943604,19.60610008239746,0.13510000705718994,0.4698939919471741,19.23699951171875,0.07900000363588333,4.598999977111816,0.296999990940094,0.20648899674415588,-0.0018339999951422215,3.690000057220459,0.9760000109672546,816.5050048828125,1.1793700456619263,0.7149419784545898,1.0210000276565552,0.9539999961853027,0.27669399976730347,0.2585369944572449,1.0702300071716309,3.0,0.0,0.86142897605896,1.0,19.608299255371094,0.17329999804496765,193.9262334,46.7815283,16.7268,ZTF19aadooun
2460046.7635417,1,2292263542715,20.823200225830078,/ztf/archive/sci/2023/0412/263530/ztf_20230412263530_000756_zg_c07_o_q4_scimrefdiffimg.fits.fz,Kulkarni,1,2292,27,756,26.308500289916992,2.0026300262543373e-05,0.030072500929236412,-0.09244100004434586,2.8694699722109362e-05,t17_f5_c3,,,,,,,,,,,,,,,,,,,,,,,,,,,,,,,,,,,,,,,ZTF19aadooun
2460046.7814815,1,2292281482715,20.82270050048828,/ztf/archive/sci/2023/0412/281470/ztf_20230412281470_000756_zg_c07_o_q4_scimrefdiffimg.fits.fz,Kulkarni,2,2292,27,756,26.25830078125,1.9519000488799065e-05,0.029678000137209892,-0.09279739856719971,2.8015199859510176e-05,t17_f5_c3,,,,,,,,,,,,,,,,,,,,,,,,,,,,,,,,,,,,,,,ZTF19aadooun
2460046.8425579,2,2292342552715,20.943599700927734,/ztf/archive/sci/2023/0412/342431/ztf_20230412342431_000756_zr_c07_o_q4_scimrefdiffimg.fits.fz,Kulkarni,1,2292,27,756,26.361299514770508,2.575899998191744e-05,0.0336511991918087,0.10668899863958359,3.681089947349392e-05,t17_f5_c3,,,,,,,,,,,,,,,,,,,,,,,,,,,,,,,,,,,,,,,ZTF19aadooun
2460046.8435069,2,2292343502715,20.92620086669922,/ztf/archive/sci/2023/0412/343495/ztf_20230412343495_000756_zr_c07_o_q4_scimrefdiffimg.fits.fz,Kulkarni,2,2292,27,756,26.346500396728516,2.0492199837462977e-05,0.03027850016951561,0.10688699781894684,2.930710070359055e-05,t17_f5_c3,,,,,,,,,,,,,,,,,,,,,,,,,,,,,,,,,,,,,,,ZTF19aadooun
2460049.8091898,2,2295309182715,20.79010009765625,/ztf/archive/sci/2023/0415/309190/ztf_20230415309190_000756_zr_c07_o_q4_scimrefdiffimg.fits.fz,Kulkarni,2,2295,27,756,26.291000366210938,1.8352000552113168e-05,0.028650199994444847,0.11738999933004379,2.6195299142273143e-05,t17_f5_c3,,,,,,,,,,,,,,,,,,,,,,,,,,,,,,,,,,,,,,,ZTF19aadooun
2460049.8634606,1,2295363462715,20.721399307250977,/ztf/archive/sci/2023/0415/363414/ztf_20230415363414_000756_zg_c07_o_q4_scimrefdiffimg.fits.fz,Kulkarni,2,2295,27,756,26.238500595092773,2.2566999177797697e-05,0.03145889937877655,-0.10150200128555298,3.211130024283193e-05,t17_f5_c3,,,,,,,,,,,,,,,,,,,,,,,,,,,,,,,,,,,,,,,ZTF19aadooun
2460049.8822917,3,2295382292715,20.10810089111328,/ztf/archive/sci/2023/0415/382292/ztf_20230415382292_000756_zi_c07_o_q4_scimrefdiffimg.fits.fz,Kulkarni,2,2295,27,756,25.696800231933594,4.965219886798877e-06,0.02334270067512989,0.1793069988489151,1.6952999430941418e-05,t17_f5_c3,,,,,,,,,,,,,,,,,,,,,,,,,,,,,,,,,,,,,,,ZTF19aadooun
2460050.7186574,2,2296218652715,20.73550033569336,/ztf/archive/sci/2023/0416/218600/ztf_20230416218600_000756_zr_c07_o_q4_scimrefdiffimg.fits.fz,Kulkarni,2,2296,27,756,26.312400817871094,1.576509930600878e-05,0.026424000039696693,0.11164499819278717,2.274699909321498e-05,t17_f5_c3,,,,,,,,,,,,,,,,,,,,,,,,,,,,,,,,,,,,,,,ZTF19aadooun
2460050.774213,2,2296274212715,20.80739974975586,/ztf/archive/sci/2023/0416/274201/ztf_20230416274201_000756_zr_c07_o_q4_scimrefdiffimg.fits.fz,Kulkarni,1,2296,27,756,26.30660057067871,1.2245799553056713e-05,0.02339860051870346,0.1118910014629364,1.74352007888956e-05,t17_f5_c3,,,,,,,,,,,,,,,,,,,,,,,,,,,,,,,,,,,,,,,ZTF19aadooun
2460050.851169,1,2296351162715,20.7268009185791,/ztf/archive/sci/2023/0416/351157/ztf_20230416351157_000756_zg_c07_o_q4_scimrefdiffimg.fits.fz,Kulkarni,2,2296,27,756,26.28380012512207,2.1083400497445837e-05,0.030879000201821327,-0.0951995998620987,3.014230060216505e-05,t17_f5_c3,,,,,,,,,,,,,,,,,,,,,,,,,,,,,,,,,,,,,,,ZTF19aadooun
2460050.8710764,1,2296371072715,20.705699920654297,/ztf/archive/sci/2023/0416/371042/ztf_20230416371042_000756_zg_c07_o_q4_scimrefdiffimg.fits.fz,Kulkarni,1,2296,27,756,26.27400016784668,2.2353000531438738e-05,0.0316958986222744,-0.0968891978263855,3.22835985571146e-05,t17_f5_c3,,,,,,,,,,,,,,,,,,,,,,,,,,,,,,,,,,,,,,,ZTF19aadooun
2460050.893669,2,2296393662715,20.599899291992188,/ztf/archive/sci/2023/0416/393657/ztf_20230416393657_000756_zr_c07_o_q4_scimrefdiffimg.fits.fz,Kulkarni,2,2296,27,756,26.325000762939453,1.2382999557303265e-05,0.02351370081305504,0.10897599905729294,1.7740499970386736e-05,t17_f5_c3,,,,,,,,,,,,,,,,,,,,,,,,,,,,,,,,,,,,,,,ZTF19aadooun
2460050.9783333,1,2296478332715,20.416799545288086,/ztf/archive/sci/2023/0416/478322/ztf_20230416478322_000756_zg_c07_o_q4_scimrefdiffimg.fits.fz,Kulkarni,2,2296,27,756,26.174999237060547,2.1855599698028527e-05,0.03147830069065094,-0.09235829859972,3.196020043105818e-05,t17_f5_c3,,,,,,,,,,,,,,,,,,,,,,,,,,,,,,,,,,,,,,,ZTF19aadooun
2460052.8044792,2,2298304472715,20.694299697875977,/ztf/archive/sci/2023/0418/304444/ztf_20230418304444_000756_zr_c07_o_q4_scimrefdiffimg.fits.fz,Kulkarni,1,2298,27,756,26.316200256347656,1.57330996444216e-05,0.0263397004455328,0.09901469945907593,2.255810068163555e-05,t17_f5_c3,,,,,,,,,,,,,,,,,,,,,,,,,,,,,,,,,,,,,,,ZTF19aadooun
2460052.8433912,1,2298343392715,20.815099716186523,/ztf/archive/sci/2023/0418/343391/ztf_20230418343391_000756_zg_c07_o_q4_scimrefdiffimg.fits.fz,Kulkarni,1,2298,27,756,26.252399444580078,1.9227600205340423e-05,0.029422199353575706,-0.11268199980258942,2.8099400879000314e-05,t17_f5_c3,,,,,,,,,,,,,,,,,,,,,,,,,,,,,,,,,,,,,,,ZTF19aadooun
2460053.8415509,3,2299341552715,19.746999740600586,/ztf/archive/sci/2023/0419/341551/ztf_20230419341551_000756_zi_c07_o_q4_scimrefdiffimg.fits.fz,Kulkarni,2,2299,27,756,25.713899612426758,3.6528599594021216e-06,0.020044200122356415,0.18645299971103668,1.231540045409929e-05,t17_f5_c3,,,,,,,,,,,,,,,,,,,,,,,,,,,,,,,,,,,,,,,ZTF19aadooun
2460054.7915856,2,2300291582715,20.64579963684082,/ztf/archive/sci/2023/0420/291574/ztf_20230420291574_000756_zr_c07_o_q4_scimrefdiffimg.fits.fz,Kulkarni,1,2300,27,756,26.3439998626709,1.4411300071515143e-05,0.02511579915881157,0.11992199718952179,2.0280200260458514e-05,t17_f5_c3,,,,,,,,,,,,,,,,,,,,,,,,,,,,,,,,,,,,,,,ZTF19aadooun
2460054.8430208,1,2300343022715,20.56209945678711,/ztf/archive/sci/2023/0420/343009/ztf_20230420343009_000756_zg_c07_o_q4_scimrefdiffimg.fits.fz,Kulkarni,1,2300,27,756,26.31439971923828,2.3287400836125016e-05,0.03201749920845032,-0.11150500178337097,3.315580033813603e-05,t17_f5_c3,,,,,,,,,,,,,,,,,,,,,,,,,,,,,,,,,,,,,,,ZTF19aadooun
2460056.7162616,1,2302216262715,20.708200454711914,/ztf/archive/sci/2023/0422/216204/ztf_20230422216204_000756_zg_c07_o_q4_scimrefdiffimg.fits.fz,Kulkarni,1,2302,27,756,26.344999313354492,1.9490200429572724e-05,0.0292649008333683,-0.10932199656963348,2.7912399673368782e-05,t17_f5_c3,,,,,,,,,,,,,,,,,,,,,,,,,,,,,,,,,,,,,,,ZTF19aadooun
2460056.8451389,2,2302345132715,20.70639991760254,/ztf/archive/sci/2023/0422/345127/ztf_20230422345127_000756_zr_c07_o_q4_scimrefdiffimg.fits.fz,Kulkarni,1,2302,27,756,26.304500579833984,1.5196300410025287e-05,0.025840999558568,0.10705000162124634,2.1675399693776853e-05,t17_f5_c3,,,,,,,,,,,,,,,,,,,,,,,,,,,,,,,,,,,,,,,ZTF19aadooun
2460056.8612731,3,2302361272715,20.167499542236328,/ztf/archive/sci/2023/0422/361238/ztf_20230422361238_000756_zi_c07_o_q4_scimrefdiffimg.fits.fz,Kulkarni,2,2302,27,756,25.74679946899414,1.4211000234354287e-05,0.03906660154461861,0.18577200174331665,4.935920151183382e-05,t17_f5_c3,,,,,,,,,,,,,,,,,,,,,,,,,,,,,,,,,,,,,,,ZTF19aadooun
2460058.8065625,1,2304306562715,20.750499725341797,/ztf/archive/sci/2023/0424/306551/ztf_20230424306551_000756_zg_c07_o_q4_scimrefdiffimg.fits.fz,Kulkarni,1,2304,27,756,26.24839973449707,1.8617800378706306e-05,0.02889369986951351,-0.08675979822874069,2.663280065462459e-05,t17_f5_c3,,,,,,,,,,,,,,,,,,,,,,,,,,,,,,,,,,,,,,,ZTF19aadooun
2460058.8628819,2,2304362882715,20.548200607299805,/ztf/archive/sci/2023/0424/362870/ztf_20230424362870_000756_zr_c07_o_q4_scimrefdiffimg.fits.fz,Kulkarni,1,2304,27,756,26.213199615478516,2.680549914657604e-05,0.03464749827980995,0.1171490028500557,3.808330075116828e-05,t17_f5_c3,,,,,,,,,,,,,,,,,,,,,,,,,,,,,,,,,,,,,,,ZTF19aadooun
2460059.7692593,2,2305269255515,20.32670021057129,/ztf/archive/sci/2023/0425/269248/ztf_20230425269248_001755_zr_c14_o_q4_scimrefdiffimg.fits.fz,Kulkarni,2,2305,55,1755,26.20680046081543,1.4529799955198541e-05,0.0264142993837595,0.12273699790239334,2.137139927071985e-05,t17_f5_c3,,,,,,,,,,,,,,,,,,,,,,,,,,,,,,,,,,,,,,,ZTF19aadooun
2460059.7697222,2,2305269725515,20.35930061340332,/ztf/archive/sci/2023/0425/269722/ztf_20230425269722_001755_zr_c14_o_q4_scimrefdiffimg.fits.fz,Kulkarni,3,2305,55,1755,26.202699661254883,1.4801599718339276e-05,0.026538800448179245,0.12477800250053406,2.1718800780945458e-05,t17_f5_c3,,,,,,,,,,,,,,,,,,,,,,,,,,,,,,,,,,,,,,,ZTF19aadooun
2460060.8236111,2,2306323612715,20.588499069213867,/ztf/archive/sci/2023/0426/323600/ztf_20230426323600_000756_zr_c07_o_q4_scimrefdiffimg.fits.fz,Kulkarni,1,2306,27,756,26.275100708007812,1.2856299690611195e-05,0.023982500657439232,0.11293700337409973,1.839220021793153e-05,t17_f5_c3,,,,,,,,,,,,,,,,,,,,,,,,,,,,,,,,,,,,,,,ZTF19aadooun
2460060.8405903,3,2306340592715,19.962499618530273,/ztf/archive/sci/2023/0426/340579/ztf_20230426340579_000756_zi_c07_o_q4_scimrefdiffimg.fits.fz,Kulkarni,2,2306,27,756,25.68899917602539,4.088589776074514e-06,0.02101130038499832,0.18604299426078796,1.436300044588279e-05,t17_f5_c3,,,,,,,,,,,,,,,,,,,,,,,,,,,,,,,,,,,,,,,ZTF19aadooun
2460060.8905903,1,2306390592715,20.453699111938477,/ztf/archive/sci/2023/0426/390579/ztf_20230426390579_000756_zg_c07_o_q4_scimrefdiffimg.fits.fz,Kulkarni,1,2306,27,756,26.197799682617188,1.8155400539399125e-05,0.028364600613713264,-0.08216629922389984,2.6498799343244173e-05,t17_f5_c3,,,,,,,,,,,,,,,,,,,,,,,,,,,,,,,,,,,,,,,ZTF19aadooun
2460061.7456366,2,2307245635515,20.342500686645508,/ztf/archive/sci/2023/0427/245602/ztf_20230427245602_001755_zr_c14_o_q4_scimrefdiffimg.fits.fz,Kulkarni,2,2307,55,1755,26.222400665283203,2.0535300791379996e-05,0.03122130036354065,0.1225380003452301,3.0058899938012473e-05,t17_f5_c3,,,,,,,,,,,,,,,,,,,,,,,,,,,,,,,,,,,,,,,ZTF19aadooun
2460061.7470602,2,2307247065515,20.32080078125,/ztf/archive/sci/2023/0427/247049/ztf_20230427247049_001755_zr_c14_o_q4_scimrefdiffimg.fits.fz,Kulkarni,3,2307,55,1755,26.225799560546875,1.5672399968025275e-05,0.027425499632954597,0.12754599750041962,2.3045000489219092e-05,t17_f5_c3,,,,,,,,,,,,,,,,,,,,,,,,,,,,,,,,,,,,,,,ZTF19aadooun
2460062.8837963,2,2308383792715,20.412500381469727,/ztf/archive/sci/2023/0428/383785/ztf_20230428383785_000756_zr_c07_o_q4_scimrefdiffimg.fits.fz,Kulkarni,1,2308,27,756,26.277099609375,1.4307600395113695e-05,0.025172200053930283,0.10418199747800827,2.0420600776560605e-05,t17_f5_c3,,,,,,,,,,,,,,,,,,,,,,,,,,,,,,,,,,,,,,,ZTF19aadooun
2460062.9306597,1,2308430652715,20.51020050048828,/ztf/archive/sci/2023/0428/430648/ztf_20230428430648_000756_zg_c07_o_q4_scimrefdiffimg.fits.fz,Kulkarni,1,2308,27,756,26.172500610351562,2.369419962633401e-05,0.03264230117201805,-0.08218179643154144,3.3994201658060774e-05,t17_f5_c3,,,,,,,,,,,,,,,,,,,,,,,,,,,,,,,,,,,,,,,ZTF19aadooun
2460016.8679977,3,2262367992715,19.540199279785156,/ztf/archive/sci/2023/0313/367998/ztf_20230313367998_000756_zi_c07_o_q4_scimrefdiffimg.fits.fz,Kulkarni,2,2262,27,756,25.486000061035156,5.969890025880886e-06,0.02538740076124668,0.1847189962863922,1.990750024560839e-05,t17_f5_c3,,,,,,,,,,,,,,,,,,,,,,,,,,,,,,,,,,,,,,,ZTF19aadooun
2460016.8846991,2,2262384692715,20.297199249267578,/ztf/archive/sci/2023/0313/384699/ztf_20230313384699_000756_zr_c07_o_q4_scimrefdiffimg.fits.fz,Kulkarni,1,2262,27,756,26.266199111938477,1.2936499842908233e-05,0.02403230033814907,0.118367999792099,1.8338199879508466e-05,t17_f5_c3,,,,,,,,,,,,,,,,,,,,,,,,,,,,,,,,,,,,,,,ZTF19aadooun
2460016.8856481,2,2262385642715,20.2544002532959,/ztf/archive/sci/2023/0313/385648/ztf_20230313385648_000756_zr_c07_o_q4_scimrefdiffimg.fits.fz,Kulkarni,2,2262,27,756,26.291200637817383,2.0087500161025673e-05,0.030034499242901802,0.11594100296497345,2.843999936885666e-05,t17_f5_c3,,,,,,,,,,,,,,,,,,,,,,,,,,,,,,,,,,,,,,,ZTF19aadooun
2460016.978912,2,2262478912715,20.066600799560547,/ztf/archive/sci/2023/0313/478877/ztf_20230313478877_000756_zr_c07_o_q4_scimrefdiffimg.fits.fz,Kulkarni,2,2262,27,756,26.27359962463379,1.6181100363610312e-05,0.026705900207161903,0.12373200058937073,2.2622800315730274e-05,t17_f5_c3,,,,,,,,,,,,,,,,,,,,,,,,,,,,,,,,,,,,,,,ZTF19aadooun
2460017.7253935,1,2263225392715,20.491100311279297,/ztf/archive/sci/2023/0314/225382/ztf_20230314225382_000756_zg_c07_o_q4_scimrefdiffimg.fits.fz,Kulkarni,2,2263,27,756,26.24169921875,2.6691099265008233e-05,0.03440620005130768,-0.14452999830245972,3.859589924104512e-05,t17_f5_c3,,,,,,,,,,,,,,,,,,,,,,,,,,,,,,,,,,,,,,,ZTF19aadooun
2460017.8670139,2,2263367012715,19.95479965209961,/ztf/archive/sci/2023/0314/367014/ztf_20230314367014_000756_zr_c07_o_q4_scimrefdiffimg.fits.fz,Kulkarni,2,2263,27,756,25.86240005493164,1.4178300261846744e-05,0.02514679916203022,0.11819799989461899,2.004589987336658e-05,t17_f5_c3,,,,,,,,,,,,,,,,,,,,,,,,,,,,,,,,,,,,,,,ZTF19aadooun
2460017.9253588,2,2263425352715,17.106700897216797,/ztf/archive/sci/2023/0314/425359/ztf_20230314425359_000756_zr_c07_o_q4_scimrefdiffimg.fits.fz,Kulkarni,2,2263,27,756,23.567699432373047,0.00030853701173327863,0.06548299640417099,0.09536769986152649,0.0006076740100979805,t17_f5_c3,,,,,,,,,,,,,,,,,,,,,,,,,,,,,,,,,,,,,,,ZTF19aadooun
2460020.8738657,2,2266373862715,20.843000411987305,/ztf/archive/sci/2023/0317/373854/ztf_20230317373854_000756_zr_c07_o_q4_scimrefdiffimg.fits.fz,Kulkarni,1,2266,27,756,26.33799934387207,1.4109000403550453e-05,0.025035299360752106,0.12171299755573273,2.014839992625639e-05,t17_f5_c3,,,,,,,,,,,,,,,,,,,,,,,,,,,,,,,,,,,,,,,ZTF19aadooun
2460020.9918403,1,2266491842715,20.56800079345703,/ztf/archive/sci/2023/0317/491829/ztf_20230317491829_000756_zg_c07_o_q4_scimrefdiffimg.fits.fz,Kulkarni,1,2266,27,756,26.30780029296875,2.3096799850463867e-05,0.03177040070295334,-0.11828800290822983,3.2883901440072805e-05,t17_f5_c3,,,,,,,,,,,,,,,,,,,,,,,,,,,,,,,,,,,,,,,ZTF19aadooun
2460021.8058565,3,2267305852715,19.614700317382812,/ztf/archive/sci/2023/0318/305845/ztf_20230318305845_000756_zi_c07_o_q4_scimrefdiffimg.fits.fz,Kulkarni,2,2267,27,756,25.370399475097656,6.023090008966392e-06,0.025546099990606308,0.18776600062847137,2.0306100850575604e-05,t17_f5_c3,,,,,,,,,,,,,,,,,,,,,,,,,,,,,,,,,,,,,,,ZTF19aadooun
2460021.8184954,1,2267318492715,20.4822998046875,/ztf/archive/sci/2023/0318/318241/ztf_20230318318241_000756_zg_c07_o_q4_scimrefdiffimg.fits.fz,Kulkarni,2,2267,27,756,26.307300567626953,2.543740083638113e-05,0.03349139913916588,-0.11776500195264816,3.678190114442259e-05,t17_f5_c3,,,,,,,,,,,,,,,,,,,,,,,,,,,,,,,,,,,,,,,ZTF19aadooun
2460021.8738542,1,2267373852715,20.21380043029785,/ztf/archive/sci/2023/0318/373854/ztf_20230318373854_000756_zg_c07_o_q4_scimrefdiffimg.fits.fz,Kulkarni,2,2267,27,756,26.124799728393555,3.056089917663485e-05,0.036919400095939636,-0.09855029731988907,4.5326400140766054e-05,t17_f5_c3,,,,,,,,,,,,,,,,,,,,,,,,,,,,,,,,,,,,,,,ZTF19aadooun
2460021.8871991,2,2267387192715,20.60300064086914,/ztf/archive/sci/2023/0318/387199/ztf_20230318387199_000756_zr_c07_o_q4_scimrefdiffimg.fits.fz,Kulkarni,2,2267,27,756,26.313199996948242,1.9234699720982462e-05,0.02911599911749363,0.12442799657583237,2.7368600058252923e-05,t17_f5_c3,,,,,,,,,,,,,,,,,,,,,,,,,,,,,,,,,,,,,,,ZTF19aadooun
2460021.9480324,2,2267448032715,20.037700653076172,/ztf/archive/sci/2023/0318/448032/ztf_20230318448032_000756_zr_c07_o_q4_scimrefdiffimg.fits.fz,Kulkarni,2,2267,27,756,26.280399322509766,2.546860014263075e-05,0.033344101160764694,0.12094199657440186,3.601279968279414e-05,t17_f5_c3,,,,,,,,,,,,,,,,,,,,,,,,,,,,,,,,,,,,,,,ZTF19aadooun
2460029.8860532,1,2275386052715,20.60099983215332,/ztf/archive/sci/2023/0326/386042/ztf_20230326386042_000756_zg_c07_o_q4_scimrefdiffimg.fits.fz,Kulkarni,2,2275,27,756,26.322500228881836,2.1355499484343454e-05,0.03027530014514923,-0.11371400207281113,2.9979499231558293e-05,t17_f5_c3,,,,,,,,,,,,,,,,,,,,,,,,,,,,,,,,,,,,,,,ZTF19aadooun
2460029.8869907,1,2275386992715,20.63170051574707,/ztf/archive/sci/2023/0326/386979/ztf_20230326386979_000756_zg_c07_o_q4_scimrefdiffimg.fits.fz,Kulkarni,1,2275,27,756,26.311599731445312,1.8421200365992263e-05,0.02807690016925335,-0.10372699797153473,2.5781999283935875e-05,t17_f5_c3,,,,,,,,,,,,,,,,,,,,,,,,,,,,,,,,,,,,,,,ZTF19aadooun
2460029.9254398,2,2275425432715,20.542699813842773,/ztf/archive/sci/2023/0326/425428/ztf_20230326425428_000756_zr_c07_o_q4_scimrefdiffimg.fits.fz,Kulkarni,1,2275,27,756,26.297700881958008,1.5425799574586563e-05,0.025861000642180443,0.12432999908924103,2.1674399249604903e-05,t17_f5_c3,,,,,,,,,,,,,,,,,,,,,,,,,,,,,,,,,,,,,,,ZTF19aadooun
2460029.966331,2,2275466332715,20.30820083618164,/ztf/archive/sci/2023/0326/466331/ztf_20230326466331_000756_zr_c07_o_q4_scimrefdiffimg.fits.fz,Kulkarni,2,2275,27,756,26.289499282836914,1.5628800611011684e-05,0.025944899767637253,0.11791499704122543,2.1872199795325287e-05,t17_f5_c3,,,,,,,,,,,,,,,,,,,,,,,,,,,,,,,,,,,,,,,ZTF19aadooun
2460030.9296065,2,2276429602715,20.468900680541992,/ztf/archive/sci/2023/0327/429606/ztf_20230327429606_000756_zr_c07_o_q4_scimrefdiffimg.fits.fz,Kulkarni,2,2276,27,756,26.298099517822266,1.5583800632157363e-05,0.02612919919192791,0.12309200316667557,2.1972400645609014e-05,t17_f5_c3,,,,,,,,,,,,,,,,,,,,,,,,,,,,,,,,,,,,,,,ZTF19aadooun
2460030.9770602,3,2276477062715,19.715200424194336,/ztf/archive/sci/2023/0327/477060/ztf_20230327477060_000756_zi_c07_o_q4_scimrefdiffimg.fits.fz,Kulkarni,2,2276,27,756,25.737300872802734,5.28327018400887e-06,0.02384210005402565,0.17792600393295288,1.794970012269914e-05,t17_f5_c3,,,,,,,,,,,,,,,,,,,,,,,,,,,,,,,,,,,,,,,ZTF19aadooun
2460031.0072222,1,2276507222715,19.920499801635742,/ztf/archive/sci/2023/0327/506840/ztf_20230327506840_000756_zg_c07_o_q4_scimrefdiffimg.fits.fz,Kulkarni,2,2276,27,756,26.23040008544922,2.928180037997663e-05,0.03480679914355278,-0.05288049951195717,4.927019836031832e-05,t17_f5_c3,,,,,,,,,,,,,,,,,,,,,,,,,,,,,,,,,,,,,,,ZTF19aadooun
2460031.7076042,1,2277207602715,20.131099700927734,/ztf/archive/sci/2023/0328/207604/ztf_20230328207604_000756_zg_c07_o_q4_scimrefdiffimg.fits.fz,Kulkarni,2,2277,27,756,26.283100128173828,2.2364100004779175e-05,0.03149019926786423,-0.08750750124454498,3.2864598324522376e-05,t17_f5_c3,,,,,,,,,,,,,,,,,,,,,,,,,,,,,,,,,,,,,,,ZTF19aadooun
2460031.8364005,2,2277336402715,19.597700119018555,/ztf/archive/sci/2023/0328/336377/ztf_20230328336377_000756_zr_c07_o_q4_scimrefdiffimg.fits.fz,Kulkarni,2,2277,27,756,25.53529930114746,4.4769298256142065e-05,0.0445404015481472,0.1034879982471466,6.328830204438418e-05,t17_f5_c3,,,,,,,,,,,,,,,,,,,,,,,,,,,,,,,,,,,,,,,ZTF19aadooun
2460032.6556829,1,2278155682715,19.925899505615234,/ztf/archive/sci/2023/0329/155671/ztf_20230329155671_000756_zg_c07_o_q4_scimrefdiffimg.fits.fz,Kulkarni,2,2278,27,756,26.183799743652344,2.2152600649860688e-05,0.03053000010550022,-0.07415720075368881,3.507590008666739e-05,t17_f5_c3,,,,,,,,,,,,,,,,,,,,,,,,,,,,,,,,,,,,,,,ZTF19aadooun
2460032.7693403,2,2278269345515,20.249799728393555,/ztf/archive/sci/2023/0329/269329/ztf_20230329269329_001755_zr_c14_o_q4_scimrefdiffimg.fits.fz,Kulkarni,2,2278,55,1755,26.225099563598633,1.7031799870892428e-05,0.02824990078806877,0.12468799948692322,2.5033199563040398e-05,t17_f5_c3,,,,,,,,,,,,,,,,,,,,,,,,,,,,,,,,,,,,,,,ZTF19aadooun
2460032.7861111,2,2278286112715,20.367399215698242,/ztf/archive/sci/2023/0329/286111/ztf_20230329286111_000756_zr_c07_o_q4_scimrefdiffimg.fits.fz,Kulkarni,2,2278,27,756,26.29640007019043,1.5254499885486439e-05,0.026045799255371094,0.11463499814271927,2.1619100152747706e-05,t17_f5_c3,,,,,,,,,,,,,,,,,,,,,,,,,,,,,,,,,,,,,,,ZTF19aadooun
2460032.8060995,1,2278306092715,20.317899703979492,/ztf/archive/sci/2023/0329/306100/ztf_20230329306100_000756_zg_c07_o_q4_scimrefdiffimg.fits.fz,Kulkarni,1,2278,27,756,26.319400787353516,2.3151600544224493e-05,0.03203849866986275,-0.09884150326251984,3.383060175110586e-05,t17_f5_c3,,,,,,,,,,,,,,,,,,,,,,,,,,,,,,,,,,,,,,,ZTF19aadooun
2460032.8437037,2,2278343702715,20.63629913330078,/ztf/archive/sci/2023/0329/343692/ztf_20230329343692_000756_zr_c07_o_q4_scimrefdiffimg.fits.fz,Kulkarni,1,2278,27,756,26.308799743652344,1.5008699847385287e-05,0.025571299716830254,0.1197969987988472,2.1154699425096624e-05,t17_f5_c3,,,,,,,,,,,,,,,,,,,,,,,,,,,,,,,,,,,,,,,ZTF19aadooun
2460032.9656597,1,2278465652715,20.487899780273438,/ztf/archive/sci/2023/0329/465660/ztf_20230329465660_000756_zg_c07_o_q4_scimrefdiffimg.fits.fz,Kulkarni,2,2278,27,756,26.28059959411621,2.2074300431995653e-05,0.030589699745178223,-0.11119800060987473,3.152310091536492e-05,t17_f5_c3,,,,,,,,,,,,,,,,,,,,,,,,,,,,,,,,,,,,,,,ZTF19aadooun
2458474.9900231,2,720490022715,19.587400436401367,/ztf/archive/sci/2018/1222/489965/ztf_20181222489965_000756_zr_c07_o_q4_scimrefdiffimg.fits.fz,Kulkarni,1,720,27,756,26.243600845336914,2.4588800442870706e-05,0.03310279920697212,0.11670999974012375,3.444879985181615e-05,t12_f5_c3,,,,,,,,,,,,,,,,,,,,,,,,,,,,,,,,,,,,,,,ZTF19aadooun
2458481.0147222,1,726514722715,19.94580078125,/ztf/archive/sci/2018/1228/514711/ztf_20181228514711_000756_zg_c07_o_q4_scimrefdiffimg.fits.fz,Kulkarni,1,726,27,756,26.22559928894043,2.7218999093747698e-05,0.03350529819726944,-0.06712000072002411,4.4283198803896084e-05,t12_f5_c3,,,,,,,,,,,,,,,,,,,,,,,,,,,,,,,,,,,,,,,ZTF19aadooun
2458481.0561458,2,726556142715,19.930700302124023,/ztf/archive/sci/2018/1228/556146/ztf_20181228556146_000756_zr_c07_o_q4_scimrefdiffimg.fits.fz,Kulkarni,1,726,27,756,26.229400634765625,1.798149969545193e-05,0.028041400015354156,0.10986100137233734,2.5429399101994932e-05,t12_f5_c3,,,,,,,,,,,,,,,,,,,,,,,,,,,,,,,,,,,,,,,ZTF19aadooun
2458487.0107176,2,732510712715,20.601999282836914,/ztf/archive/sci/2019/0103/510718/ztf_20190103510718_000756_zr_c07_o_q4_scimrefdiffimg.fits.fz,Kulkarni,1,732,27,756,26.299800872802734,1.3329399735084735e-05,0.02438429929316044,0.10565000027418137,1.874590088846162e-05,t12_f5_c3,,,,,,,,,,,,,,,,,,,,,,,,,,,,,,,,,,,,,,,ZTF19aadooun
2458487.0498032,1,732549802715,20.608299255371094,/ztf/archive/sci/2019/0103/549792/ztf_20190103549792_000756_zg_c07_o_q4_scimrefdiffimg.fits.fz,Kulkarni,1,732,27,756,26.256200790405273,2.0886400307063013e-05,0.03047659993171692,-0.07182420045137405,2.9976899895700626e-05,t12_f5_c3,,,,,,,,,,,,,,,,,,,,,,,,,,,,,,,,,,,,,,,ZTF19aadooun
2458491.9852894,1,737485282715,20.378799438476562,/ztf/archive/sci/2019/0108/485289/ztf_20190108485289_000756_zg_c07_o_q4_scimrefdiffimg.fits.fz,Kulkarni,1,737,27,756,26.055299758911133,2.32127003982896e-05,0.032298799604177475,-0.09457159787416458,3.2953401387203485e-05,t12_f5_c3,,,,,,,,,,,,,,,,,,,,,,,,,,,,,,,,,,,,,,,ZTF19aadooun
2458495.0125116,1,740512512715,20.957399368286133,/ztf/archive/sci/2019/0111/512512/ztf_20190111512512_000756_zg_c07_o_q4_scimrefdiffimg.fits.fz,Kulkarni,1,740,27,756,26.247800827026367,1.9782899471465498e-05,0.029615100473165512,-0.09047690033912659,2.789129939628765e-05,t15_f5_c3,,,,,,,,,,,,,,,,,,,,,,,,,,,,,,,,,,,,,,,ZTF19aadooun
2458502.9760185,1,748476012715,19.513099670410156,/ztf/archive/sci/2019/0119/475984/ztf_20190119475984_000756_zg_c07_o_q4_scimrefdiffimg.fits.fz,Kulkarni,1,748,27,756,26.17140007019043,3.558049866114743e-05,0.03632820025086403,-0.081209197640419,6.54262985335663e-05,t15_f5_c3,,,,,,,,,,,,,,,,,,,,,,,,,,,,,,,,,,,,,,,ZTF19aadooun
2458503.0540625,2,748554062715,20.365400314331055,/ztf/archive/sci/2019/0119/554051/ztf_20190119554051_000756_zr_c07_o_q4_scimrefdiffimg.fits.fz,Kulkarni,1,748,27,756,26.266399383544922,1.002689987217309e-05,0.021274199709296227,0.11222899705171585,1.4185199688654393e-05,t15_f5_c3,7.48554062715015e+17,t,1.0,2277.070068359375,63.155399322509766,193.9262311,46.7814385,18.917400360107422,0.08600500226020813,1.5918200016021729,18.71380043029785,0.09149999916553497,2.670609951019287,19.652000427246094,0.10899999737739563,6.379000186920166,0.7139999866485596,0.01598300039768219,-0.2035990059375763,1.9900000095367432,0.9829999804496765,63.155399322509766,1.6516200304031372,1.253980040550232,0.746999979019165,0.7099999785423279,0.37537699937820435,0.35678398609161377,1.052109956741333,3.0,0.0,0.7471429705619812,1.0,18.681100845336914,0.11349999904632568,193.926405,46.7821786,25.0502,ZTF19aadooun
2458505.9461111,1,751446112715,18.90679931640625,/ztf/archive/sci/2019/0122/446042/ztf_20190122446042_000756_zg_c07_o_q4_scimrefdiffimg.fits.fz,Kulkarni,1,751,27,756,26.234399795532227,8.538670226698741e-05,0.04235609993338585,-0.031098000705242157,0.0002038529928540811,t15_f5_c3,7.51446112715015e+17,t,1.0,2261.830078125,59.98270034790039,193.9261941,46.7813883,17.981399536132812,0.10334199666976929,1.4762500524520874,18.035499572753906,0.10520000010728836,1.917240023612976,20.250999450683594,0.09099999815225601,2.684999942779541,0.20200000703334808,-0.5451689958572388,0.054058000445365906,5.170000076293945,0.9829999804496765,59.98270034790039,0.8713099956512451,0.8095970153808594,1.2999999523162842,1.2640000581741333,0.2514509856700897,0.244487002491951,1.028480052947998,1.0,0.0,0.3371430039405823,1.0,18.030500411987305,0.13410000503063202,193.9264483,46.7818989,16.5889,ZTF19aadooun
2458481.9692477,2,727469245515,20.0625,/ztf/archive/sci/2018/1229/469213/ztf_20181229469213_001755_zr_c14_o_q4_scimrefdiffimg.fits.fz,Kulkarni,2,727,55,1755,26.195100784301758,1.3742699593422003e-05,0.025221899151802063,0.1005299985408783,2.0226900232955813e-05,t12_f5_c3,,,,,,,,,,,,,,,,,,,,,,,,,,,,,,,,,,,,,,,ZTF19aadooun
2458493.9631713,2,739463175515,20.68790054321289,/ztf/archive/sci/2019/0110/463148/ztf_20190110463148_001755_zr_c14_o_q4_scimrefdiffimg.fits.fz,Kulkarni,2,739,55,1755,26.242799758911133,2.561029941716697e-05,0.0348023995757103,0.09291010349988937,3.776579978875816e-05,t15_f5_c3,,,,,,,,,,,,,,,,,,,,,,,,,,,,,,,,,,,,,,,ZTF19aadooun
2458503.9967824,2,749496785515,18.397600173950195,/ztf/archive/sci/2019/0120/496771/ztf_20190120496771_001755_zr_c14_o_q4_scimrefdiffimg.fits.fz,Kulkarni,2,749,55,1755,25.498899459838867,9.503400360699743e-05,0.05503709986805916,0.12165399640798569,0.00015928999346215278,t15_f5_c3,,,,,,,,,,,,,,,,,,,,,,,,,,,,,,,,,,,,,,,ZTF19aadooun
2458508.9878009,2,754487802715,19.82159996032715,/ztf/archive/sci/2019/0125/487732/ztf_20190125487732_000756_zr_c07_o_q4_scimrefdiffimg.fits.fz,Kulkarni,1,754,27,756,26.242399215698242,1.553350011818111e-05,0.026268700137734413,0.1136000007390976,2.1926200133748353e-05,t15_f5_c3,7.54487802715015e+17,t,1.0,2280.81005859375,53.72529983520508,193.9262375,46.7814137,17.841400146484375,0.05488700047135353,4.007579803466797,17.864200592041016,0.057500001043081284,2.748650074005127,19.652000427246094,0.10899999737739563,6.379000186920166,0.7139999866485596,-0.2354380041360855,0.02283499948680401,2.5399999618530273,0.9829999804496765,53.72529983520508,1.957360029220581,1.1572200059890747,0.8849999904632568,0.8610000014305115,0.3484250009059906,0.3389759957790375,1.0278700590133667,1.0,0.0,0.8628569841384888,1.0,17.79960060119629,0.06909999996423721,193.926405,46.7821786,42.3708,ZTF19aadooun
2458511.9500347,1,757450032715,20.605600357055664,/ztf/archive/sci/2019/0128/450000/ztf_20190128450000_000756_zg_c07_o_q4_scimrefdiffimg.fits.fz,Kulkarni,1,757,27,756,26.248699188232422,1.9665500076371245e-05,0.02945449948310852,-0.07843019813299179,2.7797399525297806e-05,t15_f5_c3,7.57450032715015e+17,1,0.0,2290.860107421875,18.161800384521484,193.9262512,46.7814299,17.46269989013672,0.0455860011279583,7.947669982910156,17.432300567626953,0.02449999935925007,1.7467999458312988,20.250999450683594,0.09099999815225601,2.684999942779541,0.20200000703334808,0.12383300065994263,-0.030435999855399132,2.0299999713897705,0.9829999804496765,18.161800384521484,3.1732900142669678,1.2255300283432007,0.7319999933242798,0.7160000205039978,0.36059099435806274,0.35270899534225464,1.0223499536514282,0.0,0.0,0.7557139992713928,1.0,17.430999755859375,0.030300000682473183,193.9264483,46.7818989,42.9568,ZTF19aadooun
2458511.9500347,1,757450032715,20.605600357055664,/ztf/archive/sci/2019/0128/450000/ztf_20190128450000_000756_zg_c07_o_q4_scimrefdiffimg.fits.fz,Kulkarni,1,757,27,756,26.248699188232422,1.9665500076371245e-05,0.02945449948310852,-0.07843019813299179,2.7797399525297806e-05,t15_f5_c3,7.57450032715015e+17,t,0.0,2290.860107421875,18.161800384521484,193.9262512,46.7814299,17.46269989013672,0.0455860011279583,7.947669982910156,17.432300567626953,0.02449999935925007,1.7467999458312988,20.250999450683594,0.09099999815225601,2.684999942779541,0.20200000703334808,0.12383300065994263,-0.030435999855399132,2.0299999713897705,0.9829999804496765,18.161800384521484,3.1732900142669678,1.2255300283432007,0.7319999933242798,0.7160000205039978,0.36059099435806274,0.35270899534225464,1.0223499536514282,0.0,0.0,0.7557139992713928,1.0,17.430999755859375,0.030300000682473183,193.9264483,46.7818989,42.9568,ZTF19aadooun
2458512.0299306,2,757529932715,19.79520034790039,/ztf/archive/sci/2019/0128/529919/ztf_20190128529919_000756_zr_c07_o_q4_scimrefdiffimg.fits.fz,Kulkarni,1,757,27,756,25.936899185180664,2.0390900317579508e-05,0.030045000836253166,0.11538299918174744,2.8783699235646054e-05,t15_f5_c3,7.57529932715015e+17,t,0.0,2293.97998046875,25.76409912109375,193.9262528,46.7814208,17.63290023803711,0.046748001128435135,4.51777982711792,17.56679916381836,0.0551999993622303,2.737489938735962,19.652000427246094,0.10899999737739563,6.379000186920166,0.7139999866485596,-0.08774799853563309,-0.0661420002579689,1.8300000429153442,0.9829999804496765,25.76409912109375,2.2284200191497803,1.2940800189971924,0.7120000123977661,0.6769999861717224,0.389070987701416,0.3699449896812439,1.0516999959945679,0.0,0.0,0.8542860150337219,1.0,17.46139907836914,0.06400000303983688,193.926405,46.7821786,43.5823,ZTF19aadooun
2458514.9323148,2,760432312715,19.36669921875,/ztf/archive/sci/2019/0131/432292/ztf_20190131432292_000756_zr_c07_o_q4_scimrefdiffimg.fits.fz,Kulkarni,1,760,27,756,25.222700119018555,2.670290086825844e-05,0.034233998507261276,0.1155259981751442,3.747289883904159e-05,t15_f5_c3,7.60432312715015e+17,t,1.0,2278.090087890625,61.448001861572266,193.926262,46.7814265,17.505699157714844,0.05753900110721588,6.028830051422119,17.68709945678711,0.09449999779462814,2.6972498893737793,19.652000427246094,0.10899999737739563,6.379000186920166,0.7139999866485596,0.610194981098175,0.18141600489616394,1.7100000381469727,0.9829999804496765,61.448001861572266,1.6796300411224365,1.3275599479675293,0.6420000195503235,0.6069999933242798,0.37543898820877075,0.3549709916114807,1.0576599836349487,4.0,0.0,0.804286003112793,0.9975379705429077,17.655099868774414,0.11710000038146973,193.926405,46.7821786,31.9598,ZTF19aadooun
2458522.9859606,1,768485962715,20.75979995727539,/ztf/archive/sci/2019/0208/485961/ztf_20190208485961_000756_zg_c07_o_q4_scimrefdiffimg.fits.fz,Kulkarni,1,768,27,756,26.216400146484375,1.5547300790785812e-05,0.0262278001755476,-0.05270789936184883,2.202669929829426e-05,t15_f5_c3,7.68485962715015e+17,t,2.0,2268.3798828125,79.20980072021484,193.9262822,46.7814083,17.609399795532227,0.05457200109958649,15.470199584960938,17.5216007232666,0.02280000038444996,1.806820034980774,20.250999450683594,0.09099999815225601,2.684999942779541,0.20200000703334808,0.1723729968070984,-0.08776099979877472,2.359999895095825,0.9440000057220459,79.20980072021484,3.238189935684204,1.1379599571228027,0.925000011920929,0.8870000243186951,0.39194899797439575,0.3758470118045807,1.0428400039672852,1.0,0.0,0.5942860245704651,1.0,17.52429962158203,0.02800000086426735,193.9264483,46.7818989,63.8031,ZTF19aadooun
2458523.0386458,2,768538642715,20.60420036315918,/ztf/archive/sci/2019/0208/538634/ztf_20190208538634_000756_zr_c07_o_q4_scimrefdiffimg.fits.fz,Kulkarni,1,768,27,756,26.252099990844727,1.9178000002284534e-05,0.028610900044441223,0.1088929995894432,2.6673200409277342e-05,t15_f5_c3,7.68538642715015e+17,t,2.0,2271.31005859375,80.81410217285156,193.9262624,46.7814171,17.652099609375,0.04324200004339218,18.091100692749023,17.652799606323242,0.031099999323487282,2.7364799976348877,19.652000427246094,0.10899999737739563,6.379000186920166,0.7139999866485596,0.26980501413345337,0.0006939999875612557,1.9299999475479126,0.9850000143051147,80.81410217285156,2.9514100551605225,1.2407699823379517,0.6809999942779541,0.6660000085830688,0.3528499901294708,0.3450779914855957,1.0225199460983276,1.0,0.0,0.798570990562439,1.0,17.63629913330078,0.03840000182390213,193.926405,46.7821786,61.6039,ZTF19aadooun
2458526.9511111,1,772451112715,20.2406005859375,/ztf/archive/sci/2019/0212/451076/ztf_20190212451076_000756_zg_c07_o_q4_scimrefdiffimg.fits.fz,Kulkarni,1,772,27,756,25.998300552368164,2.0910199964419007e-05,0.030461300164461136,-0.05426210165023804,3.1145398679655045e-05,t15_f5_c3,7.72451112715015e+17,t,3.0,2264.219970703125,72.18070220947266,193.9262894,46.7813949,17.874300003051758,0.061709001660346985,3.244040012359619,17.88330078125,0.04170000180602074,1.8321199417114258,20.250999450683594,0.09099999815225601,2.684999942779541,0.20200000703334808,-0.16404999792575836,0.009002000093460083,2.7699999809265137,0.9829999804496765,72.18070220947266,2.3572499752044678,1.0696300268173218,0.9229999780654907,0.8790000081062317,0.3332130014896393,0.3173289895057678,1.0500600337982178,0.0,0.0,0.7142860293388367,1.0,17.907400131225586,0.05350000038743019,193.9264483,46.7818989,45.326,ZTF19aadooun
2458527.0196644,2,772519662715,19.96809959411621,/ztf/archive/sci/2019/0212/519618/ztf_20190212519618_000756_zr_c07_o_q4_scimrefdiffimg.fits.fz,Kulkarni,1,772,27,756,26.107200622558594,2.0317300368333235e-05,0.030138300731778145,0.11662299931049347,2.8778000341844745e-05,t15_f5_c3,7.72519662715015e+17,t,1.0,2273.110107421875,50.104801177978516,193.9262627,46.7814127,17.893199920654297,0.05303199961781502,1.690500020980835,17.92300033569336,0.05139999836683273,2.7439301013946533,19.652000427246094,0.10899999737739563,6.379000186920166,0.7139999866485596,0.852944016456604,0.029776999726891518,2.7699999809265137,0.9829999804496765,50.104801177978516,2.0451300144195557,1.1302399635314941,0.9399999976158142,0.9350000023841858,0.33934998512268066,0.3375450074672699,1.0053499937057495,1.0,0.0,0.8100000023841858,1.0,17.879899978637695,0.06279999762773514,193.926405,46.7821786,39.6431,ZTF19aadooun
2458509.9668981,2,755466895515,19.78969955444336,/ztf/archive/sci/2019/0126/466852/ztf_20190126466852_001755_zr_c14_o_q4_scimrefdiffimg.fits.fz,Kulkarni,2,755,55,1755,26.175500869750977,1.840450022427831e-05,0.02928449958562851,0.10979600250720978,2.7183099518879317e-05,t15_f5_c3,7.55466895515015e+17,t,3.0,1860.969970703125,780.6489868164062,193.9262316,46.781388,17.75950050354004,0.05944100022315979,3.848180055618286,17.781999588012695,0.051100000739097595,2.5071799755096436,19.618999481201172,0.09000000357627869,6.0269999504089355,0.29600000381469727,0.1633799970149994,0.02253600023686886,2.890000104904175,0.9819999933242798,780.6489868164062,2.007659912109375,1.104740023612976,0.9769999980926514,0.9580000042915344,0.33806198835372925,0.3314880132675171,1.0198299884796143,0.0,0.0,0.7900000214576721,1.0,17.7593994140625,0.06360000371932983,193.9263833,46.7820856,37.9373,ZTF19aadooun
2458513.9636343,2,759463635515,17.527000427246094,/ztf/archive/sci/2019/0130/463611/ztf_20190130463611_001755_zr_c14_o_q4_scimrefdiffimg.fits.fz,Kulkarni,2,759,55,1755,23.088699340820312,0.002666010055691004,0.22710399329662323,0.1354999989271164,0.004548660013824701,t15_f5_c3,,,,,,,,,,,,,,,,,,,,,,,,,,,,,,,,,,,,,,,ZTF19aadooun
2458534.8542014,2,780354205515,18.97330093383789,/ztf/archive/sci/2019/0220/354190/ztf_20190220354190_001755_zr_c14_o_q4_scimrefdiffimg.fits.fz,Kulkarni,1,780,55,1755,26.177600860595703,6.1763399571646e-05,0.043661899864673615,0.13066400587558746,9.537959704175591e-05,t15_f5_c3,7.80354205515015e+17,1,1.0,1829.6099853515625,794.0989990234375,193.9261527,46.7814902,18.239599227905273,0.1618099957704544,1.4490100145339966,18.426700592041016,0.1770000010728836,2.1898601055145264,19.618999481201172,0.09000000357627869,6.0269999504089355,0.29600000381469727,0.21745599806308746,0.1871190071105957,3.809999942779541,0.9819999933242798,794.0989990234375,0.5466369986534119,0.8785330057144165,1.1820000410079956,1.0850000381469727,0.31023600697517395,0.2847769856452942,1.089400053024292,1.0,0.0,0.47999998927116394,1.0,18.282400131225586,0.19900000095367432,193.9263833,46.7820856,9.68004,ZTF19aadooun
2458534.9029745,2,780402972715,19.125999450683594,/ztf/archive/sci/2019/0220/402975/ztf_20190220402975_000756_zr_c07_o_q4_scimrefdiffimg.fits.fz,Kulkarni,2,780,27,756,26.207799911499023,4.207050005788915e-05,0.04267970100045204,0.1327189952135086,5.9335699916118756e-05,t15_f5_c3,7.80402972715015e+17,1,0.0,2255.47998046875,43.71390151977539,193.9261538,46.7814231,18.19580078125,0.0996910035610199,1.881719946861267,18.008399963378906,0.11680000275373459,2.7664101123809814,19.652000427246094,0.10899999737739563,6.379000186920166,0.7139999866485596,-2.7394399642944336,-0.18740099668502808,4.860000133514404,0.9620000123977661,43.71390151977539,1.1175899505615234,0.6179230213165283,1.1970000267028809,1.0410000085830688,0.2462960034608841,0.21419799327850342,1.1498600244522095,2.0,0.0,0.36285701394081116,1.0,17.922300338745117,0.13850000500679016,193.926405,46.7821786,16.8046,ZTF19aadooun
2458534.9244329,2,780424432715,19.023300170898438,/ztf/archive/sci/2019/0220/424421/ztf_20190220424421_000756_zr_c07_o_q4_scimrefdiffimg.fits.fz,Kulkarni,1,780,27,756,26.200899124145508,4.3399199057603255e-05,0.04248090088367462,0.13841299712657928,6.34202006040141e-05,t15_f5_c3,7.80424432715015e+17,1,0.0,2265.5400390625,48.60390090942383,193.9262603,46.7812809,18.27090072631836,0.1209309995174408,2.575730085372925,17.929800033569336,0.10890000313520432,3.2257299423217773,19.652000427246094,0.10899999737739563,6.379000186920166,0.7139999866485596,-2.7593400478363037,-0.3411340117454529,4.929999828338623,0.9819999933242798,48.60390090942383,1.0934699773788452,0.668923020362854,1.6369999647140503,1.5149999856948853,0.33204901218414307,0.30730199813842773,1.080530047416687,2.0,0.0,0.2571429908275604,1.0,17.838899612426758,0.12849999964237213,193.926405,46.7821786,13.7454,ZTF19aadooun
2458534.9253356,2,780425332715,19.033899307250977,/ztf/archive/sci/2019/0220/425336/ztf_20190220425336_000756_zr_c07_o_q4_scimrefdiffimg.fits.fz,Kulkarni,2,780,27,756,26.203699111938477,4.3816700781462714e-05,0.043021898716688156,0.13666099309921265,6.252519960980862e-05,t15_f5_c3,7.80425332715015e+17,1,0.0,2266.10009765625,48.255401611328125,193.92618,46.7813724,18.156700134277344,0.08976899832487106,0.7069810032844543,18.153799057006836,0.13289999961853027,2.9177000522613525,19.652000427246094,0.10899999737739563,6.379000186920166,0.7139999866485596,-1.6102999448776245,-0.0028810000512748957,3.940000057220459,0.9900000095367432,48.255401611328125,0.8801230192184448,0.8335930109024048,1.128999948501587,1.065999984741211,0.286547988653183,0.2705579996109009,1.0591000318527222,1.0,0.0,0.6614289879798889,1.0,18.093299865722656,0.16130000352859497,193.926405,46.7821786,14.3815,ZTF19aadooun
2458534.8542014,2,780354205515,18.97330093383789,/ztf/archive/sci/2019/0220/354190/ztf_20190220354190_001755_zr_c14_o_q4_scimrefdiffimg.fits.fz,Kulkarni,1,780,55,1755,26.177600860595703,6.1763399571646e-05,0.043661899864673615,0.13066400587558746,9.537959704175591e-05,t15_f5_c3,7.80354205515015e+17,t,1.0,1829.6099853515625,794.0989990234375,193.9261527,46.7814902,18.239599227905273,0.1618099957704544,1.4490100145339966,18.426700592041016,0.1770000010728836,2.1898601055145264,19.618999481201172,0.09000000357627869,6.0269999504089355,0.29600000381469727,0.21745599806308746,0.1871190071105957,3.809999942779541,0.9819999933242798,794.0989990234375,0.5466369986534119,0.8785330057144165,1.1820000410079956,1.0850000381469727,0.31023600697517395,0.2847769856452942,1.089400053024292,1.0,0.0,0.47999998927116394,1.0,18.282400131225586,0.19900000095367432,193.9263833,46.7820856,9.68004,ZTF19aadooun
2458534.9029745,2,780402972715,19.125999450683594,/ztf/archive/sci/2019/0220/402975/ztf_20190220402975_000756_zr_c07_o_q4_scimrefdiffimg.fits.fz,Kulkarni,2,780,27,756,26.207799911499023,4.207050005788915e-05,0.04267970100045204,0.1327189952135086,5.9335699916118756e-05,t15_f5_c3,7.80402972715015e+17,t,0.0,2255.47998046875,43.71390151977539,193.9261538,46.7814231,18.19580078125,0.0996910035610199,1.881719946861267,18.008399963378906,0.11680000275373459,2.7664101123809814,19.652000427246094,0.10899999737739563,6.379000186920166,0.7139999866485596,-2.7394399642944336,-0.18740099668502808,4.860000133514404,0.9620000123977661,43.71390151977539,1.1175899505615234,0.6179230213165283,1.1970000267028809,1.0410000085830688,0.2462960034608841,0.21419799327850342,1.1498600244522095,2.0,0.0,0.36285701394081116,1.0,17.922300338745117,0.13850000500679016,193.926405,46.7821786,16.8046,ZTF19aadooun
2458534.9244329,2,780424432715,19.023300170898438,/ztf/archive/sci/2019/0220/424421/ztf_20190220424421_000756_zr_c07_o_q4_scimrefdiffimg.fits.fz,Kulkarni,1,780,27,756,26.200899124145508,4.3399199057603255e-05,0.04248090088367462,0.13841299712657928,6.34202006040141e-05,t15_f5_c3,7.80424432715015e+17,t,0.0,2265.5400390625,48.60390090942383,193.9262603,46.7812809,18.27090072631836,0.1209309995174408,2.575730085372925,17.929800033569336,0.10890000313520432,3.2257299423217773,19.652000427246094,0.10899999737739563,6.379000186920166,0.7139999866485596,-2.7593400478363037,-0.3411340117454529,4.929999828338623,0.9819999933242798,48.60390090942383,1.0934699773788452,0.668923020362854,1.6369999647140503,1.5149999856948853,0.33204901218414307,0.30730199813842773,1.080530047416687,2.0,0.0,0.2571429908275604,1.0,17.838899612426758,0.12849999964237213,193.926405,46.7821786,13.7454,ZTF19aadooun
2458534.9253356,2,780425332715,19.033899307250977,/ztf/archive/sci/2019/0220/425336/ztf_20190220425336_000756_zr_c07_o_q4_scimrefdiffimg.fits.fz,Kulkarni,2,780,27,756,26.203699111938477,4.3816700781462714e-05,0.043021898716688156,0.13666099309921265,6.252519960980862e-05,t15_f5_c3,7.80425332715015e+17,t,0.0,2266.10009765625,48.255401611328125,193.92618,46.7813724,18.156700134277344,0.08976899832487106,0.7069810032844543,18.153799057006836,0.13289999961853027,2.9177000522613525,19.652000427246094,0.10899999737739563,6.379000186920166,0.7139999866485596,-1.6102999448776245,-0.0028810000512748957,3.940000057220459,0.9900000095367432,48.255401611328125,0.8801230192184448,0.8335930109024048,1.128999948501587,1.065999984741211,0.286547988653183,0.2705579996109009,1.0591000318527222,1.0,0.0,0.6614289879798889,1.0,18.093299865722656,0.16130000352859497,193.926405,46.7821786,14.3815,ZTF19aadooun
2458534.9541551,2,780454152715,19.134700775146484,/ztf/archive/sci/2019/0220/454120/ztf_20190220454120_000756_zr_c07_o_q4_scimrefdiffimg.fits.fz,Kulkarni,2,780,27,756,26.19860076904297,3.3298900234512985e-05,0.03815159946680069,0.138947993516922,4.703960075858049e-05,t15_f5_c3,7.80454152715015e+17,t,2.0,2265.75,105.64900207519531,193.9262735,46.7814283,18.171600341796875,0.11068399995565414,2.0888400077819824,18.122600555419922,0.12409999966621399,2.6858699321746826,19.652000427246094,0.10899999737739563,6.379000186920166,0.7139999866485596,-1.6288199424743652,-0.04898500069975853,4.25,0.9829999804496765,105.64900207519531,1.0121300220489502,0.7342759966850281,1.0920000076293945,0.9580000042915344,0.2569409906864166,0.22541199624538422,1.1398799419403076,0.0,0.0,0.6371430158615112,1.0,18.043399810791016,0.14790000021457672,193.926405,46.7821786,17.6092,ZTF19aadooun
2458538.8418519,2,784341852715,17.9512996673584,/ztf/archive/sci/2019/0224/341829/ztf_20190224341829_000756_zr_c07_o_q4_scimrefdiffimg.fits.fz,Kulkarni,2,784,27,756,24.58169937133789,8.904199785320088e-05,0.049168698489665985,0.09452170133590698,0.00014716600708197802,t15_f5_c3,,,,,,,,,,,,,,,,,,,,,,,,,,,,,,,,,,,,,,,ZTF19aadooun
2458538.8613426,2,784361342715,18.62529945373535,/ztf/archive/sci/2019/0224/361343/ztf_20190224361343_000756_zr_c07_o_q4_scimrefdiffimg.fits.fz,Kulkarni,1,784,27,756,25.2898006439209,5.3538300562649965e-05,0.045505501329898834,0.15076500177383423,7.84599978942424e-05,t15_f5_c3,7.84361342715015e+17,1,1.0,2265.429931640625,39.060298919677734,193.9263113,46.7814325,18.308799743652344,0.16205500066280365,1.6419600248336792,17.748199462890625,0.19179999828338623,2.6730000972747803,19.652000427246094,0.10899999737739563,6.379000186920166,0.7139999866485596,-7.252130031585693,-0.5606300234794617,1.809999942779541,0.9739999771118164,39.060298919677734,0.8771259784698486,1.2496000528335571,0.8560000061988831,0.6830000281333923,0.472927987575531,0.37734800577163696,1.253290057182312,4.0,0.0,0.38428598642349243,1.0,17.882299423217773,0.27869999408721924,193.926405,46.7821786,9.28785,ZTF19aadooun
2458522.9859606,1,768485962715,20.75979995727539,/ztf/archive/sci/2019/0208/485961/ztf_20190208485961_000756_zg_c07_o_q4_scimrefdiffimg.fits.fz,Kulkarni,1,768,27,756,26.216400146484375,1.5547300790785812e-05,0.0262278001755476,-0.05270789936184883,2.202669929829426e-05,t15_f5_c3,7.68485962715015e+17,1,2.0,2268.3798828125,79.20980072021484,193.9262822,46.7814083,17.609399795532227,0.05457200109958649,15.470199584960938,17.5216007232666,0.02280000038444996,1.806820034980774,20.250999450683594,0.09099999815225601,2.684999942779541,0.20200000703334808,0.1723729968070984,-0.08776099979877472,2.359999895095825,0.9440000057220459,79.20980072021484,3.238189935684204,1.1379599571228027,0.925000011920929,0.8870000243186951,0.39194899797439575,0.3758470118045807,1.0428400039672852,1.0,0.0,0.5942860245704651,1.0,17.52429962158203,0.02800000086426735,193.9264483,46.7818989,63.8031,ZTF19aadooun
2458538.8685301,2,784368532715,18.68090057373047,/ztf/archive/sci/2019/0224/368518/ztf_20190224368518_000756_zr_c07_o_q4_scimrefdiffimg.fits.fz,Kulkarni,2,784,27,756,25.28350067138672,8.293340215459466e-05,0.056576699018478394,0.13149000704288483,0.00012242900265846401,t15_f5_c3,7.84368532715015e+17,1,0.0,2260.93994140625,38.23899841308594,193.9261639,46.781362,18.197500228881836,0.15848800539970398,1.3907999992370605,17.98870086669922,0.23829999566078186,2.9720799922943115,19.652000427246094,0.10899999737739563,6.379000186920166,0.7139999866485596,1.9535900354385376,-0.20879900455474854,2.5199999809265137,0.9639999866485596,38.23899841308594,0.6922190189361572,0.8578699827194214,0.902999997138977,0.8399999737739563,0.3583329916000366,0.33333298563957214,1.0750000476837158,2.0,0.0,0.5771430134773254,0.9730610251426697,17.91080093383789,0.2849999964237213,193.926405,46.7821786,11.8398,ZTF19aadooun
2458538.8899306,3,784389932715,18.315900802612305,/ztf/archive/sci/2019/0224/389896/ztf_20190224389896_000756_zi_c07_o_q4_scimrefdiffimg.fits.fz,Kulkarni,2,784,27,756,24.70240020751953,2.609779949125368e-05,0.05066629871726036,0.1713539958000183,8.125130261760205e-05,t15_f5_c3,,,,,,,,,,,,,,,,,,,,,,,,,,,,,,,,,,,,,,,ZTF19aadooun
2458538.9039699,1,784403962715,18.756000518798828,/ztf/archive/sci/2019/0224/403947/ztf_20190224403947_000756_zg_c07_o_q4_scimrefdiffimg.fits.fz,Kulkarni,2,784,27,756,25.18000030517578,7.4886302172672e-05,0.0431784987449646,-0.041677601635456085,0.0001649409969104454,t15_f5_c3,7.84403962715015e+17,1,0.0,2269.43994140625,55.22919845581055,193.9262472,46.7814646,18.94499969482422,0.3381290137767792,1.3381099700927734,18.7273006439209,0.4065000116825104,1.6349999904632568,20.250999450683594,0.09099999815225601,2.684999942779541,0.20200000703334808,-1.2394100427627563,-0.2176550030708313,2.5399999618530273,0.8500000238418579,55.22919845581055,0.028717000037431717,0.9186000227928162,0.7160000205039978,0.5460000038146973,0.28189000487327576,0.2149610072374344,1.3113499879837036,9.0,0.0,0.3457140028476715,0.7308930158615112,18.34630012512207,0.3675999939441681,193.9264483,46.7818989,6.37203,ZTF19aadooun
2458538.9171528,1,784417152715,18.624300003051758,/ztf/archive/sci/2019/0224/417153/ztf_20190224417153_000756_zg_c07_o_q4_scimrefdiffimg.fits.fz,Kulkarni,2,784,27,756,25.108299255371094,7.844930223654956e-05,0.04179390147328377,-0.04060539975762367,0.00017736200243234634,t15_f5_c3,7.84417152715015e+17,1,1.0,2270.110107421875,53.969398498535156,193.9262912,46.7814527,19.042299270629883,0.2676059901714325,0.9188669919967651,18.955699920654297,0.5483999848365784,1.6393200159072876,20.250999450683594,0.09099999815225601,2.684999942779541,0.20200000703334808,-0.1560019999742508,-0.08663000166416168,1.2026100158691406,0.9229999780654907,53.969398498535156,-0.3314040005207062,2.0,0.8669999837875366,0.8389999866485596,0.7209330201148987,0.6976500153541565,1.033370018005371,3.0,0.0,0.3785710036754608,1.0,19.49920082092285,1.1617000102996826,193.9264483,46.7818989,5.30727,ZTF19aadooun
2458538.9180671,1,784418062715,18.789100646972656,/ztf/archive/sci/2019/0224/418067/ztf_20190224418067_000756_zg_c07_o_q4_scimrefdiffimg.fits.fz,Kulkarni,1,784,27,756,25.25659942626953,6.780870171496645e-05,0.042071498930454254,-0.029329000040888786,0.0001498199999332428,t15_f5_c3,,,,,,,,,,,,,,,,,,,,,,,,,,,,,,,,,,,,,,,ZTF19aadooun
2458538.9585995,1,784458592715,19.42799949645996,/ztf/archive/sci/2019/0224/458588/ztf_20190224458588_000756_zg_c07_o_q4_scimrefdiffimg.fits.fz,Kulkarni,2,784,27,756,25.67799949645996,2.8589400244527496e-05,0.032137300819158554,-0.028731100261211395,5.2025199693161994e-05,t15_f5_c3,7.84458592715015e+17,1,0.0,2272.840087890625,53.497798919677734,193.9261809,46.7813483,18.73900032043457,0.1794620007276535,2.4562199115753174,18.370500564575195,0.1597999930381775,2.062419891357422,20.250999450683594,0.09099999815225601,2.684999942779541,0.20200000703334808,-0.43226999044418335,-0.3684549927711487,2.630000114440918,0.9279999732971191,53.497798919677734,1.0574699640274048,0.8840720057487488,0.9620000123977661,0.8519999980926514,0.36577901244163513,0.3239539861679077,1.1291099786758423,3.0,0.0,0.39142900705337524,0.9662150144577026,18.41819953918457,0.21410000324249268,193.9264483,46.7818989,12.8865,ZTF19aadooun
2458538.8613426,2,784361342715,18.62529945373535,/ztf/archive/sci/2019/0224/361343/ztf_20190224361343_000756_zr_c07_o_q4_scimrefdiffimg.fits.fz,Kulkarni,1,784,27,756,25.2898006439209,5.3538300562649965e-05,0.045505501329898834,0.15076500177383423,7.84599978942424e-05,t15_f5_c3,7.84361342715015e+17,t,1.0,2265.429931640625,39.060298919677734,193.9263113,46.7814325,18.308799743652344,0.16205500066280365,1.6419600248336792,17.748199462890625,0.19179999828338623,2.6730000972747803,19.652000427246094,0.10899999737739563,6.379000186920166,0.7139999866485596,-7.252130031585693,-0.5606300234794617,1.809999942779541,0.9739999771118164,39.060298919677734,0.8771259784698486,1.2496000528335571,0.8560000061988831,0.6830000281333923,0.472927987575531,0.37734800577163696,1.253290057182312,4.0,0.0,0.38428598642349243,1.0,17.882299423217773,0.27869999408721924,193.926405,46.7821786,9.28785,ZTF19aadooun
2458538.8685301,2,784368532715,18.68090057373047,/ztf/archive/sci/2019/0224/368518/ztf_20190224368518_000756_zr_c07_o_q4_scimrefdiffimg.fits.fz,Kulkarni,2,784,27,756,25.28350067138672,8.293340215459466e-05,0.056576699018478394,0.13149000704288483,0.00012242900265846401,t15_f5_c3,7.84368532715015e+17,t,0.0,2260.93994140625,38.23899841308594,193.9261639,46.781362,18.197500228881836,0.15848800539970398,1.3907999992370605,17.98870086669922,0.23829999566078186,2.9720799922943115,19.652000427246094,0.10899999737739563,6.379000186920166,0.7139999866485596,1.9535900354385376,-0.20879900455474854,2.5199999809265137,0.9639999866485596,38.23899841308594,0.6922190189361572,0.8578699827194214,0.902999997138977,0.8399999737739563,0.3583329916000366,0.33333298563957214,1.0750000476837158,2.0,0.0,0.5771430134773254,0.9730610251426697,17.91080093383789,0.2849999964237213,193.926405,46.7821786,11.8398,ZTF19aadooun
2458538.9039699,1,784403962715,18.756000518798828,/ztf/archive/sci/2019/0224/403947/ztf_20190224403947_000756_zg_c07_o_q4_scimrefdiffimg.fits.fz,Kulkarni,2,784,27,756,25.18000030517578,7.4886302172672e-05,0.0431784987449646,-0.041677601635456085,0.0001649409969104454,t15_f5_c3,7.84403962715015e+17,t,0.0,2269.43994140625,55.22919845581055,193.9262472,46.7814646,18.94499969482422,0.3381290137767792,1.3381099700927734,18.7273006439209,0.4065000116825104,1.6349999904632568,20.250999450683594,0.09099999815225601,2.684999942779541,0.20200000703334808,-1.2394100427627563,-0.2176550030708313,2.5399999618530273,0.8500000238418579,55.22919845581055,0.028717000037431717,0.9186000227928162,0.7160000205039978,0.5460000038146973,0.28189000487327576,0.2149610072374344,1.3113499879837036,9.0,0.0,0.3457140028476715,0.7308930158615112,18.34630012512207,0.3675999939441681,193.9264483,46.7818989,6.37203,ZTF19aadooun
2458538.9171528,1,784417152715,18.624300003051758,/ztf/archive/sci/2019/0224/417153/ztf_20190224417153_000756_zg_c07_o_q4_scimrefdiffimg.fits.fz,Kulkarni,2,784,27,756,25.108299255371094,7.844930223654956e-05,0.04179390147328377,-0.04060539975762367,0.00017736200243234634,t15_f5_c3,7.84417152715015e+17,t,1.0,2270.110107421875,53.969398498535156,193.9262912,46.7814527,19.042299270629883,0.2676059901714325,0.9188669919967651,18.955699920654297,0.5483999848365784,1.6393200159072876,20.250999450683594,0.09099999815225601,2.684999942779541,0.20200000703334808,-0.1560019999742508,-0.08663000166416168,1.2026100158691406,0.9229999780654907,53.969398498535156,-0.3314040005207062,2.0,0.8669999837875366,0.8389999866485596,0.7209330201148987,0.6976500153541565,1.033370018005371,3.0,0.0,0.3785710036754608,1.0,19.49920082092285,1.1617000102996826,193.9264483,46.7818989,5.30727,ZTF19aadooun
2458538.9585995,1,784458592715,19.42799949645996,/ztf/archive/sci/2019/0224/458588/ztf_20190224458588_000756_zg_c07_o_q4_scimrefdiffimg.fits.fz,Kulkarni,2,784,27,756,25.67799949645996,2.8589400244527496e-05,0.032137300819158554,-0.028731100261211395,5.2025199693161994e-05,t15_f5_c3,7.84458592715015e+17,t,0.0,2272.840087890625,53.497798919677734,193.9261809,46.7813483,18.73900032043457,0.1794620007276535,2.4562199115753174,18.370500564575195,0.1597999930381775,2.062419891357422,20.250999450683594,0.09099999815225601,2.684999942779541,0.20200000703334808,-0.43226999044418335,-0.3684549927711487,2.630000114440918,0.9279999732971191,53.497798919677734,1.0574699640274048,0.8840720057487488,0.9620000123977661,0.8519999980926514,0.36577901244163513,0.3239539861679077,1.1291099786758423,3.0,0.0,0.39142900705337524,0.9662150144577026,18.41819953918457,0.21410000324249268,193.9264483,46.7818989,12.8865,ZTF19aadooun
2458538.9652199,2,784465212715,19.168800354003906,/ztf/archive/sci/2019/0224/465208/ztf_20190224465208_000756_zr_c07_o_q4_scimrefdiffimg.fits.fz,Kulkarni,2,784,27,756,25.719600677490234,3.0152099498081952e-05,0.03644749894738197,0.141417995095253,4.2187901271972805e-05,t15_f5_c3,7.84465212715015e+17,t,1.0,2279.199951171875,58.227901458740234,193.9262072,46.7814582,18.281600952148438,0.09383600205183029,0.9683449864387512,18.09939956665039,0.15219999849796295,2.605329990386963,19.652000427246094,0.10899999737739563,6.379000186920166,0.7139999866485596,1.0474900007247925,-0.18218299746513367,2.009999990463257,0.9829999804496765,58.227901458740234,1.0693600177764893,1.2005399465560913,0.7960000038146973,0.6800000071525574,0.39601999521255493,0.3383080065250397,1.1705900430679321,4.0,0.0,0.7242860198020935,0.9784650206565857,18.012399673461914,0.18019999563694,193.926405,46.7821786,16.0871,ZTF19aadooun
2458539.7539931,1,785253992715,19.368099212646484,/ztf/archive/sci/2019/0225/253982/ztf_20190225253982_000756_zg_c07_o_q4_scimrefdiffimg.fits.fz,Kulkarni,2,785,27,756,25.202699661254883,6.660370127065107e-05,0.0494052991271019,-0.00505140982568264,0.00012159300240455195,t15_f5_c3,7.85253992715015e+17,1,2.0,2257.469970703125,38.9286994934082,193.9263176,46.7814746,19.079700469970703,0.18088600039482117,1.235759973526001,18.718299865722656,0.20080000162124634,1.5413099527359009,20.250999450683594,0.09099999815225601,2.684999942779541,0.20200000703334808,-0.7714849710464478,-0.36137300729751587,3.380000114440918,0.8970000147819519,38.9286994934082,0.6498180031776428,0.8049209713935852,1.093000054359436,0.953000009059906,0.3233729898929596,0.28195300698280334,1.1469000577926636,6.0,0.0,0.32571399211883545,0.9672189950942993,18.426599502563477,0.19689999520778656,193.9264483,46.7818989,9.18959,ZTF19aadooun
2458539.7908218,1,785290822715,20.028600692749023,/ztf/archive/sci/2019/0225/290810/ztf_20190225290810_000756_zg_c07_o_q4_scimrefdiffimg.fits.fz,Kulkarni,2,785,27,756,25.596599578857422,3.1979099730961025e-05,0.037546899169683456,-0.07348640263080597,4.740700023830868e-05,t15_f5_c3,7.85290822715015e+17,1,0.0,2272.14990234375,51.960201263427734,193.9262438,46.781419,18.998600006103516,0.10311699658632278,1.1433500051498413,18.729700088500977,0.1266999989748001,1.792639970779419,20.250999450683594,0.09099999815225601,2.684999942779541,0.20200000703334808,-0.06582999974489212,-0.26890799403190613,1.9199999570846558,0.9789999723434448,51.960201263427734,1.29885995388031,1.2676700353622437,0.7160000205039978,0.6800000071525574,0.3729169964790344,0.35416701436042786,1.052940011024475,4.0,0.0,0.5,0.9610810279846191,18.772300720214844,0.1679999977350235,193.9264483,46.7818989,18.3024,ZTF19aadooun
2458539.8256597,2,785325652715,18.71310043334961,/ztf/archive/sci/2019/0225/325660/ztf_20190225325660_000756_zr_c07_o_q4_scimrefdiffimg.fits.fz,Kulkarni,2,785,27,756,24.792600631713867,6.550079706357792e-05,0.05145290121436119,0.12557700276374817,9.237750055035576e-05,t15_f5_c3,,,,,,,,,,,,,,,,,,,,,,,,,,,,,,,,,,,,,,,ZTF19aadooun
2458539.7539931,1,785253992715,19.368099212646484,/ztf/archive/sci/2019/0225/253982/ztf_20190225253982_000756_zg_c07_o_q4_scimrefdiffimg.fits.fz,Kulkarni,2,785,27,756,25.202699661254883,6.660370127065107e-05,0.0494052991271019,-0.00505140982568264,0.00012159300240455195,t15_f5_c3,7.85253992715015e+17,t,2.0,2257.469970703125,38.9286994934082,193.9263176,46.7814746,19.079700469970703,0.18088600039482117,1.235759973526001,18.718299865722656,0.20080000162124634,1.5413099527359009,20.250999450683594,0.09099999815225601,2.684999942779541,0.20200000703334808,-0.7714849710464478,-0.36137300729751587,3.380000114440918,0.8970000147819519,38.9286994934082,0.6498180031776428,0.8049209713935852,1.093000054359436,0.953000009059906,0.3233729898929596,0.28195300698280334,1.1469000577926636,6.0,0.0,0.32571399211883545,0.9672189950942993,18.426599502563477,0.19689999520778656,193.9264483,46.7818989,9.18959,ZTF19aadooun
2458539.7908218,1,785290822715,20.028600692749023,/ztf/archive/sci/2019/0225/290810/ztf_20190225290810_000756_zg_c07_o_q4_scimrefdiffimg.fits.fz,Kulkarni,2,785,27,756,25.596599578857422,3.1979099730961025e-05,0.037546899169683456,-0.07348640263080597,4.740700023830868e-05,t15_f5_c3,7.85290822715015e+17,t,0.0,2272.14990234375,51.960201263427734,193.9262438,46.781419,18.998600006103516,0.10311699658632278,1.1433500051498413,18.729700088500977,0.1266999989748001,1.792639970779419,20.250999450683594,0.09099999815225601,2.684999942779541,0.20200000703334808,-0.06582999974489212,-0.26890799403190613,1.9199999570846558,0.9789999723434448,51.960201263427734,1.29885995388031,1.2676700353622437,0.7160000205039978,0.6800000071525574,0.3729169964790344,0.35416701436042786,1.052940011024475,4.0,0.0,0.5,0.9610810279846191,18.772300720214844,0.1679999977350235,193.9264483,46.7818989,18.3024,ZTF19aadooun
2458539.8387269,2,785338722715,19.85770034790039,/ztf/archive/sci/2019/0225/338727/ztf_20190225338727_000756_zr_c07_o_q4_scimrefdiffimg.fits.fz,Kulkarni,2,785,27,756,25.858600616455078,1.784939922799822e-05,0.028053000569343567,0.13041700422763824,2.4982600734801963e-05,t15_f5_c3,7.85338722715015e+17,t,0.0,2275.18994140625,62.504798889160156,193.9262416,46.7814314,18.322599411010742,0.07802599668502808,6.309989929199219,18.26740074157715,0.10289999842643738,2.691740036010742,19.652000427246094,0.10899999737739563,6.379000186920166,0.7139999866485596,-0.8030840158462524,-0.05518899857997894,1.809999942779541,0.9829999804496765,62.504798889160156,1.5902800559997559,1.2526799440383911,0.6740000247955322,0.6150000095367432,0.3723759949207306,0.33977898955345154,1.0959299802780151,4.0,0.0,0.8399999737739563,0.989611029624939,18.217599868774414,0.1257999986410141,193.926405,46.7821786,23.9446,ZTF19aadooun
2458539.8691435,2,785369142715,20.015199661254883,/ztf/archive/sci/2019/0225/369120/ztf_20190225369120_000756_zr_c07_o_q4_scimrefdiffimg.fits.fz,Kulkarni,2,785,27,756,26.041500091552734,1.7759799447958358e-05,0.028178399428725243,0.12521900236606598,2.5067000024137087e-05,t15_f5_c3,7.85369142715015e+17,t,0.0,2276.889892578125,69.40660095214844,193.9262722,46.7814398,18.282499313354492,0.06710100173950195,3.5816900730133057,18.1919002532959,0.08030000329017639,2.650749921798706,19.652000427246094,0.10899999737739563,6.379000186920166,0.7139999866485596,-0.3613620102405548,-0.09059999883174896,2.0899999141693115,0.9829999804496765,69.40660095214844,1.823330044746399,1.1331000328063965,0.7639999985694885,0.6740000247955322,0.3655500113964081,0.322488009929657,1.1335300207138062,5.0,0.0,0.8171430230140686,0.9801449775695801,18.086999893188477,0.093299999833107,193.926405,46.7821786,29.6591,ZTF19aadooun
2458539.8916782,1,785391672715,20.029699325561523,/ztf/archive/sci/2019/0225/391667/ztf_20190225391667_000756_zg_c07_o_q4_scimrefdiffimg.fits.fz,Kulkarni,2,785,27,756,25.931299209594727,2.5790899599087425e-05,0.03368489816784859,-0.0624707005918026,3.8870100979693234e-05,t15_f5_c3,7.85391672715015e+17,t,2.0,2277.090087890625,69.88629913330078,193.9263081,46.7814153,18.975299835205078,0.13978999853134155,1.3251700401306152,18.78619956970215,0.13510000705718994,1.7671500444412231,20.250999450683594,0.09099999815225601,2.684999942779541,0.20200000703334808,-0.2592009902000427,-0.189083993434906,1.9900000095367432,0.9829999804496765,69.88629913330078,1.2435200214385986,1.1873500347137451,0.7710000276565552,0.628000020980835,0.38743698596954346,0.31557801365852356,1.2277100086212158,4.0,0.0,0.5628569722175598,1.0,18.81879997253418,0.17790000140666962,193.9264483,46.7818989,19.284,ZTF19aadooun
2458540.7704167,2,786270415515,20.253299713134766,/ztf/archive/sci/2019/0226/270382/ztf_20190226270382_001755_zr_c14_o_q4_scimrefdiffimg.fits.fz,Kulkarni,1,786,55,1755,26.0841007232666,1.737079946906306e-05,0.028310200199484825,0.12427999824285507,2.5378800273756497e-05,t15_f5_c3,7.86270415515015e+17,1,3.0,1850.56005859375,793.291015625,193.926199,46.7813904,18.34510040283203,0.09322699904441833,4.675489902496338,18.403099060058594,0.07460000365972519,2.511810064315796,19.618999481201172,0.09000000357627869,6.0269999504089355,0.29600000381469727,-0.21323299407958984,0.058038000017404556,2.940000057220459,0.9549999833106995,793.291015625,1.8502399921417236,0.8750640153884888,0.8930000066757202,0.8489999771118164,0.3037410080432892,0.2887760102748871,1.0518300533294678,1.0,0.0,0.8228570222854614,1.0,18.250499725341797,0.0828000009059906,193.9263833,46.7820856,26.521,ZTF19aadooun
2458539.8387269,2,785338722715,19.85770034790039,/ztf/archive/sci/2019/0225/338727/ztf_20190225338727_000756_zr_c07_o_q4_scimrefdiffimg.fits.fz,Kulkarni,2,785,27,756,25.858600616455078,1.784939922799822e-05,0.028053000569343567,0.13041700422763824,2.4982600734801963e-05,t15_f5_c3,7.85338722715015e+17,1,0.0,2275.18994140625,62.504798889160156,193.9262416,46.7814314,18.322599411010742,0.07802599668502808,6.309989929199219,18.26740074157715,0.10289999842643738,2.691740036010742,19.652000427246094,0.10899999737739563,6.379000186920166,0.7139999866485596,-0.8030840158462524,-0.05518899857997894,1.809999942779541,0.9829999804496765,62.504798889160156,1.5902800559997559,1.2526799440383911,0.6740000247955322,0.6150000095367432,0.3723759949207306,0.33977898955345154,1.0959299802780151,4.0,0.0,0.8399999737739563,0.989611029624939,18.217599868774414,0.1257999986410141,193.926405,46.7821786,23.9446,ZTF19aadooun
2458540.793287,2,786293282715,20.086999893188477,/ztf/archive/sci/2019/0226/293275/ztf_20190226293275_000756_zr_c07_o_q4_scimrefdiffimg.fits.fz,Kulkarni,2,786,27,756,25.872499465942383,2.6732099286164157e-05,0.034481801092624664,0.11264500021934509,3.775000004679896e-05,t15_f5_c3,7.86293282715015e+17,1,0.0,2273.56005859375,39.429500579833984,193.926243,46.7814344,18.319499969482422,0.08507400006055832,10.025300025939941,18.305700302124023,0.09019999951124191,2.6947500705718994,19.652000427246094,0.10899999737739563,6.379000186920166,0.7139999866485596,-0.6455090045928955,-0.01384500041604042,1.9900000095367432,1.0,39.429500579833984,1.7812999486923218,1.1081500053405762,0.6589999794960022,0.6349999904632568,0.3311559855937958,0.3190949857234955,1.0377899408340454,2.0,0.0,0.798570990562439,1.0,18.187999725341797,0.10350000113248825,193.926405,46.7821786,29.1516,ZTF19aadooun
2458539.8691435,2,785369142715,20.015199661254883,/ztf/archive/sci/2019/0225/369120/ztf_20190225369120_000756_zr_c07_o_q4_scimrefdiffimg.fits.fz,Kulkarni,2,785,27,756,26.041500091552734,1.7759799447958358e-05,0.028178399428725243,0.12521900236606598,2.5067000024137087e-05,t15_f5_c3,7.85369142715015e+17,1,0.0,2276.889892578125,69.40660095214844,193.9262722,46.7814398,18.282499313354492,0.06710100173950195,3.5816900730133057,18.1919002532959,0.08030000329017639,2.650749921798706,19.652000427246094,0.10899999737739563,6.379000186920166,0.7139999866485596,-0.3613620102405548,-0.09059999883174896,2.0899999141693115,0.9829999804496765,69.40660095214844,1.823330044746399,1.1331000328063965,0.7639999985694885,0.6740000247955322,0.3655500113964081,0.322488009929657,1.1335300207138062,5.0,0.0,0.8171430230140686,0.9801449775695801,18.086999893188477,0.093299999833107,193.926405,46.7821786,29.6591,ZTF19aadooun
2458540.7704167,2,786270415515,20.253299713134766,/ztf/archive/sci/2019/0226/270382/ztf_20190226270382_001755_zr_c14_o_q4_scimrefdiffimg.fits.fz,Kulkarni,1,786,55,1755,26.0841007232666,1.737079946906306e-05,0.028310200199484825,0.12427999824285507,2.5378800273756497e-05,t15_f5_c3,7.86270415515015e+17,t,3.0,1850.56005859375,793.291015625,193.926199,46.7813904,18.34510040283203,0.09322699904441833,4.675489902496338,18.403099060058594,0.07460000365972519,2.511810064315796,19.618999481201172,0.09000000357627869,6.0269999504089355,0.29600000381469727,-0.21323299407958984,0.058038000017404556,2.940000057220459,0.9549999833106995,793.291015625,1.8502399921417236,0.8750640153884888,0.8930000066757202,0.8489999771118164,0.3037410080432892,0.2887760102748871,1.0518300533294678,1.0,0.0,0.8228570222854614,1.0,18.250499725341797,0.0828000009059906,193.9263833,46.7820856,26.521,ZTF19aadooun
2458540.793287,2,786293282715,20.086999893188477,/ztf/archive/sci/2019/0226/293275/ztf_20190226293275_000756_zr_c07_o_q4_scimrefdiffimg.fits.fz,Kulkarni,2,786,27,756,25.872499465942383,2.6732099286164157e-05,0.034481801092624664,0.11264500021934509,3.775000004679896e-05,t15_f5_c3,7.86293282715015e+17,t,0.0,2273.56005859375,39.429500579833984,193.926243,46.7814344,18.319499969482422,0.08507400006055832,10.025300025939941,18.305700302124023,0.09019999951124191,2.6947500705718994,19.652000427246094,0.10899999737739563,6.379000186920166,0.7139999866485596,-0.6455090045928955,-0.01384500041604042,1.9900000095367432,1.0,39.429500579833984,1.7812999486923218,1.1081500053405762,0.6589999794960022,0.6349999904632568,0.3311559855937958,0.3190949857234955,1.0377899408340454,2.0,0.0,0.798570990562439,1.0,18.187999725341797,0.10350000113248825,193.926405,46.7821786,29.1516,ZTF19aadooun
2458540.8207755,2,786320772715,19.58289909362793,/ztf/archive/sci/2019/0226/320752/ztf_20190226320752_000756_zr_c07_o_q4_scimrefdiffimg.fits.fz,Kulkarni,2,786,27,756,25.332700729370117,2.690250039449893e-05,0.03464239835739136,0.10884100198745728,3.797579847741872e-05,t15_f5_c3,7.86320772715015e+17,t,2.0,2286.280029296875,49.45669937133789,193.9262706,46.7814327,18.262699127197266,0.08387099951505661,5.382780075073242,18.03190040588379,0.11959999799728394,2.688689947128296,19.652000427246094,0.10899999737739563,6.379000186920166,0.7139999866485596,-0.8819910287857056,-0.23081199824810028,1.7999999523162842,0.9829999804496765,49.45669937133789,1.5509699583053589,1.1134300231933594,0.6330000162124634,0.6039999723434448,0.35166698694229126,0.3355560004711151,1.048009991645813,6.0,0.0,0.5942860245704651,0.9615319967269897,17.94339942932129,0.1412000060081482,193.926405,46.7821786,18.9634,ZTF19aadooun
2458540.8531597,2,786353152715,20.805299758911133,/ztf/archive/sci/2019/0226/353148/ztf_20190226353148_000756_zr_c07_o_q4_scimrefdiffimg.fits.fz,Kulkarni,2,786,27,756,26.259599685668945,1.6575699191889726e-05,0.027325499802827835,0.10839399695396423,2.3538699679193087e-05,t15_f5_c3,7.86353152715015e+17,t,1.0,2283.580078125,50.39120101928711,193.9262519,46.7814258,18.384599685668945,0.07054600119590759,23.134000778198242,18.418399810791016,0.056299999356269836,2.7014999389648438,19.652000427246094,0.10899999737739563,6.379000186920166,0.7139999866485596,-0.15671899914741516,0.033810000866651535,1.7300000190734863,1.0,50.39120101928711,2.386889934539795,1.2647199630737305,0.6050000190734863,0.574999988079071,0.34971100091934204,0.33237001299858093,1.0521700382232666,6.0,0.0,0.6842859983444214,0.942251980304718,18.456199645996094,0.0738999992609024,193.926405,46.7821786,42.6494,ZTF19aadooun
2458540.874537,1,786374532715,20.709299087524414,/ztf/archive/sci/2019/0226/374525/ztf_20190226374525_000756_zg_c07_o_q4_scimrefdiffimg.fits.fz,Kulkarni,2,786,27,756,26.268800735473633,2.1102699975017458e-05,0.03065449930727482,-0.10614799708127975,2.9541099138441496e-05,t15_f5_c3,7.86374532715015e+17,t,3.0,2281.260009765625,54.85200119018555,193.9262518,46.7814278,19.148799896240234,0.09481000155210495,2.05610990524292,19.298099517822266,0.11420000344514847,1.7496299743652344,20.250999450683594,0.09099999815225601,2.684999942779541,0.20200000703334808,0.09466300159692764,0.1492920070886612,1.940000057220459,0.9810000061988831,54.85200119018555,1.4112199544906616,1.299280047416687,0.6499999761581421,0.6100000143051147,0.3350520133972168,0.3144330084323883,1.0655699968338013,2.0,0.0,0.6657140254974365,0.9722080230712891,19.34440040588379,0.1518000066280365,193.9264483,46.7818989,26.6932,ZTF19aadooun
2458540.8784028,1,786378402715,20.63319969177246,/ztf/archive/sci/2019/0226/378380/ztf_20190226378380_000756_zg_c07_o_q4_scimrefdiffimg.fits.fz,Kulkarni,2,786,27,756,26.211000442504883,2.0909399609081447e-05,0.030614599585533142,-0.12043599784374237,2.9443399398587644e-05,t15_f5_c3,7.86378402715015e+17,t,2.0,2284.699951171875,54.98979949951172,193.9262535,46.7814217,19.152000427246094,0.10884200036525726,2.4539198875427246,19.25309944152832,0.1185000017285347,1.7710299491882324,20.250999450683594,0.09099999815225601,2.684999942779541,0.20200000703334808,0.07202000170946121,0.10106100142002106,1.8700000047683716,0.9760000109672546,54.98979949951172,1.3801000118255615,1.3263100385665894,0.6439999938011169,0.6330000162124634,0.3443849980831146,0.33850300312042236,1.0173799991607666,4.0,0.0,0.6685709953308105,0.9750019907951355,19.20490074157715,0.14470000565052032,193.9264483,46.7818989,24.3546,ZTF19aadooun
2458540.8991667,1,786399162715,20.575300216674805,/ztf/archive/sci/2019/0226/399155/ztf_20190226399155_000756_zg_c07_o_q4_scimrefdiffimg.fits.fz,Kulkarni,2,786,27,756,26.227399826049805,2.1334000848582946e-05,0.030795900151133537,-0.09373310208320618,3.0456300009973347e-05,t15_f5_c3,7.86399162715015e+17,t,2.0,2281.06005859375,54.99100112915039,193.926265,46.7814333,19.067399978637695,0.08390499651432037,0.8771139979362488,19.095199584960938,0.10599999874830246,1.728060007095337,20.250999450683594,0.09099999815225601,2.684999942779541,0.20200000703334808,0.14902199804782867,0.027754999697208405,1.9299999475479126,0.9819999933242798,54.99100112915039,1.4801299571990967,1.3034199476242065,0.7160000205039978,0.6740000247955322,0.3709839880466461,0.34922298789024353,1.062309980392456,2.0,0.0,0.7400000095367432,1.0,19.042699813842773,0.12880000472068787,193.9264483,46.7818989,24.7184,ZTF19aadooun
2458540.8207755,2,786320772715,19.58289909362793,/ztf/archive/sci/2019/0226/320752/ztf_20190226320752_000756_zr_c07_o_q4_scimrefdiffimg.fits.fz,Kulkarni,2,786,27,756,25.332700729370117,2.690250039449893e-05,0.03464239835739136,0.10884100198745728,3.797579847741872e-05,t15_f5_c3,7.86320772715015e+17,1,2.0,2286.280029296875,49.45669937133789,193.9262706,46.7814327,18.262699127197266,0.08387099951505661,5.382780075073242,18.03190040588379,0.11959999799728394,2.688689947128296,19.652000427246094,0.10899999737739563,6.379000186920166,0.7139999866485596,-0.8819910287857056,-0.23081199824810028,1.7999999523162842,0.9829999804496765,49.45669937133789,1.5509699583053589,1.1134300231933594,0.6330000162124634,0.6039999723434448,0.35166698694229126,0.3355560004711151,1.048009991645813,6.0,0.0,0.5942860245704651,0.9615319967269897,17.94339942932129,0.1412000060081482,193.926405,46.7821786,18.9634,ZTF19aadooun
2458540.8531597,2,786353152715,20.805299758911133,/ztf/archive/sci/2019/0226/353148/ztf_20190226353148_000756_zr_c07_o_q4_scimrefdiffimg.fits.fz,Kulkarni,2,786,27,756,26.259599685668945,1.6575699191889726e-05,0.027325499802827835,0.10839399695396423,2.3538699679193087e-05,t15_f5_c3,7.86353152715015e+17,1,1.0,2283.580078125,50.39120101928711,193.9262519,46.7814258,18.384599685668945,0.07054600119590759,23.134000778198242,18.418399810791016,0.056299999356269836,2.7014999389648438,19.652000427246094,0.10899999737739563,6.379000186920166,0.7139999866485596,-0.15671899914741516,0.033810000866651535,1.7300000190734863,1.0,50.39120101928711,2.386889934539795,1.2647199630737305,0.6050000190734863,0.574999988079071,0.34971100091934204,0.33237001299858093,1.0521700382232666,6.0,0.0,0.6842859983444214,0.942251980304718,18.456199645996094,0.0738999992609024,193.926405,46.7821786,42.6494,ZTF19aadooun
2458540.874537,1,786374532715,20.709299087524414,/ztf/archive/sci/2019/0226/374525/ztf_20190226374525_000756_zg_c07_o_q4_scimrefdiffimg.fits.fz,Kulkarni,2,786,27,756,26.268800735473633,2.1102699975017458e-05,0.03065449930727482,-0.10614799708127975,2.9541099138441496e-05,t15_f5_c3,7.86374532715015e+17,1,3.0,2281.260009765625,54.85200119018555,193.9262518,46.7814278,19.148799896240234,0.09481000155210495,2.05610990524292,19.298099517822266,0.11420000344514847,1.7496299743652344,20.250999450683594,0.09099999815225601,2.684999942779541,0.20200000703334808,0.09466300159692764,0.1492920070886612,1.940000057220459,0.9810000061988831,54.85200119018555,1.4112199544906616,1.299280047416687,0.6499999761581421,0.6100000143051147,0.3350520133972168,0.3144330084323883,1.0655699968338013,2.0,0.0,0.6657140254974365,0.9722080230712891,19.34440040588379,0.1518000066280365,193.9264483,46.7818989,26.6932,ZTF19aadooun
2458540.8784028,1,786378402715,20.63319969177246,/ztf/archive/sci/2019/0226/378380/ztf_20190226378380_000756_zg_c07_o_q4_scimrefdiffimg.fits.fz,Kulkarni,2,786,27,756,26.211000442504883,2.0909399609081447e-05,0.030614599585533142,-0.12043599784374237,2.9443399398587644e-05,t15_f5_c3,7.86378402715015e+17,1,2.0,2284.699951171875,54.98979949951172,193.9262535,46.7814217,19.152000427246094,0.10884200036525726,2.4539198875427246,19.25309944152832,0.1185000017285347,1.7710299491882324,20.250999450683594,0.09099999815225601,2.684999942779541,0.20200000703334808,0.07202000170946121,0.10106100142002106,1.8700000047683716,0.9760000109672546,54.98979949951172,1.3801000118255615,1.3263100385665894,0.6439999938011169,0.6330000162124634,0.3443849980831146,0.33850300312042236,1.0173799991607666,4.0,0.0,0.6685709953308105,0.9750019907951355,19.20490074157715,0.14470000565052032,193.9264483,46.7818989,24.3546,ZTF19aadooun
2458526.9511111,1,772451112715,20.2406005859375,/ztf/archive/sci/2019/0212/451076/ztf_20190212451076_000756_zg_c07_o_q4_scimrefdiffimg.fits.fz,Kulkarni,1,772,27,756,25.998300552368164,2.0910199964419007e-05,0.030461300164461136,-0.05426210165023804,3.1145398679655045e-05,t15_f5_c3,7.72451112715015e+17,1,3.0,2264.219970703125,72.18070220947266,193.9262894,46.7813949,17.874300003051758,0.061709001660346985,3.244040012359619,17.88330078125,0.04170000180602074,1.8321199417114258,20.250999450683594,0.09099999815225601,2.684999942779541,0.20200000703334808,-0.16404999792575836,0.009002000093460083,2.7699999809265137,0.9829999804496765,72.18070220947266,2.3572499752044678,1.0696300268173218,0.9229999780654907,0.8790000081062317,0.3332130014896393,0.3173289895057678,1.0500600337982178,0.0,0.0,0.7142860293388367,1.0,17.907400131225586,0.05350000038743019,193.9264483,46.7818989,45.326,ZTF19aadooun
2458541.9994213,2,787499422715,20.672300338745117,/ztf/archive/sci/2019/0227/499375/ztf_20190227499375_000756_zr_c07_o_q4_scimrefdiffimg.fits.fz,Kulkarni,2,787,27,756,26.24810028076172,1.4212900168786291e-05,0.02547210082411766,0.12482299655675888,2.0174200471956283e-05,t15_f5_c3,7.87499422715015e+17,t,1.0,2286.5,58.5625,193.9262742,46.7814017,18.342100143432617,0.07418899983167648,25.228599548339844,18.26849937438965,0.052400000393390656,2.793030023574829,19.652000427246094,0.10899999737739563,6.379000186920166,0.7139999866485596,-0.15466000139713287,-0.07356300204992294,2.1500000953674316,1.0,58.5625,2.403779983520508,1.0674599409103394,0.7059999704360962,0.6660000085830688,0.3283720016479492,0.3097670078277588,1.0600600242614746,0.0,0.0,0.7928569912910461,1.0,18.1968994140625,0.062300000339746475,193.926405,46.7821786,43.1266,ZTF19aadooun
2458543.7818634,1,789281862715,19.634899139404297,/ztf/archive/sci/2019/0301/281852/ztf_20190301281852_000756_zg_c07_o_q4_scimrefdiffimg.fits.fz,Kulkarni,2,789,27,756,25.436899185180664,4.164429992670193e-05,0.04003940150141716,-0.05118050053715706,7.044729863991961e-05,t15_f5_c3,7.89281862715015e+17,t,0.0,2293.56005859375,12.545900344848633,193.9261944,46.7813972,19.248899459838867,0.22783899307250977,1.1894999742507935,19.569499969482422,0.2971999943256378,1.8870199918746948,20.250999450683594,0.09099999815225601,2.684999942779541,0.20200000703334808,-0.07029499858617783,0.3205620050430298,2.940000057220459,0.7799999713897705,12.545900344848633,0.0654430016875267,1.0832600593566895,0.871999979019165,0.7760000228881836,0.29659900069236755,0.263945996761322,1.123710036277771,1.0,0.0,0.5,1.0,19.475200653076172,0.34929999709129333,193.9264483,46.7818989,10.2012,ZTF19aadooun
2458543.7998032,1,789299802715,20.02120018005371,/ztf/archive/sci/2019/0301/299780/ztf_20190301299780_000756_zg_c07_o_q4_scimrefdiffimg.fits.fz,Kulkarni,2,789,27,756,25.79640007019043,3.2517800718778744e-05,0.036879099905490875,-0.02211100049316883,5.198299913899973e-05,t15_f5_c3,7.89299802715015e+17,t,0.0,2293.070068359375,15.562899589538574,193.9263206,46.7813739,19.424400329589844,0.19812199473381042,1.3705799579620361,19.64349937438965,0.21209999918937683,1.8914200067520142,20.250999450683594,0.09099999815225601,2.684999942779541,0.20200000703334808,0.1402759999036789,0.21911700069904327,5.619999885559082,0.5260000228881836,15.562899589538574,0.37771299481391907,0.6134510040283203,1.2230000495910645,1.0950000286102295,0.217616006731987,0.19483999907970428,1.1168899536132812,1.0,0.0,0.21285699307918549,1.0,19.74530029296875,0.2976999878883362,193.9264483,46.7818989,11.921,ZTF19aadooun
2458543.8418634,2,789341862715,20.142499923706055,/ztf/archive/sci/2019/0301/341863/ztf_20190301341863_000756_zr_c07_o_q4_scimrefdiffimg.fits.fz,Kulkarni,1,789,27,756,25.8981990814209,1.450180025130976e-05,0.025501899421215057,0.12457799911499023,2.060939914372284e-05,t15_f5_c3,7.89341862715015e+17,t,0.0,2291.7099609375,23.80389976501465,193.9262573,46.7814036,18.369199752807617,0.07464700192213058,3.308120012283325,18.316200256347656,0.07410000264644623,2.7842400074005127,19.652000427246094,0.10899999737739563,6.379000186920166,0.7139999866485596,0.11087799817323685,-0.05299900099635124,2.609999895095825,0.9789999723434448,23.80389976501465,1.8262699842453003,1.0217299461364746,0.8669999837875366,0.8299999833106995,0.33218398690223694,0.3180080056190491,1.0445799827575684,0.0,0.0,0.8642860054969788,1.0,18.33289909362793,0.09570000320672989,193.926405,46.7821786,32.863,ZTF19aadooun
2458543.8427778,2,789342772715,20.196399688720703,/ztf/archive/sci/2019/0301/342778/ztf_20190301342778_000756_zr_c07_o_q4_scimrefdiffimg.fits.fz,Kulkarni,2,789,27,756,25.92009925842285,2.7889000193681568e-05,0.035120099782943726,0.10778100043535233,3.927199941244908e-05,t15_f5_c3,7.89342772715015e+17,t,0.0,2290.97998046875,24.26289939880371,193.9262473,46.7814129,18.377099990844727,0.08944600075483322,2.2760798931121826,18.30270004272461,0.0706000030040741,2.7665700912475586,19.652000427246094,0.10899999737739563,6.379000186920166,0.7139999866485596,0.23600800335407257,-0.07437799870967865,2.5799999237060547,0.9810000061988831,24.26289939880371,1.8937499523162842,1.023460030555725,0.8769999742507935,0.8119999766349792,0.3399220108985901,0.3147290050983429,1.080049991607666,0.0,0.0,0.8600000143051147,1.0,18.208900451660156,0.08250000327825546,193.926405,46.7821786,29.9306,ZTF19aadooun
2458543.8622685,2,789362262715,20.37380027770996,/ztf/archive/sci/2019/0301/362234/ztf_20190301362234_000756_zr_c07_o_q4_scimrefdiffimg.fits.fz,Kulkarni,2,789,27,756,25.80699920654297,1.871049971668981e-05,0.02891179919242859,0.10801299661397934,2.6456800696905702e-05,t15_f5_c3,7.89362262715015e+17,t,0.0,2293.989990234375,28.37380027770996,193.926236,46.7814368,18.474000930786133,0.08209700137376785,3.646519899368286,18.454299926757812,0.07850000262260437,2.6677000522613525,19.652000427246094,0.10899999737739563,6.379000186920166,0.7139999866485596,0.27399998903274536,-0.019714999943971634,2.0199999809265137,0.9819999933242798,28.37380027770996,1.9194799661636353,1.1644099950790405,0.7200000286102295,0.6639999747276306,0.35643601417541504,0.32871299982070923,1.08433997631073,1.0,0.0,0.8728569746017456,1.0,18.471399307250977,0.10130000114440918,193.926405,46.7821786,29.3016,ZTF19aadooun
2458543.8843171,1,789384312715,18.104900360107422,/ztf/archive/sci/2019/0301/384317/ztf_20190301384317_000756_zg_c07_o_q4_scimrefdiffimg.fits.fz,Kulkarni,2,789,27,756,23.86359977722168,0.0006495360285043716,0.0892580971121788,-0.012209000065922737,0.001557079958729446,t15_f5_c3,,,,,,,,,,,,,,,,,,,,,,,,,,,,,,,,,,,,,,,ZTF19aadooun
2458543.8852431,1,789385242715,17.816200256347656,/ztf/archive/sci/2019/0301/385232/ztf_20190301385232_000756_zg_c07_o_q4_scimrefdiffimg.fits.fz,Kulkarni,1,789,27,756,23.593299865722656,0.0005261640180833638,0.06951180100440979,0.008253330364823341,0.0013169599696993828,t15_f5_c3,,,,,,,,,,,,,,,,,,,,,,,,,,,,,,,,,,,,,,,ZTF19aadooun
2458543.9086574,3,789408652715,15.98009967803955,/ztf/archive/sci/2019/0301/408657/ztf_20190301408657_000756_zi_c07_o_q4_scimrefdiffimg.fits.fz,Kulkarni,2,789,27,756,22.072399139404297,0.0005066539742983878,0.06845799833536148,0.16452699899673462,0.0032245100010186434,t15_f5_c3,,,,,,,,,,,,,,,,,,,,,,,,,,,,,,,,,,,,,,,ZTF19aadooun
2458543.9275231,2,789427522715,18.226699829101562,/ztf/archive/sci/2019/0301/427523/ztf_20190301427523_000756_zr_c07_o_q4_scimrefdiffimg.fits.fz,Kulkarni,2,789,27,756,24.328899383544922,0.0005093929939903319,0.12183599919080734,0.16331200301647186,0.0007967210258357227,t15_f5_c3,7.89427522715015e+17,t,0.0,2296.300048828125,34.60329818725586,193.9262379,46.781398,18.583900451660156,0.36625900864601135,1.0311299562454224,18.04560089111328,0.23070000112056732,2.808540105819702,19.652000427246094,0.10899999737739563,6.379000186920166,0.7139999866485596,0.0017750000115484,-0.5382509827613831,3.9200000762939453,0.4970000088214874,34.60329818725586,0.18105199933052063,0.9272590279579163,1.6119999885559082,1.444000005722046,0.41122400760650635,0.3683669865131378,1.1163400411605835,4.0,0.0,0.26571398973464966,0.9624720215797424,18.116899490356445,0.3156000077724457,193.926405,46.7821786,6.00988,ZTF19aadooun
2458546.767338,1,792267332715,20.399599075317383,/ztf/archive/sci/2019/0304/267326/ztf_20190304267326_000756_zg_c07_o_q4_scimrefdiffimg.fits.fz,Kulkarni,2,792,27,756,26.148099899291992,2.109520028170664e-05,0.030577700585126877,-0.03170889988541603,3.109659883193672e-05,t15_f5_c3,7.92267332715015e+17,1,0.0,2280.5400390625,36.78260040283203,193.9262795,46.7813867,19.52910041809082,0.19673900306224823,1.4340300559997559,19.523700714111328,0.13300000131130219,1.8661199808120728,20.250999450683594,0.09099999815225601,2.684999942779541,0.20200000703334808,-0.03982999920845032,-0.005427999887615442,5.170000076293945,0.8759999871253967,36.78260040283203,0.8758609890937805,0.7003729939460754,1.2990000247955322,1.1330000162124634,0.2512570023536682,0.21914899349212646,1.1465100049972534,2.0,0.0,0.23714299499988556,1.0,19.496999740600586,0.16529999673366547,193.9264483,46.7818989,12.7596,ZTF19aadooun
2458543.9275231,2,789427522715,18.226699829101562,/ztf/archive/sci/2019/0301/427523/ztf_20190301427523_000756_zr_c07_o_q4_scimrefdiffimg.fits.fz,Kulkarni,2,789,27,756,24.328899383544922,0.0005093929939903319,0.12183599919080734,0.16331200301647186,0.0007967210258357227,t15_f5_c3,7.89427522715025e+17,t,0.0,2296.300048828125,34.60329818725586,193.9262379,46.781398,18.583900451660156,0.36625900864601135,1.0311299562454224,18.04560089111328,0.23070000112056732,2.808540105819702,19.652000427246094,0.10899999737739563,6.379000186920166,0.7139999866485596,0.0017750000115484,-0.5382509827613831,3.9200000762939453,0.4970000088214874,34.60329818725586,0.18105199933052063,0.9272590279579163,1.6119999885559082,1.444000005722046,0.41122400760650635,0.3683669865131378,1.1163400411605835,4.0,0.0,0.26571398973464966,0.9624720215797424,18.116899490356445,0.3156000077724457,193.926405,46.7821786,6.00988,ZTF19aadooun
2458546.767338,1,792267332715,20.399599075317383,/ztf/archive/sci/2019/0304/267326/ztf_20190304267326_000756_zg_c07_o_q4_scimrefdiffimg.fits.fz,Kulkarni,2,792,27,756,26.148099899291992,2.109520028170664e-05,0.030577700585126877,-0.03170889988541603,3.109659883193672e-05,t15_f5_c3,7.92267332715015e+17,t,0.0,2280.5400390625,36.78260040283203,193.9262795,46.7813867,19.52910041809082,0.19673900306224823,1.4340300559997559,19.523700714111328,0.13300000131130219,1.8661199808120728,20.250999450683594,0.09099999815225601,2.684999942779541,0.20200000703334808,-0.03982999920845032,-0.005427999887615442,5.170000076293945,0.8759999871253967,36.78260040283203,0.8758609890937805,0.7003729939460754,1.2990000247955322,1.1330000162124634,0.2512570023536682,0.21914899349212646,1.1465100049972534,2.0,0.0,0.23714299499988556,1.0,19.496999740600586,0.16529999673366547,193.9264483,46.7818989,12.7596,ZTF19aadooun
2458546.7856481,1,792285642715,20.31730079650879,/ztf/archive/sci/2019/0304/285637/ztf_20190304285637_000756_zg_c07_o_q4_scimrefdiffimg.fits.fz,Kulkarni,2,792,27,756,26.15489959716797,3.1700899853603914e-05,0.037701498717069626,-0.03427039831876755,4.7047800762811676e-05,t15_f5_c3,7.92285642715015e+17,t,0.0,2284.7900390625,44.57659912109375,193.926173,46.7813165,19.5669002532959,0.2009419947862625,1.0856499671936035,19.677000045776367,0.14980000257492065,2.175679922103882,20.250999450683594,0.09099999815225601,2.684999942779541,0.20200000703334808,-0.04689300060272217,0.11011199653148651,5.389999866485596,0.5910000205039978,44.57659912109375,0.6403290033340454,0.7433710098266602,1.3079999685287476,1.1990000009536743,0.24267199635505676,0.22244900465011597,1.0909099578857422,2.0,0.0,0.20999999344348907,1.0,19.64550018310547,0.1858000010251999,193.9264483,46.7818989,10.7909,ZTF19aadooun
2458547.8084606,2,793308462715,20.743900299072266,/ztf/archive/sci/2019/0305/308449/ztf_20190305308449_000756_zr_c07_o_q4_scimrefdiffimg.fits.fz,Kulkarni,2,793,27,756,26.247499465942383,1.8128299416275695e-05,0.02834179997444153,0.11702100187540054,2.552459955040831e-05,t15_f5_c3,7.93308462715015e+17,t,0.0,2286.550048828125,43.203800201416016,193.9262508,46.7814437,18.636499404907227,0.07926599681377411,8.883830070495605,18.726600646972656,0.0754999965429306,2.661329984664917,19.652000427246094,0.10899999737739563,6.379000186920166,0.7139999866485596,0.18094700574874878,0.09008300304412842,1.7200000286102295,0.9829999804496765,43.203800201416016,2.017319917678833,1.3166099786758423,0.6349999904632568,0.5989999771118164,0.36918601393699646,0.34825599193573,1.0600999593734741,3.0,0.0,0.7928569912910461,0.974157989025116,18.59709930419922,0.08560000360012054,193.926405,46.7821786,32.6535,ZTF19aadooun
2458547.8240278,1,793324022715,20.477399826049805,/ztf/archive/sci/2019/0305/324028/ztf_20190305324028_000756_zg_c07_o_q4_scimrefdiffimg.fits.fz,Kulkarni,2,793,27,756,26.18600082397461,2.2064399672672153e-05,0.031422100961208344,-0.03650040179491043,3.205499888281338e-05,t15_f5_c3,7.93324022715015e+17,t,0.0,2282.719970703125,40.96849822998047,193.926233,46.7813858,19.638999938964844,0.18003100156784058,1.6452200412750244,19.657699584960938,0.15620000660419464,1.8975499868392944,20.250999450683594,0.09099999815225601,2.684999942779541,0.20200000703334808,-0.3223310112953186,0.018736999481916428,4.230000019073486,0.8930000066757202,40.96849822998047,0.8197399973869324,0.7552430033683777,1.0520000457763672,0.949999988079071,0.24869999289512634,0.22458599507808685,1.1073700189590454,4.0,0.0,0.3071430027484894,0.9963110089302063,19.5939998626709,0.188400000333786,193.9264483,46.7818989,14.3522,ZTF19aadooun
2458547.8509144,1,793350912715,20.568300247192383,/ztf/archive/sci/2019/0305/350914/ztf_20190305350914_000756_zg_c07_o_q4_scimrefdiffimg.fits.fz,Kulkarni,1,793,27,756,26.193599700927734,1.55158995767124e-05,0.026316199451684952,-0.03282710164785385,2.2419499146053568e-05,t15_f5_c3,7.93350912715025e+17,t,1.0,2293.530029296875,46.900001525878906,193.9262173,46.7813591,19.638599395751953,0.1575710028409958,1.482740044593811,19.48870086669922,0.13040000200271606,2.0151100158691406,20.250999450683594,0.09099999815225601,2.684999942779541,0.20200000703334808,0.029999999329447746,-0.14988799393177032,3.2200000286102295,0.8899999856948853,46.900001525878906,1.0796500444412231,0.9423869848251343,1.1150000095367432,1.0290000438690186,0.3462730050086975,0.3195649981498718,1.0835800170898438,2.0,0.0,0.35428598523139954,1.0,19.4375,0.15880000591278076,193.9264483,46.7818989,14.8319,ZTF19aadooun
2458547.8518287,1,793351822715,20.623899459838867,/ztf/archive/sci/2019/0305/351829/ztf_20190305351829_000756_zg_c07_o_q4_scimrefdiffimg.fits.fz,Kulkarni,2,793,27,756,26.197399139404297,1.7638700228417292e-05,0.028177600353956223,-0.03841850161552429,2.5450299290241674e-05,t15_f5_c3,7.93351822715025e+17,t,0.0,2292.590087890625,46.27619934082031,193.9262421,46.7814339,19.521400451660156,0.165803000330925,1.6274900436401367,19.56839942932129,0.13940000534057617,1.7272100448608398,20.250999450683594,0.09099999815225601,2.684999942779541,0.20200000703334808,-0.2199150025844574,0.0469760000705719,3.369999885559082,0.953000009059906,46.27619934082031,1.0554900169372559,0.861299991607666,0.9549999833106995,0.8659999966621399,0.28338301181793213,0.256972998380661,1.1027699708938599,1.0,0.0,0.5085710287094116,1.0,19.457399368286133,0.1606999933719635,193.9264483,46.7818989,16.7399,ZTF19aadooun
2458547.9870255,2,793487022715,20.68079948425293,/ztf/archive/sci/2019/0305/487002/ztf_20190305487002_000756_zr_c07_o_q4_scimrefdiffimg.fits.fz,Kulkarni,2,793,27,756,26.254100799560547,1.833520036598202e-05,0.02858950011432171,0.11269599944353104,2.5755000024219044e-05,t15_f5_c3,7.93487022715015e+17,t,2.0,2288.5400390625,48.81570053100586,193.9262657,46.7814078,18.578100204467773,0.06774000078439713,8.98488998413086,18.504600524902344,0.0632999986410141,2.765549898147583,19.652000427246094,0.10899999737739563,6.379000186920166,0.7139999866485596,0.5186560153961182,-0.07353000342845917,1.9299999475479126,0.9890000224113464,48.81570053100586,2.1761600971221924,1.2089300155639648,0.6890000104904175,0.6729999780654907,0.35699498653411865,0.348704993724823,1.0237699747085571,3.0,0.0,0.8428570032119751,0.9955660104751587,18.522300720214844,0.08169999718666077,193.926405,46.7821786,36.8497,ZTF19aadooun
2458556.8641319,1,802364132715,19.984699249267578,/ztf/archive/sci/2019/0314/364120/ztf_20190314364120_000756_zg_c07_o_q4_scimrefdiffimg.fits.fz,Kulkarni,2,802,27,756,26.19969940185547,4.101530066691339e-05,0.040132198482751846,-0.019542299211025238,7.28939994587563e-05,t15_f5_c3,8.02364132715025e+17,t,0.0,2268.85009765625,39.99259948730469,193.9263542,46.7814074,20.137699127197266,0.3714500069618225,0.9456120133399963,20.733200073242188,0.4341999888420105,1.7856999635696411,20.250999450683594,0.09099999815225601,2.684999942779541,0.20200000703334808,0.17693600058555603,0.5954859852790833,3.450000047683716,0.4189999997615814,39.99259948730469,-0.748494029045105,1.3863099813461304,1.559999942779541,0.8980000019073486,0.45217400789260864,0.2602899968624115,1.7371900081634521,4.0,0.0,0.13571399450302124,1.0,20.81399917602539,0.5996999740600586,193.9264483,46.7818989,5.33638,ZTF19aadooun
2458556.8650347,1,802365032715,20.01689910888672,/ztf/archive/sci/2019/0314/365035/ztf_20190314365035_000756_zg_c07_o_q4_scimrefdiffimg.fits.fz,Kulkarni,1,802,27,756,26.200599670410156,4.221150084049441e-05,0.04054420068860054,-0.015017500147223473,7.364270277321339e-05,t15_f5_c3,,,,,,,,,,,,,,,,,,,,,,,,,,,,,,,,,,,,,,,ZTF19aadooun
2458556.8911343,1,802391132715,20.148799896240234,/ztf/archive/sci/2019/0314/391134/ztf_20190314391134_000756_zg_c07_o_q4_scimrefdiffimg.fits.fz,Kulkarni,2,802,27,756,26.201499938964844,2.8572299925144762e-05,0.034984998404979706,-0.022473299875855446,4.533760147751309e-05,t15_f5_c3,8.02391132715025e+17,t,0.0,2275.18994140625,41.02370071411133,193.9264101,46.7813354,20.01449966430664,0.22565299272537231,1.7044700384140015,19.984100341796875,0.21170000731945038,2.005389928817749,20.250999450683594,0.09099999815225601,2.684999942779541,0.20200000703334808,-0.5062649846076965,-0.030369000509381294,4.159999847412109,0.46000000834465027,41.02370071411133,0.16470900177955627,1.0230599641799927,1.597000002861023,1.4509999752044678,0.3838939964771271,0.348798006772995,1.1006200313568115,2.0,0.0,0.14142900705337524,1.0,20.02560043334961,0.28130000829696655,193.9264483,46.7818989,7.25345,ZTF19aadooun
2458556.9090972,3,802409092715,19.63629913330078,/ztf/archive/sci/2019/0314/409097/ztf_20190314409097_000756_zi_c07_o_q4_scimrefdiffimg.fits.fz,Kulkarni,2,802,27,756,25.66069984436035,4.814200110558886e-06,0.022899599745869637,0.1903890073299408,1.6556199625483714e-05,t15_f5_c3,8.02409092715025e+17,t,0.0,2284.639892578125,41.885501861572266,193.9262025,46.781403,19.258699417114258,0.17196500301361084,0.9939360022544861,19.246999740600586,0.21359999477863312,5.185190200805664,18.993000030517578,0.11400000005960464,6.046999931335449,0.7720000147819519,0.6849859952926636,-0.011738999746739864,3.75,0.8690000176429749,41.885501861572266,0.38931700587272644,0.9144600033760071,1.2050000429153442,1.0080000162124634,0.32133299112319946,0.2687999904155731,1.1954400539398193,2.0,0.0,0.5671430230140686,1.0,19.22100067138672,0.26820001006126404,193.9244602,46.7822419,9.77733,ZTF19aadooun
2458557.7788079,1,803278802715,19.90049934387207,/ztf/archive/sci/2019/0315/278808/ztf_20190315278808_000756_zg_c07_o_q4_scimrefdiffimg.fits.fz,Kulkarni,2,803,27,756,26.1914005279541,3.11760013573803e-05,0.03618510067462921,-0.03977140039205551,5.066749872639775e-05,t15_f5_c3,,,,,,,,,,,,,,,,,,,,,,,,,,,,,,,,,,,,,,,ZTF19aadooun
2458557.8196991,1,803319692715,19.670799255371094,/ztf/archive/sci/2019/0315/319676/ztf_20190315319676_000756_zg_c07_o_q4_scimrefdiffimg.fits.fz,Kulkarni,2,803,27,756,26.20330047607422,7.650849875062704e-05,0.05106310173869133,-0.03740270063281059,0.0001448580005671829,t15_f5_c3,,,,,,,,,,,,,,,,,,,,,,,,,,,,,,,,,,,,,,,ZTF19aadooun
2458557.8627546,2,803362752715,20.128000259399414,/ztf/archive/sci/2019/0315/362743/ztf_20190315362743_000756_zr_c07_o_q4_scimrefdiffimg.fits.fz,Kulkarni,2,803,27,756,26.2012996673584,2.0834999304497615e-05,0.030475199222564697,0.11988600343465805,2.942669925687369e-05,t15_f5_c3,8.03362752715025e+17,1,0.0,2284.360107421875,67.75700378417969,193.9262144,46.7814458,19.025299072265625,0.12266600131988525,1.9942200183868408,19.077999114990234,0.1370999962091446,2.645430088043213,19.652000427246094,0.10899999737739563,6.379000186920166,0.7139999866485596,-0.50872802734375,0.05274200066924095,2.619999885559082,0.9800000190734863,67.75700378417969,1.0499500036239624,1.095329999923706,0.8410000205039978,0.7300000190734863,0.32099199295043945,0.2786259949207306,1.1520600318908691,2.0,0.0,0.8442860245704651,1.0,19.018800735473633,0.1662999987602234,193.926405,46.7821786,18.4153,ZTF19aadooun
2458557.8880671,2,803388062715,19.624000549316406,/ztf/archive/sci/2019/0315/388067/ztf_20190315388067_000756_zr_c07_o_q4_scimrefdiffimg.fits.fz,Kulkarni,2,803,27,756,25.99690055847168,2.3958900783327408e-05,0.032710399478673935,0.12400899827480316,3.377430039108731e-05,t15_f5_c3,8.03388062715025e+17,1,2.0,2280.659912109375,66.42749786376953,193.9261907,46.7813995,19.20989990234375,0.1916929930448532,1.3674299716949463,19.262100219726562,0.22789999842643738,2.8175199031829834,19.652000427246094,0.10899999737739563,6.379000186920166,0.7139999866485596,-0.37038201093673706,0.05221400037407875,2.950000047683716,0.9599999785423279,66.42749786376953,0.36187198758125305,1.0708099603652954,0.9760000109672546,0.8970000147819519,0.33084699511528015,0.304067999124527,1.088070034980774,2.0,0.0,0.7057139873504639,1.0,19.238500595092773,0.28630000352859497,193.926405,46.7821786,10.7694,ZTF19aadooun
2458557.8627546,2,803362752715,20.128000259399414,/ztf/archive/sci/2019/0315/362743/ztf_20190315362743_000756_zr_c07_o_q4_scimrefdiffimg.fits.fz,Kulkarni,2,803,27,756,26.2012996673584,2.0834999304497615e-05,0.030475199222564697,0.11988600343465805,2.942669925687369e-05,t15_f5_c3,8.03362752715025e+17,t,0.0,2284.360107421875,67.75700378417969,193.9262144,46.7814458,19.025299072265625,0.12266600131988525,1.9942200183868408,19.077999114990234,0.1370999962091446,2.645430088043213,19.652000427246094,0.10899999737739563,6.379000186920166,0.7139999866485596,-0.50872802734375,0.05274200066924095,2.619999885559082,0.9800000190734863,67.75700378417969,1.0499500036239624,1.095329999923706,0.8410000205039978,0.7300000190734863,0.32099199295043945,0.2786259949207306,1.1520600318908691,2.0,0.0,0.8442860245704651,1.0,19.018800735473633,0.1662999987602234,193.926405,46.7821786,18.4153,ZTF19aadooun
2458557.8880671,2,803388062715,19.624000549316406,/ztf/archive/sci/2019/0315/388067/ztf_20190315388067_000756_zr_c07_o_q4_scimrefdiffimg.fits.fz,Kulkarni,2,803,27,756,25.99690055847168,2.3958900783327408e-05,0.032710399478673935,0.12400899827480316,3.377430039108731e-05,t15_f5_c3,8.03388062715025e+17,t,2.0,2280.659912109375,66.42749786376953,193.9261907,46.7813995,19.20989990234375,0.1916929930448532,1.3674299716949463,19.262100219726562,0.22789999842643738,2.8175199031829834,19.652000427246094,0.10899999737739563,6.379000186920166,0.7139999866485596,-0.37038201093673706,0.05221400037407875,2.950000047683716,0.9599999785423279,66.42749786376953,0.36187198758125305,1.0708099603652954,0.9760000109672546,0.8970000147819519,0.33084699511528015,0.304067999124527,1.088070034980774,2.0,0.0,0.7057139873504639,1.0,19.238500595092773,0.28630000352859497,193.926405,46.7821786,10.7694,ZTF19aadooun
2458557.9008102,2,803400812715,19.89310073852539,/ztf/archive/sci/2019/0315/400810/ztf_20190315400810_000756_zr_c07_o_q4_scimrefdiffimg.fits.fz,Kulkarni,2,803,27,756,26.03860092163086,2.1499299691640772e-05,0.031021999195218086,0.12153799831867218,3.0297200282802805e-05,t15_f5_c3,8.03400812715025e+17,t,3.0,2282.31005859375,69.00679779052734,193.9262132,46.781428,19.16360092163086,0.12449999898672104,1.1920499801635742,18.954999923706055,0.14949999749660492,2.7083699703216553,19.652000427246094,0.10899999737739563,6.379000186920166,0.7139999866485596,0.4547779858112335,-0.20860399305820465,3.0999999046325684,0.953000009059906,69.00679779052734,0.938135027885437,0.9250180125236511,1.024999976158142,0.9890000224113464,0.33064499497413635,0.3190320134162903,1.0363999605178833,1.0,0.0,0.6800000071525574,1.0,18.835399627685547,0.17180000245571136,193.926405,46.7821786,14.3952,ZTF19aadooun
2458558.7176968,2,804217695515,19.72879981994629,/ztf/archive/sci/2019/0316/217685/ztf_20190316217685_001755_zr_c14_o_q4_scimrefdiffimg.fits.fz,Kulkarni,1,804,55,1755,26.145200729370117,2.19666999328183e-05,0.03194820135831833,0.1052279993891716,3.2225201721303165e-05,t15_f5_c3,8.04217695515015e+17,1,4.0,1848.9599609375,798.9990234375,193.9262278,46.7813831,19.108200073242188,0.12438300251960754,1.242709994316101,18.900100708007812,0.15299999713897705,2.5257298946380615,19.618999481201172,0.09000000357627869,6.0269999504089355,0.29600000381469727,-0.22673499584197998,-0.20813299715518951,3.8399999141693115,0.9789999723434448,798.9990234375,0.8287259936332703,0.7983189821243286,1.0959999561309814,0.9950000047683716,0.28541699051856995,0.2591150104999542,1.1015100479125977,2.0,0.0,0.6100000143051147,1.0,18.705699920654297,0.16429999470710754,193.9263833,46.7820856,13.7435,ZTF19aadooun
2458558.8079051,3,804307902715,19.583599090576172,/ztf/archive/sci/2019/0316/307905/ztf_20190316307905_000756_zi_c07_o_q4_scimrefdiffimg.fits.fz,Kulkarni,2,804,27,756,25.652999877929688,5.483710083353799e-06,0.02447439916431904,0.19365599751472473,1.8801400074153207e-05,t15_f5_c3,8.04307902715015e+17,1,0.0,2282.830078125,41.61709976196289,193.9261463,46.7813558,19.33300018310547,0.16795000433921814,1.2762399911880493,19.122100830078125,0.2298000007867813,5.173230171203613,18.993000030517578,0.11400000005960464,6.046999931335449,0.7720000147819519,0.1582929939031601,-0.21092499792575836,5.230000019073486,0.9440000057220459,41.61709976196289,0.46154800057411194,0.5558180212974548,1.190000057220459,1.027999997138977,0.2275329977273941,0.19655799865722656,1.1575900316238403,2.0,0.0,0.42571398615837097,1.0,19.195600509643555,0.3158999979496002,193.9244602,46.7822419,9.37444,ZTF19aadooun
2458526.9511111,1,772451112715,20.2406005859375,/ztf/archive/sci/2019/0212/451076/ztf_20190212451076_000756_zg_c07_o_q4_scimrefdiffimg.fits.fz,Kulkarni,1,772,27,756,25.998300552368164,2.0910199964419007e-05,0.030461300164461136,-0.05426210165023804,3.1145398679655045e-05,t15_f5_c3,,,,,,,,,,,,,,,,,,,,,,,,,,,,,,,,,,,,,,,ZTF19aadooun
2458527.0196644,2,772519662715,19.96809959411621,/ztf/archive/sci/2019/0212/519618/ztf_20190212519618_000756_zr_c07_o_q4_scimrefdiffimg.fits.fz,Kulkarni,1,772,27,756,26.107200622558594,2.0317300368333235e-05,0.030138300731778145,0.11662299931049347,2.8778000341844745e-05,t15_f5_c3,,,,,,,,,,,,,,,,,,,,,,,,,,,,,,,,,,,,,,,ZTF19aadooun
2458556.8641319,1,802364132715,19.984699249267578,/ztf/archive/sci/2019/0314/364120/ztf_20190314364120_000756_zg_c07_o_q4_scimrefdiffimg.fits.fz,Kulkarni,2,802,27,756,26.19969940185547,4.101530066691339e-05,0.040132198482751846,-0.019542299211025238,7.28939994587563e-05,t15_f5_c3,8.02364132715025e+17,1,0.0,2268.85009765625,39.99259948730469,193.9263542,46.7814074,20.137699127197266,0.3714500069618225,0.9456120133399963,20.733200073242188,0.4341999888420105,1.7856999635696411,20.250999450683594,0.09099999815225601,2.684999942779541,0.20200000703334808,0.17693600058555603,0.5954859852790833,3.450000047683716,0.4189999997615814,39.99259948730469,-0.748494029045105,1.3863099813461304,1.559999942779541,0.8980000019073486,0.45217400789260864,0.2602899968624115,1.7371900081634521,4.0,0.0,0.13571399450302124,1.0,20.81399917602539,0.5996999740600586,193.9264483,46.7818989,5.33638,ZTF19aadooun
2458556.8911343,1,802391132715,20.148799896240234,/ztf/archive/sci/2019/0314/391134/ztf_20190314391134_000756_zg_c07_o_q4_scimrefdiffimg.fits.fz,Kulkarni,2,802,27,756,26.201499938964844,2.8572299925144762e-05,0.034984998404979706,-0.022473299875855446,4.533760147751309e-05,t15_f5_c3,8.02391132715025e+17,1,0.0,2275.18994140625,41.02370071411133,193.9264101,46.7813354,20.01449966430664,0.22565299272537231,1.7044700384140015,19.984100341796875,0.21170000731945038,2.005389928817749,20.250999450683594,0.09099999815225601,2.684999942779541,0.20200000703334808,-0.5062649846076965,-0.030369000509381294,4.159999847412109,0.46000000834465027,41.02370071411133,0.16470900177955627,1.0230599641799927,1.597000002861023,1.4509999752044678,0.3838939964771271,0.348798006772995,1.1006200313568115,2.0,0.0,0.14142900705337524,1.0,20.02560043334961,0.28130000829696655,193.9264483,46.7818989,7.25345,ZTF19aadooun
2458558.8262384,2,804326232715,19.827899932861328,/ztf/archive/sci/2019/0316/326227/ztf_20190316326227_000756_zr_c07_o_q4_scimrefdiffimg.fits.fz,Kulkarni,2,804,27,756,26.211000442504883,2.7242200303589925e-05,0.034881800413131714,0.11732800304889679,3.856360126519576e-05,t15_f5_c3,8.04326232715015e+17,1,0.0,2277.39990234375,40.55030059814453,193.9263306,46.7814182,19.158000946044922,0.19450199604034424,1.210710048675537,18.970399856567383,0.13699999451637268,2.7087199687957764,19.652000427246094,0.10899999737739563,6.379000186920166,0.7139999866485596,0.11630100011825562,-0.18762299418449402,5.179999828338623,0.9309999942779541,40.55030059814453,0.8575320243835449,0.6527029871940613,1.5980000495910645,1.1799999475479126,0.3084940016269684,0.22779899835586548,1.3542399406433105,0.0,0.0,0.19857099652290344,1.0,18.79800033569336,0.14990000426769257,193.926405,46.7821786,12.8304,ZTF19aadooun
2458558.8487384,2,804348732715,20.063199996948242,/ztf/archive/sci/2019/0316/348704/ztf_20190316348704_000756_zr_c07_o_q4_scimrefdiffimg.fits.fz,Kulkarni,2,804,27,756,26.227500915527344,2.881779982999433e-05,0.03576429933309555,0.1170319989323616,4.04423990403302e-05,t15_f5_c3,8.04348732715015e+17,1,1.0,2283.949951171875,43.76340103149414,193.9262907,46.7813925,19.171499252319336,0.10802999883890152,1.362720012664795,19.05660057067871,0.14399999380111694,2.8089499473571777,19.652000427246094,0.10899999737739563,6.379000186920166,0.7139999866485596,0.1126750037074089,-0.11487899720668793,3.309999942779541,0.9890000224113464,43.76340103149414,1.0065900087356567,0.8481749892234802,0.9580000042915344,0.8870000243186951,0.2894259989261627,0.26797598600387573,1.0800399780273438,3.0,0.0,0.7671430110931396,0.9824770092964172,19.032499313354492,0.18060000240802765,193.926405,46.7821786,16.597,ZTF19aadooun
2458558.7176968,2,804217695515,19.72879981994629,/ztf/archive/sci/2019/0316/217685/ztf_20190316217685_001755_zr_c14_o_q4_scimrefdiffimg.fits.fz,Kulkarni,1,804,55,1755,26.145200729370117,2.19666999328183e-05,0.03194820135831833,0.1052279993891716,3.2225201721303165e-05,t15_f5_c3,8.04217695515015e+17,t,4.0,1848.9599609375,798.9990234375,193.9262278,46.7813831,19.108200073242188,0.12438300251960754,1.242709994316101,18.900100708007812,0.15299999713897705,2.5257298946380615,19.618999481201172,0.09000000357627869,6.0269999504089355,0.29600000381469727,-0.22673499584197998,-0.20813299715518951,3.8399999141693115,0.9789999723434448,798.9990234375,0.8287259936332703,0.7983189821243286,1.0959999561309814,0.9950000047683716,0.28541699051856995,0.2591150104999542,1.1015100479125977,2.0,0.0,0.6100000143051147,1.0,18.705699920654297,0.16429999470710754,193.9263833,46.7820856,13.7435,ZTF19aadooun
2458558.8079051,3,804307902715,19.583599090576172,/ztf/archive/sci/2019/0316/307905/ztf_20190316307905_000756_zi_c07_o_q4_scimrefdiffimg.fits.fz,Kulkarni,2,804,27,756,25.652999877929688,5.483710083353799e-06,0.02447439916431904,0.19365599751472473,1.8801400074153207e-05,t15_f5_c3,8.04307902715015e+17,t,0.0,2282.830078125,41.61709976196289,193.9261463,46.7813558,19.33300018310547,0.16795000433921814,1.2762399911880493,19.122100830078125,0.2298000007867813,5.173230171203613,18.993000030517578,0.11400000005960464,6.046999931335449,0.7720000147819519,0.1582929939031601,-0.21092499792575836,5.230000019073486,0.9440000057220459,41.61709976196289,0.46154800057411194,0.5558180212974548,1.190000057220459,1.027999997138977,0.2275329977273941,0.19655799865722656,1.1575900316238403,2.0,0.0,0.42571398615837097,1.0,19.195600509643555,0.3158999979496002,193.9244602,46.7822419,9.37444,ZTF19aadooun
2458558.8262384,2,804326232715,19.827899932861328,/ztf/archive/sci/2019/0316/326227/ztf_20190316326227_000756_zr_c07_o_q4_scimrefdiffimg.fits.fz,Kulkarni,2,804,27,756,26.211000442504883,2.7242200303589925e-05,0.034881800413131714,0.11732800304889679,3.856360126519576e-05,t15_f5_c3,8.04326232715015e+17,t,0.0,2277.39990234375,40.55030059814453,193.9263306,46.7814182,19.158000946044922,0.19450199604034424,1.210710048675537,18.970399856567383,0.13699999451637268,2.7087199687957764,19.652000427246094,0.10899999737739563,6.379000186920166,0.7139999866485596,0.11630100011825562,-0.18762299418449402,5.179999828338623,0.9309999942779541,40.55030059814453,0.8575320243835449,0.6527029871940613,1.5980000495910645,1.1799999475479126,0.3084940016269684,0.22779899835586548,1.3542399406433105,0.0,0.0,0.19857099652290344,1.0,18.79800033569336,0.14990000426769257,193.926405,46.7821786,12.8304,ZTF19aadooun
2458558.8487384,2,804348732715,20.063199996948242,/ztf/archive/sci/2019/0316/348704/ztf_20190316348704_000756_zr_c07_o_q4_scimrefdiffimg.fits.fz,Kulkarni,2,804,27,756,26.227500915527344,2.881779982999433e-05,0.03576429933309555,0.1170319989323616,4.04423990403302e-05,t15_f5_c3,8.04348732715015e+17,t,1.0,2283.949951171875,43.76340103149414,193.9262907,46.7813925,19.171499252319336,0.10802999883890152,1.362720012664795,19.05660057067871,0.14399999380111694,2.8089499473571777,19.652000427246094,0.10899999737739563,6.379000186920166,0.7139999866485596,0.1126750037074089,-0.11487899720668793,3.309999942779541,0.9890000224113464,43.76340103149414,1.0065900087356567,0.8481749892234802,0.9580000042915344,0.8870000243186951,0.2894259989261627,0.26797598600387573,1.0800399780273438,3.0,0.0,0.7671430110931396,0.9824770092964172,19.032499313354492,0.18060000240802765,193.926405,46.7821786,16.597,ZTF19aadooun
2458558.8612384,2,804361232715,20.172800064086914,/ztf/archive/sci/2019/0316/361238/ztf_20190316361238_000756_zr_c07_o_q4_scimrefdiffimg.fits.fz,Kulkarni,2,804,27,756,26.224700927734375,1.5304100088542327e-05,0.026343999430537224,0.12510299682617188,2.1667099645128474e-05,t15_f5_c3,8.04361232715015e+17,t,1.0,2291.2099609375,45.897098541259766,193.9262284,46.7814203,19.161699295043945,0.09864699840545654,1.340880036354065,19.07110023498535,0.14399999380111694,2.7281999588012695,19.652000427246094,0.10899999737739563,6.379000186920166,0.7139999866485596,0.36010798811912537,-0.09062899649143219,2.740000009536743,0.9810000061988831,45.897098541259766,1.101680040359497,0.9416210055351257,0.8399999737739563,0.7870000004768372,0.30656901001930237,0.28722599148750305,1.0673400163650513,4.0,0.0,0.8385710120201111,0.9748470187187195,19.07659912109375,0.18569999933242798,193.926405,46.7821786,18.3386,ZTF19aadooun
2458558.9112269,1,804411222715,20.109800338745117,/ztf/archive/sci/2019/0316/411227/ztf_20190316411227_000756_zg_c07_o_q4_scimrefdiffimg.fits.fz,Kulkarni,2,804,27,756,26.266199111938477,3.1061499612405896e-05,0.03679779917001724,-0.1337140053510666,4.653770156437531e-05,t15_f5_c3,8.04411222715015e+17,t,1.0,2281.43994140625,45.38719940185547,193.9262824,46.78135,20.37619972229004,0.29202699661254883,1.1552400588989258,20.87980079650879,0.6794000267982483,1.9921400547027588,20.250999450683594,0.09099999815225601,2.684999942779541,0.20200000703334808,-0.6101070046424866,0.5035899877548218,2.9200000762939453,0.7070000171661377,45.38719940185547,-0.7699670195579529,1.0234099626541138,0.8100000023841858,0.703000009059906,0.2773970067501068,0.24075299501419067,1.1521999835968018,8.0,0.0,0.49142900109291077,0.8198360204696655,20.81719970703125,0.8241999745368958,193.9264483,46.7818989,6.45761,ZTF19aadooun
2458558.9270255,1,804427022715,20.081499099731445,/ztf/archive/sci/2019/0316/427025/ztf_20190316427025_000756_zg_c07_o_q4_scimrefdiffimg.fits.fz,Kulkarni,2,804,27,756,26.280399322509766,2.9636899853358045e-05,0.03556789830327034,-0.14646999537944794,4.6681499952683225e-05,t15_f5_c3,8.04427022715015e+17,t,0.0,2287.139892578125,44.157798767089844,193.9263083,46.7813502,20.09239959716797,0.19579200446605682,1.0210800170898438,20.143699645996094,0.31189998984336853,1.9950100183486938,20.250999450683594,0.09099999815225601,2.684999942779541,0.20200000703334808,-0.36389100551605225,0.051277000457048416,5.0,0.7360000014305115,44.157798767089844,-0.062219999730587006,0.6854770183563232,0.902999997138977,0.8050000071525574,0.18060000240802765,0.16099999845027924,1.1217399835586548,5.0,0.0,0.2914290130138397,0.9906439781188965,20.162500381469727,0.40689998865127563,193.9264483,46.7818989,8.57882,ZTF19aadooun
2458559.7322106,2,805232212715,19.993600845336914,/ztf/archive/sci/2019/0317/232211/ztf_20190317232211_000756_zr_c07_o_q4_scimrefdiffimg.fits.fz,Kulkarni,2,805,27,756,26.17729949951172,1.4051799553271849e-05,0.02495180070400238,0.12167499959468842,1.987289942917414e-05,t15_f5_c3,,,,,,,,,,,,,,,,,,,,,,,,,,,,,,,,,,,,,,,ZTF19aadooun
2458559.7671528,2,805267152715,19.985700607299805,/ztf/archive/sci/2019/0317/267153/ztf_20190317267153_000756_zr_c07_o_q4_scimrefdiffimg.fits.fz,Kulkarni,2,805,27,756,26.174100875854492,1.6366300769732334e-05,0.026944600045681,0.13287700712680817,2.298780054843519e-05,t15_f5_c3,8.05267152715015e+17,1,0.0,2277.760009765625,35.04309844970703,193.92628,46.7814349,19.021099090576172,0.11789199709892273,1.7680399417877197,18.914400100708008,0.1574999988079071,2.66048002243042,19.652000427246094,0.10899999737739563,6.379000186920166,0.7139999866485596,-0.07496300339698792,-0.10674100369215012,2.759999990463257,0.9819999933242798,35.04309844970703,1.071329951286316,0.8609259724617004,0.8600000143051147,0.7369999885559082,0.31159400939941406,0.2670289874076843,1.166890025138855,1.0,0.0,0.8228570222854614,1.0,18.855199813842773,0.1914999932050705,193.926405,46.7821786,18.1236,ZTF19aadooun
2458559.7680671,2,805268062715,20.08060073852539,/ztf/archive/sci/2019/0317/268056/ztf_20190317268056_000756_zr_c07_o_q4_scimrefdiffimg.fits.fz,Kulkarni,1,805,27,756,26.208799362182617,2.2195599740371108e-05,0.031630899757146835,0.11401599645614624,3.1479201425099745e-05,t15_f5_c3,8.05268062715015e+17,1,0.0,2278.68994140625,35.252899169921875,193.926238,46.7814202,19.299800872802734,0.12913300096988678,1.5546599626541138,19.79829978942871,0.3407000005245209,2.7347800731658936,19.652000427246094,0.10899999737739563,6.379000186920166,0.7139999866485596,-0.09111600369215012,0.49845999479293823,2.2200000286102295,0.9829999804496765,35.252899169921875,0.2822920083999634,1.0213299989700317,0.6159999966621399,0.5860000252723694,0.2774769961833954,0.2639639973640442,1.051200032234192,6.0,0.0,0.807142972946167,0.8707579970359802,19.687999725341797,0.39559999108314514,193.926405,46.7821786,15.2538,ZTF19aadooun
2458558.8612384,2,804361232715,20.172800064086914,/ztf/archive/sci/2019/0316/361238/ztf_20190316361238_000756_zr_c07_o_q4_scimrefdiffimg.fits.fz,Kulkarni,2,804,27,756,26.224700927734375,1.5304100088542327e-05,0.026343999430537224,0.12510299682617188,2.1667099645128474e-05,t15_f5_c3,8.04361232715015e+17,1,1.0,2291.2099609375,45.897098541259766,193.9262284,46.7814203,19.161699295043945,0.09864699840545654,1.340880036354065,19.07110023498535,0.14399999380111694,2.7281999588012695,19.652000427246094,0.10899999737739563,6.379000186920166,0.7139999866485596,0.36010798811912537,-0.09062899649143219,2.740000009536743,0.9810000061988831,45.897098541259766,1.101680040359497,0.9416210055351257,0.8399999737739563,0.7870000004768372,0.30656901001930237,0.28722599148750305,1.0673400163650513,4.0,0.0,0.8385710120201111,0.9748470187187195,19.07659912109375,0.18569999933242798,193.926405,46.7821786,18.3386,ZTF19aadooun
2458558.9112269,1,804411222715,20.109800338745117,/ztf/archive/sci/2019/0316/411227/ztf_20190316411227_000756_zg_c07_o_q4_scimrefdiffimg.fits.fz,Kulkarni,2,804,27,756,26.266199111938477,3.1061499612405896e-05,0.03679779917001724,-0.1337140053510666,4.653770156437531e-05,t15_f5_c3,8.04411222715015e+17,1,1.0,2281.43994140625,45.38719940185547,193.9262824,46.78135,20.37619972229004,0.29202699661254883,1.1552400588989258,20.87980079650879,0.6794000267982483,1.9921400547027588,20.250999450683594,0.09099999815225601,2.684999942779541,0.20200000703334808,-0.6101070046424866,0.5035899877548218,2.9200000762939453,0.7070000171661377,45.38719940185547,-0.7699670195579529,1.0234099626541138,0.8100000023841858,0.703000009059906,0.2773970067501068,0.24075299501419067,1.1521999835968018,8.0,0.0,0.49142900109291077,0.8198360204696655,20.81719970703125,0.8241999745368958,193.9264483,46.7818989,6.45761,ZTF19aadooun
2458547.8084606,2,793308462715,20.743900299072266,/ztf/archive/sci/2019/0305/308449/ztf_20190305308449_000756_zr_c07_o_q4_scimrefdiffimg.fits.fz,Kulkarni,2,793,27,756,26.247499465942383,1.8128299416275695e-05,0.02834179997444153,0.11702100187540054,2.552459955040831e-05,t15_f5_c3,7.93308462715015e+17,1,0.0,2286.550048828125,43.203800201416016,193.9262508,46.7814437,18.636499404907227,0.07926599681377411,8.883830070495605,18.726600646972656,0.0754999965429306,2.661329984664917,19.652000427246094,0.10899999737739563,6.379000186920166,0.7139999866485596,0.18094700574874878,0.09008300304412842,1.7200000286102295,0.9829999804496765,43.203800201416016,2.017319917678833,1.3166099786758423,0.6349999904632568,0.5989999771118164,0.36918601393699646,0.34825599193573,1.0600999593734741,3.0,0.0,0.7928569912910461,0.974157989025116,18.59709930419922,0.08560000360012054,193.926405,46.7821786,32.6535,ZTF19aadooun
2458547.8240278,1,793324022715,20.477399826049805,/ztf/archive/sci/2019/0305/324028/ztf_20190305324028_000756_zg_c07_o_q4_scimrefdiffimg.fits.fz,Kulkarni,2,793,27,756,26.18600082397461,2.2064399672672153e-05,0.031422100961208344,-0.03650040179491043,3.205499888281338e-05,t15_f5_c3,7.93324022715015e+17,1,0.0,2282.719970703125,40.96849822998047,193.926233,46.7813858,19.638999938964844,0.18003100156784058,1.6452200412750244,19.657699584960938,0.15620000660419464,1.8975499868392944,20.250999450683594,0.09099999815225601,2.684999942779541,0.20200000703334808,-0.3223310112953186,0.018736999481916428,4.230000019073486,0.8930000066757202,40.96849822998047,0.8197399973869324,0.7552430033683777,1.0520000457763672,0.949999988079071,0.24869999289512634,0.22458599507808685,1.1073700189590454,4.0,0.0,0.3071430027484894,0.9963110089302063,19.5939998626709,0.188400000333786,193.9264483,46.7818989,14.3522,ZTF19aadooun
2458547.8509144,1,793350912715,20.568300247192383,/ztf/archive/sci/2019/0305/350914/ztf_20190305350914_000756_zg_c07_o_q4_scimrefdiffimg.fits.fz,Kulkarni,1,793,27,756,26.193599700927734,1.55158995767124e-05,0.026316199451684952,-0.03282710164785385,2.2419499146053568e-05,t15_f5_c3,7.93350912715015e+17,1,1.0,2293.530029296875,46.900001525878906,193.9262173,46.7813591,19.638599395751953,0.1575710028409958,1.482740044593811,19.48870086669922,0.13040000200271606,2.0151100158691406,20.250999450683594,0.09099999815225601,2.684999942779541,0.20200000703334808,0.029999999329447746,-0.14988799393177032,3.2200000286102295,0.8899999856948853,46.900001525878906,1.0796500444412231,0.9423869848251343,1.1150000095367432,1.0290000438690186,0.3462730050086975,0.3195649981498718,1.0835800170898438,2.0,0.0,0.35428598523139954,1.0,19.4375,0.15880000591278076,193.9264483,46.7818989,14.8319,ZTF19aadooun
2458543.7818634,1,789281862715,19.634899139404297,/ztf/archive/sci/2019/0301/281852/ztf_20190301281852_000756_zg_c07_o_q4_scimrefdiffimg.fits.fz,Kulkarni,2,789,27,756,25.436899185180664,4.164429992670193e-05,0.04003940150141716,-0.05118050053715706,7.044729863991961e-05,t15_f5_c3,7.89281862715015e+17,1,0.0,2293.56005859375,12.545900344848633,193.9261944,46.7813972,19.248899459838867,0.22783899307250977,1.1894999742507935,19.569499969482422,0.2971999943256378,1.8870199918746948,20.250999450683594,0.09099999815225601,2.684999942779541,0.20200000703334808,-0.07029499858617783,0.3205620050430298,2.940000057220459,0.7799999713897705,12.545900344848633,0.0654430016875267,1.0832600593566895,0.871999979019165,0.7760000228881836,0.29659900069236755,0.263945996761322,1.123710036277771,1.0,0.0,0.5,1.0,19.475200653076172,0.34929999709129333,193.9264483,46.7818989,10.2012,ZTF19aadooun
2458559.7671528,2,805267152715,19.985700607299805,/ztf/archive/sci/2019/0317/267153/ztf_20190317267153_000756_zr_c07_o_q4_scimrefdiffimg.fits.fz,Kulkarni,2,805,27,756,26.174100875854492,1.6366300769732334e-05,0.026944600045681,0.13287700712680817,2.298780054843519e-05,t15_f5_c3,8.05267152715015e+17,t,0.0,2277.760009765625,35.04309844970703,193.92628,46.7814349,19.021099090576172,0.11789199709892273,1.7680399417877197,18.914400100708008,0.1574999988079071,2.66048002243042,19.652000427246094,0.10899999737739563,6.379000186920166,0.7139999866485596,-0.07496300339698792,-0.10674100369215012,2.759999990463257,0.9819999933242798,35.04309844970703,1.071329951286316,0.8609259724617004,0.8600000143051147,0.7369999885559082,0.31159400939941406,0.2670289874076843,1.166890025138855,1.0,0.0,0.8228570222854614,1.0,18.855199813842773,0.1914999932050705,193.926405,46.7821786,18.1236,ZTF19aadooun
2458559.7680671,2,805268062715,20.08060073852539,/ztf/archive/sci/2019/0317/268056/ztf_20190317268056_000756_zr_c07_o_q4_scimrefdiffimg.fits.fz,Kulkarni,1,805,27,756,26.208799362182617,2.2195599740371108e-05,0.031630899757146835,0.11401599645614624,3.1479201425099745e-05,t15_f5_c3,8.05268062715015e+17,t,0.0,2278.68994140625,35.252899169921875,193.926238,46.7814202,19.299800872802734,0.12913300096988678,1.5546599626541138,19.79829978942871,0.3407000005245209,2.7347800731658936,19.652000427246094,0.10899999737739563,6.379000186920166,0.7139999866485596,-0.09111600369215012,0.49845999479293823,2.2200000286102295,0.9829999804496765,35.252899169921875,0.2822920083999634,1.0213299989700317,0.6159999966621399,0.5860000252723694,0.2774769961833954,0.2639639973640442,1.051200032234192,6.0,0.0,0.807142972946167,0.8707579970359802,19.687999725341797,0.39559999108314514,193.926405,46.7821786,15.2538,ZTF19aadooun
2458559.7816551,2,805281652715,20.087099075317383,/ztf/archive/sci/2019/0317/281632/ztf_20190317281632_000756_zr_c07_o_q4_scimrefdiffimg.fits.fz,Kulkarni,2,805,27,756,26.2091007232666,1.462379987060558e-05,0.025540100410580635,0.12720000743865967,2.0674100596806966e-05,t15_f5_c3,8.05281652715015e+17,t,0.0,2281.590087890625,37.22819900512695,193.9262297,46.7813907,19.184099197387695,0.1328659951686859,2.5562899112701416,19.20330047607422,0.19269999861717224,2.856339931488037,19.652000427246094,0.10899999737739563,6.379000186920166,0.7139999866485596,-0.16254499554634094,0.019193999469280243,2.569999933242798,0.9760000109672546,37.22819900512695,0.8837699890136719,0.9015349745750427,0.8040000200271606,0.7170000076293945,0.3128400146961212,0.2789880037307739,1.121340036392212,3.0,0.0,0.8471429944038391,0.993910014629364,19.381799697875977,0.2913999855518341,193.926405,46.7821786,15.9063,ZTF19aadooun
2458559.8196875,1,805319682715,19.730100631713867,/ztf/archive/sci/2019/0317/319664/ztf_20190317319664_000756_zg_c07_o_q4_scimrefdiffimg.fits.fz,Kulkarni,2,805,27,756,26.251699447631836,2.922569910879247e-05,0.033837199211120605,-0.12837399542331696,5.095950109534897e-05,t15_f5_c3,8.05319682715015e+17,t,1.0,2276.39990234375,46.18339920043945,193.9262236,46.7814545,19.883699417114258,0.22941899299621582,1.2187000513076782,20.2450008392334,0.5174000263214111,1.6714199781417847,20.250999450683594,0.09099999815225601,2.684999942779541,0.20200000703334808,0.588612973690033,0.3613109886646271,2.9200000762939453,0.8899999856948853,46.18339920043945,-0.514930009841919,1.0484299659729004,0.8379999995231628,0.7269999980926514,0.28698599338531494,0.24897299706935883,1.1526800394058228,4.0,0.0,0.5728570222854614,0.9491230249404907,20.460500717163086,0.8101999759674072,193.9264483,46.7818989,7.42818,ZTF19aadooun
2458559.845544,1,805345542715,19.833599090576172,/ztf/archive/sci/2019/0317/345544/ztf_20190317345544_000756_zg_c07_o_q4_scimrefdiffimg.fits.fz,Kulkarni,2,805,27,756,26.270299911499023,3.464539986453019e-05,0.03796539828181267,-0.12729999423027039,5.600519943982363e-05,t15_f5_c3,8.05345542715015e+17,t,0.0,2282.260009765625,47.9536018371582,193.9263918,46.7813012,20.292299270629883,0.31196698546409607,0.8635709881782532,19.8262996673584,0.34139999747276306,2.1287100315093994,20.250999450683594,0.09099999815225601,2.684999942779541,0.20200000703334808,1.2547500133514404,-0.46603599190711975,1.434880018234253,0.671999990940094,47.9536018371582,0.007346999831497669,2.0,0.7129999995231628,0.5839999914169312,0.49690601229667664,0.4070029854774475,1.2208900451660156,6.0,0.0,0.3214290142059326,0.8629599809646606,20.180999755859375,0.6079000234603882,193.9264483,46.7818989,5.87288,ZTF19aadooun
2458560.7391782,1,806239172715,19.428699493408203,/ztf/archive/sci/2019/0318/239178/ztf_20190318239178_000756_zg_c07_o_q4_scimrefdiffimg.fits.fz,Kulkarni,2,806,27,756,26.239700317382812,3.6494500818662345e-05,0.03647420182824135,-0.1342889964580536,6.922739703441039e-05,t15_f5_c3,,,,,,,,,,,,,,,,,,,,,,,,,,,,,,,,,,,,,,,ZTF19aadooun
2458560.7665509,1,806266552715,19.599599838256836,/ztf/archive/sci/2019/0318/266551/ztf_20190318266551_000756_zg_c07_o_q4_scimrefdiffimg.fits.fz,Kulkarni,2,806,27,756,26.267000198364258,3.799609839916229e-05,0.03874979913234711,-0.1117670014500618,6.602380017284304e-05,t15_f5_c3,,,,,,,,,,,,,,,,,,,,,,,,,,,,,,,,,,,,,,,ZTF19aadooun
2458560.7764815,1,806276482715,19.512100219726562,/ztf/archive/sci/2019/0318/276481/ztf_20190318276481_000756_zg_c07_o_q4_scimrefdiffimg.fits.fz,Kulkarni,2,806,27,756,26.284299850463867,3.9044498407747597e-05,0.037558700889348984,-0.14979299902915955,7.467660179827362e-05,t15_f5_c3,,,,,,,,,,,,,,,,,,,,,,,,,,,,,,,,,,,,,,,ZTF19aadooun
2458560.8080208,3,806308022715,19.436899185180664,/ztf/archive/sci/2019/0318/308009/ztf_20190318308009_000756_zi_c07_o_q4_scimrefdiffimg.fits.fz,Kulkarni,2,806,27,756,25.677600860595703,4.628050191968214e-06,0.022456299513578415,0.2020840048789978,1.6074000086518936e-05,t15_f5_c3,8.06308022715015e+17,t,0.0,2289.820068359375,44.604698181152344,193.9263305,46.7813897,19.65760040283203,0.20863500237464905,1.2465200424194336,19.276599884033203,0.3059000074863434,5.469389915466309,18.993000030517578,0.11400000005960464,6.046999931335449,0.7720000147819519,1.1536999940872192,-0.3809869885444641,3.890000104904175,0.8550000190734863,44.604698181152344,0.16030800342559814,0.7268980145454407,0.9850000143051147,0.7070000171661377,0.25321298837661743,0.18174800276756287,1.3932100534439087,9.0,0.0,0.38999998569488525,0.7904340028762817,19.084999084472656,0.33000001311302185,193.9244602,46.7822419,6.99906,ZTF19aadooun
2458560.8540741,2,806354072715,19.960899353027344,/ztf/archive/sci/2019/0318/354063/ztf_20190318354063_000756_zr_c07_o_q4_scimrefdiffimg.fits.fz,Kulkarni,2,806,27,756,26.238100051879883,2.2449999960372224e-05,0.031580500304698944,0.1293019950389862,3.15846991725266e-05,t15_f5_c3,8.06354072715015e+17,t,0.0,2283.840087890625,37.53900146484375,193.9261946,46.7814157,19.161100387573242,0.12481600046157837,2.1363298892974854,18.966800689697266,0.16539999842643738,2.759890079498291,19.652000427246094,0.10899999737739563,6.379000186920166,0.7139999866485596,0.2579750120639801,-0.1943269968032837,2.450000047683716,0.9829999804496765,37.53900146484375,0.9940720200538635,0.991320013999939,0.8100000023841858,0.7160000205039978,0.3306120038032532,0.2922450006008148,1.1312799453735352,4.0,0.0,0.7928569912910461,0.9984049797058105,18.89150047302246,0.1979999989271164,193.926405,46.7821786,15.5891,ZTF19aadooun
2458560.8635648,2,806363562715,20.10300064086914,/ztf/archive/sci/2019/0318/363565/ztf_20190318363565_000756_zr_c07_o_q4_scimrefdiffimg.fits.fz,Kulkarni,2,806,27,756,26.2539005279541,2.3040600353851914e-05,0.03218970075249672,0.11994899809360504,3.270070010330528e-05,t15_f5_c3,8.06363562715015e+17,t,0.0,2295.3798828125,38.651100158691406,193.9261993,46.7813812,19.271900177001953,0.11613799631595612,2.2889299392700195,18.956899642944336,0.15559999644756317,2.8797500133514404,19.652000427246094,0.10899999737739563,6.379000186920166,0.7139999866485596,-0.8940539956092834,-0.3149940073490143,1.9199999570846558,0.9879999756813049,38.651100158691406,1.1461399793624878,1.1707099676132202,0.8410000205039978,0.7860000133514404,0.4380210041999817,0.40937501192092896,1.0699800252914429,0.0,0.0,0.6314290165901184,1.0,18.924999237060547,0.193900004029274,193.926405,46.7821786,14.1811,ZTF19aadooun
2458560.8860069,2,806386002715,19.93829917907715,/ztf/archive/sci/2019/0318/385972/ztf_20190318385972_000756_zr_c07_o_q4_scimrefdiffimg.fits.fz,Kulkarni,2,806,27,756,26.226499557495117,1.988300027733203e-05,0.029828699305653572,0.13539700210094452,2.815910011122469e-05,t15_f5_c3,8.06386002715015e+17,t,0.0,2293.340087890625,38.19540023803711,193.9262315,46.7813823,19.221500396728516,0.12649500370025635,1.0544899702072144,19.312599182128906,0.22669999301433563,2.861949920654297,19.652000427246094,0.10899999737739563,6.379000186920166,0.7139999866485596,-0.4231399893760681,0.09110800176858902,1.7200000286102295,0.9829999804496765,38.19540023803711,0.6257339715957642,1.4419699907302856,0.8309999704360962,0.7850000262260437,0.4831399917602539,0.4563950002193451,1.0585999488830566,3.0,0.0,0.8171430230140686,0.9808710217475891,19.187000274658203,0.2597000002861023,193.926405,46.7821786,14.4657,ZTF19aadooun
2458561.7739352,1,807273932715,18.756999969482422,/ztf/archive/sci/2019/0319/273912/ztf_20190319273912_000756_zg_c07_o_q4_scimrefdiffimg.fits.fz,Kulkarni,2,807,27,756,26.19099998474121,0.00011280200124019757,0.04739280045032501,-0.11136399954557419,0.00027251598658040166,t15_f5_c3,,,,,,,,,,,,,,,,,,,,,,,,,,,,,,,,,,,,,,,ZTF19aadooun
2458561.7986111,1,807298612715,19.13680076599121,/ztf/archive/sci/2019/0319/298600/ztf_20190319298600_000756_zg_c07_o_q4_scimrefdiffimg.fits.fz,Kulkarni,2,807,27,756,26.223400115966797,4.1838600736809894e-05,0.03549259901046753,-0.10433900356292725,8.564369636587799e-05,t15_f5_c3,,,,,,,,,,,,,,,,,,,,,,,,,,,,,,,,,,,,,,,ZTF19aadooun
2458561.8305093,1,807330502715,19.254100799560547,/ztf/archive/sci/2019/0319/330486/ztf_20190319330486_000756_zg_c07_o_q4_scimrefdiffimg.fits.fz,Kulkarni,2,807,27,756,26.220800399780273,5.2684299589600414e-05,0.04111089929938316,-0.10357099771499634,0.00010409399692434818,t15_f5_c3,8.07330502715015e+17,1,0.0,2300.860107421875,14.146499633789062,193.9263929,46.7815997,19.709800720214844,0.2827939987182617,1.417330026626587,19.772499084472656,0.5403000116348267,1.0722399950027466,20.250999450683594,0.09099999815225601,2.684999942779541,0.20200000703334808,-0.8896499872207642,0.06265299767255783,2.3499999046325684,0.9670000076293945,14.146499633789062,-0.5184170007705688,1.2351399660110474,1.2519999742507935,0.8080000281333923,0.5327659845352173,0.3438299894332886,1.5494999885559082,5.0,0.0,0.1899999976158142,1.0,19.818500518798828,0.7247999906539917,193.9264483,46.7818989,5.71157,ZTF19aadooun
2458561.8500926,2,807350092715,19.625,/ztf/archive/sci/2019/0319/350093/ztf_20190319350093_000756_zr_c07_o_q4_scimrefdiffimg.fits.fz,Kulkarni,2,807,27,756,26.209199905395508,2.2775400793761946e-05,0.03137800097465515,0.12855300307273865,3.169459887431003e-05,t15_f5_c3,,,,,,,,,,,,,,,,,,,,,,,,,,,,,,,,,,,,,,,ZTF19aadooun
2458543.7998032,1,789299802715,20.02120018005371,/ztf/archive/sci/2019/0301/299780/ztf_20190301299780_000756_zg_c07_o_q4_scimrefdiffimg.fits.fz,Kulkarni,2,789,27,756,25.79640007019043,3.2517800718778744e-05,0.036879099905490875,-0.02211100049316883,5.198299913899973e-05,t15_f5_c3,7.89299802715015e+17,1,0.0,2293.070068359375,15.562899589538574,193.9263206,46.7813739,19.424400329589844,0.19812199473381042,1.3705799579620361,19.64349937438965,0.21209999918937683,1.8914200067520142,20.250999450683594,0.09099999815225601,2.684999942779541,0.20200000703334808,0.1402759999036789,0.21911700069904327,5.619999885559082,0.5260000228881836,15.562899589538574,0.37771299481391907,0.6134510040283203,1.2230000495910645,1.0950000286102295,0.217616006731987,0.19483999907970428,1.1168899536132812,1.0,0.0,0.21285699307918549,1.0,19.74530029296875,0.2976999878883362,193.9264483,46.7818989,11.921,ZTF19aadooun
2458543.8418634,2,789341862715,20.142499923706055,/ztf/archive/sci/2019/0301/341863/ztf_20190301341863_000756_zr_c07_o_q4_scimrefdiffimg.fits.fz,Kulkarni,1,789,27,756,25.8981990814209,1.450180025130976e-05,0.025501899421215057,0.12457799911499023,2.060939914372284e-05,t15_f5_c3,7.89341862715015e+17,1,0.0,2291.7099609375,23.80389976501465,193.9262573,46.7814036,18.369199752807617,0.07464700192213058,3.308120012283325,18.316200256347656,0.07410000264644623,2.7842400074005127,19.652000427246094,0.10899999737739563,6.379000186920166,0.7139999866485596,0.11087799817323685,-0.05299900099635124,2.609999895095825,0.9789999723434448,23.80389976501465,1.8262699842453003,1.0217299461364746,0.8669999837875366,0.8299999833106995,0.33218398690223694,0.3180080056190491,1.0445799827575684,0.0,0.0,0.8642860054969788,1.0,18.33289909362793,0.09570000320672989,193.926405,46.7821786,32.863,ZTF19aadooun
2458560.8080208,3,806308022715,19.436899185180664,/ztf/archive/sci/2019/0318/308009/ztf_20190318308009_000756_zi_c07_o_q4_scimrefdiffimg.fits.fz,Kulkarni,2,806,27,756,25.677600860595703,4.628050191968214e-06,0.022456299513578415,0.2020840048789978,1.6074000086518936e-05,t15_f5_c3,8.06308022715015e+17,1,0.0,2289.820068359375,44.604698181152344,193.9263305,46.7813897,19.65760040283203,0.20863500237464905,1.2465200424194336,19.276599884033203,0.3059000074863434,5.469389915466309,18.993000030517578,0.11400000005960464,6.046999931335449,0.7720000147819519,1.1536999940872192,-0.3809869885444641,3.890000104904175,0.8550000190734863,44.604698181152344,0.16030800342559814,0.7268980145454407,0.9850000143051147,0.7070000171661377,0.25321298837661743,0.18174800276756287,1.3932100534439087,9.0,0.0,0.38999998569488525,0.7904340028762817,19.084999084472656,0.33000001311302185,193.9244602,46.7822419,6.99906,ZTF19aadooun
2458561.8705787,2,807370572715,19.688499450683594,/ztf/archive/sci/2019/0319/370579/ztf_20190319370579_000756_zr_c07_o_q4_scimrefdiffimg.fits.fz,Kulkarni,2,807,27,756,26.230499267578125,5.7810400903690606e-05,0.05048210173845291,0.11614000052213669,8.132620132528245e-05,t15_f5_c3,8.07370572715015e+17,1,0.0,2293.050048828125,11.681900024414062,193.9262672,46.7814015,19.397499084472656,0.17126700282096863,1.237720012664795,19.79509925842285,0.4832000136375427,2.781519889831543,19.652000427246094,0.10899999737739563,6.379000186920166,0.7139999866485596,-0.6993550062179565,0.3975749909877777,1.940000057220459,0.9990000128746033,11.681900024414062,-0.10663700103759766,1.1557400226593018,0.6539999842643738,0.5249999761581421,0.33711299300193787,0.2706190049648285,1.245710015296936,4.0,0.0,0.7585710287094116,0.9694030284881592,19.614200592041016,0.5260999798774719,193.926405,46.7821786,10.3979,ZTF19aadooun
2458560.8540741,2,806354072715,19.960899353027344,/ztf/archive/sci/2019/0318/354063/ztf_20190318354063_000756_zr_c07_o_q4_scimrefdiffimg.fits.fz,Kulkarni,2,806,27,756,26.238100051879883,2.2449999960372224e-05,0.031580500304698944,0.1293019950389862,3.15846991725266e-05,t15_f5_c3,8.06354072715015e+17,1,0.0,2283.840087890625,37.53900146484375,193.9261946,46.7814157,19.161100387573242,0.12481600046157837,2.1363298892974854,18.966800689697266,0.16539999842643738,2.759890079498291,19.652000427246094,0.10899999737739563,6.379000186920166,0.7139999866485596,0.2579750120639801,-0.1943269968032837,2.450000047683716,0.9829999804496765,37.53900146484375,0.9940720200538635,0.991320013999939,0.8100000023841858,0.7160000205039978,0.3306120038032532,0.2922450006008148,1.1312799453735352,4.0,0.0,0.7928569912910461,0.9984049797058105,18.89150047302246,0.1979999989271164,193.926405,46.7821786,15.5891,ZTF19aadooun
2458560.8635648,2,806363562715,20.10300064086914,/ztf/archive/sci/2019/0318/363565/ztf_20190318363565_000756_zr_c07_o_q4_scimrefdiffimg.fits.fz,Kulkarni,2,806,27,756,26.2539005279541,2.3040600353851914e-05,0.03218970075249672,0.11994899809360504,3.270070010330528e-05,t15_f5_c3,8.06363562715015e+17,1,0.0,2295.3798828125,38.651100158691406,193.9261993,46.7813812,19.271900177001953,0.11613799631595612,2.2889299392700195,18.956899642944336,0.15559999644756317,2.8797500133514404,19.652000427246094,0.10899999737739563,6.379000186920166,0.7139999866485596,-0.8940539956092834,-0.3149940073490143,1.9199999570846558,0.9879999756813049,38.651100158691406,1.1461399793624878,1.1707099676132202,0.8410000205039978,0.7860000133514404,0.4380210041999817,0.40937501192092896,1.0699800252914429,0.0,0.0,0.6314290165901184,1.0,18.924999237060547,0.193900004029274,193.926405,46.7821786,14.1811,ZTF19aadooun
2458543.8427778,2,789342772715,20.196399688720703,/ztf/archive/sci/2019/0301/342778/ztf_20190301342778_000756_zr_c07_o_q4_scimrefdiffimg.fits.fz,Kulkarni,2,789,27,756,25.92009925842285,2.7889000193681568e-05,0.035120099782943726,0.10778100043535233,3.927199941244908e-05,t15_f5_c3,7.89342772715015e+17,1,0.0,2290.97998046875,24.26289939880371,193.9262473,46.7814129,18.377099990844727,0.08944600075483322,2.2760798931121826,18.30270004272461,0.0706000030040741,2.7665700912475586,19.652000427246094,0.10899999737739563,6.379000186920166,0.7139999866485596,0.23600800335407257,-0.07437799870967865,2.5799999237060547,0.9810000061988831,24.26289939880371,1.8937499523162842,1.023460030555725,0.8769999742507935,0.8119999766349792,0.3399220108985901,0.3147290050983429,1.080049991607666,0.0,0.0,0.8600000143051147,1.0,18.208900451660156,0.08250000327825546,193.926405,46.7821786,29.9306,ZTF19aadooun
2458561.8305093,1,807330502715,19.254100799560547,/ztf/archive/sci/2019/0319/330486/ztf_20190319330486_000756_zg_c07_o_q4_scimrefdiffimg.fits.fz,Kulkarni,2,807,27,756,26.220800399780273,5.2684299589600414e-05,0.04111089929938316,-0.10357099771499634,0.00010409399692434818,t15_f5_c3,8.07330502715015e+17,t,0.0,2300.860107421875,14.146499633789062,193.9263929,46.7815997,19.709800720214844,0.2827939987182617,1.417330026626587,19.772499084472656,0.5403000116348267,1.0722399950027466,20.250999450683594,0.09099999815225601,2.684999942779541,0.20200000703334808,-0.8896499872207642,0.06265299767255783,2.3499999046325684,0.9670000076293945,14.146499633789062,-0.5184170007705688,1.2351399660110474,1.2519999742507935,0.8080000281333923,0.5327659845352173,0.3438299894332886,1.5494999885559082,5.0,0.0,0.1899999976158142,1.0,19.818500518798828,0.7247999906539917,193.9264483,46.7818989,5.71157,ZTF19aadooun
2458561.8705787,2,807370572715,19.688499450683594,/ztf/archive/sci/2019/0319/370579/ztf_20190319370579_000756_zr_c07_o_q4_scimrefdiffimg.fits.fz,Kulkarni,2,807,27,756,26.230499267578125,5.7810400903690606e-05,0.05048210173845291,0.11614000052213669,8.132620132528245e-05,t15_f5_c3,8.07370572715015e+17,t,0.0,2293.050048828125,11.681900024414062,193.9262672,46.7814015,19.397499084472656,0.17126700282096863,1.237720012664795,19.79509925842285,0.4832000136375427,2.781519889831543,19.652000427246094,0.10899999737739563,6.379000186920166,0.7139999866485596,-0.6993550062179565,0.3975749909877777,1.940000057220459,0.9990000128746033,11.681900024414062,-0.10663700103759766,1.1557400226593018,0.6539999842643738,0.5249999761581421,0.33711299300193787,0.2706190049648285,1.245710015296936,4.0,0.0,0.7585710287094116,0.9694030284881592,19.614200592041016,0.5260999798774719,193.926405,46.7821786,10.3979,ZTF19aadooun
2458561.8916088,2,807391602715,19.566600799560547,/ztf/archive/sci/2019/0319/391609/ztf_20190319391609_000756_zr_c07_o_q4_scimrefdiffimg.fits.fz,Kulkarni,2,807,27,756,26.190799713134766,2.693779970286414e-05,0.03426479920744896,0.12573499977588654,3.761209882213734e-05,t15_f5_c3,8.07391602715015e+17,t,0.0,2303.570068359375,12.623499870300293,193.9261624,46.7814413,19.389799118041992,0.19897200167179108,1.3036999702453613,19.03350067138672,0.25060001015663147,2.686490058898926,19.652000427246094,0.10899999737739563,6.379000186920166,0.7139999866485596,-0.3017269968986511,-0.3562990128993988,3.180000066757202,0.9710000157356262,12.623499870300293,0.5330659747123718,0.7555310130119324,0.7149999737739563,0.6470000147819519,0.22484299540519714,0.2034589946269989,1.1051000356674194,8.0,0.0,0.5928570032119751,0.8649970293045044,18.69879913330078,0.23680000007152557,193.926405,46.7821786,8.91323,ZTF19aadooun
2458562.8087963,1,808308792715,18.381999969482422,/ztf/archive/sci/2019/0320/308773/ztf_20190320308773_000756_zg_c07_o_q4_scimrefdiffimg.fits.fz,Kulkarni,2,808,27,756,25.986600875854492,0.0001156979997176677,0.0435618981719017,-0.10823100060224533,0.0002908390015363693,t15_f5_c3,,,,,,,,,,,,,,,,,,,,,,,,,,,,,,,,,,,,,,,ZTF19aadooun
2458562.8097569,1,808309752715,18.098800659179688,/ztf/archive/sci/2019/0320/309734/ztf_20190320309734_000756_zg_c07_o_q4_scimrefdiffimg.fits.fz,Kulkarni,1,808,27,756,25.819700241088867,0.00020592199871316552,0.04916609823703766,-0.11879199743270874,0.0005166840273886919,t15_f5_c3,,,,,,,,,,,,,,,,,,,,,,,,,,,,,,,,,,,,,,,ZTF19aadooun
2458562.8211574,1,808321152715,17.778400421142578,/ztf/archive/sci/2019/0320/321146/ztf_20190320321146_000756_zg_c07_o_q4_scimrefdiffimg.fits.fz,Kulkarni,2,808,27,756,25.498600006103516,0.00025168299907818437,0.04515190050005913,-0.1268640011548996,0.0006755570066161454,t15_f5_c3,,,,,,,,,,,,,,,,,,,,,,,,,,,,,,,,,,,,,,,ZTF19aadooun
2458562.8490509,2,808349052715,19.080900192260742,/ztf/archive/sci/2019/0320/349051/ztf_20190320349051_000756_zr_c07_o_q4_scimrefdiffimg.fits.fz,Kulkarni,2,808,27,756,26.17930030822754,2.7157899239682592e-05,0.033955901861190796,0.12733900547027588,3.8556099752895534e-05,t15_f5_c3,,,,,,,,,,,,,,,,,,,,,,,,,,,,,,,,,,,,,,,ZTF19aadooun
2458562.8635301,2,808363532715,17.419300079345703,/ztf/archive/sci/2019/0320/363530/ztf_20190320363530_000756_zr_c07_o_q4_scimrefdiffimg.fits.fz,Kulkarni,2,808,27,756,25.147499084472656,0.0009108660160563886,0.108303003013134,0.07347249984741211,0.0017646700143814087,t15_f5_c3,,,,,,,,,,,,,,,,,,,,,,,,,,,,,,,,,,,,,,,ZTF19aadooun
2458562.8644329,2,808364432715,16.797000885009766,/ztf/archive/sci/2019/0320/364433/ztf_20190320364433_000756_zr_c07_o_q4_scimrefdiffimg.fits.fz,Kulkarni,1,808,27,756,24.6875,0.00039890699554234743,0.044762998819351196,0.1148189976811409,0.000847328978125006,t15_f5_c3,,,,,,,,,,,,,,,,,,,,,,,,,,,,,,,,,,,,,,,ZTF19aadooun
2458567.7379977,2,813237992715,20.78619956970215,/ztf/archive/sci/2019/0325/237986/ztf_20190325237986_000756_zr_c07_o_q4_scimrefdiffimg.fits.fz,Kulkarni,2,813,27,756,26.219499588012695,2.1033200027886778e-05,0.030477799475193024,0.11627300083637238,2.9370999982347712e-05,t15_f5_c3,,,,,,,,,,,,,,,,,,,,,,,,,,,,,,,,,,,,,,,ZTF19aadooun
2458567.7638426,1,813263842715,20.606700897216797,/ztf/archive/sci/2019/0325/263808/ztf_20190325263808_000756_zg_c07_o_q4_scimrefdiffimg.fits.fz,Kulkarni,2,813,27,756,26.127700805664062,1.5883599189692177e-05,0.0264723002910614,-0.04072539880871773,2.2849300876259804e-05,t15_f5_c3,,,,,,,,,,,,,,,,,,,,,,,,,,,,,,,,,,,,,,,ZTF19aadooun
2458567.7790625,1,813279062715,20.431299209594727,/ztf/archive/sci/2019/0325/279039/ztf_20190325279039_000756_zg_c07_o_q4_scimrefdiffimg.fits.fz,Kulkarni,1,813,27,756,26.138099670410156,2.5893999918480404e-05,0.03373739868402481,-0.04150690138339996,3.735760037670843e-05,t15_f5_c3,,,,,,,,,,,,,,,,,,,,,,,,,,,,,,,,,,,,,,,ZTF19aadooun
2458567.786713,1,813286712715,20.355600357055664,/ztf/archive/sci/2019/0325/286713/ztf_20190325286713_000756_zg_c07_o_q4_scimrefdiffimg.fits.fz,Kulkarni,2,813,27,756,26.15049934387207,2.402360041742213e-05,0.032669998705387115,-0.04609910026192665,3.45346998074092e-05,t15_f5_c3,,,,,,,,,,,,,,,,,,,,,,,,,,,,,,,,,,,,,,,ZTF19aadooun
2458567.8065394,1,813306532715,20.177099227905273,/ztf/archive/sci/2019/0325/306528/ztf_20190325306528_000756_zg_c07_o_q4_scimrefdiffimg.fits.fz,Kulkarni,2,813,27,756,26.135799407958984,1.9947199689340778e-05,0.029715200886130333,-0.03143350034952164,2.9526900107157417e-05,t15_f5_c3,,,,,,,,,,,,,,,,,,,,,,,,,,,,,,,,,,,,,,,ZTF19aadooun
2458567.8312037,2,813331202715,20.186100006103516,/ztf/archive/sci/2019/0325/331204/ztf_20190325331204_000756_zr_c07_o_q4_scimrefdiffimg.fits.fz,Kulkarni,1,813,27,756,26.19219970703125,1.3567499991040677e-05,0.024560099467635155,0.1273220032453537,1.9059099940932356e-05,t15_f5_c3,8.13331202715015e+17,t,0.0,2287.159912109375,20.832000732421875,193.9263299,46.7814385,19.403200149536133,0.13818199932575226,1.057229995727539,19.227100372314453,0.17100000381469727,2.6367099285125732,19.652000427246094,0.10899999737739563,6.379000186920166,0.7139999866485596,-0.3610590100288391,-0.17610099911689758,1.9500000476837158,0.9829999804496765,20.832000732421875,0.9590359926223755,1.2653499841690063,0.7649999856948853,0.6349999904632568,0.39230799674987793,0.325641006231308,1.2047200202941895,3.0,0.0,0.8371430039405823,1.0,19.15850067138672,0.20589999854564667,193.926405,46.7821786,15.4548,ZTF19aadooun
2458567.8321065,2,813332102715,20.13680076599121,/ztf/archive/sci/2019/0325/332106/ztf_20190325332106_000756_zr_c07_o_q4_scimrefdiffimg.fits.fz,Kulkarni,2,813,27,756,26.190500259399414,1.7726000805851072e-05,0.02800999954342842,0.13782000541687012,2.490579936420545e-05,t15_f5_c3,8.13332102715015e+17,t,0.0,2289.159912109375,20.981000900268555,193.9263026,46.7814289,19.556499481201172,0.12598200142383575,0.7281360030174255,19.664100646972656,0.2581999897956848,2.7019801139831543,19.652000427246094,0.10899999737739563,6.379000186920166,0.7139999866485596,-0.3286519944667816,0.1076280027627945,2.4000000953674316,0.9660000205039978,20.981000900268555,0.4727419912815094,1.0606399774551392,0.734000027179718,0.6930000185966492,0.30583301186561584,0.2887499928474426,1.0591599941253662,3.0,0.0,0.8585709929466248,0.9786229729652405,19.37070083618164,0.2535000145435333,193.926405,46.7821786,13.0273,ZTF19aadooun
2458567.8446412,3,813344642715,19.678499221801758,/ztf/archive/sci/2019/0325/344641/ztf_20190325344641_000756_zi_c07_o_q4_scimrefdiffimg.fits.fz,Kulkarni,2,813,27,756,25.65250015258789,5.7598699640948325e-06,0.025408299639821053,0.19520799815654755,1.978450018214062e-05,t15_f5_c3,8.13344642715015e+17,t,0.0,2299.010009765625,25.529699325561523,193.9260459,46.7813554,19.712499618530273,0.22498899698257446,1.161370038986206,19.448400497436523,0.30489999055862427,4.984220027923584,18.993000030517578,0.11400000005960464,6.046999931335449,0.7720000147819519,0.004007999785244465,-0.26411300897598267,4.599999904632568,0.6570000052452087,25.529699325561523,0.23008300364017487,0.5889139771461487,1.0920000076293945,0.859000027179718,0.23739099502563477,0.1867389976978302,1.2712500095367432,3.0,0.0,0.5071430206298828,0.9980639815330505,19.565500259399414,0.4366999864578247,193.9244602,46.7822419,7.45362,ZTF19aadooun
2458567.8717477,2,813371742715,20.100099563598633,/ztf/archive/sci/2019/0325/371748/ztf_20190325371748_000756_zr_c07_o_q4_scimrefdiffimg.fits.fz,Kulkarni,2,813,27,756,26.192399978637695,2.139550088031683e-05,0.03064879961311817,0.13521499931812286,2.9854700187570415e-05,t15_f5_c3,8.13371742715015e+17,t,0.0,2287.5,15.675200462341309,193.9262957,46.7814197,19.53339958190918,0.13819999992847443,1.5035099983215332,19.353500366210938,0.19930000603199005,2.7104198932647705,19.652000427246094,0.10899999737739563,6.379000186920166,0.7139999866485596,0.07672599703073502,-0.1798810064792633,2.369999885559082,0.9980000257492065,15.675200462341309,0.7465839982032776,1.0803300142288208,0.699999988079071,0.6759999990463257,0.2953589856624603,0.2852320075035095,1.0355000495910645,7.0,0.0,0.8100000023841858,0.9300569891929626,19.22909927368164,0.2282000035047531,193.926405,46.7821786,12.7134,ZTF19aadooun
2458568.7190278,1,814219022715,20.627899169921875,/ztf/archive/sci/2019/0326/219016/ztf_20190326219016_000756_zg_c07_o_q4_scimrefdiffimg.fits.fz,Kulkarni,2,814,27,756,26.096599578857422,1.9156299458700232e-05,0.029103700071573257,-0.0907324030995369,2.700950062717311e-05,t15_f5_c3,8.14219022715015e+17,1,0.0,2289.590087890625,13.321599960327148,193.9262637,46.7814284,20.4335994720459,0.267536997795105,1.0196900367736816,20.92799949645996,0.5374000072479248,1.73117995262146,20.250999450683594,0.09099999815225601,2.684999942779541,0.20200000703334808,0.07567699998617172,0.49437400698661804,3.6700000762939453,0.7519999742507935,13.321599960327148,-0.3001039922237396,0.6963070034980774,0.6809999942779541,0.6110000014305115,0.1855590045452118,0.166484996676445,1.1145700216293335,5.0,0.0,0.4971430003643036,0.9997249841690063,20.657400131225586,0.538100004196167,193.9264483,46.7818989,8.51712,ZTF19aadooun
2458568.7485648,1,814248562715,20.671199798583984,/ztf/archive/sci/2019/0326/248565/ztf_20190326248565_000756_zg_c07_o_q4_scimrefdiffimg.fits.fz,Kulkarni,2,814,27,756,26.13479995727539,2.027869959420059e-05,0.029993299394845963,-0.0942704975605011,2.8430500606191345e-05,t15_f5_c3,,,,,,,,,,,,,,,,,,,,,,,,,,,,,,,,,,,,,,,ZTF19aadooun
2458568.7575347,1,814257532715,20.204500198364258,/ztf/archive/sci/2019/0326/257523/ztf_20190326257523_000756_zg_c07_o_q4_scimrefdiffimg.fits.fz,Kulkarni,2,814,27,756,25.904600143432617,2.6346899176132865e-05,0.034111399203538895,-0.08094420284032822,3.855179966194555e-05,t15_f5_c3,,,,,,,,,,,,,,,,,,,,,,,,,,,,,,,,,,,,,,,ZTF19aadooun
2458568.7190278,1,814219022715,20.627899169921875,/ztf/archive/sci/2019/0326/219016/ztf_20190326219016_000756_zg_c07_o_q4_scimrefdiffimg.fits.fz,Kulkarni,2,814,27,756,26.096599578857422,1.9156299458700232e-05,0.029103700071573257,-0.0907324030995369,2.700950062717311e-05,t15_f5_c3,8.14219022715015e+17,t,0.0,2289.590087890625,13.321599960327148,193.9262637,46.7814284,20.4335994720459,0.267536997795105,1.0196900367736816,20.92799949645996,0.5374000072479248,1.73117995262146,20.250999450683594,0.09099999815225601,2.684999942779541,0.20200000703334808,0.07567699998617172,0.49437400698661804,3.6700000762939453,0.7519999742507935,13.321599960327148,-0.3001039922237396,0.6963070034980774,0.6809999942779541,0.6110000014305115,0.1855590045452118,0.166484996676445,1.1145700216293335,5.0,0.0,0.4971430003643036,0.9997249841690063,20.657400131225586,0.538100004196167,193.9264483,46.7818989,8.51712,ZTF19aadooun
2458568.7799884,2,814279982715,20.725099563598633,/ztf/archive/sci/2019/0326/279965/ztf_20190326279965_000756_zr_c07_o_q4_scimrefdiffimg.fits.fz,Kulkarni,2,814,27,756,26.202999114990234,1.6137200873345137e-05,0.02679849974811077,0.11672999709844589,2.277189923916012e-05,t15_f5_c3,8.14279982715015e+17,t,0.0,2297.93994140625,12.447099685668945,193.9262591,46.781424,19.584999084472656,0.11310700327157974,3.0854899883270264,19.543800354003906,0.1657000035047531,2.7158799171447754,19.652000427246094,0.10899999737739563,6.379000186920166,0.7139999866485596,0.03903200104832649,-0.04120900109410286,1.940000057220459,0.996999979019165,12.447099685668945,1.1812700033187866,1.1173499822616577,0.6449999809265137,0.5979999899864197,0.3324739933013916,0.30824699997901917,1.0786000490188599,7.0,0.0,0.6800000071525574,0.9110469818115234,19.405899047851562,0.1873999983072281,193.926405,46.7821786,17.4065,ZTF19aadooun
2458568.7985532,2,814298552715,20.519699096679688,/ztf/archive/sci/2019/0326/298530/ztf_20190326298530_000756_zr_c07_o_q4_scimrefdiffimg.fits.fz,Kulkarni,2,814,27,756,26.12310028076172,1.2556200090330094e-05,0.02352299913764,0.12091200053691864,1.779160083970055e-05,t15_f5_c3,,,,,,,,,,,,,,,,,,,,,,,,,,,,,,,,,,,,,,,ZTF19aadooun
2458568.8296412,2,814329642715,18.410999298095703,/ztf/archive/sci/2019/0326/329630/ztf_20190326329630_000756_zr_c07_o_q4_scimrefdiffimg.fits.fz,Kulkarni,2,814,27,756,24.52519989013672,0.00013422800111584365,0.06867119669914246,0.14775699377059937,0.00019677300588227808,t15_f5_c3,,,,,,,,,,,,,,,,,,,,,,,,,,,,,,,,,,,,,,,ZTF19aadooun
2458567.8312037,2,813331202715,20.186100006103516,/ztf/archive/sci/2019/0325/331204/ztf_20190325331204_000756_zr_c07_o_q4_scimrefdiffimg.fits.fz,Kulkarni,1,813,27,756,26.19219970703125,1.3567499991040677e-05,0.024560099467635155,0.1273220032453537,1.9059099940932356e-05,t15_f5_c3,8.13331202715015e+17,1,0.0,2287.159912109375,20.832000732421875,193.9263299,46.7814385,19.403200149536133,0.13818199932575226,1.057229995727539,19.227100372314453,0.17100000381469727,2.6367099285125732,19.652000427246094,0.10899999737739563,6.379000186920166,0.7139999866485596,-0.3610590100288391,-0.17610099911689758,1.9500000476837158,0.9829999804496765,20.832000732421875,0.9590359926223755,1.2653499841690063,0.7649999856948853,0.6349999904632568,0.39230799674987793,0.325641006231308,1.2047200202941895,3.0,0.0,0.8371430039405823,1.0,19.15850067138672,0.20589999854564667,193.926405,46.7821786,15.4548,ZTF19aadooun
2458567.8321065,2,813332102715,20.13680076599121,/ztf/archive/sci/2019/0325/332106/ztf_20190325332106_000756_zr_c07_o_q4_scimrefdiffimg.fits.fz,Kulkarni,2,813,27,756,26.190500259399414,1.7726000805851072e-05,0.02800999954342842,0.13782000541687012,2.490579936420545e-05,t15_f5_c3,8.13332102715015e+17,1,0.0,2289.159912109375,20.981000900268555,193.9263026,46.7814289,19.556499481201172,0.12598200142383575,0.7281360030174255,19.664100646972656,0.2581999897956848,2.7019801139831543,19.652000427246094,0.10899999737739563,6.379000186920166,0.7139999866485596,-0.3286519944667816,0.1076280027627945,2.4000000953674316,0.9660000205039978,20.981000900268555,0.4727419912815094,1.0606399774551392,0.734000027179718,0.6930000185966492,0.30583301186561584,0.2887499928474426,1.0591599941253662,3.0,0.0,0.8585709929466248,0.9786229729652405,19.37070083618164,0.2535000145435333,193.926405,46.7821786,13.0273,ZTF19aadooun
2458567.8446412,3,813344642715,19.678499221801758,/ztf/archive/sci/2019/0325/344641/ztf_20190325344641_000756_zi_c07_o_q4_scimrefdiffimg.fits.fz,Kulkarni,2,813,27,756,25.65250015258789,5.7598699640948325e-06,0.025408299639821053,0.19520799815654755,1.978450018214062e-05,t15_f5_c3,8.13344642715015e+17,1,0.0,2299.010009765625,25.529699325561523,193.9260459,46.7813554,19.712499618530273,0.22498899698257446,1.161370038986206,19.448400497436523,0.30489999055862427,4.984220027923584,18.993000030517578,0.11400000005960464,6.046999931335449,0.7720000147819519,0.004007999785244465,-0.26411300897598267,4.599999904632568,0.6570000052452087,25.529699325561523,0.23008300364017487,0.5889139771461487,1.0920000076293945,0.859000027179718,0.23739099502563477,0.1867389976978302,1.2712500095367432,3.0,0.0,0.5071430206298828,0.9980639815330505,19.565500259399414,0.4366999864578247,193.9244602,46.7822419,7.45362,ZTF19aadooun
2458569.8896991,2,815389692715,20.48740005493164,/ztf/archive/sci/2019/0327/389641/ztf_20190327389641_000756_zr_c07_o_q4_scimrefdiffimg.fits.fz,Kulkarni,2,815,27,756,26.172000885009766,1.5650499335606582e-05,0.026473699137568474,0.12059599906206131,2.188789949286729e-05,t15_f5_c3,8.15389692715015e+17,t,0.0,2295.5,77.6322021484375,193.9262791,46.7814318,19.540000915527344,0.13332100212574005,4.1693902015686035,19.91230010986328,0.2720000147819519,2.681989908218384,19.652000427246094,0.10899999737739563,6.379000186920166,0.7139999866485596,0.22229699790477753,0.3723210096359253,1.9900000095367432,1.0,77.6322021484375,0.5751309990882874,1.1267000436782837,0.5989999771118164,0.5720000267028809,0.3010050058364868,0.28743699193000793,1.0471999645233154,4.0,0.0,0.6557139754295349,0.9488210082054138,19.869600296020508,0.3359000086784363,193.926405,46.7821786,15.6137,ZTF19aadooun
2458572.7406366,3,818240632715,19.318500518798828,/ztf/archive/sci/2019/0330/240637/ztf_20190330240637_000756_zi_c07_o_q4_scimrefdiffimg.fits.fz,Kulkarni,2,818,27,756,25.311500549316406,6.46225998934824e-06,0.026534700766205788,0.19303099811077118,2.2026799342711456e-05,t15_f5_c3,,,,,,,,,,,,,,,,,,,,,,,,,,,,,,,,,,,,,,,ZTF19aadooun
2458572.7637731,1,818263772715,20.175500869750977,/ztf/archive/sci/2019/0330/263762/ztf_20190330263762_000756_zg_c07_o_q4_scimrefdiffimg.fits.fz,Kulkarni,2,818,27,756,25.817899703979492,2.6454699764144607e-05,0.033727001398801804,-0.10271900147199631,3.8249301724135876e-05,t15_f5_c3,,,,,,,,,,,,,,,,,,,,,,,,,,,,,,,,,,,,,,,ZTF19aadooun
2458572.8006597,2,818300652715,20.082599639892578,/ztf/archive/sci/2019/0330/300660/ztf_20190330300660_000756_zr_c07_o_q4_scimrefdiffimg.fits.fz,Kulkarni,2,818,27,756,25.838699340820312,2.4756100174272433e-05,0.03327680006623268,0.11290799826383591,3.462389940978028e-05,t15_f5_c3,8.18300652715015e+17,t,0.0,2292.840087890625,17.300500869750977,193.9262707,46.7814645,19.614700317382812,0.16268299520015717,1.0131200551986694,19.4867000579834,0.27300000190734863,2.5588901042938232,19.652000427246094,0.10899999737739563,6.379000186920166,0.7139999866485596,0.05210600048303604,-0.1280200034379959,1.7300000190734863,0.9710000157356262,17.300500869750977,0.5959050059318542,1.234320044517517,0.7279999852180481,0.5920000076293945,0.4208090007305145,0.3421970009803772,1.2297300100326538,4.0,0.0,0.6771429777145386,0.9878110289573669,19.797800064086914,0.46630001068115234,193.926405,46.7821786,11.0455,ZTF19aadooun
2458572.8084144,2,818308412715,19.89550018310547,/ztf/archive/sci/2019/0330/308391/ztf_20190330308391_000756_zr_c07_o_q4_scimrefdiffimg.fits.fz,Kulkarni,1,818,27,756,25.783100128173828,1.8629500118549913e-05,0.02854890003800392,0.11205600202083588,2.61982004303718e-05,t15_f5_c3,8.18308412715015e+17,t,0.0,2285.8701171875,15.415300369262695,193.9263154,46.7813953,19.690099716186523,0.16188399493694305,1.1290199756622314,19.439699172973633,0.28450000286102295,2.7928099632263184,19.652000427246094,0.10899999737739563,6.379000186920166,0.7139999866485596,0.6616449952125549,-0.25036299228668213,1.9199999570846558,0.953000009059906,15.415300369262695,0.4558059871196747,1.2067400217056274,0.8709999918937683,0.6880000233650208,0.4536460041999817,0.3583329916000366,1.2659900188446045,2.0,0.0,0.6100000143051147,0.9558010101318359,19.063600540161133,0.2590999901294708,193.926405,46.7821786,9.45638,ZTF19aadooun
2458572.8290162,1,818329012715,20.2101993560791,/ztf/archive/sci/2019/0330/329016/ztf_20190330329016_000756_zg_c07_o_q4_scimrefdiffimg.fits.fz,Kulkarni,2,818,27,756,25.774999618530273,1.926990080391988e-05,0.02901889942586422,-0.08427830040454865,2.803149982355535e-05,t15_f5_c3,8.18329012715015e+17,t,0.0,2288.090087890625,16.4325008392334,193.926302,46.7814365,20.44499969482422,0.2809549868106842,0.8834499716758728,20.425800323486328,0.4943000078201294,1.681480050086975,20.250999450683594,0.09099999815225601,2.684999942779541,0.20200000703334808,0.2379249930381775,-0.019179999828338623,1.2439099550247192,0.6779999732971191,16.4325008392334,-0.21555599570274353,2.0,0.6620000004768372,0.6330000162124634,0.5321919918060303,0.5088790059089661,1.0458099842071533,7.0,0.0,0.5442860126495361,0.7666950225830078,20.0447998046875,0.44760000705718994,193.9264483,46.7818989,6.36607,ZTF19aadooun
2458572.829919,1,818329912715,20.304100036621094,/ztf/archive/sci/2019/0330/329907/ztf_20190330329907_000756_zg_c07_o_q4_scimrefdiffimg.fits.fz,Kulkarni,1,818,27,756,25.815399169921875,2.2072999854572117e-05,0.031028300523757935,-0.08702609688043594,3.177499820594676e-05,t15_f5_c3,8.18329912715015e+17,t,0.0,2289.43994140625,17.07670021057129,193.926318,46.78144,20.390399932861328,0.2837130129337311,1.153190016746521,20.160200119018555,0.367000013589859,1.67330002784729,20.250999450683594,0.09099999815225601,2.684999942779541,0.20200000703334808,0.013570000417530537,-0.23015299439430237,1.4900000095367432,0.8610000014305115,17.07670021057129,0.1438779979944229,1.6230299472808838,0.652999997138977,0.5120000243186951,0.4382550120353699,0.3436239957809448,1.2753900289535522,6.0,0.0,0.5400000214576721,0.9208040237426758,20.237499237060547,0.5055999755859375,193.9264483,46.7818989,7.12045,ZTF19aadooun
2458572.8511574,1,818351152715,20.014299392700195,/ztf/archive/sci/2019/0330/351157/ztf_20190330351157_000756_zg_c07_o_q4_scimrefdiffimg.fits.fz,Kulkarni,2,818,27,756,25.63960075378418,3.174049925291911e-05,0.03707990050315857,-0.07035510241985321,4.799680027645081e-05,t15_f5_c3,,,,,,,,,,,,,,,,,,,,,,,,,,,,,,,,,,,,,,,ZTF19aadooun
2458572.8748032,2,818374802715,19.484699249267578,/ztf/archive/sci/2019/0330/374803/ztf_20190330374803_000756_zr_c07_o_q4_scimrefdiffimg.fits.fz,Kulkarni,2,818,27,756,25.394800186157227,2.4191300326492637e-05,0.0326852984726429,0.11729799956083298,3.411890065763146e-05,t15_f5_c3,8.18374802715015e+17,t,0.0,2294.419921875,17.44569969177246,193.9262145,46.7814639,19.911800384521484,0.3778420090675354,1.2308900356292725,19.68899917602539,0.5694000124931335,2.5817999839782715,19.652000427246094,0.10899999737739563,6.379000186920166,0.7139999866485596,-0.13447700440883636,-0.22282199561595917,1.0437599420547485,0.9089999794960022,17.44569969177246,-0.20432299375534058,2.0,0.6420000195503235,0.515999972820282,0.6150839924812317,0.49436599016189575,1.244189977645874,10.0,0.0,0.48285698890686035,0.6146129965782166,19.195499420166016,0.4648999869823456,193.926405,46.7821786,5.10764,ZTF19aadooun
2458573.7693171,2,819269312715,20.312299728393555,/ztf/archive/sci/2019/0331/269306/ztf_20190331269306_000756_zr_c07_o_q4_scimrefdiffimg.fits.fz,Kulkarni,2,819,27,756,26.154300689697266,1.4586399629479274e-05,0.025225700810551643,0.13174700736999512,2.043710082944017e-05,t15_f5_c3,8.19269312715015e+17,1,1.0,2294.820068359375,10.980199813842773,193.9261937,46.781399,19.628299713134766,0.13274699449539185,1.027590036392212,19.42650032043457,0.1712000072002411,2.817970037460327,19.652000427246094,0.10899999737739563,6.379000186920166,0.7139999866485596,0.06766899675130844,-0.20175999402999878,2.809999942779541,0.9520000219345093,10.980199813842773,0.8858050107955933,0.9673709869384766,0.8840000033378601,0.8159999847412109,0.3145909905433655,0.2903909981250763,1.0833300352096558,3.0,0.0,0.800000011920929,1.0,19.405500411987305,0.2152000069618225,193.926405,46.7821786,13.7918,ZTF19aadooun
2458574.7392593,2,820239255515,17.55270004272461,/ztf/archive/sci/2019/0401/239259/ztf_20190401239259_001755_zr_c14_o_q4_scimrefdiffimg.fits.fz,Kulkarni,1,820,55,1755,23.687999725341797,0.0003644720127340406,0.08634170144796371,0.0738150030374527,0.0006564509822055697,t15_f5_c3,,,,,,,,,,,,,,,,,,,,,,,,,,,,,,,,,,,,,,,ZTF19aadooun
2458575.8272338,1,821327232715,20.84630012512207,/ztf/archive/sci/2019/0402/327234/ztf_20190402327234_000756_zg_c07_o_q4_scimrefdiffimg.fits.fz,Kulkarni,1,821,27,756,26.211999893188477,1.548329964862205e-05,0.026207100600004196,-0.09412609785795212,2.2073700165492482e-05,t15_f5_c3,8.21327232715015e+17,t,0.0,2296.639892578125,19.652099609375,193.9263144,46.7814472,20.63800048828125,0.2620660066604614,1.783959984779358,21.032100677490234,0.5041000247001648,1.6514099836349487,20.250999450683594,0.09099999815225601,2.684999942779541,0.20200000703334808,-0.15311500430107117,0.394118994474411,1.899999976158142,0.8190000057220459,19.652099609375,-0.18582800030708313,1.3053699731826782,0.5690000057220459,0.4950000047683716,0.29947400093078613,0.26052600145339966,1.1495000123977661,8.0,0.0,0.4657140076160431,0.7937330007553101,20.876300811767578,0.5608999729156494,193.9264483,46.7818989,9.26408,ZTF19aadooun
2458575.8904977,2,821390492715,20.27589988708496,/ztf/archive/sci/2019/0402/390498/ztf_20190402390498_000756_zr_c07_o_q4_scimrefdiffimg.fits.fz,Kulkarni,1,821,27,756,25.771400451660156,2.906239933508914e-05,0.036204200237989426,0.11076600104570389,4.148649895796552e-05,t15_f5_c3,,,,,,,,,,,,,,,,,,,,,,,,,,,,,,,,,,,,,,,ZTF19aadooun
2458580.7452431,1,826245245515,20.65060043334961,/ztf/archive/sci/2019/0407/245197/ztf_20190407245197_001755_zg_c14_o_q4_scimrefdiffimg.fits.fz,Kulkarni,1,826,55,1755,26.227399826049805,1.566339960845653e-05,0.02704540081322193,-0.06622999906539917,2.33608006965369e-05,t15_f5_c3,8.2624524551501e+17,0,0.0,1869.9100341796875,810.97900390625,193.9262228,46.7814475,19.906400680541992,0.20103900134563446,2.4788899421691895,19.5137996673584,0.1421000063419342,0.12795299291610718,19.084999084472656,0.07599999755620956,4.493000030517578,0.38199999928474426,0.22982700169086456,-0.3925679922103882,4.239999771118164,0.28999999165534973,810.97900390625,1.1368499994277954,0.6061869859695435,1.2000000476837158,1.0750000476837158,0.2830190062522888,0.25353801250457764,1.11627995967865,4.0,0.0,0.4342859983444214,0.9849119782447815,19.40519905090332,0.16459999978542328,193.9262107,46.7814825,13.3622,ZTF19aadooun
2458573.7693171,2,819269312715,20.312299728393555,/ztf/archive/sci/2019/0331/269306/ztf_20190331269306_000756_zr_c07_o_q4_scimrefdiffimg.fits.fz,Kulkarni,2,819,27,756,26.154300689697266,1.4586399629479274e-05,0.025225700810551643,0.13174700736999512,2.043710082944017e-05,t15_f5_c3,8.19269312715015e+17,t,1.0,2294.820068359375,10.980199813842773,193.9261937,46.781399,19.628299713134766,0.13274699449539185,1.027590036392212,19.42650032043457,0.1712000072002411,2.817970037460327,19.652000427246094,0.10899999737739563,6.379000186920166,0.7139999866485596,0.06766899675130844,-0.20175999402999878,2.809999942779541,0.9520000219345093,10.980199813842773,0.8858050107955933,0.9673709869384766,0.8840000033378601,0.8159999847412109,0.3145909905433655,0.2903909981250763,1.0833300352096558,3.0,0.0,0.800000011920929,1.0,19.405500411987305,0.2152000069618225,193.926405,46.7821786,13.7918,ZTF19aadooun
2458573.7790509,2,819279052715,20.325700759887695,/ztf/archive/sci/2019/0331/279039/ztf_20190331279039_000756_zr_c07_o_q4_scimrefdiffimg.fits.fz,Kulkarni,2,819,27,756,26.17569923400879,1.6683299691067077e-05,0.027119100093841553,0.12537799775600433,2.3285399947781116e-05,t15_f5_c3,8.19279052715015e+17,t,0.0,2299.68994140625,15.241000175476074,193.9262777,46.7814098,19.641700744628906,0.15256699919700623,1.51705002784729,19.74489974975586,0.22169999778270721,2.750190019607544,19.652000427246094,0.10899999737739563,6.379000186920166,0.7139999866485596,0.21262699365615845,0.1032089963555336,2.859999895095825,0.968999981880188,15.241000175476074,0.5808069705963135,0.9689630270004272,0.843999981880188,0.7699999809265137,0.2951050102710724,0.26923099160194397,1.0960999727249146,2.0,0.0,0.8442860245704651,1.0,19.529499053955078,0.2337000072002411,193.926405,46.7821786,13.4159,ZTF19aadooun
2458573.8005671,1,819300562715,20.1875,/ztf/archive/sci/2019/0331/300567/ztf_20190331300567_000756_zg_c07_o_q4_scimrefdiffimg.fits.fz,Kulkarni,2,819,27,756,26.187000274658203,3.6529800127027556e-05,0.039177700877189636,-0.07708349823951721,5.852229878655635e-05,t15_f5_c3,,,,,,,,,,,,,,,,,,,,,,,,,,,,,,,,,,,,,,,ZTF19aadooun
2458573.8694907,1,819369492715,20.674400329589844,/ztf/archive/sci/2019/0331/369468/ztf_20190331369468_000756_zg_c07_o_q4_scimrefdiffimg.fits.fz,Kulkarni,2,819,27,756,26.169599533081055,1.2161899576312862e-05,0.02337690070271492,-0.07035200297832489,1.7491900507593527e-05,t15_f5_c3,8.19369492715015e+17,t,0.0,2294.3798828125,24.084299087524414,193.9263923,46.7814603,20.3966007232666,0.2585029900074005,1.1940699815750122,20.367599487304688,0.2962000072002411,1.5788300037384033,20.250999450683594,0.09099999815225601,2.684999942779541,0.20200000703334808,-0.1996539980173111,-0.028958000242710114,1.659999966621399,0.7620000243186951,24.084299087524414,0.30682799220085144,1.6078799962997437,0.6209999918937683,0.5910000205039978,0.37409600615501404,0.35602399706840515,1.05076003074646,6.0,0.0,0.6314290165901184,0.8870310187339783,20.30620002746582,0.3587999939918518,193.9264483,46.7818989,9.2576,ZTF19aadooun
2458574.7795718,2,820279572715,16.541200637817383,/ztf/archive/sci/2019/0401/279549/ztf_20190401279549_000756_zr_c07_o_q4_scimrefdiffimg.fits.fz,Kulkarni,2,820,27,756,22.678800582885742,0.0004597140068653971,0.06181830167770386,0.13248799741268158,0.0009066829807125032,t15_f5_c3,,,,,,,,,,,,,,,,,,,,,,,,,,,,,,,,,,,,,,,ZTF19aadooun
2458574.8213426,2,820321342715,18.869300842285156,/ztf/archive/sci/2019/0401/321343/ztf_20190401321343_000756_zr_c07_o_q4_scimrefdiffimg.fits.fz,Kulkarni,2,820,27,756,24.902799606323242,4.402919876156375e-05,0.043630000203847885,0.12677499651908875,6.24250023975037e-05,t15_f5_c3,,,,,,,,,,,,,,,,,,,,,,,,,,,,,,,,,,,,,,,ZTF19aadooun
2458574.8447454,1,820344742715,19.717899322509766,/ztf/archive/sci/2019/0401/344734/ztf_20190401344734_000756_zg_c07_o_q4_scimrefdiffimg.fits.fz,Kulkarni,2,820,27,756,25.20989990234375,3.8472298911074176e-05,0.0403514988720417,-0.07048729807138443,6.157060124678537e-05,t15_f5_c3,,,,,,,,,,,,,,,,,,,,,,,,,,,,,,,,,,,,,,,ZTF19aadooun
2458574.8720833,1,820372082715,20.660999298095703,/ztf/archive/sci/2019/0401/372083/ztf_20190401372083_000756_zg_c07_o_q4_scimrefdiffimg.fits.fz,Kulkarni,2,820,27,756,26.0762996673584,1.6463600331917405e-05,0.027140699326992035,-0.07424669712781906,2.312889955646824e-05,t15_f5_c3,8.20372082715015e+17,t,1.0,2302.97998046875,54.08890151977539,193.9262862,46.7814091,20.577299118041992,0.255948007106781,1.1533399820327759,20.712400436401367,0.44040000438690186,1.7850799560546875,20.250999450683594,0.09099999815225601,2.684999942779541,0.20200000703334808,-0.07350999861955643,0.13505999743938446,1.600000023841858,0.734000027179718,54.08890151977539,-0.05140199884772301,1.5469399690628052,0.718999981880188,0.5540000200271606,0.4493750035762787,0.3462499976158142,1.2978299856185913,8.0,0.0,0.5628569722175598,0.8743399977684021,20.472700119018555,0.4535999894142151,193.9264483,46.7818989,8.76859,ZTF19aadooun
2458574.8885995,1,820388592715,20.696800231933594,/ztf/archive/sci/2019/0401/388600/ztf_20190401388600_000756_zg_c07_o_q4_scimrefdiffimg.fits.fz,Kulkarni,2,820,27,756,26.116600036621094,1.6892199710127898e-05,0.02763810008764267,-0.08744300156831741,2.388259963481687e-05,t15_f5_c3,8.20388592715015e+17,t,0.0,2296.64990234375,28.766399383544922,193.9262602,46.7814221,20.553600311279297,0.27164798974990845,1.5576499700546265,20.734100341796875,0.43389999866485596,1.754930019378662,20.250999450683594,0.09099999815225601,2.684999942779541,0.20200000703334808,-0.0854170024394989,0.1804639995098114,1.850000023841858,0.7440000176429749,28.766399383544922,-0.0373230017721653,1.3475099802017212,0.531000018119812,0.5130000114440918,0.2870270013809204,0.2772969901561737,1.0350899696350098,9.0,0.0,0.5342860221862793,0.8355519771575928,21.158300399780273,0.8217999935150146,193.9264483,46.7818989,9.03753,ZTF19aadooun
2458575.7859144,1,821285912715,20.783199310302734,/ztf/archive/sci/2019/0402/285914/ztf_20190402285914_000756_zg_c07_o_q4_scimrefdiffimg.fits.fz,Kulkarni,2,821,27,756,26.17620086669922,1.5958299627527595e-05,0.02648410014808178,-0.0878186970949173,2.2538199118571356e-05,t15_f5_c3,,,,,,,,,,,,,,,,,,,,,,,,,,,,,,,,,,,,,,,ZTF19aadooun
2458575.8061921,1,821306192715,20.662799835205078,/ztf/archive/sci/2019/0402/306181/ztf_20190402306181_000756_zg_c07_o_q4_scimrefdiffimg.fits.fz,Kulkarni,2,821,27,756,26.002899169921875,2.9042899768683128e-05,0.035760100930929184,-0.08464240282773972,4.1455099562881514e-05,t15_f5_c3,,,,,,,,,,,,,,,,,,,,,,,,,,,,,,,,,,,,,,,ZTF19aadooun
2458575.8281366,1,821328132715,20.83060073852539,/ztf/archive/sci/2019/0402/328137/ztf_20190402328137_000756_zg_c07_o_q4_scimrefdiffimg.fits.fz,Kulkarni,2,821,27,756,26.196800231933594,1.5315599739551544e-05,0.02612360008060932,-0.0998954027891159,2.1764399207313545e-05,t15_f5_c3,,,,,,,,,,,,,,,,,,,,,,,,,,,,,,,,,,,,,,,ZTF19aadooun
2458575.8638657,2,821363862715,18.913000106811523,/ztf/archive/sci/2019/0402/363866/ztf_20190402363866_000756_zr_c07_o_q4_scimrefdiffimg.fits.fz,Kulkarni,2,821,27,756,24.729700088500977,6.586020026588812e-05,0.05298149958252907,0.12320899963378906,9.46298023336567e-05,t15_f5_c3,8.21363862715015e+17,t,0.0,2291.0,24.3799991607666,193.9263877,46.7815048,19.398700714111328,0.3264639973640442,1.3162100315093994,18.480499267578125,0.3334999978542328,2.4223101139068604,19.652000427246094,0.10899999737739563,6.379000186920166,0.7139999866485596,0.1201929971575737,-0.9182239770889282,0.9862040281295776,0.8889999985694885,24.3799991607666,0.4325059950351715,2.0,0.6700000166893005,0.367000013589859,0.679373025894165,0.3721340000629425,1.8256100416183472,7.0,0.0,0.23000000417232513,0.7791990041732788,18.141199111938477,0.31349998712539673,193.926405,46.7821786,5.39322,ZTF19aadooun
2458575.8895949,2,821389592715,20.33300018310547,/ztf/archive/sci/2019/0402/389595/ztf_20190402389595_000756_zr_c07_o_q4_scimrefdiffimg.fits.fz,Kulkarni,2,821,27,756,25.84149932861328,1.7850899894256145e-05,0.02829599939286709,0.11472900211811066,2.521070018701721e-05,t15_f5_c3,,,,,,,,,,,,,,,,,,,,,,,,,,,,,,,,,,,,,,,ZTF19aadooun
2458575.8975463,2,821397542715,19.79840087890625,/ztf/archive/sci/2019/0402/397419/ztf_20190402397419_000756_zr_c07_o_q4_scimrefdiffimg.fits.fz,Kulkarni,2,821,27,756,25.4060001373291,7.136219937819988e-05,0.05631129816174507,0.11595699936151505,0.00010019299952546135,t15_f5_c3,,,,,,,,,,,,,,,,,,,,,,,,,,,,,,,,,,,,,,,ZTF19aadooun
2458580.7399421,1,826239942715,20.673599243164062,/ztf/archive/sci/2019/0407/239942/ztf_20190407239942_000756_zg_c07_o_q4_scimrefdiffimg.fits.fz,Kulkarni,2,826,27,756,26.17329978942871,1.7480300812167116e-05,0.028067199513316154,-0.0892300009727478,2.4909399144235067e-05,t15_f5_c3,8.26239942715015e+17,1,0.0,2284.60009765625,45.948001861572266,193.9262775,46.7813943,20.706199645996094,0.29229700565338135,1.2912499904632568,20.694700241088867,0.41290000081062317,1.8409500122070312,20.250999450683594,0.09099999815225601,2.684999942779541,0.20200000703334808,0.22065700590610504,-0.011549999937415123,1.2851200103759766,0.7450000047683716,45.948001861572266,-0.021081000566482544,2.0,0.6380000114440918,0.5659999847412109,0.4964529871940613,0.4404270052909851,1.127210021018982,7.0,0.0,0.6314290165901184,0.8829879760742188,20.724300384521484,0.5443999767303467,193.9264483,46.7818989,7.4253,ZTF19aadooun
2458580.7618519,1,826261852715,20.618000030517578,/ztf/archive/sci/2019/0407/261817/ztf_20190407261817_000756_zg_c07_o_q4_scimrefdiffimg.fits.fz,Kulkarni,2,826,27,756,26.224899291992188,1.4751600247109309e-05,0.025751899927854538,-0.0904603973031044,2.095909985655453e-05,t15_f5_c3,,,,,,,,,,,,,,,,,,,,,,,,,,,,,,,,,,,,,,,ZTF19aadooun
2458580.7848032,2,826284802715,20.755300521850586,/ztf/archive/sci/2019/0407/284803/ztf_20190407284803_000756_zr_c07_o_q4_scimrefdiffimg.fits.fz,Kulkarni,1,826,27,756,26.280799865722656,1.789579982869327e-05,0.028426900506019592,0.10745099931955338,2.530610072426498e-05,t15_f5_c3,8.26284802715015e+17,1,0.0,2301.6201171875,54.316200256347656,193.9262393,46.7814409,20.061800003051758,0.16059300303459167,1.9363800287246704,20.270599365234375,0.3001999855041504,2.6530001163482666,19.652000427246094,0.10899999737739563,6.379000186920166,0.7139999866485596,0.5068470239639282,0.20880399644374847,2.119999885559082,0.972000002861023,54.316200256347656,0.4847150146961212,1.0734399557113647,0.6259999871253967,0.5839999914169312,0.2952829897403717,0.2754719853401184,1.0719200372695923,10.0,0.0,0.7128570079803467,0.8475069999694824,20.322999954223633,0.40540000796318054,193.926405,46.7821786,12.2769,ZTF19aadooun
2458580.7866319,2,826286632715,20.69379997253418,/ztf/archive/sci/2019/0407/286632/ztf_20190407286632_000756_zr_c07_o_q4_scimrefdiffimg.fits.fz,Kulkarni,2,826,27,756,26.221500396728516,1.8161299522034824e-05,0.028360800817608833,0.11369500309228897,2.538049920985941e-05,t15_f5_c3,8.26286632715015e+17,1,0.0,2301.43994140625,54.991600036621094,193.9262946,46.7814017,19.881500244140625,0.14186500012874603,1.9895399808883667,19.5846004486084,0.16899999976158142,2.777060031890869,19.652000427246094,0.10899999737739563,6.379000186920166,0.7139999866485596,0.12789499759674072,-0.296860009431839,2.4200000762939453,0.8949999809265137,54.991600036621094,1.1091699600219727,0.9415140151977539,0.8489999771118164,0.7829999923706055,0.3508259952068329,0.32355400919914246,1.0842900276184082,3.0,0.0,0.5914289951324463,1.0,19.462400436401367,0.1940000057220459,193.926405,46.7821786,13.0746,ZTF19aadooun
2458580.8100116,1,826310012715,20.58009910583496,/ztf/archive/sci/2019/0407/310012/ztf_20190407310012_000756_zg_c07_o_q4_scimrefdiffimg.fits.fz,Kulkarni,1,826,27,756,26.215299606323242,1.6857700757100247e-05,0.02732970006763935,-0.059324100613594055,2.3739999960525893e-05,t15_f5_c3,8.26310012715015e+17,1,0.0,2306.39990234375,54.924198150634766,193.9261846,46.7814652,20.564300537109375,0.28308600187301636,0.9952399730682373,20.254600524902344,0.26579999923706055,1.6695499420166016,20.250999450683594,0.09099999815225601,2.684999942779541,0.20200000703334808,0.03821000084280968,-0.30972200632095337,2.359999895095825,0.503000020980835,54.924198150634766,0.32546600699424744,1.2427500486373901,1.2130000591278076,1.031999945640564,0.5139830112457275,0.43728798627853394,1.1753900051116943,2.0,0.0,0.30428600311279297,1.0,20.60260009765625,0.4683000147342682,193.9264483,46.7818989,6.66441,ZTF19aadooun
2458580.8109144,1,826310912715,20.627399444580078,/ztf/archive/sci/2019/0407/310914/ztf_20190407310914_000756_zg_c07_o_q4_scimrefdiffimg.fits.fz,Kulkarni,2,826,27,756,26.227699279785156,1.5647899999748915e-05,0.02636829949915409,-0.08188720047473907,2.210549973824527e-05,t15_f5_c3,,,,,,,,,,,,,,,,,,,,,,,,,,,,,,,,,,,,,,,ZTF19aadooun
2458580.8209606,2,826320962715,20.405099868774414,/ztf/archive/sci/2019/0407/320949/ztf_20190407320949_000756_zr_c07_o_q4_scimrefdiffimg.fits.fz,Kulkarni,2,826,27,756,26.204200744628906,1.5732599422335625e-05,0.026464400812983513,0.1371929943561554,2.2150899894768372e-05,t15_f5_c3,8.26320962715015e+17,1,0.0,2288.93994140625,54.1864013671875,193.9261626,46.7813614,19.821199417114258,0.15084999799728394,0.8932290077209473,19.83329963684082,0.23119999468326569,2.977260112762451,19.652000427246094,0.10899999737739563,6.379000186920166,0.7139999866485596,0.04733999818563461,0.012097000144422054,2.380000114440918,0.9440000057220459,54.1864013671875,0.5717949867248535,1.1362799406051636,0.828000009059906,0.6970000267028809,0.3478989899158478,0.29285699129104614,1.1879500150680542,3.0,0.0,0.8685709834098816,1.0,19.59429931640625,0.23880000412464142,193.926405,46.7821786,12.4551,ZTF19aadooun
2458580.8512269,2,826351225515,20.523300170898438,/ztf/archive/sci/2019/0407/351215/ztf_20190407351215_001755_zr_c14_o_q4_scimrefdiffimg.fits.fz,Kulkarni,1,826,55,1755,26.187000274658203,1.1814299796242267e-05,0.023304399102926254,0.11009400337934494,1.735439946060069e-05,t15_f5_c3,8.26351225515015e+17,1,2.0,1875.550048828125,817.1069946289062,193.9261664,46.7814001,19.760000228881836,0.1481119990348816,1.4197200536727905,19.864500045776367,0.22830000519752502,2.4933900833129883,19.618999481201172,0.09000000357627869,6.0269999504089355,0.29600000381469727,0.16368499398231506,0.1044669970870018,2.619999885559082,0.9890000224113464,817.1069946289062,0.6588169932365417,0.9668340086936951,0.7990000247955322,0.7329999804496765,0.30496200919151306,0.27977100014686584,1.0900399684906006,4.0,0.0,0.9085710048675537,0.9851740002632141,19.683900833129883,0.24879999458789825,193.9263833,46.7820856,13.0592,ZTF19aadooun
2458580.7399421,1,826239942715,20.673599243164062,/ztf/archive/sci/2019/0407/239942/ztf_20190407239942_000756_zg_c07_o_q4_scimrefdiffimg.fits.fz,Kulkarni,2,826,27,756,26.17329978942871,1.7480300812167116e-05,0.028067199513316154,-0.0892300009727478,2.4909399144235067e-05,t15_f5_c3,8.26239942715015e+17,t,0.0,2284.60009765625,45.948001861572266,193.9262775,46.7813943,20.706199645996094,0.29229700565338135,1.2912499904632568,20.694700241088867,0.41290000081062317,1.8409500122070312,20.250999450683594,0.09099999815225601,2.684999942779541,0.20200000703334808,0.22065700590610504,-0.011549999937415123,1.2851200103759766,0.7450000047683716,45.948001861572266,-0.021081000566482544,2.0,0.6380000114440918,0.5659999847412109,0.4964529871940613,0.4404270052909851,1.127210021018982,7.0,0.0,0.6314290165901184,0.8829879760742188,20.724300384521484,0.5443999767303467,193.9264483,46.7818989,7.4253,ZTF19aadooun
2458580.7452431,1,826245245515,20.65060043334961,/ztf/archive/sci/2019/0407/245197/ztf_20190407245197_001755_zg_c14_o_q4_scimrefdiffimg.fits.fz,Kulkarni,1,826,55,1755,26.227399826049805,1.566339960845653e-05,0.02704540081322193,-0.06622999906539917,2.33608006965369e-05,t15_f5_c3,8.2624524551501e+17,f,0.0,1869.9100341796875,810.97900390625,193.9262228,46.7814475,19.906400680541992,0.20103900134563446,2.4788899421691895,19.5137996673584,0.1421000063419342,0.12795299291610718,19.084999084472656,0.07599999755620956,4.493000030517578,0.38199999928474426,0.22982700169086456,-0.3925679922103882,4.239999771118164,0.28999999165534973,810.97900390625,1.1368499994277954,0.6061869859695435,1.2000000476837158,1.0750000476837158,0.2830190062522888,0.25353801250457764,1.11627995967865,4.0,0.0,0.4342859983444214,0.9849119782447815,19.40519905090332,0.16459999978542328,193.9262107,46.7814825,13.3622,ZTF19aadooun
2458580.7848032,2,826284802715,20.755300521850586,/ztf/archive/sci/2019/0407/284803/ztf_20190407284803_000756_zr_c07_o_q4_scimrefdiffimg.fits.fz,Kulkarni,1,826,27,756,26.280799865722656,1.789579982869327e-05,0.028426900506019592,0.10745099931955338,2.530610072426498e-05,t15_f5_c3,8.26284802715015e+17,t,0.0,2301.6201171875,54.316200256347656,193.9262393,46.7814409,20.061800003051758,0.16059300303459167,1.9363800287246704,20.270599365234375,0.3001999855041504,2.6530001163482666,19.652000427246094,0.10899999737739563,6.379000186920166,0.7139999866485596,0.5068470239639282,0.20880399644374847,2.119999885559082,0.972000002861023,54.316200256347656,0.4847150146961212,1.0734399557113647,0.6259999871253967,0.5839999914169312,0.2952829897403717,0.2754719853401184,1.0719200372695923,10.0,0.0,0.7128570079803467,0.8475069999694824,20.322999954223633,0.40540000796318054,193.926405,46.7821786,12.2769,ZTF19aadooun
2458580.7866319,2,826286632715,20.69379997253418,/ztf/archive/sci/2019/0407/286632/ztf_20190407286632_000756_zr_c07_o_q4_scimrefdiffimg.fits.fz,Kulkarni,2,826,27,756,26.221500396728516,1.8161299522034824e-05,0.028360800817608833,0.11369500309228897,2.538049920985941e-05,t15_f5_c3,8.26286632715015e+17,t,0.0,2301.43994140625,54.991600036621094,193.9262946,46.7814017,19.881500244140625,0.14186500012874603,1.9895399808883667,19.5846004486084,0.16899999976158142,2.777060031890869,19.652000427246094,0.10899999737739563,6.379000186920166,0.7139999866485596,0.12789499759674072,-0.296860009431839,2.4200000762939453,0.8949999809265137,54.991600036621094,1.1091699600219727,0.9415140151977539,0.8489999771118164,0.7829999923706055,0.3508259952068329,0.32355400919914246,1.0842900276184082,3.0,0.0,0.5914289951324463,1.0,19.462400436401367,0.1940000057220459,193.926405,46.7821786,13.0746,ZTF19aadooun
2458580.8100116,1,826310012715,20.58009910583496,/ztf/archive/sci/2019/0407/310012/ztf_20190407310012_000756_zg_c07_o_q4_scimrefdiffimg.fits.fz,Kulkarni,1,826,27,756,26.215299606323242,1.6857700757100247e-05,0.02732970006763935,-0.059324100613594055,2.3739999960525893e-05,t15_f5_c3,8.26310012715015e+17,t,0.0,2306.39990234375,54.924198150634766,193.9261846,46.7814652,20.564300537109375,0.28308600187301636,0.9952399730682373,20.254600524902344,0.26579999923706055,1.6695499420166016,20.250999450683594,0.09099999815225601,2.684999942779541,0.20200000703334808,0.03821000084280968,-0.30972200632095337,2.359999895095825,0.503000020980835,54.924198150634766,0.32546600699424744,1.2427500486373901,1.2130000591278076,1.031999945640564,0.5139830112457275,0.43728798627853394,1.1753900051116943,2.0,0.0,0.30428600311279297,1.0,20.60260009765625,0.4683000147342682,193.9264483,46.7818989,6.66441,ZTF19aadooun
2458580.8209606,2,826320962715,20.405099868774414,/ztf/archive/sci/2019/0407/320949/ztf_20190407320949_000756_zr_c07_o_q4_scimrefdiffimg.fits.fz,Kulkarni,2,826,27,756,26.204200744628906,1.5732599422335625e-05,0.026464400812983513,0.1371929943561554,2.2150899894768372e-05,t15_f5_c3,8.26320962715015e+17,t,0.0,2288.93994140625,54.1864013671875,193.9261626,46.7813614,19.821199417114258,0.15084999799728394,0.8932290077209473,19.83329963684082,0.23119999468326569,2.977260112762451,19.652000427246094,0.10899999737739563,6.379000186920166,0.7139999866485596,0.04733999818563461,0.012097000144422054,2.380000114440918,0.9440000057220459,54.1864013671875,0.5717949867248535,1.1362799406051636,0.828000009059906,0.6970000267028809,0.3478989899158478,0.29285699129104614,1.1879500150680542,3.0,0.0,0.8685709834098816,1.0,19.59429931640625,0.23880000412464142,193.926405,46.7821786,12.4551,ZTF19aadooun
2458580.8512269,2,826351225515,20.523300170898438,/ztf/archive/sci/2019/0407/351215/ztf_20190407351215_001755_zr_c14_o_q4_scimrefdiffimg.fits.fz,Kulkarni,1,826,55,1755,26.187000274658203,1.1814299796242267e-05,0.023304399102926254,0.11009400337934494,1.735439946060069e-05,t15_f5_c3,8.26351225515015e+17,t,2.0,1875.550048828125,817.1069946289062,193.9261664,46.7814001,19.760000228881836,0.1481119990348816,1.4197200536727905,19.864500045776367,0.22830000519752502,2.4933900833129883,19.618999481201172,0.09000000357627869,6.0269999504089355,0.29600000381469727,0.16368499398231506,0.1044669970870018,2.619999885559082,0.9890000224113464,817.1069946289062,0.6588169932365417,0.9668340086936951,0.7990000247955322,0.7329999804496765,0.30496200919151306,0.27977100014686584,1.0900399684906006,4.0,0.0,0.9085710048675537,0.9851740002632141,19.683900833129883,0.24879999458789825,193.9263833,46.7820856,13.0592,ZTF19aadooun
2458580.8765856,2,826376582715,20.470300674438477,/ztf/archive/sci/2019/0407/376192/ztf_20190407376192_000756_zr_c07_o_q4_scimrefdiffimg.fits.fz,Kulkarni,2,826,27,756,26.216999053955078,1.6459000107715838e-05,0.027279699221253395,0.12279699742794037,2.333799966436345e-05,t15_f5_c3,8.26376582715015e+17,t,1.0,2298.639892578125,49.78160095214844,193.9262206,46.7814394,19.861000061035156,0.16524499654769897,1.5212199687957764,19.98780059814453,0.2628999948501587,2.665450096130371,19.652000427246094,0.10899999737739563,6.379000186920166,0.7139999866485596,0.2887060046195984,0.12677200138568878,2.3299999237060547,0.9639999866485596,49.78160095214844,0.4824739992618561,1.1020499467849731,0.7170000076293945,0.6309999823570251,0.3077250123023987,0.27081501483917236,1.1362899541854858,5.0,0.0,0.88857102394104,0.9371610283851624,19.789899826049805,0.2818000018596649,193.926405,46.7821786,12.5133,ZTF19aadooun
2458581.7497685,2,827249762715,20.747900009155273,/ztf/archive/sci/2019/0408/249699/ztf_20190408249699_000756_zr_c07_o_q4_scimrefdiffimg.fits.fz,Kulkarni,2,827,27,756,26.247600555419922,1.5843199435039423e-05,0.026491200551390648,0.11386000365018845,2.242580012534745e-05,t15_f5_c3,,,,,,,,,,,,,,,,,,,,,,,,,,,,,,,,,,,,,,,ZTF19aadooun
2458581.7585069,2,827258502715,20.53499984741211,/ztf/archive/sci/2019/0408/258484/ztf_20190408258484_000756_zr_c07_o_q4_scimrefdiffimg.fits.fz,Kulkarni,2,827,27,756,26.145299911499023,1.2771400179190096e-05,0.023917999118566513,0.11533000320196152,1.8047599951387383e-05,t15_f5_c3,,,,,,,,,,,,,,,,,,,,,,,,,,,,,,,,,,,,,,,ZTF19aadooun
2458581.7806713,3,827280672715,20.16699981689453,/ztf/archive/sci/2019/0408/280648/ztf_20190408280648_000756_zi_c07_o_q4_scimrefdiffimg.fits.fz,Kulkarni,2,827,27,756,25.67300033569336,4.822460141440388e-06,0.022887399420142174,0.17713700234889984,1.6323599993484095e-05,t15_f5_c3,,,,,,,,,,,,,,,,,,,,,,,,,,,,,,,,,,,,,,,ZTF19aadooun
2458581.808912,1,827308912715,20.688600540161133,/ztf/archive/sci/2019/0408/308912/ztf_20190408308912_000756_zg_c07_o_q4_scimrefdiffimg.fits.fz,Kulkarni,2,827,27,756,26.13949966430664,1.4199299585015979e-05,0.025227900594472885,-0.07089640200138092,2.0302599295973778e-05,t15_f5_c3,8.27308912715015e+17,t,0.0,2320.3701171875,29.88640022277832,193.9263597,46.7814597,20.451499938964844,0.20819100737571716,1.563539981842041,20.839799880981445,0.47440001368522644,1.5826300382614136,20.250999450683594,0.09099999815225601,2.684999942779541,0.20200000703334808,-0.08553799986839294,0.3883180022239685,1.9800000190734863,0.7160000205039978,29.88640022277832,-0.15124699473381042,1.2717700004577637,0.6610000133514404,0.5889999866485596,0.33383798599243164,0.29747501015663147,1.1222399473190308,6.0,0.0,0.7400000095367432,0.9798129796981812,20.960599899291992,0.6807000041007996,193.9264483,46.7818989,8.89173,ZTF19aadooun
2458581.8320602,1,827332062715,20.674999237060547,/ztf/archive/sci/2019/0408/332060/ztf_20190408332060_000756_zg_c07_o_q4_scimrefdiffimg.fits.fz,Kulkarni,2,827,27,756,26.12420082092285,1.7667700376478024e-05,0.028094299137592316,-0.08159170299768448,2.5135899704764597e-05,t15_f5_c3,8.27332062715015e+17,t,0.0,2314.679931640625,27.333099365234375,193.9263127,46.7814299,20.553199768066406,0.34010401368141174,1.7963600158691406,20.766700744628906,0.45210000872612,1.7099900245666504,20.250999450683594,0.09099999815225601,2.684999942779541,0.20200000703334808,0.1496639996767044,0.21351900696754456,1.2515000104904175,0.7319999933242798,27.333099365234375,-0.09172700345516205,2.0,0.5699999928474426,0.49799999594688416,0.45545199513435364,0.39792099595069885,1.1445800065994263,9.0,0.0,0.5614290237426758,0.629148006439209,20.56439971923828,0.48190000653266907,193.9264483,46.7818989,7.90239,ZTF19aadooun
2458581.8648264,2,827364822715,19.792200088500977,/ztf/archive/sci/2019/0408/364826/ztf_20190408364826_000756_zr_c07_o_q4_scimrefdiffimg.fits.fz,Kulkarni,2,827,27,756,25.839500427246094,2.1361400285968557e-05,0.030805200338363647,0.1349470019340515,2.991660039697308e-05,t15_f5_c3,8.27364822715015e+17,t,0.0,2305.139892578125,23.29400062561035,193.9263566,46.7814764,19.875499725341797,0.23375800251960754,1.1488200426101685,19.31410026550293,0.24320000410079956,2.498339891433716,19.652000427246094,0.10899999737739563,6.379000186920166,0.7139999866485596,0.751882016658783,-0.5613560080528259,3.319999933242798,0.8949999809265137,23.29400062561035,0.4780769944190979,0.8032249808311462,1.0149999856948853,0.8650000095367432,0.30572301149368286,0.26054200530052185,1.1734100580215454,4.0,0.0,0.4128569960594177,1.0,19.24169921875,0.2919999957084656,193.926405,46.7821786,7.36805,ZTF19aadooun
2458582.7266898,2,828226685515,20.62779998779297,/ztf/archive/sci/2019/0409/226644/ztf_20190409226644_001755_zr_c14_o_q4_scimrefdiffimg.fits.fz,Kulkarni,1,828,55,1755,26.174699783325195,2.0675099221989512e-05,0.031011100858449936,0.10695300251245499,3.0312799935927615e-05,t15_f5_c3,8.28226685515015e+17,t,3.0,1872.3399658203125,765.7849731445312,193.9262434,46.7813999,19.983699798583984,0.17574800550937653,2.174489974975586,19.66010093688965,0.19220000505447388,2.4730899333953857,19.618999481201172,0.09000000357627869,6.0269999504089355,0.29600000381469727,0.11495500057935715,-0.3235529959201813,2.069999933242798,0.972000002861023,765.7849731445312,0.9677280187606812,1.0899399518966675,0.7570000290870667,0.7110000252723694,0.36570000648498535,0.3434779942035675,1.0647000074386597,4.0,0.0,0.642857015132904,1.0,19.599000930786133,0.23319999873638153,193.9263833,46.7820856,11.3622,ZTF19aadooun
2458582.7341667,2,828234162715,20.67889976501465,/ztf/archive/sci/2019/0409/234144/ztf_20190409234144_000756_zr_c07_o_q4_scimrefdiffimg.fits.fz,Kulkarni,2,828,27,756,26.175600051879883,1.4743300198460929e-05,0.025286300107836723,0.1132730022072792,2.049690010608174e-05,t15_f5_c3,,,,,,,,,,,,,,,,,,,,,,,,,,,,,,,,,,,,,,,ZTF19aadooun
2458582.753669,2,828253662715,20.733800888061523,/ztf/archive/sci/2019/0409/253669/ztf_20190409253669_000756_zr_c07_o_q4_scimrefdiffimg.fits.fz,Kulkarni,2,828,27,756,26.22260093688965,1.4221500350686256e-05,0.024879800155758858,0.11232800036668777,2.017760016315151e-05,t15_f5_c3,,,,,,,,,,,,,,,,,,,,,,,,,,,,,,,,,,,,,,,ZTF19aadooun
2458582.7857986,2,828285792715,20.69969940185547,/ztf/archive/sci/2019/0409/285764/ztf_20190409285764_000756_zr_c07_o_q4_scimrefdiffimg.fits.fz,Kulkarni,2,828,27,756,26.208799362182617,1.9132199668092653e-05,0.02877720072865486,0.11905000358819962,2.6890600565820932e-05,t15_f5_c3,8.28285792715015e+17,t,0.0,2309.06005859375,10.100299835205078,193.9262668,46.7814575,19.899799346923828,0.12081799656152725,1.0831400156021118,19.963899612426758,0.2442999929189682,2.589550018310547,19.652000427246094,0.10899999737739563,6.379000186920166,0.7139999866485596,-0.7539640069007874,0.06412199884653091,1.7599999904632568,0.9629999995231628,10.100299835205078,0.7358480095863342,1.2480700016021729,0.6230000257492065,0.6019999980926514,0.3539769947528839,0.34204500913619995,1.0348800420761108,6.0,0.0,0.8057140111923218,0.9498440027236938,20.22640037536621,0.39809998869895935,193.926405,46.7821786,13.7849,ZTF19aadooun
2458582.8464699,1,828346462715,20.793899536132812,/ztf/archive/sci/2019/0409/346470/ztf_20190409346470_000756_zg_c07_o_q4_scimrefdiffimg.fits.fz,Kulkarni,2,828,27,756,26.189800262451172,1.5245599570334889e-05,0.02584259957075119,-0.08215170353651047,2.159450014005415e-05,t15_f5_c3,,,,,,,,,,,,,,,,,,,,,,,,,,,,,,,,,,,,,,,ZTF19aadooun
2458582.8752778,1,828375272715,19.31599998474121,/ztf/archive/sci/2019/0409/375278/ztf_20190409375278_000756_zg_c07_o_q4_scimrefdiffimg.fits.fz,Kulkarni,2,828,27,756,24.97960090637207,5.957510074949823e-05,0.04677079990506172,-0.05006739869713783,0.00011036000068997964,t15_f5_c3,,,,,,,,,,,,,,,,,,,,,,,,,,,,,,,,,,,,,,,ZTF19aadooun
2458583.7831944,2,829283192715,20.179000854492188,/ztf/archive/sci/2019/0410/283194/ztf_20190410283194_000756_zr_c07_o_q4_scimrefdiffimg.fits.fz,Kulkarni,1,829,27,756,26.176000595092773,1.7531599951325916e-05,0.02779420092701912,0.12073999643325806,2.4738799766055308e-05,t15_f5_c3,8.29283192715015e+17,1,0.0,2308.429931640625,43.047298431396484,193.9264025,46.7815361,20.054000854492188,0.27109500765800476,0.9994670152664185,19.802099227905273,0.22380000352859497,2.283940076828003,19.652000427246094,0.10899999737739563,6.379000186920166,0.7139999866485596,-0.04775499925017357,-0.25194600224494934,5.090000152587891,0.6100000143051147,43.047298431396484,0.37687599658966064,0.6538879871368408,1.3329999446868896,1.0230000019073486,0.26188600063323975,0.200982004404068,1.303030014038086,3.0,0.0,0.33285701274871826,1.0,19.48240089416504,0.2143000066280365,193.926405,46.7821786,7.51283,ZTF19aadooun
2458583.7831944,2,829283192715,20.179000854492188,/ztf/archive/sci/2019/0410/283194/ztf_20190410283194_000756_zr_c07_o_q4_scimrefdiffimg.fits.fz,Kulkarni,1,829,27,756,26.176000595092773,1.7531599951325916e-05,0.02779420092701912,0.12073999643325806,2.4738799766055308e-05,t15_f5_c3,8.29283192715015e+17,t,0.0,2308.429931640625,43.047298431396484,193.9264025,46.7815361,20.054000854492188,0.27109500765800476,0.9994670152664185,19.802099227905273,0.22380000352859497,2.283940076828003,19.652000427246094,0.10899999737739563,6.379000186920166,0.7139999866485596,-0.04775499925017357,-0.25194600224494934,5.090000152587891,0.6100000143051147,43.047298431396484,0.37687599658966064,0.6538879871368408,1.3329999446868896,1.0230000019073486,0.26188600063323975,0.200982004404068,1.303030014038086,3.0,0.0,0.33285701274871826,1.0,19.48240089416504,0.2143000066280365,193.926405,46.7821786,7.51283,ZTF19aadooun
2458583.7841319,2,829284132715,20.2406005859375,/ztf/archive/sci/2019/0410/284109/ztf_20190410284109_000756_zr_c07_o_q4_scimrefdiffimg.fits.fz,Kulkarni,2,829,27,756,26.17970085144043,1.776590033841785e-05,0.02785550057888031,0.12307199835777283,2.4889699488994665e-05,t15_f5_c3,8.29284132715015e+17,t,0.0,2309.64990234375,43.05270004272461,193.9262115,46.7813312,20.002700805664062,0.18003900349140167,0.8361030220985413,19.745500564575195,0.21199999749660492,3.0485498905181885,19.652000427246094,0.10899999737739563,6.379000186920166,0.7139999866485596,0.28964200615882874,-0.2571980059146881,3.0,0.8040000200271606,43.05270004272461,0.4951289892196655,1.052299976348877,1.378999948501587,1.2170000076293945,0.45966699719429016,0.4056670069694519,1.1331100463867188,0.0,0.0,0.38285699486732483,1.0,19.653400421142578,0.2506999969482422,193.926405,46.7821786,9.18832,ZTF19aadooun
2458583.8122917,2,829312292715,20.15519905090332,/ztf/archive/sci/2019/0410/312292/ztf_20190410312292_000756_zr_c07_o_q4_scimrefdiffimg.fits.fz,Kulkarni,2,829,27,756,26.141799926757812,1.6947600670391694e-05,0.027742400765419006,0.1313450038433075,2.405539999017492e-05,t15_f5_c3,8.29312292715015e+17,t,0.0,2299.8701171875,43.456600189208984,193.9261558,46.7813781,19.9507999420166,0.24125200510025024,1.7205699682235718,20.151599884033203,0.31690001487731934,2.9090800285339355,19.652000427246094,0.10899999737739563,6.379000186920166,0.7139999866485596,0.4115769863128662,0.20079100131988525,4.25,0.746999979019165,43.456600189208984,0.003645000047981739,0.7822340130805969,1.024999976158142,0.8700000047683716,0.24117599427700043,0.20470599830150604,1.1781599521636963,3.0,0.0,0.5442860126495361,0.9887629747390747,19.836200714111328,0.30559998750686646,193.926405,46.7821786,8.49676,ZTF19aadooun
2458584.7488657,1,830248862715,20.425600051879883,/ztf/archive/sci/2019/0411/248854/ztf_20190411248854_000756_zg_c07_o_q4_scimrefdiffimg.fits.fz,Kulkarni,2,830,27,756,26.183900833129883,1.6035099179134704e-05,0.026698999106884003,-0.09440349787473679,2.2908900064066984e-05,t15_f5_c3,8.30248862715015e+17,1,0.0,2289.030029296875,21.292499542236328,193.9263981,46.7815377,20.796899795532227,0.3829619884490967,1.2615200281143188,20.439899444580078,0.3747999966144562,1.308169960975647,20.250999450683594,0.09099999815225601,2.684999942779541,0.20200000703334808,0.17218700051307678,-0.35701799392700195,1.3764699697494507,0.640999972820282,21.292499542236328,-0.014285000041127205,2.0,0.6190000176429749,0.47099998593330383,0.4497010111808777,0.34217900037765503,1.3142199516296387,8.0,0.0,0.4128569960594177,0.8519989848136902,20.605600357055664,0.5600000023841858,193.9264483,46.7818989,5.85443,ZTF19aadooun
2458584.7586574,1,830258652715,20.381900787353516,/ztf/archive/sci/2019/0411/258657/ztf_20190411258657_000756_zg_c07_o_q4_scimrefdiffimg.fits.fz,Kulkarni,2,830,27,756,26.188199996948242,2.0328399841673672e-05,0.03004089929163456,-0.100552998483181,2.9344100767048076e-05,t15_f5_c3,8.30258652715015e+17,1,0.0,2294.93994140625,22.122299194335938,193.9263729,46.7813993,20.739200592041016,0.2964960038661957,1.1200000047683716,20.96190071105957,0.6096000075340271,1.7987300157546997,20.250999450683594,0.09099999815225601,2.684999942779541,0.20200000703334808,0.0837789997458458,0.22274799644947052,1.6799999475479126,0.5630000233650208,22.122299194335938,-0.5800110101699829,1.6923999786376953,0.675000011920929,0.6140000224113464,0.4017859995365143,0.36547601222991943,1.0993499755859375,7.0,0.0,0.6042860150337219,0.8503090143203735,20.90019989013672,0.739799976348877,193.9264483,46.7818989,6.23529,ZTF19aadooun
2458584.7766782,1,830276672715,20.35260009765625,/ztf/archive/sci/2019/0411/276678/ztf_20190411276678_000756_zg_c07_o_q4_scimrefdiffimg.fits.fz,Kulkarni,2,830,27,756,26.183500289916992,2.6121300834347494e-05,0.03392820060253143,-0.08697760105133057,3.749080133275129e-05,t15_f5_c3,8.30276672715015e+17,1,0.0,2290.18994140625,20.652599334716797,193.9262372,46.781442,20.776500701904297,0.3247779905796051,1.1151100397109985,21.10759925842285,0.6912999749183655,1.7031500339508057,20.250999450683594,0.09099999815225601,2.684999942779541,0.20200000703334808,0.07785400003194809,0.3311130106449127,2.5399999618530273,0.5450000166893005,20.652599334716797,-0.755029022693634,1.167330026626587,0.8069999814033508,0.7289999723434448,0.3177169859409332,0.28700798749923706,1.1069999933242798,7.0,0.0,0.548570990562439,0.888962984085083,20.71980094909668,0.6215000152587891,193.9264483,46.7818989,5.52349,ZTF19aadooun
2458584.8082292,2,830308222715,20.54450035095215,/ztf/archive/sci/2019/0411/308229/ztf_20190411308229_000756_zr_c07_o_q4_scimrefdiffimg.fits.fz,Kulkarni,2,830,27,756,26.219999313354492,1.711510049062781e-05,0.027672000229358673,0.12042400240898132,2.4270200810860842e-05,t15_f5_c3,8.30308222715015e+17,1,0.0,2289.18994140625,25.60260009765625,193.9262266,46.7813605,19.941999435424805,0.16137099266052246,1.5820200443267822,19.487600326538086,0.16200000047683716,2.942270040512085,19.652000427246094,0.10899999737739563,6.379000186920166,0.7139999866485596,0.19809000194072723,-0.45440199971199036,2.690000057220459,0.9480000138282776,25.60260009765625,1.0568699836730957,0.9201099872589111,0.8989999890327454,0.8769999742507935,0.33420100808143616,0.3260219991207123,1.025089979171753,3.0,0.0,0.5185710191726685,1.0,19.368600845336914,0.18639999628067017,193.926405,46.7821786,11.2523,ZTF19aadooun
2458582.7266898,2,828226685515,20.62779998779297,/ztf/archive/sci/2019/0409/226644/ztf_20190409226644_001755_zr_c14_o_q4_scimrefdiffimg.fits.fz,Kulkarni,1,828,55,1755,26.174699783325195,2.0675099221989512e-05,0.031011100858449936,0.10695300251245499,3.0312799935927615e-05,t15_f5_c3,8.28226685515015e+17,1,3.0,1872.3399658203125,765.7849731445312,193.9262434,46.7813999,19.983699798583984,0.17574800550937653,2.174489974975586,19.66010093688965,0.19220000505447388,2.4730899333953857,19.618999481201172,0.09000000357627869,6.0269999504089355,0.29600000381469727,0.11495500057935715,-0.3235529959201813,2.069999933242798,0.972000002861023,765.7849731445312,0.9677280187606812,1.0899399518966675,0.7570000290870667,0.7110000252723694,0.36570000648498535,0.3434779942035675,1.0647000074386597,4.0,0.0,0.642857015132904,1.0,19.599000930786133,0.23319999873638153,193.9263833,46.7820856,11.3622,ZTF19aadooun
2458584.8234606,2,830323462715,20.49690055847168,/ztf/archive/sci/2019/0411/323368/ztf_20190411323368_000756_zr_c07_o_q4_scimrefdiffimg.fits.fz,Kulkarni,2,830,27,756,26.208799362182617,1.6354999388568103e-05,0.02710770070552826,0.1205890029668808,2.330270035599824e-05,t15_f5_c3,8.30323462715015e+17,1,0.0,2286.550048828125,24.87019920349121,193.9262722,46.7814292,19.971799850463867,0.15876899659633636,1.6251100301742554,19.819000244140625,0.21819999814033508,2.6834099292755127,19.652000427246094,0.10899999737739563,6.379000186920166,0.7139999866485596,0.06720899790525436,-0.15277700126171112,2.259999990463257,0.9789999723434448,24.87019920349121,0.6779469847679138,1.1491700410842896,0.7390000224113464,0.6940000057220459,0.3269909918308258,0.3070800006389618,1.0648399591445923,2.0,0.0,0.8157140016555786,1.0,19.795400619506836,0.27459999918937683,193.926405,46.7821786,11.4506,ZTF19aadooun
2458584.7488657,1,830248862715,20.425600051879883,/ztf/archive/sci/2019/0411/248854/ztf_20190411248854_000756_zg_c07_o_q4_scimrefdiffimg.fits.fz,Kulkarni,2,830,27,756,26.183900833129883,1.6035099179134704e-05,0.026698999106884003,-0.09440349787473679,2.2908900064066984e-05,t15_f5_c3,8.30248862715015e+17,t,0.0,2289.030029296875,21.292499542236328,193.9263981,46.7815377,20.796899795532227,0.3829619884490967,1.2615200281143188,20.439899444580078,0.3747999966144562,1.308169960975647,20.250999450683594,0.09099999815225601,2.684999942779541,0.20200000703334808,0.17218700051307678,-0.35701799392700195,1.3764699697494507,0.640999972820282,21.292499542236328,-0.014285000041127205,2.0,0.6190000176429749,0.47099998593330383,0.4497010111808777,0.34217900037765503,1.3142199516296387,8.0,0.0,0.4128569960594177,0.8519989848136902,20.605600357055664,0.5600000023841858,193.9264483,46.7818989,5.85443,ZTF19aadooun
2458584.7586574,1,830258652715,20.381900787353516,/ztf/archive/sci/2019/0411/258657/ztf_20190411258657_000756_zg_c07_o_q4_scimrefdiffimg.fits.fz,Kulkarni,2,830,27,756,26.188199996948242,2.0328399841673672e-05,0.03004089929163456,-0.100552998483181,2.9344100767048076e-05,t15_f5_c3,8.30258652715015e+17,t,0.0,2294.93994140625,22.122299194335938,193.9263729,46.7813993,20.739200592041016,0.2964960038661957,1.1200000047683716,20.96190071105957,0.6096000075340271,1.7987300157546997,20.250999450683594,0.09099999815225601,2.684999942779541,0.20200000703334808,0.0837789997458458,0.22274799644947052,1.6799999475479126,0.5630000233650208,22.122299194335938,-0.5800110101699829,1.6923999786376953,0.675000011920929,0.6140000224113464,0.4017859995365143,0.36547601222991943,1.0993499755859375,7.0,0.0,0.6042860150337219,0.8503090143203735,20.90019989013672,0.739799976348877,193.9264483,46.7818989,6.23529,ZTF19aadooun
2458584.7766782,1,830276672715,20.35260009765625,/ztf/archive/sci/2019/0411/276678/ztf_20190411276678_000756_zg_c07_o_q4_scimrefdiffimg.fits.fz,Kulkarni,2,830,27,756,26.183500289916992,2.6121300834347494e-05,0.03392820060253143,-0.08697760105133057,3.749080133275129e-05,t15_f5_c3,8.30276672715015e+17,t,0.0,2290.18994140625,20.652599334716797,193.9262372,46.781442,20.776500701904297,0.3247779905796051,1.1151100397109985,21.10759925842285,0.6912999749183655,1.7031500339508057,20.250999450683594,0.09099999815225601,2.684999942779541,0.20200000703334808,0.07785400003194809,0.3311130106449127,2.5399999618530273,0.5450000166893005,20.652599334716797,-0.755029022693634,1.167330026626587,0.8069999814033508,0.7289999723434448,0.3177169859409332,0.28700798749923706,1.1069999933242798,7.0,0.0,0.548570990562439,0.888962984085083,20.71980094909668,0.6215000152587891,193.9264483,46.7818989,5.52349,ZTF19aadooun
2458584.8082292,2,830308222715,20.54450035095215,/ztf/archive/sci/2019/0411/308229/ztf_20190411308229_000756_zr_c07_o_q4_scimrefdiffimg.fits.fz,Kulkarni,2,830,27,756,26.219999313354492,1.711510049062781e-05,0.027672000229358673,0.12042400240898132,2.4270200810860842e-05,t15_f5_c3,8.30308222715015e+17,t,0.0,2289.18994140625,25.60260009765625,193.9262266,46.7813605,19.941999435424805,0.16137099266052246,1.5820200443267822,19.487600326538086,0.16200000047683716,2.942270040512085,19.652000427246094,0.10899999737739563,6.379000186920166,0.7139999866485596,0.19809000194072723,-0.45440199971199036,2.690000057220459,0.9480000138282776,25.60260009765625,1.0568699836730957,0.9201099872589111,0.8989999890327454,0.8769999742507935,0.33420100808143616,0.3260219991207123,1.025089979171753,3.0,0.0,0.5185710191726685,1.0,19.368600845336914,0.18639999628067017,193.926405,46.7821786,11.2523,ZTF19aadooun
2458584.8234606,2,830323462715,20.49690055847168,/ztf/archive/sci/2019/0411/323368/ztf_20190411323368_000756_zr_c07_o_q4_scimrefdiffimg.fits.fz,Kulkarni,2,830,27,756,26.208799362182617,1.6354999388568103e-05,0.02710770070552826,0.1205890029668808,2.330270035599824e-05,t15_f5_c3,8.30323462715015e+17,t,0.0,2286.550048828125,24.87019920349121,193.9262722,46.7814292,19.971799850463867,0.15876899659633636,1.6251100301742554,19.819000244140625,0.21819999814033508,2.6834099292755127,19.652000427246094,0.10899999737739563,6.379000186920166,0.7139999866485596,0.06720899790525436,-0.15277700126171112,2.259999990463257,0.9789999723434448,24.87019920349121,0.6779469847679138,1.1491700410842896,0.7390000224113464,0.6940000057220459,0.3269909918308258,0.3070800006389618,1.0648399591445923,2.0,0.0,0.8157140016555786,1.0,19.795400619506836,0.27459999918937683,193.926405,46.7821786,11.4506,ZTF19aadooun
2458584.8697801,2,830369782715,20.272499084472656,/ztf/archive/sci/2019/0411/369780/ztf_20190411369780_000756_zr_c07_o_q4_scimrefdiffimg.fits.fz,Kulkarni,2,830,27,756,26.189699172973633,1.6872500054887496e-05,0.02735459990799427,0.1142989993095398,2.3832000806578435e-05,t15_f5_c3,8.30369782715015e+17,t,0.0,2293.3798828125,52.32889938354492,193.9261974,46.7813871,20.021699905395508,0.1837729960680008,1.3708100318908691,20.052400588989258,0.2939000129699707,2.872580051422119,19.652000427246094,0.10899999737739563,6.379000186920166,0.7139999866485596,-0.09365300089120865,0.0307180006057024,3.7300000190734863,0.8790000081062317,52.32889938354492,0.22011999785900116,0.7799199819564819,0.9480000138282776,0.746999979019165,0.2541550099849701,0.2002680003643036,1.2690800428390503,3.0,0.0,0.6457139849662781,0.9286260008811951,19.676300048828125,0.2678000032901764,193.926405,46.7821786,8.76517,ZTF19aadooun
2458585.7215741,1,831221572715,20.424999237060547,/ztf/archive/sci/2019/0412/221562/ztf_20190412221562_000756_zg_c07_o_q4_scimrefdiffimg.fits.fz,Kulkarni,2,831,27,756,26.19179916381836,1.893459921120666e-05,0.029143599793314934,-0.08687829971313477,2.7336800485500135e-05,t15_f5_c3,8.31221572715015e+17,1,1.0,2287.639892578125,44.54949951171875,193.9262238,46.7813724,20.71579933166504,0.3075070083141327,1.153880000114441,20.41950035095215,0.3939000070095062,1.9615000486373901,20.250999450683594,0.09099999815225601,2.684999942779541,0.20200000703334808,-0.18344099819660187,-0.2962630093097687,2.9200000762939453,0.6639999747276306,44.54949951171875,0.00548599986359477,0.8768439888954163,0.8199999928474426,0.734000027179718,0.2808220088481903,0.25137001276016235,1.117169976234436,7.0,0.0,0.4585709869861603,0.9327700138092041,20.53019905090332,0.5600000023841858,193.9264483,46.7818989,5.67358,ZTF19aadooun
2458585.7288889,1,831228885515,20.50429916381836,/ztf/archive/sci/2019/0412/228889/ztf_20190412228889_001755_zg_c14_o_q4_scimrefdiffimg.fits.fz,Kulkarni,1,831,55,1755,26.225200653076172,1.5971299944794737e-05,0.027424300089478493,-0.05251599848270416,2.355640026507899e-05,t15_f5_c3,8.3122888551501e+17,0,1.0,1876.1199951171875,810.5830078125,193.9262068,46.781326,20.180200576782227,0.26873698830604553,3.077310085296631,19.850000381469727,0.2298000007867813,0.5564730167388916,19.084999084472656,0.07599999755620956,4.493000030517578,0.38199999928474426,0.04934899881482124,-0.3302220106124878,5.019999980926514,0.33500000834465027,810.5830078125,0.6543030142784119,0.4843289852142334,1.1200000047683716,1.0720000267028809,0.22310799360275269,0.2135459929704666,1.0447800159454346,2.0,0.0,0.38999998569488525,1.0,19.789499282836914,0.2786000072956085,193.9262107,46.7814825,8.43013,ZTF19aadooun
2458585.7580787,1,831258072715,20.494800567626953,/ztf/archive/sci/2019/0412/258056/ztf_20190412258056_000756_zg_c07_o_q4_scimrefdiffimg.fits.fz,Kulkarni,2,831,27,756,26.21660041809082,1.900710049085319e-05,0.02901029959321022,-0.11115700006484985,2.7051199140259996e-05,t15_f5_c3,8.31258072715015e+17,1,0.0,2297.469970703125,50.74330139160156,193.9263526,46.7814226,20.601600646972656,0.3152489960193634,0.9575729966163635,20.62700080871582,0.4503999948501587,1.7176200151443481,20.250999450683594,0.09099999815225601,2.684999942779541,0.20200000703334808,0.037470001727342606,0.02539999969303608,1.27524995803833,0.7639999985694885,50.74330139160156,-0.13216599822044373,2.0,0.5640000104904175,0.492000013589859,0.4422670006752014,0.38580700755119324,1.146340012550354,8.0,0.0,0.6528570055961609,0.8851190209388733,20.261699676513672,0.4131999909877777,193.9264483,46.7818989,7.53482,ZTF19aadooun
2458585.7843519,1,831284352715,20.56060028076172,/ztf/archive/sci/2019/0412/284352/ztf_20190412284352_000756_zg_c07_o_q4_scimrefdiffimg.fits.fz,Kulkarni,2,831,27,756,26.21380043029785,1.9556800907594152e-05,0.029491400346159935,-0.08994880318641663,2.7721200240193866e-05,t15_f5_c3,,,,,,,,,,,,,,,,,,,,,,,,,,,,,,,,,,,,,,,ZTF19aadooun
2458585.7215741,1,831221572715,20.424999237060547,/ztf/archive/sci/2019/0412/221562/ztf_20190412221562_000756_zg_c07_o_q4_scimrefdiffimg.fits.fz,Kulkarni,2,831,27,756,26.19179916381836,1.893459921120666e-05,0.029143599793314934,-0.08687829971313477,2.7336800485500135e-05,t15_f5_c3,8.31221572715015e+17,t,1.0,2287.639892578125,44.54949951171875,193.9262238,46.7813724,20.71579933166504,0.3075070083141327,1.153880000114441,20.41950035095215,0.3939000070095062,1.9615000486373901,20.250999450683594,0.09099999815225601,2.684999942779541,0.20200000703334808,-0.18344099819660187,-0.2962630093097687,2.9200000762939453,0.6639999747276306,44.54949951171875,0.00548599986359477,0.8768439888954163,0.8199999928474426,0.734000027179718,0.2808220088481903,0.25137001276016235,1.117169976234436,7.0,0.0,0.4585709869861603,0.9327700138092041,20.53019905090332,0.5600000023841858,193.9264483,46.7818989,5.67358,ZTF19aadooun
2458585.7288889,1,831228885515,20.50429916381836,/ztf/archive/sci/2019/0412/228889/ztf_20190412228889_001755_zg_c14_o_q4_scimrefdiffimg.fits.fz,Kulkarni,1,831,55,1755,26.225200653076172,1.5971299944794737e-05,0.027424300089478493,-0.05251599848270416,2.355640026507899e-05,t15_f5_c3,8.3122888551501e+17,f,1.0,1876.1199951171875,810.5830078125,193.9262068,46.781326,20.180200576782227,0.26873698830604553,3.077310085296631,19.850000381469727,0.2298000007867813,0.5564730167388916,19.084999084472656,0.07599999755620956,4.493000030517578,0.38199999928474426,0.04934899881482124,-0.3302220106124878,5.019999980926514,0.33500000834465027,810.5830078125,0.6543030142784119,0.4843289852142334,1.1200000047683716,1.0720000267028809,0.22310799360275269,0.2135459929704666,1.0447800159454346,2.0,0.0,0.38999998569488525,1.0,19.789499282836914,0.2786000072956085,193.9262107,46.7814825,8.43013,ZTF19aadooun
2458585.7580787,1,831258072715,20.494800567626953,/ztf/archive/sci/2019/0412/258056/ztf_20190412258056_000756_zg_c07_o_q4_scimrefdiffimg.fits.fz,Kulkarni,2,831,27,756,26.21660041809082,1.900710049085319e-05,0.02901029959321022,-0.11115700006484985,2.7051199140259996e-05,t15_f5_c3,8.31258072715015e+17,t,0.0,2297.469970703125,50.74330139160156,193.9263526,46.7814226,20.601600646972656,0.3152489960193634,0.9575729966163635,20.62700080871582,0.4503999948501587,1.7176200151443481,20.250999450683594,0.09099999815225601,2.684999942779541,0.20200000703334808,0.037470001727342606,0.02539999969303608,1.27524995803833,0.7639999985694885,50.74330139160156,-0.13216599822044373,2.0,0.5640000104904175,0.492000013589859,0.4422670006752014,0.38580700755119324,1.146340012550354,8.0,0.0,0.6528570055961609,0.8851190209388733,20.261699676513672,0.4131999909877777,193.9264483,46.7818989,7.53482,ZTF19aadooun
2458585.8031944,2,831303192715,20.56220054626465,/ztf/archive/sci/2019/0412/303194/ztf_20190412303194_000756_zr_c07_o_q4_scimrefdiffimg.fits.fz,Kulkarni,2,831,27,756,26.224300384521484,1.5946499843266793e-05,0.026653200387954712,0.12114100158214569,2.239889909105841e-05,t15_f5_c3,8.31303192715015e+17,t,0.0,2295.56005859375,53.24919891357422,193.9263174,46.7813971,20.117300033569336,0.17081700265407562,1.388350009918213,20.408700942993164,0.39089998602867126,2.78617000579834,19.652000427246094,0.10899999737739563,6.379000186920166,0.7139999866485596,0.3538169860839844,0.2913770079612732,1.9600000381469727,0.9610000252723694,53.24919891357422,0.15354099869728088,1.1835099458694458,0.6150000095367432,0.5989999771118164,0.3137759864330292,0.3056119978427887,1.026710033416748,7.0,0.0,0.8342859745025635,0.9110659956932068,20.243999481201172,0.43209999799728394,193.926405,46.7821786,10.4217,ZTF19aadooun
2458585.8219792,2,831321972715,20.58690071105957,/ztf/archive/sci/2019/0412/321933/ztf_20190412321933_000756_zr_c07_o_q4_scimrefdiffimg.fits.fz,Kulkarni,2,831,27,756,26.19729995727539,2.0134799342486076e-05,0.029828399419784546,0.11979000270366669,2.8226400900166482e-05,t15_f5_c3,8.31321972715015e+17,t,0.0,2285.7099609375,54.37540054321289,193.9262586,46.7814211,20.045299530029297,0.1569879949092865,1.780869960784912,20.153400421142578,0.3077000081539154,2.719909906387329,19.652000427246094,0.10899999737739563,6.379000186920166,0.7139999866485596,0.38134101033210754,0.10809899866580963,2.069999933242798,0.9700000286102295,54.37540054321289,0.43352600932121277,1.1100399494171143,0.6769999861717224,0.6179999709129333,0.3270530104637146,0.2985509932041168,1.0954699516296387,5.0,0.0,0.8257139921188354,0.8605239987373352,20.03730010986328,0.3555000126361847,193.926405,46.7821786,11.3776,ZTF19aadooun
2458586.6749769,1,832174972715,20.063800811767578,/ztf/archive/sci/2019/0413/174977/ztf_20190413174977_000756_zg_c07_o_q4_scimrefdiffimg.fits.fz,Kulkarni,2,832,27,756,26.14229965209961,2.983369995490648e-05,0.036236200481653214,-0.09263680130243301,4.44647012045607e-05,t15_f5_c3,,,,,,,,,,,,,,,,,,,,,,,,,,,,,,,,,,,,,,,ZTF19aadooun
2458586.7291435,2,832229142715,20.337600708007812,/ztf/archive/sci/2019/0413/229074/ztf_20190413229074_000756_zr_c07_o_q4_scimrefdiffimg.fits.fz,Kulkarni,2,832,27,756,26.204099655151367,3.383250077604316e-05,0.03883809968829155,0.1044439971446991,4.758729846798815e-05,t15_f5_c3,,,,,,,,,,,,,,,,,,,,,,,,,,,,,,,,,,,,,,,ZTF19aadooun
2458586.7372222,2,832237222715,20.35110092163086,/ztf/archive/sci/2019/0413/237222/ztf_20190413237222_000756_zr_c07_o_q4_scimrefdiffimg.fits.fz,Kulkarni,1,832,27,756,26.154699325561523,1.5717800124548376e-05,0.026736900210380554,0.12751300632953644,2.230340032838285e-05,t15_f5_c3,,,,,,,,,,,,,,,,,,,,,,,,,,,,,,,,,,,,,,,ZTF19aadooun
2458585.8031944,2,831303192715,20.56220054626465,/ztf/archive/sci/2019/0412/303194/ztf_20190412303194_000756_zr_c07_o_q4_scimrefdiffimg.fits.fz,Kulkarni,2,831,27,756,26.224300384521484,1.5946499843266793e-05,0.026653200387954712,0.12114100158214569,2.239889909105841e-05,t15_f5_c3,8.31303192715015e+17,1,0.0,2295.56005859375,53.24919891357422,193.9263174,46.7813971,20.117300033569336,0.17081700265407562,1.388350009918213,20.408700942993164,0.39089998602867126,2.78617000579834,19.652000427246094,0.10899999737739563,6.379000186920166,0.7139999866485596,0.3538169860839844,0.2913770079612732,1.9600000381469727,0.9610000252723694,53.24919891357422,0.15354099869728088,1.1835099458694458,0.6150000095367432,0.5989999771118164,0.3137759864330292,0.3056119978427887,1.026710033416748,7.0,0.0,0.8342859745025635,0.9110659956932068,20.243999481201172,0.43209999799728394,193.926405,46.7821786,10.4217,ZTF19aadooun
2458586.7461343,2,832246132715,20.386999130249023,/ztf/archive/sci/2019/0413/246134/ztf_20190413246134_000756_zr_c07_o_q4_scimrefdiffimg.fits.fz,Kulkarni,2,832,27,756,26.21339988708496,1.2390600204525981e-05,0.023368900641798973,0.11668000370264053,1.7506499716546386e-05,t15_f5_c3,8.32246132715015e+17,1,1.0,2292.89990234375,49.11240005493164,193.9262588,46.7814169,20.014400482177734,0.14977900683879852,1.0797499418258667,19.921899795532227,0.299699991941452,2.7306199073791504,19.652000427246094,0.10899999737739563,6.379000186920166,0.7139999866485596,0.7734460234642029,-0.09245699644088745,1.6399999856948853,0.9729999899864197,49.11240005493164,0.46507498621940613,1.355080008506775,0.609000027179718,0.5720000267028809,0.3713409900665283,0.3487800061702728,1.0646799802780151,5.0,0.0,0.7828570008277893,0.9406070113182068,19.818700790405273,0.35040000081062317,193.926405,46.7821786,11.035,ZTF19aadooun
2458586.7649653,1,832264962715,20.274099349975586,/ztf/archive/sci/2019/0413/264954/ztf_20190413264954_000756_zg_c07_o_q4_scimrefdiffimg.fits.fz,Kulkarni,2,832,27,756,26.181299209594727,1.9078199329669587e-05,0.029108600690960884,-0.0844476968050003,2.7715299438568763e-05,t15_f5_c3,8.32264962715015e+17,1,0.0,2293.239990234375,54.39830017089844,193.9262676,46.7815328,20.56329917907715,0.36766698956489563,1.3306200504302979,20.67530059814453,0.578000009059906,1.373900055885315,20.250999450683594,0.09099999815225601,2.684999942779541,0.20200000703334808,-0.03108000010251999,0.11195799708366394,2.5299999713897705,0.7509999871253967,54.39830017089844,-0.401172012090683,0.9913240075111389,0.6620000004768372,0.4390000104904175,0.26166000962257385,0.17351800203323364,1.5079699754714966,10.0,0.0,0.4328570067882538,0.6719759702682495,20.4783992767334,0.6190999746322632,193.9264483,46.7818989,5.78303,ZTF19aadooun
2458586.7766782,1,832276672715,20.260700225830078,/ztf/archive/sci/2019/0413/276678/ztf_20190413276678_000756_zg_c07_o_q4_scimrefdiffimg.fits.fz,Kulkarni,1,832,27,756,26.185100555419922,2.154120011255145e-05,0.03087799996137619,-0.06990630179643631,3.153319994453341e-05,t15_f5_c3,8.32276672715015e+17,1,0.0,2300.570068359375,54.9822998046875,193.9261915,46.7814133,20.401100158691406,0.2969290018081665,1.3437700271606445,20.3533992767334,0.428600013256073,1.8521000146865845,20.250999450683594,0.09099999815225601,2.684999942779541,0.20200000703334808,0.17053499817848206,-0.04765599966049194,2.190000057220459,0.8379999995231628,54.9822998046875,-0.09267999976873398,1.1646100282669067,0.6269999742507935,0.5329999923706055,0.28630098700523376,0.24337899684906006,1.176360011100769,9.0,0.0,0.6200000047683716,0.6845809817314148,19.96109962463379,0.3837999999523163,193.9264483,46.7818989,6.72504,ZTF19aadooun
2458586.777581,1,832277582715,20.18090057373047,/ztf/archive/sci/2019/0413/277581/ztf_20190413277581_000756_zg_c07_o_q4_scimrefdiffimg.fits.fz,Kulkarni,2,832,27,756,26.190799713134766,2.437670082144905e-05,0.03307579830288887,-0.08595789968967438,3.5435899917501956e-05,t15_f5_c3,,,,,,,,,,,,,,,,,,,,,,,,,,,,,,,,,,,,,,,ZTF19aadooun
2458586.7461343,2,832246132715,20.386999130249023,/ztf/archive/sci/2019/0413/246134/ztf_20190413246134_000756_zr_c07_o_q4_scimrefdiffimg.fits.fz,Kulkarni,2,832,27,756,26.21339988708496,1.2390600204525981e-05,0.023368900641798973,0.11668000370264053,1.7506499716546386e-05,t15_f5_c3,8.32246132715015e+17,t,1.0,2292.89990234375,49.11240005493164,193.9262588,46.7814169,20.014400482177734,0.14977900683879852,1.0797499418258667,19.921899795532227,0.299699991941452,2.7306199073791504,19.652000427246094,0.10899999737739563,6.379000186920166,0.7139999866485596,0.7734460234642029,-0.09245699644088745,1.6399999856948853,0.9729999899864197,49.11240005493164,0.46507498621940613,1.355080008506775,0.609000027179718,0.5720000267028809,0.3713409900665283,0.3487800061702728,1.0646799802780151,5.0,0.0,0.7828570008277893,0.9406070113182068,19.818700790405273,0.35040000081062317,193.926405,46.7821786,11.035,ZTF19aadooun
2458586.7649653,1,832264962715,20.274099349975586,/ztf/archive/sci/2019/0413/264954/ztf_20190413264954_000756_zg_c07_o_q4_scimrefdiffimg.fits.fz,Kulkarni,2,832,27,756,26.181299209594727,1.9078199329669587e-05,0.029108600690960884,-0.0844476968050003,2.7715299438568763e-05,t15_f5_c3,8.32264962715015e+17,t,0.0,2293.239990234375,54.39830017089844,193.9262676,46.7815328,20.56329917907715,0.36766698956489563,1.3306200504302979,20.67530059814453,0.578000009059906,1.373900055885315,20.250999450683594,0.09099999815225601,2.684999942779541,0.20200000703334808,-0.03108000010251999,0.11195799708366394,2.5299999713897705,0.7509999871253967,54.39830017089844,-0.401172012090683,0.9913240075111389,0.6620000004768372,0.4390000104904175,0.26166000962257385,0.17351800203323364,1.5079699754714966,10.0,0.0,0.4328570067882538,0.6719759702682495,20.4783992767334,0.6190999746322632,193.9264483,46.7818989,5.78303,ZTF19aadooun
2458586.7766782,1,832276672715,20.260700225830078,/ztf/archive/sci/2019/0413/276678/ztf_20190413276678_000756_zg_c07_o_q4_scimrefdiffimg.fits.fz,Kulkarni,1,832,27,756,26.185100555419922,2.154120011255145e-05,0.03087799996137619,-0.06990630179643631,3.153319994453341e-05,t15_f5_c3,8.32276672715015e+17,t,0.0,2300.570068359375,54.9822998046875,193.9261915,46.7814133,20.401100158691406,0.2969290018081665,1.3437700271606445,20.3533992767334,0.428600013256073,1.8521000146865845,20.250999450683594,0.09099999815225601,2.684999942779541,0.20200000703334808,0.17053499817848206,-0.04765599966049194,2.190000057220459,0.8379999995231628,54.9822998046875,-0.09267999976873398,1.1646100282669067,0.6269999742507935,0.5329999923706055,0.28630098700523376,0.24337899684906006,1.176360011100769,9.0,0.0,0.6200000047683716,0.6845809817314148,19.96109962463379,0.3837999999523163,193.9264483,46.7818989,6.72504,ZTF19aadooun
2458586.829838,2,832329832715,20.26449966430664,/ztf/archive/sci/2019/0413/329838/ztf_20190413329838_000756_zr_c07_o_q4_scimrefdiffimg.fits.fz,Kulkarni,2,832,27,756,26.203800201416016,1.8597300368128344e-05,0.028940899297595024,0.12175600230693817,2.6266799977747723e-05,t15_f5_c3,8.32329832715015e+17,t,0.0,2301.43994140625,42.77050018310547,193.9262724,46.7813704,20.100799560546875,0.18859900534152985,1.4381799697875977,20.254499435424805,0.40630000829696655,2.9106600284576416,19.652000427246094,0.10899999737739563,6.379000186920166,0.7139999866485596,0.334073007106781,0.15370699763298035,2.2699999809265137,0.9750000238418579,42.77050018310547,0.010010000318288803,1.0981899499893188,0.6909999847412109,0.6349999904632568,0.30440500378608704,0.2797360122203827,1.088189959526062,6.0,0.0,0.8671429753303528,0.9192209839820862,20.09040069580078,0.4494999945163727,193.926405,46.7821786,8.42971,ZTF19aadooun
2458587.723125,1,833223122715,20.035999298095703,/ztf/archive/sci/2019/0414/223125/ztf_20190414223125_000756_zg_c07_o_q4_scimrefdiffimg.fits.fz,Kulkarni,2,833,27,756,26.178300857543945,2.5368099159095436e-05,0.0332736000418663,-0.05664369836449623,3.866840052069165e-05,t15_f5_c3,,,,,,,,,,,,,,,,,,,,,,,,,,,,,,,,,,,,,,,ZTF19aadooun
2458587.7254398,1,833225435515,19.987600326538086,/ztf/archive/sci/2019/0414/225405/ztf_20190414225405_001755_zg_c14_o_q4_scimrefdiffimg.fits.fz,Kulkarni,1,833,55,1755,26.2283992767334,3.067560101044364e-05,0.037104200571775436,-0.047955699265003204,4.9419999413657933e-05,t15_f5_c3,8.3322543551501e+17,f,0.0,1872.0799560546875,778.4650268554688,193.926151,46.7814723,19.975400924682617,0.2840760052204132,1.3367300033569336,20.114500045776367,0.436599999666214,0.14993000030517578,19.084999084472656,0.07599999755620956,4.493000030517578,0.38199999928474426,0.5727090239524841,0.13909299671649933,4.21999979019165,0.9369999766349792,778.4650268554688,-0.12693600356578827,0.602620005607605,1.0440000295639038,0.9240000247955322,0.24739299714565277,0.21895700693130493,1.129870057106018,2.0,0.0,0.6571429967880249,1.0,19.901199340820312,0.4611000120639801,193.9262107,46.7814825,7.02324,ZTF19aadooun
2458587.7395255,1,833239522715,19.93939971923828,/ztf/archive/sci/2019/0414/239514/ztf_20190414239514_000756_zg_c07_o_q4_scimrefdiffimg.fits.fz,Kulkarni,2,833,27,756,26.09149932861328,2.996660077769775e-05,0.03600050136446953,-0.05554119870066643,4.60422998003196e-05,t15_f5_c3,,,,,,,,,,,,,,,,,,,,,,,,,,,,,,,,,,,,,,,ZTF19aadooun
2458587.770787,2,833270782715,19.885099411010742,/ztf/archive/sci/2019/0414/270775/ztf_20190414270775_000756_zr_c07_o_q4_scimrefdiffimg.fits.fz,Kulkarni,2,833,27,756,26.095399856567383,2.0624800527002662e-05,0.03020869940519333,0.13709600269794464,2.8940299671376124e-05,t15_f5_c3,8.33270782715015e+17,t,0.0,2289.2900390625,22.15679931640625,193.9263944,46.781406,19.931400299072266,0.23972800374031067,1.2489700317382812,19.625600814819336,0.32989999651908875,2.755280017852783,19.652000427246094,0.10899999737739563,6.379000186920166,0.7139999866485596,-0.5729820132255554,-0.30582600831985474,2.109999895095825,0.9570000171661377,22.15679931640625,0.25954899191856384,1.1261399984359741,1.090999960899353,0.9459999799728394,0.5170620083808899,0.4483410120010376,1.1532800197601318,4.0,0.0,0.50142902135849,0.9347180128097534,19.475900650024414,0.36959999799728394,193.926405,46.7821786,6.7535,ZTF19aadooun
2458587.7902894,2,833290282715,19.773099899291992,/ztf/archive/sci/2019/0414/290278/ztf_20190414290278_000756_zr_c07_o_q4_scimrefdiffimg.fits.fz,Kulkarni,2,833,27,756,26.112499237060547,2.3882899768068455e-05,0.032473400235176086,0.13729900121688843,3.349650069139898e-05,t15_f5_c3,8.33290282715015e+17,t,0.0,2302.669921875,23.061199188232422,193.9263641,46.7813961,20.197500228881836,0.28363901376724243,1.5261800289154053,19.660499572753906,0.3400000035762787,2.783090114593506,19.652000427246094,0.10899999737739563,6.379000186920166,0.7139999866485596,0.3944549858570099,-0.5370240211486816,1.7899999618530273,0.7200000286102295,23.061199188232422,0.11258699744939804,1.4738199710845947,1.0410000085830688,0.8090000152587891,0.5815640091896057,0.45195499062538147,1.286769986152649,4.0,0.0,0.381428986787796,1.0,19.278600692749023,0.3075999915599823,193.926405,46.7821786,5.64466,ZTF19aadooun
2458587.7969329,2,833296932715,19.960899353027344,/ztf/archive/sci/2019/0414/296933/ztf_20190414296933_000756_zr_c07_o_q4_scimrefdiffimg.fits.fz,Kulkarni,2,833,27,756,26.13949966430664,1.7370699424645863e-05,0.028078099712729454,0.12918999791145325,2.47271000262117e-05,t15_f5_c3,8.33296932715015e+17,t,0.0,2289.52001953125,24.323200225830078,193.9262691,46.7814199,19.9685001373291,0.23267599940299988,1.7715500593185425,19.54129981994629,0.27720001339912415,2.7317800521850586,19.652000427246094,0.10899999737739563,6.379000186920166,0.7139999866485596,0.047155000269412994,-0.4271849989891052,4.159999847412109,0.9589999914169312,24.323200225830078,0.4195980131626129,0.5906659960746765,0.9739999771118164,0.8130000233650208,0.2341350018978119,0.19543300569057465,1.1980299949645996,5.0,0.0,0.4414289891719818,0.9212160110473633,19.47909927368164,0.3361999988555908,193.926405,46.7821786,7.47048,ZTF19aadooun
2458587.843287,3,833343282715,19.489599227905273,/ztf/archive/sci/2019/0414/343171/ztf_20190414343171_000756_zi_c07_o_q4_scimrefdiffimg.fits.fz,Kulkarni,2,833,27,756,25.46540069580078,7.279969850060297e-06,0.02814750000834465,0.17710499465465546,2.499939910194371e-05,t15_f5_c3,,,,,,,,,,,,,,,,,,,,,,,,,,,,,,,,,,,,,,,ZTF19aadooun
2458588.7086343,1,834208635515,16.929899215698242,/ztf/archive/sci/2019/0415/208623/ztf_20190415208623_001755_zg_c14_o_q4_scimrefdiffimg.fits.fz,Kulkarni,1,834,55,1755,24.05970001220703,0.0037824399769306183,0.09881880134344101,0.08439390361309052,0.011567899957299232,t15_f5_c3,,,,,,,,,,,,,,,,,,,,,,,,,,,,,,,,,,,,,,,ZTF19aadooun
2458588.7797569,1,834279752715,18.402599334716797,/ztf/archive/sci/2019/0415/279745/ztf_20190415279745_000756_zg_c07_o_q4_scimrefdiffimg.fits.fz,Kulkarni,2,834,27,756,25.086000442504883,0.00018798299424815923,0.06035970151424408,-0.009852459654211998,0.00047769700177013874,t15_f5_c3,,,,,,,,,,,,,,,,,,,,,,,,,,,,,,,,,,,,,,,ZTF19aadooun
2458588.7995602,1,834299562715,19.116100311279297,/ztf/archive/sci/2019/0415/299560/ztf_20190415299560_000756_zg_c07_o_q4_scimrefdiffimg.fits.fz,Kulkarni,2,834,27,756,25.674999237060547,8.199379954021424e-05,0.051483698189258575,-0.05376579985022545,0.00016276400128845125,t15_f5_c3,,,,,,,,,,,,,,,,,,,,,,,,,,,,,,,,,,,,,,,ZTF19aadooun
2458588.8262731,1,834326272715,17.853099822998047,/ztf/archive/sci/2019/0415/326250/ztf_20190415326250_000756_zg_c07_o_q4_scimrefdiffimg.fits.fz,Kulkarni,2,834,27,756,24.63629913330078,0.00028903799830004573,0.05667470023036003,-0.0796952024102211,0.0007688829791732132,t15_f5_c3,,,,,,,,,,,,,,,,,,,,,,,,,,,,,,,,,,,,,,,ZTF19aadooun
2458588.8467014,2,834346702715,18.341100692749023,/ztf/archive/sci/2019/0415/346701/ztf_20190415346701_000756_zr_c07_o_q4_scimrefdiffimg.fits.fz,Kulkarni,2,834,27,756,25.1919002532959,8.746379899093881e-05,0.05461110174655914,0.0927307978272438,0.00013306499749887735,t15_f5_c3,,,,,,,,,,,,,,,,,,,,,,,,,,,,,,,,,,,,,,,ZTF19aadooun
2458588.8644907,2,834364492715,19.506500244140625,/ztf/archive/sci/2019/0415/364491/ztf_20190415364491_000756_zr_c07_o_q4_scimrefdiffimg.fits.fz,Kulkarni,2,834,27,756,25.906999588012695,2.7959400540567003e-05,0.03525310009717941,0.11778999865055084,3.9514299714937806e-05,t15_f5_c3,8.34364492715015e+17,t,0.0,2299.31005859375,50.420501708984375,193.9262269,46.781419,19.990999221801758,0.2962999939918518,1.4696799516677856,19.19969940185547,0.35269999504089355,2.734529972076416,19.652000427246094,0.10899999737739563,6.379000186920166,0.7139999866485596,3.738070011138916,-0.7913100123405457,1.046779990196228,0.9909999966621399,50.420501708984375,0.306751012802124,2.0,0.5820000171661377,0.5180000066757202,0.5559899806976318,0.4948500096797943,1.1235500574111938,7.0,0.0,0.27000001072883606,0.8738579750061035,18.738000869750977,0.29660001397132874,193.926405,46.7821786,5.35006,ZTF19aadooun
2458589.6575694,1,835157562715,19.04840087890625,/ztf/archive/sci/2019/0416/157569/ztf_20190416157569_000756_zg_c07_o_q4_scimrefdiffimg.fits.fz,Kulkarni,2,835,27,756,25.988000869750977,4.692729999078438e-05,0.03737679868936539,-0.06232820078730583,9.788519673747942e-05,t15_f5_c3,,,,,,,,,,,,,,,,,,,,,,,,,,,,,,,,,,,,,,,ZTF19aadooun
2458589.7014583,2,835201455515,18.346200942993164,/ztf/archive/sci/2019/0416/201424/ztf_20190416201424_001755_zr_c14_o_q4_scimrefdiffimg.fits.fz,Kulkarni,1,835,55,1755,25.39150047302246,5.88609000260476e-05,0.04521140083670616,0.09484759718179703,9.336070070276037e-05,t15_f5_c3,,,,,,,,,,,,,,,,,,,,,,,,,,,,,,,,,,,,,,,ZTF19aadooun
2458589.7627083,2,835262702715,19.54680061340332,/ztf/archive/sci/2019/0416/262685/ztf_20190416262685_000756_zr_c07_o_q4_scimrefdiffimg.fits.fz,Kulkarni,2,835,27,756,26.15060043334961,1.648780016694218e-05,0.027114499360322952,0.11995899677276611,2.3253500330611132e-05,t15_f5_c3,,,,,,,,,,,,,,,,,,,,,,,,,,,,,,,,,,,,,,,ZTF19aadooun
2458589.7636227,2,835263622715,19.5625,/ztf/archive/sci/2019/0416/263611/ztf_20190416263611_000756_zr_c07_o_q4_scimrefdiffimg.fits.fz,Kulkarni,1,835,27,756,26.14459991455078,2.6203200832242146e-05,0.03390070050954819,0.12210399657487869,3.6718498449772596e-05,t15_f5_c3,8.35263622715015e+17,t,0.0,2296.360107421875,53.42369842529297,193.9262418,46.7814086,19.849599838256836,0.3004249930381775,1.1759799718856812,20.170000076293945,0.6984000205993652,2.765310049057007,19.652000427246094,0.10899999737739563,6.379000186920166,0.7139999866485596,2.948740005493164,0.3203499913215637,1.2324299812316895,0.8899999856948853,53.42369842529297,-0.6075149774551392,2.0,0.6669999957084656,0.6079999804496765,0.5412049889564514,0.49333199858665466,1.097040057182312,6.0,0.0,0.6542860269546509,0.8663529753684998,19.687700271606445,0.5763000249862671,193.926405,46.7821786,6.42998,ZTF19aadooun
2458589.7827662,2,835282762715,18.52560043334961,/ztf/archive/sci/2019/0416/282766/ztf_20190416282766_000756_zr_c07_o_q4_scimrefdiffimg.fits.fz,Kulkarni,2,835,27,756,25.628999710083008,3.899729927070439e-05,0.03852749988436699,0.12488000094890594,5.716739906347357e-05,t15_f5_c3,,,,,,,,,,,,,,,,,,,,,,,,,,,,,,,,,,,,,,,ZTF19aadooun
2458589.8024421,2,835302442715,18.347700119018555,/ztf/archive/sci/2019/0416/302442/ztf_20190416302442_000756_zr_c07_o_q4_scimrefdiffimg.fits.fz,Kulkarni,2,835,27,756,25.413299560546875,5.0463801017031074e-05,0.04062210023403168,0.11680799722671509,7.727630145382136e-05,t15_f5_c3,,,,,,,,,,,,,,,,,,,,,,,,,,,,,,,,,,,,,,,ZTF19aadooun
2458591.6938889,1,837193882715,19.41510009765625,/ztf/archive/sci/2019/0418/193866/ztf_20190418193866_000756_zg_c07_o_q4_scimrefdiffimg.fits.fz,Kulkarni,2,837,27,756,26.156099319458008,5.5655098549323156e-05,0.04538910090923309,-0.05396420136094093,0.00010336400009691715,t15_f5_c3,,,,,,,,,,,,,,,,,,,,,,,,,,,,,,,,,,,,,,,ZTF19aadooun
2458591.7158218,1,837215822715,19.331300735473633,/ztf/archive/sci/2019/0418/215799/ztf_20190418215799_000756_zg_c07_o_q4_scimrefdiffimg.fits.fz,Kulkarni,2,837,27,756,26.15049934387207,3.509900125209242e-05,0.03481629863381386,-0.03399040177464485,6.559590110555291e-05,t15_f5_c3,,,,,,,,,,,,,,,,,,,,,,,,,,,,,,,,,,,,,,,ZTF19aadooun
2458591.747963,1,837247962715,19.397300720214844,/ztf/archive/sci/2019/0418/247963/ztf_20190418247963_000756_zg_c07_o_q4_scimrefdiffimg.fits.fz,Kulkarni,2,837,27,756,26.175399780273438,4.5203199988463894e-05,0.04008699953556061,-0.06198279932141304,8.738240285310894e-05,t15_f5_c3,,,,,,,,,,,,,,,,,,,,,,,,,,,,,,,,,,,,,,,ZTF19aadooun
2458591.7986227,3,837298622715,18.49020004272461,/ztf/archive/sci/2019/0418/298623/ztf_20190418298623_000756_zi_c07_o_q4_scimrefdiffimg.fits.fz,Kulkarni,2,837,27,756,25.34910011291504,1.0415599717816804e-05,0.032745201140642166,0.17712299525737762,3.207780173397623e-05,t15_f5_c3,,,,,,,,,,,,,,,,,,,,,,,,,,,,,,,,,,,,,,,ZTF19aadooun
2458591.8481713,2,837348172715,18.811899185180664,/ztf/archive/sci/2019/0418/348171/ztf_20190418348171_000756_zr_c07_o_q4_scimrefdiffimg.fits.fz,Kulkarni,2,837,27,756,25.887100219726562,4.054799865116365e-05,0.04157340154051781,0.13804200291633606,5.76860984438099e-05,t15_f5_c3,,,,,,,,,,,,,,,,,,,,,,,,,,,,,,,,,,,,,,,ZTF19aadooun
2458591.8622106,2,837362212715,19.091899871826172,/ztf/archive/sci/2019/0418/362164/ztf_20190418362164_000756_zr_c07_o_q4_scimrefdiffimg.fits.fz,Kulkarni,2,837,27,756,26.11709976196289,3.66751010005828e-05,0.03961550071835518,0.1163569986820221,5.1223898481111974e-05,t15_f5_c3,,,,,,,,,,,,,,,,,,,,,,,,,,,,,,,,,,,,,,,ZTF19aadooun
2458591.8844213,2,837384422715,19.460899353027344,/ztf/archive/sci/2019/0418/384410/ztf_20190418384410_000756_zr_c07_o_q4_scimrefdiffimg.fits.fz,Kulkarni,2,837,27,756,26.171600341796875,2.39885994233191e-05,0.03282000124454498,0.12280300259590149,3.3764499676181003e-05,t15_f5_c3,,,,,,,,,,,,,,,,,,,,,,,,,,,,,,,,,,,,,,,ZTF19aadooun
2458592.6396528,1,838139652715,19.131900787353516,/ztf/archive/sci/2019/0419/139641/ztf_20190419139641_000756_zg_c07_o_q4_scimrefdiffimg.fits.fz,Kulkarni,2,838,27,756,26.062400817871094,4.5538901758845896e-05,0.03725000098347664,-0.026531200855970383,8.887970034265891e-05,t15_f5_c3,,,,,,,,,,,,,,,,,,,,,,,,,,,,,,,,,,,,,,,ZTF19aadooun
2458592.6856597,1,838185652715,19.14579963684082,/ztf/archive/sci/2019/0419/185648/ztf_20190419185648_000756_zg_c07_o_q4_scimrefdiffimg.fits.fz,Kulkarni,2,838,27,756,26.07670021057129,4.670650014304556e-05,0.03737900033593178,-0.03649250045418739,9.037730342242867e-05,t15_f5_c3,,,,,,,,,,,,,,,,,,,,,,,,,,,,,,,,,,,,,,,ZTF19aadooun
2458592.6866088,1,838186602715,19.151199340820312,/ztf/archive/sci/2019/0419/186586/ztf_20190419186586_000756_zg_c07_o_q4_scimrefdiffimg.fits.fz,Kulkarni,1,838,27,756,26.07740020751953,4.87235993205104e-05,0.038690898567438126,-0.025432100519537926,9.795979713089764e-05,t15_f5_c3,,,,,,,,,,,,,,,,,,,,,,,,,,,,,,,,,,,,,,,ZTF19aadooun
2458592.6948032,1,838194802715,19.429399490356445,/ztf/archive/sci/2019/0419/194803/ztf_20190419194803_000756_zg_c07_o_q4_scimrefdiffimg.fits.fz,Kulkarni,2,838,27,756,26.17620086669922,5.5465101468143985e-05,0.0455654002726078,-0.046128299087285995,0.00010086700058309361,t15_f5_c3,,,,,,,,,,,,,,,,,,,,,,,,,,,,,,,,,,,,,,,ZTF19aadooun
2458592.7587616,2,838258762715,19.56800079345703,/ztf/archive/sci/2019/0419/258391/ztf_20190419258391_000756_zr_c07_o_q4_scimrefdiffimg.fits.fz,Kulkarni,1,838,27,756,26.196800231933594,2.5638999431976117e-05,0.03387949988245964,0.12309800088405609,3.64459992852062e-05,t15_f5_c3,,,,,,,,,,,,,,,,,,,,,,,,,,,,,,,,,,,,,,,ZTF19aadooun
2458592.7615394,2,838261532715,19.564599990844727,/ztf/archive/sci/2019/0419/261505/ztf_20190419261505_000756_zr_c07_o_q4_scimrefdiffimg.fits.fz,Kulkarni,2,838,27,756,26.194700241088867,2.3648899514228106e-05,0.03233790025115013,0.13565999269485474,3.316770016681403e-05,t15_f5_c3,,,,,,,,,,,,,,,,,,,,,,,,,,,,,,,,,,,,,,,ZTF19aadooun
2458592.7802431,2,838280242715,19.49720001220703,/ztf/archive/sci/2019/0419/280243/ztf_20190419280243_000756_zr_c07_o_q4_scimrefdiffimg.fits.fz,Kulkarni,2,838,27,756,26.208200454711914,2.3607599359820597e-05,0.032375600188970566,0.1399189978837967,3.2850501156644896e-05,t15_f5_c3,,,,,,,,,,,,,,,,,,,,,,,,,,,,,,,,,,,,,,,ZTF19aadooun
2458592.8018866,2,838301882715,19.47260093688965,/ztf/archive/sci/2019/0419/301887/ztf_20190419301887_000756_zr_c07_o_q4_scimrefdiffimg.fits.fz,Kulkarni,2,838,27,756,26.189699172973633,2.2648700905847363e-05,0.03194480016827583,0.12880100309848785,3.1962899811333045e-05,t15_f5_c3,,,,,,,,,,,,,,,,,,,,,,,,,,,,,,,,,,,,,,,ZTF19aadooun
2458592.8051273,2,838305125515,19.515199661254883,/ztf/archive/sci/2019/0419/305127/ztf_20190419305127_001755_zr_c14_o_q4_scimrefdiffimg.fits.fz,Kulkarni,1,838,55,1755,26.173500061035156,2.3559699911857024e-05,0.03318220004439354,0.10010799765586853,3.4409098589094356e-05,t15_f5_c3,8.38305125515015e+17,t,2.0,1876.699951171875,798.4310302734375,193.9263056,46.7814322,20.03260040283203,0.3709760010242462,0.9155439734458923,19.779300689697266,0.5489000082015991,2.3413400650024414,19.618999481201172,0.09000000357627869,6.0269999504089355,0.29600000381469727,-0.01095299981534481,-0.25325000286102295,1.1364599466323853,0.9729999899864197,798.4310302734375,-0.26405298709869385,2.0,0.7870000004768372,0.6430000066757202,0.6925029754638672,0.5657939910888672,1.2239500284194946,5.0,0.0,0.5914289951324463,0.9013500213623047,19.55470085144043,0.5738000273704529,193.9263833,46.7820856,5.07624,ZTF19aadooun
2458593.7541319,2,839254132715,19.7007999420166,/ztf/archive/sci/2019/0420/254132/ztf_20190420254132_000756_zr_c07_o_q4_scimrefdiffimg.fits.fz,Kulkarni,2,839,27,756,26.188100814819336,1.4972700228099711e-05,0.02582719922065735,0.12729699909687042,2.1293699319357984e-05,t15_f5_c3,,,,,,,,,,,,,,,,,,,,,,,,,,,,,,,,,,,,,,,ZTF19aadooun
2458593.7742593,2,839274252715,19.904800415039062,/ztf/archive/sci/2019/0420/274259/ztf_20190420274259_000756_zr_c07_o_q4_scimrefdiffimg.fits.fz,Kulkarni,2,839,27,756,26.237600326538086,3.130549885099754e-05,0.03699079900979996,0.12067899852991104,4.383979830890894e-05,t15_f5_c3,,,,,,,,,,,,,,,,,,,,,,,,,,,,,,,,,,,,,,,ZTF19aadooun
2458593.7904977,2,839290495515,19.68090057373047,/ztf/archive/sci/2019/0420/290498/ztf_20190420290498_001755_zr_c14_o_q4_scimrefdiffimg.fits.fz,Kulkarni,1,839,55,1755,26.174100875854492,1.788689951354172e-05,0.02869030088186264,0.1201620027422905,2.6229899958707392e-05,t15_f5_c3,,,,,,,,,,,,,,,,,,,,,,,,,,,,,,,,,,,,,,,ZTF19aadooun
2458594.7232407,1,840223242715,19.634899139404297,/ztf/archive/sci/2019/0421/223206/ztf_20190421223206_000756_zg_c07_o_q4_scimrefdiffimg.fits.fz,Kulkarni,2,840,27,756,26.206199645996094,2.5950999770429917e-05,0.032637499272823334,-0.063475102186203,4.4161799451103434e-05,t15_f5_c3,,,,,,,,,,,,,,,,,,,,,,,,,,,,,,,,,,,,,,,ZTF19aadooun
2458594.7404745,1,840240472715,19.623199462890625,/ztf/archive/sci/2019/0421/240475/ztf_20190421240475_000756_zg_c07_o_q4_scimrefdiffimg.fits.fz,Kulkarni,2,840,27,756,26.21969985961914,3.06545989587903e-05,0.035082899034023285,-0.06005119904875755,5.283439895720221e-05,t15_f5_c3,,,,,,,,,,,,,,,,,,,,,,,,,,,,,,,,,,,,,,,ZTF19aadooun
2458594.7565046,1,840256502715,19.610599517822266,/ztf/archive/sci/2019/0421/256493/ztf_20190421256493_000756_zg_c07_o_q4_scimrefdiffimg.fits.fz,Kulkarni,2,840,27,756,26.202800750732422,2.8928199753863737e-05,0.03418710082769394,-0.07102389633655548,4.963580067851581e-05,t15_f5_c3,,,,,,,,,,,,,,,,,,,,,,,,,,,,,,,,,,,,,,,ZTF19aadooun
2458594.8310532,2,840331052715,19.51799964904785,/ztf/archive/sci/2019/0421/331053/ztf_20190421331053_000756_zr_c07_o_q4_scimrefdiffimg.fits.fz,Kulkarni,2,840,27,756,26.183500289916992,2.3709200831945054e-05,0.03252039849758148,0.12001000344753265,3.3491600333945826e-05,t15_f5_c3,,,,,,,,,,,,,,,,,,,,,,,,,,,,,,,,,,,,,,,ZTF19aadooun
2458594.8415046,2,840341502715,19.51759910583496,/ztf/archive/sci/2019/0421/341505/ztf_20190421341505_000756_zr_c07_o_q4_scimrefdiffimg.fits.fz,Kulkarni,2,840,27,756,26.168399810791016,2.5280900445068255e-05,0.03349760174751282,0.12964500486850739,3.5696601116796955e-05,t15_f5_c3,,,,,,,,,,,,,,,,,,,,,,,,,,,,,,,,,,,,,,,ZTF19aadooun
2458596.6966782,1,842196672715,20.51959991455078,/ztf/archive/sci/2019/0423/196667/ztf_20190423196667_000756_zg_c07_o_q4_scimrefdiffimg.fits.fz,Kulkarni,2,842,27,756,26.19409942626953,2.326909998373594e-05,0.03226630017161369,-0.0733191967010498,3.332020060042851e-05,t15_f5_c3,8.42196672715015e+17,1,0.0,2304.52001953125,44.614601135253906,193.9262208,46.7814423,20.88409996032715,0.3707979917526245,1.308769941329956,20.63680076599121,0.40119999647140503,1.7148200273513794,20.250999450683594,0.09099999815225601,2.684999942779541,0.20200000703334808,-0.36188599467277527,-0.24731799960136414,1.9299999475479126,0.47999998927116394,44.614601135253906,-0.11723300069570541,1.4960099458694458,0.8180000185966492,0.6430000066757202,0.4238339960575104,0.33316099643707275,1.2721600532531738,6.0,0.0,0.4285709857940674,0.8611680269241333,20.788799285888672,0.5914000272750854,193.9264483,46.7818989,5.16661,ZTF19aadooun
2458596.6976273,1,842197622715,20.572500228881836,/ztf/archive/sci/2019/0423/197604/ztf_20190423197604_000756_zg_c07_o_q4_scimrefdiffimg.fits.fz,Kulkarni,1,842,27,756,26.20479965209961,1.700930079095997e-05,0.027607599273324013,-0.08341660350561142,2.3982800485100597e-05,t15_f5_c3,8.42197622715015e+17,1,0.0,2306.2900390625,43.82640075683594,193.9262548,46.7814875,20.868799209594727,0.2916159927845001,1.311110019683838,21.382299423217773,0.777899980545044,1.5361299514770508,20.250999450683594,0.09099999815225601,2.684999942779541,0.20200000703334808,0.11169900000095367,0.5134649872779846,1.7599999904632568,0.527999997138977,43.82640075683594,-0.8098359704017639,1.5951499938964844,0.6100000143051147,0.503000020980835,0.3465909957885742,0.2857950031757355,1.2127200365066528,5.0,0.0,0.5928570032119751,0.9837849736213684,21.24850082397461,0.8837000131607056,193.9264483,46.7818989,6.18974,ZTF19aadooun
2458596.7240972,1,842224092715,20.54840087890625,/ztf/archive/sci/2019/0423/224097/ztf_20190423224097_000756_zg_c07_o_q4_scimrefdiffimg.fits.fz,Kulkarni,2,842,27,756,26.211700439453125,2.172069980588276e-05,0.031196599826216698,-0.08813899755477905,3.1422798201674595e-05,t15_f5_c3,,,,,,,,,,,,,,,,,,,,,,,,,,,,,,,,,,,,,,,ZTF19aadooun
2458596.7426273,1,842242622715,20.682300567626953,/ztf/archive/sci/2019/0423/242616/ztf_20190423242616_000756_zg_c07_o_q4_scimrefdiffimg.fits.fz,Kulkarni,2,842,27,756,26.212200164794922,2.0521800252026878e-05,0.03051220066845417,-0.08883039653301239,2.8999500500503927e-05,t15_f5_c3,8.42242622715015e+17,1,0.0,2302.570068359375,44.35900115966797,193.9262617,46.7815513,20.877199172973633,0.3818399906158447,1.2951500415802002,21.25309944152832,0.6608999967575073,1.3278100490570068,20.250999450683594,0.09099999815225601,2.684999942779541,0.20200000703334808,-0.008365999907255173,0.375885009765625,2.9200000762939453,0.5450000166893005,44.35900115966797,-0.5708249807357788,0.9140669703483582,0.7129999995231628,0.578000009059906,0.24417799711227417,0.1979449987411499,1.2335599660873413,7.0,0.0,0.5914289951324463,0.9060080051422119,20.8174991607666,0.5685999989509583,193.9264483,46.7818989,6.15431,ZTF19aadooun
2458596.7685301,2,842268532715,20.33289909362793,/ztf/archive/sci/2019/0423/268519/ztf_20190423268519_000756_zr_c07_o_q4_scimrefdiffimg.fits.fz,Kulkarni,2,842,27,756,26.20159912109375,2.7313299142406322e-05,0.035239800810813904,0.11926800012588501,3.872040178976022e-05,t15_f5_c3,8.42268532715015e+17,1,0.0,2298.639892578125,47.83039855957031,193.9261636,46.7815052,20.3346004486084,0.19980500638484955,1.2953100204467773,20.594900131225586,0.527400016784668,2.464740037918091,19.652000427246094,0.10899999737739563,6.379000186920166,0.7139999866485596,0.1960809975862503,0.2603189945220947,1.2401000261306763,0.8029999732971191,47.83039855957031,-0.2620199918746948,2.0,0.6679999828338623,0.6259999871253967,0.5386670231819153,0.5047990083694458,1.0670900344848633,4.0,0.0,0.75,0.9697049856185913,20.43090057373047,0.5830000042915344,193.926405,46.7821786,7.57752,ZTF19aadooun
2458596.7694329,2,842269432715,20.356300354003906,/ztf/archive/sci/2019/0423/269421/ztf_20190423269421_000756_zr_c07_o_q4_scimrefdiffimg.fits.fz,Kulkarni,1,842,27,756,26.202699661254883,1.5391999113489874e-05,0.02628220058977604,0.12128099799156189,2.166739977838006e-05,t15_f5_c3,8.42269432715015e+17,1,0.0,2299.429931640625,48.05889892578125,193.9262065,46.7814742,20.05769920349121,0.2058040052652359,1.3011599779129028,19.971799850463867,0.2976999878883362,2.5498499870300293,19.652000427246094,0.10899999737739563,6.379000186920166,0.7139999866485596,-0.16433599591255188,-0.08589600026607513,4.130000114440918,0.9570000171661377,48.05889892578125,0.38445600867271423,0.588699996471405,0.7850000262260437,0.6349999904632568,0.19007299840450287,0.15375299751758575,1.2362200021743774,7.0,0.0,0.5671430230140686,0.913627028465271,19.53459930419922,0.2563000023365021,193.926405,46.7821786,9.06916,ZTF19aadooun
2458596.6966782,1,842196672715,20.51959991455078,/ztf/archive/sci/2019/0423/196667/ztf_20190423196667_000756_zg_c07_o_q4_scimrefdiffimg.fits.fz,Kulkarni,2,842,27,756,26.19409942626953,2.326909998373594e-05,0.03226630017161369,-0.0733191967010498,3.332020060042851e-05,t15_f5_c3,8.42196672715015e+17,t,0.0,2304.52001953125,44.614601135253906,193.9262208,46.7814423,20.88409996032715,0.3707979917526245,1.308769941329956,20.63680076599121,0.40119999647140503,1.7148200273513794,20.250999450683594,0.09099999815225601,2.684999942779541,0.20200000703334808,-0.36188599467277527,-0.24731799960136414,1.9299999475479126,0.47999998927116394,44.614601135253906,-0.11723300069570541,1.4960099458694458,0.8180000185966492,0.6430000066757202,0.4238339960575104,0.33316099643707275,1.2721600532531738,6.0,0.0,0.4285709857940674,0.8611680269241333,20.788799285888672,0.5914000272750854,193.9264483,46.7818989,5.16661,ZTF19aadooun
2458596.6976273,1,842197622715,20.572500228881836,/ztf/archive/sci/2019/0423/197604/ztf_20190423197604_000756_zg_c07_o_q4_scimrefdiffimg.fits.fz,Kulkarni,1,842,27,756,26.20479965209961,1.700930079095997e-05,0.027607599273324013,-0.08341660350561142,2.3982800485100597e-05,t15_f5_c3,8.42197622715015e+17,t,0.0,2306.2900390625,43.82640075683594,193.9262548,46.7814875,20.868799209594727,0.2916159927845001,1.311110019683838,21.382299423217773,0.777899980545044,1.5361299514770508,20.250999450683594,0.09099999815225601,2.684999942779541,0.20200000703334808,0.11169900000095367,0.5134649872779846,1.7599999904632568,0.527999997138977,43.82640075683594,-0.8098359704017639,1.5951499938964844,0.6100000143051147,0.503000020980835,0.3465909957885742,0.2857950031757355,1.2127200365066528,5.0,0.0,0.5928570032119751,0.9837849736213684,21.24850082397461,0.8837000131607056,193.9264483,46.7818989,6.18974,ZTF19aadooun
2458596.7426273,1,842242622715,20.682300567626953,/ztf/archive/sci/2019/0423/242616/ztf_20190423242616_000756_zg_c07_o_q4_scimrefdiffimg.fits.fz,Kulkarni,2,842,27,756,26.212200164794922,2.0521800252026878e-05,0.03051220066845417,-0.08883039653301239,2.8999500500503927e-05,t15_f5_c3,8.42242622715015e+17,t,0.0,2302.570068359375,44.35900115966797,193.9262617,46.7815513,20.877199172973633,0.3818399906158447,1.2951500415802002,21.25309944152832,0.6608999967575073,1.3278100490570068,20.250999450683594,0.09099999815225601,2.684999942779541,0.20200000703334808,-0.008365999907255173,0.375885009765625,2.9200000762939453,0.5450000166893005,44.35900115966797,-0.5708249807357788,0.9140669703483582,0.7129999995231628,0.578000009059906,0.24417799711227417,0.1979449987411499,1.2335599660873413,7.0,0.0,0.5914289951324463,0.9060080051422119,20.8174991607666,0.5685999989509583,193.9264483,46.7818989,6.15431,ZTF19aadooun
2458596.7685301,2,842268532715,20.33289909362793,/ztf/archive/sci/2019/0423/268519/ztf_20190423268519_000756_zr_c07_o_q4_scimrefdiffimg.fits.fz,Kulkarni,2,842,27,756,26.20159912109375,2.7313299142406322e-05,0.035239800810813904,0.11926800012588501,3.872040178976022e-05,t15_f5_c3,8.42268532715015e+17,t,0.0,2298.639892578125,47.83039855957031,193.9261636,46.7815052,20.3346004486084,0.19980500638484955,1.2953100204467773,20.594900131225586,0.527400016784668,2.464740037918091,19.652000427246094,0.10899999737739563,6.379000186920166,0.7139999866485596,0.1960809975862503,0.2603189945220947,1.2401000261306763,0.8029999732971191,47.83039855957031,-0.2620199918746948,2.0,0.6679999828338623,0.6259999871253967,0.5386670231819153,0.5047990083694458,1.0670900344848633,4.0,0.0,0.75,0.9697049856185913,20.43090057373047,0.5830000042915344,193.926405,46.7821786,7.57752,ZTF19aadooun
2458596.7694329,2,842269432715,20.356300354003906,/ztf/archive/sci/2019/0423/269421/ztf_20190423269421_000756_zr_c07_o_q4_scimrefdiffimg.fits.fz,Kulkarni,1,842,27,756,26.202699661254883,1.5391999113489874e-05,0.02628220058977604,0.12128099799156189,2.166739977838006e-05,t15_f5_c3,8.42269432715015e+17,t,0.0,2299.429931640625,48.05889892578125,193.9262065,46.7814742,20.05769920349121,0.2058040052652359,1.3011599779129028,19.971799850463867,0.2976999878883362,2.5498499870300293,19.652000427246094,0.10899999737739563,6.379000186920166,0.7139999866485596,-0.16433599591255188,-0.08589600026607513,4.130000114440918,0.9570000171661377,48.05889892578125,0.38445600867271423,0.588699996471405,0.7850000262260437,0.6349999904632568,0.19007299840450287,0.15375299751758575,1.2362200021743774,7.0,0.0,0.5671430230140686,0.913627028465271,19.53459930419922,0.2563000023365021,193.926405,46.7821786,9.06916,ZTF19aadooun
2458596.7836343,2,842283632715,20.3710994720459,/ztf/archive/sci/2019/0423/283634/ztf_20190423283634_000756_zr_c07_o_q4_scimrefdiffimg.fits.fz,Kulkarni,2,842,27,756,26.211299896240234,2.0381599824759178e-05,0.029976200312376022,0.11148600280284882,2.8817099519073963e-05,t15_f5_c3,8.42283632715015e+17,t,0.0,2312.10009765625,49.13050079345703,193.9263254,46.7814239,20.404300689697266,0.2162099927663803,0.896373987197876,20.65839958190918,0.5706999897956848,2.6886699199676514,19.652000427246094,0.10899999737739563,6.379000186920166,0.7139999866485596,-0.1634330004453659,0.25411298871040344,2.9200000762939453,0.8939999938011169,49.13050079345703,-0.2872920036315918,0.7981280088424683,0.7260000109672546,0.6620000004768372,0.24863000214099884,0.22671200335025787,1.0966800451278687,6.0,0.0,0.7242860198020935,0.9160820245742798,20.318500518798828,0.5375000238418579,193.926405,46.7821786,7.1711,ZTF19aadooun
2458596.8524769,3,842352472715,19.919099807739258,/ztf/archive/sci/2019/0423/352477/ztf_20190423352477_000756_zi_c07_o_q4_scimrefdiffimg.fits.fz,Kulkarni,2,842,27,756,25.645099639892578,3.702140020322986e-06,0.02014710009098053,0.18314599990844727,1.2742700164380949e-05,t15_f5_c3,,,,,,,,,,,,,,,,,,,,,,,,,,,,,,,,,,,,,,,ZTF19aadooun
2458596.8637963,3,842363792715,19.890399932861328,/ztf/archive/sci/2019/0423/363773/ztf_20190423363773_000756_zi_c07_o_q4_scimrefdiffimg.fits.fz,Kulkarni,2,842,27,756,25.631500244140625,3.948030098399613e-06,0.02085999958217144,0.18554900586605072,1.3294299606059212e-05,t15_f5_c3,,,,,,,,,,,,,,,,,,,,,,,,,,,,,,,,,,,,,,,ZTF19aadooun
2458597.7672685,1,843267262715,20.736499786376953,/ztf/archive/sci/2019/0424/267257/ztf_20190424267257_000756_zg_c07_o_q4_scimrefdiffimg.fits.fz,Kulkarni,2,843,27,756,26.194799423217773,1.8624299627845176e-05,0.028987200930714607,-0.0740194022655487,2.639779995661229e-05,t15_f5_c3,8.43267262715015e+17,t,2.0,2282.43994140625,70.45549774169922,193.9262211,46.7813353,20.71179962158203,0.300913006067276,1.2768000364303589,20.786300659179688,0.4187999963760376,2.0791399478912354,20.250999450683594,0.09099999815225601,2.684999942779541,0.20200000703334808,-0.06784000247716904,0.07451199740171432,1.3190699815750122,0.5450000166893005,70.45549774169922,-0.04975200071930885,2.0,0.9290000200271606,0.765999972820282,0.7042850255966187,0.5807129740715027,1.2127900123596191,7.0,0.0,0.36142900586128235,0.7886880040168762,20.808000564575195,0.5482000112533569,193.9264483,46.7818989,6.9802,ZTF19aadooun
2458597.7822338,1,843282232715,20.68549919128418,/ztf/archive/sci/2019/0424/282234/ztf_20190424282234_000756_zg_c07_o_q4_scimrefdiffimg.fits.fz,Kulkarni,2,843,27,756,26.190099716186523,1.5522300600423478e-05,0.026334000751376152,-0.0810299962759018,2.1838099200977013e-05,t15_f5_c3,8.43282232715015e+17,t,1.0,2286.989990234375,68.90709686279297,193.9263424,46.7815074,20.941099166870117,0.3025520145893097,1.1716699600219727,21.528099060058594,0.8413000106811523,1.4150099754333496,20.250999450683594,0.09099999815225601,2.684999942779541,0.20200000703334808,-0.21046599745750427,0.5870479941368103,1.3392599821090698,0.5149999856948853,68.90709686279297,-0.8425869941711426,2.0,0.8240000009536743,0.6740000247955322,0.6152639985084534,0.5032619833946228,1.2225500345230103,7.0,0.0,0.4671429991722107,0.8225340247154236,20.946399688720703,0.6340000033378601,193.9264483,46.7818989,6.09094,ZTF19aadooun
2458597.810081,1,843310082715,20.50830078125,/ztf/archive/sci/2019/0424/310081/ztf_20190424310081_000756_zg_c07_o_q4_scimrefdiffimg.fits.fz,Kulkarni,2,843,27,756,26.188199996948242,1.6358899301849306e-05,0.027043700218200684,-0.06603489816188812,2.3807500838302076e-05,t15_f5_c3,,,,,,,,,,,,,,,,,,,,,,,,,,,,,,,,,,,,,,,ZTF19aadooun
2458597.8193171,2,843319312715,20.474000930786133,/ztf/archive/sci/2019/0424/319317/ztf_20190424319317_000756_zr_c07_o_q4_scimrefdiffimg.fits.fz,Kulkarni,2,843,27,756,26.206899642944336,1.3165899872547016e-05,0.024228500202298164,0.11674199998378754,1.84619002538966e-05,t15_f5_c3,,,,,,,,,,,,,,,,,,,,,,,,,,,,,,,,,,,,,,,ZTF19aadooun
2458597.8409028,2,843340902715,20.23259925842285,/ztf/archive/sci/2019/0424/340856/ztf_20190424340856_000756_zr_c07_o_q4_scimrefdiffimg.fits.fz,Kulkarni,2,843,27,756,26.175199508666992,1.450039962946903e-05,0.025419000536203384,0.1264220029115677,2.038770071521867e-05,t15_f5_c3,8.43340902715015e+17,t,0.0,2301.679931640625,64.86409759521484,193.9262382,46.7814783,20.239200592041016,0.218532994389534,0.9878590106964111,20.31559944152832,0.43389999866485596,2.5280098915100098,19.652000427246094,0.10899999737739563,6.379000186920166,0.7139999866485596,0.18112899363040924,0.07642000168561935,2.7699999809265137,0.9039999842643738,64.86409759521484,-0.08296500146389008,0.9171749949455261,0.843999981880188,0.6830000281333923,0.3046930134296417,0.24657000601291656,1.2357300519943237,6.0,0.0,0.7642859816551208,0.980135977268219,19.952499389648438,0.4004000127315521,193.926405,46.7821786,7.54957,ZTF19aadooun
2458597.8659375,2,843365932715,20.257600784301758,/ztf/archive/sci/2019/0424/365880/ztf_20190424365880_000756_zr_c07_o_q4_scimrefdiffimg.fits.fz,Kulkarni,2,843,27,756,26.196500778198242,1.533539943920914e-05,0.026163900271058083,0.126787006855011,2.1710400687879883e-05,t15_f5_c3,,,,,,,,,,,,,,,,,,,,,,,,,,,,,,,,,,,,,,,ZTF19aadooun
2458598.7437037,1,844243702715,20.805200576782227,/ztf/archive/sci/2019/0425/243692/ztf_20190425243692_000756_zg_c07_o_q4_scimrefdiffimg.fits.fz,Kulkarni,2,844,27,756,26.166799545288086,2.060510087176226e-05,0.030287500470876694,-0.06487909704446793,2.9165399610064924e-05,t15_f5_c3,8.44243702715015e+17,t,1.0,2301.239990234375,29.860200881958008,193.9262922,46.7814896,20.917800903320312,0.3197169899940491,0.891746997833252,20.478200912475586,0.3183000087738037,1.5035799741744995,20.250999450683594,0.09099999815225601,2.684999942779541,0.20200000703334808,0.0794999971985817,-0.439626008272171,1.2311500310897827,0.5809999704360962,29.860200881958008,0.3269810080528259,2.0,0.5789999961853027,0.4480000138282776,0.47029098868370056,0.3638870120048523,1.2924100160598755,8.0,0.0,0.39571401476860046,0.7895539999008179,20.586200714111328,0.4494999945163727,193.9264483,46.7818989,7.02522,ZTF19aadooun
2458598.7646759,1,844264672715,20.818899154663086,/ztf/archive/sci/2019/0425/264676/ztf_20190425264676_000756_zg_c07_o_q4_scimrefdiffimg.fits.fz,Kulkarni,2,844,27,756,26.16629981994629,1.6782300008344464e-05,0.027427399531006813,-0.07598619908094406,2.3587499526911415e-05,t15_f5_c3,8.44264672715015e+17,t,0.0,2328.22998046875,32.7224006652832,193.9263069,46.7814205,20.634300231933594,0.2760370075702667,1.3959800004959106,20.75429916381836,0.4027999937534332,1.754889965057373,20.250999450683594,0.09099999815225601,2.684999942779541,0.20200000703334808,-0.011485000140964985,0.11997099965810776,1.7000000476837158,0.7480000257492065,32.7224006652832,0.06461700052022934,1.452929973602295,0.6019999980926514,0.5270000100135803,0.3541179895401001,0.3100000023841858,1.1423200368881226,5.0,0.0,0.6271430253982544,0.7907519936561584,20.374000549316406,0.36469998955726624,193.9264483,46.7818989,8.85608,ZTF19aadooun
2458598.7888657,1,844288862715,20.827299118041992,/ztf/archive/sci/2019/0425/288866/ztf_20190425288866_000756_zg_c07_o_q4_scimrefdiffimg.fits.fz,Kulkarni,2,844,27,756,26.19179916381836,1.4194300092640333e-05,0.02503330074250698,-0.0957121029496193,1.9972900190623477e-05,t15_f5_c3,,,,,,,,,,,,,,,,,,,,,,,,,,,,,,,,,,,,,,,ZTF19aadooun
2458598.8044097,2,844304402715,20.756799697875977,/ztf/archive/sci/2019/0425/304410/ztf_20190425304410_000756_zr_c07_o_q4_scimrefdiffimg.fits.fz,Kulkarni,2,844,27,756,26.22439956665039,2.0828500055358745e-05,0.030565399676561356,0.10849100351333618,2.967689943034202e-05,t15_f5_c3,8.44304402715015e+17,t,0.0,2303.090087890625,34.064300537109375,193.9262616,46.7814848,20.55139923095703,0.19429199397563934,0.8330010175704956,20.423999786376953,0.3506999909877777,2.490570068359375,19.652000427246094,0.10899999737739563,6.379000186920166,0.7139999866485596,0.062049999833106995,-0.12740199267864227,1.7899999618530273,0.8519999980926514,34.064300537109375,0.332832008600235,1.2557400465011597,0.5860000252723694,0.4819999933242798,0.32737401127815247,0.2692739963531494,1.2157700061798096,7.0,0.0,0.7057139873504639,0.657742977142334,20.050100326538086,0.32010000944137573,193.926405,46.7821786,9.10682,ZTF19aadooun
2458598.8203009,2,844320302715,20.77750015258789,/ztf/archive/sci/2019/0425/320301/ztf_20190425320301_000756_zr_c07_o_q4_scimrefdiffimg.fits.fz,Kulkarni,2,844,27,756,26.207199096679688,2.5786299374885857e-05,0.033624399453401566,0.11013399809598923,3.622769872890785e-05,t15_f5_c3,8.44320302715015e+17,t,0.0,2308.840087890625,33.320499420166016,193.9262386,46.781506,20.421199798583984,0.21473999321460724,1.4507700204849243,20.523799896240234,0.3865000009536743,2.424220085144043,19.652000427246094,0.10899999737739563,6.379000186920166,0.7139999866485596,-0.11103899776935577,0.10258699953556061,2.2799999713897705,0.875,33.320499420166016,0.25374698638916016,0.9621639847755432,0.722000002861023,0.625,0.31666699051856995,0.27412301301956177,1.1552000045776367,7.0,0.0,0.692857027053833,0.9928110241889954,20.10460090637207,0.33869999647140503,193.926405,46.7821786,9.20375,ZTF19aadooun
2458598.9997569,2,844499752715,19.737499237060547,/ztf/archive/sci/2019/0425/499109/ztf_20190425499109_000756_zr_c07_o_q4_scimrefdiffimg.fits.fz,Kulkarni,2,844,27,756,26.054000854492188,1.7498399756732397e-05,0.027729099616408348,0.11954600363969803,2.4702700102352537e-05,t15_f5_c3,,,,,,,,,,,,,,,,,,,,,,,,,,,,,,,,,,,,,,,ZTF19aadooun
2458599.6953125,1,845195312715,20.286699295043945,/ztf/archive/sci/2019/0426/195278/ztf_20190426195278_000756_zg_c07_o_q4_scimrefdiffimg.fits.fz,Kulkarni,2,845,27,756,25.766599655151367,2.425499951641541e-05,0.03249470144510269,-0.08937879651784897,3.548460153979249e-05,t15_f5_c3,,,,,,,,,,,,,,,,,,,,,,,,,,,,,,,,,,,,,,,ZTF19aadooun
2458599.69625,1,845196252715,20.262699127197266,/ztf/archive/sci/2019/0426/196238/ztf_20190426196238_000756_zg_c07_o_q4_scimrefdiffimg.fits.fz,Kulkarni,1,845,27,756,25.737199783325195,2.8549600756377913e-05,0.03535439819097519,-0.09667740017175674,4.2842999391723424e-05,t15_f5_c3,,,,,,,,,,,,,,,,,,,,,,,,,,,,,,,,,,,,,,,ZTF19aadooun
2458598.7437037,1,844243702715,20.805200576782227,/ztf/archive/sci/2019/0425/243692/ztf_20190425243692_000756_zg_c07_o_q4_scimrefdiffimg.fits.fz,Kulkarni,2,844,27,756,26.166799545288086,2.060510087176226e-05,0.030287500470876694,-0.06487909704446793,2.9165399610064924e-05,t15_f5_c3,8.44243702715015e+17,1,1.0,2301.239990234375,29.860200881958008,193.9262922,46.7814896,20.917800903320312,0.3197169899940491,0.891746997833252,20.478200912475586,0.3183000087738037,1.5035799741744995,20.250999450683594,0.09099999815225601,2.684999942779541,0.20200000703334808,0.0794999971985817,-0.439626008272171,1.2311500310897827,0.5809999704360962,29.860200881958008,0.3269810080528259,2.0,0.5789999961853027,0.4480000138282776,0.47029098868370056,0.3638870120048523,1.2924100160598755,8.0,0.0,0.39571401476860046,0.7895539999008179,20.586200714111328,0.4494999945163727,193.9264483,46.7818989,7.02522,ZTF19aadooun
2458598.7646759,1,844264672715,20.818899154663086,/ztf/archive/sci/2019/0425/264676/ztf_20190425264676_000756_zg_c07_o_q4_scimrefdiffimg.fits.fz,Kulkarni,2,844,27,756,26.16629981994629,1.6782300008344464e-05,0.027427399531006813,-0.07598619908094406,2.3587499526911415e-05,t15_f5_c3,8.44264672715015e+17,1,0.0,2328.22998046875,32.7224006652832,193.9263069,46.7814205,20.634300231933594,0.2760370075702667,1.3959800004959106,20.75429916381836,0.4027999937534332,1.754889965057373,20.250999450683594,0.09099999815225601,2.684999942779541,0.20200000703334808,-0.011485000140964985,0.11997099965810776,1.7000000476837158,0.7480000257492065,32.7224006652832,0.06461700052022934,1.452929973602295,0.6019999980926514,0.5270000100135803,0.3541179895401001,0.3100000023841858,1.1423200368881226,5.0,0.0,0.6271430253982544,0.7907519936561584,20.374000549316406,0.36469998955726624,193.9264483,46.7818989,8.85608,ZTF19aadooun
2458599.7454861,1,845245482715,21.302600860595703,/ztf/archive/sci/2019/0426/245058/ztf_20190426245058_000756_zg_c07_o_q4_scimrefdiffimg.fits.fz,Kulkarni,2,845,27,756,27.41309928894043,8.003929906408302e-06,0.018704500049352646,-0.07127170264720917,1.1325400009809528e-05,t15_f5_c3,8.45245482715015e+17,t,0.0,2332.6298828125,56.930599212646484,193.9262734,46.7814425,20.796100616455078,0.15698499977588654,1.779129981994629,21.188199996948242,0.35600000619888306,1.6806399822235107,20.250999450683594,0.09099999815225601,2.684999942779541,0.20200000703334808,-0.43219900131225586,0.39214301109313965,2.0799999237060547,0.9850000143051147,56.930599212646484,0.11443399637937546,1.2797900438308716,0.7179999947547913,0.6389999985694885,0.34519198536872864,0.3072119951248169,1.1236300468444824,5.0,0.0,0.5242859721183777,0.9177839756011963,21.006500244140625,0.3864000141620636,193.9264483,46.7818989,11.7055,ZTF19aadooun
2458599.9429745,2,845442972715,21.20170021057129,/ztf/archive/sci/2019/0426/442755/ztf_20190426442755_000756_zr_c07_o_q4_scimrefdiffimg.fits.fz,Kulkarni,2,845,27,756,27.57699966430664,7.005609950283542e-05,0.055501099675893784,0.09623280167579651,9.972349653253332e-05,t15_f5_c3,,,,,,,,,,,,,,,,,,,,,,,,,,,,,,,,,,,,,,,ZTF19aadooun
2458600.6924306,1,846192432715,20.75860023498535,/ztf/archive/sci/2019/0427/192431/ztf_20190427192431_000756_zg_c07_o_q4_scimrefdiffimg.fits.fz,Kulkarni,2,846,27,756,26.191200256347656,1.3443100215226877e-05,0.024422500282526016,-0.08813989907503128,1.916919973155018e-05,t15_f5_c3,8.46192432715015e+17,1,0.0,2315.77001953125,27.235300064086914,193.9262894,46.7814715,20.87420082092285,0.28366801142692566,0.6284099817276001,21.097900390625,0.5595999956130981,1.5836399793624878,20.250999450683594,0.09099999815225601,2.684999942779541,0.20200000703334808,0.11029399931430817,0.22373400628566742,1.7799999713897705,0.5320000052452087,27.235300064086914,-0.3393299877643585,1.4370299577713013,0.8659999966621399,0.7089999914169312,0.4865170121192932,0.3983150124549866,1.2214399576187134,2.0,0.0,0.5285710096359253,1.0,20.903799057006836,0.6014000177383423,193.9264483,46.7818989,6.40469,ZTF19aadooun
2458600.7205093,1,846220502715,20.506200790405273,/ztf/archive/sci/2019/0427/220486/ztf_20190427220486_000756_zg_c07_o_q4_scimrefdiffimg.fits.fz,Kulkarni,2,846,27,756,26.194499969482422,2.4551700334995985e-05,0.0331105999648571,-0.07606779783964157,3.523029954521917e-05,t15_f5_c3,,,,,,,,,,,,,,,,,,,,,,,,,,,,,,,,,,,,,,,ZTF19aadooun
2458598.8044097,2,844304402715,20.756799697875977,/ztf/archive/sci/2019/0425/304410/ztf_20190425304410_000756_zr_c07_o_q4_scimrefdiffimg.fits.fz,Kulkarni,2,844,27,756,26.22439956665039,2.0828500055358745e-05,0.030565399676561356,0.10849100351333618,2.967689943034202e-05,t15_f5_c3,8.44304402715015e+17,1,0.0,2303.090087890625,34.064300537109375,193.9262616,46.7814848,20.55139923095703,0.19429199397563934,0.8330010175704956,20.423999786376953,0.3506999909877777,2.490570068359375,19.652000427246094,0.10899999737739563,6.379000186920166,0.7139999866485596,0.062049999833106995,-0.12740199267864227,1.7899999618530273,0.8519999980926514,34.064300537109375,0.332832008600235,1.2557400465011597,0.5860000252723694,0.4819999933242798,0.32737401127815247,0.2692739963531494,1.2157700061798096,7.0,0.0,0.7057139873504639,0.657742977142334,20.050100326538086,0.32010000944137573,193.926405,46.7821786,9.10682,ZTF19aadooun
2458602.7220718,1,848222072715,18.996999740600586,/ztf/archive/sci/2019/0429/222049/ztf_20190429222049_000756_zg_c07_o_q4_scimrefdiffimg.fits.fz,Kulkarni,1,848,27,756,24.336299896240234,0.0014337600441649556,0.20374499261379242,-0.11606500297784805,0.0028112500440329313,t15_f5_c3,,,,,,,,,,,,,,,,,,,,,,,,,,,,,,,,,,,,,,,ZTF19aadooun
2458833.9969097,2,1079496905515,19.37470054626465,/ztf/archive/sci/2019/1216/496910/ztf_20191216496910_001755_zr_c14_o_q4_scimrefdiffimg.fits.fz,Kulkarni,2,1079,55,1755,26.220399856567383,3.3799798984546214e-05,0.03842499852180481,0.11822199821472168,4.8647201765561476e-05,t17_f5_c3,,,,,,,,,,,,,,,,,,,,,,,,,,,,,,,,,,,,,,,ZTF19aadooun
2458833.9973611,2,1079497365515,19.312599182128906,/ztf/archive/sci/2019/1216/497361/ztf_20191216497361_001755_zr_c14_o_q4_scimrefdiffimg.fits.fz,Kulkarni,3,1079,55,1755,26.212799072265625,4.004139918833971e-05,0.041076600551605225,0.11047299951314926,5.74906007386744e-05,t17_f5_c3,,,,,,,,,,,,,,,,,,,,,,,,,,,,,,,,,,,,,,,ZTF19aadooun
2458834.0562153,1,1079556215515,19.2549991607666,/ztf/archive/sci/2019/1216/556204/ztf_20191216556204_001755_zg_c14_o_q4_scimrefdiffimg.fits.fz,Kulkarni,2,1079,55,1755,26.301599502563477,5.4461201216327026e-05,0.036996498703956604,-0.023866800591349602,0.00011856399942189455,t17_f5_c3,,,,,,,,,,,,,,,,,,,,,,,,,,,,,,,,,,,,,,,ZTF19aadooun
2458834.0566667,1,1079556665515,19.26289939880371,/ztf/archive/sci/2019/1216/556667/ztf_20191216556667_001755_zg_c14_o_q4_scimrefdiffimg.fits.fz,Kulkarni,3,1079,55,1755,26.309999465942383,7.083520176820457e-05,0.04405590146780014,-0.012652699835598469,0.00015361000259872526,t17_f5_c3,1.07955666551501e+18,f,2.0,1906.199951171875,753.0,193.9261597,46.7815781,19.799999237060547,0.44411399960517883,1.390910029411316,19.528799057006836,0.2703000009059906,0.2520279884338379,19.23699951171875,0.07900000363588333,4.598999977111816,0.296999990940094,0.617093026638031,-0.27115198969841003,2.3271501064300537,0.4000000059604645,753.0,-0.2658810019493103,2.0,1.7630000114440918,1.7109999656677246,0.7575809955596924,0.7352359890937805,1.0303900241851807,4.0,0.0,0.36714300513267517,0.9858899712562561,19.52199935913086,0.3450999855995178,193.9262334,46.7815283,5.13684,ZTF19aadooun
2458837.007037,2,1082507032715,20.158199310302734,/ztf/archive/sci/2019/1219/506887/ztf_20191219506887_000756_zr_c07_o_q4_scimrefdiffimg.fits.fz,Kulkarni,1,1082,27,756,26.308700561523438,2.2439500753534958e-05,0.031186800450086594,0.11015000194311142,3.122480120509863e-05,t17_f5_c3,,,,,,,,,,,,,,,,,,,,,,,,,,,,,,,,,,,,,,,ZTF19aadooun
2458837.0581597,1,1082558152715,20.207000732421875,/ztf/archive/sci/2019/1219/558137/ztf_20191219558137_000756_zg_c07_o_q4_scimrefdiffimg.fits.fz,Kulkarni,1,1082,27,756,26.327199935913086,3.0799699743511155e-05,0.036284901201725006,-0.13756799697875977,4.481510040932335e-05,t17_f5_c3,,,,,,,,,,,,,,,,,,,,,,,,,,,,,,,,,,,,,,,ZTF19aadooun
2458837.0677662,1,1082567762715,20.18709945678711,/ztf/archive/sci/2019/1219/567766/ztf_20191219567766_000756_zg_c07_o_q4_scimrefdiffimg.fits.fz,Kulkarni,1,1082,27,756,26.323699951171875,3.058329821215011e-05,0.036218199878931046,-0.11322899907827377,4.40459989476949e-05,t17_f5_c3,,,,,,,,,,,,,,,,,,,,,,,,,,,,,,,,,,,,,,,ZTF19aadooun
2458837.0673148,1,1082567315515,20.336999893188477,/ztf/archive/sci/2019/1219/567303/ztf_20191219567303_001755_zg_c14_o_q4_scimrefdiffimg.fits.fz,Kulkarni,2,1082,55,1755,26.35099983215332,2.128689993696753e-05,0.03149149939417839,-0.05890680104494095,3.149110125377774e-05,t17_f5_c3,1.08256731551501e+18,f,2.0,1902.27001953125,792.7839965820312,193.9261697,46.7814478,19.871000289916992,0.17663800716400146,1.7006299495697021,19.9689998626709,0.3034999966621399,0.32550299167633057,19.23699951171875,0.07900000363588333,4.598999977111816,0.296999990940094,0.083917997777462,0.09802699834108353,2.1600000858306885,0.996999979019165,792.7839965820312,0.3679549992084503,1.0839600563049316,0.7689999938011169,0.6700000166893005,0.356018990278244,0.3101849853992462,1.147760033607483,6.0,0.0,0.9371430277824402,0.9761580228805542,19.99340057373047,0.3982999920845032,193.9262334,46.7815283,11.2081,ZTF19aadooun
2458837.0682176,1,1082568215515,20.26110076904297,/ztf/archive/sci/2019/1219/568218/ztf_20191219568218_001755_zg_c14_o_q4_scimrefdiffimg.fits.fz,Kulkarni,3,1082,55,1755,26.332199096679688,2.0021499949507415e-05,0.030217599123716354,-0.04634829983115196,3.0250199415604584e-05,t17_f5_c3,1.08256821551501e+18,f,3.0,1902.06005859375,792.802001953125,193.9262391,46.7814535,19.584199905395508,0.15294699370861053,1.6937400102615356,19.35449981689453,0.18000000715255737,0.2661220133304596,19.23699951171875,0.07900000363588333,4.598999977111816,0.296999990940094,-0.010006999596953392,-0.22972500324249268,2.5299999713897705,0.9760000109672546,792.802001953125,0.9066060185432434,0.9475600123405457,0.8679999709129333,0.8339999914169312,0.343082994222641,0.32964399456977844,1.0407700538635254,4.0,0.0,0.945713996887207,1.0,19.31529998779297,0.22310000658035278,193.9262334,46.7815283,13.9353,ZTF19aadooun
2458847.0610069,1,1092561002715,20.72170066833496,/ztf/archive/sci/2019/1229/560984/ztf_20191229560984_000756_zg_c07_o_q4_scimrefdiffimg.fits.fz,Kulkarni,1,1092,27,756,26.330699920654297,3.931720129912719e-05,0.041514500975608826,-0.14075499773025513,5.524290099856444e-05,t17_f5_c3,,,,,,,,,,,,,,,,,,,,,,,,,,,,,,,,,,,,,,,ZTF19aadooun
2458852.0305556,1,1097530555515,19.750699996948242,/ztf/archive/sci/2020/0103/530556/ztf_20200103530556_001755_zg_c14_o_q4_scimrefdiffimg.fits.fz,Kulkarni,2,1097,55,1755,25.949100494384766,3.0263399821706116e-05,0.035219401121139526,-0.044533200562000275,5.6557499192422256e-05,t17_f5_c3,1.09753055551501e+18,0,2.0,1920.8399658203125,774.1950073242188,193.9262108,46.7815029,19.539100646972656,0.21941499412059784,1.2259999513626099,19.286800384521484,0.18299999833106995,0.10577599704265594,19.23699951171875,0.07900000363588333,4.598999977111816,0.296999990940094,0.6228190064430237,-0.2523210048675537,7.510000228881836,0.6100000143051147,774.1950073242188,0.46391499042510986,0.4746580123901367,1.7000000476837158,1.4270000457763672,0.22636500000953674,0.19001300632953644,1.1913100481033325,4.0,0.0,0.32571399211883545,0.9920290112495422,19.168500900268555,0.21070000529289246,193.9262334,46.7815283,9.21398,ZTF19aadooun
2458939.7440741,3,1185244072715,19.80299949645996,/ztf/archive/sci/2020/0331/244028/ztf_20200331244028_000756_zi_c07_o_q4_scimrefdiffimg.fits.fz,Kulkarni,2,1185,27,756,26.275699615478516,4.687240107159596e-06,0.022663699463009834,0.17656099796295166,1.535949922981672e-05,t17_f5_c3,,,,,,,,,,,,,,,,,,,,,,,,,,,,,,,,,,,,,,,ZTF19aadooun
2458939.7648958,3,1185264892715,19.645299911499023,/ztf/archive/sci/2020/0331/264873/ztf_20200331264873_000756_zi_c07_o_q4_scimrefdiffimg.fits.fz,Kulkarni,2,1185,27,756,26.095300674438477,5.1558799896156415e-06,0.0236090999096632,0.18392899632453918,1.707860064925626e-05,t17_f5_c3,,,,,,,,,,,,,,,,,,,,,,,,,,,,,,,,,,,,,,,ZTF19aadooun
2458939.8028472,1,1185302842715,19.975000381469727,/ztf/archive/sci/2020/0331/302824/ztf_20200331302824_000756_zg_c07_o_q4_scimrefdiffimg.fits.fz,Kulkarni,2,1185,27,756,25.744400024414062,3.063249823753722e-05,0.03635910153388977,-0.07777909934520721,4.6353499783435836e-05,t17_f5_c3,,,,,,,,,,,,,,,,,,,,,,,,,,,,,,,,,,,,,,,ZTF19aadooun
2458939.8310185,1,1185331012715,19.733200073242188,/ztf/archive/sci/2020/0331/331007/ztf_20200331331007_000756_zg_c07_o_q4_scimrefdiffimg.fits.fz,Kulkarni,2,1185,27,756,25.482200622558594,4.1506198613205925e-05,0.041239600628614426,-0.07708229869604111,6.846489850431681e-05,t17_f5_c3,,,,,,,,,,,,,,,,,,,,,,,,,,,,,,,,,,,,,,,ZTF19aadooun
2458939.8456134,1,1185345612715,20.028900146484375,/ztf/archive/sci/2020/0331/345602/ztf_20200331345602_000756_zg_c07_o_q4_scimrefdiffimg.fits.fz,TESS,1,1185,27,756,25.827299118041992,3.515779826557264e-05,0.038348499685525894,-0.09833560138940811,5.3484800446312875e-05,t17_f5_c3,,,,,,,,,,,,,,,,,,,,,,,,,,,,,,,,,,,,,,,ZTF19aadooun
2458939.8937847,2,1185393782715,19.673099517822266,/ztf/archive/sci/2020/0331/393773/ztf_20200331393773_000756_zr_c07_o_q4_scimrefdiffimg.fits.fz,Kulkarni,2,1185,27,756,25.728200912475586,1.9467999663902447e-05,0.029152899980545044,0.11847300082445145,2.7300300644128583e-05,t17_f5_c3,,,,,,,,,,,,,,,,,,,,,,,,,,,,,,,,,,,,,,,ZTF19aadooun
2458939.8992361,2,1185399232715,18.695899963378906,/ztf/archive/sci/2020/0331/399225/ztf_20200331399225_000756_zr_c07_o_q4_scimrefdiffimg.fits.fz,TESS,1,1185,27,756,24.86829948425293,3.60806989192497e-05,0.03755449876189232,0.1292549967765808,5.1387800340307876e-05,t17_f5_c3,,,,,,,,,,,,,,,,,,,,,,,,,,,,,,,,,,,,,,,ZTF19aadooun
2458939.9001852,2,1185400182715,18.19860076904297,/ztf/archive/sci/2020/0331/400162/ztf_20200331400162_000756_zr_c07_o_q4_scimrefdiffimg.fits.fz,Kulkarni,2,1185,27,756,24.464599609375,8.4139101090841e-05,0.05183370038866997,0.10103700309991837,0.0001293560053454712,t17_f5_c3,,,,,,,,,,,,,,,,,,,,,,,,,,,,,,,,,,,,,,,ZTF19aadooun
2458940.823044,3,1186323042715,18.92099952697754,/ztf/archive/sci/2020/0401/323044/ztf_20200401323044_000756_zi_c07_o_q4_scimrefdiffimg.fits.fz,Kulkarni,2,1186,27,756,25.607999801635742,2.6900799639406614e-05,0.053711000829935074,0.1803400069475174,8.98357029655017e-05,t17_f5_c3,,,,,,,,,,,,,,,,,,,,,,,,,,,,,,,,,,,,,,,ZTF19aadooun
2458940.8860532,1,1186386052715,20.254499435424805,/ztf/archive/sci/2020/0401/386053/ztf_20200401386053_000756_zg_c07_o_q4_scimrefdiffimg.fits.fz,Kulkarni,2,1186,27,756,25.7903995513916,6.085290078772232e-05,0.05127760022878647,-0.10125499963760376,8.983619773061946e-05,t17_f5_c3,,,,,,,,,,,,,,,,,,,,,,,,,,,,,,,,,,,,,,,ZTF19aadooun
2458940.9078356,2,1186407832715,17.943500518798828,/ztf/archive/sci/2020/0401/407789/ztf_20200401407789_000756_zr_c07_o_q4_scimrefdiffimg.fits.fz,Kulkarni,2,1186,27,756,24.13520050048828,9.926930215442553e-05,0.051402099430561066,0.11402799934148788,0.00016852699627634138,t17_f5_c3,,,,,,,,,,,,,,,,,,,,,,,,,,,,,,,,,,,,,,,ZTF19aadooun
2458940.9092245,2,1186409222715,17.793500900268555,/ztf/archive/sci/2020/0401/409225/ztf_20200401409225_000756_zr_c07_o_q4_scimrefdiffimg.fits.fz,TESS,1,1186,27,756,23.90559959411621,0.00030777198844589293,0.08416560292243958,0.07409720122814178,0.0005206710193306208,t17_f5_c3,,,,,,,,,,,,,,,,,,,,,,,,,,,,,,,,,,,,,,,ZTF19aadooun
2458954.7684491,2,1200268442715,20.7096004486084,/ztf/archive/sci/2020/0415/268449/ztf_20200415268449_000756_zr_c07_o_q4_scimrefdiffimg.fits.fz,TESS,1,1200,27,756,26.287099838256836,1.5719999282737263e-05,0.026090199127793312,0.11252199858427048,2.2055499357520603e-05,t17_f5_c3,,,,,,,,,,,,,,,,,,,,,,,,,,,,,,,,,,,,,,,ZTF19aadooun
2458954.8078472,1,1200307842715,20.75349998474121,/ztf/archive/sci/2020/0415/307847/ztf_20200415307847_000756_zg_c07_o_q4_scimrefdiffimg.fits.fz,Kulkarni,2,1200,27,756,26.26689910888672,3.626109901233576e-05,0.03983199968934059,-0.14132100343704224,5.0971400924026966e-05,t17_f5_c3,,,,,,,,,,,,,,,,,,,,,,,,,,,,,,,,,,,,,,,ZTF19aadooun
2458954.80875,1,1200308742715,20.76140022277832,/ztf/archive/sci/2020/0415/308750/ztf_20200415308750_000756_zg_c07_o_q4_scimrefdiffimg.fits.fz,TESS,1,1200,27,756,26.243799209594727,2.7460699129733257e-05,0.03457929939031601,-0.11514300107955933,3.8527199649252e-05,t17_f5_c3,,,,,,,,,,,,,,,,,,,,,,,,,,,,,,,,,,,,,,,ZTF19aadooun
2458954.8379398,3,1200337932715,20.316999435424805,/ztf/archive/sci/2020/0415/337940/ztf_20200415337940_000756_zi_c07_o_q4_scimrefdiffimg.fits.fz,Kulkarni,2,1200,27,756,25.721900939941406,4.1644198063295335e-06,0.021191099658608437,0.1859229952096939,1.3890299669583328e-05,t17_f5_c3,,,,,,,,,,,,,,,,,,,,,,,,,,,,,,,,,,,,,,,ZTF19aadooun
2458954.8592824,3,1200359282715,20.20840072631836,/ztf/archive/sci/2020/0415/359282/ztf_20200415359282_000756_zi_c07_o_q4_scimrefdiffimg.fits.fz,Kulkarni,2,1200,27,756,25.698200225830078,4.732120032713283e-06,0.022548699751496315,0.18976600468158722,1.613909989828244e-05,t17_f5_c3,,,,,,,,,,,,,,,,,,,,,,,,,,,,,,,,,,,,,,,ZTF19aadooun
2458954.8859259,1,1200385922715,20.503999710083008,/ztf/archive/sci/2020/0415/385880/ztf_20200415385880_000756_zg_c07_o_q4_scimrefdiffimg.fits.fz,Kulkarni,2,1200,27,756,26.23979949951172,3.273100082878955e-05,0.0376586988568306,-0.11612100154161453,4.6473200200125575e-05,t17_f5_c3,,,,,,,,,,,,,,,,,,,,,,,,,,,,,,,,,,,,,,,ZTF19aadooun
2458955.7594444,2,1201259442715,20.759899139404297,/ztf/archive/sci/2020/0416/259433/ztf_20200416259433_000756_zr_c07_o_q4_scimrefdiffimg.fits.fz,Kulkarni,2,1201,27,756,26.279600143432617,2.206839963037055e-05,0.03108919970691204,0.1151140034198761,3.092889892286621e-05,t17_f5_c3,,,,,,,,,,,,,,,,,,,,,,,,,,,,,,,,,,,,,,,ZTF19aadooun
2458955.7603935,2,1201260392715,20.716999053955078,/ztf/archive/sci/2020/0416/260370/ztf_20200416260370_000756_zr_c07_o_q4_scimrefdiffimg.fits.fz,Kulkarni,1,1201,27,756,26.256900787353516,1.3818000297760591e-05,0.024715499952435493,0.11574900150299072,1.937100023496896e-05,t17_f5_c3,,,,,,,,,,,,,,,,,,,,,,,,,,,,,,,,,,,,,,,ZTF19aadooun
2458955.8110417,1,1201311042715,20.79669952392578,/ztf/archive/sci/2020/0416/311030/ztf_20200416311030_000756_zg_c07_o_q4_scimrefdiffimg.fits.fz,Kulkarni,2,1201,27,756,26.28190040588379,2.8155000109109096e-05,0.03490139916539192,-0.13438400626182556,3.979960092692636e-05,t17_f5_c3,,,,,,,,,,,,,,,,,,,,,,,,,,,,,,,,,,,,,,,ZTF19aadooun
2458955.8119444,1,1201311942715,20.77280044555664,/ztf/archive/sci/2020/0416/311944/ztf_20200416311944_000756_zg_c07_o_q4_scimrefdiffimg.fits.fz,Kulkarni,1,1201,27,756,26.279699325561523,3.1390100048156455e-05,0.03706520050764084,-0.13679300248622894,4.390559843159281e-05,t17_f5_c3,,,,,,,,,,,,,,,,,,,,,,,,,,,,,,,,,,,,,,,ZTF19aadooun
2458955.8251042,1,1201325102715,20.82360076904297,/ztf/archive/sci/2020/0416/325104/ztf_20200416325104_000756_zg_c07_o_q4_scimrefdiffimg.fits.fz,Kulkarni,2,1201,27,756,26.276100158691406,3.139859836664982e-05,0.03704589977860451,-0.13018499314785004,4.421320045366883e-05,t17_f5_c3,,,,,,,,,,,,,,,,,,,,,,,,,,,,,,,,,,,,,,,ZTF19aadooun
2458955.844456,3,1201344452715,20.08880043029785,/ztf/archive/sci/2020/0416/344456/ztf_20200416344456_000756_zi_c07_o_q4_scimrefdiffimg.fits.fz,Kulkarni,2,1201,27,756,25.706199645996094,3.0447899916907772e-06,0.018206600099802017,0.18491999804973602,1.0004800060414709e-05,t17_f5_c3,,,,,,,,,,,,,,,,,,,,,,,,,,,,,,,,,,,,,,,ZTF19aadooun
2458955.8596991,3,1201359692715,20.039100646972656,/ztf/archive/sci/2020/0416/359653/ztf_20200416359653_000756_zi_c07_o_q4_scimrefdiffimg.fits.fz,Kulkarni,2,1201,27,756,25.699199676513672,4.029870069643948e-06,0.020880399271845818,0.1863349974155426,1.3515599675884005e-05,t17_f5_c3,,,,,,,,,,,,,,,,,,,,,,,,,,,,,,,,,,,,,,,ZTF19aadooun
2458956.7855324,2,1202285535515,20.632999420166016,/ztf/archive/sci/2020/0417/285532/ztf_20200417285532_001755_zr_c14_o_q4_scimrefdiffimg.fits.fz,Kulkarni,2,1202,55,1755,26.20009994506836,1.811319998523686e-05,0.02881390042603016,0.10892300307750702,2.6543000785750337e-05,t17_f5_c3,,,,,,,,,,,,,,,,,,,,,,,,,,,,,,,,,,,,,,,ZTF19aadooun
2458956.7868866,2,1202286882715,20.626100540161133,/ztf/archive/sci/2020/0417/286887/ztf_20200417286887_000756_zr_c07_o_q4_scimrefdiffimg.fits.fz,Kulkarni,1,1202,27,756,26.236299514770508,1.7628499335842207e-05,0.027716699987649918,0.1037840023636818,2.467030026309658e-05,t17_f5_c3,,,,,,,,,,,,,,,,,,,,,,,,,,,,,,,,,,,,,,,ZTF19aadooun
2460794.8299653,2,3040329962715,20.365999221801758,/ztf/archive/sci/2025/0429/329931/ztf_20250429329931_000756_zr_c07_o_q4_scimrefdiffimg.fits.fz,Kulkarni,1,3040,27,756,26.252700805664062,1.5931500456645153e-05,0.026510700583457947,0.12300200015306473,2.2412499674828723e-05,t17_f5_c3,,,,,,,,,,,,,,,,,,,,,,,,,,,,,,,,,,,,,,,ZTF19aadooun
2460795.9500231,2,3041450022715,19.889299392700195,/ztf/archive/sci/2025/0430/450012/ztf_20250430450012_000756_zr_c07_o_q4_scimrefdiffimg.fits.fz,Kasliwal/Graham,2,3041,27,756,26.188199996948242,9.785510337678716e-05,0.06538350135087967,0.1321289986371994,0.00014025300333742052,t17_f5_c3,,,,,,,,,,,,,,,,,,,,,,,,,,,,,,,,,,,,,,,ZTF19aadooun
2460796.7787037,2,3042278702715,20.908700942993164,/ztf/archive/sci/2025/0501/278681/ztf_20250501278681_000756_zr_c07_o_q4_scimrefdiffimg.fits.fz,Kulkarni,1,3042,27,756,26.31049919128418,2.746659993135836e-05,0.034949399530887604,0.10411500185728073,3.9079099224181846e-05,t17_f5_c3,,,,,,,,,,,,,,,,,,,,,,,,,,,,,,,,,,,,,,,ZTF19aadooun
2460796.8232407,1,3042323242715,20.9325008392334,/ztf/archive/sci/2025/0501/323241/ztf_20250501323241_000756_zg_c07_o_q4_scimrefdiffimg.fits.fz,Kulkarni,1,3042,27,756,26.379499435424805,3.590379856177606e-05,0.039494700729846954,-0.17712000012397766,5.076829984318465e-05,t17_f5_c3,,,,,,,,,,,,,,,,,,,,,,,,,,,,,,,,,,,,,,,ZTF19aadooun
2460798.8026273,2,3044302622715,20.56760025024414,/ztf/archive/sci/2025/0503/302616/ztf_20250503302616_000756_zr_c07_o_q4_scimrefdiffimg.fits.fz,Kulkarni,1,3044,27,756,26.266599655151367,2.3023399990051985e-05,0.031533800065517426,0.11908899992704391,3.2624800951452926e-05,t17_f5_c3,,,,,,,,,,,,,,,,,,,,,,,,,,,,,,,,,,,,,,,ZTF19aadooun
2460798.8233796,1,3044323372715,20.608699798583984,/ztf/archive/sci/2025/0503/323368/ztf_20250503323368_000756_zg_c07_o_q4_scimrefdiffimg.fits.fz,Kulkarni,1,3044,27,756,26.24970054626465,2.141659933840856e-05,0.030430300161242485,-0.11734499782323837,3.049500082852319e-05,t17_f5_c3,,,,,,,,,,,,,,,,,,,,,,,,,,,,,,,,,,,,,,,ZTF19aadooun
2460803.9030093,1,3049403002715,19.611799240112305,/ztf/archive/sci/2025/0508/402998/ztf_20250508402998_000756_zg_c07_o_q4_scimrefdiffimg.fits.fz,Kulkarni,1,3049,27,756,26.20509910583496,3.051900057471357e-05,0.03455280140042305,-0.05935940146446228,5.056329973740503e-05,t17_f5_c3,,,,,,,,,,,,,,,,,,,,,,,,,,,,,,,,,,,,,,,ZTF19aadooun
2460805.7834954,1,3051283492715,19.748600006103516,/ztf/archive/sci/2025/0510/283495/ztf_20250510283495_000756_zg_c07_o_q4_scimrefdiffimg.fits.fz,Kulkarni,1,3051,27,756,26.30660057067871,2.9227800041553564e-05,0.03420940041542053,-0.08422219753265381,4.8920101107796654e-05,t17_f5_c3,,,,,,,,,,,,,,,,,,,,,,,,,,,,,,,,,,,,,,,ZTF19aadooun
2460805.8630787,2,3051363072715,19.836299896240234,/ztf/archive/sci/2025/0510/363067/ztf_20250510363067_000756_zr_c07_o_q4_scimrefdiffimg.fits.fz,Kulkarni,1,3051,27,756,26.287200927734375,1.96880992007209e-05,0.02920359931886196,0.12171100080013275,2.776220026134979e-05,t17_f5_c3,,,,,,,,,,,,,,,,,,,,,,,,,,,,,,,,,,,,,,,ZTF19aadooun
2460807.7403009,1,3053240302715,19.716999053955078,/ztf/archive/sci/2025/0512/240231/ztf_20250512240231_000756_zg_c07_o_q4_scimrefdiffimg.fits.fz,Kulkarni,1,3053,27,756,26.297800064086914,2.2672800696454942e-05,0.029923200607299805,-0.054209399968385696,3.8211699575185776e-05,t17_f5_c3,,,,,,,,,,,,,,,,,,,,,,,,,,,,,,,,,,,,,,,ZTF19aadooun
2460807.7597569,2,3053259752715,19.86829948425293,/ztf/archive/sci/2025/0512/259757/ztf_20250512259757_000756_zr_c07_o_q4_scimrefdiffimg.fits.fz,Kulkarni,1,3053,27,756,26.307899475097656,2.045740075118374e-05,0.029930200427770615,0.13839100301265717,2.886500078602694e-05,t17_f5_c3,,,,,,,,,,,,,,,,,,,,,,,,,,,,,,,,,,,,,,,ZTF19aadooun
2460811.7429514,1,3057242952715,20.626699447631836,/ztf/archive/sci/2025/0516/242882/ztf_20250516242882_000756_zg_c07_o_q4_scimrefdiffimg.fits.fz,Kulkarni,1,3057,27,756,26.30780029296875,2.340669925615657e-05,0.03211750090122223,-0.12452200055122375,3.356740126037039e-05,t17_f5_c3,,,,,,,,,,,,,,,,,,,,,,,,,,,,,,,,,,,,,,,ZTF19aadooun
2460811.7622801,2,3057262282715,20.45170021057129,/ztf/archive/sci/2025/0516/262280/ztf_20250516262280_000756_zr_c07_o_q4_scimrefdiffimg.fits.fz,Kulkarni,1,3057,27,756,26.31170082092285,1.4754699805052951e-05,0.02556079998612404,0.10954400151968002,2.090720045089256e-05,t17_f5_c3,,,,,,,,,,,,,,,,,,,,,,,,,,,,,,,,,,,,,,,ZTF19aadooun
2460816.7574537,2,3062257452715,20.553800582885742,/ztf/archive/sci/2025/0521/257442/ztf_20250521257442_000756_zr_c07_o_q4_scimrefdiffimg.fits.fz,Kulkarni,1,3062,27,756,26.30069923400879,1.3432800187729299e-05,0.0241737999022007,0.11194100230932236,1.914329914143309e-05,t17_f5_c3,,,,,,,,,,,,,,,,,,,,,,,,,,,,,,,,,,,,,,,ZTF19aadooun
2460816.8218056,1,3062321802715,20.426300048828125,/ztf/archive/sci/2025/0521/321794/ztf_20250521321794_000756_zg_c07_o_q4_scimrefdiffimg.fits.fz,Kulkarni,1,3062,27,756,26.275400161743164,2.475990004313644e-05,0.032641198486089706,-0.104203000664711,3.528290108079091e-05,t17_f5_c3,,,,,,,,,,,,,,,,,,,,,,,,,,,,,,,,,,,,,,,ZTF19aadooun
2460818.7578472,2,3064257842715,20.758100509643555,/ztf/archive/sci/2025/0523/257743/ztf_20250523257743_000756_zr_c07_o_q4_scimrefdiffimg.fits.fz,Kulkarni,1,3064,27,756,26.32699966430664,1.5187600183708128e-05,0.02559109963476658,0.11097399890422821,2.1543399270740338e-05,t17_f5_c3,,,,,,,,,,,,,,,,,,,,,,,,,,,,,,,,,,,,,,,ZTF19aadooun
2460818.8290741,1,3064329072715,20.600200653076172,/ztf/archive/sci/2025/0523/328924/ztf_20250523328924_000756_zg_c07_o_q4_scimrefdiffimg.fits.fz,Kulkarni,1,3064,27,756,26.296499252319336,1.8598500901134685e-05,0.028399499133229256,-0.11704199761152267,2.6781099222716875e-05,t17_f5_c3,,,,,,,,,,,,,,,,,,,,,,,,,,,,,,,,,,,,,,,ZTF19aadooun
2460820.7411458,1,3066241145515,20.202999114990234,/ztf/archive/sci/2025/0525/241134/ztf_20250525241134_001755_zg_c14_o_q4_scimrefdiffimg.fits.fz,Kulkarni,2,3066,55,1755,26.187000274658203,2.8498599931481294e-05,0.036442600190639496,-0.022033600136637688,4.456449823919684e-05,t17_f5_c3,3.06624114551501e+18,f,1.0,1914.18994140625,834.0969848632812,193.9261462,46.7814336,19.67300033569336,0.17607800662517548,1.5152900218963623,19.645999908447266,0.20260000228881836,0.3979730010032654,19.23699951171875,0.07900000363588333,4.598999977111816,0.296999990940094,0.20818699896335602,-0.027024999260902405,3.8399999141693115,0.9700000286102295,834.0969848632812,0.5569639801979065,0.779865026473999,1.1239999532699585,0.9890000224113464,0.29270800948143005,0.25755199790000916,1.1365000009536743,4.0,0.0,0.9042860269546509,0.9982280135154724,19.895599365234375,0.32739999890327454,193.9262334,46.7815283,10.7258,ZTF19aadooun
2460820.7416204,1,3066241625515,20.319900512695312,/ztf/archive/sci/2025/0525/241609/ztf_20250525241609_001755_zg_c14_o_q4_scimrefdiffimg.fits.fz,Kulkarni,3,3066,55,1755,26.26219940185547,2.1909299903200008e-05,0.03185880184173584,-0.03187429904937744,3.351990017108619e-05,t17_f5_c3,3.06624162551501e+18,f,3.0,1914.1500244140625,833.9169921875,193.9262389,46.7813703,19.685199737548828,0.1713780015707016,0.9822360277175903,19.46980094909668,0.15299999713897705,0.5620250105857849,19.23699951171875,0.07900000363588333,4.598999977111816,0.296999990940094,0.2926500141620636,-0.21537800133228302,4.010000228881836,0.8379999995231628,833.9169921875,0.8501099944114685,0.761385977268219,1.2690000534057617,1.1419999599456787,0.3164590001106262,0.28478801250457764,1.1112099885940552,2.0,0.0,0.7699999809265137,1.0,19.436100006103516,0.19020000100135803,193.9262334,46.7815283,10.2125,ZTF19aadooun
2460820.7582639,2,3066258265515,20.13719940185547,/ztf/archive/sci/2025/0525/258241/ztf_20250525258241_001755_zr_c14_o_q4_scimrefdiffimg.fits.fz,Kulkarni,2,3066,55,1755,26.196699142456055,1.826090010581538e-05,0.02914310060441494,0.12495999783277512,2.6932399123325013e-05,t17_f5_c3,,,,,,,,,,,,,,,,,,,,,,,,,,,,,,,,,,,,,,,ZTF19aadooun
2460820.7587384,2,3066258735515,20.249500274658203,/ztf/archive/sci/2025/0525/258727/ztf_20250525258727_001755_zr_c14_o_q4_scimrefdiffimg.fits.fz,Kulkarni,3,3066,55,1755,26.18589973449707,1.4466900211118627e-05,0.025879399850964546,0.12938299775123596,2.1156700313440524e-05,t17_f5_c3,,,,,,,,,,,,,,,,,,,,,,,,,,,,,,,,,,,,,,,ZTF19aadooun
2460820.8028241,2,3066302822715,19.545700073242188,/ztf/archive/sci/2025/0525/302812/ztf_20250525302812_000756_zr_c07_o_q4_scimrefdiffimg.fits.fz,Kulkarni,1,3066,27,756,25.678800582885742,3.641540024545975e-05,0.040029000490903854,0.11453399807214737,5.158460044185631e-05,t17_f5_c3,,,,,,,,,,,,,,,,,,,,,,,,,,,,,,,,,,,,,,,ZTF19aadooun
2460820.8234954,1,3066323492715,20.45039939880371,/ztf/archive/sci/2025/0525/323495/ztf_20250525323495_000756_zg_c07_o_q4_scimrefdiffimg.fits.fz,Kulkarni,1,3066,27,756,26.22170066833496,2.272769961564336e-05,0.03166760131716728,-0.11009600013494492,3.289400046924129e-05,t17_f5_c3,,,,,,,,,,,,,,,,,,,,,,,,,,,,,,,,,,,,,,,ZTF19aadooun
2460822.8071644,1,3068307162715,20.686599731445312,/ztf/archive/sci/2025/0527/307164/ztf_20250527307164_000756_zg_c07_o_q4_scimrefdiffimg.fits.fz,Kulkarni,1,3068,27,756,26.230300903320312,2.5564799216226675e-05,0.03343550115823746,-0.10736499726772308,3.660669972305186e-05,t17_f5_c3,,,,,,,,,,,,,,,,,,,,,,,,,,,,,,,,,,,,,,,ZTF19aadooun
2460822.8511227,2,3068351122715,20.44099998474121,/ztf/archive/sci/2025/0527/351111/ztf_20250527351111_000756_zr_c07_o_q4_scimrefdiffimg.fits.fz,Kulkarni,1,3068,27,756,26.17329978942871,1.3439899703371339e-05,0.024133900180459023,0.1152309998869896,1.917100053105969e-05,t17_f5_c3,,,,,,,,,,,,,,,,,,,,,,,,,,,,,,,,,,,,,,,ZTF19aadooun
2460824.7633218,1,3070263322715,20.811899185180664,/ztf/archive/sci/2025/0529/263183/ztf_20250529263183_000756_zg_c07_o_q4_scimrefdiffimg.fits.fz,Kulkarni,1,3070,27,756,26.241600036621094,3.306769940536469e-05,0.03787659853696823,-0.11550799757242203,4.710239954874851e-05,t17_f5_c3,,,,,,,,,,,,,,,,,,,,,,,,,,,,,,,,,,,,,,,ZTF19aadooun
2460824.800162,2,3070300162715,20.6112003326416,/ztf/archive/sci/2025/0529/300162/ztf_20250529300162_000756_zr_c07_o_q4_scimrefdiffimg.fits.fz,Kulkarni,1,3070,27,756,26.294099807739258,1.298749975831015e-05,0.023586200550198555,0.10175500065088272,1.8366799849900417e-05,t17_f5_c3,,,,,,,,,,,,,,,,,,,,,,,,,,,,,,,,,,,,,,,ZTF19aadooun
2460826.850706,2,3072350702715,18.684600830078125,/ztf/archive/sci/2025/0531/350706/ztf_20250531350706_000756_zr_c07_o_q4_scimrefdiffimg.fits.fz,Kulkarni,1,3072,27,756,25.246700286865234,4.823259951081127e-05,0.04474350064992905,0.10953400284051895,6.971159746171907e-05,t17_f5_c3,,,,,,,,,,,,,,,,,,,,,,,,,,,,,,,,,,,,,,,ZTF19aadooun
2460826.8955903,1,3072395592715,19.226499557495117,/ztf/archive/sci/2025/0531/395544/ztf_20250531395544_000756_zg_c07_o_q4_scimrefdiffimg.fits.fz,Kulkarni,1,3072,27,756,25.743799209594727,0.00011700599861796945,0.062457699328660965,-0.037295401096343994,0.00023183500161394477,t17_f5_c3,,,,,,,,,,,,,,,,,,,,,,,,,,,,,,,,,,,,,,,ZTF19aadooun
2460829.7216551,1,3075221652715,20.108400344848633,/ztf/archive/sci/2025/0603/221644/ztf_20250603221644_000756_zg_c07_o_q4_scimrefdiffimg.fits.fz,Kulkarni,1,3075,27,756,26.239500045776367,2.7691599825629964e-05,0.03473680093884468,-0.0645383968949318,4.1634000808699057e-05,t17_f5_c3,,,,,,,,,,,,,,,,,,,,,,,,,,,,,,,,,,,,,,,ZTF19aadooun
2460829.7644329,2,3075264432715,20.123199462890625,/ztf/archive/sci/2025/0603/264421/ztf_20250603264421_000756_zr_c07_o_q4_scimrefdiffimg.fits.fz,Kulkarni,1,3075,27,756,26.23310089111328,1.4356700376083609e-05,0.02506439946591854,0.12525099515914917,2.0355300875962712e-05,t17_f5_c3,,,,,,,,,,,,,,,,,,,,,,,,,,,,,,,,,,,,,,,ZTF19aadooun
2460831.7195949,1,3077219592715,20.107200622558594,/ztf/archive/sci/2025/0605/219583/ztf_20250605219583_000756_zg_c07_o_q4_scimrefdiffimg.fits.fz,Kulkarni,1,3077,27,756,26.244400024414062,4.231269849697128e-05,0.04275219887495041,-0.06131809949874878,6.368209869833663e-05,t17_f5_c3,,,,,,,,,,,,,,,,,,,,,,,,,,,,,,,,,,,,,,,ZTF19aadooun
2460831.7772685,2,3077277262715,20.090499877929688,/ztf/archive/sci/2025/0605/277245/ztf_20250605277245_000756_zr_c07_o_q4_scimrefdiffimg.fits.fz,Kulkarni,1,3077,27,756,26.241600036621094,1.9062399587710388e-05,0.028787100687623024,0.10977400094270706,2.6998899556929246e-05,t17_f5_c3,,,,,,,,,,,,,,,,,,,,,,,,,,,,,,,,,,,,,,,ZTF19aadooun
2460833.7009375,1,3079200932715,19.993600845336914,/ztf/archive/sci/2025/0607/200926/ztf_20250607200926_000756_zg_c07_o_q4_scimrefdiffimg.fits.fz,Kulkarni,1,3079,27,756,26.246400833129883,2.7230300474911928e-05,0.034089699387550354,-0.06926529854536057,4.25395010097418e-05,t17_f5_c3,,,,,,,,,,,,,,,,,,,,,,,,,,,,,,,,,,,,,,,ZTF19aadooun
2460833.7435764,2,3079243572715,20.144899368286133,/ztf/archive/sci/2025/0607/243565/ztf_20250607243565_000756_zr_c07_o_q4_scimrefdiffimg.fits.fz,Kulkarni,1,3079,27,756,26.291000366210938,1.9396000425331295e-05,0.02902749925851822,0.1140030026435852,2.74263002211228e-05,t17_f5_c3,,,,,,,,,,,,,,,,,,,,,,,,,,,,,,,,,,,,,,,ZTF19aadooun
2460835.7208912,1,3081220892715,19.710899353027344,/ztf/archive/sci/2025/0609/220856/ztf_20250609220856_000756_zg_c07_o_q4_scimrefdiffimg.fits.fz,Kulkarni,1,3081,27,756,26.276899337768555,3.1982101063476875e-05,0.03551869839429855,-0.07380619645118713,5.434500053524971e-05,t17_f5_c3,,,,,,,,,,,,,,,,,,,,,,,,,,,,,,,,,,,,,,,ZTF19aadooun
2460835.7767477,2,3081276742715,19.83839988708496,/ztf/archive/sci/2025/0609/276678/ztf_20250609276678_000756_zr_c07_o_q4_scimrefdiffimg.fits.fz,Kulkarni,1,3081,27,756,26.258699417114258,1.9658600649563596e-05,0.029227999970316887,0.11701700091362,2.8077200113330036e-05,t17_f5_c3,,,,,,,,,,,,,,,,,,,,,,,,,,,,,,,,,,,,,,,ZTF19aadooun
2460837.6996875,1,3083199682715,19.774599075317383,/ztf/archive/sci/2025/0611/199653/ztf_20250611199653_000756_zg_c07_o_q4_scimrefdiffimg.fits.fz,Kulkarni,1,3083,27,756,26.247600555419922,2.9764300052192993e-05,0.034809600561857224,-0.05883609876036644,4.934280150337145e-05,t17_f5_c3,,,,,,,,,,,,,,,,,,,,,,,,,,,,,,,,,,,,,,,ZTF19aadooun
2460837.7683681,2,3083268362715,19.882400512695312,/ztf/archive/sci/2025/0611/268333/ztf_20250611268333_000756_zr_c07_o_q4_scimrefdiffimg.fits.fz,Kulkarni,1,3083,27,756,26.246400833129883,2.216649954789318e-05,0.031360600143671036,0.12215700000524521,3.1670901080360636e-05,t17_f5_c3,,,,,,,,,,,,,,,,,,,,,,,,,,,,,,,,,,,,,,,ZTF19aadooun
2460839.6929051,1,3085192902715,20.648799896240234,/ztf/archive/sci/2025/0613/192882/ztf_20250613192882_000756_zg_c07_o_q4_scimrefdiffimg.fits.fz,Kulkarni,1,3085,27,756,26.3174991607666,2.1896499674767256e-05,0.03135159984230995,-0.09244299679994583,3.181329884682782e-05,t17_f5_c3,,,,,,,,,,,,,,,,,,,,,,,,,,,,,,,,,,,,,,,ZTF19aadooun
2460839.7636921,2,3085263692715,20.044599533081055,/ztf/archive/sci/2025/0613/263657/ztf_20250613263657_000756_zr_c07_o_q4_scimrefdiffimg.fits.fz,Kulkarni,1,3085,27,756,26.284299850463867,1.540489938633982e-05,0.02599870041012764,0.11334100365638733,2.1862499124836177e-05,t17_f5_c3,,,,,,,,,,,,,,,,,,,,,,,,,,,,,,,,,,,,,,,ZTF19aadooun
2460842.6997222,2,3088199722715,20.58289909362793,/ztf/archive/sci/2025/0616/199676/ztf_20250616199676_000756_zr_c07_o_q4_scimrefdiffimg.fits.fz,Kulkarni,1,3088,27,756,26.331899642944336,1.3545500223699491e-05,0.02425510063767433,0.1169390007853508,1.9104300008621067e-05,t17_f5_c3,,,,,,,,,,,,,,,,,,,,,,,,,,,,,,,,,,,,,,,ZTF19aadooun
2460842.7242014,1,3088224202715,20.449600219726562,/ztf/archive/sci/2025/0616/224155/ztf_20250616224155_000756_zg_c07_o_q4_scimrefdiffimg.fits.fz,Kulkarni,1,3088,27,756,26.30470085144043,2.448839950375259e-05,0.03303400054574013,-0.11048699915409088,3.561199991963804e-05,t17_f5_c3,,,,,,,,,,,,,,,,,,,,,,,,,,,,,,,,,,,,,,,ZTF19aadooun
2460844.7853241,1,3090285322715,20.141000747680664,/ztf/archive/sci/2025/0618/285289/ztf_20250618285289_000756_zg_c07_o_q4_scimrefdiffimg.fits.fz,Kulkarni,1,3090,27,756,26.166099548339844,2.8376800401019864e-05,0.03561760112643242,-0.06900650262832642,4.19864991272334e-05,t17_f5_c3,,,,,,,,,,,,,,,,,,,,,,,,,,,,,,,,,,,,,,,ZTF19aadooun
2460844.8430903,2,3090343092715,19.818599700927734,/ztf/archive/sci/2025/0618/343079/ztf_20250618343079_000756_zr_c07_o_q4_scimrefdiffimg.fits.fz,Kulkarni,1,3090,27,756,26.151899337768555,2.0200599465169944e-05,0.029383599758148193,0.12835699319839478,2.8481599656515755e-05,t17_f5_c3,,,,,,,,,,,,,,,,,,,,,,,,,,,,,,,,,,,,,,,ZTF19aadooun
2460845.7911574,2,3091291155515,20.238399505615234,/ztf/archive/sci/2025/0619/291146/ztf_20250619291146_001755_zr_c14_o_q4_scimrefdiffimg.fits.fz,Kulkarni,3,3091,55,1755,26.207000732421875,1.4346500393003225e-05,0.025738300755620003,0.11271099746227264,2.0982699425076135e-05,t17_f5_c3,,,,,,,,,,,,,,,,,,,,,,,,,,,,,,,,,,,,,,,ZTF19aadooun
2460846.7672801,1,3092267285515,20.332500457763672,/ztf/archive/sci/2025/0620/267280/ztf_20250620267280_001755_zg_c14_o_q4_scimrefdiffimg.fits.fz,Kulkarni,2,3092,55,1755,26.28380012512207,1.8051699953502975e-05,0.02919909916818142,-0.0379238985478878,2.726559978327714e-05,t17_f5_c3,3.09226728551501e+18,0,4.0,1917.780029296875,811.2730102539062,193.9261492,46.7814671,19.667800903320312,0.13674600422382355,1.2096500396728516,19.547500610351562,0.1800999939441681,0.29896101355552673,19.23699951171875,0.07900000363588333,4.598999977111816,0.296999990940094,0.2417919933795929,-0.12030100077390671,2.7899999618530273,0.972000002861023,811.2730102539062,0.7850059866905212,0.9768000245094299,0.9980000257492065,0.9160000085830688,0.3577060103416443,0.32831498980522156,1.08951997756958,2.0,0.0,0.9542859792709351,1.0,19.710899353027344,0.2687000036239624,193.9262334,46.7815283,13.6243,ZTF19aadooun
2460846.7672801,1,3092267285515,20.332500457763672,/ztf/archive/sci/2025/0620/267280/ztf_20250620267280_001755_zg_c14_o_q4_scimrefdiffimg.fits.fz,Kulkarni,2,3092,55,1755,26.28380012512207,1.8051699953502975e-05,0.02919909916818142,-0.0379238985478878,2.726559978327714e-05,t17_f5_c3,3.09226728551501e+18,f,4.0,1917.780029296875,811.2730102539062,193.9261492,46.7814671,19.667800903320312,0.13674600422382355,1.2096500396728516,19.547500610351562,0.1800999939441681,0.29896101355552673,19.23699951171875,0.07900000363588333,4.598999977111816,0.296999990940094,0.2417919933795929,-0.12030100077390671,2.7899999618530273,0.972000002861023,811.2730102539062,0.7850059866905212,0.9768000245094299,0.9980000257492065,0.9160000085830688,0.3577060103416443,0.32831498980522156,1.08951997756958,2.0,0.0,0.9542859792709351,1.0,19.710899353027344,0.2687000036239624,193.9262334,46.7815283,13.6243,ZTF19aadooun
2460846.7887153,1,3092288712715,20.194499969482422,/ztf/archive/sci/2025/0620/288704/ztf_20250620288704_000756_zg_c07_o_q4_scimrefdiffimg.fits.fz,Kulkarni,1,3092,27,756,26.244600296020508,2.622479951241985e-05,0.03392719849944115,-0.1059890016913414,3.94513008359354e-05,t17_f5_c3,,,,,,,,,,,,,,,,,,,,,,,,,,,,,,,,,,,,,,,ZTF19aadooun
2460846.8232755,2,3092323272715,19.9325008392334,/ztf/archive/sci/2025/0620/323264/ztf_20250620323264_000756_zr_c07_o_q4_scimrefdiffimg.fits.fz,Kulkarni,1,3092,27,756,26.225200653076172,1.4808199921390042e-05,0.02537590079009533,0.11681000143289566,2.09479003387969e-05,t17_f5_c3,,,,,,,,,,,,,,,,,,,,,,,,,,,,,,,,,,,,,,,ZTF19aadooun
2460848.7863889,2,3094286382715,20.172700881958008,/ztf/archive/sci/2025/0622/286389/ztf_20250622286389_000756_zr_c07_o_q4_scimrefdiffimg.fits.fz,Kulkarni,1,3094,27,756,26.235599517822266,1.3983900316816289e-05,0.024764399975538254,0.11773499846458435,1.988320036616642e-05,t17_f5_c3,,,,,,,,,,,,,,,,,,,,,,,,,,,,,,,,,,,,,,,ZTF19aadooun
2460848.8221644,1,3094322162715,19.94580078125,/ztf/archive/sci/2025/0622/322164/ztf_20250622322164_000756_zg_c07_o_q4_scimrefdiffimg.fits.fz,Kulkarni,1,3094,27,756,26.097700119018555,2.9155600714148022e-05,0.03538860008120537,-0.0733850970864296,4.6647801354993135e-05,t17_f5_c3,,,,,,,,,,,,,,,,,,,,,,,,,,,,,,,,,,,,,,,ZTF19aadooun
2460849.7661574,2,3095266155515,20.388099670410156,/ztf/archive/sci/2025/0623/266146/ztf_20250623266146_001755_zr_c14_o_q4_scimrefdiffimg.fits.fz,Kulkarni,2,3095,55,1755,26.20159912109375,1.5502999303862453e-05,0.027080899104475975,0.11944799870252609,2.2905300284037367e-05,t17_f5_c3,,,,,,,,,,,,,,,,,,,,,,,,,,,,,,,,,,,,,,,ZTF19aadooun
2460850.780706,2,3096280702715,20.226900100708008,/ztf/archive/sci/2025/0624/280706/ztf_20250624280706_000756_zr_c07_o_q4_scimrefdiffimg.fits.fz,Kulkarni,1,3096,27,756,26.17140007019043,1.6618399968137965e-05,0.027234500274062157,0.12612099945545197,2.3629199858987704e-05,t17_f5_c3,,,,,,,,,,,,,,,,,,,,,,,,,,,,,,,,,,,,,,,ZTF19aadooun
2460850.8036574,2,3096303652715,20.223400115966797,/ztf/archive/sci/2025/0624/303542/ztf_20250624303542_000756_zr_c07_o_q4_scimrefdiffimg.fits.fz,Kulkarni,1,3096,27,756,26.14259910583496,1.5730600352981128e-05,0.025991100817918777,0.12137400358915329,2.2464100766228512e-05,t17_f5_c3,,,,,,,,,,,,,,,,,,,,,,,,,,,,,,,,,,,,,,,ZTF19aadooun
2460851.6670023,2,3097167005515,19.388900756835938,/ztf/archive/sci/2025/0625/166933/ztf_20250625166933_001755_zr_c14_o_q4_scimrefdiffimg.fits.fz,Kulkarni,2,3097,55,1755,26.195899963378906,2.781389957817737e-05,0.03596780076622963,0.11166200041770935,4.06813996960409e-05,t17_f5_c3,,,,,,,,,,,,,,,,,,,,,,,,,,,,,,,,,,,,,,,ZTF19aadooun
2460853.7007176,1,3099200712715,20.23419952392578,/ztf/archive/sci/2025/0627/200718/ztf_20250627200718_000756_zg_c07_o_q4_scimrefdiffimg.fits.fz,Kulkarni,1,3099,27,756,26.232099533081055,2.5782199372770265e-05,0.033644899725914,-0.10429000109434128,3.78873992303852e-05,t17_f5_c3,,,,,,,,,,,,,,,,,,,,,,,,,,,,,,,,,,,,,,,ZTF19aadooun
2460846.7677546,1,3092267755515,20.201400756835938,/ztf/archive/sci/2025/0620/267755/ztf_20250620267755_001755_zg_c14_o_q4_scimrefdiffimg.fits.fz,Kulkarni,3,3092,55,1755,26.279800415039062,2.2042999262339436e-05,0.03209869936108589,-0.028801999986171722,3.4010299714282155e-05,t17_f5_c3,3.09226775551501e+18,f,3.0,1917.9300537109375,811.4290161132812,193.9261951,46.7814154,19.666799545288086,0.1881749927997589,1.687209963798523,19.447500228881836,0.17949999868869781,0.41207098960876465,19.23699951171875,0.07900000363588333,4.598999977111816,0.296999990940094,0.12897199392318726,-0.21930600702762604,3.3299999237060547,0.9670000076293945,811.4290161132812,0.753898024559021,0.839697003364563,1.065000057220459,1.0420000553131104,0.31981998682022095,0.3129130005836487,1.022070050239563,4.0,0.0,0.8742859959602356,0.9997699856758118,19.60919952392578,0.2671999931335449,193.9262334,46.7815283,11.8849,ZTF19aadooun
2460849.7666319,2,3095266635515,20.3843994140625,/ztf/archive/sci/2025/0623/266620/ztf_20250623266620_001755_zr_c14_o_q4_scimrefdiffimg.fits.fz,Kulkarni,3,3095,55,1755,26.204299926757812,1.624590004212223e-05,0.027579599991440773,0.11120299994945526,2.3838299966882914e-05,t17_f5_c3,,,,,,,,,,,,,,,,,,,,,,,,,,,,,,,,,,,,,,,ZTF19aadooun
2460851.7374421,2,3097237445515,19.849899291992188,/ztf/archive/sci/2025/0625/237442/ztf_20250625237442_001755_zr_c14_o_q4_scimrefdiffimg.fits.fz,Kulkarni,3,3097,55,1755,26.178800582885742,2.1404899598564953e-05,0.0312746986746788,0.11504899710416794,3.160849882988259e-05,t17_f5_c3,,,,,,,,,,,,,,,,,,,,,,,,,,,,,,,,,,,,,,,ZTF19aadooun
2460853.7244792,1,3099224475515,20.50149917602539,/ztf/archive/sci/2025/0627/224479/ztf_20250627224479_001755_zg_c14_o_q4_scimrefdiffimg.fits.fz,Kulkarni,2,3099,55,1755,26.222900390625,1.715180042083375e-05,0.02852880023419857,-0.03888009861111641,2.5450699467910454e-05,t17_f5_c3,3.09922447551501e+18,0,2.0,1923.52001953125,826.8280029296875,193.9261748,46.7813829,19.68790054321289,0.17670300602912903,3.024090051651001,19.357500076293945,0.14949999749660492,0.5360730290412903,19.23699951171875,0.07900000363588333,4.598999977111816,0.296999990940094,0.005582000128924847,-0.33036598563194275,2.609999895095825,0.9990000128746033,826.8280029296875,1.1440500020980835,0.9083660244941711,1.0299999713897705,0.828000009059906,0.39463600516319275,0.31724101305007935,1.2439600229263306,3.0,0.0,0.7714290022850037,0.9992759823799133,19.427600860595703,0.2045000046491623,193.9262334,46.7815283,13.8488,ZTF19aadooun
2460853.7244792,1,3099224475515,20.50149917602539,/ztf/archive/sci/2025/0627/224479/ztf_20250627224479_001755_zg_c14_o_q4_scimrefdiffimg.fits.fz,Kulkarni,2,3099,55,1755,26.222900390625,1.715180042083375e-05,0.02852880023419857,-0.03888009861111641,2.5450699467910454e-05,t17_f5_c3,3.09922447551502e+18,f,2.0,1923.52001953125,826.8280029296875,193.9261748,46.7813829,19.68790054321289,0.17670300602912903,3.024090051651001,19.357500076293945,0.14949999749660492,0.5360730290412903,19.23699951171875,0.07900000363588333,4.598999977111816,0.296999990940094,0.005582000128924847,-0.33036598563194275,2.609999895095825,0.9990000128746033,826.8280029296875,1.1440500020980835,0.9083660244941711,1.0299999713897705,0.828000009059906,0.39463600516319275,0.31724101305007935,1.2439600229263306,3.0,0.0,0.7714290022850037,0.9992759823799133,19.427600860595703,0.2045000046491623,193.9262334,46.7815283,13.8488,ZTF19aadooun
2460853.7249537,1,3099224955515,20.460800170898438,/ztf/archive/sci/2025/0627/224954/ztf_20250627224954_001755_zg_c14_o_q4_scimrefdiffimg.fits.fz,Kulkarni,3,3099,55,1755,26.225000381469727,1.2783099919033702e-05,0.024602899327874184,-0.03750070184469223,1.9383000108064152e-05,t17_f5_c3,3.09922495551501e+18,f,1.0,1923.4000244140625,826.6690063476562,193.9261797,46.7814125,19.700000762939453,0.16723699867725372,3.6402699947357178,19.399999618530273,0.16120000183582306,0.4319159984588623,19.23699951171875,0.07900000363588333,4.598999977111816,0.296999990940094,0.3102230131626129,-0.30000799894332886,2.2899999618530273,0.9760000109672546,826.6690063476562,1.0608099699020386,1.0329699516296387,0.9789999723434448,0.9190000295639038,0.4275110065937042,0.401309996843338,1.0652899742126465,3.0,0.0,0.7900000214576721,1.0,19.63479995727539,0.2565999925136566,193.9262334,46.7815283,13.3824,ZTF19aadooun
2460853.7490278,2,3099249022715,20.39259910583496,/ztf/archive/sci/2025/0627/249028/ztf_20250627249028_000756_zr_c07_o_q4_scimrefdiffimg.fits.fz,Kulkarni,1,3099,27,756,26.251100540161133,2.7495299946167506e-05,0.03479800000786781,0.09884169697761536,3.882349847117439e-05,t17_f5_c3,,,,,,,,,,,,,,,,,,,,,,,,,,,,,,,,,,,,,,,ZTF19aadooun
2460855.707581,2,3101207585515,20.114599227905273,/ztf/archive/sci/2025/0629/207569/ztf_20250629207569_001755_zr_c14_o_q4_scimrefdiffimg.fits.fz,Kulkarni,2,3101,55,1755,26.236000061035156,1.4782700418436434e-05,0.026156600564718246,0.10746099799871445,2.1937399651505984e-05,t17_f5_c3,,,,,,,,,,,,,,,,,,,,,,,,,,,,,,,,,,,,,,,ZTF19aadooun
2460857.696956,1,3103196952715,20.31329917907715,/ztf/archive/sci/2025/0701/196944/ztf_20250701196944_000756_zg_c07_o_q4_scimrefdiffimg.fits.fz,Kulkarni,1,3103,27,756,26.31089973449707,2.7827400117530487e-05,0.035113200545310974,-0.12208899855613708,4.071219882462174e-05,t17_f5_c3,,,,,,,,,,,,,,,,,,,,,,,,,,,,,,,,,,,,,,,ZTF19aadooun
2460857.7406481,2,3103240642715,20.348400115966797,/ztf/archive/sci/2025/0701/240637/ztf_20250701240637_000756_zr_c07_o_q4_scimrefdiffimg.fits.fz,Kulkarni,1,3103,27,756,26.326499938964844,1.8131500837625936e-05,0.02811959944665432,0.11506900191307068,2.5663099222583696e-05,t17_f5_c3,,,,,,,,,,,,,,,,,,,,,,,,,,,,,,,,,,,,,,,ZTF19aadooun
2460858.7877083,2,3104287705515,20.05419921875,/ztf/archive/sci/2025/0702/287697/ztf_20250702287697_001755_zr_c14_o_q4_scimrefdiffimg.fits.fz,Kulkarni,2,3104,55,1755,26.149700164794922,1.703529960650485e-05,0.028021199628710747,0.11944899708032608,2.49837994488189e-05,t17_f5_c3,,,,,,,,,,,,,,,,,,,,,,,,,,,,,,,,,,,,,,,ZTF19aadooun
2460858.7881829,2,3104288185515,20.0447998046875,/ztf/archive/sci/2025/0702/288171/ztf_20250702288171_001755_zr_c14_o_q4_scimrefdiffimg.fits.fz,Kulkarni,3,3104,55,1755,26.148799896240234,1.6684700312907808e-05,0.027657400816679,0.1123420000076294,2.43538997892756e-05,t17_f5_c3,,,,,,,,,,,,,,,,,,,,,,,,,,,,,,,,,,,,,,,ZTF19aadooun
2460859.6710185,1,3105171015515,19.57900047302246,/ztf/archive/sci/2025/0703/171007/ztf_20250703171007_001755_zg_c14_o_q4_scimrefdiffimg.fits.fz,Kulkarni,2,3105,55,1755,26.293800354003906,3.084020136157051e-05,0.03416230157017708,-0.03251039981842041,6.0116999520687386e-05,t17_f5_c3,,,,,,,,,,,,,,,,,,,,,,,,,,,,,,,,,,,,,,,ZTF19aadooun
2460861.7578356,1,3107257835515,19.977800369262695,/ztf/archive/sci/2025/0705/257801/ztf_20250705257801_001755_zg_c14_o_q4_scimrefdiffimg.fits.fz,Kulkarni,2,3107,55,1755,26.252399444580078,2.5497500246274285e-05,0.03410720080137253,-0.0380236990749836,4.028340117656626e-05,t17_f5_c3,3.10725783551501e+18,0,2.0,1901.4300537109375,811.4669799804688,193.9262068,46.7814497,19.663400650024414,0.2273779958486557,2.5027599334716797,19.29170036315918,0.22030000388622284,0.28661900758743286,19.23699951171875,0.07900000363588333,4.598999977111816,0.296999990940094,0.7174729704856873,-0.37166300415992737,2.859999895095825,0.9729999899864197,811.4669799804688,0.686115026473999,0.8308240175247192,1.1610000133514404,1.0099999904632568,0.40594398975372314,0.3531470000743866,1.1495100259780884,5.0,0.0,0.6828569769859314,1.0,19.417499542236328,0.3176000118255615,193.9262334,46.7815283,8.95502,ZTF19aadooun
