jd,fid,pid,diffmaglim,pdiffimfilename,programpi,programid,nid,rcid,field,magzpsci,magzpsciunc,magzpscirms,clrcoeff,clrcounc,rbversion,candid,isdiffpos,tblid,xpos,ypos,ra,dec,magpsf,sigmapsf,chipsf,magap,sigmagap,distnr,magnr,sigmagnr,chinr,sharpnr,sky,magdiff,fwhm,classtar,mindtoedge,magfromlim,seeratio,aimage,bimage,aimagerat,bimagerat,elong,nneg,nbad,rb,sumrat,magapbig,sigmagapbig,ranr,decnr,scorr,obj_id
2458442.826331,2,688326334315,17.440200805664062,/ztf/archive/sci/2018/1120/326331/ztf_20181120326331_000565_zr_c11_o_q4_scimrefdiffimg.fits.fz,Kulkarni,1,688,43,565,24.682100296020508,0.00099659594707191,0.308912992477417,0.14927899837493896,0.0027304699178785086,t12_f5_c3,,,,,,,,,,,,,,,,,,,,,,,,,,,,,,,,,,,,,,,ZTF18acywyuo
2458443.8752083,2,689375204315,20.048799514770508,/ztf/archive/sci/2018/1121/375197/ztf_20181121375197_000565_zr_c11_o_q4_scimrefdiffimg.fits.fz,Kulkarni,1,689,43,565,26.338199615478516,2.0852698980888817e-06,0.021473299711942673,0.08584839850664139,5.284170129016275e-06,t12_f5_c3,,,,,,,,,,,,,,,,,,,,,,,,,,,,,,,,,,,,,,,ZTF18acywyuo
2458450.8931944,2,696393194315,19.991899490356445,/ztf/archive/sci/2018/1128/393194/ztf_20181128393194_000565_zr_c11_o_q4_scimrefdiffimg.fits.fz,Kulkarni,1,696,43,565,26.36440086364746,1.4476399883278646e-06,0.017938900738954544,0.07802979648113251,3.677120048450888e-06,t12_f5_c3,,,,,,,,,,,,,,,,,,,,,,,,,,,,,,,,,,,,,,,ZTF18acywyuo
2458450.9559259,1,696455924315,19.995899200439453,/ztf/archive/sci/2018/1128/455914/ztf_20181128455914_000565_zg_c11_o_q4_scimrefdiffimg.fits.fz,Kulkarni,1,696,43,565,26.333499908447266,3.2276900583383394e-06,0.026855099946260452,-0.045667700469493866,8.222619726439007e-06,t12_f5_c3,,,,,,,,,,,,,,,,,,,,,,,,,,,,,,,,,,,,,,,ZTF18acywyuo
2458455.9520833,2,701452084315,20.115299224853516,/ztf/archive/sci/2018/1203/452072/ztf_20181203452072_000565_zr_c11_o_q4_scimrefdiffimg.fits.fz,Kulkarni,1,701,43,565,26.17140007019043,1.8684900169319008e-06,0.020321199670433998,0.08864930272102356,4.781660209118854e-06,t12_f5_c3,,,,,,,,,,,,,,,,,,,,,,,,,,,,,,,,,,,,,,,ZTF18acywyuo
2458455.9968981,2,701496894315,20.056699752807617,/ztf/archive/sci/2018/1203/496863/ztf_20181203496863_000565_zr_c11_o_q4_scimrefdiffimg.fits.fz,Kulkarni,1,701,43,565,26.256099700927734,1.9002200133400038e-06,0.020457299426198006,0.07901690155267715,4.8421998144476674e-06,t12_f5_c3,,,,,,,,,,,,,,,,,,,,,,,,,,,,,,,,,,,,,,,ZTF18acywyuo
2458461.87,2,707370004315,21.386899948120117,/ztf/archive/sci/2018/1209/369907/ztf_20181209369907_000565_zr_c11_o_q4_scimrefdiffimg.fits.fz,Richard Dekany,3,707,43,565,28.871000289916992,8.951860195338668e-07,0.01364549994468689,0.08507589995861053,2.271309995194315e-06,t12_f5_c3,,,,,,,,,,,,,,,,,,,,,,,,,,,,,,,,,,,,,,,ZTF18acywyuo
2458462.0084606,2,707508464315,19.53969955444336,/ztf/archive/sci/2018/1209/508449/ztf_20181209508449_000565_zr_c11_o_q4_scimrefdiffimg.fits.fz,Kulkarni,1,707,43,565,25.850799560546875,2.590990106909885e-06,0.02398510091006756,0.08139819651842117,6.58212002235814e-06,t12_f5_c3,,,,,,,,,,,,,,,,,,,,,,,,,,,,,,,,,,,,,,,ZTF18acywyuo
2458464.7943171,2,710294314315,20.141399383544922,/ztf/archive/sci/2018/1212/294317/ztf_20181212294317_000565_zr_c11_o_q4_scimrefdiffimg.fits.fz,Kulkarni,1,710,43,565,26.326099395751953,3.214169964849134e-06,0.026549899950623512,0.08686699718236923,8.176109986379743e-06,t12_f5_c3,7.10294314315015e+17,t,69.0,1686.510009765625,1850.6600341796875,109.2198965,19.3957285,19.451099395751953,0.14433999359607697,1.4837199449539185,19.759899139404297,0.2395000010728836,0.256754994392395,17.320999145507812,0.029999999329447746,3.1559998989105225,0.06700000166893005,0.05322299897670746,0.3088040053844452,1.5430400371551514,0.8700000047683716,1229.8399658203125,0.3815290033817291,2.0,0.8740000128746033,0.7549999952316284,0.566415011882782,0.48929399251937866,1.1576199531555176,1.0,0.0,0.7233330011367798,1.0,19.627199172973633,0.26489999890327454,109.2198345,19.3956865,6.25829,ZTF18acywyuo
2458464.8163889,1,710316384315,20.5585994720459,/ztf/archive/sci/2018/1212/316389/ztf_20181212316389_000565_zg_c11_o_q4_scimrefdiffimg.fits.fz,Kulkarni,1,710,43,565,26.30139923095703,3.1262300126400078e-06,0.02633409947156906,-0.07837919890880585,7.977760105859488e-06,t12_f5_c3,,,,,,,,,,,,,,,,,,,,,,,,,,,,,,,,,,,,,,,ZTF18acywyuo
2458465.8698148,2,711369814315,21.198699951171875,/ztf/archive/sci/2018/1213/369699/ztf_20181213369699_000565_zr_c11_o_q4_scimrefdiffimg.fits.fz,Richard Dekany,3,711,43,565,28.857999801635742,6.663399858553021e-07,0.011974800378084183,0.08398959785699844,1.7012599755616975e-06,t12_f5_c3,,,,,,,,,,,,,,,,,,,,,,,,,,,,,,,,,,,,,,,ZTF18acywyuo
2458467.9145139,1,713414514315,16.268199920654297,/ztf/archive/sci/2018/1215/414491/ztf_20181215414491_000565_zg_c11_o_q4_scimrefdiffimg.fits.fz,Kulkarni,1,713,43,565,21.987199783325195,0.0014638400170952082,0.05847189947962761,0.03365990146994591,0.005183159839361906,t12_f5_c3,,,,,,,,,,,,,,,,,,,,,,,,,,,,,,,,,,,,,,,ZTF18acywyuo
2458467.9223843,1,713422384315,17.733699798583984,/ztf/archive/sci/2018/1215/422373/ztf_20181215422373_000565_zg_c11_o_q4_scimrefdiffimg.fits.fz,Kulkarni,1,713,43,565,23.706100463867188,6.443270103773102e-05,0.054687198251485825,-0.016622500494122505,0.00023060299281496555,t12_f5_c3,,,,,,,,,,,,,,,,,,,,,,,,,,,,,,,,,,,,,,,ZTF18acywyuo
2458471.7768519,2,717276854315,19.83880043029785,/ztf/archive/sci/2018/1219/276852/ztf_20181219276852_000565_zr_c11_o_q4_scimrefdiffimg.fits.fz,Kulkarni,1,717,43,565,26.344600677490234,2.2415999865188496e-06,0.02231149934232235,0.08638869971036911,5.7027500588446856e-06,t12_f5_c3,,,,,,,,,,,,,,,,,,,,,,,,,,,,,,,,,,,,,,,ZTF18acywyuo
2458756.9546412,1,1002454644315,20.26140022277832,/ztf/archive/sci/2019/0930/454641/ztf_20190930454641_000565_zg_c11_o_q4_scimrefdiffimg.fits.fz,Kulkarni,1,1002,43,565,26.13559913635254,3.2472898965352215e-06,0.02737249992787838,-0.05661369860172272,8.143239938362967e-06,t17_f5_c3,,,,,,,,,,,,,,,,,,,,,,,,,,,,,,,,,,,,,,,ZTF18acywyuo
2458757.0182639,2,1002518264315,20.36240005493164,/ztf/archive/sci/2019/0930/518264/ztf_20190930518264_000565_zr_c11_o_q4_scimrefdiffimg.fits.fz,Kulkarni,1,1002,43,565,26.245500564575195,1.4058299484531744e-06,0.017884399741888046,0.09087180346250534,3.5224099974584533e-06,t17_f5_c3,1.002518264315015e+18,t,25.0,1760.489990234375,1764.6600341796875,109.2199647,19.395613,19.80150032043457,0.21721500158309937,3.5640900135040283,20.23550033569336,0.3625999987125397,0.5068110227584839,17.320999145507812,0.029999999329447746,3.1559998989105225,0.06700000166893005,0.6233220100402832,0.43399399518966675,1.3034100532531738,0.9300000071525574,1312.010009765625,0.12685400247573853,2.0,0.6869999766349792,0.6110000014305115,0.5270770192146301,0.46876901388168335,1.1243900060653687,6.0,0.0,0.7971429824829102,0.9760770201683044,20.090099334716797,0.39489999413490295,109.2198345,19.3956865,5.5995,ZTF18acywyuo
2458758.9957292,1,1004495724315,20.612699508666992,/ztf/archive/sci/2019/1002/495729/ztf_20191002495729_000565_zg_c11_o_q4_scimrefdiffimg.fits.fz,Kulkarni,1,1004,43,565,26.169099807739258,2.5055999230971793e-06,0.02407260052859783,-0.043144501745700836,6.2355697991733905e-06,t17_f5_c3,,,,,,,,,,,,,,,,,,,,,,,,,,,,,,,,,,,,,,,ZTF18acywyuo
2458763.9764236,1,1009476424315,20.560199737548828,/ztf/archive/sci/2019/1007/476424/ztf_20191007476424_000565_zg_c11_o_q4_scimrefdiffimg.fits.fz,Kulkarni,1,1009,43,565,26.188899993896484,2.6439499833941227e-06,0.02457140013575554,-0.07363209873437881,6.617930011998396e-06,t17_f5_c3,,,,,,,,,,,,,,,,,,,,,,,,,,,,,,,,,,,,,,,ZTF18acywyuo
2458766.9640278,1,1012464024315,20.37190055847168,/ztf/archive/sci/2019/1010/464028/ztf_20191010464028_000565_zg_c11_o_q4_scimrefdiffimg.fits.fz,Kulkarni,1,1012,43,565,26.16900062561035,3.6974099657527404e-06,0.02920139953494072,-0.05370419844985008,9.210260031977668e-06,t17_f5_c3,,,,,,,,,,,,,,,,,,,,,,,,,,,,,,,,,,,,,,,ZTF18acywyuo
2458767.0064236,2,1012506424315,20.43199920654297,/ztf/archive/sci/2019/1010/506389/ztf_20191010506389_000565_zr_c11_o_q4_scimrefdiffimg.fits.fz,Kulkarni,1,1012,43,565,26.24850082397461,1.3954900168755557e-06,0.017750699073076248,0.08894079923629761,3.4938200315082213e-06,t17_f5_c3,,,,,,,,,,,,,,,,,,,,,,,,,,,,,,,,,,,,,,,ZTF18acywyuo
2458767.9322222,1,1013432224315,19.16939926147461,/ztf/archive/sci/2019/1011/432222/ztf_20191011432222_000565_zg_c11_o_q4_scimrefdiffimg.fits.fz,Kulkarni,1,1013,43,565,26.133499145507812,1.168000017059967e-05,0.03917429968714714,-0.041760899126529694,3.598019975470379e-05,t17_f5_c3,,,,,,,,,,,,,,,,,,,,,,,,,,,,,,,,,,,,,,,ZTF18acywyuo
2458768.9369907,1,1014436994315,19.454700469970703,/ztf/archive/sci/2019/1012/436979/ztf_20191012436979_000565_zg_c11_o_q4_scimrefdiffimg.fits.fz,Kulkarni,1,1014,43,565,26.134000778198242,7.197540071501862e-06,0.03798089921474457,-0.043026600033044815,1.9167400751030073e-05,t17_f5_c3,,,,,,,,,,,,,,,,,,,,,,,,,,,,,,,,,,,,,,,ZTF18acywyuo
2458769.9773611,2,1015477364315,19.83139991760254,/ztf/archive/sci/2019/1013/477361/ztf_20191013477361_000565_zr_c11_o_q4_scimrefdiffimg.fits.fz,Kulkarni,1,1015,43,565,26.236600875854492,1.972030077013187e-06,0.02108599990606308,0.08736660331487656,4.960279966326198e-06,t17_f5_c3,,,,,,,,,,,,,,,,,,,,,,,,,,,,,,,,,,,,,,,ZTF18acywyuo
2458774.0139468,2,1019513944315,16.166400909423828,/ztf/archive/sci/2019/1017/513935/ztf_20191017513935_000565_zr_c11_o_q4_scimrefdiffimg.fits.fz,Kulkarni,1,1019,43,565,23.984500885009766,0.002418080111965537,0.11635500192642212,0.022168699651956558,0.007194430101662874,t17_f5_c3,,,,,,,,,,,,,,,,,,,,,,,,,,,,,,,,,,,,,,,ZTF18acywyuo
2458778.9859838,2,1024485984315,19.612300872802734,/ztf/archive/sci/2019/1022/485972/ztf_20191022485972_000565_zr_c11_o_q4_scimrefdiffimg.fits.fz,Kulkarni,1,1024,43,565,26.254600524902344,3.3515700579300756e-06,0.02758760005235672,0.09513860195875168,8.412280294578522e-06,t17_f5_c3,1.024485984315015e+18,t,10.0,1775.8199462890625,1760.760009765625,109.2199024,19.3956916,19.348600387573242,0.1364320069551468,1.0120500326156616,19.385400772094727,0.26269999146461487,0.22825700044631958,17.320999145507812,0.029999999329447746,3.1559998989105225,0.06700000166893005,-0.34905898571014404,0.03681199997663498,1.5481499433517456,0.8870000243186951,1296.6800537109375,0.22686900198459625,2.0,0.8759999871253967,0.843999981880188,0.5658379793167114,0.5451679825782776,1.037909984588623,3.0,0.0,0.9128569960594177,1.0,19.474199295043945,0.36169999837875366,109.2198345,19.3956865,5.21833,ZTF18acywyuo
2458779.0157755,1,1024515774315,19.875200271606445,/ztf/archive/sci/2019/1022/515741/ztf_20191022515741_000565_zg_c11_o_q4_scimrefdiffimg.fits.fz,Kulkarni,1,1024,43,565,26.22480010986328,6.30449994787341e-06,0.037755198776721954,-0.03935230150818825,1.5937899661366828e-05,t17_f5_c3,,,,,,,,,,,,,,,,,,,,,,,,,,,,,,,,,,,,,,,ZTF18acywyuo
2458781.976956,1,1027476954315,19.73200035095215,/ztf/archive/sci/2019/1025/476944/ztf_20191025476944_000565_zg_c11_o_q4_scimrefdiffimg.fits.fz,Kulkarni,1,1027,43,565,26.211299896240234,9.794979632715695e-06,0.04066070169210434,-0.046477701514959335,2.80679996649269e-05,t17_f5_c3,,,,,,,,,,,,,,,,,,,,,,,,,,,,,,,,,,,,,,,ZTF18acywyuo
2458806.9720255,1,1052472021515,20.015199661254883,/ztf/archive/sci/2019/1119/472025/ztf_20191119472025_001611_zg_c04_o_q4_scimrefdiffimg.fits.fz,Kulkarni,2,1052,15,1611,26.167800903320312,3.918610218534013e-06,0.028544800356030464,-0.05055990070104599,9.025519830174744e-06,t17_f5_c3,1.052472021515015e+18,t,6.0,1252.800048828125,891.64697265625,109.2198547,19.3956666,19.44580078125,0.13538800179958344,1.338670015335083,19.503700256347656,0.249099999666214,0.06560199707746506,17.94700050354004,0.04399999976158142,2.8389999866485596,0.28200000524520874,0.5603790283203125,0.05793900042772293,2.450000047683716,0.953000009059906,891.64697265625,0.5115240216255188,1.016469955444336,0.7940000295639038,0.722000002861023,0.32408198714256287,0.2946940064430237,1.0997200012207031,7.0,0.0,0.9714289903640747,0.9483270049095154,19.339599609375,0.272599995136261,109.219877,19.3956691,10.1126,ZTF18acywyuo
2458806.9729282,1,1052472924315,19.955799102783203,/ztf/archive/sci/2019/1119/472928/ztf_20191119472928_000565_zg_c11_o_q4_scimrefdiffimg.fits.fz,Kulkarni,1,1052,43,565,26.225500106811523,3.4563399822218344e-06,0.028225800022482872,-0.04815109819173813,8.669700036989525e-06,t17_f5_c3,1.052472924315015e+18,t,17.0,1774.1400146484375,1783.949951171875,109.2198029,19.3956769,19.8075008392334,0.1957390010356903,1.3064600229263306,20.11479949951172,0.44999998807907104,0.17676499485969543,17.917999267578125,0.03500000014901161,2.555999994277954,0.17000000178813934,0.2949880063533783,0.30727800726890564,2.950000047683716,0.8809999823570251,1296.550048828125,-0.1589989960193634,0.8662530183792114,0.7749999761581421,0.6679999828338623,0.2627120018005371,0.22644099593162537,1.1601799726486206,5.0,0.0,0.9742860198020935,0.9538019895553589,19.89419937133789,0.46790000796318054,109.2198545,19.3956648,6.93776,ZTF18acywyuo
2458806.9840509,2,1052484054315,20.062400817871094,/ztf/archive/sci/2019/1119/484051/ztf_20191119484051_000565_zr_c11_o_q4_scimrefdiffimg.fits.fz,Kulkarni,1,1052,43,565,26.241899490356445,1.8867799553845543e-06,0.020600799471139908,0.09438399970531464,4.77838011647691e-06,t17_f5_c3,1.052484054315015e+18,t,28.0,1771.219970703125,1786.8499755859375,109.2198928,19.3956487,18.951900482177734,0.1087689995765686,1.660770058631897,18.853300094604492,0.131400004029274,0.23726999759674072,17.320999145507812,0.029999999329447746,3.1559998989105225,0.06700000166893005,0.537136971950531,-0.09860000014305115,2.3399999141693115,0.6759999990463257,1293.6500244140625,1.209149956703186,1.1004899740219116,0.7170000076293945,0.6890000104904175,0.306410014629364,0.2944439947605133,1.0406399965286255,2.0,0.0,0.9399999976158142,1.0,18.856700897216797,0.1657000035047531,109.2198345,19.3956865,7.16687,ZTF18acywyuo
2458812.8064931,2,1058306494315,20.201200485229492,/ztf/archive/sci/2019/1125/306412/ztf_20191125306412_000565_zr_c11_o_q4_scimrefdiffimg.fits.fz,Kulkarni,1,1058,43,565,26.193899154663086,2.405440000075032e-06,0.023218100890517235,0.08835519850254059,6.06793992119492e-06,t17_f5_c3,1.058306494315015e+18,t,23.0,1727.6300048828125,1781.52001953125,109.219953,19.3956562,19.208900451660156,0.14032599329948425,3.2744100093841553,19.414400100708008,0.1898999959230423,0.42627501487731934,17.320999145507812,0.029999999329447746,3.1559998989105225,0.06700000166893005,0.6741359829902649,0.20548899471759796,1.3427900075912476,0.9599999785423279,1298.97998046875,0.7868189811706543,2.0,0.7409999966621399,0.6809999942779541,0.551833987236023,0.5071510076522827,1.0881099700927734,3.0,0.0,0.9071429967880249,0.9820889830589294,19.779800415039062,0.3314000070095062,109.2198345,19.3956865,8.80585,ZTF18acywyuo
2458819.7952199,2,1065295214315,19.811899185180664,/ztf/archive/sci/2019/1202/295220/ztf_20191202295220_000565_zr_c11_o_q4_scimrefdiffimg.fits.fz,Kulkarni,2,1065,43,565,25.86199951171875,2.213560037489515e-06,0.022187400609254837,0.08562289923429489,5.619409876089776e-06,t17_f5_c3,,,,,,,,,,,,,,,,,,,,,,,,,,,,,,,,,,,,,,,ZTF18acywyuo
2458819.7984259,2,1065298424315,19.726900100708008,/ztf/archive/sci/2019/1202/298391/ztf_20191202298391_000565_zr_c11_o_q4_scimrefdiffimg.fits.fz,Kulkarni,2,1065,43,565,25.744699478149414,2.433780082355952e-06,0.023298799991607666,0.08917959779500961,6.147230124042835e-06,t17_f5_c3,,,,,,,,,,,,,,,,,,,,,,,,,,,,,,,,,,,,,,,ZTF18acywyuo
2458819.8002662,2,1065300264315,18.75279998779297,/ztf/archive/sci/2019/1202/300232/ztf_20191202300232_000565_zr_c11_o_q4_scimrefdiffimg.fits.fz,Kulkarni,2,1065,43,565,24.9606990814209,6.5295198510284536e-06,0.03778640180826187,0.08961670100688934,1.6213800336117856e-05,t17_f5_c3,,,,,,,,,,,,,,,,,,,,,,,,,,,,,,,,,,,,,,,ZTF18acywyuo
2458819.8016898,2,1065301684315,20.1018009185791,/ztf/archive/sci/2019/1202/301655/ztf_20191202301655_000565_zr_c11_o_q4_scimrefdiffimg.fits.fz,Kulkarni,2,1065,43,565,26.025400161743164,3.5729099181480706e-06,0.02825010009109974,0.0955599993467331,8.993069968710188e-06,t17_f5_c3,,,,,,,,,,,,,,,,,,,,,,,,,,,,,,,,,,,,,,,ZTF18acywyuo
2458819.8035532,2,1065303554315,20.062999725341797,/ztf/archive/sci/2019/1202/303518/ztf_20191202303518_000565_zr_c11_o_q4_scimrefdiffimg.fits.fz,Kulkarni,2,1065,43,565,26.085100173950195,2.1497999114217237e-06,0.021766899153590202,0.08957429975271225,5.447609964903677e-06,t17_f5_c3,1.065303554315015e+18,t,26.0,1721.6199951171875,1792.0,109.2198946,19.3955939,19.103099822998047,0.14705100655555725,1.8629900217056274,18.953500747680664,0.14020000398159027,0.39252200722694397,17.320999145507812,0.029999999329447746,3.1559998989105225,0.06700000166893005,0.35236701369285583,-0.14960099756717682,2.3399999141693115,0.9919999837875366,1288.5,1.109470009803772,1.1456700563430786,0.7689999938011169,0.6029999852180481,0.3286319971084595,0.25769200921058655,1.2752900123596191,3.0,0.0,0.8714290261268616,0.9824640154838562,18.908000946044922,0.16830000281333923,109.2198345,19.3956865,7.58661,ZTF18acywyuo
2458819.8077315,2,1065307734315,20.13290023803711,/ztf/archive/sci/2019/1202/307731/ztf_20191202307731_000565_zr_c11_o_q4_scimrefdiffimg.fits.fz,Kulkarni,2,1065,43,565,26.043699264526367,2.3172099190560402e-06,0.022709200158715248,0.09059260040521622,5.836449872731464e-06,t17_f5_c3,1.065307734315015e+18,t,53.0,1722.3399658203125,1792.6300048828125,109.2198324,19.395611,19.103700637817383,0.12209700047969818,3.708359956741333,18.73590087890625,0.1137000024318695,0.2773599922657013,17.320999145507812,0.029999999329447746,3.1559998989105225,0.06700000166893005,0.1015629991889,-0.3678419888019562,2.3299999237060547,0.6790000200271606,1287.8699951171875,1.3970400094985962,1.0999399423599243,0.7929999828338623,0.7139999866485596,0.34034299850463867,0.30643799901008606,1.110640048980713,3.0,0.0,0.7371429800987244,1.0,18.653799057006836,0.1315000057220459,109.2198345,19.3956865,10.9891,ZTF18acywyuo
2458819.8119213,2,1065311924315,20.229799270629883,/ztf/archive/sci/2019/1202/311887/ztf_20191202311887_000565_zr_c11_o_q4_scimrefdiffimg.fits.fz,Kulkarni,2,1065,43,565,26.097999572753906,2.8908300464536296e-06,0.025336600840091705,0.08969520032405853,7.297980118892156e-06,t17_f5_c3,1.065311924315015e+18,t,27.0,1722.22998046875,1792.8699951171875,109.219895,19.3956777,19.208999633789062,0.10904199630022049,1.6199899911880493,18.906400680541992,0.12210000306367874,0.2052849978208542,17.320999145507812,0.029999999329447746,3.1559998989105225,0.06700000166893005,0.5951759815216064,-0.30255699157714844,1.2875699996948242,0.9290000200271606,1287.6300048828125,1.3234000205993652,2.0,0.7329999804496765,0.7200000286102295,0.5692890286445618,0.5591930150985718,1.0180599689483643,1.0,0.0,0.8528569936752319,1.0,18.975900650024414,0.16189999878406525,109.2198345,19.3956865,5.67054,ZTF18acywyuo
2458819.8169676,2,1065316964315,18.611000061035156,/ztf/archive/sci/2019/1202/316968/ztf_20191202316968_000565_zr_c11_o_q4_scimrefdiffimg.fits.fz,Kulkarni,2,1065,43,565,24.757699966430664,3.851980000035837e-05,0.09010770171880722,0.09537369757890701,9.499279985902831e-05,t17_f5_c3,,,,,,,,,,,,,,,,,,,,,,,,,,,,,,,,,,,,,,,ZTF18acywyuo
2458819.8202546,2,1065320254315,16.06399917602539,/ztf/archive/sci/2019/1202/320255/ztf_20191202320255_000565_zr_c11_o_q4_scimrefdiffimg.fits.fz,Kulkarni,2,1065,43,565,22.509599685668945,0.0024310399312525988,0.16952699422836304,0.1006769984960556,0.007406000047922134,t17_f5_c3,,,,,,,,,,,,,,,,,,,,,,,,,,,,,,,,,,,,,,,ZTF18acywyuo
2458819.8268056,2,1065326804315,16.311100006103516,/ztf/archive/sci/2019/1202/326806/ztf_20191202326806_000565_zr_c11_o_q4_scimrefdiffimg.fits.fz,Kulkarni,2,1065,43,565,23.09269905090332,0.0003025699988938868,0.06349310278892517,0.09109269827604294,0.0009242779924534261,t17_f5_c3,,,,,,,,,,,,,,,,,,,,,,,,,,,,,,,,,,,,,,,ZTF18acywyuo
2458819.8278125,2,1065327814315,17.56439971923828,/ztf/archive/sci/2019/1202/327766/ztf_20191202327766_000565_zr_c11_o_q4_scimrefdiffimg.fits.fz,Kulkarni,2,1065,43,565,24.20210075378418,2.8985699827899225e-05,0.057302698493003845,0.08103249967098236,7.893770089140162e-05,t17_f5_c3,,,,,,,,,,,,,,,,,,,,,,,,,,,,,,,,,,,,,,,ZTF18acywyuo
2458819.8287731,2,1065328774315,17.870100021362305,/ztf/archive/sci/2019/1202/328750/ztf_20191202328750_000565_zr_c11_o_q4_scimrefdiffimg.fits.fz,Kulkarni,2,1065,43,565,24.606300354003906,1.9885699657606892e-05,0.05037949979305267,0.1155019998550415,5.2826500905212015e-05,t17_f5_c3,,,,,,,,,,,,,,,,,,,,,,,,,,,,,,,,,,,,,,,ZTF18acywyuo
2458819.8296759,2,1065329674315,19.340999603271484,/ztf/archive/sci/2019/1202/329676/ztf_20191202329676_000565_zr_c11_o_q4_scimrefdiffimg.fits.fz,Kulkarni,2,1065,43,565,25.689899444580078,4.726990027847933e-06,0.03252340108156204,0.09217099845409393,1.1916599760297686e-05,t17_f5_c3,1.065329674315015e+18,t,42.0,1725.4599609375,1795.06005859375,109.2200206,19.3956441,19.228900909423828,0.23249700665473938,1.352239966392517,19.030399322509766,0.26190000772476196,0.650206983089447,17.320999145507812,0.029999999329447746,3.1559998989105225,0.06700000166893005,0.18352000415325165,-0.19850599765777588,1.4337799549102783,0.7170000076293945,1285.43994140625,0.3105719983577728,2.0,0.9160000085830688,0.7319999933242798,0.6388720273971558,0.5105389952659607,1.2513699531555176,2.0,0.0,0.8271430134773254,1.0,19.273700714111328,0.41609999537467957,109.2198345,19.3956865,5.33911,ZTF18acywyuo
2458819.8301273,2,1065330124315,19.53030014038086,/ztf/archive/sci/2019/1202/330127/ztf_20191202330127_000565_zr_c11_o_q4_scimrefdiffimg.fits.fz,Kulkarni,2,1065,43,565,25.68670082092285,3.161449967592489e-06,0.02654309943318367,0.084996297955513,7.993879989953712e-06,t17_f5_c3,1.065330124315015e+18,t,47.0,1725.5999755859375,1795.6700439453125,109.2199932,19.3956144,19.28969955444336,0.24995699524879456,2.0186901092529297,19.102800369262695,0.2554999887943268,0.588208019733429,17.320999145507812,0.029999999329447746,3.1559998989105225,0.06700000166893005,0.5540099740028381,-0.18690499663352966,1.329800009727478,0.8930000066757202,1284.8299560546875,0.42746999859809875,2.0,0.7509999871253967,0.5950000286102295,0.5647479891777039,0.44743698835372925,1.262179970741272,7.0,0.0,0.7614290118217468,0.8800240159034729,19.34980010986328,0.40619999170303345,109.2198345,19.3956865,5.80069,ZTF18acywyuo
2458819.8357292,2,1065335724315,19.94379997253418,/ztf/archive/sci/2019/1202/335729/ztf_20191202335729_000565_zr_c11_o_q4_scimrefdiffimg.fits.fz,Kulkarni,2,1065,43,565,26.086299896240234,2.394700004515471e-06,0.023137100040912628,0.09085450321435928,6.048219802323729e-06,t17_f5_c3,1.065335724315015e+18,t,23.0,1726.3699951171875,1795.81005859375,109.219903,19.3957109,19.135299682617188,0.13586699962615967,1.3392499685287476,18.667299270629883,0.11259999871253967,0.2419469952583313,17.320999145507812,0.029999999329447746,3.1559998989105225,0.06700000166893005,-0.7269769906997681,-0.4679670035839081,2.5,0.9639999866485596,1284.68994140625,1.2764699459075928,1.1399500370025635,0.8740000128746033,0.7900000214576721,0.3495999872684479,0.3160000145435333,1.1063300371170044,3.0,0.0,0.754285991191864,1.0,18.61870002746582,0.13490000367164612,109.2198345,19.3956865,7.63562,ZTF18acywyuo
2458819.8361806,2,1065336184315,20.13949966430664,/ztf/archive/sci/2019/1202/336181/ztf_20191202336181_000565_zr_c11_o_q4_scimrefdiffimg.fits.fz,Kulkarni,2,1065,43,565,26.090599060058594,2.2427100248023635e-06,0.022451400756835938,0.08323810249567032,5.6409198805340566e-06,t17_f5_c3,1.065336184315015e+18,t,18.0,1726.0699462890625,1796.47998046875,109.2199821,19.3955999,19.134599685668945,0.15384800732135773,2.216949939727783,19.127700805664062,0.15729999542236328,0.5826759934425354,17.320999145507812,0.029999999329447746,3.1559998989105225,0.06700000166893005,0.7697889804840088,-0.00686099985614419,2.3299999237060547,0.9900000095367432,1284.02001953125,1.0118399858474731,1.1291600465774536,0.8889999985694885,0.7059999704360962,0.3815450072288513,0.3030039966106415,1.2592099905014038,5.0,0.0,0.8199999928474426,0.8520500063896179,19.278600692749023,0.225600004196167,109.2198345,19.3956865,7.69652,ZTF18acywyuo
2458819.8366319,2,1065336634315,20.247100830078125,/ztf/archive/sci/2019/1202/336632/ztf_20191202336632_000565_zr_c11_o_q4_scimrefdiffimg.fits.fz,Kulkarni,2,1065,43,565,26.137500762939453,1.988019903365057e-06,0.021050499752163887,0.08430050313472748,5.023679932492087e-06,t17_f5_c3,1.065336634315015e+18,t,33.0,1727.27001953125,1796.68994140625,109.2198619,19.3955805,19.25550079345703,0.13474899530410767,2.9667599201202393,19.319799423217773,0.17219999432563782,0.389708012342453,17.320999145507812,0.029999999329447746,3.1559998989105225,0.06700000166893005,0.1792690008878708,0.06432700157165527,2.319999933242798,0.675000011920929,1283.81005859375,0.9273099899291992,1.1288399696350098,0.7929999828338623,0.7049999833106995,0.3418099880218506,0.3038789927959442,1.1248199939727783,6.0,0.0,0.9042860269546509,0.9697160124778748,19.214599609375,0.19480000436306,109.2198345,19.3956865,9.91019,ZTF18acywyuo
2458819.8384722,2,1065338474315,20.06760025024414,/ztf/archive/sci/2019/1202/338449/ztf_20191202338449_000565_zr_c11_o_q4_scimrefdiffimg.fits.fz,Kulkarni,2,1065,43,565,26.02079963684082,2.2929800707061077e-06,0.022565200924873352,0.08918619900941849,5.802599844173528e-06,t17_f5_c3,1.065338474315015e+18,t,47.0,1726.47998046875,1796.7099609375,109.219869,19.3955918,19.173799514770508,0.1639000028371811,3.648360013961792,18.98940086364746,0.14650000631809235,0.3588779866695404,17.320999145507812,0.029999999329447746,3.1559998989105225,0.06700000166893005,0.07220300287008286,-0.18439500033855438,2.319999933242798,0.9879999756813049,1283.7900390625,1.0781699419021606,1.140220046043396,0.8849999904632568,0.7850000262260437,0.38146600127220154,0.3383620083332062,1.1273900270462036,3.0,0.0,0.7771430015563965,0.9964290261268616,18.907699584960938,0.17000000178813934,109.2198345,19.3956865,11.6062,ZTF18acywyuo
2458819.8412153,2,1065341214315,20.129499435424805,/ztf/archive/sci/2019/1202/341215/ztf_20191202341215_000565_zr_c11_o_q4_scimrefdiffimg.fits.fz,Kulkarni,2,1065,43,565,26.014699935913086,2.7089799914392643e-06,0.024684399366378784,0.090727798640728,6.839430170657579e-06,t17_f5_c3,,,,,,,,,,,,,,,,,,,,,,,,,,,,,,,,,,,,,,,ZTF18acywyuo
2458819.8449884,2,1065344984315,19.757600784301758,/ztf/archive/sci/2019/1202/344977/ztf_20191202344977_000565_zr_c11_o_q4_scimrefdiffimg.fits.fz,Kulkarni,2,1065,43,565,25.77050018310547,2.795000000332948e-06,0.024992000311613083,0.08589790016412735,7.085749984980794e-06,t17_f5_c3,1.065344984315015e+18,t,22.0,1725.6600341796875,1797.780029296875,109.2199108,19.3956674,19.267499923706055,0.1852940022945404,2.386899948120117,19.05739974975586,0.2110999971628189,0.2666890025138855,17.320999145507812,0.029999999329447746,3.1559998989105225,0.06700000166893005,0.37024199962615967,-0.21009400486946106,1.267799973487854,0.8629999756813049,1282.719970703125,0.7002459764480591,2.0,0.8560000061988831,0.75,0.6751859784126282,0.5915769934654236,1.1413300037384033,5.0,0.0,0.8299999833106995,0.9259219765663147,19.112699508666992,0.2802000045776367,109.2198345,19.3956865,5.12264,ZTF18acywyuo
2458819.8464468,2,1065346444315,20.042200088500977,/ztf/archive/sci/2019/1202/346447/ztf_20191202346447_000565_zr_c11_o_q4_scimrefdiffimg.fits.fz,Kulkarni,2,1065,43,565,26.0044002532959,2.7057499210059177e-06,0.024564599618315697,0.08826760202646255,6.830809979874175e-06,t17_f5_c3,,,,,,,,,,,,,,,,,,,,,,,,,,,,,,,,,,,,,,,ZTF18acywyuo
2458819.8468981,2,1065346894315,20.227500915527344,/ztf/archive/sci/2019/1202/346898/ztf_20191202346898_000565_zr_c11_o_q4_scimrefdiffimg.fits.fz,Kulkarni,2,1065,43,565,26.133800506591797,2.257730102428468e-06,0.022466400638222694,0.08369699865579605,5.700139809050597e-06,t17_f5_c3,1.065346894315015e+18,t,35.0,1726.6800537109375,1797.8699951171875,109.2198662,19.3957037,19.327800750732422,0.1712529957294464,2.325089931488037,19.100799560546875,0.14409999549388885,0.11710099875926971,17.320999145507812,0.029999999329447746,3.1559998989105225,0.06700000166893005,0.4530549943447113,-0.22702300548553467,1.3021999597549438,0.9100000262260437,1282.6300048828125,1.1267399787902832,2.0,0.8289999961853027,0.7070000171661377,0.6366140246391296,0.542926013469696,1.1725599765777588,4.0,0.0,0.8785709738731384,0.9985209703445435,19.170799255371094,0.19140000641345978,109.2198345,19.3956865,5.26753,ZTF18acywyuo
2458819.8479051,2,1065347904315,20.059499740600586,/ztf/archive/sci/2019/1202/347859/ztf_20191202347859_000565_zr_c11_o_q4_scimrefdiffimg.fits.fz,Kulkarni,2,1065,43,565,26.12689971923828,2.2322599306789925e-06,0.022326000034809113,0.08718530088663101,5.633729870169191e-06,t17_f5_c3,1.065347904315015e+18,t,22.0,1726.22998046875,1798.510009765625,109.2198868,19.3956012,19.070899963378906,0.13071799278259277,3.5113000869750977,18.9197998046875,0.13279999792575836,0.3504430055618286,17.320999145507812,0.029999999329447746,3.1559998989105225,0.06700000166893005,-0.0002749999985098839,-0.15107999742031097,1.8300000429153442,0.9819999933242798,1281.989990234375,1.1397500038146973,1.5068399906158447,0.9440000057220459,0.8700000047683716,0.5158470273017883,0.47541001439094543,1.0850600004196167,1.0,0.0,0.8814290165901184,1.0,18.89550018310547,0.1623000055551529,109.2198345,19.3956865,10.2643,ZTF18acywyuo
2458819.851169,2,1065351164315,19.823200225830078,/ztf/archive/sci/2019/1202/351134/ztf_20191202351134_000565_zr_c11_o_q4_scimrefdiffimg.fits.fz,Kulkarni,2,1065,43,565,25.911699295043945,2.439119953123736e-06,0.02338539995253086,0.08388549834489822,6.162410045362776e-06,t17_f5_c3,,,,,,,,,,,,,,,,,,,,,,,,,,,,,,,,,,,,,,,ZTF18acywyuo
2458819.861956,2,1065361954315,19.37380027770996,/ztf/archive/sci/2019/1202/361898/ztf_20191202361898_000565_zr_c11_o_q4_scimrefdiffimg.fits.fz,Kulkarni,2,1065,43,565,25.48550033569336,4.4041298679076135e-06,0.03144349902868271,0.0953299030661583,1.1132299732707907e-05,t17_f5_c3,,,,,,,,,,,,,,,,,,,,,,,,,,,,,,,,,,,,,,,ZTF18acywyuo
2458819.8657292,2,1065365724315,19.52989959716797,/ztf/archive/sci/2019/1202/365671/ztf_20191202365671_000565_zr_c11_o_q4_scimrefdiffimg.fits.fz,Kulkarni,2,1065,43,565,25.58639907836914,3.372120090716635e-06,0.02753400057554245,0.09573210030794144,8.493049790558871e-06,t17_f5_c3,,,,,,,,,,,,,,,,,,,,,,,,,,,,,,,,,,,,,,,ZTF18acywyuo
2458819.8666898,2,1065366684315,19.428199768066406,/ztf/archive/sci/2019/1202/366655/ztf_20191202366655_000565_zr_c11_o_q4_scimrefdiffimg.fits.fz,Kulkarni,2,1065,43,565,25.511499404907227,3.5267100884084357e-06,0.02816149964928627,0.09190449863672256,8.881579560693353e-06,t17_f5_c3,1.065366684315015e+18,t,19.0,1729.3499755859375,1801.7099609375,109.2198327,19.3956623,19.148500442504883,0.24470800161361694,1.9675500392913818,18.834699630737305,0.23010000586509705,0.0815889984369278,17.320999145507812,0.029999999329447746,3.1559998989105225,0.06700000166893005,0.23025600612163544,-0.31380999088287354,2.3499999046325684,0.7059999704360962,1278.7900390625,0.5935220122337341,1.0747300386428833,1.0839999914169312,0.7450000047683716,0.4612770080566406,0.3170210123062134,1.4550299644470215,3.0,0.0,0.6357139945030212,0.9718520045280457,19.02680015563965,0.34850001335144043,109.2198345,19.3956865,5.43113,ZTF18acywyuo
2458819.8691204,2,1065369124315,18.7185001373291,/ztf/archive/sci/2019/1202/369051/ztf_20191202369051_000565_zr_c11_o_q4_scimrefdiffimg.fits.fz,Kulkarni,2,1065,43,565,24.94529914855957,6.775860128982458e-06,0.03821700066328049,0.09394729882478714,1.666950083745178e-05,t17_f5_c3,,,,,,,,,,,,,,,,,,,,,,,,,,,,,,,,,,,,,,,ZTF18acywyuo
2458819.8723611,2,1065372364315,19.164600372314453,/ztf/archive/sci/2019/1202/372361/ztf_20191202372361_000565_zr_c11_o_q4_scimrefdiffimg.fits.fz,Kulkarni,2,1065,43,565,25.31060028076172,4.886920123681193e-06,0.03301899880170822,0.09491760283708572,1.2321400390646886e-05,t17_f5_c3,1.065372364315015e+18,t,55.0,1729.6099853515625,1802.6099853515625,109.2198297,19.3957295,18.998600006103516,0.22846199572086334,1.9825700521469116,19.015199661254883,0.35030001401901245,0.15443100035190582,17.320999145507812,0.029999999329447746,3.1559998989105225,0.06700000166893005,0.23301899433135986,0.016597000882029533,1.2349900007247925,0.8209999799728394,1277.8900146484375,0.149385005235672,2.0,0.8489999771118164,0.6990000009536743,0.6874529719352722,0.5659949779510498,1.2145899534225464,7.0,0.0,0.7699999809265137,0.8845999836921692,18.7268009185791,0.3424000144004822,109.2198345,19.3956865,5.42393,ZTF18acywyuo
2458819.8773032,2,1065377304315,19.903799057006836,/ztf/archive/sci/2019/1202/377234/ztf_20191202377234_000565_zr_c11_o_q4_scimrefdiffimg.fits.fz,Kulkarni,2,1065,43,565,25.844100952148438,2.6951900053973077e-06,0.02451940067112446,0.08746539801359177,6.837110049673356e-06,t17_f5_c3,,,,,,,,,,,,,,,,,,,,,,,,,,,,,,,,,,,,,,,ZTF18acywyuo
2458819.8791319,2,1065379134315,19.7549991607666,/ztf/archive/sci/2019/1202/379132/ztf_20191202379132_000565_zr_c11_o_q4_scimrefdiffimg.fits.fz,Kulkarni,2,1065,43,565,25.739999771118164,3.1274200864572776e-06,0.026444999501109123,0.08687619864940643,7.919569725345355e-06,t17_f5_c3,1.065379134315015e+18,t,50.0,1732.8399658203125,1802.9599609375,109.2197874,19.3956843,19.125999450683594,0.15307800471782684,1.3650699853897095,19.072099685668945,0.21809999644756317,0.15782399475574493,17.320999145507812,0.029999999329447746,3.1559998989105225,0.06700000166893005,0.36179301142692566,-0.05386599898338318,1.2451800107955933,0.9300000071525574,1277.5400390625,0.6829479932785034,2.0,0.7400000095367432,0.6850000023841858,0.5942919850349426,0.550121009349823,1.0802899599075317,5.0,0.0,0.8371430039405823,0.9178379774093628,19.06839942932129,0.274399995803833,109.2198345,19.3956865,5.04275,ZTF18acywyuo
2458819.8811111,2,1065381114315,19.757699966430664,/ztf/archive/sci/2019/1202/381030/ztf_20191202381030_000565_zr_c11_o_q4_scimrefdiffimg.fits.fz,Kulkarni,2,1065,43,565,25.8435001373291,2.7569499252422247e-06,0.02480579912662506,0.09044399857521057,6.9901598180877045e-06,t17_f5_c3,1.065381114315015e+18,t,58.0,1733.3699951171875,1803.27001953125,109.2198632,19.3956713,19.197500228881836,0.16843800246715546,1.3221399784088135,18.946500778198242,0.18289999663829803,0.11028999835252762,17.320999145507812,0.029999999329447746,3.1559998989105225,0.06700000166893005,0.07270599901676178,-0.25095099210739136,1.3214600086212158,0.8529999852180481,1277.22998046875,0.811214029788971,2.0,0.9200000166893005,0.8629999756813049,0.6962000131607056,0.6530659794807434,1.0660500526428223,3.0,0.0,0.74857097864151,0.9963470101356506,19.14900016784668,0.2777999937534332,109.2198345,19.3956865,7.20667,ZTF18acywyuo
2458819.8820139,2,1065382014315,19.839599609375,/ztf/archive/sci/2019/1202/382014/ztf_20191202382014_000565_zr_c11_o_q4_scimrefdiffimg.fits.fz,Kulkarni,2,1065,43,565,25.91320037841797,2.8128299618401797e-06,0.02502249926328659,0.08877930045127869,7.130110134312417e-06,t17_f5_c3,1.065382014315015e+18,t,53.0,1733.1199951171875,1803.3800048828125,109.2198481,19.3956564,19.095199584960938,0.14938199520111084,1.4154000282287598,18.846200942993164,0.15479999780654907,0.11510299891233444,17.320999145507812,0.029999999329447746,3.1559998989105225,0.06700000166893005,-0.17139999568462372,-0.24900400638580322,2.5299999713897705,0.7540000081062317,1277.1199951171875,0.9934099912643433,1.0512200593948364,0.8880000114440918,0.7480000257492065,0.3509880006313324,0.29565200209617615,1.1871700286865234,6.0,0.0,0.7771430015563965,0.8944000005722046,18.832700729370117,0.1923999935388565,109.2198345,19.3956865,6.19016,ZTF18acywyuo
2458819.8887847,2,1065388784315,19.85759925842285,/ztf/archive/sci/2019/1202/388692/ztf_20191202388692_000565_zr_c11_o_q4_scimrefdiffimg.fits.fz,Kulkarni,2,1065,43,565,25.857200622558594,2.6192899440502515e-06,0.024268699809908867,0.08428870141506195,6.636780199187342e-06,t17_f5_c3,1.065388784315015e+18,t,23.0,1734.7099609375,1804.25,109.2198448,19.3956229,19.119199752807617,0.1598690003156662,1.6553000211715698,19.157100677490234,0.21199999749660492,0.22869500517845154,17.320999145507812,0.029999999329447746,3.1559998989105225,0.06700000166893005,-0.02474300004541874,0.03789199888706207,1.2665499448776245,0.9390000104904175,1276.25,0.7005230188369751,2.0,0.7839999794960022,0.6520000100135803,0.6190029978752136,0.5147830247879028,1.2024500370025635,5.0,0.0,0.8242859840393066,0.7822059988975525,19.183500289916992,0.27379998564720154,109.2198345,19.3956865,5.31226,ZTF18acywyuo
2458819.8945833,2,1065394584315,19.44420051574707,/ztf/archive/sci/2019/1202/394572/ztf_20191202394572_000565_zr_c11_o_q4_scimrefdiffimg.fits.fz,Kulkarni,2,1065,43,565,25.60919952392578,3.5162900076102233e-06,0.028087100014090538,0.09153710305690765,8.920899745135102e-06,t17_f5_c3,1.065394584315015e+18,t,48.0,1734.800048828125,1804.5,109.2198649,19.3956427,18.99920082092285,0.20382200181484222,2.6604199409484863,19.5132999420166,0.40709999203681946,0.1860869973897934,17.320999145507812,0.029999999329447746,3.1559998989105225,0.06700000166893005,-0.12402399629354477,0.5140659809112549,1.3094600439071655,0.6850000023841858,1276.0,-0.06913100183010101,2.0,0.6449999809265137,0.6039999723434448,0.49257099628448486,0.46125999093055725,1.0678800344467163,9.0,0.0,0.6100000143051147,0.41297098994255066,19.553300857543945,0.5365999937057495,109.2198345,19.3956865,8.57748,ZTF18acywyuo
2458819.8966435,2,1065396644315,19.331199645996094,/ztf/archive/sci/2019/1202/396181/ztf_20191202396181_000565_zr_c11_o_q4_scimrefdiffimg.fits.fz,Kulkarni,2,1065,43,565,25.418800354003906,3.897920123563381e-06,0.029641099274158478,0.0897148996591568,9.838299774855841e-06,t17_f5_c3,,,,,,,,,,,,,,,,,,,,,,,,,,,,,,,,,,,,,,,ZTF18acywyuo
2458819.9082755,2,1065408274315,19.220800399780273,/ztf/archive/sci/2019/1202/408125/ztf_20191202408125_000565_zr_c11_o_q4_scimrefdiffimg.fits.fz,Kulkarni,2,1065,43,565,25.391000747680664,3.9929000195115805e-06,0.029983799904584885,0.0907507985830307,1.007510036288295e-05,t17_f5_c3,,,,,,,,,,,,,,,,,,,,,,,,,,,,,,,,,,,,,,,ZTF18acywyuo
2458819.9115856,2,1065411584315,19.0674991607666,/ztf/archive/sci/2019/1202/411204/ztf_20191202411204_000565_zr_c11_o_q4_scimrefdiffimg.fits.fz,Kulkarni,2,1065,43,565,25.275400161743164,5.157899977348279e-06,0.03376949951052666,0.09575449675321579,1.2947800314577762e-05,t17_f5_c3,,,,,,,,,,,,,,,,,,,,,,,,,,,,,,,,,,,,,,,ZTF18acywyuo
2458819.9125116,2,1065412514315,19.30270004272461,/ztf/archive/sci/2019/1202/412500/ztf_20191202412500_000565_zr_c11_o_q4_scimrefdiffimg.fits.fz,Kulkarni,2,1065,43,565,25.454099655151367,3.962470145779662e-06,0.02986600063741207,0.0904851034283638,1.0007999662775546e-05,t17_f5_c3,,,,,,,,,,,,,,,,,,,,,,,,,,,,,,,,,,,,,,,ZTF18acywyuo
2458819.9138542,2,1065413854315,19.80470085144043,/ztf/archive/sci/2019/1202/413449/ztf_20191202413449_000565_zr_c11_o_q4_scimrefdiffimg.fits.fz,Kulkarni,2,1065,43,565,25.785900115966797,2.957639935630141e-06,0.025606799870729446,0.0896734967827797,7.519479822803987e-06,t17_f5_c3,1.065413854315015e+18,t,53.0,1739.0999755859375,1804.27001953125,109.219807,19.3956402,18.95789909362793,0.1573300063610077,2.17933988571167,18.839599609375,0.1695999950170517,0.18861599266529083,17.320999145507812,0.029999999329447746,3.1559998989105225,0.06700000166893005,0.4697610139846802,-0.11832199990749359,1.2401000261306763,0.9750000238418579,1276.22998046875,0.9651359915733337,2.0,0.7990000247955322,0.6240000128746033,0.6443039774894714,0.5031859874725342,1.2804499864578247,9.0,0.0,0.754285991191864,0.8786969780921936,18.79010009765625,0.20430000126361847,109.2198345,19.3956865,5.46469,ZTF18acywyuo
2458819.9210301,2,1065421034315,19.30150032043457,/ztf/archive/sci/2019/1202/420706/ztf_20191202420706_000565_zr_c11_o_q4_scimrefdiffimg.fits.fz,Kulkarni,2,1065,43,565,25.44379997253418,4.248349796398543e-06,0.03092450089752674,0.0833624005317688,1.0745699910330586e-05,t17_f5_c3,1.065421034315015e+18,t,48.0,1740.4599609375,1803.81005859375,109.2197647,19.3957075,18.952800750732422,0.18968400359153748,1.3894699811935425,18.94529914855957,0.2865000069141388,0.237418994307518,17.320999145507812,0.029999999329447746,3.1559998989105225,0.06700000166893005,0.22285699844360352,-0.007453000172972679,1.252769947052002,0.925000011920929,1276.68994140625,0.3562450110912323,2.0,0.703000009059906,0.6209999918937683,0.5611590147018433,0.4957039952278137,1.1320500373840332,6.0,0.0,0.8285710215568542,0.8789770007133484,19.023300170898438,0.39160001277923584,109.2198345,19.3956865,5.61343,ZTF18acywyuo
2458819.9259259,2,1065425924315,19.337400436401367,/ztf/archive/sci/2019/1202/425799/ztf_20191202425799_000565_zr_c11_o_q4_scimrefdiffimg.fits.fz,Kulkarni,2,1065,43,565,25.442800521850586,3.5333100640855264e-06,0.02814519964158535,0.08281189948320389,8.923299901653081e-06,t17_f5_c3,,,,,,,,,,,,,,,,,,,,,,,,,,,,,,,,,,,,,,,ZTF18acywyuo
2458819.9274653,2,1065427464315,19.040599822998047,/ztf/archive/sci/2019/1202/427326/ztf_20191202427326_000565_zr_c11_o_q4_scimrefdiffimg.fits.fz,Kulkarni,2,1065,43,565,25.233699798583984,5.270469955576118e-06,0.034400101751089096,0.09769649803638458,1.3275500350573566e-05,t17_f5_c3,,,,,,,,,,,,,,,,,,,,,,,,,,,,,,,,,,,,,,,ZTF18acywyuo
2458819.9289468,2,1065428944315,18.773500442504883,/ztf/archive/sci/2019/1202/428657/ztf_20191202428657_000565_zr_c11_o_q4_scimrefdiffimg.fits.fz,Kulkarni,2,1065,43,565,25.070899963378906,6.392840077751316e-06,0.0375107005238533,0.09405700117349625,1.5926600099192e-05,t17_f5_c3,1.065428944315015e+18,t,38.0,1741.8699951171875,1803.5899658203125,109.2199559,19.3956233,18.569900512695312,0.21180200576782227,1.4651399850845337,18.220399856567383,0.23240000009536743,0.45794299244880676,17.320999145507812,0.029999999329447746,3.1559998989105225,0.06700000166893005,0.014159999787807465,-0.3494809865951538,1.2740099430084229,0.7039999961853027,1276.9100341796875,0.5530650019645691,2.0,1.0149999856948853,0.8450000286102295,0.7966970205307007,0.6632599830627441,1.2011799812316895,5.0,0.0,0.7228569984436035,0.9632049798965454,18.43630027770996,0.362199991941452,109.2198345,19.3956865,5.90566,ZTF18acywyuo
2458819.9307986,2,1065430794315,19.32979965209961,/ztf/archive/sci/2019/1202/430509/ztf_20191202430509_000565_zr_c11_o_q4_scimrefdiffimg.fits.fz,Kulkarni,2,1065,43,565,25.476600646972656,3.7933700696157757e-06,0.029261000454425812,0.08777250349521637,9.546870387566742e-06,t17_f5_c3,1.065430794315015e+18,t,37.0,1742.3599853515625,1803.800048828125,109.2197857,19.3955921,19.098600387573242,0.1953289955854416,2.226599931716919,18.960399627685547,0.2808000147342682,0.3819909989833832,17.320999145507812,0.029999999329447746,3.1559998989105225,0.06700000166893005,0.12374000251293182,-0.13816599547863007,1.2640600204467773,0.8830000162124634,1276.699951171875,0.3694170117378235,2.0,0.7979999780654907,0.7310000061988831,0.6313009858131409,0.5782970190048218,1.0916600227355957,3.0,0.0,0.8085709810256958,1.0,18.899799346923828,0.3377000093460083,109.2198345,19.3956865,5.62186,ZTF18acywyuo
2458819.9322569,2,1065432254315,19.072799682617188,/ztf/archive/sci/2019/1202/431979/ztf_20191202431979_000565_zr_c11_o_q4_scimrefdiffimg.fits.fz,Kulkarni,2,1065,43,565,25.532800674438477,5.7885399655788206e-06,0.035958800464868546,0.10079699754714966,1.4503400052490178e-05,t17_f5_c3,,,,,,,,,,,,,,,,,,,,,,,,,,,,,,,,,,,,,,,ZTF18acywyuo
2458819.9379282,2,1065437924315,18.418100357055664,/ztf/archive/sci/2019/1202/437928/ztf_20191202437928_000565_zr_c11_o_q4_scimrefdiffimg.fits.fz,Kulkarni,2,1065,43,565,24.978599548339844,9.310710083809681e-06,0.0436428003013134,0.08733619749546051,2.2972799342824146e-05,t17_f5_c3,,,,,,,,,,,,,,,,,,,,,,,,,,,,,,,,,,,,,,,ZTF18acywyuo
2458819.9383796,2,1065438374315,18.992700576782227,/ztf/archive/sci/2019/1202/438380/ztf_20191202438380_000565_zr_c11_o_q4_scimrefdiffimg.fits.fz,Kulkarni,2,1065,43,565,25.268400192260742,5.147699994267896e-06,0.03383610025048256,0.0922601968050003,1.2867600162280723e-05,t17_f5_c3,,,,,,,,,,,,,,,,,,,,,,,,,,,,,,,,,,,,,,,ZTF18acywyuo
2458819.945544,2,1065445544315,19.266399383544922,/ztf/archive/sci/2019/1202/445440/ztf_20191202445440_000565_zr_c11_o_q4_scimrefdiffimg.fits.fz,Kulkarni,2,1065,43,565,25.60700035095215,4.30726004196913e-06,0.03114989958703518,0.09368699789047241,1.0895600098592695e-05,t17_f5_c3,1.065445544315015e+18,t,49.0,1744.3800048828125,1802.9200439453125,109.2198443,19.3956592,19.152999877929688,0.20685899257659912,0.9137240052223206,19.284500122070312,0.3675999939441681,0.0880960002541542,17.320999145507812,0.029999999329447746,3.1559998989105225,0.06700000166893005,0.46880701184272766,0.13150499761104584,1.3753199577331543,0.7409999966621399,1277.5799560546875,-0.018092000856995583,2.0,0.9210000038146973,0.7680000066757202,0.6696609854698181,0.5584139823913574,1.1992199420928955,4.0,0.0,0.8442860245704651,1.0,19.031700134277344,0.3709999918937683,109.2198345,19.3956865,5.75211,ZTF18acywyuo
2458819.9482176,2,1065448214315,19.55929946899414,/ztf/archive/sci/2019/1202/448218/ztf_20191202448218_000565_zr_c11_o_q4_scimrefdiffimg.fits.fz,Kulkarni,2,1065,43,565,25.739299774169922,3.0687499474879587e-06,0.026160800829529762,0.09286049753427505,7.803469998179935e-06,t17_f5_c3,1.065448214315015e+18,t,33.0,1744.5699462890625,1802.510009765625,109.219831,19.395693,19.236299514770508,0.23084799945354462,1.9419599771499634,19.265399932861328,0.28929999470710754,0.025422999635338783,17.320999145507812,0.029999999329447746,3.1559998989105225,0.06700000166893005,0.44499900937080383,0.029083000496029854,1.3274199962615967,0.8989999890327454,1277.989990234375,0.2939249873161316,2.0,0.8379999995231628,0.734000027179718,0.6312999725341797,0.552951991558075,1.1416900157928467,5.0,0.0,0.8414289951324463,0.9753389954566956,19.185800552368164,0.3409000039100647,109.2198345,19.3956865,7.32983,ZTF18acywyuo
2458819.9525926,2,1065452594315,19.87299919128418,/ztf/archive/sci/2019/1202/452593/ztf_20191202452593_000565_zr_c11_o_q4_scimrefdiffimg.fits.fz,Kulkarni,2,1065,43,565,25.897600173950195,2.3010200038697803e-06,0.02276029996573925,0.08424340188503265,5.8124201132159214e-06,t17_f5_c3,,,,,,,,,,,,,,,,,,,,,,,,,,,,,,,,,,,,,,,ZTF18acywyuo
2458819.9570602,2,1065457064315,19.476600646972656,/ztf/archive/sci/2019/1202/456887/ztf_20191202456887_000565_zr_c11_o_q4_scimrefdiffimg.fits.fz,Kulkarni,2,1065,43,565,25.62689971923828,3.3469500522187445e-06,0.02746810019016266,0.09722279757261276,8.447759682894684e-06,t17_f5_c3,,,,,,,,,,,,,,,,,,,,,,,,,,,,,,,,,,,,,,,ZTF18acywyuo
2458819.9590509,2,1065459054315,19.665800094604492,/ztf/archive/sci/2019/1202/459028/ztf_20191202459028_000565_zr_c11_o_q4_scimrefdiffimg.fits.fz,Kulkarni,2,1065,43,565,25.752700805664062,2.8372398901410634e-06,0.02521969936788082,0.08586309850215912,7.179469776019687e-06,t17_f5_c3,1.065459054315015e+18,t,24.0,1743.6700439453125,1803.030029296875,109.219884,19.3956003,19.069700241088867,0.15054599940776825,1.8177000284194946,19.25,0.2759000062942505,0.3517110049724579,17.320999145507812,0.029999999329447746,3.1559998989105225,0.06700000166893005,0.717635989189148,0.1803389936685562,1.2477099895477295,0.9599999785423279,1277.469970703125,0.4157960116863251,2.0,0.722000002861023,0.6639999747276306,0.5786589980125427,0.5321739912033081,1.0873500108718872,4.0,0.0,0.8600000143051147,0.9483050107955933,19.26180076599121,0.3531999886035919,109.2198345,19.3956865,5.50128,ZTF18acywyuo
2458819.9601157,2,1065460114315,19.452299118041992,/ztf/archive/sci/2019/1202/460035/ztf_20191202460035_000565_zr_c11_o_q4_scimrefdiffimg.fits.fz,Kulkarni,2,1065,43,565,25.673900604248047,3.640489921963308e-06,0.028497500345110893,0.08935870230197906,9.211649739881977e-06,t17_f5_c3,,,,,,,,,,,,,,,,,,,,,,,,,,,,,,,,,,,,,,,ZTF18acywyuo
2458819.9610185,2,1065461014315,19.247600555419922,/ztf/archive/sci/2019/1202/461019/ztf_20191202461019_000565_zr_c11_o_q4_scimrefdiffimg.fits.fz,Kulkarni,2,1065,43,565,25.49679946899414,4.926379915559664e-06,0.033209800720214844,0.09312939643859863,1.2459699973987881e-05,t17_f5_c3,,,,,,,,,,,,,,,,,,,,,,,,,,,,,,,,,,,,,,,ZTF18acywyuo
2458819.967963,2,1065467964315,18.994300842285156,/ztf/archive/sci/2019/1202/467812/ztf_20191202467812_000565_zr_c11_o_q4_scimrefdiffimg.fits.fz,Kulkarni,2,1065,43,565,25.305500030517578,6.114700227044523e-06,0.036891598254442215,0.09610199928283691,1.533189970359672e-05,t17_f5_c3,1.065467964315015e+18,t,23.0,1744.0899658203125,1801.9599609375,109.2198409,19.3956443,18.971500396728516,0.17626400291919708,0.9259260296821594,18.676599502563477,0.29190000891685486,0.1548440009355545,17.320999145507812,0.029999999329447746,3.1559998989105225,0.06700000166893005,-0.338454008102417,-0.2948929965496063,1.2615599632263184,0.9449999928474426,1278.5400390625,0.31771600246429443,2.0,0.6570000052452087,0.5809999704360962,0.5207849740982056,0.4605419933795929,1.130810022354126,6.0,0.0,0.8228570222854614,0.9933170080184937,18.448999404907227,0.30230000615119934,109.2198345,19.3956865,5.26245,ZTF18acywyuo
2458819.971331,2,1065471334315,18.875200271606445,/ztf/archive/sci/2019/1202/471308/ztf_20191202471308_000565_zr_c11_o_q4_scimrefdiffimg.fits.fz,Kulkarni,2,1065,43,565,25.253999710083008,6.754739843017887e-06,0.038520198315382004,0.08613459765911102,1.6896399756660685e-05,t17_f5_c3,,,,,,,,,,,,,,,,,,,,,,,,,,,,,,,,,,,,,,,ZTF18acywyuo
2458819.973287,2,1065473284315,18.530000686645508,/ztf/archive/sci/2019/1202/473287/ztf_20191202473287_000565_zr_c11_o_q4_scimrefdiffimg.fits.fz,Kulkarni,2,1065,43,565,24.90570068359375,8.019130291359033e-06,0.04089000076055527,0.09418269991874695,1.9770899598370306e-05,t17_f5_c3,,,,,,,,,,,,,,,,,,,,,,,,,,,,,,,,,,,,,,,ZTF18acywyuo
2458819.9737384,2,1065473734315,18.694000244140625,/ztf/archive/sci/2019/1202/473738/ztf_20191202473738_000565_zr_c11_o_q4_scimrefdiffimg.fits.fz,Kulkarni,2,1065,43,565,24.986099243164062,6.611579919990618e-06,0.03783139958977699,0.09012959897518158,1.641000017116312e-05,t17_f5_c3,,,,,,,,,,,,,,,,,,,,,,,,,,,,,,,,,,,,,,,ZTF18acywyuo
2458819.9741898,2,1065474184315,19.08289909362793,/ztf/archive/sci/2019/1202/474190/ztf_20191202474190_000565_zr_c11_o_q4_scimrefdiffimg.fits.fz,Kulkarni,2,1065,43,565,25.262500762939453,5.894719834032003e-06,0.03617750108242035,0.0949288010597229,1.4809000276727602e-05,t17_f5_c3,1.065474184315015e+18,t,15.0,1744.739990234375,1801.719970703125,109.219851,19.395543,18.96150016784668,0.23169900476932526,2.7340199947357178,18.814599990844727,0.3253999948501587,0.5154410004615784,17.320999145507812,0.029999999329447746,3.1559998989105225,0.06700000166893005,0.09822800010442734,-0.14687100052833557,1.186750054359436,0.9390000104904175,1278.780029296875,0.268341988325119,2.0,0.8460000157356262,0.7749999761581421,0.7128720283508301,0.6530449986457825,1.0916099548339844,5.0,0.0,0.7571430206298828,0.9102280139923096,18.684600830078125,0.3684999942779541,109.2198345,19.3956865,5.41151,ZTF18acywyuo
2458819.9785995,2,1065478594315,18.311399459838867,/ztf/archive/sci/2019/1202/478542/ztf_20191202478542_000565_zr_c11_o_q4_scimrefdiffimg.fits.fz,Kulkarni,2,1065,43,565,24.891000747680664,1.0070400094264187e-05,0.044151999056339264,0.09708219766616821,2.499330003047362e-05,t17_f5_c3,,,,,,,,,,,,,,,,,,,,,,,,,,,,,,,,,,,,,,,ZTF18acywyuo
2458820.7381713,1,1066238174315,19.344999313354492,/ztf/archive/sci/2019/1203/238160/ztf_20191203238160_000565_zg_c11_o_q4_scimrefdiffimg.fits.fz,Kulkarni,1,1066,43,565,25.618799209594727,7.708040357101709e-06,0.03867439925670624,-0.018582800403237343,2.0983099602744915e-05,t17_f5_c3,,,,,,,,,,,,,,,,,,,,,,,,,,,,,,,,,,,,,,,ZTF18acywyuo
2458820.7994792,2,1066299474315,18.822399139404297,/ztf/archive/sci/2019/1203/299433/ztf_20191203299433_000565_zr_c11_o_q4_scimrefdiffimg.fits.fz,Kulkarni,2,1066,43,565,24.992300033569336,6.837969976913882e-06,0.038987599313259125,0.09726960211992264,1.691249963187147e-05,t17_f5_c3,,,,,,,,,,,,,,,,,,,,,,,,,,,,,,,,,,,,,,,ZTF18acywyuo
2458820.8017708,2,1066301774315,16.390899658203125,/ztf/archive/sci/2019/1203/301736/ztf_20191203301736_000565_zr_c11_o_q4_scimrefdiffimg.fits.fz,Kulkarni,2,1066,43,565,22.840900421142578,0.0006715380004607141,0.1074180006980896,0.01908460073173046,0.0020027300342917442,t17_f5_c3,,,,,,,,,,,,,,,,,,,,,,,,,,,,,,,,,,,,,,,ZTF18acywyuo
2458820.8026736,2,1066302674315,15.955400466918945,/ztf/archive/sci/2019/1203/302674/ztf_20191203302674_000565_zr_c11_o_q4_scimrefdiffimg.fits.fz,Kulkarni,2,1066,43,565,22.439199447631836,0.0010712400544434786,0.08962550014257431,0.123649001121521,0.0031673600897192955,t17_f5_c3,,,,,,,,,,,,,,,,,,,,,,,,,,,,,,,,,,,,,,,ZTF18acywyuo
2458820.8127778,2,1066312774315,17.350799560546875,/ztf/archive/sci/2019/1203/312778/ztf_20191203312778_000565_zr_c11_o_q4_scimrefdiffimg.fits.fz,Kulkarni,2,1066,43,565,23.848899841308594,0.00019586700364015996,0.12734900414943695,0.1085209995508194,0.0005742569919675589,t17_f5_c3,,,,,,,,,,,,,,,,,,,,,,,,,,,,,,,,,,,,,,,ZTF18acywyuo
2458820.8137847,2,1066313784315,17.670799255371094,/ztf/archive/sci/2019/1203/313727/ztf_20191203313727_000565_zr_c11_o_q4_scimrefdiffimg.fits.fz,Kulkarni,2,1066,43,565,24.025999069213867,2.646810025908053e-05,0.05962749943137169,0.08876080065965652,6.962560291867703e-05,t17_f5_c3,,,,,,,,,,,,,,,,,,,,,,,,,,,,,,,,,,,,,,,ZTF18acywyuo
2458820.8142361,2,1066314234315,16.906299591064453,/ztf/archive/sci/2019/1203/314236/ztf_20191203314236_000565_zr_c11_o_q4_scimrefdiffimg.fits.fz,Kulkarni,2,1066,43,565,23.41990089416504,5.531019996851683e-05,0.05722910165786743,0.07806310057640076,0.00016533100279048085,t17_f5_c3,,,,,,,,,,,,,,,,,,,,,,,,,,,,,,,,,,,,,,,ZTF18acywyuo
2458820.8165394,2,1066316534315,18.58839988708496,/ztf/archive/sci/2019/1203/316539/ztf_20191203316539_000565_zr_c11_o_q4_scimrefdiffimg.fits.fz,Kulkarni,2,1066,43,565,24.94930076599121,8.357320439245086e-06,0.0417494997382164,0.10363499820232391,2.0634799511753954e-05,t17_f5_c3,,,,,,,,,,,,,,,,,,,,,,,,,,,,,,,,,,,,,,,ZTF18acywyuo
2458820.8234722,2,1066323474315,17.337099075317383,/ztf/archive/sci/2019/1203/323461/ztf_20191203323461_000565_zr_c11_o_q4_scimrefdiffimg.fits.fz,Kulkarni,2,1066,43,565,23.74850082397461,0.0001905230019474402,0.13258999586105347,0.12006799876689911,0.000531292986124754,t17_f5_c3,,,,,,,,,,,,,,,,,,,,,,,,,,,,,,,,,,,,,,,ZTF18acywyuo
2458820.8244329,2,1066324434315,18.24839973449707,/ztf/archive/sci/2019/1203/324398/ztf_20191203324398_000565_zr_c11_o_q4_scimrefdiffimg.fits.fz,Kulkarni,2,1066,43,565,24.685800552368164,3.0484399758279324e-05,0.07461400330066681,0.10719899833202362,7.621009717695415e-05,t17_f5_c3,,,,,,,,,,,,,,,,,,,,,,,,,,,,,,,,,,,,,,,ZTF18acywyuo
2458820.8291088,2,1066329104315,17.707300186157227,/ztf/archive/sci/2019/1203/329109/ztf_20191203329109_000565_zr_c11_o_q4_scimrefdiffimg.fits.fz,Kulkarni,2,1066,43,565,24.146400451660156,1.4669900338049047e-05,0.0455612987279892,0.08984020352363586,3.8699701690347865e-05,t17_f5_c3,,,,,,,,,,,,,,,,,,,,,,,,,,,,,,,,,,,,,,,ZTF18acywyuo
2458820.8309838,2,1066330984315,18.82699966430664,/ztf/archive/sci/2019/1203/330949/ztf_20191203330949_000565_zr_c11_o_q4_scimrefdiffimg.fits.fz,Kulkarni,2,1066,43,565,25.017799377441406,6.936959835002199e-06,0.03900330141186714,0.09462209790945053,1.7240099623450078e-05,t17_f5_c3,,,,,,,,,,,,,,,,,,,,,,,,,,,,,,,,,,,,,,,ZTF18acywyuo
2458820.8332523,2,1066333254315,19.631200790405273,/ztf/archive/sci/2019/1203/333241/ztf_20191203333241_000565_zr_c11_o_q4_scimrefdiffimg.fits.fz,Kulkarni,2,1066,43,565,25.711599349975586,2.900160097851767e-06,0.02555450052022934,0.09617889672517776,7.3172500378859695e-06,t17_f5_c3,1.066333254315015e+18,t,20.0,1731.4000244140625,1801.1300048828125,109.2198871,19.3957018,19.14459991455078,0.19256700575351715,1.7351399660110474,18.990100860595703,0.21870000660419464,0.18968400359153748,17.320999145507812,0.029999999329447746,3.1559998989105225,0.06700000166893005,-0.16179099678993225,-0.15452100336551666,1.2814199924468994,0.9269999861717224,1279.3699951171875,0.6411219835281372,2.0,0.8259999752044678,0.6399999856948853,0.6445950269699097,0.49944400787353516,1.290619969367981,3.0,0.0,0.8528569936752319,0.9385010004043579,19.099599838256836,0.3059000074863434,109.2198345,19.3956865,6.24183,ZTF18acywyuo
2458820.8364699,2,1066336464315,18.819700241088867,/ztf/archive/sci/2019/1203/336458/ztf_20191203336458_000565_zr_c11_o_q4_scimrefdiffimg.fits.fz,Kulkarni,2,1066,43,565,25.236400604248047,7.039080173854018e-06,0.03929109871387482,0.08986970037221909,1.7403699530404992e-05,t17_f5_c3,1.066336464315015e+18,t,11.0,1731.6800537109375,1802.52001953125,109.2198732,19.3955663,18.89240074157715,0.23983600735664368,1.4921400547027588,18.7091007232666,0.30790001153945923,0.4462839961051941,17.320999145507812,0.029999999329447746,3.1559998989105225,0.06700000166893005,-0.3369919955730438,-0.18328599631786346,1.4469300508499146,0.48399999737739563,1277.97998046875,0.11064799875020981,2.0,0.8799999952316284,0.7580000162124634,0.6081830263137817,0.5238670110702515,1.160949945449829,6.0,0.0,0.8342859745025635,0.9745309948921204,18.840200424194336,0.44350001215934753,109.2198345,19.3956865,5.93525,ZTF18acywyuo
2458820.837419,2,1066337414315,18.39240074157715,/ztf/archive/sci/2019/1203/337396/ztf_20191203337396_000565_zr_c11_o_q4_scimrefdiffimg.fits.fz,Kulkarni,2,1066,43,565,24.945199966430664,9.820309969654772e-06,0.04381069913506508,0.09989939630031586,2.4405200747423805e-05,t17_f5_c3,,,,,,,,,,,,,,,,,,,,,,,,,,,,,,,,,,,,,,,ZTF18acywyuo
2458820.8407986,2,1066340794315,16.412399291992188,/ztf/archive/sci/2019/1203/340764/ztf_20191203340764_000565_zr_c11_o_q4_scimrefdiffimg.fits.fz,Kulkarni,2,1066,43,565,23.00550079345703,0.0001715219987090677,0.05937749892473221,0.048783399164676666,0.0005115470266900957,t17_f5_c3,,,,,,,,,,,,,,,,,,,,,,,,,,,,,,,,,,,,,,,ZTF18acywyuo
2458820.843125,2,1066343124315,17.82710075378418,/ztf/archive/sci/2019/1203/343090/ztf_20191203343090_000565_zr_c11_o_q4_scimrefdiffimg.fits.fz,Kulkarni,2,1066,43,565,24.29450035095215,1.5081999663379975e-05,0.045373499393463135,0.10453999787569046,4.0328901377506554e-05,t17_f5_c3,,,,,,,,,,,,,,,,,,,,,,,,,,,,,,,,,,,,,,,ZTF18acywyuo
2458820.8493634,2,1066349364315,17.56839942932129,/ztf/archive/sci/2019/1203/349363/ztf_20191203349363_000565_zr_c11_o_q4_scimrefdiffimg.fits.fz,Kulkarni,2,1066,43,565,24.0935001373291,3.0802300898358226e-05,0.05896880105137825,0.07046929746866226,8.513370266882703e-05,t17_f5_c3,,,,,,,,,,,,,,,,,,,,,,,,,,,,,,,,,,,,,,,ZTF18acywyuo
2458820.8507755,2,1066350774315,17.112699508666992,/ztf/archive/sci/2019/1203/350752/ztf_20191203350752_000565_zr_c11_o_q4_scimrefdiffimg.fits.fz,Kulkarni,2,1066,43,565,23.75659942626953,8.09581033536233e-05,0.06719379872083664,0.09071999788284302,0.00023831499856896698,t17_f5_c3,,,,,,,,,,,,,,,,,,,,,,,,,,,,,,,,,,,,,,,ZTF18acywyuo
2458820.8512384,2,1066351234315,17.612499237060547,/ztf/archive/sci/2019/1203/351227/ztf_20191203351227_000565_zr_c11_o_q4_scimrefdiffimg.fits.fz,Kulkarni,2,1066,43,565,24.166000366210938,2.1223599105724134e-05,0.04884450137615204,0.11282700300216675,5.8032801462104544e-05,t17_f5_c3,,,,,,,,,,,,,,,,,,,,,,,,,,,,,,,,,,,,,,,ZTF18acywyuo
2458820.8550463,2,1066355044315,19.46269989013672,/ztf/archive/sci/2019/1203/354988/ztf_20191203354988_000565_zr_c11_o_q4_scimrefdiffimg.fits.fz,Kulkarni,2,1066,43,565,25.534000396728516,3.5843700061377604e-06,0.028202900663018227,0.08250220119953156,9.098290320253e-06,t17_f5_c3,,,,,,,,,,,,,,,,,,,,,,,,,,,,,,,,,,,,,,,ZTF18acywyuo
2458820.8632986,2,1066363294315,19.14069938659668,/ztf/archive/sci/2019/1203/363287/ztf_20191203363287_000565_zr_c11_o_q4_scimrefdiffimg.fits.fz,Kulkarni,2,1066,43,565,25.570600509643555,5.07158983964473e-06,0.033539898693561554,0.09812500327825546,1.2829799743485637e-05,t17_f5_c3,1.066363294315015e+18,t,16.0,1733.18994140625,1807.1800537109375,109.2199464,19.395778,19.12459945678711,0.18971100449562073,1.179229974746704,19.792699813842773,0.6039000153541565,0.5052599906921387,17.320999145507812,0.029999999329447746,3.1559998989105225,0.06700000166893005,0.030729999765753746,0.6681060194969177,1.4973399639129639,0.6700000166893005,1273.3199462890625,-0.6520259976387024,2.0,0.9580000042915344,0.8899999856948853,0.639801025390625,0.5943869948387146,1.0764000415802002,4.0,0.0,0.7385709881782532,0.9758059978485107,19.395000457763672,0.5336999893188477,109.2198345,19.3956865,5.74286,ZTF18acywyuo
2458820.8656829,2,1066365684315,18.963300704956055,/ztf/archive/sci/2019/1203/365683/ztf_20191203365683_000565_zr_c11_o_q4_scimrefdiffimg.fits.fz,Kulkarni,2,1066,43,565,25.477800369262695,6.042710083420388e-06,0.03671190142631531,0.09300920367240906,1.5142300071602222e-05,t17_f5_c3,1.066365684315015e+18,t,26.0,1733.43994140625,1807.6199951171875,109.219904,19.3957572,19.173799514770508,0.2914179861545563,0.9560109972953796,19.081600189208984,0.35089999437332153,0.344990998506546,17.320999145507812,0.029999999329447746,3.1559998989105225,0.06700000166893005,-0.35331299901008606,-0.09215500205755234,1.5734399557113647,0.6129999756813049,1272.8800048828125,-0.11831100285053253,2.0,0.984000027179718,0.7829999923706055,0.6253820061683655,0.497637003660202,1.2567100524902344,3.0,0.0,0.8257139921188354,1.0,19.064300537109375,0.44029998779296875,109.2198345,19.3956865,5.28534,ZTF18acywyuo
2458820.8704514,2,1066370454315,18.511899948120117,/ztf/archive/sci/2019/1203/370440/ztf_20191203370440_000565_zr_c11_o_q4_scimrefdiffimg.fits.fz,Kulkarni,2,1066,43,565,24.830900192260742,8.566369615436997e-06,0.04184800013899803,0.08950799703598022,2.124680031556636e-05,t17_f5_c3,,,,,,,,,,,,,,,,,,,,,,,,,,,,,,,,,,,,,,,ZTF18acywyuo
2458820.8732523,2,1066373254315,16.064599990844727,/ztf/archive/sci/2019/1203/373218/ztf_20191203373218_000565_zr_c11_o_q4_scimrefdiffimg.fits.fz,Kulkarni,2,1066,43,565,22.535400390625,0.0005382070085033774,0.0691709965467453,-0.009080169722437859,0.0016513499431312084,t17_f5_c3,,,,,,,,,,,,,,,,,,,,,,,,,,,,,,,,,,,,,,,ZTF18acywyuo
2458820.8776157,2,1066377614315,17.293699264526367,/ztf/archive/sci/2019/1203/377593/ztf_20191203377593_000565_zr_c11_o_q4_scimrefdiffimg.fits.fz,Kulkarni,2,1066,43,565,23.944599151611328,3.429520074860193e-05,0.049360599368810654,0.0701029971241951,0.00010169199958909303,t17_f5_c3,,,,,,,,,,,,,,,,,,,,,,,,,,,,,,,,,,,,,,,ZTF18acywyuo
2458820.8805556,2,1066380554315,18.15719985961914,/ztf/archive/sci/2019/1203/380475/ztf_20191203380475_000565_zr_c11_o_q4_scimrefdiffimg.fits.fz,Kulkarni,2,1066,43,565,24.648000717163086,1.094189974537585e-05,0.044196099042892456,0.10762500017881393,2.7321399102220312e-05,t17_f5_c3,,,,,,,,,,,,,,,,,,,,,,,,,,,,,,,,,,,,,,,ZTF18acywyuo
2458820.8843981,2,1066384394315,18.53700065612793,/ztf/archive/sci/2019/1203/384306/ztf_20191203384306_000565_zr_c11_o_q4_scimrefdiffimg.fits.fz,Kulkarni,2,1066,43,565,24.899599075317383,8.447010259260423e-06,0.04146549850702286,0.09884549677371979,2.0631299776141532e-05,t17_f5_c3,,,,,,,,,,,,,,,,,,,,,,,,,,,,,,,,,,,,,,,ZTF18acywyuo
2458820.8863657,2,1066386364315,18.083999633789062,/ztf/archive/sci/2019/1203/386331/ztf_20191203386331_000565_zr_c11_o_q4_scimrefdiffimg.fits.fz,Kulkarni,2,1066,43,565,24.53190040588379,1.0256299901811872e-05,0.041989900171756744,0.09957929700613022,2.5908400857588276e-05,t17_f5_c3,,,,,,,,,,,,,,,,,,,,,,,,,,,,,,,,,,,,,,,ZTF18acywyuo
2458820.888669,2,1066388664315,17.16659927368164,/ztf/archive/sci/2019/1203/388194/ztf_20191203388194_000565_zr_c11_o_q4_scimrefdiffimg.fits.fz,Kulkarni,2,1066,43,565,23.74489974975586,3.3075000828830525e-05,0.04859180003404617,0.10710400342941284,9.61878031375818e-05,t17_f5_c3,,,,,,,,,,,,,,,,,,,,,,,,,,,,,,,,,,,,,,,ZTF18acywyuo
2458820.8900926,2,1066390094315,17.186500549316406,/ztf/archive/sci/2019/1203/390093/ztf_20191203390093_000565_zr_c11_o_q4_scimrefdiffimg.fits.fz,Kulkarni,2,1066,43,565,23.77680015563965,3.7303798308130354e-05,0.05205380171537399,0.09598849713802338,0.00010943999950541183,t17_f5_c3,,,,,,,,,,,,,,,,,,,,,,,,,,,,,,,,,,,,,,,ZTF18acywyuo
2458820.8909954,2,1066390994315,17.576900482177734,/ztf/archive/sci/2019/1203/390995/ztf_20191203390995_000565_zr_c11_o_q4_scimrefdiffimg.fits.fz,Kulkarni,2,1066,43,565,24.202199935913086,2.2253700080909766e-05,0.047833800315856934,0.09796369820833206,6.292489706538618e-05,t17_f5_c3,,,,,,,,,,,,,,,,,,,,,,,,,,,,,,,,,,,,,,,ZTF18acywyuo
2458820.8919097,2,1066391904315,17.91510009765625,/ztf/archive/sci/2019/1203/391898/ztf_20191203391898_000565_zr_c11_o_q4_scimrefdiffimg.fits.fz,Kulkarni,2,1066,43,565,24.44059944152832,1.3086500075587537e-05,0.043379999697208405,0.09750659763813019,3.445069887675345e-05,t17_f5_c3,,,,,,,,,,,,,,,,,,,,,,,,,,,,,,,,,,,,,,,ZTF18acywyuo
2458820.8987384,2,1066398734315,17.665300369262695,/ztf/archive/sci/2019/1203/398738/ztf_20191203398738_000565_zr_c11_o_q4_scimrefdiffimg.fits.fz,Kulkarni,2,1066,43,565,24.312599182128906,1.8376800653641112e-05,0.045849401503801346,0.0979045033454895,5.11344987899065e-05,t17_f5_c3,,,,,,,,,,,,,,,,,,,,,,,,,,,,,,,,,,,,,,,ZTF18acywyuo
2458820.9017245,2,1066401724315,17.771900177001953,/ztf/archive/sci/2019/1203/401725/ztf_20191203401725_000565_zr_c11_o_q4_scimrefdiffimg.fits.fz,Kulkarni,2,1066,43,565,24.409400939941406,1.972450081666466e-05,0.04959689825773239,0.10405699908733368,5.334270099410787e-05,t17_f5_c3,,,,,,,,,,,,,,,,,,,,,,,,,,,,,,,,,,,,,,,ZTF18acywyuo
2458820.9085995,2,1066408594315,17.265600204467773,/ztf/archive/sci/2019/1203/408495/ztf_20191203408495_000565_zr_c11_o_q4_scimrefdiffimg.fits.fz,Kulkarni,2,1066,43,565,23.737199783325195,2.8837799618486315e-05,0.04694740101695061,0.09137140214443207,8.559760317439213e-05,t17_f5_c3,,,,,,,,,,,,,,,,,,,,,,,,,,,,,,,,,,,,,,,ZTF18acywyuo
2458820.9095023,2,1066409504315,17.1033992767334,/ztf/archive/sci/2019/1203/409502/ztf_20191203409502_000565_zr_c11_o_q4_scimrefdiffimg.fits.fz,Kulkarni,2,1066,43,565,23.641000747680664,3.209229907952249e-05,0.04921190068125725,0.0825359970331192,9.47915978031233e-05,t17_f5_c3,,,,,,,,,,,,,,,,,,,,,,,,,,,,,,,,,,,,,,,ZTF18acywyuo
2458820.9105903,2,1066410594315,17.13279914855957,/ztf/archive/sci/2019/1203/410475/ztf_20191203410475_000565_zr_c11_o_q4_scimrefdiffimg.fits.fz,Kulkarni,2,1066,43,565,23.618099212646484,3.988349999417551e-05,0.053647298365831375,0.09465420246124268,0.00011660299787763506,t17_f5_c3,,,,,,,,,,,,,,,,,,,,,,,,,,,,,,,,,,,,,,,ZTF18acywyuo
2458820.9156366,2,1066415634315,16.547199249267578,/ztf/archive/sci/2019/1203/415289/ztf_20191203415289_000565_zr_c11_o_q4_scimrefdiffimg.fits.fz,Kulkarni,2,1066,43,565,23.078699111938477,8.938099927036092e-05,0.05432090163230896,0.0840454027056694,0.0002628699876368046,t17_f5_c3,,,,,,,,,,,,,,,,,,,,,,,,,,,,,,,,,,,,,,,ZTF18acywyuo
2458820.9165394,2,1066416534315,16.721200942993164,/ztf/archive/sci/2019/1203/416539/ztf_20191203416539_000565_zr_c11_o_q4_scimrefdiffimg.fits.fz,Kulkarni,2,1066,43,565,23.240299224853516,6.894979742355645e-05,0.05551059916615486,0.08738230168819427,0.0002031439944403246,t17_f5_c3,,,,,,,,,,,,,,,,,,,,,,,,,,,,,,,,,,,,,,,ZTF18acywyuo
2458820.9187847,2,1066418784315,17.29960060119629,/ztf/archive/sci/2019/1203/418657/ztf_20191203418657_000565_zr_c11_o_q4_scimrefdiffimg.fits.fz,Kulkarni,2,1066,43,565,23.827800750732422,2.8401000236044638e-05,0.049887098371982574,0.09643200039863586,8.015189814614132e-05,t17_f5_c3,,,,,,,,,,,,,,,,,,,,,,,,,,,,,,,,,,,,,,,ZTF18acywyuo
2458820.9199306,2,1066419934315,17.6653995513916,/ztf/archive/sci/2019/1203/419792/ztf_20191203419792_000565_zr_c11_o_q4_scimrefdiffimg.fits.fz,Kulkarni,2,1066,43,565,24.01569938659668,1.732099917717278e-05,0.04655370116233826,0.08254030346870422,4.736620030598715e-05,t17_f5_c3,,,,,,,,,,,,,,,,,,,,,,,,,,,,,,,,,,,,,,,ZTF18acywyuo
2458820.9203819,2,1066420384315,17.567800521850586,/ztf/archive/sci/2019/1203/420382/ztf_20191203420382_000565_zr_c11_o_q4_scimrefdiffimg.fits.fz,Kulkarni,2,1066,43,565,23.94610023498535,1.790470014384482e-05,0.045689698308706284,0.09511960297822952,4.95647982461378e-05,t17_f5_c3,,,,,,,,,,,,,,,,,,,,,,,,,,,,,,,,,,,,,,,ZTF18acywyuo
2458820.9237963,2,1066423794315,16.843900680541992,/ztf/archive/sci/2019/1203/423796/ztf_20191203423796_000565_zr_c11_o_q4_scimrefdiffimg.fits.fz,Kulkarni,2,1066,43,565,23.328800201416016,4.8416899517178535e-05,0.04983539879322052,0.08578470349311829,0.00014364700473379344,t17_f5_c3,,,,,,,,,,,,,,,,,,,,,,,,,,,,,,,,,,,,,,,ZTF18acywyuo
2458820.9242477,2,1066424244315,17.01099967956543,/ztf/archive/sci/2019/1203/424248/ztf_20191203424248_000565_zr_c11_o_q4_scimrefdiffimg.fits.fz,Kulkarni,2,1066,43,565,23.470800399780273,4.814819840248674e-05,0.05503330007195473,0.07267600297927856,0.00014178600395098329,t17_f5_c3,,,,,,,,,,,,,,,,,,,,,,,,,,,,,,,,,,,,,,,ZTF18acywyuo
2458820.9289931,2,1066428994315,15.70009994506836,/ztf/archive/sci/2019/1203/428715/ztf_20191203428715_000565_zr_c11_o_q4_scimrefdiffimg.fits.fz,Kulkarni,2,1066,43,565,22.25510025024414,0.0009337720111943781,0.06493010371923447,0.1387059986591339,0.0027655300218611956,t17_f5_c3,,,,,,,,,,,,,,,,,,,,,,,,,,,,,,,,,,,,,,,ZTF18acywyuo
2458820.9326273,2,1066432624315,15.393199920654297,/ztf/archive/sci/2019/1203/432500/ztf_20191203432500_000565_zr_c11_o_q4_scimrefdiffimg.fits.fz,Kulkarni,2,1066,43,565,22.075599670410156,0.07823929935693741,0.05657549947500229,-0.7379109859466553,0.26298901438713074,t17_f5_c3,,,,,,,,,,,,,,,,,,,,,,,,,,,,,,,,,,,,,,,ZTF18acywyuo
2458820.9507523,2,1066450754315,15.24489974975586,/ztf/archive/sci/2019/1203/450718/ztf_20191203450718_000565_zr_c11_o_q4_scimrefdiffimg.fits.fz,Kulkarni,2,1066,43,565,21.931800842285156,0.05582350119948387,0.038356099277734756,-0.4695500135421753,0.17757700383663177,t17_f5_c3,,,,,,,,,,,,,,,,,,,,,,,,,,,,,,,,,,,,,,,ZTF18acywyuo
2458820.9528935,2,1066452894315,15.510199546813965,/ztf/archive/sci/2019/1203/452720/ztf_20191203452720_000565_zr_c11_o_q4_scimrefdiffimg.fits.fz,Kulkarni,2,1066,43,565,22.279800415039062,0.003256560070440173,0.05599270015954971,-0.017480099573731422,0.010514600202441216,t17_f5_c3,,,,,,,,,,,,,,,,,,,,,,,,,,,,,,,,,,,,,,,ZTF18acywyuo
2458820.9616319,2,1066461634315,16.12070083618164,/ztf/archive/sci/2019/1203/461493/ztf_20191203461493_000565_zr_c11_o_q4_scimrefdiffimg.fits.fz,Kulkarni,2,1066,43,565,22.924699783325195,0.0005766400136053562,0.05379899963736534,-0.03441549837589264,0.0018063799943774939,t17_f5_c3,,,,,,,,,,,,,,,,,,,,,,,,,,,,,,,,,,,,,,,ZTF18acywyuo
2458820.9645255,2,1066464524315,15.683600425720215,/ztf/archive/sci/2019/1203/464387/ztf_20191203464387_000565_zr_c11_o_q4_scimrefdiffimg.fits.fz,Kulkarni,2,1066,43,565,22.407699584960938,0.0008585259784013033,0.05674229934811592,0.12274599820375443,0.002515489934012294,t17_f5_c3,,,,,,,,,,,,,,,,,,,,,,,,,,,,,,,,,,,,,,,ZTF18acywyuo
2458820.9660995,2,1066466094315,15.332599639892578,/ztf/archive/sci/2019/1203/465961/ztf_20191203465961_000565_zr_c11_o_q4_scimrefdiffimg.fits.fz,Kulkarni,2,1066,43,565,22.093700408935547,0.010892599821090698,0.07102929800748825,-0.04469139873981476,0.035439301282167435,t17_f5_c3,,,,,,,,,,,,,,,,,,,,,,,,,,,,,,,,,,,,,,,ZTF18acywyuo
2458820.9670139,2,1066467014315,15.421500205993652,/ztf/archive/sci/2019/1203/467002/ztf_20191203467002_000565_zr_c11_o_q4_scimrefdiffimg.fits.fz,Kulkarni,2,1066,43,565,22.112300872802734,0.0037481701001524925,0.06691589951515198,0.12290100008249283,0.011428199708461761,t17_f5_c3,,,,,,,,,,,,,,,,,,,,,,,,,,,,,,,,,,,,,,,ZTF18acywyuo
2458820.9690278,2,1066469024315,15.141900062561035,/ztf/archive/sci/2019/1203/468900/ztf_20191203468900_000565_zr_c11_o_q4_scimrefdiffimg.fits.fz,Kulkarni,2,1066,43,565,21.850799560546875,0.00846050027757883,0.05886780098080635,0.2682740092277527,0.02759999968111515,t17_f5_c3,,,,,,,,,,,,,,,,,,,,,,,,,,,,,,,,,,,,,,,ZTF18acywyuo
2458820.9694792,2,1066469474315,14.99940013885498,/ztf/archive/sci/2019/1203/469479/ztf_20191203469479_000565_zr_c11_o_q4_scimrefdiffimg.fits.fz,Kulkarni,2,1066,43,565,21.686399459838867,0.010148500092327595,0.0691881999373436,0.3275960087776184,0.03243020176887512,t17_f5_c3,,,,,,,,,,,,,,,,,,,,,,,,,,,,,,,,,,,,,,,ZTF18acywyuo
2458820.9723148,2,1066472314315,15.583399772644043,/ztf/archive/sci/2019/1203/472257/ztf_20191203472257_000565_zr_c11_o_q4_scimrefdiffimg.fits.fz,Kulkarni,2,1066,43,565,22.251399993896484,0.001645570038817823,0.06795330345630646,-0.0574938990175724,0.005018219817429781,t17_f5_c3,,,,,,,,,,,,,,,,,,,,,,,,,,,,,,,,,,,,,,,ZTF18acywyuo
2458823.9261921,1,1069426194315,18.955299377441406,/ztf/archive/sci/2019/1206/426157/ztf_20191206426157_000565_zg_c11_o_q4_scimrefdiffimg.fits.fz,Kulkarni,1,1069,43,565,25.15719985961914,1.5114400412130635e-05,0.04332960024476051,-0.15288899838924408,4.797870133188553e-05,t17_f5_c3,,,,,,,,,,,,,,,,,,,,,,,,,,,,,,,,,,,,,,,ZTF18acywyuo
2458827.8029977,2,1073302991515,19.401899337768555,/ztf/archive/sci/2019/1210/302986/ztf_20191210302986_001611_zr_c04_o_q4_scimrefdiffimg.fits.fz,Kulkarni,2,1073,15,1611,26.054800033569336,3.5914299587602727e-06,0.026939500123262405,0.07801289856433868,8.255959983216599e-06,t17_f5_c3,,,,,,,,,,,,,,,,,,,,,,,,,,,,,,,,,,,,,,,ZTF18acywyuo
2458827.8039005,2,1073303904315,19.396499633789062,/ztf/archive/sci/2019/1210/303900/ztf_20191210303900_000565_zr_c11_o_q4_scimrefdiffimg.fits.fz,Kulkarni,1,1073,43,565,26.238100051879883,3.1700299132353393e-06,0.026894299313426018,0.09000570327043533,7.925869795144536e-06,t17_f5_c3,,,,,,,,,,,,,,,,,,,,,,,,,,,,,,,,,,,,,,,ZTF18acywyuo
2458828.8008333,2,1074300831515,18.748300552368164,/ztf/archive/sci/2019/1211/300833/ztf_20191211300833_001611_zr_c04_o_q4_scimrefdiffimg.fits.fz,Kulkarni,2,1074,15,1611,26.101299285888672,6.635079898842378e-06,0.03673670068383217,0.09124830365180969,1.5074099792400375e-05,t17_f5_c3,,,,,,,,,,,,,,,,,,,,,,,,,,,,,,,,,,,,,,,ZTF18acywyuo
2458828.8017361,2,1074301734315,19.556299209594727,/ztf/archive/sci/2019/1211/301736/ztf_20191211301736_000565_zr_c11_o_q4_scimrefdiffimg.fits.fz,Kulkarni,1,1074,43,565,26.37529945373535,2.9383400033111684e-06,0.025771599262952805,0.09244179725646973,7.394759904855164e-06,t17_f5_c3,,,,,,,,,,,,,,,,,,,,,,,,,,,,,,,,,,,,,,,ZTF18acywyuo
2458828.943669,1,1074443664315,19.334999084472656,/ztf/archive/sci/2019/1211/443669/ztf_20191211443669_000565_zg_c11_o_q4_scimrefdiffimg.fits.fz,Kulkarni,1,1074,43,565,26.349599838256836,7.481599823222496e-06,0.03716599941253662,-0.04195290058851242,2.082679930026643e-05,t17_f5_c3,,,,,,,,,,,,,,,,,,,,,,,,,,,,,,,,,,,,,,,ZTF18acywyuo
2458833.8613426,2,1079361341515,19.437299728393555,/ztf/archive/sci/2019/1216/361331/ztf_20191216361331_001611_zr_c04_o_q4_scimrefdiffimg.fits.fz,Kulkarni,2,1079,15,1611,26.2091007232666,4.588750016409904e-06,0.03050220012664795,0.07410919666290283,1.0508800187380984e-05,t17_f5_c3,1.079361341515015e+18,t,4.0,1235.6800537109375,881.2940063476562,109.2199309,19.395634,19.287099838256836,0.19251300394535065,1.2277799844741821,19.948400497436523,0.5144000053405762,0.25433599948883057,17.30500030517578,0.05000000074505806,3.4170000553131104,0.3440000116825104,-0.07719600200653076,0.6613270044326782,2.0999999046325684,0.9229999780654907,881.2940063476562,-0.5110700130462646,1.4705400466918945,0.8259999752044678,0.7279999852180481,0.39333298802375793,0.34666699171066284,1.1346100568771362,3.0,0.0,0.7957140207290649,1.0,19.96579933166504,0.6656000018119812,109.2198627,19.3956652,6.57566,ZTF18acywyuo
2458833.861794,2,1079361794315,19.50629997253418,/ztf/archive/sci/2019/1216/361794/ztf_20191216361794_000565_zr_c11_o_q4_scimrefdiffimg.fits.fz,Kulkarni,1,1079,43,565,26.394399642944336,2.7585099360294407e-06,0.025075100362300873,0.0866079032421112,6.923420187376905e-06,t17_f5_c3,1.079361794315015e+18,t,11.0,1755.0699462890625,1772.7099609375,109.219953,19.395609,19.10540008544922,0.1693039983510971,1.1475000381469727,18.906200408935547,0.186599999666214,0.49043500423431396,17.320999145507812,0.029999999329447746,3.1559998989105225,0.06700000166893005,-0.26409900188446045,-0.19918599724769592,2.3299999237060547,0.6539999842643738,1307.7900390625,0.6001229882240295,1.3148000240325928,1.1100000143051147,0.9150000214576721,0.47639501094818115,0.3927040100097656,1.2131099700927734,1.0,0.0,0.8342859745025635,1.0,18.825599670410156,0.22059999406337738,109.2198345,19.3956865,9.01892,ZTF18acywyuo
2458833.8779745,2,1079377974315,19.414499282836914,/ztf/archive/sci/2019/1216/377975/ztf_20191216377975_000565_zr_c11_o_q4_scimrefdiffimg.fits.fz,Kulkarni,1,1079,43,565,26.39259910583496,3.759339961106889e-06,0.02939620055258274,0.08765430003404617,9.413670341018587e-06,t17_f5_c3,1.079377974315015e+18,t,10.0,1766.469970703125,1773.8800048828125,109.2199801,19.395684,19.23859977722168,0.17178599536418915,0.8735769987106323,19.632200241088867,0.3643999993801117,0.4882740080356598,17.320999145507812,0.029999999329447746,3.1559998989105225,0.06700000166893005,-0.767795979976654,0.39359501004219055,1.6612999439239502,0.8379999995231628,1306.030029296875,-0.21769599616527557,2.0,0.8799999952316284,0.7699999809265137,0.5297070145606995,0.4634940028190613,1.1428600549697876,0.0,0.0,0.807142972946167,1.0,19.252099990844727,0.32739999890327454,109.2198345,19.3956865,5.89084,ZTF18acywyuo
2458834.7326968,2,1080232694315,18.939800262451172,/ztf/archive/sci/2019/1217/232685/ztf_20191217232685_000565_zr_c11_o_q4_scimrefdiffimg.fits.fz,Kulkarni,2,1080,43,565,26.01449966430664,9.036580195243005e-06,0.04265709966421127,0.0985426977276802,2.2676900698570535e-05,t17_f5_c3,,,,,,,,,,,,,,,,,,,,,,,,,,,,,,,,,,,,,,,ZTF18acywyuo
2458834.7455556,2,1080245554315,18.877300262451172,/ztf/archive/sci/2019/1217/245556/ztf_20191217245556_000565_zr_c11_o_q4_scimrefdiffimg.fits.fz,Kulkarni,2,1080,43,565,26.185800552368164,1.0257599569740705e-05,0.044799599796533585,0.09225539863109589,2.5562099835951813e-05,t17_f5_c3,,,,,,,,,,,,,,,,,,,,,,,,,,,,,,,,,,,,,,,ZTF18acywyuo
2458834.7469444,2,1080246944315,19.05430030822754,/ztf/archive/sci/2019/1217/246910/ztf_20191217246910_000565_zr_c11_o_q4_scimrefdiffimg.fits.fz,Kulkarni,2,1080,43,565,26.19260025024414,7.315170023503015e-06,0.03981449827551842,0.09260539710521698,1.8265200196765363e-05,t17_f5_c3,,,,,,,,,,,,,,,,,,,,,,,,,,,,,,,,,,,,,,,ZTF18acywyuo
2458834.7510532,2,1080251054315,18.719499588012695,/ztf/archive/sci/2019/1217/251042/ztf_20191217251042_000565_zr_c11_o_q4_scimrefdiffimg.fits.fz,Kulkarni,2,1080,43,565,26.138999938964844,1.2161200174887199e-05,0.0453622005879879,0.1065479964017868,3.087710138061084e-05,t17_f5_c3,,,,,,,,,,,,,,,,,,,,,,,,,,,,,,,,,,,,,,,ZTF18acywyuo
2458834.751956,2,1080251954315,18.751399993896484,/ztf/archive/sci/2019/1217/251956/ztf_20191217251956_000565_zr_c11_o_q4_scimrefdiffimg.fits.fz,Kulkarni,2,1080,43,565,26.077999114990234,1.0919299711531494e-05,0.044888898730278015,0.10430900007486343,2.7095700716017745e-05,t17_f5_c3,1.080251954315015e+18,t,13.0,1749.6099853515625,1856.1700439453125,109.2199217,19.3955236,18.941999435424805,0.2731670141220093,1.2778500318527222,19.405799865722656,0.3917999863624573,0.6486129760742188,17.320999145507812,0.029999999329447746,3.1559998989105225,0.06700000166893005,-0.848268985748291,0.46376100182533264,2.2943499088287354,0.6890000104904175,1224.3299560546875,-0.6543750166893005,2.0,0.9589999914169312,0.8970000147819519,0.4179840087890625,0.3909609913825989,1.0691200494766235,6.0,0.0,0.5685709714889526,0.9951639771461487,18.768199920654297,0.2786000072956085,109.2198345,19.3956865,5.13729,ZTF18acywyuo
2458834.7533681,2,1080253364315,19.119699478149414,/ztf/archive/sci/2019/1217/253333/ztf_20191217253333_000565_zr_c11_o_q4_scimrefdiffimg.fits.fz,Kulkarni,2,1080,43,565,26.197099685668945,6.181499884405639e-06,0.03709829971194267,0.09314139932394028,1.5505600458709523e-05,t17_f5_c3,1.080253364315015e+18,t,16.0,1749.4100341796875,1856.5400390625,109.2199903,19.3956461,19.125099182128906,0.2390419989824295,1.1060099601745605,19.06410026550293,0.24549999833106995,0.5417550206184387,17.320999145507812,0.029999999329447746,3.1559998989105225,0.06700000166893005,-0.2931169867515564,-0.06100799888372421,1.9163800477981567,0.621999979019165,1223.9599609375,0.055619001388549805,2.0,0.984000027179718,0.875,0.5134689807891846,0.4565899968147278,1.1245700120925903,3.0,0.0,0.7028570175170898,0.9803789854049683,18.746700286865234,0.2337000072002411,109.2198345,19.3956865,6.62624,ZTF18acywyuo
2458834.7538194,2,1080253814315,19.098899841308594,/ztf/archive/sci/2019/1217/253819/ztf_20191217253819_000565_zr_c11_o_q4_scimrefdiffimg.fits.fz,Kulkarni,2,1080,43,565,26.203800201416016,7.672600077057723e-06,0.04103510081768036,0.091559998691082,1.9194600099581294e-05,t17_f5_c3,,,,,,,,,,,,,,,,,,,,,,,,,,,,,,,,,,,,,,,ZTF18acywyuo
2458834.7566667,2,1080256664315,18.631500244140625,/ztf/archive/sci/2019/1217/256632/ztf_20191217256632_000565_zr_c11_o_q4_scimrefdiffimg.fits.fz,Kulkarni,2,1080,43,565,26.179800033569336,1.6231000699917786e-05,0.045847199857234955,0.0945454016327858,4.403429920785129e-05,t17_f5_c3,,,,,,,,,,,,,,,,,,,,,,,,,,,,,,,,,,,,,,,ZTF18acywyuo
2458834.7626389,2,1080262634315,18.697099685668945,/ztf/archive/sci/2019/1217/262627/ztf_20191217262627_000565_zr_c11_o_q4_scimrefdiffimg.fits.fz,Kulkarni,2,1080,43,565,26.169300079345703,1.7755299268173985e-05,0.05099720135331154,0.0943986028432846,4.6942499466240406e-05,t17_f5_c3,,,,,,,,,,,,,,,,,,,,,,,,,,,,,,,,,,,,,,,ZTF18acywyuo
2458834.7630903,2,1080263094315,18.756799697875977,/ztf/archive/sci/2019/1217/263090/ztf_20191217263090_000565_zr_c11_o_q4_scimrefdiffimg.fits.fz,Kulkarni,2,1080,43,565,26.153200149536133,1.1768000149459112e-05,0.04642830044031143,0.1046380028128624,2.909219983848743e-05,t17_f5_c3,,,,,,,,,,,,,,,,,,,,,,,,,,,,,,,,,,,,,,,ZTF18acywyuo
2458834.7654051,2,1080265404315,18.978700637817383,/ztf/archive/sci/2019/1217/265347/ztf_20191217265347_000565_zr_c11_o_q4_scimrefdiffimg.fits.fz,Kulkarni,2,1080,43,565,26.23069953918457,7.68626978242537e-06,0.03987490013241768,0.0915692001581192,1.897080073831603e-05,t17_f5_c3,,,,,,,,,,,,,,,,,,,,,,,,,,,,,,,,,,,,,,,ZTF18acywyuo
2458834.7658449,2,1080265844315,18.843799591064453,/ztf/archive/sci/2019/1217/265845/ztf_20191217265845_000565_zr_c11_o_q4_scimrefdiffimg.fits.fz,Kulkarni,2,1080,43,565,26.235599517822266,9.584519830241334e-06,0.04232050105929375,0.09706299751996994,2.3799499103915878e-05,t17_f5_c3,,,,,,,,,,,,,,,,,,,,,,,,,,,,,,,,,,,,,,,ZTF18acywyuo
2458834.7672106,2,1080267214315,18.572799682617188,/ztf/archive/sci/2019/1217/267211/ztf_20191217267211_000565_zr_c11_o_q4_scimrefdiffimg.fits.fz,Kulkarni,2,1080,43,565,26.227500915527344,3.830229979939759e-05,0.061619099229574203,0.10708100348711014,0.00010483300138730556,t17_f5_c3,,,,,,,,,,,,,,,,,,,,,,,,,,,,,,,,,,,,,,,ZTF18acywyuo
2458834.7695602,2,1080269564315,18.9552001953125,/ztf/archive/sci/2019/1217/269514/ztf_20191217269514_000565_zr_c11_o_q4_scimrefdiffimg.fits.fz,Kulkarni,2,1080,43,565,26.212799072265625,8.60010004544165e-06,0.042200200259685516,0.09846869856119156,2.12302002182696e-05,t17_f5_c3,,,,,,,,,,,,,,,,,,,,,,,,,,,,,,,,,,,,,,,ZTF18acywyuo
2458834.7705671,2,1080270564315,19.07539939880371,/ztf/archive/sci/2019/1217/270509/ztf_20191217270509_000565_zr_c11_o_q4_scimrefdiffimg.fits.fz,Kulkarni,2,1080,43,565,26.231700897216797,6.892179953865707e-06,0.038658998906612396,0.09649570286273956,1.7065100109903142e-05,t17_f5_c3,1.080270564315015e+18,t,21.0,1747.06005859375,1859.43994140625,109.2199315,19.3955948,19.088699340820312,0.2138739973306656,0.6651949882507324,19.136499404907227,0.2506999969482422,0.4603799879550934,17.320999145507812,0.029999999329447746,3.1559998989105225,0.06700000166893005,-1.192639946937561,0.04783700034022331,2.089790105819702,0.6489999890327454,1221.06005859375,-0.06112600117921829,2.0,0.9909999966621399,0.9259999990463257,0.4742110073566437,0.443107008934021,1.0701899528503418,1.0,0.0,0.7142860293388367,1.0,19.03339958190918,0.2906000018119812,109.2198345,19.3956865,5.5124,ZTF18acywyuo
2458834.7710185,2,1080271014315,19.000699996948242,/ztf/archive/sci/2019/1217/271019/ztf_20191217271019_000565_zr_c11_o_q4_scimrefdiffimg.fits.fz,Kulkarni,2,1080,43,565,26.235700607299805,9.020510333357379e-06,0.04338949918746948,0.09289880096912384,2.2242100385483354e-05,t17_f5_c3,1.080271014315015e+18,t,24.0,1747.5400390625,1859.6400146484375,109.2198745,19.3955488,19.12070083618164,0.29090601205825806,1.0542800426483154,19.229400634765625,0.2782999873161316,0.507390022277832,17.320999145507812,0.029999999329447746,3.1559998989105225,0.06700000166893005,-1.5118000507354736,0.10869800299406052,2.193010091781616,0.34700000286102295,1220.8599853515625,-0.22871999442577362,2.0,1.1670000553131104,0.9789999723434448,0.5321440100669861,0.44641798734664917,1.1920299530029297,2.0,0.0,0.61142897605896,1.0,18.958900451660156,0.2768000066280365,109.2198345,19.3956865,5.53805,ZTF18acywyuo
2458834.7719907,2,1080271994315,18.657400131225586,/ztf/archive/sci/2019/1217/271956/ztf_20191217271956_000565_zr_c11_o_q4_scimrefdiffimg.fits.fz,Kulkarni,2,1080,43,565,26.045000076293945,1.1339800039422698e-05,0.044598400592803955,0.11945699900388718,2.8688600650639273e-05,t17_f5_c3,,,,,,,,,,,,,,,,,,,,,,,,,,,,,,,,,,,,,,,ZTF18acywyuo
2458834.7748032,2,1080274804315,18.465700149536133,/ztf/archive/sci/2019/1217/274803/ztf_20191217274803_000565_zr_c11_o_q4_scimrefdiffimg.fits.fz,Kulkarni,2,1080,43,565,25.951000213623047,1.2271700143173803e-05,0.04521330073475838,0.09399960190057755,3.1184401450445876e-05,t17_f5_c3,,,,,,,,,,,,,,,,,,,,,,,,,,,,,,,,,,,,,,,ZTF18acywyuo
2458834.8292824,2,1080329284315,19.25860023498535,/ztf/archive/sci/2019/1217/329225/ztf_20191217329225_000565_zr_c11_o_q4_scimrefdiffimg.fits.fz,Kulkarni,2,1080,43,565,26.37660026550293,7.024710157566005e-06,0.03895210102200508,0.09164729714393616,1.763399995979853e-05,t17_f5_c3,1.080329284315015e+18,t,26.0,1747.780029296875,1872.1800537109375,109.220107,19.3956395,19.090599060058594,0.17834100127220154,1.159559965133667,19.02790069580078,0.17139999568462372,0.9299079775810242,17.320999145507812,0.029999999329447746,3.1559998989105225,0.06700000166893005,-1.3258700370788574,-0.06272300332784653,2.370840072631836,0.7129999995231628,1208.3199462890625,0.23071299493312836,2.0,1.4520000219345093,1.1469999551773071,0.6124420166015625,0.48379600048065186,1.265910029411316,4.0,0.0,0.41571399569511414,0.999210000038147,18.956199645996094,0.20360000431537628,109.2198345,19.3956865,5.79126,ZTF18acywyuo
2458834.8315972,2,1080331594315,19.152799606323242,/ztf/archive/sci/2019/1217/331597/ztf_20191217331597_000565_zr_c11_o_q4_scimrefdiffimg.fits.fz,Kulkarni,2,1080,43,565,26.386699676513672,7.813539923517965e-06,0.039824798703193665,0.09387999773025513,1.9377199350856245e-05,t17_f5_c3,,,,,,,,,,,,,,,,,,,,,,,,,,,,,,,,,,,,,,,ZTF18acywyuo
2458834.834919,2,1080334914315,19.194499969482422,/ztf/archive/sci/2019/1217/334850/ztf_20191217334850_000565_zr_c11_o_q4_scimrefdiffimg.fits.fz,Kulkarni,2,1080,43,565,26.393600463867188,9.171780220640358e-06,0.043350398540496826,0.08780819922685623,2.2827900465927087e-05,t17_f5_c3,,,,,,,,,,,,,,,,,,,,,,,,,,,,,,,,,,,,,,,ZTF18acywyuo
2458834.8353704,2,1080335374315,19.117000579833984,/ztf/archive/sci/2019/1217/335370/ztf_20191217335370_000565_zr_c11_o_q4_scimrefdiffimg.fits.fz,Kulkarni,2,1080,43,565,26.384899139404297,7.950990038807504e-06,0.04018490016460419,0.1006459966301918,1.983840047614649e-05,t17_f5_c3,1.080335374315015e+18,t,21.0,1747.9100341796875,1872.030029296875,109.2200434,19.3957788,19.041900634765625,0.2144870012998581,0.8411669731140137,19.068500518798828,0.18129999935626984,0.7788820266723633,17.320999145507812,0.029999999329447746,3.1559998989105225,0.06700000166893005,-1.345139980316162,0.026590999215841293,2.6435201168060303,0.4480000138282776,1208.469970703125,0.04845599830150604,2.0,1.2050000429153442,1.093999981880188,0.45583200454711914,0.4138430058956146,1.1014599800109863,1.0,0.0,0.548570990562439,1.0,18.77280044555664,0.17550000548362732,109.2198345,19.3956865,5.82319,ZTF18acywyuo
2458834.8441435,2,1080344144315,19.01409912109375,/ztf/archive/sci/2019/1217/344051/ztf_20191217344051_000565_zr_c11_o_q4_scimrefdiffimg.fits.fz,Kulkarni,2,1080,43,565,26.382999420166016,1.1819500286947004e-05,0.04572359845042229,0.10850899666547775,2.975509960378986e-05,t17_f5_c3,,,,,,,,,,,,,,,,,,,,,,,,,,,,,,,,,,,,,,,ZTF18acywyuo
2458834.8445949,2,1080344594315,19.16309928894043,/ztf/archive/sci/2019/1217/344595/ztf_20191217344595_000565_zr_c11_o_q4_scimrefdiffimg.fits.fz,Kulkarni,2,1080,43,565,26.39240074157715,8.688930392963812e-06,0.04221060127019882,0.09495680034160614,2.1785699573229067e-05,t17_f5_c3,1.080344594315015e+18,t,22.0,1750.3399658203125,1873.6400146484375,109.2199644,19.3956887,19.332399368286133,0.2607269883155823,1.1209499835968018,19.70050048828125,0.3122999966144562,0.4356510043144226,17.320999145507812,0.029999999329447746,3.1559998989105225,0.06700000166893005,-0.1909569948911667,0.36807000637054443,2.6321399211883545,0.3499999940395355,1206.8599853515625,-0.5373769998550415,2.0,1.3070000410079956,1.2059999704360962,0.4965530037879944,0.4581820070743561,1.0837500095367432,3.0,0.0,0.5585709810256958,1.0,19.564699172973633,0.35019999742507935,109.2198345,19.3956865,5.46895,ZTF18acywyuo
2458835.7618519,2,1081261854315,17.832500457763672,/ztf/archive/sci/2019/1218/261806/ztf_20191218261806_000565_zr_c11_o_q4_scimrefdiffimg.fits.fz,Kulkarni,2,1081,43,565,25.248600006103516,0.0002604209876153618,0.12323100119829178,0.06165429949760437,0.0007728839991614223,t17_f5_c3,,,,,,,,,,,,,,,,,,,,,,,,,,,,,,,,,,,,,,,ZTF18acywyuo
2458835.7651157,2,1081265114315,19.07360076904297,/ztf/archive/sci/2019/1218/265093/ztf_20191218265093_000565_zr_c11_o_q4_scimrefdiffimg.fits.fz,Kulkarni,2,1081,43,565,26.220500946044922,1.2548500308184884e-05,0.04488470032811165,0.09772159904241562,3.1948500691214576e-05,t17_f5_c3,,,,,,,,,,,,,,,,,,,,,,,,,,,,,,,,,,,,,,,ZTF18acywyuo
2458835.7679051,2,1081267904315,19.344900131225586,/ztf/archive/sci/2019/1218/267905/ztf_20191218267905_000565_zr_c11_o_q4_scimrefdiffimg.fits.fz,Kulkarni,2,1081,43,565,26.348899841308594,9.543079613649752e-06,0.043837498873472214,0.09489969909191132,2.3321399567066692e-05,t17_f5_c3,,,,,,,,,,,,,,,,,,,,,,,,,,,,,,,,,,,,,,,ZTF18acywyuo
2458835.7767245,2,1081276724315,18.650699615478516,/ztf/archive/sci/2019/1218/276725/ztf_20191218276725_000565_zr_c11_o_q4_scimrefdiffimg.fits.fz,Kulkarni,2,1081,43,565,25.96190071105957,1.8498900317354128e-05,0.04749390110373497,0.10171899944543839,5.047750164521858e-05,t17_f5_c3,,,,,,,,,,,,,,,,,,,,,,,,,,,,,,,,,,,,,,,ZTF18acywyuo
2458835.7781134,2,1081278114315,18.66659927368164,/ztf/archive/sci/2019/1218/278079/ztf_20191218278079_000565_zr_c11_o_q4_scimrefdiffimg.fits.fz,Kulkarni,2,1081,43,565,25.84480094909668,1.4109699804976117e-05,0.04645819962024689,0.10012900084257126,3.6439698305912316e-05,t17_f5_c3,,,,,,,,,,,,,,,,,,,,,,,,,,,,,,,,,,,,,,,ZTF18acywyuo
2458835.7840509,2,1081284054315,19.218000411987305,/ztf/archive/sci/2019/1218/284051/ztf_20191218284051_000565_zr_c11_o_q4_scimrefdiffimg.fits.fz,Kulkarni,2,1081,43,565,26.23040008544922,7.508630005759187e-06,0.03975930064916611,0.0922653004527092,1.852959940151777e-05,t17_f5_c3,,,,,,,,,,,,,,,,,,,,,,,,,,,,,,,,,,,,,,,ZTF18acywyuo
2458835.7845023,2,1081284504315,19.23870086669922,/ztf/archive/sci/2019/1218/284502/ztf_20191218284502_000565_zr_c11_o_q4_scimrefdiffimg.fits.fz,Kulkarni,2,1081,43,565,26.21299934387207,8.25061033538077e-06,0.041772499680519104,0.08740270137786865,2.0237699573044665e-05,t17_f5_c3,,,,,,,,,,,,,,,,,,,,,,,,,,,,,,,,,,,,,,,ZTF18acywyuo
2458835.7859491,2,1081285944315,19.142499923706055,/ztf/archive/sci/2019/1218/285903/ztf_20191218285903_000565_zr_c11_o_q4_scimrefdiffimg.fits.fz,Kulkarni,2,1081,43,565,26.183500289916992,8.294379767903592e-06,0.04154929891228676,0.0989442989230156,2.035390025412198e-05,t17_f5_c3,,,,,,,,,,,,,,,,,,,,,,,,,,,,,,,,,,,,,,,ZTF18acywyuo
2458835.7864005,2,1081286404315,18.94070053100586,/ztf/archive/sci/2019/1218/286400/ztf_20191218286400_000565_zr_c11_o_q4_scimrefdiffimg.fits.fz,Kulkarni,2,1081,43,565,26.10460090637207,1.122150024457369e-05,0.04536829888820648,0.10427399724721909,2.7885100280400366e-05,t17_f5_c3,,,,,,,,,,,,,,,,,,,,,,,,,,,,,,,,,,,,,,,ZTF18acywyuo
2458835.7874074,2,1081287404315,18.884199142456055,/ztf/archive/sci/2019/1218/287350/ztf_20191218287350_000565_zr_c11_o_q4_scimrefdiffimg.fits.fz,Kulkarni,2,1081,43,565,25.971500396728516,9.827020221564453e-06,0.0433989018201828,0.10892300307750702,2.416849929431919e-05,t17_f5_c3,,,,,,,,,,,,,,,,,,,,,,,,,,,,,,,,,,,,,,,ZTF18acywyuo
2458835.7884144,2,1081288414315,18.929100036621094,/ztf/archive/sci/2019/1218/288356/ztf_20191218288356_000565_zr_c11_o_q4_scimrefdiffimg.fits.fz,Kulkarni,2,1081,43,565,25.95949935913086,1.6824800695758313e-05,0.05762920156121254,0.09548279643058777,4.1094401240115985e-05,t17_f5_c3,,,,,,,,,,,,,,,,,,,,,,,,,,,,,,,,,,,,,,,ZTF18acywyuo
2458835.7972106,2,1081297214315,18.504100799560547,/ztf/archive/sci/2019/1218/297199/ztf_20191218297199_000565_zr_c11_o_q4_scimrefdiffimg.fits.fz,Kulkarni,2,1081,43,565,25.661800384521484,1.3635700270242523e-05,0.0461839996278286,0.10089199990034103,3.4671800676733255e-05,t17_f5_c3,,,,,,,,,,,,,,,,,,,,,,,,,,,,,,,,,,,,,,,ZTF18acywyuo
2458835.7994792,2,1081299474315,18.82029914855957,/ztf/archive/sci/2019/1218/299479/ztf_20191218299479_000565_zr_c11_o_q4_scimrefdiffimg.fits.fz,Kulkarni,2,1081,43,565,25.874099731445312,8.060340405791067e-06,0.04055820032954216,0.10117100179195404,1.997909930651076e-05,t17_f5_c3,,,,,,,,,,,,,,,,,,,,,,,,,,,,,,,,,,,,,,,ZTF18acywyuo
2458835.803206,2,1081303204315,19.29640007019043,/ztf/archive/sci/2019/1218/303171/ztf_20191218303171_000565_zr_c11_o_q4_scimrefdiffimg.fits.fz,Kulkarni,2,1081,43,565,26.206899642944336,6.2043400248512626e-06,0.03732769936323166,0.08724399656057358,1.5514300685026683e-05,t17_f5_c3,1.081303204315015e+18,1,42.0,1749.0400390625,1788.300048828125,109.2200274,19.3957003,19.51689910888672,0.24730999767780304,0.7454569935798645,19.68939971923828,0.34290000796318054,0.647711992263794,17.320999145507812,0.029999999329447746,3.1559998989105225,0.06700000166893005,0.21807700395584106,0.17250099778175354,2.0988399982452393,0.5590000152587891,1292.199951171875,-0.3930079936981201,2.0,1.1480000019073486,1.0449999570846558,0.546970009803772,0.4978950023651123,1.0985599756240845,3.0,0.0,0.6485710144042969,1.0,19.919300079345703,0.5376999974250793,109.2198345,19.3956865,5.14597,ZTF18acywyuo
2458835.8036574,2,1081303654315,19.424800872802734,/ztf/archive/sci/2019/1218/303657/ztf_20191218303657_000565_zr_c11_o_q4_scimrefdiffimg.fits.fz,Kulkarni,2,1081,43,565,26.239700317382812,5.317690010997467e-06,0.034568700939416885,0.08739720284938812,1.3380199561652262e-05,t17_f5_c3,,,,,,,,,,,,,,,,,,,,,,,,,,,,,,,,,,,,,,,ZTF18acywyuo
2458835.8063657,2,1081306364315,19.579599380493164,/ztf/archive/sci/2019/1218/306366/ztf_20191218306366_000565_zr_c11_o_q4_scimrefdiffimg.fits.fz,Kulkarni,2,1081,43,565,26.318700790405273,4.154179805482272e-06,0.030576100572943687,0.09352850168943405,1.0474799637449905e-05,t17_f5_c3,1.081306364315015e+18,1,32.0,1750.719970703125,1790.06005859375,109.2198842,19.3955537,19.53070068359375,0.19258999824523926,0.7973589897155762,19.59980010986328,0.2614000141620636,0.5007339715957642,17.320999145507812,0.029999999329447746,3.1559998989105225,0.06700000166893005,0.050912000238895416,0.06912200152873993,1.9819899797439575,0.5490000247955322,1290.43994140625,-0.020204000174999237,2.0,1.055999994277954,1.0019999742507935,0.5327979922294617,0.5055519938468933,1.0538899898529053,2.0,0.0,0.745714008808136,1.0,19.74880027770996,0.37860000133514404,109.2198345,19.3956865,6.67809,ZTF18acywyuo
2458835.8119676,2,1081311964315,19.649200439453125,/ztf/archive/sci/2019/1218/311921/ztf_20191218311921_000565_zr_c11_o_q4_scimrefdiffimg.fits.fz,Kulkarni,2,1081,43,565,26.37350082397461,4.167360202700365e-06,0.030445799231529236,0.09356340020895004,1.0529300197958946e-05,t17_f5_c3,1.081311964315015e+18,1,26.0,1750.1600341796875,1790.75,109.2198808,19.3956432,19.54949951171875,0.22902899980545044,1.334689974784851,19.713199615478516,0.27399998903274536,0.2140119969844818,17.320999145507812,0.029999999329447746,3.1559998989105225,0.06700000166893005,0.10347399860620499,0.163673996925354,1.9732099771499634,0.578000009059906,1289.75,-0.06397800147533417,2.0,1.2389999628067017,1.1260000467300415,0.6279109716415405,0.5706440210342407,1.1003600358963013,1.0,0.0,0.6857140064239502,1.0,19.75,0.35760000348091125,109.2198345,19.3956865,6.84394,ZTF18acywyuo
2458835.8161458,2,1081316144315,19.492799758911133,/ztf/archive/sci/2019/1218/316088/ztf_20191218316088_000565_zr_c11_o_q4_scimrefdiffimg.fits.fz,Kulkarni,2,1081,43,565,26.381999969482422,5.713890004699351e-06,0.03556770086288452,0.08479339629411697,1.4348899640026502e-05,t17_f5_c3,,,,,,,,,,,,,,,,,,,,,,,,,,,,,,,,,,,,,,,ZTF18acywyuo
2458835.8180093,2,1081318004315,19.32670021057129,/ztf/archive/sci/2019/1218/318009/ztf_20191218318009_000565_zr_c11_o_q4_scimrefdiffimg.fits.fz,Kulkarni,2,1081,43,565,26.379899978637695,9.550089998811018e-06,0.04481390118598938,0.09055890142917633,2.3516100554843433e-05,t17_f5_c3,1.081318004315015e+18,1,25.0,1750.800048828125,1792.52001953125,109.2201062,19.3956408,19.212900161743164,0.22615399956703186,1.1323399543762207,19.4906005859375,0.22310000658035278,0.9251940250396729,17.320999145507812,0.029999999329447746,3.1559998989105225,0.06700000166893005,-0.6739130020141602,0.27768200635910034,2.649480104446411,0.6060000061988831,1287.97998046875,-0.16391399502754211,2.0,1.2699999809265137,1.0859999656677246,0.47933900356292725,0.4098910093307495,1.1694300174713135,2.0,0.0,0.495714008808136,1.0,19.4148006439209,0.2630999982357025,109.2198345,19.3956865,6.05559,ZTF18acywyuo
2458835.8208449,2,1081320844315,19.540199279785156,/ztf/archive/sci/2019/1218/320787/ztf_20191218320787_000565_zr_c11_o_q4_scimrefdiffimg.fits.fz,Kulkarni,2,1081,43,565,26.375,5.5169998631754424e-06,0.0349821001291275,0.09201650321483612,1.3915199815528467e-05,t17_f5_c3,1.081320844315015e+18,1,36.0,1751.2099609375,1793.219970703125,109.2198295,19.3956801,19.33099937438965,0.16506099700927734,0.9273589849472046,19.208799362182617,0.1736000031232834,0.028318999335169792,17.320999145507812,0.029999999329447746,3.1559998989105225,0.06700000166893005,-0.1252029985189438,-0.12223699688911438,2.9100000858306885,0.6359999775886536,1287.280029296875,0.33141401410102844,1.4923100471496582,1.4859999418258667,1.3459999561309814,0.510653018951416,0.4625430107116699,1.104009985923767,1.0,0.0,0.552856981754303,1.0,19.223800659179688,0.22190000116825104,109.2198345,19.3956865,6.54075,ZTF18acywyuo
2458835.8223264,2,1081322324315,19.42770004272461,/ztf/archive/sci/2019/1218/322326/ztf_20191218322326_000565_zr_c11_o_q4_scimrefdiffimg.fits.fz,Kulkarni,2,1081,43,565,26.36359977722168,5.807330126117449e-06,0.03610429912805557,0.09356900304555893,1.4505199942504987e-05,t17_f5_c3,1.081322324315015e+18,1,31.0,1751.1099853515625,1793.5899658203125,109.2197988,19.3956001,19.63159942626953,0.2533999979496002,0.8575000166893005,19.362600326538086,0.20679999887943268,0.3275569975376129,17.320999145507812,0.029999999329447746,3.1559998989105225,0.06700000166893005,-0.27303799986839294,-0.26900699734687805,2.3148999214172363,0.5640000104904175,1286.9100341796875,0.06514400243759155,2.0,1.2649999856948853,1.0880000591278076,0.546459972858429,0.4699989855289459,1.1626800298690796,3.0,0.0,0.554286003112793,0.9895190000534058,19.428800582885742,0.2775999903678894,109.2198345,19.3956865,5.02794,ZTF18acywyuo
2458835.8233333,2,1081323334315,19.63050079345703,/ztf/archive/sci/2019/1218/323287/ztf_20191218323287_000565_zr_c11_o_q4_scimrefdiffimg.fits.fz,Kulkarni,2,1081,43,565,26.374099731445312,4.38525012214086e-06,0.031446199864149094,0.09046339988708496,1.1054299648094457e-05,t17_f5_c3,1.081323334315015e+18,1,43.0,1750.18994140625,1793.3299560546875,109.2199162,19.3957074,19.712099075317383,0.23557999730110168,0.9124829769134521,19.29640007019043,0.18940000236034393,0.28347301483154297,17.320999145507812,0.029999999329447746,3.1559998989105225,0.06700000166893005,-0.6564080119132996,-0.41569799184799194,1.979599952697754,0.3959999978542328,1287.1700439453125,0.3340660035610199,2.0,1.2089999914169312,1.069000005722046,0.610729992389679,0.540008008480072,1.1309599876403809,3.0,0.0,0.6014289855957031,0.9999790191650391,19.131900787353516,0.20550000667572021,109.2198345,19.3956865,5.82724,ZTF18acywyuo
2458835.8252662,2,1081325264315,19.622900009155273,/ztf/archive/sci/2019/1218/325208/ztf_20191218325208_000565_zr_c11_o_q4_scimrefdiffimg.fits.fz,Kulkarni,2,1081,43,565,26.37350082397461,4.783029908139724e-06,0.03280220180749893,0.0900489017367363,1.2043499737046659e-05,t17_f5_c3,,,,,,,,,,,,,,,,,,,,,,,,,,,,,,,,,,,,,,,ZTF18acywyuo
2458835.8290278,2,1081329024315,19.656700134277344,/ztf/archive/sci/2019/1218/329028/ztf_20191218329028_000565_zr_c11_o_q4_scimrefdiffimg.fits.fz,Kulkarni,2,1081,43,565,26.37849998474121,3.858269792544888e-06,0.029284199699759483,0.08984710276126862,9.805419722397346e-06,t17_f5_c3,1.081329024315015e+18,1,42.0,1749.8699951171875,1795.030029296875,109.2199473,19.3956164,19.34149932861328,0.18716999888420105,0.9987310171127319,19.24020004272461,0.17970000207424164,0.45799198746681213,17.320999145507812,0.029999999329447746,3.1559998989105225,0.06700000166893005,-0.4981299936771393,-0.10132399946451187,1.9368699789047241,0.6259999871253967,1285.469970703125,0.4164789915084839,2.0,1.4140000343322754,1.2319999933242798,0.7300450205802917,0.6360790133476257,1.1477299928665161,1.0,0.0,0.6057140231132507,1.0,18.97480010986328,0.1776999980211258,109.2198345,19.3956865,7.60474,ZTF18acywyuo
2458835.8320255,2,1081332024315,19.569700241088867,/ztf/archive/sci/2019/1218/331944/ztf_20191218331944_000565_zr_c11_o_q4_scimrefdiffimg.fits.fz,Kulkarni,2,1081,43,565,26.377599716186523,5.055089786765166e-06,0.03375529870390892,0.08872310072183609,1.2680499821726698e-05,t17_f5_c3,1.081332024315015e+18,1,31.0,1749.47998046875,1795.3599853515625,109.2200171,19.3956529,19.391599655151367,0.22514300048351288,1.2101800441741943,19.521900177001953,0.22920000553131104,0.6234599947929382,17.320999145507812,0.029999999329447746,3.1559998989105225,0.06700000166893005,-0.11856599897146225,0.13031700253486633,2.1287100315093994,0.6679999828338623,1285.1400146484375,0.04779199883341789,2.0,1.190000057220459,1.0720000267028809,0.5590230226516724,0.5035899877548218,1.110069990158081,4.0,0.0,0.6371430158615112,0.9780060052871704,19.372499465942383,0.25220000743865967,109.2198345,19.3956865,5.83404,ZTF18acywyuo
2458835.8324653,2,1081332464315,19.641599655151367,/ztf/archive/sci/2019/1218/332465/ztf_20191218332465_000565_zr_c11_o_q4_scimrefdiffimg.fits.fz,Kulkarni,2,1081,43,565,26.376699447631836,4.277880179870408e-06,0.030960699543356895,0.09706039726734161,1.0806899808812886e-05,t17_f5_c3,,,,,,,,,,,,,,,,,,,,,,,,,,,,,,,,,,,,,,,ZTF18acywyuo
2458835.8343056,2,1081334304315,19.739200592041016,/ztf/archive/sci/2019/1218/334294/ztf_20191218334294_000565_zr_c11_o_q4_scimrefdiffimg.fits.fz,Kulkarni,2,1081,43,565,26.382299423217773,3.3240999073314015e-06,0.027309600263834,0.09460529685020447,8.404569598496892e-06,t17_f5_c3,1.081334304315015e+18,1,37.0,1750.3900146484375,1796.0,109.219834,19.3956247,19.275299072265625,0.16943900287151337,0.945999026298523,19.424400329589844,0.2134999930858612,0.22147700190544128,17.320999145507812,0.029999999329447746,3.1559998989105225,0.06700000166893005,0.7230640053749084,0.14905600249767303,3.3499999046325684,0.7419999837875366,1284.5,0.314767986536026,1.0672500133514404,1.1619999408721924,0.9760000109672546,0.34686601161956787,0.29134300351142883,1.1905699968338013,2.0,0.0,0.7214289903640747,1.0,19.465099334716797,0.27970001101493835,109.2198345,19.3956865,8.70607,ZTF18acywyuo
2458835.8361921,2,1081336194315,19.69059944152832,/ztf/archive/sci/2019/1218/336192/ztf_20191218336192_000565_zr_c11_o_q4_scimrefdiffimg.fits.fz,Kulkarni,2,1081,43,565,26.383800506591797,3.2649900276737753e-06,0.027004599571228027,0.0904942974448204,8.259709829872008e-06,t17_f5_c3,1.081336194315015e+18,1,31.0,1752.4100341796875,1795.6199951171875,109.2199119,19.3957291,19.505800247192383,0.18929199874401093,0.7718240022659302,19.24880027770996,0.18330000340938568,0.3092550039291382,17.320999145507812,0.029999999329447746,3.1559998989105225,0.06700000166893005,-0.14594000577926636,-0.25702500343322754,1.8501499891281128,0.7049999833106995,1284.8800048828125,0.44179800152778625,2.0,1.312999963760376,1.0169999599456787,0.7096740007400513,0.5496860146522522,1.2910499572753906,1.0,0.0,0.5828570127487183,1.0,19.189199447631836,0.21899999678134918,109.2198345,19.3956865,6.94907,ZTF18acywyuo
2458835.8401042,2,1081340104315,19.792200088500977,/ztf/archive/sci/2019/1218/340104/ztf_20191218340104_000565_zr_c11_o_q4_scimrefdiffimg.fits.fz,Kulkarni,2,1081,43,565,26.38249969482422,2.8686599762295373e-06,0.02539530023932457,0.09247709810733795,7.25029985915171e-06,t17_f5_c3,1.081340104315015e+18,1,32.0,1753.0,1796.3299560546875,109.2198585,19.3956579,19.417499542236328,0.1450359970331192,1.0051699876785278,19.554899215698242,0.2370000034570694,0.1282529979944229,17.320999145507812,0.029999999329447746,3.1559998989105225,0.06700000166893005,-0.1612520068883896,0.1374340057373047,2.5199999809265137,0.7179999947547913,1284.1700439453125,0.23731499910354614,1.374619960784912,1.0180000066757202,0.9679999947547913,0.4039680063724518,0.3841269910335541,1.051650047302246,3.0,0.0,0.7900000214576721,0.961080014705658,19.618900299072266,0.31700000166893005,109.2198345,19.3956865,7.14505,ZTF18acywyuo
2458835.8424074,2,1081342404315,19.67169952392578,/ztf/archive/sci/2019/1218/342373/ztf_20191218342373_000565_zr_c11_o_q4_scimrefdiffimg.fits.fz,Kulkarni,2,1081,43,565,26.38129997253418,3.636049996202928e-06,0.028536800295114517,0.0956764966249466,9.181530003843363e-06,t17_f5_c3,,,,,,,,,,,,,,,,,,,,,,,,,,,,,,,,,,,,,,,ZTF18acywyuo
2458835.8467245,2,1081346724315,19.581600189208984,/ztf/archive/sci/2019/1218/346620/ztf_20191218346620_000565_zr_c11_o_q4_scimrefdiffimg.fits.fz,Kulkarni,2,1081,43,565,26.380199432373047,4.241780061420286e-06,0.03095969930291176,0.09372679889202118,1.0663599823601544e-05,t17_f5_c3,1.081346724315015e+18,1,35.0,1753.1600341796875,1797.050048828125,109.2199805,19.3956784,19.443199157714844,0.19400399923324585,1.187999963760376,19.38170051574707,0.20170000195503235,0.4885219931602478,17.320999145507812,0.029999999329447746,3.1559998989105225,0.06700000166893005,0.04196799919009209,-0.061501000076532364,2.3499999046325684,0.38600000739097595,1283.449951171875,0.19992299377918243,1.790719985961914,1.2450000047683716,1.0049999952316284,0.529787003993988,0.4276599884033203,1.2388099431991577,3.0,0.0,0.5957139730453491,1.0,19.29800033569336,0.23589999973773956,109.2198345,19.3956865,6.16751,ZTF18acywyuo
2458835.8496875,2,1081349684315,19.51409912109375,/ztf/archive/sci/2019/1218/349583/ztf_20191218349583_000565_zr_c11_o_q4_scimrefdiffimg.fits.fz,Kulkarni,2,1081,43,565,26.377599716186523,5.2069599405513145e-06,0.03402940183877945,0.08904919773340225,1.3044699699094053e-05,t17_f5_c3,1.081349684315015e+18,1,22.0,1753.199951171875,1797.1099853515625,109.2198301,19.3957336,19.388599395751953,0.19161799550056458,1.3715100288391113,19.509599685668945,0.22859999537467957,0.1682489961385727,17.320999145507812,0.029999999329447746,3.1559998989105225,0.06700000166893005,-0.43451499938964844,0.12096899747848511,2.2180700302124023,0.4230000078678131,1283.3900146484375,0.00447099981829524,2.0,1.1640000343322754,1.0670000314712524,0.5247809886932373,0.4810490012168884,1.0909099578857422,3.0,0.0,0.6642860174179077,1.0,19.765199661254883,0.3650999963283539,109.2198345,19.3956865,5.20829,ZTF18acywyuo
2458835.8532407,2,1081353244315,19.594999313354492,/ztf/archive/sci/2019/1218/353218/ztf_20191218353218_000565_zr_c11_o_q4_scimrefdiffimg.fits.fz,Kulkarni,2,1081,43,565,26.38089942932129,3.906449819623958e-06,0.029474299401044846,0.09281119704246521,9.89813997875899e-06,t17_f5_c3,1.081353244315015e+18,1,28.0,1751.8900146484375,1797.8399658203125,109.2200593,19.3956677,19.295900344848633,0.1678979992866516,1.066480040550232,19.415700912475586,0.20990000665187836,0.7596859931945801,17.320999145507812,0.029999999329447746,3.1559998989105225,0.06700000166893005,-0.46502000093460083,0.11981099843978882,2.509999990463257,0.6430000066757202,1282.6600341796875,0.1793449968099594,1.6421400308609009,1.281000018119812,1.0809999704360962,0.510358989238739,0.43067699670791626,1.1850099563598633,3.0,0.0,0.5742859840393066,1.0,19.361499786376953,0.25209999084472656,109.2198345,19.3956865,7.29797,ZTF18acywyuo
2458835.8536921,2,1081353694315,19.662500381469727,/ztf/archive/sci/2019/1218/353692/ztf_20191218353692_000565_zr_c11_o_q4_scimrefdiffimg.fits.fz,Kulkarni,2,1081,43,565,26.382400512695312,3.6952499158360297e-06,0.028783800080418587,0.0943676009774208,9.329850399808493e-06,t17_f5_c3,1.081353694315015e+18,1,27.0,1753.6199951171875,1797.699951171875,109.2199569,19.3956992,19.5044002532959,0.20836299657821655,1.5667599439620972,20.08690071105957,0.3833000063896179,0.41219499707221985,17.320999145507812,0.029999999329447746,3.1559998989105225,0.06700000166893005,-0.1924770027399063,0.5825330018997192,1.9643900394439697,0.6949999928474426,1282.800048828125,-0.4244070053100586,2.0,0.8930000066757202,0.8180000185966492,0.45459499955177307,0.4164150059223175,1.091689944267273,5.0,0.0,0.697143018245697,0.9999390244483948,19.99920082092285,0.4465999901294708,109.2198345,19.3956865,5.64675,ZTF18acywyuo
2458835.8546065,2,1081354604315,19.57539939880371,/ztf/archive/sci/2019/1218/354595/ztf_20191218354595_000565_zr_c11_o_q4_scimrefdiffimg.fits.fz,Kulkarni,2,1081,43,565,26.381999969482422,4.58370004707831e-06,0.03215140104293823,0.08970490097999573,1.1529399671417195e-05,t17_f5_c3,,,,,,,,,,,,,,,,,,,,,,,,,,,,,,,,,,,,,,,ZTF18acywyuo
2458835.8615856,2,1081361584315,19.65760040283203,/ztf/archive/sci/2019/1218/361505/ztf_20191218361505_000565_zr_c11_o_q4_scimrefdiffimg.fits.fz,Kulkarni,2,1081,43,565,26.38559913635254,3.81776999347494e-06,0.029210099950432777,0.09143830090761185,9.65291019383585e-06,t17_f5_c3,1.081361584315015e+18,1,30.0,1754.9000244140625,1798.0999755859375,109.2199438,19.39562,19.356599807739258,0.1424649953842163,0.747376024723053,19.211299896240234,0.17630000412464142,0.43616798520088196,17.320999145507812,0.029999999329447746,3.1559998989105225,0.06700000166893005,0.025415999814867973,-0.14528200030326843,1.920490026473999,0.6660000085830688,1282.4000244140625,0.44634100794792175,2.0,1.3680000305175781,1.1679999828338623,0.7123169898986816,0.6081770062446594,1.1712299585342407,0.0,0.0,0.5914289951324463,1.0,19.341899871826172,0.25060001015663147,109.2198345,19.3956865,6.66164,ZTF18acywyuo
2458835.8657176,2,1081365714315,19.42490005493164,/ztf/archive/sci/2019/1218/365336/ztf_20191218365336_000565_zr_c11_o_q4_scimrefdiffimg.fits.fz,Kulkarni,2,1081,43,565,26.370100021362305,6.207500064192573e-06,0.03707839921116829,0.0976364016532898,1.5460900613106787e-05,t17_f5_c3,1.081365714315015e+18,1,30.0,1755.3800048828125,1797.8199462890625,109.2201452,19.395692,19.22610092163086,0.1972150057554245,1.5725200176239014,19.481199264526367,0.22519999742507935,1.0474499464035034,17.320999145507812,0.029999999329447746,3.1559998989105225,0.06700000166893005,-0.2244500070810318,0.2551319897174835,2.3768200874328613,0.4000000059604645,1282.6800537109375,-0.05629200115799904,2.0,1.3839999437332153,1.2029999494552612,0.58228999376297,0.506138026714325,1.1504600048065186,1.0,0.0,0.44999998807907104,1.0,19.501300811767578,0.29010000824928284,109.2198345,19.3956865,6.08241,ZTF18acywyuo
2458835.8671296,2,1081367124315,19.611000061035156,/ztf/archive/sci/2019/1218/367118/ztf_20191218367118_000565_zr_c11_o_q4_scimrefdiffimg.fits.fz,Kulkarni,2,1081,43,565,26.382699966430664,4.282800091459649e-06,0.0309711005538702,0.09493999928236008,1.0821199794008862e-05,t17_f5_c3,1.081367124315015e+18,1,34.0,1756.3599853515625,1797.7900390625,109.2198991,19.3957887,19.27869987487793,0.17451199889183044,1.4067599773406982,19.76919937133789,0.28790000081062317,0.4223940074443817,17.320999145507812,0.029999999329447746,3.1559998989105225,0.06700000166893005,0.2897090017795563,0.4905189871788025,2.0462698936462402,0.4449999928474426,1282.7099609375,-0.15815100073814392,2.0,1.1039999723434448,1.0360000133514404,0.5395179986953735,0.5062869787216187,1.0656399726867676,1.0,0.0,0.6642860174179077,1.0,19.545499801635742,0.2962000072002411,109.2198345,19.3956865,6.86759,ZTF18acywyuo
2458835.8680324,2,1081368034315,19.689300537109375,/ztf/archive/sci/2019/1218/368032/ztf_20191218368032_000565_zr_c11_o_q4_scimrefdiffimg.fits.fz,Kulkarni,2,1081,43,565,26.384300231933594,3.853690031974111e-06,0.029400000348687172,0.08983290195465088,9.75739021669142e-06,t17_f5_c3,1.081368034315015e+18,1,21.0,1755.800048828125,1798.02001953125,109.2199155,19.3957229,19.527299880981445,0.2092130035161972,1.2495399713516235,19.63520050048828,0.2533999979496002,0.31032899022102356,17.320999145507812,0.029999999329447746,3.1559998989105225,0.06700000166893005,-0.06866300106048584,0.10791300237178802,2.3499999046325684,0.8230000138282776,1282.47998046875,0.05411199852824211,1.628849983215332,0.878000020980835,0.7369999885559082,0.3736169934272766,0.3136169910430908,1.1913199424743652,6.0,0.0,0.6985710263252258,0.9262760281562805,19.41830062866211,0.2621999979019165,109.2198345,19.3956865,5.06275,ZTF18acywyuo
2458836.9081019,1,1082408104315,20.2987003326416,/ztf/archive/sci/2019/1219/408102/ztf_20191219408102_000565_zg_c11_o_q4_scimrefdiffimg.fits.fz,Kulkarni,1,1082,43,565,26.359100341796875,3.5935299820266664e-06,0.028466500341892242,-0.07289600372314453,9.078749826585408e-06,t17_f5_c3,,,,,,,,,,,,,,,,,,,,,,,,,,,,,,,,,,,,,,,ZTF18acywyuo
2458836.9570255,2,1082457024315,19.98780059814453,/ztf/archive/sci/2019/1219/457025/ztf_20191219457025_000565_zr_c11_o_q4_scimrefdiffimg.fits.fz,Kulkarni,1,1082,43,565,26.374799728393555,2.2559800072485814e-06,0.022397300228476524,0.08736509829759598,5.729229997086804e-06,t17_f5_c3,1.082457024315015e+18,t,34.0,1751.8800048828125,1810.75,109.2198623,19.395514,19.459800720214844,0.14521899819374084,1.113919973373413,19.417999267578125,0.19840000569820404,0.6140050292015076,17.320999145507812,0.029999999329447746,3.1559998989105225,0.06700000166893005,0.7956910133361816,-0.041774000972509384,1.5348299741744995,0.8849999904632568,1269.75,0.5697739720344543,2.0,1.031999945640564,0.9800000190734863,0.6723859906196594,0.6385059952735901,1.0530600547790527,1.0,0.0,0.7857139706611633,1.0,19.25790023803711,0.21559999883174896,109.2198345,19.3956865,6.22542,ZTF18acywyuo
2458846.7478125,1,1092247814315,20.3799991607666,/ztf/archive/sci/2019/1229/247813/ztf_20191229247813_000565_zg_c11_o_q4_scimrefdiffimg.fits.fz,Kulkarni,1,1092,43,565,26.33060073852539,5.406170203059446e-06,0.0352368988096714,-0.07372859865427017,1.3479399967764039e-05,t17_f5_c3,,,,,,,,,,,,,,,,,,,,,,,,,,,,,,,,,,,,,,,ZTF18acywyuo
2458850.9506597,2,1096450654315,19.579500198364258,/ztf/archive/sci/2020/0102/450648/ztf_20200102450648_000565_zr_c11_o_q4_scimrefdiffimg.fits.fz,Kulkarni,1,1096,43,565,26.34440040588379,6.081089850340504e-06,0.03689450025558472,0.09922809898853302,1.5249100215442013e-05,t17_f5_c3,,,,,,,,,,,,,,,,,,,,,,,,,,,,,,,,,,,,,,,ZTF18acywyuo
2458853.9424306,1,1099442434315,20.667800903320312,/ztf/archive/sci/2020/0105/442431/ztf_20200105442431_000565_zg_c11_o_q4_scimrefdiffimg.fits.fz,Kulkarni,1,1099,43,565,26.341100692749023,3.3958799576794263e-06,0.02786879986524582,-0.08837190270423889,8.533789696230087e-06,t17_f5_c3,,,,,,,,,,,,,,,,,,,,,,,,,,,,,,,,,,,,,,,ZTF18acywyuo
2458856.816875,2,1102316874315,19.59709930419922,/ztf/archive/sci/2020/0108/316875/ztf_20200108316875_000565_zr_c11_o_q4_scimrefdiffimg.fits.fz,Kulkarni,1,1102,43,565,26.397499084472656,2.699330025279778e-06,0.024654800072312355,0.09289400279521942,6.817349913035287e-06,t17_f5_c3,,,,,,,,,,,,,,,,,,,,,,,,,,,,,,,,,,,,,,,ZTF18acywyuo
2458860.763588,2,1106263584315,19.23550033569336,/ztf/archive/sci/2020/0112/263588/ztf_20200112263588_000565_zr_c11_o_q4_scimrefdiffimg.fits.fz,Kulkarni,1,1106,43,565,26.388900756835938,3.6186900160828372e-06,0.028667399659752846,0.0920478031039238,9.110460268857423e-06,t17_f5_c3,,,,,,,,,,,,,,,,,,,,,,,,,,,,,,,,,,,,,,,ZTF18acywyuo
