jd,fid,pid,diffmaglim,pdiffimfilename,programpi,programid,nid,rcid,field,magzpsci,magzpsciunc,magzpscirms,clrcoeff,clrcounc,rbversion,candid,isdiffpos,tblid,xpos,ypos,ra,dec,magpsf,sigmapsf,chipsf,magap,sigmagap,distnr,magnr,sigmagnr,chinr,sharpnr,sky,magdiff,fwhm,classtar,mindtoedge,magfromlim,seeratio,aimage,bimage,aimagerat,bimagerat,elong,nneg,nbad,rb,sumrat,magapbig,sigmagapbig,ranr,decnr,scorr,obj_id
2460171.6932523,1,2417193254615,20.369400024414062,/ztf/archive/sci/2023/0815/193252/ztf_20230815193252_000431_zg_c12_o_q3_scimrefdiffimg.fits.fz,Kulkarni,1,2417,46,431,26.246200561523438,4.2959700294886716e-06,0.028181500732898712,-0.03965559974312782,9.4671304395888e-06,t17_f5_c3,,,,,,,,,,,,,,,,,,,,,,,,,,,,,,,,,,,,,,,ZTF20aavzffg
2460171.7114005,2,2417211404615,20.244699478149414,/ztf/archive/sci/2023/0815/211400/ztf_20230815211400_000431_zr_c12_o_q3_scimrefdiffimg.fits.fz,Kulkarni,1,2417,46,431,26.242000579833984,2.1563100744970143e-06,0.019780399277806282,0.08677049726247787,4.772210104420083e-06,t17_f5_c3,,,,,,,,,,,,,,,,,,,,,,,,,,,,,,,,,,,,,,,ZTF20aavzffg
2460172.6715162,2,2418171513515,19.009899139404297,/ztf/archive/sci/2023/0816/171505/ztf_20230816171505_000430_zr_c09_o_q4_scimrefdiffimg.fits.fz,Kulkarni,1,2418,35,430,25.481599807739258,0.00022425300267059356,0.21408499777317047,0.013069800101220608,0.0004928419948555529,t17_f5_c3,,,,,,,,,,,,,,,,,,,,,,,,,,,,,,,,,,,,,,,ZTF20aavzffg
2460172.7198032,1,2418219803515,19.983800888061523,/ztf/archive/sci/2023/0816/219803/ztf_20230816219803_000430_zg_c09_o_q4_scimrefdiffimg.fits.fz,Kulkarni,1,2418,35,430,26.115999221801758,4.653799805964809e-06,0.030986599624156952,-0.04036509990692139,1.0310300240234938e-05,t17_f5_c3,,,,,,,,,,,,,,,,,,,,,,,,,,,,,,,,,,,,,,,ZTF20aavzffg
2460173.6694792,2,2419169474615,20.42770004272461,/ztf/archive/sci/2023/0817/169468/ztf_20230817169468_000431_zr_c12_o_q3_scimrefdiffimg.fits.fz,Kulkarni,1,2419,46,431,26.251699447631836,3.2745399494160665e-06,0.024168500676751137,0.08343169838190079,7.3097598942695186e-06,t17_f5_c3,,,,,,,,,,,,,,,,,,,,,,,,,,,,,,,,,,,,,,,ZTF20aavzffg
2460173.6918171,1,2419191814615,20.49180030822754,/ztf/archive/sci/2023/0817/191817/ztf_20230817191817_000431_zg_c12_o_q3_scimrefdiffimg.fits.fz,Kulkarni,1,2419,46,431,26.2460994720459,3.7197000892774668e-06,0.02616010047495365,-0.059346698224544525,8.201879609259777e-06,t17_f5_c3,,,,,,,,,,,,,,,,,,,,,,,,,,,,,,,,,,,,,,,ZTF20aavzffg
2460175.6800694,1,2421180063515,19.611099243164062,/ztf/archive/sci/2023/0819/180058/ztf_20230819180058_000430_zg_c09_o_q4_scimrefdiffimg.fits.fz,Kulkarni,1,2421,35,430,26.038299560546875,0.00014573500084225088,0.16314199566841125,-0.01329480018466711,0.00033455700031481683,t17_f5_c3,,,,,,,,,,,,,,,,,,,,,,,,,,,,,,,,,,,,,,,ZTF20aavzffg
2460178.7354051,2,2424235404615,19.99920082092285,/ztf/archive/sci/2023/0822/235394/ztf_20230822235394_000431_zr_c12_o_q3_scimrefdiffimg.fits.fz,Kulkarni,1,2424,46,431,26.160999298095703,0.5014399886131287,0.9786390066146851,0.42233601212501526,1.0031100511550903,t17_f5_c3,,,,,,,,,,,,,,,,,,,,,,,,,,,,,,,,,,,,,,,ZTF20aavzffg
2460182.6857292,2,2428185724615,19.94179916381836,/ztf/archive/sci/2023/0826/185729/ztf_20230826185729_000431_zr_c12_o_q3_scimrefdiffimg.fits.fz,Kulkarni,1,2428,46,431,26.28849983215332,2.2417400487029226e-06,0.02018970064818859,0.08035480231046677,4.983010057912907e-06,t17_f5_c3,,,,,,,,,,,,,,,,,,,,,,,,,,,,,,,,,,,,,,,ZTF20aavzffg
2460182.6862037,2,2428186203515,19.799999237060547,/ztf/archive/sci/2023/0826/186204/ztf_20230826186204_000430_zr_c09_o_q4_scimrefdiffimg.fits.fz,Kulkarni,1,2428,35,430,26.321300506591797,2.303349901922047e-06,0.02168460004031658,0.08115659654140472,5.132490059622796e-06,t17_f5_c3,,,,,,,,,,,,,,,,,,,,,,,,,,,,,,,,,,,,,,,ZTF20aavzffg
2460182.7113889,1,2428211383515,19.350099563598633,/ztf/archive/sci/2023/0826/211389/ztf_20230826211389_000430_zg_c09_o_q4_scimrefdiffimg.fits.fz,Kulkarni,1,2428,35,430,26.217300415039062,1.0459800250828266e-05,0.04180220142006874,-0.021945200860500336,2.4321900127688423e-05,t17_f5_c3,,,,,,,,,,,,,,,,,,,,,,,,,,,,,,,,,,,,,,,ZTF20aavzffg
2460182.7325926,1,2428232594615,19.327800750732422,/ztf/archive/sci/2023/0826/232581/ztf_20230826232581_000431_zg_c12_o_q3_scimrefdiffimg.fits.fz,Kulkarni,1,2428,46,431,26.169099807739258,1.2579100257426035e-05,0.041730500757694244,-0.02089560031890869,3.0274399250629358e-05,t17_f5_c3,,,,,,,,,,,,,,,,,,,,,,,,,,,,,,,,,,,,,,,ZTF20aavzffg
2460183.6696181,2,2429169613515,20.888500213623047,/ztf/archive/sci/2023/0827/169606/ztf_20230827169606_000430_zr_c09_o_q4_scimrefdiffimg.fits.fz,Kasliwal,3,2429,35,430,28.830900192260742,9.177709898722242e-07,0.013528499752283096,0.0833773985505104,2.0453499018913135e-06,t17_f5_c3,,,,,,,,,,,,,,,,,,,,,,,,,,,,,,,,,,,,,,,ZTF20aavzffg
2460184.6551273,2,2430155124615,19.493000030517578,/ztf/archive/sci/2023/0828/154838/ztf_20230828154838_000431_zr_c12_o_q3_scimrefdiffimg.fits.fz,Kulkarni,1,2430,46,431,26.337299346923828,7.968929821799975e-06,0.03822990134358406,0.09188319742679596,1.760680061124731e-05,t17_f5_c3,,,,,,,,,,,,,,,,,,,,,,,,,,,,,,,,,,,,,,,ZTF20aavzffg
2460184.6556019,2,2430155603515,19.510099411010742,/ztf/archive/sci/2023/0828/155590/ztf_20230828155590_000430_zr_c09_o_q4_scimrefdiffimg.fits.fz,Kulkarni,1,2430,35,430,26.314300537109375,9.704090189188719e-06,0.04475510120391846,0.07502909749746323,2.1672600269084796e-05,t17_f5_c3,,,,,,,,,,,,,,,,,,,,,,,,,,,,,,,,,,,,,,,ZTF20aavzffg
2460184.6931481,1,2430193144615,19.274599075317383,/ztf/archive/sci/2023/0828/193148/ztf_20230828193148_000431_zg_c12_o_q3_scimrefdiffimg.fits.fz,Kulkarni,1,2430,46,431,26.221200942993164,1.4839900359220337e-05,0.04354039952158928,-0.019714999943971634,3.623970042099245e-05,t17_f5_c3,,,,,,,,,,,,,,,,,,,,,,,,,,,,,,,,,,,,,,,ZTF20aavzffg
2460184.6940972,1,2430194093515,19.167800903320312,/ztf/archive/sci/2023/0828/194086/ztf_20230828194086_000430_zg_c09_o_q4_scimrefdiffimg.fits.fz,Kulkarni,1,2430,35,430,26.215200424194336,1.3721300092583988e-05,0.04357130080461502,-0.021222800016403198,3.3152500691358e-05,t17_f5_c3,,,,,,,,,,,,,,,,,,,,,,,,,,,,,,,,,,,,,,,ZTF20aavzffg
2460186.6708565,1,2432170854615,19.496000289916992,/ztf/archive/sci/2023/0830/170856/ztf_20230830170856_000431_zg_c12_o_q3_scimrefdiffimg.fits.fz,Kulkarni,1,2432,46,431,26.271799087524414,1.0410600225441158e-05,0.03908409923315048,-0.019643200561404228,2.4900800781324506e-05,t17_f5_c3,,,,,,,,,,,,,,,,,,,,,,,,,,,,,,,,,,,,,,,ZTF20aavzffg
2460186.671331,1,2432171333515,19.363000869750977,/ztf/archive/sci/2023/0830/171331/ztf_20230830171331_000430_zg_c09_o_q4_scimrefdiffimg.fits.fz,Kulkarni,1,2432,35,430,26.258800506591797,1.0442799975862727e-05,0.04181240126490593,-0.031083600595593452,2.4849499823176302e-05,t17_f5_c3,,,,,,,,,,,,,,,,,,,,,,,,,,,,,,,,,,,,,,,ZTF20aavzffg
2460186.7137153,2,2432213714615,19.374900817871094,/ztf/archive/sci/2023/0830/213704/ztf_20230830213704_000431_zr_c12_o_q3_scimrefdiffimg.fits.fz,Kulkarni,1,2432,46,431,26.21339988708496,4.763880042446544e-06,0.02935750037431717,0.08733469992876053,1.0581499736872502e-05,t17_f5_c3,,,,,,,,,,,,,,,,,,,,,,,,,,,,,,,,,,,,,,,ZTF20aavzffg
2460186.7141898,2,2432214183515,19.326400756835938,/ztf/archive/sci/2023/0830/214178/ztf_20230830214178_000430_zr_c09_o_q4_scimrefdiffimg.fits.fz,Kulkarni,1,2432,35,430,26.251699447631836,5.106529897602741e-06,0.03226910158991814,0.08362069725990295,1.1363200428604614e-05,t17_f5_c3,,,,,,,,,,,,,,,,,,,,,,,,,,,,,,,,,,,,,,,ZTF20aavzffg
2460188.659537,1,2434159534615,19.58329963684082,/ztf/archive/sci/2023/0901/159525/ztf_20230901159525_000431_zg_c12_o_q3_scimrefdiffimg.fits.fz,Kulkarni,1,2434,46,431,26.19379997253418,9.377229616802651e-06,0.03833109885454178,-0.031307898461818695,2.2099300622357987e-05,t17_f5_c3,,,,,,,,,,,,,,,,,,,,,,,,,,,,,,,,,,,,,,,ZTF20aavzffg
2460188.6911574,2,2434191153515,19.485000610351562,/ztf/archive/sci/2023/0901/191157/ztf_20230901191157_000430_zr_c09_o_q4_scimrefdiffimg.fits.fz,Kulkarni,1,2434,35,430,26.235200881958008,3.7241300105961272e-06,0.02756440080702305,0.08407089859247208,8.294279723486397e-06,t17_f5_c3,,,,,,,,,,,,,,,,,,,,,,,,,,,,,,,,,,,,,,,ZTF20aavzffg
2460188.7277662,2,2434227764615,16.735700607299805,/ztf/archive/sci/2023/0901/227766/ztf_20230901227766_000431_zr_c12_o_q3_scimrefdiffimg.fits.fz,Kulkarni,1,2434,46,431,24.4685001373291,0.05300930142402649,0.4772239923477173,-0.28595098853111267,0.12399200350046158,t17_f5_c3,,,,,,,,,,,,,,,,,,,,,,,,,,,,,,,,,,,,,,,ZTF20aavzffg
2460194.6692708,2,2440169274615,20.153900146484375,/ztf/archive/sci/2023/0907/169259/ztf_20230907169259_000431_zr_c12_o_q3_scimrefdiffimg.fits.fz,Kulkarni,1,2440,46,431,26.266799926757812,2.176369889639318e-06,0.019989900290966034,0.09239490330219269,4.830069883610122e-06,t17_f5_c3,,,,,,,,,,,,,,,,,,,,,,,,,,,,,,,,,,,,,,,ZTF20aavzffg
2460194.6697454,2,2440169743515,21.212099075317383,/ztf/archive/sci/2023/0907/169745/ztf_20230907169745_000430_zr_c09_o_q4_scimrefdiffimg.fits.fz,Kasliwal,3,2440,35,430,28.80769920349121,7.265650197041396e-07,0.01207130029797554,0.08547119796276093,1.6185999811568763e-06,t17_f5_c3,,,,,,,,,,,,,,,,,,,,,,,,,,,,,,,,,,,,,,,ZTF20aavzffg
2460195.6918519,2,2441191853515,19.6781005859375,/ztf/archive/sci/2023/0908/191840/ztf_20230908191840_000430_zr_c09_o_q4_scimrefdiffimg.fits.fz,Kulkarni,1,2441,35,430,26.136499404907227,2.544439894336392e-06,0.022893400862812996,0.09128110110759735,5.668569883710006e-06,t17_f5_c3,,,,,,,,,,,,,,,,,,,,,,,,,,,,,,,,,,,,,,,ZTF20aavzffg
2460196.7037153,2,2442203714615,19.427499771118164,/ztf/archive/sci/2023/0909/203704/ztf_20230909203704_000431_zr_c12_o_q3_scimrefdiffimg.fits.fz,Kulkarni,1,2442,46,431,26.023799896240234,1.3396699614531826e-05,0.049646299332380295,0.10373800247907639,2.9591299608000554e-05,t17_f5_c3,,,,,,,,,,,,,,,,,,,,,,,,,,,,,,,,,,,,,,,ZTF20aavzffg
2460200.6741088,2,2446174104615,19.967599868774414,/ztf/archive/sci/2023/0913/174109/ztf_20230913174109_000431_zr_c12_o_q3_scimrefdiffimg.fits.fz,Kulkarni,1,2446,46,431,26.248600006103516,2.6971699753630674e-06,0.022230200469493866,0.09163519740104675,5.98678980168188e-06,t17_f5_c3,,,,,,,,,,,,,,,,,,,,,,,,,,,,,,,,,,,,,,,ZTF20aavzffg
2458939.9812384,2,1185481233515,16.34749984741211,/ztf/archive/sci/2020/0331/480995/ztf_20200331480995_000430_zr_c09_o_q4_scimrefdiffimg.fits.fz,Kulkarni,1,1185,35,430,23.015399932861328,0.000184863994945772,0.06356050074100494,0.07669299840927124,0.0004414859868120402,t17_f5_c3,,,,,,,,,,,,,,,,,,,,,,,,,,,,,,,,,,,,,,,ZTF20aavzffg
2458944.9018171,2,1190401813515,19.498600006103516,/ztf/archive/sci/2020/0405/401817/ztf_20200405401817_000430_zr_c09_o_q4_scimrefdiffimg.fits.fz,Kulkarni,1,1190,35,430,26.23699951171875,3.2296200060955016e-06,0.025609899312257767,0.09604959934949875,7.24676010577241e-06,t17_f5_c3,,,,,,,,,,,,,,,,,,,,,,,,,,,,,,,,,,,,,,,ZTF20aavzffg
2458944.96,1,1190459993515,19.662099838256836,/ztf/archive/sci/2020/0405/459988/ztf_20200405459988_000430_zg_c09_o_q4_scimrefdiffimg.fits.fz,Kulkarni,1,1190,35,430,26.22640037536621,5.8967798395315185e-06,0.03424980118870735,-0.04003550112247467,1.3386799764703028e-05,t17_f5_c3,,,,,,,,,,,,,,,,,,,,,,,,,,,,,,,,,,,,,,,ZTF20aavzffg
2458954.899294,1,1200399293515,20.16189956665039,/ztf/archive/sci/2020/0415/399294/ztf_20200415399294_000430_zg_c09_o_q4_scimrefdiffimg.fits.fz,Kulkarni,1,1200,35,430,26.209800720214844,8.643570254207589e-06,0.04235159978270531,-0.0675778016448021,1.933430030476302e-05,t17_f5_c3,,,,,,,,,,,,,,,,,,,,,,,,,,,,,,,,,,,,,,,ZTF20aavzffg
2458954.939294,2,1200439293515,19.76180076599121,/ztf/archive/sci/2020/0415/439051/ztf_20200415439051_000430_zr_c09_o_q4_scimrefdiffimg.fits.fz,Kulkarni,1,1200,35,430,26.255300521850586,4.9823697736428585e-06,0.03196530044078827,0.09053009748458862,1.1189399629074614e-05,t17_f5_c3,,,,,,,,,,,,,,,,,,,,,,,,,,,,,,,,,,,,,,,ZTF20aavzffg
2458939.9592593,1,1185459254615,18.49570083618164,/ztf/archive/sci/2020/0331/459132/ztf_20200331459132_000431_zg_c12_o_q3_scimrefdiffimg.fits.fz,Kulkarni,1,1185,46,431,24.570600509643555,2.7781199605669826e-05,0.04646199941635132,-0.056764498353004456,7.057520269881934e-05,t17_f5_c3,,,,,,,,,,,,,,,,,,,,,,,,,,,,,,,,,,,,,,,ZTF20aavzffg
2458939.983044,2,1185483044615,15.993200302124023,/ztf/archive/sci/2020/0331/483044/ztf_20200331483044_000431_zr_c12_o_q3_scimrefdiffimg.fits.fz,Kulkarni,1,1185,46,431,22.577999114990234,0.0002474020002409816,0.05791139975190163,0.11222299933433533,0.0005611379747278988,t17_f5_c3,,,,,,,,,,,,,,,,,,,,,,,,,,,,,,,,,,,,,,,ZTF20aavzffg
2458943.9381597,1,1189438154615,19.89780044555664,/ztf/archive/sci/2020/0404/438102/ztf_20200404438102_000431_zg_c12_o_q3_scimrefdiffimg.fits.fz,Kulkarni,1,1189,46,431,26.22800064086914,6.318010036920896e-06,0.03431620076298714,-0.05464249849319458,1.400519977323711e-05,t17_f5_c3,,,,,,,,,,,,,,,,,,,,,,,,,,,,,,,,,,,,,,,ZTF20aavzffg
2458943.9795833,2,1189479584615,20.066999435424805,/ztf/archive/sci/2020/0404/479583/ztf_20200404479583_000431_zr_c12_o_q3_scimrefdiffimg.fits.fz,Kulkarni,1,1189,46,431,26.210399627685547,2.297289938724134e-06,0.02055089920759201,0.09194040298461914,5.078069989394862e-06,t17_f5_c3,,,,,,,,,,,,,,,,,,,,,,,,,,,,,,,,,,,,,,,ZTF20aavzffg
2458954.9183449,1,1200418344615,20.034700393676758,/ztf/archive/sci/2020/0415/418345/ztf_20200415418345_000431_zg_c12_o_q3_scimrefdiffimg.fits.fz,Kulkarni,1,1200,46,431,26.24970054626465,5.7251600082963705e-06,0.032739900052547455,-0.06011379882693291,1.261570014321478e-05,t17_f5_c3,,,,,,,,,,,,,,,,,,,,,,,,,,,,,,,,,,,,,,,ZTF20aavzffg
2458954.9593519,2,1200459354615,19.93120002746582,/ztf/archive/sci/2020/0415/459352/ztf_20200415459352_000431_zr_c12_o_q3_scimrefdiffimg.fits.fz,Kulkarni,1,1200,46,431,26.24250030517578,3.247130052841385e-06,0.024490799754858017,0.09205339848995209,7.162209840316791e-06,t17_f5_c3,,,,,,,,,,,,,,,,,,,,,,,,,,,,,,,,,,,,,,,ZTF20aavzffg
2458963.8979977,1,1209397994615,20.539600372314453,/ztf/archive/sci/2020/0424/397998/ztf_20200424397998_000431_zg_c12_o_q3_scimrefdiffimg.fits.fz,Kulkarni,1,1209,46,431,26.23579978942871,3.97278017771896e-06,0.02730569988489151,-0.05325920134782791,8.715390322322492e-06,t17_f5_c3,1.209397994615015e+18,1,12.0,2731.219970703125,2099.10009765625,245.4391455,-2.2892626,16.905799865722656,0.03573700040578842,16.555500030517578,16.900299072265625,0.01640000008046627,2.3815701007843018,21.795000076293945,0.13099999725818634,0.4790000021457672,0.026000000536441803,-0.16256800293922424,-0.005545999854803085,2.3299999237060547,0.9829999804496765,341.2760009765625,3.639309883117676,1.1353199481964111,0.7929999828338623,0.7689999938011169,0.34034299850463867,0.3300429880619049,1.031209945678711,0.0,0.0,0.9142860174179077,1.0,16.896900177001953,0.01979999989271164,245.4397281,-2.2895944,53.3255,ZTF20aavzffg
2458963.8777431,1,1209377743515,20.54599952697754,/ztf/archive/sci/2020/0424/377743/ztf_20200424377743_000430_zg_c09_o_q4_scimrefdiffimg.fits.fz,Kulkarni,1,1209,35,430,26.202499389648438,3.30477996612899e-06,0.02615709975361824,-0.04080500081181526,7.358580205618637e-06,t17_f5_c3,1.209377743515015e+18,1,30.0,409.47900390625,2065.610107421875,245.439141,-2.2892818,16.9064998626709,0.040688998997211456,76.56159973144531,16.8966007232666,0.01640000008046627,3.6929900646209717,18.757999420166016,0.020999999716877937,0.652999997138977,-0.0430000014603138,0.05275199934840202,-0.009886999614536762,2.430000066757202,0.9829999804496765,409.47900390625,3.6494100093841553,1.077739953994751,0.8529999852180481,0.7639999985694885,0.35102900862693787,0.3144029974937439,1.1164900064468384,0.0,0.0,0.8714290261268616,1.0,16.891399383544922,0.019899999722838402,245.43963,-2.2883671,107.872,ZTF20aavzffg
2458963.8777431,1,1209377743515,20.54599952697754,/ztf/archive/sci/2020/0424/377743/ztf_20200424377743_000430_zg_c09_o_q4_scimrefdiffimg.fits.fz,Kulkarni,1,1209,35,430,26.202499389648438,3.30477996612899e-06,0.02615709975361824,-0.04080500081181526,7.358580205618637e-06,t17_f5_c3,1.209377743515015e+18,t,30.0,409.47900390625,2065.610107421875,245.439141,-2.2892818,16.9064998626709,0.040688998997211456,76.56159973144531,16.8966007232666,0.01640000008046627,3.6929900646209717,18.757999420166016,0.020999999716877937,0.652999997138977,-0.0430000014603138,0.05275199934840202,-0.009886999614536762,2.430000066757202,0.9829999804496765,409.47900390625,3.6494100093841553,1.077739953994751,0.8529999852180481,0.7639999985694885,0.35102900862693787,0.3144029974937439,1.1164900064468384,0.0,0.0,0.8714290261268616,1.0,16.891399383544922,0.019899999722838402,245.43963,-2.2883671,107.872,ZTF20aavzffg
2458963.9219792,1,1209421973515,20.507099151611328,/ztf/archive/sci/2020/0424/421979/ztf_20200424421979_000430_zg_c09_o_q4_scimrefdiffimg.fits.fz,Kulkarni,1,1209,35,430,26.217100143432617,3.534760026013828e-06,0.026890700682997704,-0.046506501734256744,7.8555203799624e-06,t17_f5_c3,1.209421973515015e+18,t,30.0,434.78900146484375,2060.0400390625,245.4391451,-2.2892774,16.88909912109375,0.02875800058245659,14.671500205993652,16.889699935913086,0.016300000250339508,3.6719601154327393,18.757999420166016,0.020999999716877937,0.652999997138977,-0.0430000014603138,-0.11913000047206879,0.0006179999909363687,2.3399999141693115,0.9850000143051147,434.78900146484375,3.6173601150512695,1.1536999940872192,0.8420000076293945,0.7919999957084656,0.35982900857925415,0.3384619951248169,1.0631300210952759,0.0,0.0,0.9028570055961609,1.0,16.890899658203125,0.019899999722838402,245.43963,-2.2883671,70.5457,ZTF20aavzffg
2458963.8979977,1,1209397994615,20.539600372314453,/ztf/archive/sci/2020/0424/397998/ztf_20200424397998_000431_zg_c12_o_q3_scimrefdiffimg.fits.fz,Kulkarni,1,1209,46,431,26.23579978942871,3.97278017771896e-06,0.02730569988489151,-0.05325920134782791,8.715390322322492e-06,t17_f5_c3,1.209397994615015e+18,t,12.0,2731.219970703125,2099.10009765625,245.4391455,-2.2892626,16.905799865722656,0.03573700040578842,16.555500030517578,16.900299072265625,0.01640000008046627,2.3815701007843018,21.795000076293945,0.13099999725818634,0.4790000021457672,0.026000000536441803,-0.16256800293922424,-0.005545999854803085,2.3299999237060547,0.9829999804496765,341.2760009765625,3.639309883117676,1.1353199481964111,0.7929999828338623,0.7689999938011169,0.34034299850463867,0.3300429880619049,1.031209945678711,0.0,0.0,0.9142860174179077,1.0,16.896900177001953,0.01979999989271164,245.4397281,-2.2895944,53.3255,ZTF20aavzffg
2458963.920625,1,1209420624615,20.417699813842773,/ztf/archive/sci/2020/0424/420625/ztf_20200424420625_000431_zg_c12_o_q3_scimrefdiffimg.fits.fz,Kulkarni,1,1209,46,431,26.240699768066406,4.13704992752173e-06,0.02762950025498867,-0.053139299154281616,9.100779607251752e-06,t17_f5_c3,1.209420624615015e+18,t,14.0,2751.47998046875,2098.77001953125,245.4391491,-2.2892632,16.887699127197266,0.04158899933099747,61.89540100097656,16.8710994720459,0.016699999570846558,2.370110034942627,21.795000076293945,0.13099999725818634,0.4790000021457672,0.026000000536441803,-0.09424199908971786,-0.01656300015747547,2.3299999237060547,0.984000027179718,321.0199890136719,3.546560049057007,1.1834900379180908,0.847000002861023,0.7910000085830688,0.36351901292800903,0.3394849896430969,1.0707999467849731,0.0,0.0,0.9071429967880249,1.0,16.878799438476562,0.020500000566244125,245.4397281,-2.2895944,86.026,ZTF20aavzffg
2458966.8776736,2,1212377674615,20.398300170898438,/ztf/archive/sci/2020/0427/377674/ztf_20200427377674_000431_zr_c12_o_q3_scimrefdiffimg.fits.fz,Kulkarni,1,1212,46,431,26.204700469970703,1.9135600268782582e-06,0.018636899068951607,0.08697289973497391,4.237089797243243e-06,t17_f5_c3,1.212377674615015e+18,1,10.0,2735.530029296875,2105.389892578125,245.4391504,-2.2892766,15.86970043182373,0.04450000077486038,270.427001953125,15.87399959564209,0.008500000461935997,3.624239921569824,18.131000518798828,0.01899999938905239,0.7139999866485596,0.0010000000474974513,-0.2966119945049286,0.0043020001612603664,2.2699999809265137,0.984000027179718,336.9670104980469,4.524250030517578,1.1526399850845337,0.8190000057220459,0.734000027179718,0.36079299449920654,0.3233479857444763,1.1158000230789185,2.0,0.0,0.857142984867096,1.0,15.86460018157959,0.00989999994635582,245.439603,-2.2883651,126.608,ZTF20aavzffg
2458966.8767708,2,1212376773515,20.528499603271484,/ztf/archive/sci/2020/0427/376771/ztf_20200427376771_000430_zr_c09_o_q4_scimrefdiffimg.fits.fz,Kulkarni,1,1212,35,430,26.230300903320312,1.5703700455560465e-06,0.01766910031437874,0.08703330159187317,3.5287300761410734e-06,t17_f5_c3,1.2123767735150152e+18,t,47.0,409.11199951171875,2071.360107421875,245.4391449,-2.2892684,15.89430046081543,0.027377000078558922,97.17250061035156,15.8725004196167,0.008200000040233135,3.630229949951172,18.131999969482422,0.020999999716877937,0.675000011920929,-0.01600000075995922,0.5913230180740356,-0.021755000576376915,1.9700000286102295,0.984000027179718,409.11199951171875,4.656030178070068,1.2420599460601807,0.7519999742507935,0.7139999866485596,0.3817259967327118,0.36243700981140137,1.0532200336456299,1.0,0.0,0.8671429753303528,1.0,15.866100311279297,0.009600000455975533,245.4396257,-2.2883668,69.5219,ZTF20aavzffg
2458972.789375,1,1218289373515,19.69729995727539,/ztf/archive/sci/2020/0503/289329/ztf_20200503289329_000430_zg_c09_o_q4_scimrefdiffimg.fits.fz,Kulkarni,1,1218,35,430,26.214599609375,5.805699856864521e-06,0.034026000648736954,-0.056280698627233505,1.3079499694867991e-05,t17_f5_c3,1.218289373515015e+18,1,14.0,419.62200927734375,2035.800048828125,245.4391465,-2.2892667,15.683600425720215,0.02847900055348873,143.26199340820312,15.675800323486328,0.010499999858438969,3.629849910736084,18.757999420166016,0.020999999716877937,0.652999997138977,-0.0430000014603138,-0.394910991191864,-0.007765999995172024,2.2300000190734863,0.984000027179718,419.62200927734375,4.0215301513671875,1.1569700241088867,0.7480000257492065,0.7260000109672546,0.33542600274086,0.325560986995697,1.0303000211715698,0.0,0.0,0.8828570246696472,1.0,15.671600341796875,0.013000000268220901,245.43963,-2.2883671,92.2314,ZTF20aavzffg
2458966.8776736,2,1212377674615,20.398300170898438,/ztf/archive/sci/2020/0427/377674/ztf_20200427377674_000431_zr_c12_o_q3_scimrefdiffimg.fits.fz,Kulkarni,1,1212,46,431,26.204700469970703,1.9135600268782582e-06,0.018636899068951607,0.08697289973497391,4.237089797243243e-06,t17_f5_c3,1.212377674615015e+18,t,10.0,2735.530029296875,2105.389892578125,245.4391504,-2.2892766,15.86970043182373,0.04450000077486038,270.427001953125,15.87399959564209,0.008500000461935997,3.624239921569824,18.131000518798828,0.01899999938905239,0.7139999866485596,0.0010000000474974513,-0.2966119945049286,0.0043020001612603664,2.2699999809265137,0.984000027179718,336.9670104980469,4.524250030517578,1.1526399850845337,0.8190000057220459,0.734000027179718,0.36079299449920654,0.3233479857444763,1.1158000230789185,2.0,0.0,0.857142984867096,1.0,15.86460018157959,0.00989999994635582,245.439603,-2.2883651,126.608,ZTF20aavzffg
2458966.9210995,1,1212421094615,20.78660011291504,/ztf/archive/sci/2020/0427/421100/ztf_20200427421100_000431_zg_c12_o_q3_scimrefdiffimg.fits.fz,Kulkarni,1,1212,46,431,26.23509979248047,3.379600002517691e-06,0.025139300152659416,-0.06128250062465668,7.3938399509643205e-06,t17_f5_c3,1.212421094615015e+18,t,18.0,2738.929931640625,2103.93994140625,245.4391467,-2.2892675,16.20210075378418,0.02389100007712841,13.184499740600586,16.20159912109375,0.008799999952316284,2.38070011138916,21.795000076293945,0.13099999725818634,0.4790000021457672,0.026000000536441803,-0.20260299742221832,-0.0004720000142697245,2.299999952316284,0.9829999804496765,333.57000732421875,4.585040092468262,1.089359998703003,0.7239999771118164,0.6970000267028809,0.3147830069065094,0.303043007850647,1.0387400388717651,0.0,0.0,0.9157140254974365,1.0,16.195899963378906,0.010200000368058681,245.4397281,-2.2895944,48.6759,ZTF20aavzffg
2458972.9006713,2,1218400674615,19.71310043334961,/ztf/archive/sci/2020/0503/400671/ztf_20200503400671_000431_zr_c12_o_q3_scimrefdiffimg.fits.fz,Kulkarni,1,1218,46,431,25.95009994506836,3.0986900583229726e-06,0.023782499134540558,0.08575650304555893,6.843819846835686e-06,t17_f5_c3,1.218400674615015e+18,1,9.0,2743.77001953125,2092.260009765625,245.4391448,-2.2892634,15.227100372314453,0.026265999302268028,220.3179931640625,15.246500015258789,0.00860000029206276,3.590399980545044,18.131000518798828,0.01899999938905239,0.7139999866485596,0.0010000000474974513,2.03548002243042,0.019362999126315117,2.359999895095825,0.984000027179718,328.7330017089844,4.466619968414307,0.9512519836425781,0.671999990940094,0.6179999709129333,0.284745991230011,0.2618640065193176,1.087380051612854,6.0,0.0,0.8428570032119751,0.9831860065460205,15.241000175476074,0.010400000028312206,245.439603,-2.2883651,41.0106,ZTF20aavzffg
2458972.789375,1,1218289373515,19.69729995727539,/ztf/archive/sci/2020/0503/289329/ztf_20200503289329_000430_zg_c09_o_q4_scimrefdiffimg.fits.fz,Kulkarni,1,1218,35,430,26.214599609375,5.805699856864521e-06,0.034026000648736954,-0.056280698627233505,1.3079499694867991e-05,t17_f5_c3,1.218289373515015e+18,t,14.0,419.62200927734375,2035.800048828125,245.4391465,-2.2892667,15.683600425720215,0.02847900055348873,143.26199340820312,15.675800323486328,0.010499999858438969,3.629849910736084,18.757999420166016,0.020999999716877937,0.652999997138977,-0.0430000014603138,-0.394910991191864,-0.007765999995172024,2.2300000190734863,0.984000027179718,419.62200927734375,4.0215301513671875,1.1569700241088867,0.7480000257492065,0.7260000109672546,0.33542600274086,0.325560986995697,1.0303000211715698,0.0,0.0,0.8828570246696472,1.0,15.671600341796875,0.013000000268220901,245.43963,-2.2883671,92.2314,ZTF20aavzffg
2458972.8785532,2,1218378553515,20.077899932861328,/ztf/archive/sci/2020/0503/378553/ztf_20200503378553_000430_zr_c09_o_q4_scimrefdiffimg.fits.fz,Kulkarni,1,1218,35,430,26.286399841308594,2.079030082313693e-06,0.020530300214886665,0.0866490975022316,4.644839918910293e-06,t17_f5_c3,1.218378553515015e+18,t,12.0,425.36199951171875,2066.179931640625,245.439144,-2.2892565,15.217399597167969,0.03793400153517723,376.5419921875,15.208800315856934,0.006099999882280827,3.5952699184417725,18.131999969482422,0.020999999716877937,0.675000011920929,-0.01600000075995922,0.44513800740242004,-0.008589000441133976,1.9600000381469727,0.984000027179718,425.36199951171875,4.869080066680908,1.2258100509643555,0.703000009059906,0.6420000195503235,0.35867300629615784,0.327551007270813,1.095020055770874,5.0,0.0,0.8471429944038391,0.9695010185241699,15.205400466918945,0.007199999876320362,245.4396257,-2.2883668,34.7344,ZTF20aavzffg
2458972.9006713,2,1218400674615,19.71310043334961,/ztf/archive/sci/2020/0503/400671/ztf_20200503400671_000431_zr_c12_o_q3_scimrefdiffimg.fits.fz,Kulkarni,1,1218,46,431,25.95009994506836,3.0986900583229726e-06,0.023782499134540558,0.08575650304555893,6.843819846835686e-06,t17_f5_c3,1.218400674615015e+18,t,9.0,2743.77001953125,2092.260009765625,245.4391448,-2.2892634,15.227100372314453,0.026265999302268028,220.3179931640625,15.246500015258789,0.00860000029206276,3.590399980545044,18.131000518798828,0.01899999938905239,0.7139999866485596,0.0010000000474974513,2.03548002243042,0.019362999126315117,2.359999895095825,0.984000027179718,328.7330017089844,4.466619968414307,0.9512519836425781,0.671999990940094,0.6179999709129333,0.284745991230011,0.2618640065193176,1.087380051612854,6.0,0.0,0.8428570032119751,0.9831860065460205,15.241000175476074,0.010400000028312206,245.439603,-2.2883651,41.0106,ZTF20aavzffg
2458972.9420718,1,1218442074615,20.366600036621094,/ztf/archive/sci/2020/0503/442072/ztf_20200503442072_000431_zg_c12_o_q3_scimrefdiffimg.fits.fz,Kulkarni,1,1218,46,431,26.29439926147461,3.857229785353411e-06,0.02672700025141239,-0.0764923021197319,8.482849807478487e-06,t17_f5_c3,1.218442074615015e+18,t,13.0,2762.6201171875,2136.469970703125,245.4391499,-2.289273,15.677399635314941,0.03165600076317787,395.18798828125,15.678999900817871,0.007000000216066837,2.354949951171875,21.795000076293945,0.13099999725818634,0.4790000021457672,0.026000000536441803,0.29081299901008606,0.0016189999878406525,2.369999885559082,0.984000027179718,309.8810119628906,4.687550067901611,1.1080800294876099,0.75,0.7279999852180481,0.31645599007606506,0.3071730136871338,1.0302200317382812,2.0,0.0,0.9085710048675537,1.0,15.674500465393066,0.008100000210106373,245.4397281,-2.2895944,145.516,ZTF20aavzffg
2458975.7934722,1,1221293473515,19.08329963684082,/ztf/archive/sci/2020/0506/293426/ztf_20200506293426_000430_zg_c09_o_q4_scimrefdiffimg.fits.fz,Kulkarni,1,1221,35,430,26.2593994140625,1.1099999937869143e-05,0.0380127988755703,-0.04009360074996948,2.712639980018139e-05,t17_f5_c3,1.221293473515015e+18,1,1.0,424.0950012207031,2043.8699951171875,245.4391438,-2.2892688,15.661399841308594,0.02239999920129776,16.201799392700195,15.657500267028809,0.01679999940097332,3.6414999961853027,18.757999420166016,0.020999999716877937,0.652999997138977,-0.0430000014603138,-2.2851099967956543,-0.0038759999442845583,2.2300000190734863,0.984000027179718,424.0950012207031,3.425800085067749,1.1514699459075928,0.7720000147819519,0.7570000290870667,0.3461880087852478,0.339462012052536,1.0198099613189697,1.0,0.0,0.8914290070533752,1.0,15.629400253295898,0.02070000022649765,245.43963,-2.2883671,54.7379,ZTF20aavzffg
2458975.7934722,1,1221293473515,19.08329963684082,/ztf/archive/sci/2020/0506/293426/ztf_20200506293426_000430_zg_c09_o_q4_scimrefdiffimg.fits.fz,Kulkarni,1,1221,35,430,26.2593994140625,1.1099999937869143e-05,0.0380127988755703,-0.04009360074996948,2.712639980018139e-05,t17_f5_c3,1.221293473515015e+18,t,1.0,424.0950012207031,2043.8699951171875,245.4391438,-2.2892688,15.661399841308594,0.02239999920129776,16.201799392700195,15.657500267028809,0.01679999940097332,3.6414999961853027,18.757999420166016,0.020999999716877937,0.652999997138977,-0.0430000014603138,-2.2851099967956543,-0.0038759999442845583,2.2300000190734863,0.984000027179718,424.0950012207031,3.425800085067749,1.1514699459075928,0.7720000147819519,0.7570000290870667,0.3461880087852478,0.339462012052536,1.0198099613189697,1.0,0.0,0.8914290070533752,1.0,15.629400253295898,0.02070000022649765,245.43963,-2.2883671,54.7379,ZTF20aavzffg
2458975.8976736,2,1221397673515,19.501100540161133,/ztf/archive/sci/2020/0506/397662/ztf_20200506397662_000430_zr_c09_o_q4_scimrefdiffimg.fits.fz,Kulkarni,1,1221,35,430,26.320899963378906,2.9651400836883113e-06,0.024496400728821754,0.08027669787406921,6.613160167034948e-06,t17_f5_c3,1.221397673515015e+18,t,5.0,421.5060119628906,2061.93994140625,245.4391455,-2.2892685,15.117899894714355,0.026606999337673187,391.50799560546875,15.110400199890137,0.008299999870359898,3.630779981613159,18.131999969482422,0.020999999716877937,0.675000011920929,-0.01600000075995922,-0.18971699476242065,-0.007532999850809574,2.0399999618530273,0.9929999709129333,421.5060119628906,4.390699863433838,1.1317399740219116,0.6809999942779541,0.6579999923706055,0.3338240087032318,0.3225489854812622,1.0349500179290771,0.0,0.0,0.8457139730453491,1.0,15.105600357055664,0.010200000368058681,245.4396257,-2.2883668,43.3937,ZTF20aavzffg
2458978.7946412,2,1224294643515,19.201799392700195,/ztf/archive/sci/2020/0509/294641/ztf_20200509294641_000430_zr_c09_o_q4_scimrefdiffimg.fits.fz,Kulkarni,1,1224,35,430,26.255699157714844,4.5126498662284575e-06,0.030104700475931168,0.08293359726667404,1.0006599950429518e-05,t17_f5_c3,1.224294643515015e+18,1,6.0,415.4119873046875,2025.9200439453125,245.4391473,-2.2892582,15.112700462341309,0.029481999576091766,301.0690002441406,15.100000381469727,0.01140000019222498,3.5962400436401367,18.131999969482422,0.020999999716877937,0.675000011920929,-0.01600000075995922,2.5959699153900146,-0.012660999782383442,2.119999885559082,0.9879999756813049,415.4119873046875,4.101830005645752,0.9760800004005432,0.5989999771118164,0.5529999732971191,0.2825469970703125,0.2608489990234375,1.0831799507141113,6.0,0.0,0.7828570008277893,0.9455459713935852,15.09060001373291,0.0142000000923872,245.4396257,-2.2883668,27.5794,ZTF20aavzffg
2458975.7939352,1,1221293934615,19.063499450683594,/ztf/archive/sci/2020/0506/293935/ztf_20200506293935_000431_zg_c12_o_q3_scimrefdiffimg.fits.fz,Kulkarni,1,1221,46,431,26.259899139404297,1.5403900761157274e-05,0.040428198873996735,-0.02554970048367977,3.839370037894696e-05,t17_f5_c3,1.221293934615015e+18,t,7.0,2746.56005859375,2077.64990234375,245.4391491,-2.2892747,15.637900352478027,0.029777999967336655,84.26799774169922,15.640899658203125,0.01600000075995922,2.3494200706481934,21.795000076293945,0.13099999725818634,0.4790000021457672,0.026000000536441803,-1.0043200254440308,0.003011999884620309,2.549999952316284,0.984000027179718,325.9419860839844,3.4225900173187256,1.0623500347137451,0.8460000157356262,0.7879999876022339,0.33176499605178833,0.3090200126171112,1.0736000537872314,0.0,0.0,0.8914290070533752,1.0,15.641200065612793,0.0203000009059906,245.4397281,-2.2895944,117.808,ZTF20aavzffg
2458978.7946412,2,1224294643515,19.201799392700195,/ztf/archive/sci/2020/0509/294641/ztf_20200509294641_000430_zr_c09_o_q4_scimrefdiffimg.fits.fz,Kulkarni,1,1224,35,430,26.255699157714844,4.5126498662284575e-06,0.030104700475931168,0.08293359726667404,1.0006599950429518e-05,t17_f5_c3,1.224294643515015e+18,t,6.0,415.4119873046875,2025.9200439453125,245.4391473,-2.2892582,15.112700462341309,0.029481999576091766,301.0690002441406,15.100000381469727,0.01140000019222498,3.5962400436401367,18.131999969482422,0.020999999716877937,0.675000011920929,-0.01600000075995922,2.5959699153900146,-0.012660999782383442,2.119999885559082,0.9879999756813049,415.4119873046875,4.101830005645752,0.9760800004005432,0.5989999771118164,0.5529999732971191,0.2825469970703125,0.2608489990234375,1.0831799507141113,6.0,0.0,0.7828570008277893,0.9455459713935852,15.09060001373291,0.0142000000923872,245.4396257,-2.2883668,27.5794,ZTF20aavzffg
2458978.8795949,1,1224379593515,18.402700424194336,/ztf/archive/sci/2020/0509/379572/ztf_20200509379572_000430_zg_c09_o_q4_scimrefdiffimg.fits.fz,Kulkarni,1,1224,35,430,25.924800872802734,2.9297900255187415e-05,0.04037550091743469,-0.03189019858837128,7.831840048311278e-05,t17_f5_c3,1.224379593515015e+18,t,6.0,430.29400634765625,2061.56005859375,245.4391537,-2.2892686,15.776800155639648,0.04437600076198578,29.810800552368164,15.8149995803833,0.035599999129772186,3.6290900707244873,18.757999420166016,0.020999999716877937,0.652999997138977,-0.0430000014603138,-5.954150199890137,0.03818599879741669,2.1600000858306885,0.984000027179718,430.29400634765625,2.587739944458008,1.177340030670166,0.7609999775886536,0.7009999752044678,0.3523150086402893,0.3245370090007782,1.0855900049209595,1.0,0.0,0.8642860054969788,1.0,15.850799560546875,0.04699999839067459,245.43963,-2.2883671,58.747,ZTF20aavzffg
2458981.7715394,2,1227271533515,20.079299926757812,/ztf/archive/sci/2020/0512/271424/ztf_20200512271424_000430_zr_c09_o_q4_scimrefdiffimg.fits.fz,Kulkarni,1,1227,35,430,26.26059913635254,2.959500079668942e-06,0.02448520064353943,0.08562389761209488,6.6665497797657736e-06,t17_f5_c3,1.227271533515015e+18,1,14.0,412.5169982910156,2081.320068359375,245.4391422,-2.289292,15.183600425720215,0.0270019993185997,217.4080047607422,15.191900253295898,0.0052999998442828655,3.712779998779297,18.131999969482422,0.020999999716877937,0.675000011920929,-0.01600000075995922,-0.08831299841403961,0.008317000232636929,3.1500000953674316,0.9940000176429749,412.5169982910156,4.88739013671875,1.0316100120544434,1.0520000457763672,0.9729999899864197,0.33396801352500916,0.3088890016078949,1.0811899900436401,0.0,0.0,0.7685710191726685,1.0,15.175999641418457,0.006000000052154064,245.4396257,-2.2883668,80.3499,ZTF20aavzffg
2458979.777037,1,1225277034615,16.48740005493164,/ztf/archive/sci/2020/0510/276968/ztf_20200510276968_000431_zg_c12_o_q3_scimrefdiffimg.fits.fz,Kulkarni,1,1225,46,431,25.10070037841797,0.0015464399475604296,0.23343199491500854,0.17407800257205963,0.004005909897387028,t17_f5_c3,1.2252770346150152e+18,t,61.0,2765.840087890625,2089.360107421875,245.4391458,-2.2892587,15.602700233459473,0.062144000083208084,1.2957600355148315,15.55780029296875,0.16920000314712524,2.387200117111206,21.795000076293945,0.13099999725818634,0.4790000021457672,0.026000000536441803,35.942501068115234,-0.044929999858140945,2.0,1.0,306.6579895019531,0.9296500086784363,1.2156699895858765,0.7139999866485596,0.6970000267028809,0.3569999933242798,0.34850001335144043,1.0243899822235107,1.0,0.0,0.6700000166893005,1.0,15.512399673461914,0.2085999995470047,245.4397281,-2.2895944,17.6342,ZTF20aavzffg
2458981.7715394,2,1227271533515,20.079299926757812,/ztf/archive/sci/2020/0512/271424/ztf_20200512271424_000430_zr_c09_o_q4_scimrefdiffimg.fits.fz,Kulkarni,1,1227,35,430,26.26059913635254,2.959500079668942e-06,0.02448520064353943,0.08562389761209488,6.6665497797657736e-06,t17_f5_c3,1.227271533515015e+18,t,14.0,412.5169982910156,2081.320068359375,245.4391422,-2.289292,15.183600425720215,0.0270019993185997,217.4080047607422,15.191900253295898,0.0052999998442828655,3.712779998779297,18.131999969482422,0.020999999716877937,0.675000011920929,-0.01600000075995922,-0.08831299841403961,0.008317000232636929,3.1500000953674316,0.9940000176429749,412.5169982910156,4.88739013671875,1.0316100120544434,1.0520000457763672,0.9729999899864197,0.33396801352500916,0.3088890016078949,1.0811899900436401,0.0,0.0,0.7685710191726685,1.0,15.175999641418457,0.006000000052154064,245.4396257,-2.2883668,80.3499,ZTF20aavzffg
2458981.8329745,1,1227332973515,19.76580047607422,/ztf/archive/sci/2020/0512/332951/ztf_20200512332951_000430_zg_c09_o_q4_scimrefdiffimg.fits.fz,Kulkarni,1,1227,35,430,26.2721004486084,7.924300007289276e-06,0.03831709921360016,-0.044979698956012726,1.823049933591392e-05,t17_f5_c3,1.227332973515015e+18,t,16.0,425.19000244140625,2061.7099609375,245.4391346,-2.2893039,16.01409912109375,0.025479000061750412,37.14970016479492,16.01959991455078,0.010200000368058681,3.775480031967163,18.757999420166016,0.020999999716877937,0.652999997138977,-0.0430000014603138,0.2615939974784851,0.005539000034332275,3.619999885559082,0.9819999933242798,425.19000244140625,3.7462000846862793,1.0221799612045288,1.25,1.2170000076293945,0.345304012298584,0.3361879885196686,1.0271199941635132,0.0,0.0,0.697143018245697,1.0,15.992600440979004,0.01209999993443489,245.43963,-2.2883671,99.009,ZTF20aavzffg
2458986.7928125,2,1232292814615,20.538000106811523,/ztf/archive/sci/2020/0517/292812/ztf_20200517292812_000431_zr_c12_o_q3_scimrefdiffimg.fits.fz,Kulkarni,1,1232,46,431,26.24839973449707,2.0038798993482487e-06,0.01913060061633587,0.08940839767456055,4.437729785422562e-06,t17_f5_c3,1.232292814615015e+18,1,11.0,2735.909912109375,2129.31005859375,245.4391487,-2.2892711,15.453399658203125,0.03377300128340721,166.85899353027344,15.467700004577637,0.006099999882280827,3.599400043487549,18.131000518798828,0.01899999938905239,0.7139999866485596,0.0010000000474974513,-0.14527000486850739,0.01433700043708086,2.190000057220459,0.984000027179718,336.5880126953125,5.070280075073242,1.1161099672317505,0.7379999756813049,0.6399999856948853,0.3369860053062439,0.2922370135784149,1.153130054473877,3.0,0.0,0.8500000238418579,0.9892860054969788,15.46049976348877,0.007000000216066837,245.439603,-2.2883651,50.6463,ZTF20aavzffg
2458986.8118171,2,1232311813515,20.630599975585938,/ztf/archive/sci/2020/0517/311817/ztf_20200517311817_000430_zr_c09_o_q4_scimrefdiffimg.fits.fz,Kulkarni,1,1232,35,430,26.281099319458008,2.4298499283759156e-06,0.022316599264740944,0.08599969744682312,5.416050044004805e-06,t17_f5_c3,1.232311813515015e+18,1,16.0,422.5580139160156,2088.93994140625,245.43915,-2.2892655,15.466099739074707,0.02613300085067749,515.3889770507812,15.463500022888184,0.006000000052154064,3.609989881515503,18.131999969482422,0.020999999716877937,0.675000011920929,-0.01600000075995922,0.5611990094184875,-0.0026110000908374786,1.690000057220459,0.9990000128746033,422.5580139160156,5.167059898376465,1.3166699409484863,0.6050000190734863,0.5770000219345093,0.35798799991607666,0.3414199948310852,1.0485299825668335,4.0,0.0,0.8271430134773254,0.9855319857597351,15.460200309753418,0.006899999920278788,245.4396257,-2.2883668,41.9196,ZTF20aavzffg
2458986.7928125,2,1232292814615,20.538000106811523,/ztf/archive/sci/2020/0517/292812/ztf_20200517292812_000431_zr_c12_o_q3_scimrefdiffimg.fits.fz,Kulkarni,1,1232,46,431,26.24839973449707,2.0038798993482487e-06,0.01913060061633587,0.08940839767456055,4.437729785422562e-06,t17_f5_c3,1.232292814615015e+18,t,11.0,2735.909912109375,2129.31005859375,245.4391487,-2.2892711,15.453399658203125,0.03377300128340721,166.85899353027344,15.467700004577637,0.006099999882280827,3.599400043487549,18.131000518798828,0.01899999938905239,0.7139999866485596,0.0010000000474974513,-0.14527000486850739,0.01433700043708086,2.190000057220459,0.984000027179718,336.5880126953125,5.070280075073242,1.1161099672317505,0.7379999756813049,0.6399999856948853,0.3369860053062439,0.2922370135784149,1.153130054473877,3.0,0.0,0.8500000238418579,0.9892860054969788,15.46049976348877,0.007000000216066837,245.439603,-2.2883651,50.6463,ZTF20aavzffg
2458986.8783912,1,1232378394615,20.801300048828125,/ztf/archive/sci/2020/0517/378391/ztf_20200517378391_000431_zg_c12_o_q3_scimrefdiffimg.fits.fz,Kulkarni,1,1232,46,431,26.27989959716797,3.5164100609108573e-06,0.025692200288176537,-0.05640919879078865,7.676039786019828e-06,t17_f5_c3,1.232378394615015e+18,t,24.0,2764.830078125,2145.360107421875,245.4391397,-2.2892699,16.460899353027344,0.03868100047111511,101.35199737548828,16.47559928894043,0.010599999688565731,2.3894500732421875,21.795000076293945,0.13099999725818634,0.4790000021457672,0.026000000536441803,0.05459500104188919,0.014709999784827232,2.4100000858306885,0.984000027179718,307.67498779296875,4.325679779052734,1.0312399864196777,0.7129999995231628,0.6859999895095825,0.2958509922027588,0.28464698791503906,1.0393600463867188,2.0,0.0,0.9142860174179077,1.0,16.475200653076172,0.012500000186264515,245.4397281,-2.2895944,73.6138,ZTF20aavzffg
2458986.8118171,2,1232311813515,20.630599975585938,/ztf/archive/sci/2020/0517/311817/ztf_20200517311817_000430_zr_c09_o_q4_scimrefdiffimg.fits.fz,Kulkarni,1,1232,35,430,26.281099319458008,2.4298499283759156e-06,0.022316599264740944,0.08599969744682312,5.416050044004805e-06,t17_f5_c3,1.232311813515015e+18,t,16.0,422.5580139160156,2088.93994140625,245.43915,-2.2892655,15.466099739074707,0.02613300085067749,515.3889770507812,15.463500022888184,0.006000000052154064,3.609989881515503,18.131999969482422,0.020999999716877937,0.675000011920929,-0.01600000075995922,0.5611990094184875,-0.0026110000908374786,1.690000057220459,0.9990000128746033,422.5580139160156,5.167059898376465,1.3166699409484863,0.6050000190734863,0.5770000219345093,0.35798799991607666,0.3414199948310852,1.0485299825668335,4.0,0.0,0.8271430134773254,0.9855319857597351,15.460200309753418,0.006899999920278788,245.4396257,-2.2883668,41.9196,ZTF20aavzffg
2458986.8793287,1,1232379323515,20.71470069885254,/ztf/archive/sci/2020/0517/379317/ztf_20200517379317_000430_zg_c09_o_q4_scimrefdiffimg.fits.fz,Kulkarni,1,1232,35,430,26.239500045776367,7.034930149529828e-06,0.03853299841284752,-0.06281639635562897,1.55316993186716e-05,t17_f5_c3,1.232379323515015e+18,t,17.0,437.8370056152344,2107.4599609375,245.4391459,-2.2892787,16.445499420166016,0.02701300010085106,109.86000061035156,16.440099716186523,0.010999999940395355,3.6627299785614014,18.757999420166016,0.020999999716877937,0.652999997138977,-0.0430000014603138,0.42065298557281494,-0.005400999914854765,1.940000057220459,0.9850000143051147,437.8370056152344,4.2746100425720215,1.2411600351333618,0.7250000238418579,0.6779999732971191,0.3737109899520874,0.34948500990867615,1.0693199634552002,3.0,0.0,0.8914290070533752,0.993340015411377,16.44540023803711,0.013100000098347664,245.43963,-2.2883671,94.2924,ZTF20aavzffg
2458992.8111111,2,1238311114615,20.500900268554688,/ztf/archive/sci/2020/0523/311111/ztf_20200523311111_000431_zr_c12_o_q3_scimrefdiffimg.fits.fz,Kulkarni,1,1238,46,431,26.24049949645996,1.8756200006464496e-06,0.01843930035829544,0.08997350186109543,4.16391003454919e-06,t17_f5_c3,1.238311114615015e+18,t,17.0,2736.52001953125,2124.199951171875,245.4391506,-2.289267,15.822500228881836,0.03435400128364563,257.20599365234375,15.843299865722656,0.007899999618530273,3.592250108718872,18.131000518798828,0.01899999938905239,0.7139999866485596,0.0010000000474974513,-0.8509230017662048,0.02084599994122982,2.4100000858306885,1.0,335.97698974609375,4.657559871673584,1.0836800336837769,0.7950000166893005,0.7149999737739563,0.32987600564956665,0.2966800034046173,1.1118899583816528,2.0,0.0,0.8857139945030212,0.9989910125732422,15.827799797058105,0.009100000374019146,245.439603,-2.2883651,69.1358,ZTF20aavzffg
2458992.8120486,2,1238312043515,20.62470054626465,/ztf/archive/sci/2020/0523/312049/ztf_20200523312049_000430_zr_c09_o_q4_scimrefdiffimg.fits.fz,Kulkarni,1,1238,35,430,26.260799407958984,3.263060079916613e-06,0.025797300040721893,0.09085649996995926,7.305040071514668e-06,t17_f5_c3,1.238312043515015e+18,t,13.0,414.93798828125,2085.169921875,245.4391511,-2.2892744,15.84280014038086,0.022281000390648842,35.63159942626953,15.825200080871582,0.007600000128149986,3.6362900733947754,18.131999969482422,0.020999999716877937,0.675000011920929,-0.01600000075995922,-0.09110499918460846,-0.017581000924110413,1.9600000381469727,0.984000027179718,414.93798828125,4.799540042877197,1.2417999505996704,0.7210000157356262,0.7009999752044678,0.3678570091724396,0.3576529920101166,1.0285300016403198,1.0,0.0,0.8871430158615112,1.0,15.817899703979492,0.008799999952316284,245.4396257,-2.2883668,37.9902,ZTF20aavzffg
2458995.7912616,2,1241291263515,20.592899322509766,/ztf/archive/sci/2020/0526/291262/ztf_20200526291262_000430_zr_c09_o_q4_scimrefdiffimg.fits.fz,Kulkarni,1,1241,35,430,26.26740074157715,2.354709977225866e-06,0.02178190089762211,0.089581698179245,5.274080194794806e-06,t17_f5_c3,1.241291263515015e+18,1,23.0,425.99700927734375,2064.219970703125,245.4391583,-2.2892599,16.01140022277832,0.029884999617934227,59.83300018310547,15.980799674987793,0.008899999782443047,3.5838398933410645,18.131999969482422,0.020999999716877937,0.675000011920929,-0.01600000075995922,0.3275910019874573,-0.030633000656962395,1.7699999809265137,0.984000027179718,425.99700927734375,4.612110137939453,1.2778400182724,0.6589999794960022,0.6370000243186951,0.37231600284576416,0.3598870038986206,1.034540057182312,4.0,0.0,0.8657140135765076,0.9624360203742981,15.958999633789062,0.010300000198185444,245.4396257,-2.2883668,38.1585,ZTF20aavzffg
2458995.7727546,2,1241272754615,20.289899826049805,/ztf/archive/sci/2020/0526/272755/ztf_20200526272755_000431_zr_c12_o_q3_scimrefdiffimg.fits.fz,Kulkarni,1,1241,46,431,26.24489974975586,2.166500053135678e-06,0.01988839916884899,0.09209050238132477,4.791640094481409e-06,t17_f5_c3,1.241272754615015e+18,1,13.0,2733.8701171875,2108.27001953125,245.4391458,-2.289277,16.0039005279541,0.03683499991893768,48.56570053100586,16.02989959716797,0.009700000286102295,3.6284499168395996,18.131000518798828,0.01899999938905239,0.7139999866485596,0.0010000000474974513,0.04529299959540367,0.025955000892281532,2.630000114440918,0.984000027179718,338.6319885253906,4.260000228881836,1.0282599925994873,0.8360000252723694,0.7080000042915344,0.31787100434303284,0.26920199394226074,1.1807899475097656,1.0,0.0,0.8357139825820923,1.0,16.02549934387207,0.011599999852478504,245.439603,-2.2883651,56.3903,ZTF20aavzffg
2458995.7727546,2,1241272754615,20.289899826049805,/ztf/archive/sci/2020/0526/272755/ztf_20200526272755_000431_zr_c12_o_q3_scimrefdiffimg.fits.fz,Kulkarni,1,1241,46,431,26.24489974975586,2.166500053135678e-06,0.01988839916884899,0.09209050238132477,4.791640094481409e-06,t17_f5_c3,1.241272754615015e+18,t,13.0,2733.8701171875,2108.27001953125,245.4391458,-2.289277,16.0039005279541,0.03683499991893768,48.56570053100586,16.02989959716797,0.009700000286102295,3.6284499168395996,18.131000518798828,0.01899999938905239,0.7139999866485596,0.0010000000474974513,0.04529299959540367,0.025955000892281532,2.630000114440918,0.984000027179718,338.6319885253906,4.260000228881836,1.0282599925994873,0.8360000252723694,0.7080000042915344,0.31787100434303284,0.26920199394226074,1.1807899475097656,1.0,0.0,0.8357139825820923,1.0,16.02549934387207,0.011599999852478504,245.439603,-2.2883651,56.3903,ZTF20aavzffg
2458995.814456,1,1241314454615,20.665000915527344,/ztf/archive/sci/2020/0526/314456/ztf_20200526314456_000431_zg_c12_o_q3_scimrefdiffimg.fits.fz,Kulkarni,1,1241,46,431,26.2726993560791,3.4253000649187015e-06,0.025256499648094177,-0.05917330086231232,7.537440069427248e-06,t17_f5_c3,1.241314454615015e+18,t,12.0,2738.239990234375,2108.050048828125,245.4391414,-2.2892688,17.109699249267578,0.03901899978518486,14.873900413513184,17.131999969482422,0.01860000006854534,2.393160104751587,21.795000076293945,0.13099999725818634,0.4790000021457672,0.026000000536441803,-0.06563500314950943,0.022276999428868294,2.0399999618530273,0.984000027179718,334.25799560546875,3.5329599380493164,1.2587100267410278,0.7379999756813049,0.7149999737739563,0.3617649972438812,0.350490003824234,1.032170057296753,0.0,0.0,0.9385709762573242,1.0,17.118799209594727,0.02239999920129776,245.4397281,-2.2895944,40.3624,ZTF20aavzffg
2458995.7912616,2,1241291263515,20.592899322509766,/ztf/archive/sci/2020/0526/291262/ztf_20200526291262_000430_zr_c09_o_q4_scimrefdiffimg.fits.fz,Kulkarni,1,1241,35,430,26.26740074157715,2.354709977225866e-06,0.02178190089762211,0.089581698179245,5.274080194794806e-06,t17_f5_c3,1.241291263515015e+18,t,23.0,425.99700927734375,2064.219970703125,245.4391583,-2.2892599,16.01140022277832,0.029884999617934227,59.83300018310547,15.980799674987793,0.008899999782443047,3.5838398933410645,18.131999969482422,0.020999999716877937,0.675000011920929,-0.01600000075995922,0.3275910019874573,-0.030633000656962395,1.7699999809265137,0.984000027179718,425.99700927734375,4.612110137939453,1.2778400182724,0.6589999794960022,0.6370000243186951,0.37231600284576416,0.3598870038986206,1.034540057182312,4.0,0.0,0.8657140135765076,0.9624360203742981,15.958999633789062,0.010300000198185444,245.4396257,-2.2883668,38.1585,ZTF20aavzffg
2458995.7961111,1,1241296113515,20.548099517822266,/ztf/archive/sci/2020/0526/296111/ztf_20200526296111_000430_zg_c09_o_q4_scimrefdiffimg.fits.fz,Kulkarni,1,1241,35,430,26.222900390625,8.630339834780898e-06,0.04242410138249397,-0.06276679784059525,1.9170700397808105e-05,t17_f5_c3,1.241296113515015e+18,t,13.0,418.8489990234375,2083.31005859375,245.4391412,-2.2892867,17.080900192260742,0.03808499872684479,17.95829963684082,17.09320068359375,0.019099999219179153,3.7021799087524414,18.757999420166016,0.020999999716877937,0.652999997138977,-0.0430000014603138,0.32335400581359863,0.012318000197410583,2.259999990463257,0.9829999804496765,418.8489990234375,3.4548499584198,1.166260004043579,0.8420000076293945,0.7490000128746033,0.37256601452827454,0.3314160108566284,1.124169945716858,1.0,0.0,0.892857015132904,1.0,17.083499908447266,0.02319999970495701,245.43963,-2.2883671,65.784,ZTF20aavzffg
2458998.7932176,2,1244293214615,20.516000747680664,/ztf/archive/sci/2020/0529/293218/ztf_20200529293218_000431_zr_c12_o_q3_scimrefdiffimg.fits.fz,Kulkarni,1,1244,46,431,26.260400772094727,1.9262699879618594e-06,0.01870650053024292,0.08745700120925903,4.226660166750662e-06,t17_f5_c3,1.244293214615015e+18,t,19.0,2769.419921875,2106.860107421875,245.4391493,-2.2892614,16.1653995513916,0.03584799915552139,198.22300720214844,16.189199447631836,0.010400000028312206,3.571820020675659,18.131000518798828,0.01899999938905239,0.7139999866485596,0.0010000000474974513,-0.5510209798812866,0.023837000131607056,2.5399999618530273,1.0,303.0849914550781,4.326769828796387,0.9633340239524841,0.7369999885559082,0.6370000243186951,0.2901569902896881,0.25078698992729187,1.1569900512695312,0.0,0.0,0.8271430134773254,1.0,16.184200286865234,0.012400000356137753,245.439603,-2.2883651,48.5645,ZTF20aavzffg
2458998.7956134,2,1244295613515,20.54990005493164,/ztf/archive/sci/2020/0529/295613/ztf_20200529295613_000430_zr_c09_o_q4_scimrefdiffimg.fits.fz,Kulkarni,1,1244,35,430,26.27440071105957,2.083409981423756e-06,0.020534899085760117,0.08654209971427917,4.633940079656895e-06,t17_f5_c3,1.244295613515015e+18,t,16.0,460.8900146484375,2060.110107421875,245.4391421,-2.289261,16.170400619506836,0.029743999242782593,47.6234016418457,16.14069938659668,0.010099999606609344,3.6177000999450684,18.131999969482422,0.020999999716877937,0.675000011920929,-0.01600000075995922,0.7683870196342468,-0.02970699965953827,1.7799999713897705,0.984000027179718,460.8900146484375,4.409150123596191,1.2847000360488892,0.671999990940094,0.6359999775886536,0.37752801179885864,0.3573029935359955,1.0565999746322632,4.0,0.0,0.8657140135765076,0.967960000038147,16.127899169921875,0.012000000104308128,245.4396257,-2.2883668,31.3877,ZTF20aavzffg
2459001.7731713,2,1247273174615,19.962600708007812,/ztf/archive/sci/2020/0601/273171/ztf_20200601273171_000431_zr_c12_o_q3_scimrefdiffimg.fits.fz,Kulkarni,1,1247,46,431,26.22800064086914,2.7027399482904e-06,0.022290000692009926,0.08882889896631241,5.947670160821872e-06,t17_f5_c3,1.247273174615015e+18,t,17.0,2746.510009765625,2089.530029296875,245.4391475,-2.28927,16.291000366210938,0.04154299944639206,161.093994140625,16.283199310302734,0.015399999916553497,3.606829881668091,18.131000518798828,0.01899999938905239,0.7139999866485596,0.0010000000474974513,-0.36063098907470703,-0.007792999967932701,2.259999990463257,0.9850000143051147,325.9949951171875,3.6793599128723145,1.08951997756958,0.7310000061988831,0.6740000247955322,0.3234510123729706,0.29822999238967896,1.084570050239563,2.0,0.0,0.8899999856948853,1.0,16.27899932861328,0.01899999938905239,245.439603,-2.2883651,124.482,ZTF20aavzffg
2459001.7727083,2,1247272703515,20.05590057373047,/ztf/archive/sci/2020/0601/272708/ztf_20200601272708_000430_zr_c09_o_q4_scimrefdiffimg.fits.fz,Kulkarni,1,1247,35,430,26.250999450683594,2.165420028177323e-06,0.020926600322127342,0.08694309741258621,4.818829893338261e-06,t17_f5_c3,1.247272703515015e+18,t,15.0,419.3500061035156,2051.820068359375,245.4391629,-2.2892825,16.298999786376953,0.033948998898267746,103.43299865722656,16.284500122070312,0.01600000075995922,3.6427700519561768,18.131999969482422,0.020999999716877937,0.675000011920929,-0.01600000075995922,0.26458099484443665,-0.014503000304102898,1.649999976158142,0.9940000176429749,419.3500061035156,3.7714200019836426,1.2995400428771973,0.6259999871253967,0.593999981880188,0.379393994808197,0.36000001430511475,1.0538699626922607,3.0,0.0,0.8585709929466248,0.9948909878730774,16.274900436401367,0.019700000062584877,245.4396257,-2.2883668,55.5728,ZTF20aavzffg
2459009.7724769,1,1255272474615,19.847999572753906,/ztf/archive/sci/2020/0609/272477/ztf_20200609272477_000431_zg_c12_o_q3_scimrefdiffimg.fits.fz,Kulkarni,1,1255,46,431,26.337799072265625,7.098380137904314e-06,0.035582300275564194,-0.054167598485946655,1.588160012033768e-05,t17_f5_c3,1.255272474615015e+18,1,8.0,2756.419921875,2101.179931640625,245.4391473,-2.2893003,17.525800704956055,0.05070599913597107,6.637310028076172,17.54400062561035,0.040300000458955765,2.313159942626953,21.795000076293945,0.13099999725818634,0.4790000021457672,0.026000000536441803,-0.33824101090431213,0.01819700002670288,2.7200000286102295,0.9850000143051147,316.0780029296875,2.303989887237549,1.133080005645752,0.9490000009536743,0.9039999842643738,0.3488970100879669,0.33235299587249756,1.049780011177063,0.0,0.0,0.945713996887207,1.0,17.590299606323242,0.053199999034404755,245.4397281,-2.2895944,45.8679,ZTF20aavzffg
2459009.7724769,1,1255272474615,19.847999572753906,/ztf/archive/sci/2020/0609/272477/ztf_20200609272477_000431_zg_c12_o_q3_scimrefdiffimg.fits.fz,Kulkarni,1,1255,46,431,26.337799072265625,7.098380137904314e-06,0.035582300275564194,-0.054167598485946655,1.588160012033768e-05,t17_f5_c3,1.255272474615015e+18,t,8.0,2756.419921875,2101.179931640625,245.4391473,-2.2893003,17.525800704956055,0.05070599913597107,6.637310028076172,17.54400062561035,0.040300000458955765,2.313159942626953,21.795000076293945,0.13099999725818634,0.4790000021457672,0.026000000536441803,-0.33824101090431213,0.01819700002670288,2.7200000286102295,0.9850000143051147,316.0780029296875,2.303989887237549,1.133080005645752,0.9490000009536743,0.9039999842643738,0.3488970100879669,0.33235299587249756,1.049780011177063,0.0,0.0,0.945713996887207,1.0,17.590299606323242,0.053199999034404755,245.4397281,-2.2895944,45.8679,ZTF20aavzffg
2459009.8603356,2,1255360334615,19.608200073242188,/ztf/archive/sci/2020/0609/360336/ztf_20200609360336_000431_zr_c12_o_q3_scimrefdiffimg.fits.fz,Kulkarni,1,1255,46,431,26.31279945373535,4.156539944233373e-06,0.027666399255394936,0.085105299949646,9.133370440395083e-06,t17_f5_c3,1.255360334615015e+18,t,10.0,2752.1298828125,2098.760009765625,245.4391559,-2.2893198,16.529800415039062,0.033654000610113144,19.317399978637695,16.52560043334961,0.019700000062584877,3.7486400604248047,18.131000518798828,0.01899999938905239,0.7139999866485596,0.0010000000474974513,-1.1518000364303589,-0.0041680000722408295,3.180000066757202,0.9829999804496765,320.36700439453125,3.082590103149414,1.010200023651123,1.0540000200271606,0.9269999861717224,0.3314470052719116,0.2915090024471283,1.1369999647140503,0.0,0.0,0.7699999809265137,1.0,16.5093994140625,0.024299999698996544,245.439603,-2.2883651,73.8248,ZTF20aavzffg
2459009.7715394,1,1255271533515,19.827699661254883,/ztf/archive/sci/2020/0609/271539/ztf_20200609271539_000430_zg_c09_o_q4_scimrefdiffimg.fits.fz,Kulkarni,1,1255,35,430,26.322500228881836,7.850810106901918e-06,0.03937219828367233,-0.04571659862995148,1.7788299373933114e-05,t17_f5_c3,1.255271533515015e+18,t,9.0,431.7030029296875,2063.800048828125,245.4391545,-2.289292,17.547500610351562,0.05141400173306465,6.2193498611450195,17.572900772094727,0.039799999445676804,3.705349922180176,18.757999420166016,0.020999999716877937,0.652999997138977,-0.0430000014603138,-0.25249001383781433,0.025412999093532562,3.799999952316284,0.9729999899864197,431.7030029296875,2.254770040512085,0.8648099899291992,1.0679999589920044,1.0099999904632568,0.28105300664901733,0.2657890021800995,1.0574300289154053,0.0,0.0,0.8357139825820923,1.0,17.52090072631836,0.04800000041723251,245.43963,-2.2883671,53.8794,ZTF20aavzffg
2459012.7506829,2,1258250684615,20.789899826049805,/ztf/archive/sci/2020/0612/250498/ztf_20200612250498_000431_zr_c12_o_q3_scimrefdiffimg.fits.fz,Kulkarni,1,1258,46,431,26.322200775146484,1.8393900518276496e-06,0.018353499472141266,0.08237390220165253,4.057540081703337e-06,t17_f5_c3,1.258250684615015e+18,t,15.0,2747.43994140625,2102.489990234375,245.4391489,-2.2892666,16.601200103759766,0.04031899943947792,202.6820068359375,16.603500366210938,0.01269999984651804,3.5961101055145264,18.131000518798828,0.01899999938905239,0.7139999866485596,0.0010000000474974513,-0.3429720103740692,0.002345999935641885,2.0199999809265137,0.9980000257492065,325.06201171875,4.18641996383667,1.1749999523162842,0.6800000071525574,0.6320000290870667,0.3366340100765228,0.3128710091114044,1.075950026512146,4.0,0.0,0.8628569841384888,0.9826880097389221,16.603700637817383,0.015200000256299973,245.439603,-2.2883651,131.706,ZTF20aavzffg
2459012.7516204,2,1258251623515,20.68600082397461,/ztf/archive/sci/2020/0612/251620/ztf_20200612251620_000430_zr_c09_o_q4_scimrefdiffimg.fits.fz,Kulkarni,1,1258,35,430,26.332199096679688,2.1484199805854587e-06,0.020834999158978462,0.09127829968929291,4.800850092578912e-06,t17_f5_c3,1.258251623515015e+18,t,15.0,421.7959899902344,2065.6201171875,245.4391404,-2.2892707,16.596200942993164,0.027483999729156494,111.40899658203125,16.572900772094727,0.013299999758601189,3.6463398933410645,18.131999969482422,0.020999999716877937,0.675000011920929,-0.01600000075995922,0.7104920148849487,-0.023322999477386475,1.9500000476837158,0.9919999837875366,421.7959899902344,4.113110065460205,1.1570199728012085,0.6859999895095825,0.625,0.3517949879169464,0.3205130100250244,1.097599983215332,0.0,0.0,0.8557140231132507,1.0,16.574399948120117,0.016100000590085983,245.4396257,-2.2883668,97.3363,ZTF20aavzffg
2459015.8156829,2,1261315684615,20.231300354003906,/ztf/archive/sci/2020/0615/315637/ztf_20200615315637_000431_zr_c12_o_q3_scimrefdiffimg.fits.fz,Kulkarni,1,1261,46,431,26.263099670410156,2.305009957126458e-06,0.020495500415563583,0.09173420071601868,5.088750185677782e-06,t17_f5_c3,1.261315684615015e+18,t,16.0,2759.6298828125,2122.22998046875,245.4391563,-2.2892833,16.66510009765625,0.04291800037026405,47.079498291015625,16.664899826049805,0.016599999740719795,3.6310501098632812,18.131000518798828,0.01899999938905239,0.7139999866485596,0.0010000000474974513,-0.3445490002632141,-0.0001849999971454963,2.700000047683716,0.9860000014305115,312.8659973144531,3.5664000511169434,1.0059200525283813,0.8790000081062317,0.7300000190734863,0.3255560100078583,0.2703700065612793,1.204110026359558,3.0,0.0,0.7771430015563965,0.9955970048904419,16.668399810791016,0.020500000566244125,245.439603,-2.2883651,66.4984,ZTF20aavzffg
2459016.8354282,1,1262335423515,20.10580062866211,/ztf/archive/sci/2020/0616/335185/ztf_20200616335185_000430_zg_c09_o_q4_scimrefdiffimg.fits.fz,Kulkarni,1,1262,35,430,25.732099533081055,2.3432499801856466e-05,0.06986869871616364,-0.07816000282764435,5.1802500820485875e-05,t17_f5_c3,1.262335423515015e+18,t,18.0,415.7980041503906,2064.840087890625,245.4391253,-2.2892649,17.61009979248047,0.04832100123167038,6.34414005279541,17.5846004486084,0.04340000078082085,3.6607799530029297,18.757999420166016,0.020999999716877937,0.652999997138977,-0.0430000014603138,-0.3006590008735657,-0.025471000000834465,2.0799999237060547,0.984000027179718,415.7980041503906,2.5211598873138428,1.182569980621338,0.753000020980835,0.7099999785423279,0.36201900243759155,0.34134599566459656,1.0605599880218506,0.0,0.0,0.9342859983444214,1.0,17.57040023803711,0.05380000174045563,245.43963,-2.2883671,46.5979,ZTF20aavzffg
2459019.7312269,2,1265231223515,20.702499389648438,/ztf/archive/sci/2020/0619/231181/ztf_20200619231181_000430_zr_c09_o_q4_scimrefdiffimg.fits.fz,Kulkarni,1,1265,35,430,26.280799865722656,2.830010089382995e-06,0.024067500606179237,0.0888935998082161,6.314160145848291e-06,t17_f5_c3,1.265231223515015e+18,1,9.0,420.6969909667969,2081.77001953125,245.4391528,-2.2892771,16.731800079345703,0.02978700026869774,80.22090148925781,16.692899703979492,0.014700000174343586,3.6405999660491943,18.131999969482422,0.020999999716877937,0.675000011920929,-0.01600000075995922,0.30957600474357605,-0.0389069989323616,1.8200000524520874,0.9990000128746033,420.6969909667969,4.0096001625061035,1.2365800142288208,0.6600000262260437,0.6370000243186951,0.3626370131969452,0.3499999940395355,1.0361100435256958,0.0,0.0,0.8642860054969788,1.0,16.682300567626953,0.01769999973475933,245.4396257,-2.2883668,66.9869,ZTF20aavzffg
2459019.7312269,2,1265231223515,20.702499389648438,/ztf/archive/sci/2020/0619/231181/ztf_20200619231181_000430_zr_c09_o_q4_scimrefdiffimg.fits.fz,Kulkarni,1,1265,35,430,26.280799865722656,2.830010089382995e-06,0.024067500606179237,0.0888935998082161,6.314160145848291e-06,t17_f5_c3,1.265231223515015e+18,t,9.0,420.6969909667969,2081.77001953125,245.4391528,-2.2892771,16.731800079345703,0.02978700026869774,80.22090148925781,16.692899703979492,0.014700000174343586,3.6405999660491943,18.131999969482422,0.020999999716877937,0.675000011920929,-0.01600000075995922,0.30957600474357605,-0.0389069989323616,1.8200000524520874,0.9990000128746033,420.6969909667969,4.0096001625061035,1.2365800142288208,0.6600000262260437,0.6370000243186951,0.3626370131969452,0.3499999940395355,1.0361100435256958,0.0,0.0,0.8642860054969788,1.0,16.682300567626953,0.01769999973475933,245.4396257,-2.2883668,66.9869,ZTF20aavzffg
2459019.7523495,1,1265252343515,20.761600494384766,/ztf/archive/sci/2020/0619/252303/ztf_20200619252303_000430_zg_c09_o_q4_scimrefdiffimg.fits.fz,Kulkarni,1,1265,35,430,26.250999450683594,9.378330105391797e-06,0.04409579932689667,-0.08104170113801956,2.0803399820579216e-05,t17_f5_c3,1.265252343515015e+18,t,24.0,439.76300048828125,2085.239990234375,245.4391379,-2.2892763,17.642000198364258,0.047579001635313034,13.107999801635742,17.597700119018555,0.026499999687075615,3.668879985809326,18.757999420166016,0.020999999716877937,0.652999997138977,-0.0430000014603138,0.42236000299453735,-0.044266000390052795,2.2300000190734863,0.9829999804496765,439.76300048828125,3.1638500690460205,1.1122000217437744,0.7760000228881836,0.7480000257492065,0.3479819893836975,0.33542600274086,1.0374300479888916,1.0,0.0,0.9271429777145386,1.0,17.60759925842285,0.032999999821186066,245.43963,-2.2883671,53.0439,ZTF20aavzffg
2459022.6989236,1,1268198923515,20.600000381469727,/ztf/archive/sci/2020/0622/198681/ztf_20200622198681_000430_zg_c09_o_q4_scimrefdiffimg.fits.fz,Kulkarni,1,1268,35,430,26.271099090576172,8.53769961395301e-06,0.042304299771785736,-0.0710097998380661,1.8860799173125997e-05,t17_f5_c3,1.268198923515015e+18,1,11.0,455.54400634765625,2083.27001953125,245.4391282,-2.2892866,17.624099731445312,0.04874100163578987,24.14929962158203,17.56399917602539,0.02669999934732914,3.7210299968719482,18.757999420166016,0.020999999716877937,0.652999997138977,-0.0430000014603138,-0.11821699887514114,-0.060095999389886856,2.609999895095825,0.9860000014305115,455.54400634765625,3.0360400676727295,1.034350037574768,0.9020000100135803,0.8450000286102295,0.34559398889541626,0.3237549960613251,1.0674599409103394,0.0,0.0,0.8971430063247681,1.0,17.57550048828125,0.033399999141693115,245.43963,-2.2883671,51.8663,ZTF20aavzffg
2459018.8365394,1,1264336534615,20.510000228881836,/ztf/archive/sci/2020/0618/336493/ztf_20200618336493_000431_zg_c12_o_q3_scimrefdiffimg.fits.fz,Kulkarni,1,1264,46,431,26.285499572753906,4.6917598410800565e-06,0.02954839915037155,-0.03883950039744377,1.031420015351614e-05,t17_f5_c3,1.264336534615015e+18,t,39.0,2747.77001953125,2102.760009765625,245.4391384,-2.2892776,17.638500213623047,0.04778699949383736,8.077190399169922,17.693199157714844,0.030300000682473183,2.382280111312866,21.795000076293945,0.13099999725818634,0.4790000021457672,0.026000000536441803,-0.09323900192975998,0.05472400039434433,2.440000057220459,0.984000027179718,324.7279968261719,2.8168299198150635,1.1688899993896484,0.8820000290870667,0.7720000147819519,0.36147499084472656,0.3163929879665375,1.142490029335022,0.0,0.0,0.9271429777145386,1.0,17.69809913635254,0.03790000081062317,245.4397281,-2.2895944,63.0306,ZTF20aavzffg
2459024.7447917,2,1270244794615,19.511600494384766,/ztf/archive/sci/2020/0624/244792/ztf_20200624244792_000431_zr_c12_o_q3_scimrefdiffimg.fits.fz,Kulkarni,1,1270,46,431,25.43869972229004,9.674500324763358e-05,0.13468900322914124,0.040396299213171005,0.000211132995900698,t17_f5_c3,1.2702447946150152e+18,1,127.0,2778.169921875,2097.75,245.4391438,-2.2892691,17.008699417114258,0.0432559996843338,11.944000244140625,17.117300033569336,0.05180000141263008,3.605180025100708,18.131000518798828,0.01899999938905239,0.7139999866485596,0.0010000000474974513,-3.230370044708252,0.10857100039720535,1.7699999809265137,0.9890000224113464,294.3340148925781,2.3942699432373047,1.2539499998092651,0.6209999918937683,0.5370000004768372,0.3508470058441162,0.3033899962902069,1.1564199924468994,1.0,0.0,0.800000011920929,1.0,17.166400909423828,0.06859999895095825,245.439603,-2.2883651,25.0369,ZTF20aavzffg
2459022.6989236,1,1268198923515,20.600000381469727,/ztf/archive/sci/2020/0622/198681/ztf_20200622198681_000430_zg_c09_o_q4_scimrefdiffimg.fits.fz,Kulkarni,1,1268,35,430,26.271099090576172,8.53769961395301e-06,0.042304299771785736,-0.0710097998380661,1.8860799173125997e-05,t17_f5_c3,1.268198923515015e+18,t,11.0,455.54400634765625,2083.27001953125,245.4391282,-2.2892866,17.624099731445312,0.04874100163578987,24.14929962158203,17.56399917602539,0.02669999934732914,3.7210299968719482,18.757999420166016,0.020999999716877937,0.652999997138977,-0.0430000014603138,-0.11821699887514114,-0.060095999389886856,2.609999895095825,0.9860000014305115,455.54400634765625,3.0360400676727295,1.034350037574768,0.9020000100135803,0.8450000286102295,0.34559398889541626,0.3237549960613251,1.0674599409103394,0.0,0.0,0.8971430063247681,1.0,17.57550048828125,0.033399999141693115,245.43963,-2.2883671,51.8663,ZTF20aavzffg
2459022.7302662,2,1268230263515,20.70549964904785,/ztf/archive/sci/2020/0622/229711/ztf_20200622229711_000430_zr_c09_o_q4_scimrefdiffimg.fits.fz,Kulkarni,1,1268,35,430,26.315799713134766,2.818280108840554e-06,0.023759199306368828,0.09059970080852509,6.329450116027147e-06,t17_f5_c3,1.268230263515015e+18,t,17.0,418.9490051269531,2066.260009765625,245.4391439,-2.289265,16.7637996673584,0.030969999730587006,26.34749984741211,16.735200881958008,0.014700000174343586,3.6216399669647217,18.131999969482422,0.020999999716877937,0.675000011920929,-0.01600000075995922,0.39534899592399597,-0.02862600050866604,1.7999999523162842,0.984000027179718,418.9490051269531,3.9703400135040283,1.3082200288772583,0.7009999752044678,0.6740000247955322,0.3894439935684204,0.37444400787353516,1.040060043334961,3.0,0.0,0.8742859959602356,0.9937120079994202,16.742700576782227,0.017899999395012856,245.4396257,-2.2883668,42.6806,ZTF20aavzffg
2459024.7447917,2,1270244794615,19.511600494384766,/ztf/archive/sci/2020/0624/244792/ztf_20200624244792_000431_zr_c12_o_q3_scimrefdiffimg.fits.fz,Kulkarni,1,1270,46,431,25.43869972229004,9.674500324763358e-05,0.13468900322914124,0.040396299213171005,0.000211132995900698,t17_f5_c3,1.2702447946150152e+18,t,127.0,2778.169921875,2097.75,245.4391438,-2.2892691,17.008699417114258,0.0432559996843338,11.944000244140625,17.117300033569336,0.05180000141263008,3.605180025100708,18.131000518798828,0.01899999938905239,0.7139999866485596,0.0010000000474974513,-3.230370044708252,0.10857100039720535,1.7699999809265137,0.9890000224113464,294.3340148925781,2.3942699432373047,1.2539499998092651,0.6209999918937683,0.5370000004768372,0.3508470058441162,0.3033899962902069,1.1564199924468994,1.0,0.0,0.800000011920929,1.0,17.166400909423828,0.06859999895095825,245.439603,-2.2883651,25.0369,ZTF20aavzffg
2459024.7920023,1,1270292004615,20.04210090637207,/ztf/archive/sci/2020/0624/292002/ztf_20200624292002_000431_zg_c12_o_q3_scimrefdiffimg.fits.fz,Kulkarni,1,1270,46,431,25.658700942993164,1.0547099918767344e-05,0.044266000390052795,-0.04687349870800972,2.3096099539543502e-05,t17_f5_c3,1.270292004615015e+18,t,37.0,2767.360107421875,2097.989990234375,245.4391517,-2.2892651,17.58970069885254,0.04501599818468094,9.185110092163086,17.56060028076172,0.04540000110864639,2.3587698936462402,21.795000076293945,0.13099999725818634,0.4790000021457672,0.026000000536441803,1.2523499727249146,-0.029072999954223633,2.0799999237060547,0.9829999804496765,305.13800048828125,2.4815399646759033,1.168910026550293,0.7200000286102295,0.6779999732971191,0.34615400433540344,0.32596200704574585,1.0619499683380127,0.0,0.0,0.9328569769859314,1.0,17.56130027770996,0.057100001722574234,245.4397281,-2.2895944,32.8141,ZTF20aavzffg
2459027.7257176,1,1273225714615,20.211599349975586,/ztf/archive/sci/2020/0627/225706/ztf_20200627225706_000431_zg_c12_o_q3_scimrefdiffimg.fits.fz,Kulkarni,1,1273,46,431,26.149200439453125,4.522500148596009e-06,0.029030200093984604,-0.05201059952378273,9.869379937299527e-06,t17_f5_c3,1.273225714615015e+18,1,14.0,2766.1201171875,2099.889892578125,245.439145,-2.2892717,17.746200561523438,0.04533400014042854,2.725529909133911,17.726299285888672,0.043299999088048935,2.3679399490356445,21.795000076293945,0.13099999725818634,0.4790000021457672,0.026000000536441803,-0.11376699805259705,-0.019891999661922455,1.9900000095367432,0.984000027179718,306.37799072265625,2.485260009765625,1.2514400482177734,0.7129999995231628,0.7070000171661377,0.35829100012779236,0.3552759885787964,1.008489966392517,0.0,0.0,0.947143018245697,1.0,17.656400680541992,0.05130000039935112,245.4397281,-2.2895944,35.8249,ZTF20aavzffg
2459025.729919,1,1271229913515,20.375,/ztf/archive/sci/2020/0625/229884/ztf_20200625229884_000430_zg_c09_o_q4_scimrefdiffimg.fits.fz,Kulkarni,1,1271,35,430,25.877899169921875,1.5739900845801458e-05,0.057158999145030975,-0.075901098549366,3.473780088825151e-05,t17_f5_c3,1.271229913515015e+18,t,13.0,422.75799560546875,2032.9599609375,245.4391276,-2.2892788,17.702899932861328,0.06247200071811676,8.631629943847656,17.717500686645508,0.04089999943971634,3.698780059814453,18.757999420166016,0.020999999716877937,0.652999997138977,-0.0430000014603138,-0.09708499908447266,0.014632999897003174,2.2200000286102295,0.9819999933242798,422.75799560546875,2.6575400829315186,1.0631300210952759,0.7369999885559082,0.7129999995231628,0.33198198676109314,0.32117098569869995,1.0336600542068481,1.0,0.0,0.9285709857940674,1.0,17.734699249267578,0.052000001072883606,245.43963,-2.2883671,39.175,ZTF20aavzffg
2459028.6992245,1,1274199223515,19.89550018310547,/ztf/archive/sci/2020/0628/198981/ztf_20200628198981_000430_zg_c09_o_q4_scimrefdiffimg.fits.fz,Kulkarni,1,1274,35,430,26.228300094604492,6.537919944094028e-06,0.03654149919748306,-0.034244801849126816,1.4624500181525946e-05,t17_f5_c3,1.274199223515015e+18,1,14.0,463.27398681640625,2132.56005859375,245.4391244,-2.2892992,17.76129913330078,0.057530999183654785,6.0331501960754395,17.729000091552734,0.04839999973773956,3.7619800567626953,18.757999420166016,0.020999999716877937,0.652999997138977,-0.0430000014603138,-0.25528499484062195,-0.03225899860262871,3.1500000953674316,0.9810000061988831,463.27398681640625,2.1665101051330566,0.924901008605957,1.0449999570846558,0.8830000162124634,0.33174601197242737,0.2803170084953308,1.1834700107574463,0.0,0.0,0.8014289736747742,1.0,17.72439956665039,0.06109999865293503,245.43963,-2.2883671,36.2678,ZTF20aavzffg
2459028.6992245,1,1274199223515,19.89550018310547,/ztf/archive/sci/2020/0628/198981/ztf_20200628198981_000430_zg_c09_o_q4_scimrefdiffimg.fits.fz,Kulkarni,1,1274,35,430,26.228300094604492,6.537919944094028e-06,0.03654149919748306,-0.034244801849126816,1.4624500181525946e-05,t17_f5_c3,1.274199223515015e+18,t,14.0,463.27398681640625,2132.56005859375,245.4391244,-2.2892992,17.76129913330078,0.057530999183654785,6.0331501960754395,17.729000091552734,0.04839999973773956,3.7619800567626953,18.757999420166016,0.020999999716877937,0.652999997138977,-0.0430000014603138,-0.25528499484062195,-0.03225899860262871,3.1500000953674316,0.9810000061988831,463.27398681640625,2.1665101051330566,0.924901008605957,1.0449999570846558,0.8830000162124634,0.33174601197242737,0.2803170084953308,1.1834700107574463,0.0,0.0,0.8014289736747742,1.0,17.72439956665039,0.06109999865293503,245.43963,-2.2883671,36.2678,ZTF20aavzffg
2459028.7107407,2,1274210743515,19.963499069213867,/ztf/archive/sci/2020/0628/210498/ztf_20200628210498_000430_zr_c09_o_q4_scimrefdiffimg.fits.fz,Kulkarni,1,1274,35,430,26.276500701904297,2.8139400001236936e-06,0.024007100611925125,0.09525679796934128,6.261710041144397e-06,t17_f5_c3,1.274210743515015e+18,t,12.0,453.26300048828125,2132.159912109375,245.4391364,-2.2892982,16.988500595092773,0.03543400019407272,6.9865498542785645,16.96109962463379,0.024800000712275505,3.7372500896453857,18.131999969482422,0.020999999716877937,0.675000011920929,-0.01600000075995922,0.4445970058441162,-0.02742600068449974,2.9200000762939453,0.9829999804496765,453.26300048828125,3.002379894256592,0.9629989862442017,1.031000018119812,0.8379999995231628,0.35308200120925903,0.28698599338531494,1.2303099632263184,1.0,0.0,0.6671429872512817,1.0,16.925100326538086,0.03009999915957451,245.4396257,-2.2883668,29.035,ZTF20aavzffg
2459027.7257176,1,1273225714615,20.211599349975586,/ztf/archive/sci/2020/0627/225706/ztf_20200627225706_000431_zg_c12_o_q3_scimrefdiffimg.fits.fz,Kulkarni,1,1273,46,431,26.149200439453125,4.522500148596009e-06,0.029030200093984604,-0.05201059952378273,9.869379937299527e-06,t17_f5_c3,1.273225714615015e+18,t,14.0,2766.1201171875,2099.889892578125,245.439145,-2.2892717,17.746200561523438,0.04533400014042854,2.725529909133911,17.726299285888672,0.043299999088048935,2.3679399490356445,21.795000076293945,0.13099999725818634,0.4790000021457672,0.026000000536441803,-0.11376699805259705,-0.019891999661922455,1.9900000095367432,0.984000027179718,306.37799072265625,2.485260009765625,1.2514400482177734,0.7129999995231628,0.7070000171661377,0.35829100012779236,0.3552759885787964,1.008489966392517,0.0,0.0,0.947143018245697,1.0,17.656400680541992,0.05130000039935112,245.4397281,-2.2895944,35.8249,ZTF20aavzffg
2459027.7896412,2,1273289644615,20.041000366210938,/ztf/archive/sci/2020/0627/289641/ztf_20200627289641_000431_zr_c12_o_q3_scimrefdiffimg.fits.fz,Kulkarni,1,1273,46,431,26.17620086669922,2.246410076622851e-06,0.020251600071787834,0.09308689832687378,4.921590061712777e-06,t17_f5_c3,1.273289644615015e+18,t,8.0,2767.550048828125,2096.31005859375,245.4391594,-2.2892808,16.967199325561523,0.06087300181388855,40.90729904174805,16.942699432373047,0.02410000003874302,3.6138699054718018,18.131000518798828,0.01899999938905239,0.7139999866485596,0.0010000000474974513,-0.6993820071220398,-0.024462999776005745,2.5999999046325684,0.9959999918937683,304.9519958496094,3.098289966583252,1.0347299575805664,0.890999972820282,0.7319999933242798,0.34269198775291443,0.2815380096435547,1.217210054397583,2.0,0.0,0.7957140207290649,0.9977359771728516,16.946800231933594,0.030300000682473183,245.439603,-2.2883651,64.7808,ZTF20aavzffg
2459033.689919,1,1279189913515,19.078500747680664,/ztf/archive/sci/2020/0703/189919/ztf_20200703189919_000430_zg_c09_o_q4_scimrefdiffimg.fits.fz,Kulkarni,1,1279,35,430,26.314300537109375,1.4313100109575316e-05,0.041259799152612686,-0.03562749922275543,3.5066499549429864e-05,t17_f5_c3,1.279189913515015e+18,t,6.0,440.302001953125,2087.919921875,245.4391658,-2.2892806,17.900299072265625,0.07207600027322769,1.605929970741272,17.896299362182617,0.11230000108480453,3.6429600715637207,18.757999420166016,0.020999999716877937,0.652999997138977,-0.0430000014603138,0.30963999032974243,-0.0039610001258552074,2.8299999237060547,0.9829999804496765,440.302001953125,1.1822199821472168,1.0371099710464478,0.953000009059906,0.8939999938011169,0.33674898743629456,0.3159010112285614,1.065999984741211,0.0,0.0,0.8857139945030212,1.0,17.94420051574707,0.15049999952316284,245.43963,-2.2883671,21.6077,ZTF20aavzffg
2459033.7095602,1,1279209564615,19.256900787353516,/ztf/archive/sci/2020/0703/208970/ztf_20200703208970_000431_zg_c12_o_q3_scimrefdiffimg.fits.fz,Kulkarni,1,1279,46,431,26.347400665283203,1.1679199815262109e-05,0.038327500224113464,-0.057573698461055756,2.864499947463628e-05,t17_f5_c3,1.279209564615015e+18,t,7.0,2742.570068359375,2109.47998046875,245.4391184,-2.2892946,17.89539909362793,0.08608199656009674,4.325109958648682,17.858800888061523,0.10180000215768814,2.4139699935913086,21.795000076293945,0.13099999725818634,0.4790000021457672,0.026000000536441803,-1.572759985923767,-0.036628998816013336,2.509999990463257,0.984000027179718,329.927001953125,1.3981200456619263,1.058650016784668,0.8429999947547913,0.7720000147819519,0.33585700392723083,0.3075700104236603,1.0919699668884277,3.0,0.0,0.9285709857940674,0.9990100264549255,17.71980094909668,0.11490000039339066,245.4397281,-2.2895944,24.8799,ZTF20aavzffg
2459036.7147454,1,1282214743515,19.53619956970215,/ztf/archive/sci/2020/0706/214745/ztf_20200706214745_000430_zg_c09_o_q4_scimrefdiffimg.fits.fz,Kulkarni,1,1282,35,430,26.323200225830078,8.157269803632516e-06,0.0393035002052784,-0.03840019926428795,1.870989945018664e-05,t17_f5_c3,1.282214743515015e+18,1,7.0,428.66900634765625,2077.89990234375,245.4391493,-2.2892684,17.899200439453125,0.06286200135946274,3.0308899879455566,18.042299270629883,0.09399999678134918,3.633699893951416,18.757999420166016,0.020999999716877937,0.652999997138977,-0.0430000014603138,-0.048930998891592026,0.14308899641036987,2.7799999713897705,0.984000027179718,428.66900634765625,1.4938900470733643,0.9583950042724609,0.7940000295639038,0.7559999823570251,0.28561198711395264,0.27194198966026306,1.0502599477767944,0.0,0.0,0.9157140254974365,1.0,18.101600646972656,0.12690000236034393,245.43963,-2.2883671,31.0476,ZTF20aavzffg
2459036.7152199,1,1282215214615,19.67799949645996,/ztf/archive/sci/2020/0706/215220/ztf_20200706215220_000431_zg_c12_o_q3_scimrefdiffimg.fits.fz,Kulkarni,1,1282,46,431,26.356800079345703,8.673169759276789e-06,0.03864689916372299,-0.05498969927430153,1.9662100385176018e-05,t17_f5_c3,1.282215214615015e+18,1,10.0,2757.889892578125,2114.280029296875,245.4391336,-2.2892638,17.93079948425293,0.059765998274087906,2.7030398845672607,18.04159927368164,0.0860000029206276,2.4169600009918213,21.795000076293945,0.13099999725818634,0.4790000021457672,0.026000000536441803,-0.30511701107025146,0.11081899702548981,2.0,0.984000027179718,314.6130065917969,1.6363699436187744,1.2801899909973145,0.7149999737739563,0.6949999928474426,0.35749998688697815,0.3474999964237213,1.0287799835205078,2.0,0.0,0.9557139873504639,1.0,17.980300903320312,0.10400000214576721,245.4397281,-2.2895944,27.9651,ZTF20aavzffg
2459036.7152199,1,1282215214615,19.67799949645996,/ztf/archive/sci/2020/0706/215220/ztf_20200706215220_000431_zg_c12_o_q3_scimrefdiffimg.fits.fz,Kulkarni,1,1282,46,431,26.356800079345703,8.673169759276789e-06,0.03864689916372299,-0.05498969927430153,1.9662100385176018e-05,t17_f5_c3,1.282215214615015e+18,t,10.0,2757.889892578125,2114.280029296875,245.4391336,-2.2892638,17.93079948425293,0.059765998274087906,2.7030398845672607,18.04159927368164,0.0860000029206276,2.4169600009918213,21.795000076293945,0.13099999725818634,0.4790000021457672,0.026000000536441803,-0.30511701107025146,0.11081899702548981,2.0,0.984000027179718,314.6130065917969,1.6363699436187744,1.2801899909973145,0.7149999737739563,0.6949999928474426,0.35749998688697815,0.3474999964237213,1.0287799835205078,2.0,0.0,0.9557139873504639,1.0,17.980300903320312,0.10400000214576721,245.4397281,-2.2895944,27.9651,ZTF20aavzffg
2459036.7748264,2,1282274824615,19.584400177001953,/ztf/archive/sci/2020/0706/274826/ztf_20200706274826_000431_zr_c12_o_q3_scimrefdiffimg.fits.fz,Kulkarni,1,1282,46,431,26.34749984741211,4.324030214775121e-06,0.028004400432109833,0.09599459916353226,9.62193007580936e-06,t17_f5_c3,1.282274824615015e+18,t,6.0,2730.570068359375,2113.360107421875,245.4391533,-2.2893019,17.23349952697754,0.06055999919772148,15.048700332641602,17.21649932861328,0.041099999099969864,3.6962599754333496,18.131000518798828,0.01899999938905239,0.7139999866485596,0.0010000000474974513,-0.999813973903656,-0.017030000686645508,2.609999895095825,0.9950000047683716,341.9320068359375,2.36788010597229,1.0782400369644165,0.9290000200271606,0.7509999871253967,0.35593900084495544,0.28773900866508484,1.2370200157165527,1.0,0.0,0.7342860102653503,1.0,17.19930076599121,0.051500000059604645,245.439603,-2.2883651,49.1042,ZTF20aavzffg
2459036.7147454,1,1282214743515,19.53619956970215,/ztf/archive/sci/2020/0706/214745/ztf_20200706214745_000430_zg_c09_o_q4_scimrefdiffimg.fits.fz,Kulkarni,1,1282,35,430,26.323200225830078,8.157269803632516e-06,0.0393035002052784,-0.03840019926428795,1.870989945018664e-05,t17_f5_c3,1.282214743515015e+18,t,7.0,428.66900634765625,2077.89990234375,245.4391493,-2.2892684,17.899200439453125,0.06286200135946274,3.0308899879455566,18.042299270629883,0.09399999678134918,3.633699893951416,18.757999420166016,0.020999999716877937,0.652999997138977,-0.0430000014603138,-0.048930998891592026,0.14308899641036987,2.7799999713897705,0.984000027179718,428.66900634765625,1.4938900470733643,0.9583950042724609,0.7940000295639038,0.7559999823570251,0.28561198711395264,0.27194198966026306,1.0502599477767944,0.0,0.0,0.9157140254974365,1.0,18.101600646972656,0.12690000236034393,245.43963,-2.2883671,31.0476,ZTF20aavzffg
2459036.7743634,2,1282274363515,19.653799057006836,/ztf/archive/sci/2020/0706/274363/ztf_20200706274363_000430_zr_c09_o_q4_scimrefdiffimg.fits.fz,Kulkarni,1,1282,35,430,26.346599578857422,2.567750016169157e-06,0.022697800770401955,0.0830456018447876,5.780979790870333e-06,t17_f5_c3,1.282274363515015e+18,t,9.0,395.7980041503906,2073.10009765625,245.4391583,-2.2892825,17.182600021362305,0.03842899948358536,5.144390106201172,17.169300079345703,0.041200000792741776,3.6548500061035156,18.131999969482422,0.020999999716877937,0.675000011920929,-0.01600000075995922,-1.9222099781036377,-0.01332200039178133,1.909999966621399,0.984000027179718,395.7980041503906,2.4845199584960938,1.315750002861023,0.7400000095367432,0.6919999718666077,0.3874349892139435,0.3623040020465851,1.0693600177764893,3.0,0.0,0.88857102394104,1.0,17.104799270629883,0.0494999997317791,245.4396257,-2.2883668,35.2854,ZTF20aavzffg
2459039.693044,1,1285193044615,20.780099868774414,/ztf/archive/sci/2020/0709/193044/ztf_20200709193044_000431_zg_c12_o_q3_scimrefdiffimg.fits.fz,Kulkarni,1,1285,46,431,26.342599868774414,3.1809900065127295e-06,0.02429869957268238,-0.06191819906234741,6.94324990035966e-06,t17_f5_c3,1.285193044615015e+18,1,19.0,2778.6201171875,2102.89990234375,245.4391417,-2.2892683,17.963600158691406,0.05135200172662735,15.610300064086914,17.962600708007812,0.035100001841783524,2.3854598999023438,21.795000076293945,0.13099999725818634,0.4790000021457672,0.026000000536441803,-0.4975529909133911,-0.0010489999549463391,2.0299999713897705,0.9850000143051147,293.88299560546875,2.8174901008605957,1.2230199575424194,0.7020000219345093,0.6690000295639038,0.34581300616264343,0.32955700159072876,1.0493299961090088,0.0,0.0,0.9442859888076782,1.0,17.950300216674805,0.043299999088048935,245.4397281,-2.2895944,42.0462,ZTF20aavzffg
2459039.6935185,1,1285193513515,20.738300323486328,/ztf/archive/sci/2020/0709/193519/ztf_20200709193519_000430_zg_c09_o_q4_scimrefdiffimg.fits.fz,Kulkarni,1,1285,35,430,26.30340003967285,6.2204298956203274e-06,0.035941898822784424,-0.0671095997095108,1.3742899682256393e-05,t17_f5_c3,1.285193513515015e+18,t,15.0,452.5780029296875,2066.840087890625,245.4391265,-2.2892772,17.953399658203125,0.06274300068616867,22.946399688720703,17.86590003967285,0.03440000116825104,3.6915500164031982,18.757999420166016,0.020999999716877937,0.652999997138977,-0.0430000014603138,0.30899500846862793,-0.08746200054883957,2.0299999713897705,1.0,452.5780029296875,2.872450113296509,1.173140048980713,0.7310000061988831,0.722000002861023,0.3600989878177643,0.355664998292923,1.012470006942749,1.0,0.0,0.9214289784431458,1.0,17.872100830078125,0.04309999942779541,245.43963,-2.2883671,47.0645,ZTF20aavzffg
2459042.6946644,1,1288194663515,20.621400833129883,/ztf/archive/sci/2020/0712/194664/ztf_20200712194664_000430_zg_c09_o_q4_scimrefdiffimg.fits.fz,Kulkarni,1,1288,35,430,26.212600708007812,6.231479801499518e-06,0.036020200699567795,-0.0624345988035202,1.3798599866277073e-05,t17_f5_c3,1.288194663515015e+18,1,13.0,452.84698486328125,2072.949951171875,245.439116,-2.2892787,18.01759910583496,0.06421799957752228,6.130509853363037,17.990400314331055,0.04170000180602074,3.7242300510406494,18.757999420166016,0.020999999716877937,0.652999997138977,-0.0430000014603138,-0.045722998678684235,-0.02721099928021431,2.109999895095825,0.9829999804496765,452.84698486328125,2.6310300827026367,1.1349200010299683,0.753000020980835,0.7200000286102295,0.35687199234962463,0.3412320017814636,1.0458300113677979,1.0,0.0,0.9242860078811646,1.0,18.056499481201172,0.055399999022483826,245.43963,-2.2883671,39.5206,ZTF20aavzffg
2459039.693044,1,1285193044615,20.780099868774414,/ztf/archive/sci/2020/0709/193044/ztf_20200709193044_000431_zg_c12_o_q3_scimrefdiffimg.fits.fz,Kulkarni,1,1285,46,431,26.342599868774414,3.1809900065127295e-06,0.02429869957268238,-0.06191819906234741,6.94324990035966e-06,t17_f5_c3,1.285193044615015e+18,t,19.0,2778.6201171875,2102.89990234375,245.4391417,-2.2892683,17.963600158691406,0.05135200172662735,15.610300064086914,17.962600708007812,0.035100001841783524,2.3854598999023438,21.795000076293945,0.13099999725818634,0.4790000021457672,0.026000000536441803,-0.4975529909133911,-0.0010489999549463391,2.0299999713897705,0.9850000143051147,293.88299560546875,2.8174901008605957,1.2230199575424194,0.7020000219345093,0.6690000295639038,0.34581300616264343,0.32955700159072876,1.0493299961090088,0.0,0.0,0.9442859888076782,1.0,17.950300216674805,0.043299999088048935,245.4397281,-2.2895944,42.0462,ZTF20aavzffg
2459039.7327778,2,1285232774615,20.355199813842773,/ztf/archive/sci/2020/0709/232766/ztf_20200709232766_000431_zr_c12_o_q3_scimrefdiffimg.fits.fz,Kulkarni,1,1285,46,431,26.322399139404297,1.9186500139767304e-06,0.018703000620007515,0.09384559839963913,4.241930128046079e-06,t17_f5_c3,1.285232774615015e+18,t,18.0,2747.260009765625,2112.719970703125,245.4391579,-2.2892693,17.22439956665039,0.04067299887537956,28.170900344848633,17.189599990844727,0.023800000548362732,3.5892701148986816,18.131000518798828,0.01899999938905239,0.7139999866485596,0.0010000000474974513,-0.1406259983778,-0.03478600084781647,2.4700000286102295,0.984000027179718,325.23699951171875,3.165640115737915,1.0948699712753296,0.8690000176429749,0.7480000257492065,0.35182198882102966,0.30283400416374207,1.1617599725723267,0.0,0.0,0.8471429944038391,1.0,17.177900314331055,0.02930000051856041,245.439603,-2.2883651,66.9594,ZTF20aavzffg
2459042.6946644,1,1288194663515,20.621400833129883,/ztf/archive/sci/2020/0712/194664/ztf_20200712194664_000430_zg_c09_o_q4_scimrefdiffimg.fits.fz,Kulkarni,1,1288,35,430,26.212600708007812,6.231479801499518e-06,0.036020200699567795,-0.0624345988035202,1.3798599866277073e-05,t17_f5_c3,1.288194663515015e+18,t,13.0,452.84698486328125,2072.949951171875,245.439116,-2.2892787,18.01759910583496,0.06421799957752228,6.130509853363037,17.990400314331055,0.04170000180602074,3.7242300510406494,18.757999420166016,0.020999999716877937,0.652999997138977,-0.0430000014603138,-0.045722998678684235,-0.02721099928021431,2.109999895095825,0.9829999804496765,452.84698486328125,2.6310300827026367,1.1349200010299683,0.753000020980835,0.7200000286102295,0.35687199234962463,0.3412320017814636,1.0458300113677979,1.0,0.0,0.9242860078811646,1.0,18.056499481201172,0.055399999022483826,245.43963,-2.2883671,39.5206,ZTF20aavzffg
2459042.7111111,2,1288211113515,20.461999893188477,/ztf/archive/sci/2020/0712/211100/ztf_20200712211100_000430_zr_c09_o_q4_scimrefdiffimg.fits.fz,Kulkarni,1,1288,35,430,26.260000228881836,2.2175299818627536e-06,0.021152500063180923,0.09164589643478394,4.9584300541027915e-06,t17_f5_c3,1.288211113515015e+18,t,12.0,444.35101318359375,2071.47998046875,245.439148,-2.2892653,17.333999633789062,0.042785998433828354,42.48429870605469,17.329299926757812,0.028200000524520874,3.61929988861084,18.131999969482422,0.020999999716877937,0.675000011920929,-0.01600000075995922,1.4521900415420532,-0.00469199987128377,2.140000104904175,0.9990000128746033,444.35101318359375,3.1327099800109863,1.0839600563049316,0.7170000076293945,0.6380000114440918,0.33504700660705566,0.29813098907470703,1.1238199472427368,3.0,0.0,0.8914290070533752,0.9568600058555603,17.346399307250977,0.0357000008225441,245.4396257,-2.2883668,67.4028,ZTF20aavzffg
2459042.7994097,1,1288299404615,20.122499465942383,/ztf/archive/sci/2020/0712/299387/ztf_20200712299387_000431_zg_c12_o_q3_scimrefdiffimg.fits.fz,Kulkarni,1,1288,46,431,26.146299362182617,4.975870069756638e-06,0.03050369955599308,-0.031170500442385674,1.0926600225502625e-05,t17_f5_c3,1.288299404615015e+18,t,9.0,2748.06005859375,2097.669921875,245.4391604,-2.2892741,17.96030044555664,0.059059999883174896,4.811970233917236,17.951000213623047,0.05040000006556511,2.315999984741211,21.795000076293945,0.13099999725818634,0.4790000021457672,0.026000000536441803,-0.06623300164937973,-0.00926399976015091,2.75,0.9829999804496765,324.4389953613281,2.1715500354766846,1.0403399467468262,0.906000018119812,0.8309999704360962,0.3294549882411957,0.30218198895454407,1.090250015258789,0.0,0.0,0.9414290189743042,1.0,17.900800704956055,0.0608999989926815,245.4397281,-2.2895944,39.9392,ZTF20aavzffg
2459045.7278935,2,1291227894615,20.443099975585938,/ztf/archive/sci/2020/0715/227882/ztf_20200715227882_000431_zr_c12_o_q3_scimrefdiffimg.fits.fz,Kulkarni,1,1291,46,431,26.310300827026367,1.9428800897003384e-06,0.018748100847005844,0.09028500318527222,4.285639988665935e-06,t17_f5_c3,1.291227894615015e+18,1,9.0,2746.719970703125,2107.919921875,245.4391608,-2.289284,17.34630012512207,0.052852001041173935,14.817899703979492,17.351699829101562,0.026599999517202377,3.6235599517822266,18.131000518798828,0.01899999938905239,0.7139999866485596,0.0010000000474974513,-0.708437979221344,0.005355000030249357,2.559999942779541,0.9990000128746033,325.78399658203125,3.0914499759674072,1.0201799869537354,0.8299999833106995,0.6959999799728394,0.3242189884185791,0.2718749940395355,1.1925300359725952,2.0,0.0,0.8500000238418579,1.0,17.3262996673584,0.03240000084042549,245.439603,-2.2883651,52.1111,ZTF20aavzffg
2459045.7278935,2,1291227894615,20.443099975585938,/ztf/archive/sci/2020/0715/227882/ztf_20200715227882_000431_zr_c12_o_q3_scimrefdiffimg.fits.fz,Kulkarni,1,1291,46,431,26.310300827026367,1.9428800897003384e-06,0.018748100847005844,0.09028500318527222,4.285639988665935e-06,t17_f5_c3,1.291227894615015e+18,t,9.0,2746.719970703125,2107.919921875,245.4391608,-2.289284,17.34630012512207,0.052852001041173935,14.817899703979492,17.351699829101562,0.026599999517202377,3.6235599517822266,18.131000518798828,0.01899999938905239,0.7139999866485596,0.0010000000474974513,-0.708437979221344,0.005355000030249357,2.559999942779541,0.9990000128746033,325.78399658203125,3.0914499759674072,1.0201799869537354,0.8299999833106995,0.6959999799728394,0.3242189884185791,0.2718749940395355,1.1925300359725952,2.0,0.0,0.8500000238418579,1.0,17.3262996673584,0.03240000084042549,245.439603,-2.2883651,52.1111,ZTF20aavzffg
2459045.7633796,1,1291263374615,20.766700744628906,/ztf/archive/sci/2020/0715/263380/ztf_20200715263380_000431_zg_c12_o_q3_scimrefdiffimg.fits.fz,Kulkarni,1,1291,46,431,26.311899185180664,3.3819699183368357e-06,0.025079600512981415,-0.058455199003219604,7.435729912685929e-06,t17_f5_c3,1.291263374615015e+18,t,16.0,2733.989990234375,2094.22998046875,245.4391469,-2.2892691,18.065900802612305,0.053293000906705856,4.507030010223389,18.077199935913086,0.039000000804662704,2.366849899291992,21.795000076293945,0.13099999725818634,0.4790000021457672,0.026000000536441803,-0.3780269920825958,0.011265999637544155,2.0299999713897705,0.9829999804496765,338.5060119628906,2.6895499229431152,1.2342499494552612,0.722000002861023,0.6859999895095825,0.355664998292923,0.3379310071468353,1.0524799823760986,0.0,0.0,0.945713996887207,1.0,18.108200073242188,0.05009999871253967,245.4397281,-2.2895944,32.9942,ZTF20aavzffg
2459045.690625,2,1291190623515,20.491100311279297,/ztf/archive/sci/2020/0715/190625/ztf_20200715190625_000430_zr_c09_o_q4_scimrefdiffimg.fits.fz,Kulkarni,1,1291,35,430,26.31599998474121,2.3917700673337094e-06,0.02207620069384575,0.08564700186252594,5.332719865691615e-06,t17_f5_c3,1.291190623515015e+18,t,17.0,446.8789978027344,2076.0,245.4391529,-2.289274,17.34600067138672,0.03790200129151344,6.448949813842773,17.319499969482422,0.027300000190734863,3.636850118637085,18.131999969482422,0.020999999716877937,0.675000011920929,-0.01600000075995922,0.776951014995575,-0.02653600089251995,1.8700000047683716,0.984000027179718,446.8789978027344,3.1716299057006836,1.2360899448394775,0.6930000185966492,0.675000011920929,0.3705880045890808,0.36096298694610596,1.026669979095459,4.0,0.0,0.9014289975166321,0.9888449907302856,17.328899383544922,0.034299999475479126,245.4396257,-2.2883668,36.6191,ZTF20aavzffg
2459048.6887847,2,1294188784615,20.65290069580078,/ztf/archive/sci/2020/0718/188229/ztf_20200718188229_000431_zr_c12_o_q3_scimrefdiffimg.fits.fz,Kulkarni,1,1294,46,431,26.324399948120117,2.1391599602793576e-06,0.019736099988222122,0.08054149895906448,4.735979928227607e-06,t17_f5_c3,1.294188784615015e+18,1,22.0,2736.35009765625,2105.2099609375,245.439151,-2.2892664,17.40239906311035,0.04815800115466118,28.83180046081543,17.38610076904297,0.025699999183416367,3.592740058898926,18.131000518798828,0.01899999938905239,0.7139999866485596,0.0010000000474974513,-0.7961040139198303,-0.01626800000667572,2.1700000762939453,0.9869999885559082,336.14898681640625,3.2668299674987793,1.0937800407409668,0.7139999866485596,0.625,0.3290320038795471,0.28801798820495605,1.1424000263214111,0.0,0.0,0.8814290165901184,1.0,17.39859962463379,0.03220000118017197,245.439603,-2.2883651,51.1034,ZTF20aavzffg
2459048.6897454,2,1294189743515,20.46380043029785,/ztf/archive/sci/2020/0718/189722/ztf_20200718189722_000430_zr_c09_o_q4_scimrefdiffimg.fits.fz,Kulkarni,1,1294,35,430,26.337299346923828,1.9140900349157164e-06,0.019696300849318504,0.08520220220088959,4.278950200387044e-06,t17_f5_c3,1.294189743515015e+18,t,15.0,410.52398681640625,2067.2900390625,245.439152,-2.289252,17.404300689697266,0.0490880012512207,54.18339920043945,17.36240005493164,0.029200000688433647,3.564069986343384,18.131999969482422,0.020999999716877937,0.675000011920929,-0.01600000075995922,0.8822659850120544,-0.04191200062632561,2.059999942779541,1.0,410.52398681640625,3.1013801097869873,1.095229983329773,0.6539999842643738,0.6309999823570251,0.3174760043621063,0.3063110113143921,1.0364500284194946,4.0,0.0,0.8671429753303528,0.927075982093811,17.365299224853516,0.03669999912381172,245.4396257,-2.2883668,36.8142,ZTF20aavzffg
2459051.6680903,1,1297168093515,19.777999877929688,/ztf/archive/sci/2020/0721/167488/ztf_20200721167488_000430_zg_c09_o_q4_scimrefdiffimg.fits.fz,Kulkarni,1,1297,35,430,26.27589988708496,6.7391902121016756e-06,0.03659290075302124,-0.033458299934864044,1.5268600691342726e-05,t17_f5_c3,1.297168093515015e+18,1,10.0,416.2820129394531,2065.820068359375,245.4391329,-2.2892978,18.123899459838867,0.05953599885106087,2.4036800861358643,18.08180046081543,0.07519999891519547,3.7500200271606445,18.757999420166016,0.020999999716877937,0.652999997138977,-0.0430000014603138,-0.28646600246429443,-0.04213400185108185,2.7799999713897705,0.9819999933242798,416.2820129394531,1.6961599588394165,1.0139199495315552,0.9120000004768372,0.8840000033378601,0.32805800437927246,0.31798601150512695,1.0316699743270874,1.0,0.0,0.9128569960594177,1.0,18.179899215698242,0.10480000078678131,245.43963,-2.2883671,29.7442,ZTF20aavzffg
2459048.6887847,2,1294188784615,20.65290069580078,/ztf/archive/sci/2020/0718/188229/ztf_20200718188229_000431_zr_c12_o_q3_scimrefdiffimg.fits.fz,Kulkarni,1,1294,46,431,26.324399948120117,2.1391599602793576e-06,0.019736099988222122,0.08054149895906448,4.735979928227607e-06,t17_f5_c3,1.294188784615015e+18,t,22.0,2736.35009765625,2105.2099609375,245.439151,-2.2892664,17.40239906311035,0.04815800115466118,28.83180046081543,17.38610076904297,0.025699999183416367,3.592740058898926,18.131000518798828,0.01899999938905239,0.7139999866485596,0.0010000000474974513,-0.7961040139198303,-0.01626800000667572,2.1700000762939453,0.9869999885559082,336.14898681640625,3.2668299674987793,1.0937800407409668,0.7139999866485596,0.625,0.3290320038795471,0.28801798820495605,1.1424000263214111,0.0,0.0,0.8814290165901184,1.0,17.39859962463379,0.03220000118017197,245.439603,-2.2883651,51.1034,ZTF20aavzffg
2459048.753044,1,1294253044615,20.602699279785156,/ztf/archive/sci/2020/0718/253009/ztf_20200718253009_000431_zg_c12_o_q3_scimrefdiffimg.fits.fz,Kulkarni,1,1294,46,431,26.319299697875977,3.6239600831322605e-06,0.025939900428056717,-0.05020739883184433,7.948980055516586e-06,t17_f5_c3,1.294253044615015e+18,t,8.0,2773.030029296875,2113.489990234375,245.4391401,-2.2892691,18.03030014038086,0.05255899950861931,10.96090030670166,18.057300567626953,0.04149999842047691,2.403480052947998,21.795000076293945,0.13099999725818634,0.4790000021457672,0.026000000536441803,-0.3142620027065277,0.026990000158548355,2.1600000858306885,0.9829999804496765,299.47198486328125,2.545380115509033,1.2046200037002563,0.7739999890327454,0.7400000095367432,0.3583329916000366,0.3425930142402649,1.0459500551223755,0.0,0.0,0.9485710263252258,1.0,18.118799209594727,0.054999999701976776,245.4397281,-2.2895944,39.573,ZTF20aavzffg
2459051.6680903,1,1297168093515,19.777999877929688,/ztf/archive/sci/2020/0721/167488/ztf_20200721167488_000430_zg_c09_o_q4_scimrefdiffimg.fits.fz,Kulkarni,1,1297,35,430,26.27589988708496,6.7391902121016756e-06,0.03659290075302124,-0.033458299934864044,1.5268600691342726e-05,t17_f5_c3,1.297168093515015e+18,t,10.0,416.2820129394531,2065.820068359375,245.4391329,-2.2892978,18.123899459838867,0.05953599885106087,2.4036800861358643,18.08180046081543,0.07519999891519547,3.7500200271606445,18.757999420166016,0.020999999716877937,0.652999997138977,-0.0430000014603138,-0.28646600246429443,-0.04213400185108185,2.7799999713897705,0.9819999933242798,416.2820129394531,1.6961599588394165,1.0139199495315552,0.9120000004768372,0.8840000033378601,0.32805800437927246,0.31798601150512695,1.0316699743270874,1.0,0.0,0.9128569960594177,1.0,18.179899215698242,0.10480000078678131,245.43963,-2.2883671,29.7442,ZTF20aavzffg
2459051.6897454,2,1297189743515,20.256500244140625,/ztf/archive/sci/2020/0721/189491/ztf_20200721189491_000430_zr_c09_o_q4_scimrefdiffimg.fits.fz,Kulkarni,1,1297,35,430,26.291900634765625,2.787870016618399e-06,0.023819399997591972,0.09611719846725464,6.226719960977789e-06,t17_f5_c3,1.297189743515015e+18,t,16.0,435.0589904785156,2078.31005859375,245.4391317,-2.2892848,17.4468994140625,0.03949100151658058,4.949460029602051,17.401100158691406,0.031099999323487282,3.706399917602539,18.131999969482422,0.020999999716877937,0.675000011920929,-0.01600000075995922,1.0997899770736694,-0.04584300145506859,2.369999885559082,0.9829999804496765,435.0589904785156,2.855410099029541,1.1151599884033203,0.8980000019073486,0.7860000133514404,0.37890300154685974,0.33164599537849426,1.142490029335022,1.0,0.0,0.8714290261268616,1.0,17.378700256347656,0.03819999843835831,245.4396257,-2.2883668,46.326,ZTF20aavzffg
2459064.6904398,1,1310190433515,18.94420051574707,/ztf/archive/sci/2020/0803/190440/ztf_20200803190440_000430_zg_c09_o_q4_scimrefdiffimg.fits.fz,Kulkarni,1,1310,35,430,26.168899536132812,1.706910006760154e-05,0.042849101126194,-0.03601919859647751,4.259089837432839e-05,t17_f5_c3,1.310190433515015e+18,1,6.0,414.45001220703125,2058.070068359375,245.4391593,-2.2893669,18.510900497436523,0.13109999895095825,1.1106300354003906,18.097900390625,0.15139999985694885,3.9230399131774902,18.757999420166016,0.020999999716877937,0.652999997138977,-0.0430000014603138,-1.579949975013733,-0.4129759967327118,4.320000171661377,0.9819999933242798,414.45001220703125,0.8463180065155029,0.6848639845848083,1.2350000143051147,1.1490000486373901,0.2858799993991852,0.26597198843955994,1.0748499631881714,3.0,0.0,0.4300000071525574,1.0,18.063899993896484,0.188400000333786,245.43963,-2.2883671,11.8015,ZTF20aavzffg
2459051.7423264,2,1297242324615,20.27720069885254,/ztf/archive/sci/2020/0721/242083/ztf_20200721242083_000431_zr_c12_o_q3_scimrefdiffimg.fits.fz,Kulkarni,1,1297,46,431,26.2731990814209,2.1244500203465577e-06,0.01964610069990158,0.08930599689483643,4.709219865617342e-06,t17_f5_c3,1.297242324615015e+18,t,6.0,2745.47998046875,2116.280029296875,245.4391484,-2.2892848,17.457199096679688,0.06072700023651123,21.694700241088867,17.460100173950195,0.031599998474121094,3.6491100788116455,18.131000518798828,0.01899999938905239,0.7139999866485596,0.0010000000474974513,-0.9833599925041199,0.0029009999707341194,2.5899999141693115,0.9879999756813049,327.0220031738281,2.8170599937438965,1.0531200170516968,0.8539999723434448,0.7260000109672546,0.32973000407218933,0.2803089916706085,1.1763099431991577,0.0,0.0,0.8628569841384888,1.0,17.447200775146484,0.03920000046491623,245.439603,-2.2883651,54.9262,ZTF20aavzffg
2459126.6030903,2,1372103093515,19.526899337768555,/ztf/archive/sci/2020/1004/103090/ztf_20201004103090_000430_zr_c09_o_q4_scimrefdiffimg.fits.fz,Prince,2,1372,35,430,26.174699783325195,3.443409923420404e-06,0.025554699823260307,0.08125050365924835,7.86020973464474e-06,t17_f5_c3,1.372103093515015e+18,1,5.0,408.7760009765625,2516.330078125,245.4391417,-2.2892735,18.82670021057129,0.10416900366544724,1.6414300203323364,18.637399673461914,0.18889999389648438,3.6528799533843994,18.131999969482422,0.020999999716877937,0.675000011920929,-0.01600000075995922,1.640529990196228,-0.18928900361061096,1.7799999713897705,0.984000027179718,408.7760009765625,0.8895419836044312,1.307770013809204,0.7979999780654907,0.7450000047683716,0.44831499457359314,0.41853898763656616,1.0711400508880615,4.0,0.0,0.8328570127487183,0.9265869855880737,18.70870018005371,0.25859999656677246,245.4396257,-2.2883668,14.7636,ZTF20aavzffg
2459126.6077778,2,1372107773515,19.696500778198242,/ztf/archive/sci/2020/1004/107766/ztf_20201004107766_000430_zr_c09_o_q4_scimrefdiffimg.fits.fz,Prince,2,1372,35,430,26.170499801635742,3.4931199479615316e-06,0.025733299553394318,0.09355039894580841,7.95582036516862e-06,t17_f5_c3,1.372107773515015e+18,1,3.0,399.927001953125,2514.320068359375,245.4391194,-2.2892521,18.708499908447266,0.1053759977221489,1.797659993171692,18.39590072631836,0.12359999865293503,3.6240999698638916,18.131999969482422,0.020999999716877937,0.675000011920929,-0.01600000075995922,0.5241339802742004,-0.3126330077648163,2.5199999809265137,0.9869999885559082,399.927001953125,1.3006199598312378,0.9842039942741394,0.8650000095367432,0.8130000233650208,0.3432539999485016,0.3226189911365509,1.0639599561691284,1.0,0.0,0.7885710000991821,1.0,18.271099090576172,0.1412000060081482,245.4396257,-2.2883668,18.3317,ZTF20aavzffg
2459126.6124421,2,1372112443515,19.908700942993164,/ztf/archive/sci/2020/1004/112442/ztf_20201004112442_000430_zr_c09_o_q4_scimrefdiffimg.fits.fz,Prince,2,1372,35,430,26.1560001373291,2.6236600660922704e-06,0.022296100854873657,0.08553290367126465,6.004539955029031e-06,t17_f5_c3,1.372112443515015e+18,1,7.0,393.33099365234375,2512.02001953125,245.4391463,-2.2892631,18.799999237060547,0.08529999852180481,2.2622299194335938,18.826099395751953,0.16599999368190765,3.6118199825286865,18.131999969482422,0.020999999716877937,0.675000011920929,-0.01600000075995922,0.7016000151634216,0.026093000546097755,1.7100000381469727,0.984000027179718,393.33099365234375,1.082610011100769,1.3308099508285522,0.6489999890327454,0.6290000081062317,0.37953200936317444,0.36783599853515625,1.0318000316619873,6.0,0.0,0.9028570055961609,0.9536049962043762,19.008800506591797,0.25119999051094055,245.4396257,-2.2883668,15.7798,ZTF20aavzffg
2459126.6171296,2,1372117123515,19.70560073852539,/ztf/archive/sci/2020/1004/117130/ztf_20201004117130_000430_zr_c09_o_q4_scimrefdiffimg.fits.fz,Prince,2,1372,35,430,26.15239906311035,3.091869984928053e-06,0.024256499484181404,0.08888199925422668,7.046970040391898e-06,t17_f5_c3,1.372117123515015e+18,1,2.0,384.8299865722656,2510.489990234375,245.4391282,-2.2892954,18.73040008544922,0.10061100125312805,2.125339984893799,18.670000076293945,0.16050000488758087,3.7359399795532227,18.131999969482422,0.020999999716877937,0.675000011920929,-0.01600000075995922,1.4534900188446045,-0.060398999601602554,2.2699999809265137,0.9879999756813049,384.8299865722656,1.0355700254440308,1.0710699558258057,0.7210000157356262,0.7039999961853027,0.31762099266052246,0.3101319968700409,1.024150013923645,4.0,0.0,0.9071429967880249,0.9995570182800293,18.62220001220703,0.19670000672340393,245.4396257,-2.2883668,15.4216,ZTF20aavzffg
2459126.6030903,2,1372103093515,19.526899337768555,/ztf/archive/sci/2020/1004/103090/ztf_20201004103090_000430_zr_c09_o_q4_scimrefdiffimg.fits.fz,Prince,2,1372,35,430,26.174699783325195,3.443409923420404e-06,0.025554699823260307,0.08125050365924835,7.86020973464474e-06,t17_f5_c3,1.372103093515015e+18,t,5.0,408.7760009765625,2516.330078125,245.4391417,-2.2892735,18.82670021057129,0.10416900366544724,1.6414300203323364,18.637399673461914,0.18889999389648438,3.6528799533843994,18.131999969482422,0.020999999716877937,0.675000011920929,-0.01600000075995922,1.640529990196228,-0.18928900361061096,1.7799999713897705,0.984000027179718,408.7760009765625,0.8895419836044312,1.307770013809204,0.7979999780654907,0.7450000047683716,0.44831499457359314,0.41853898763656616,1.0711400508880615,4.0,0.0,0.8328570127487183,0.9265869855880737,18.70870018005371,0.25859999656677246,245.4396257,-2.2883668,14.7636,ZTF20aavzffg
2459126.6077778,2,1372107773515,19.696500778198242,/ztf/archive/sci/2020/1004/107766/ztf_20201004107766_000430_zr_c09_o_q4_scimrefdiffimg.fits.fz,Prince,2,1372,35,430,26.170499801635742,3.4931199479615316e-06,0.025733299553394318,0.09355039894580841,7.95582036516862e-06,t17_f5_c3,1.372107773515015e+18,t,3.0,399.927001953125,2514.320068359375,245.4391194,-2.2892521,18.708499908447266,0.1053759977221489,1.797659993171692,18.39590072631836,0.12359999865293503,3.6240999698638916,18.131999969482422,0.020999999716877937,0.675000011920929,-0.01600000075995922,0.5241339802742004,-0.3126330077648163,2.5199999809265137,0.9869999885559082,399.927001953125,1.3006199598312378,0.9842039942741394,0.8650000095367432,0.8130000233650208,0.3432539999485016,0.3226189911365509,1.0639599561691284,1.0,0.0,0.7885710000991821,1.0,18.271099090576172,0.1412000060081482,245.4396257,-2.2883668,18.3317,ZTF20aavzffg
2459126.6124421,2,1372112443515,19.908700942993164,/ztf/archive/sci/2020/1004/112442/ztf_20201004112442_000430_zr_c09_o_q4_scimrefdiffimg.fits.fz,Prince,2,1372,35,430,26.1560001373291,2.6236600660922704e-06,0.022296100854873657,0.08553290367126465,6.004539955029031e-06,t17_f5_c3,1.372112443515015e+18,t,7.0,393.33099365234375,2512.02001953125,245.4391463,-2.2892631,18.799999237060547,0.08529999852180481,2.2622299194335938,18.826099395751953,0.16599999368190765,3.6118199825286865,18.131999969482422,0.020999999716877937,0.675000011920929,-0.01600000075995922,0.7016000151634216,0.026093000546097755,1.7100000381469727,0.984000027179718,393.33099365234375,1.082610011100769,1.3308099508285522,0.6489999890327454,0.6290000081062317,0.37953200936317444,0.36783599853515625,1.0318000316619873,6.0,0.0,0.9028570055961609,0.9536049962043762,19.008800506591797,0.25119999051094055,245.4396257,-2.2883668,15.7798,ZTF20aavzffg
2459126.6171296,2,1372117123515,19.70560073852539,/ztf/archive/sci/2020/1004/117130/ztf_20201004117130_000430_zr_c09_o_q4_scimrefdiffimg.fits.fz,Prince,2,1372,35,430,26.15239906311035,3.091869984928053e-06,0.024256499484181404,0.08888199925422668,7.046970040391898e-06,t17_f5_c3,1.372117123515015e+18,t,2.0,384.8299865722656,2510.489990234375,245.4391282,-2.2892954,18.73040008544922,0.10061100125312805,2.125339984893799,18.670000076293945,0.16050000488758087,3.7359399795532227,18.131999969482422,0.020999999716877937,0.675000011920929,-0.01600000075995922,1.4534900188446045,-0.060398999601602554,2.2699999809265137,0.9879999756813049,384.8299865722656,1.0355700254440308,1.0710699558258057,0.7210000157356262,0.7039999961853027,0.31762099266052246,0.3101319968700409,1.024150013923645,4.0,0.0,0.9071429967880249,0.9995570182800293,18.62220001220703,0.19670000672340393,245.4396257,-2.2883668,15.4216,ZTF20aavzffg
2459126.6218056,2,1372121803515,19.58799934387207,/ztf/archive/sci/2020/1004/121806/ztf_20201004121806_000430_zr_c09_o_q4_scimrefdiffimg.fits.fz,Prince,2,1372,35,430,26.144800186157227,4.045799869345501e-06,0.027734700590372086,0.09098990261554718,9.234739991370589e-06,t17_f5_c3,1.372121803515015e+18,t,2.0,373.06298828125,2509.0,245.4391586,-2.28926,18.721799850463867,0.09405799955129623,0.9598950147628784,18.729700088500977,0.18880000710487366,3.582550048828125,18.131999969482422,0.020999999716877937,0.675000011920929,-0.01600000075995922,1.2346999645233154,0.0078959995880723,2.4700000286102295,0.9789999723434448,373.06298828125,0.8582950234413147,0.9748340249061584,0.7260000109672546,0.6890000104904175,0.29392701387405396,0.27894699573516846,1.0536999702453613,3.0,0.0,0.9057139754295349,0.993802011013031,18.880199432373047,0.27810001373291016,245.4396257,-2.2883668,17.8224,ZTF20aavzffg
2459128.6037847,2,1374103783515,20.13479995727539,/ztf/archive/sci/2020/1006/103785/ztf_20201006103785_000430_zr_c09_o_q4_scimrefdiffimg.fits.fz,Prince,2,1374,35,430,26.74530029296875,5.214660167694092,1.5989799499511719,-1.5273499488830566,15.353400230407715,t17_f5_c3,,,,,,,,,,,,,,,,,,,,,,,,,,,,,,,,,,,,,,,ZTF20aavzffg
2459128.6111921,2,1374111193515,19.32859992980957,/ztf/archive/sci/2020/1006/111192/ztf_20201006111192_000430_zr_c09_o_q4_scimrefdiffimg.fits.fz,Prince,2,1374,35,430,25.8085994720459,1.1814299821853638,0.8638839721679688,0.13227200508117676,3.8170299530029297,t17_f5_c3,,,,,,,,,,,,,,,,,,,,,,,,,,,,,,,,,,,,,,,ZTF20aavzffg
2459128.6158796,2,1374115873515,18.644500732421875,/ztf/archive/sci/2020/1006/115880/ztf_20201006115880_000430_zr_c09_o_q4_scimrefdiffimg.fits.fz,Prince,2,1374,35,430,24.992599487304688,1.4515600204467773,1.1689900159835815,1.0916099548339844,2.9727399349212646,t17_f5_c3,,,,,,,,,,,,,,,,,,,,,,,,,,,,,,,,,,,,,,,ZTF20aavzffg
2459128.6205787,2,1374120573515,18.549699783325195,/ztf/archive/sci/2020/1006/120579/ztf_20201006120579_000430_zr_c09_o_q4_scimrefdiffimg.fits.fz,Prince,2,1374,35,430,24.97010040283203,0.8691449761390686,1.0170400142669678,0.5905680060386658,1.6551100015640259,t17_f5_c3,,,,,,,,,,,,,,,,,,,,,,,,,,,,,,,,,,,,,,,ZTF20aavzffg
2459130.5990625,2,1376099063515,19.59830093383789,/ztf/archive/sci/2020/1008/099062/ztf_20201008099062_000430_zr_c09_o_q4_scimrefdiffimg.fits.fz,Prince,2,1376,35,430,26.24209976196289,2.7202099772694055e-06,0.02382040023803711,0.08530739694833755,6.045620011718711e-06,t17_f5_c3,1.376099063515015e+18,1,7.0,427.6239929199219,2149.090087890625,245.4391339,-2.2892588,18.817100524902344,0.09872400015592575,1.2005800008773804,19.079299926757812,0.25519999861717224,3.6171600818634033,18.131999969482422,0.020999999716877937,0.675000011920929,-0.01600000075995922,1.291759967803955,0.26218900084495544,2.390000104904175,0.9819999933242798,427.6239929199219,0.5189710259437561,1.0162099599838257,0.7120000123977661,0.6840000152587891,0.2979080080986023,0.28619199991226196,1.0409400463104248,2.0,0.0,0.8814290165901184,1.0,18.88360023498535,0.273499995470047,245.4396257,-2.2883668,15.709,ZTF20aavzffg
2459130.6038194,2,1376103813515,19.900699615478516,/ztf/archive/sci/2020/1008/103819/ztf_20201008103819_000430_zr_c09_o_q4_scimrefdiffimg.fits.fz,Prince,2,1376,35,430,26.236400604248047,2.2230199192563305e-06,0.021445199847221375,0.08699029684066772,4.98314011565526e-06,t17_f5_c3,1.376103813515015e+18,1,9.0,417.3380126953125,2147.39990234375,245.4391439,-2.2892587,18.84939956665039,0.12626099586486816,3.169980049133301,19.007999420166016,0.18930000066757202,3.5963799953460693,18.131999969482422,0.020999999716877937,0.675000011920929,-0.01600000075995922,0.22320400178432465,0.15863999724388123,2.3299999237060547,0.9829999804496765,417.3380126953125,0.8926519751548767,1.0175299644470215,0.6420000195503235,0.621999979019165,0.2755360007286072,0.2669529914855957,1.0321500301361084,6.0,0.0,0.8842859864234924,0.9776639938354492,18.832599639892578,0.20640000700950623,245.4396257,-2.2883668,16.9176,ZTF20aavzffg
2459130.608588,2,1376108583515,19.820199966430664,/ztf/archive/sci/2020/1008/108588/ztf_20201008108588_000430_zr_c09_o_q4_scimrefdiffimg.fits.fz,Prince,2,1376,35,430,26.220300674438477,2.5658400772954337e-06,0.02293260022997856,0.0903237983584404,5.760869953519432e-06,t17_f5_c3,1.376108583515015e+18,1,9.0,410.86700439453125,2145.56005859375,245.4391496,-2.2892879,18.843299865722656,0.10494200140237808,2.5625600814819336,18.66900062561035,0.13230000436306,3.6785800457000732,18.131999969482422,0.020999999716877937,0.675000011920929,-0.01600000075995922,0.4555729925632477,-0.17425300180912018,3.5,0.9819999933242798,410.86700439453125,1.1511499881744385,0.7720000147819519,0.9210000038146973,0.8230000138282776,0.26314300298690796,0.2351430058479309,1.1190799474716187,4.0,0.0,0.7799999713897705,1.0,18.74679946899414,0.18160000443458557,245.4396257,-2.2883668,17.2982,ZTF20aavzffg
2459130.6133449,2,1376113343515,19.947099685668945,/ztf/archive/sci/2020/1008/113345/ztf_20201008113345_000430_zr_c09_o_q4_scimrefdiffimg.fits.fz,Prince,2,1376,35,430,26.216299057006836,2.1608100269077113e-06,0.021056100726127625,0.08797600120306015,4.844020168093266e-06,t17_f5_c3,1.376113343515015e+18,1,7.0,405.1990051269531,2143.860107421875,245.4391469,-2.2892394,18.861299514770508,0.09555400162935257,1.8832000494003296,18.674999237060547,0.1298000067472458,3.535989999771118,18.131999969482422,0.020999999716877937,0.675000011920929,-0.01600000075995922,0.7731009721755981,-0.18626800179481506,2.0799999237060547,1.0,405.1990051269531,1.272130012512207,1.1874899864196777,0.7839999794960022,0.7039999961853027,0.37692299485206604,0.3384619951248169,1.1136399507522583,3.0,0.0,0.8771430253982544,1.0,18.643299102783203,0.16130000352859497,245.4396257,-2.2883668,19.7981,ZTF20aavzffg
2459136.5943866,2,1382094384615,19.1830997467041,/ztf/archive/sci/2020/1014/094375/ztf_20201014094375_000431_zr_c12_o_q3_scimrefdiffimg.fits.fz,Prince,2,1382,46,431,26.175800323486328,7.96964013716206e-06,0.038211699575185776,0.09354309737682343,1.764959961292334e-05,t17_f5_c3,1.382094384615015e+18,1,5.0,2758.18994140625,2251.969970703125,245.4391219,-2.2890985,19.102800369262695,0.23374299705028534,1.465399980545044,18.97719955444336,0.29330000281333923,3.1128599643707275,18.131000518798828,0.01899999938905239,0.7139999866485596,0.0010000000474974513,1.535789966583252,-0.1255510002374649,1.9600000381469727,0.949999988079071,314.3139953613281,0.20589099824428558,1.4231699705123901,0.6549999713897705,0.5540000200271606,0.3341839909553528,0.28265300393104553,1.1823099851608276,6.0,0.0,0.7342860102653503,0.8752099871635437,19.163700103759766,0.44670000672340393,245.439603,-2.2883651,8.68311,ZTF20aavzffg
2459136.5990741,2,1382099074615,19.561899185180664,/ztf/archive/sci/2020/1014/099062/ztf_20201014099062_000431_zr_c12_o_q3_scimrefdiffimg.fits.fz,Prince,2,1382,46,431,26.175800323486328,5.386650173022645e-06,0.03151020035147667,0.09665880352258682,1.201190025312826e-05,t17_f5_c3,1.382099074615015e+18,1,7.0,2749.6298828125,2249.25,245.4391403,-2.289283,18.8257999420166,0.13115699589252472,1.3945599794387817,18.9507999420166,0.22059999406337738,3.653870105743408,18.131000518798828,0.01899999938905239,0.7139999866485596,0.0010000000474974513,0.16380099952220917,0.12501899898052216,4.090000152587891,0.9789999723434448,322.8680114746094,0.6111220121383667,0.6355869770050049,0.8939999938011169,0.7279999852180481,0.21858200430870056,0.1779949963092804,1.2280199527740479,2.0,0.0,0.7142860293388367,1.0,19.05500030517578,0.31130000948905945,245.439603,-2.2883651,14.2329,ZTF20aavzffg
2459136.60375,2,1382103754615,19.59440040588379,/ztf/archive/sci/2020/1014/103738/ztf_20201014103738_000431_zr_c12_o_q3_scimrefdiffimg.fits.fz,Prince,2,1382,46,431,26.15489959716797,5.000069904781412e-06,0.03027079999446869,0.09841649979352951,1.1140499736939091e-05,t17_f5_c3,1.382103754615015e+18,1,11.0,2740.8701171875,2246.18994140625,245.4391791,-2.289281,18.888900756835938,0.11035700142383575,1.4024699926376343,19.119300842285156,0.24009999632835388,3.5871400833129883,18.131000518798828,0.01899999938905239,0.7139999866485596,0.0010000000474974513,-0.6644449830055237,0.23039400577545166,2.799999952316284,0.9800000190734863,331.6260070800781,0.4751420021057129,0.9733120203018188,0.7540000081062317,0.7009999752044678,0.26928600668907166,0.2503570020198822,1.0756100416183472,2.0,0.0,0.8842859864234924,0.9635080099105835,19.249300003051758,0.3467000126838684,245.439603,-2.2883651,14.0855,ZTF20aavzffg
2459136.6084144,2,1382108414615,19.55190086364746,/ztf/archive/sci/2020/1014/108414/ztf_20201014108414_000431_zr_c12_o_q3_scimrefdiffimg.fits.fz,Prince,2,1382,46,431,26.149099349975586,6.270230187510606e-06,0.033994100987911224,0.09285389631986618,1.3986899830342736e-05,t17_f5_c3,1.382108414615015e+18,1,12.0,2732.639892578125,2243.75,245.4391819,-2.2892147,19.06909942626953,0.14615699648857117,1.242550015449524,19.232999801635742,0.2621000111103058,3.370260000228882,18.131000518798828,0.01899999938905239,0.7139999866485596,0.0010000000474974513,-0.37674400210380554,0.16386500000953674,3.4200000762939453,0.9589999914169312,339.8559875488281,0.318901002407074,0.8442419767379761,0.9079999923706055,0.7590000033378601,0.26549699902534485,0.22192999720573425,1.196310043334961,5.0,0.0,0.7971429824829102,0.9458159804344177,19.194900512695312,0.32429999113082886,245.439603,-2.2883651,9.92468,ZTF20aavzffg
2459136.5943866,2,1382094384615,19.1830997467041,/ztf/archive/sci/2020/1014/094375/ztf_20201014094375_000431_zr_c12_o_q3_scimrefdiffimg.fits.fz,Prince,2,1382,46,431,26.175800323486328,7.96964013716206e-06,0.038211699575185776,0.09354309737682343,1.764959961292334e-05,t17_f5_c3,1.382094384615015e+18,t,5.0,2758.18994140625,2251.969970703125,245.4391219,-2.2890985,19.102800369262695,0.23374299705028534,1.465399980545044,18.97719955444336,0.29330000281333923,3.1128599643707275,18.131000518798828,0.01899999938905239,0.7139999866485596,0.0010000000474974513,1.535789966583252,-0.1255510002374649,1.9600000381469727,0.949999988079071,314.3139953613281,0.20589099824428558,1.4231699705123901,0.6549999713897705,0.5540000200271606,0.3341839909553528,0.28265300393104553,1.1823099851608276,6.0,0.0,0.7342860102653503,0.8752099871635437,19.163700103759766,0.44670000672340393,245.439603,-2.2883651,8.68311,ZTF20aavzffg
2459136.5990741,2,1382099074615,19.561899185180664,/ztf/archive/sci/2020/1014/099062/ztf_20201014099062_000431_zr_c12_o_q3_scimrefdiffimg.fits.fz,Prince,2,1382,46,431,26.175800323486328,5.386650173022645e-06,0.03151020035147667,0.09665880352258682,1.201190025312826e-05,t17_f5_c3,1.382099074615015e+18,t,7.0,2749.6298828125,2249.25,245.4391403,-2.289283,18.8257999420166,0.13115699589252472,1.3945599794387817,18.9507999420166,0.22059999406337738,3.653870105743408,18.131000518798828,0.01899999938905239,0.7139999866485596,0.0010000000474974513,0.16380099952220917,0.12501899898052216,4.090000152587891,0.9789999723434448,322.8680114746094,0.6111220121383667,0.6355869770050049,0.8939999938011169,0.7279999852180481,0.21858200430870056,0.1779949963092804,1.2280199527740479,2.0,0.0,0.7142860293388367,1.0,19.05500030517578,0.31130000948905945,245.439603,-2.2883651,14.2329,ZTF20aavzffg
2459136.60375,2,1382103754615,19.59440040588379,/ztf/archive/sci/2020/1014/103738/ztf_20201014103738_000431_zr_c12_o_q3_scimrefdiffimg.fits.fz,Prince,2,1382,46,431,26.15489959716797,5.000069904781412e-06,0.03027079999446869,0.09841649979352951,1.1140499736939091e-05,t17_f5_c3,1.382103754615015e+18,t,11.0,2740.8701171875,2246.18994140625,245.4391791,-2.289281,18.888900756835938,0.11035700142383575,1.4024699926376343,19.119300842285156,0.24009999632835388,3.5871400833129883,18.131000518798828,0.01899999938905239,0.7139999866485596,0.0010000000474974513,-0.6644449830055237,0.23039400577545166,2.799999952316284,0.9800000190734863,331.6260070800781,0.4751420021057129,0.9733120203018188,0.7540000081062317,0.7009999752044678,0.26928600668907166,0.2503570020198822,1.0756100416183472,2.0,0.0,0.8842859864234924,0.9635080099105835,19.249300003051758,0.3467000126838684,245.439603,-2.2883651,14.0855,ZTF20aavzffg
2459136.6084144,2,1382108414615,19.55190086364746,/ztf/archive/sci/2020/1014/108414/ztf_20201014108414_000431_zr_c12_o_q3_scimrefdiffimg.fits.fz,Prince,2,1382,46,431,26.149099349975586,6.270230187510606e-06,0.033994100987911224,0.09285389631986618,1.3986899830342736e-05,t17_f5_c3,1.382108414615015e+18,t,12.0,2732.639892578125,2243.75,245.4391819,-2.2892147,19.06909942626953,0.14615699648857117,1.242550015449524,19.232999801635742,0.2621000111103058,3.370260000228882,18.131000518798828,0.01899999938905239,0.7139999866485596,0.0010000000474974513,-0.37674400210380554,0.16386500000953674,3.4200000762939453,0.9589999914169312,339.8559875488281,0.318901002407074,0.8442419767379761,0.9079999923706055,0.7590000033378601,0.26549699902534485,0.22192999720573425,1.196310043334961,5.0,0.0,0.7971429824829102,0.9458159804344177,19.194900512695312,0.32429999113082886,245.439603,-2.2883651,9.92468,ZTF20aavzffg
2459136.6131019,2,1382113104615,19.434900283813477,/ztf/archive/sci/2020/1014/113090/ztf_20201014113090_000431_zr_c12_o_q3_scimrefdiffimg.fits.fz,Prince,2,1382,46,431,26.140199661254883,8.299820365209598e-06,0.03902680054306984,0.09224429726600647,1.855630034697242e-05,t17_f5_c3,1.382113104615015e+18,t,8.0,2721.669921875,2240.5400390625,245.439164,-2.2892878,18.871200561523438,0.14380399882793427,1.5049099922180176,18.72010040283203,0.16750000417232513,3.6315200328826904,18.131000518798828,0.01899999938905239,0.7139999866485596,0.0010000000474974513,-1.168660044670105,-0.15114499628543854,4.159999847412109,0.9769999980926514,350.8299865722656,0.7147679924964905,0.7550110220909119,1.0980000495910645,1.0080000162124634,0.26394200325012207,0.24230800569057465,1.0892900228500366,1.0,0.0,0.7342860102653503,1.0,18.69580078125,0.20970000326633453,245.439603,-2.2883651,10.91,ZTF20aavzffg
2459138.5923032,2,1384092304615,19.192899703979492,/ztf/archive/sci/2020/1016/092303/ztf_20201016092303_000431_zr_c12_o_q3_scimrefdiffimg.fits.fz,Prince,2,1384,46,431,26.080299377441406,7.727309821348172e-06,0.037487298250198364,0.0985243022441864,1.6921099813771434e-05,t17_f5_c3,,,,,,,,,,,,,,,,,,,,,,,,,,,,,,,,,,,,,,,ZTF20aavzffg
2459138.5970139,2,1384097014615,19.427200317382812,/ztf/archive/sci/2020/1016/097014/ztf_20201016097014_000431_zr_c12_o_q3_scimrefdiffimg.fits.fz,Prince,2,1384,46,431,26.054800033569336,4.64096001451253e-06,0.029217099770903587,0.09034840017557144,1.0206699698755983e-05,t17_f5_c3,1.384097014615015e+18,1,9.0,2747.070068359375,2082.64990234375,245.4391411,-2.2892679,18.988800048828125,0.13159599900245667,1.0024900436401367,18.927000045776367,0.2361000031232834,3.6051900386810303,18.131000518798828,0.01899999938905239,0.7139999866485596,0.0010000000474974513,0.5950260162353516,-0.0617620013654232,2.7200000286102295,0.9819999933242798,325.4330139160156,0.500229001045227,0.9830160140991211,0.8349999785423279,0.699999988079071,0.3069849908351898,0.2573530077934265,1.1928600072860718,3.0,0.0,0.86142897605896,0.9588969945907593,18.932199478149414,0.3043000102043152,245.439603,-2.2883651,11.0863,ZTF20aavzffg
2459138.6017361,2,1384101734615,19.505800247192383,/ztf/archive/sci/2020/1016/101725/ztf_20201016101725_000431_zr_c12_o_q3_scimrefdiffimg.fits.fz,Prince,2,1384,46,431,26.031999588012695,4.256440206518164e-06,0.0280069001019001,0.0984169989824295,9.403889634995721e-06,t17_f5_c3,1.384101734615015e+18,1,8.0,2736.320068359375,2079.340087890625,245.4391275,-2.2892878,18.950000762939453,0.16229699552059174,1.2387399673461914,18.87820053100586,0.21140000224113464,3.6895198822021484,18.131000518798828,0.01899999938905239,0.7139999866485596,0.0010000000474974513,-0.5594329833984375,-0.07178699970245361,3.549999952316284,0.9700000286102295,336.1830139160156,0.6275500059127808,0.7531840205192566,0.9319999814033508,0.7009999752044678,0.2625350058078766,0.19746500253677368,1.3295300006866455,3.0,0.0,0.642857015132904,1.0,18.83679962158203,0.26080000400543213,245.439603,-2.2883651,10.6122,ZTF20aavzffg
2459138.6064468,2,1384106444615,19.481199264526367,/ztf/archive/sci/2020/1016/106435/ztf_20201016106435_000431_zr_c12_o_q3_scimrefdiffimg.fits.fz,Prince,2,1384,46,431,25.984600067138672,4.602009994414402e-06,0.02903290092945099,0.09267710149288177,1.0161200407310389e-05,t17_f5_c3,1.384106444615015e+18,1,7.0,2727.9599609375,2076.7099609375,245.4391612,-2.2892919,19.109600067138672,0.1495870053768158,1.1427299976348877,18.816200256347656,0.20649999380111694,3.6483399868011475,18.131000518798828,0.01899999938905239,0.7139999866485596,0.0010000000474974513,-1.19582998752594,-0.29340800642967224,2.5,0.9919999837875366,344.5369873046875,0.6649590134620667,1.057170033454895,0.8539999723434448,0.753000020980835,0.3416000008583069,0.3012000024318695,1.1341300010681152,2.0,0.0,0.7842860221862793,1.0,18.56879997253418,0.21080000698566437,245.439603,-2.2883651,10.1965,ZTF20aavzffg
2459138.5970139,2,1384097014615,19.427200317382812,/ztf/archive/sci/2020/1016/097014/ztf_20201016097014_000431_zr_c12_o_q3_scimrefdiffimg.fits.fz,Prince,2,1384,46,431,26.054800033569336,4.64096001451253e-06,0.029217099770903587,0.09034840017557144,1.0206699698755983e-05,t17_f5_c3,1.384097014615015e+18,t,9.0,2747.070068359375,2082.64990234375,245.4391411,-2.2892679,18.988800048828125,0.13159599900245667,1.0024900436401367,18.927000045776367,0.2361000031232834,3.6051900386810303,18.131000518798828,0.01899999938905239,0.7139999866485596,0.0010000000474974513,0.5950260162353516,-0.0617620013654232,2.7200000286102295,0.9819999933242798,325.4330139160156,0.500229001045227,0.9830160140991211,0.8349999785423279,0.699999988079071,0.3069849908351898,0.2573530077934265,1.1928600072860718,3.0,0.0,0.86142897605896,0.9588969945907593,18.932199478149414,0.3043000102043152,245.439603,-2.2883651,11.0863,ZTF20aavzffg
2459138.6017361,2,1384101734615,19.505800247192383,/ztf/archive/sci/2020/1016/101725/ztf_20201016101725_000431_zr_c12_o_q3_scimrefdiffimg.fits.fz,Prince,2,1384,46,431,26.031999588012695,4.256440206518164e-06,0.0280069001019001,0.0984169989824295,9.403889634995721e-06,t17_f5_c3,1.384101734615015e+18,t,8.0,2736.320068359375,2079.340087890625,245.4391275,-2.2892878,18.950000762939453,0.16229699552059174,1.2387399673461914,18.87820053100586,0.21140000224113464,3.6895198822021484,18.131000518798828,0.01899999938905239,0.7139999866485596,0.0010000000474974513,-0.5594329833984375,-0.07178699970245361,3.549999952316284,0.9700000286102295,336.1830139160156,0.6275500059127808,0.7531840205192566,0.9319999814033508,0.7009999752044678,0.2625350058078766,0.19746500253677368,1.3295300006866455,3.0,0.0,0.642857015132904,1.0,18.83679962158203,0.26080000400543213,245.439603,-2.2883651,10.6122,ZTF20aavzffg
2459138.6064468,2,1384106444615,19.481199264526367,/ztf/archive/sci/2020/1016/106435/ztf_20201016106435_000431_zr_c12_o_q3_scimrefdiffimg.fits.fz,Prince,2,1384,46,431,25.984600067138672,4.602009994414402e-06,0.02903290092945099,0.09267710149288177,1.0161200407310389e-05,t17_f5_c3,1.384106444615015e+18,t,7.0,2727.9599609375,2076.7099609375,245.4391612,-2.2892919,19.109600067138672,0.1495870053768158,1.1427299976348877,18.816200256347656,0.20649999380111694,3.6483399868011475,18.131000518798828,0.01899999938905239,0.7139999866485596,0.0010000000474974513,-1.19582998752594,-0.29340800642967224,2.5,0.9919999837875366,344.5369873046875,0.6649590134620667,1.057170033454895,0.8539999723434448,0.753000020980835,0.3416000008583069,0.3012000024318695,1.1341300010681152,2.0,0.0,0.7842860221862793,1.0,18.56879997253418,0.21080000698566437,245.439603,-2.2883651,10.1965,ZTF20aavzffg
2459138.6111574,2,1384111154615,19.28219985961914,/ztf/archive/sci/2020/1016/111157/ztf_20201016111157_000431_zr_c12_o_q3_scimrefdiffimg.fits.fz,Prince,2,1384,46,431,25.890100479125977,6.807179943280062e-06,0.03560210019350052,0.10018900036811829,1.4932599697203841e-05,t17_f5_c3,1.384111154615015e+18,t,4.0,2714.800048828125,2074.0400390625,245.4391703,-2.2893789,18.97610092163086,0.16546300053596497,0.9750239849090576,18.758699417114258,0.22470000386238098,3.9167399406433105,18.131000518798828,0.01899999938905239,0.7139999866485596,0.0010000000474974513,-0.8946970105171204,-0.21740199625492096,4.400000095367432,0.9700000286102295,357.697998046875,0.523481011390686,0.624101996421814,1.034999966621399,0.8700000047683716,0.23522700369358063,0.1977269947528839,1.189650058746338,4.0,0.0,0.6228569746017456,0.9826689958572388,19.05389976501465,0.3776000142097473,245.439603,-2.2883651,9.62123,ZTF20aavzffg
2459140.5906829,2,1386090684615,19.17620086669922,/ztf/archive/sci/2020/1018/090683/ztf_20201018090683_000431_zr_c12_o_q3_scimrefdiffimg.fits.fz,Prince,2,1386,46,431,26.123600006103516,6.0762499742850196e-06,0.03352769836783409,0.09223119914531708,1.3108399798511527e-05,t17_f5_c3,1.386090684615015e+18,1,3.0,2756.68994140625,1961.1600341796875,245.4392398,-2.2892339,19.045499801635742,0.2147420048713684,1.6326500177383423,19.260000228881836,0.4293000102043152,3.349910020828247,18.131000518798828,0.01899999938905239,0.7139999866485596,0.0010000000474974513,2.95743989944458,0.21445000171661377,1.7200000286102295,0.9729999899864197,315.8070068359375,-0.0838090032339096,1.4404900074005127,0.6520000100135803,0.49799999594688416,0.3790700137615204,0.2895349860191345,1.3092399835586548,5.0,0.0,0.6742860078811646,0.9317179918289185,18.996599197387695,0.4327999949455261,245.439603,-2.2883651,9.41087,ZTF20aavzffg
2459140.5954282,2,1386095424615,19.421899795532227,/ztf/archive/sci/2020/1018/095428/ztf_20201018095428_000431_zr_c12_o_q3_scimrefdiffimg.fits.fz,Prince,2,1386,46,431,26.094200134277344,4.683930001192493e-06,0.029544299468398094,0.09744849801063538,1.0157299584534485e-05,t17_f5_c3,,,,,,,,,,,,,,,,,,,,,,,,,,,,,,,,,,,,,,,ZTF20aavzffg
2459140.6001736,2,1386100174615,19.5447998046875,/ztf/archive/sci/2020/1018/100174/ztf_20201018100174_000431_zr_c12_o_q3_scimrefdiffimg.fits.fz,Prince,2,1386,46,431,26.07200050354004,3.703519951159251e-06,0.026145299896597862,0.09553010016679764,8.054170393734239e-06,t17_f5_c3,1.386100174615015e+18,1,8.0,2733.639892578125,1954.6700439453125,245.4391664,-2.2892545,18.96299934387207,0.13839800655841827,1.3237500190734863,18.856000900268555,0.20649999380111694,3.521130084991455,18.131000518798828,0.01899999938905239,0.7139999866485596,0.0010000000474974513,0.2435770034790039,-0.10704199969768524,2.7899999618530273,0.9819999933242798,338.86199951171875,0.688785970211029,0.9291219711303711,0.8259999752044678,0.7879999876022339,0.29605698585510254,0.2824369966983795,1.0482200384140015,5.0,0.0,0.8700000047683716,0.9434570074081421,18.712600708007812,0.23190000653266907,245.439603,-2.2883651,12.8746,ZTF20aavzffg
2459140.604919,2,1386104914615,19.46419906616211,/ztf/archive/sci/2020/1018/104919/ztf_20201018104919_000431_zr_c12_o_q3_scimrefdiffimg.fits.fz,Prince,2,1386,46,431,26.04159927368164,4.4690200411423575e-06,0.02871360071003437,0.10052900016307831,9.742469956108835e-06,t17_f5_c3,1.386104914615015e+18,1,18.0,2726.780029296875,1951.719970703125,245.4391715,-2.289245,18.941600799560547,0.12806099653244019,1.137030005455017,19.05229949951172,0.250900000333786,3.4825100898742676,18.131000518798828,0.01899999938905239,0.7139999866485596,0.0010000000474974513,0.019888000562787056,0.11068499833345413,2.869999885559082,0.9800000190734863,345.72100830078125,0.41186898946762085,0.9584130048751831,0.8320000171661377,0.8119999766349792,0.2898949980735779,0.282927006483078,1.0246299505233765,2.0,0.0,0.8671429753303528,1.0,19.107099533081055,0.3382999897003174,245.439603,-2.2883651,12.0345,ZTF20aavzffg
2459140.5906829,2,1386090684615,19.17620086669922,/ztf/archive/sci/2020/1018/090683/ztf_20201018090683_000431_zr_c12_o_q3_scimrefdiffimg.fits.fz,Prince,2,1386,46,431,26.123600006103516,6.0762499742850196e-06,0.03352769836783409,0.09223119914531708,1.3108399798511527e-05,t17_f5_c3,1.386090684615015e+18,t,3.0,2756.68994140625,1961.1600341796875,245.4392398,-2.2892339,19.045499801635742,0.2147420048713684,1.6326500177383423,19.260000228881836,0.4293000102043152,3.349910020828247,18.131000518798828,0.01899999938905239,0.7139999866485596,0.0010000000474974513,2.95743989944458,0.21445000171661377,1.7200000286102295,0.9729999899864197,315.8070068359375,-0.0838090032339096,1.4404900074005127,0.6520000100135803,0.49799999594688416,0.3790700137615204,0.2895349860191345,1.3092399835586548,5.0,0.0,0.6742860078811646,0.9317179918289185,18.996599197387695,0.4327999949455261,245.439603,-2.2883651,9.41087,ZTF20aavzffg
2459140.6001736,2,1386100174615,19.5447998046875,/ztf/archive/sci/2020/1018/100174/ztf_20201018100174_000431_zr_c12_o_q3_scimrefdiffimg.fits.fz,Prince,2,1386,46,431,26.07200050354004,3.703519951159251e-06,0.026145299896597862,0.09553010016679764,8.054170393734239e-06,t17_f5_c3,1.386100174615015e+18,t,8.0,2733.639892578125,1954.6700439453125,245.4391664,-2.2892545,18.96299934387207,0.13839800655841827,1.3237500190734863,18.856000900268555,0.20649999380111694,3.521130084991455,18.131000518798828,0.01899999938905239,0.7139999866485596,0.0010000000474974513,0.2435770034790039,-0.10704199969768524,2.7899999618530273,0.9819999933242798,338.86199951171875,0.688785970211029,0.9291219711303711,0.8259999752044678,0.7879999876022339,0.29605698585510254,0.2824369966983795,1.0482200384140015,5.0,0.0,0.8700000047683716,0.9434570074081421,18.712600708007812,0.23190000653266907,245.439603,-2.2883651,12.8746,ZTF20aavzffg
2459140.604919,2,1386104914615,19.46419906616211,/ztf/archive/sci/2020/1018/104919/ztf_20201018104919_000431_zr_c12_o_q3_scimrefdiffimg.fits.fz,Prince,2,1386,46,431,26.04159927368164,4.4690200411423575e-06,0.02871360071003437,0.10052900016307831,9.742469956108835e-06,t17_f5_c3,1.386104914615015e+18,t,18.0,2726.780029296875,1951.719970703125,245.4391715,-2.289245,18.941600799560547,0.12806099653244019,1.137030005455017,19.05229949951172,0.250900000333786,3.4825100898742676,18.131000518798828,0.01899999938905239,0.7139999866485596,0.0010000000474974513,0.019888000562787056,0.11068499833345413,2.869999885559082,0.9800000190734863,345.72100830078125,0.41186898946762085,0.9584130048751831,0.8320000171661377,0.8119999766349792,0.2898949980735779,0.282927006483078,1.0246299505233765,2.0,0.0,0.8671429753303528,1.0,19.107099533081055,0.3382999897003174,245.439603,-2.2883651,12.0345,ZTF20aavzffg
2459140.6096528,2,1386109654615,19.447799682617188,/ztf/archive/sci/2020/1018/109653/ztf_20201018109653_000431_zr_c12_o_q3_scimrefdiffimg.fits.fz,Prince,2,1386,46,431,26.027700424194336,4.769320185005199e-06,0.02979470044374466,0.09297589957714081,1.036649973684689e-05,t17_f5_c3,1.386109654615015e+18,t,12.0,2719.030029296875,1949.1700439453125,245.4391542,-2.2893035,19.099700927734375,0.16082100570201874,1.0550899505615234,19.473600387573242,0.37940001487731934,3.6950299739837646,18.131000518798828,0.01899999938905239,0.7139999866485596,0.0010000000474974513,-0.9103440046310425,0.373852014541626,2.740000009536743,0.9789999723434448,353.47100830078125,-0.025763999670743942,0.9903870224952698,0.8989999890327454,0.7020000219345093,0.3281019926071167,0.2562040090560913,1.2806299924850464,4.0,0.0,0.7114289999008179,1.0,19.424299240112305,0.4648999869823456,245.439603,-2.2883651,10.3612,ZTF20aavzffg
2459142.5903935,2,1388090394615,18.994600296020508,/ztf/archive/sci/2020/1020/090394/ztf_20201020090394_000431_zr_c12_o_q3_scimrefdiffimg.fits.fz,Prince,2,1388,46,431,26.11669921875,8.668200280226301e-06,0.03889380022883415,0.1017799973487854,1.861460077634547e-05,t17_f5_c3,1.388090394615015e+18,1,21.0,2740.340087890625,2233.409912109375,245.4391884,-2.2892319,18.98870086669922,0.20908600091934204,1.1985100507736206,19.166799545288086,0.3686000108718872,3.4152700901031494,18.131000518798828,0.01899999938905239,0.7139999866485596,0.0010000000474974513,0.035200998187065125,0.17807699739933014,3.8299999237060547,0.9610000252723694,332.1619873046875,-0.17215199768543243,0.8200650215148926,1.0010000467300415,0.8360000252723694,0.26135799288749695,0.2182770073413849,1.1973700523376465,5.0,0.0,0.6285709738731384,0.90727698802948,19.02519989013672,0.4154999852180481,245.439603,-2.2883651,7.24955,ZTF20aavzffg
2459142.5950926,2,1388095094615,19.281200408935547,/ztf/archive/sci/2020/1020/095093/ztf_20201020095093_000431_zr_c12_o_q3_scimrefdiffimg.fits.fz,Prince,2,1388,46,431,26.122699737548828,6.365929948515259e-06,0.03426019847393036,0.0891558974981308,1.4129300325294025e-05,t17_f5_c3,1.388095094615015e+18,1,18.0,2731.0400390625,2229.43994140625,245.4391395,-2.2892451,18.979700088500977,0.1660429984331131,1.7092100381851196,19.326000213623047,0.34049999713897705,3.531090021133423,18.131000518798828,0.01899999938905239,0.7139999866485596,0.0010000000474974513,-0.4947820007801056,0.3462519943714142,2.5299999713897705,0.9879999756813049,341.45599365234375,-0.04479600116610527,1.2092299461364746,0.7670000195503235,0.6840000152587891,0.30316200852394104,0.2703559994697571,1.1213500499725342,3.0,0.0,0.8185709714889526,0.9779899716377258,19.37619972229004,0.4577000141143799,245.439603,-2.2883651,9.27007,ZTF20aavzffg
2459142.5997917,2,1388099794615,19.257299423217773,/ztf/archive/sci/2020/1020/099792/ztf_20201020099792_000431_zr_c12_o_q3_scimrefdiffimg.fits.fz,Prince,2,1388,46,431,26.09670066833496,6.424510047509102e-06,0.03432239964604378,0.09526489675045013,1.4231200111680664e-05,t17_f5_c3,1.388099794615015e+18,1,17.0,2723.659912109375,2226.409912109375,245.4392252,-2.2893596,18.983699798583984,0.20026999711990356,1.2345900535583496,19.29290008544922,0.32179999351501465,3.7807300090789795,18.131000518798828,0.01899999938905239,0.7139999866485596,0.0010000000474974513,0.007734999991953373,0.3091740012168884,5.630000114440918,0.9980000257492065,348.8349914550781,-0.03557499870657921,0.571287989616394,0.9879999756813049,0.8730000257492065,0.17548799514770508,0.1550620049238205,1.1317299604415894,2.0,0.0,0.6200000047683716,1.0,19.28660011291504,0.4108000099658966,245.439603,-2.2883651,8.59719,ZTF20aavzffg
2459142.6044907,2,1388104494615,19.26420021057129,/ztf/archive/sci/2020/1020/104491/ztf_20201020104491_000431_zr_c12_o_q3_scimrefdiffimg.fits.fz,Prince,2,1388,46,431,26.086599349975586,7.351230124186259e-06,0.03694640100002289,0.09531570225954056,1.6226100342464633e-05,t17_f5_c3,1.388104494615015e+18,1,16.0,2717.8701171875,2222.719970703125,245.4392088,-2.2891806,19.093599319458008,0.1685130000114441,1.2980899810791016,19.208200454711914,0.2962999939918518,3.2179598808288574,18.131000518798828,0.01899999938905239,0.7139999866485596,0.0010000000474974513,0.739391028881073,0.11462900042533875,4.96999979019165,0.9670000076293945,354.62701416015625,0.056012000888586044,0.6471530199050903,1.059000015258789,0.8220000267028809,0.21307800710201263,0.16539199650287628,1.2883199453353882,2.0,0.0,0.557142972946167,0.9908980131149292,19.07069969177246,0.335099995136261,245.439603,-2.2883651,8.16262,ZTF20aavzffg
2459142.5903935,2,1388090394615,18.994600296020508,/ztf/archive/sci/2020/1020/090394/ztf_20201020090394_000431_zr_c12_o_q3_scimrefdiffimg.fits.fz,Prince,2,1388,46,431,26.11669921875,8.668200280226301e-06,0.03889380022883415,0.1017799973487854,1.861460077634547e-05,t17_f5_c3,1.388090394615025e+18,1,21.0,2740.340087890625,2233.409912109375,245.4391884,-2.2892319,18.98870086669922,0.20908600091934204,1.1985100507736206,19.166799545288086,0.3686000108718872,3.4152700901031494,18.131000518798828,0.01899999938905239,0.7139999866485596,0.0010000000474974513,0.035200998187065125,0.17807699739933014,3.8299999237060547,0.9610000252723694,332.1619873046875,-0.17215199768543243,0.8200650215148926,1.0010000467300415,0.8360000252723694,0.26135799288749695,0.2182770073413849,1.1973700523376465,5.0,0.0,0.6285709738731384,0.90727698802948,19.02519989013672,0.4154999852180481,245.439603,-2.2883651,7.24955,ZTF20aavzffg
2459142.5950926,2,1388095094615,19.281200408935547,/ztf/archive/sci/2020/1020/095093/ztf_20201020095093_000431_zr_c12_o_q3_scimrefdiffimg.fits.fz,Prince,2,1388,46,431,26.122699737548828,6.365929948515259e-06,0.03426019847393036,0.0891558974981308,1.4129300325294025e-05,t17_f5_c3,1.388095094615025e+18,1,18.0,2731.0400390625,2229.43994140625,245.4391395,-2.2892451,18.979700088500977,0.1660429984331131,1.7092100381851196,19.326000213623047,0.34049999713897705,3.531090021133423,18.131000518798828,0.01899999938905239,0.7139999866485596,0.0010000000474974513,-0.4947820007801056,0.3462519943714142,2.5299999713897705,0.9879999756813049,341.45599365234375,-0.04479600116610527,1.2092299461364746,0.7670000195503235,0.6840000152587891,0.30316200852394104,0.2703559994697571,1.1213500499725342,3.0,0.0,0.8185709714889526,0.9779899716377258,19.37619972229004,0.4577000141143799,245.439603,-2.2883651,9.27007,ZTF20aavzffg
2459142.5997917,2,1388099794615,19.257299423217773,/ztf/archive/sci/2020/1020/099792/ztf_20201020099792_000431_zr_c12_o_q3_scimrefdiffimg.fits.fz,Prince,2,1388,46,431,26.09670066833496,6.424510047509102e-06,0.03432239964604378,0.09526489675045013,1.4231200111680664e-05,t17_f5_c3,1.388099794615025e+18,1,17.0,2723.659912109375,2226.409912109375,245.4392252,-2.2893596,18.983699798583984,0.20026999711990356,1.2345900535583496,19.29290008544922,0.32179999351501465,3.7807300090789795,18.131000518798828,0.01899999938905239,0.7139999866485596,0.0010000000474974513,0.007734999991953373,0.3091740012168884,5.630000114440918,0.9980000257492065,348.8349914550781,-0.03557499870657921,0.571287989616394,0.9879999756813049,0.8730000257492065,0.17548799514770508,0.1550620049238205,1.1317299604415894,2.0,0.0,0.6200000047683716,1.0,19.28660011291504,0.4108000099658966,245.439603,-2.2883651,8.59719,ZTF20aavzffg
2459142.6044907,2,1388104494615,19.26420021057129,/ztf/archive/sci/2020/1020/104491/ztf_20201020104491_000431_zr_c12_o_q3_scimrefdiffimg.fits.fz,Prince,2,1388,46,431,26.086599349975586,7.351230124186259e-06,0.03694640100002289,0.09531570225954056,1.6226100342464633e-05,t17_f5_c3,1.388104494615025e+18,1,16.0,2717.8701171875,2222.719970703125,245.4392088,-2.2891806,19.093599319458008,0.1685130000114441,1.2980899810791016,19.208200454711914,0.2962999939918518,3.2179598808288574,18.131000518798828,0.01899999938905239,0.7139999866485596,0.0010000000474974513,0.739391028881073,0.11462900042533875,4.96999979019165,0.9670000076293945,354.62701416015625,0.056012000888586044,0.6471530199050903,1.059000015258789,0.8220000267028809,0.21307800710201263,0.16539199650287628,1.2883199453353882,2.0,0.0,0.557142972946167,0.9908980131149292,19.07069969177246,0.335099995136261,245.439603,-2.2883651,8.16262,ZTF20aavzffg
