jd,fid,pid,diffmaglim,pdiffimfilename,programpi,programid,candid,isdiffpos,tblid,nid,rcid,field,xpos,ypos,ra,dec,magpsf,sigmapsf,chipsf,magap,sigmagap,distnr,magnr,sigmagnr,chinr,sharpnr,sky,magdiff,fwhm,classtar,mindtoedge,magfromlim,seeratio,aimage,bimage,aimagerat,bimagerat,elong,nneg,nbad,rb,sumrat,magapbig,sigmagapbig,ranr,decnr,scorr,magzpsci,magzpsciunc,magzpscirms,clrcoeff,clrcounc,rbversion,obj_id
2459710.9108796,2,1956410876115,20.132299423217773,/ztf/archive/sci/2022/0511/410868/ztf_20220511410868_000725_zr_c16_o_q2_scimrefdiffimg.fits.fz,Kulkarni,1,1.956410876115015e+18,t,12.0,1956,61,725,1619.9100341796875,2373.89990234375,265.3846072,43.5648349,20.21109962463379,0.2091049998998642,0.9502760171890259,20.296100616455078,0.4138999879360199,0.24741500616073608,18.86199951171875,0.024000000208616257,1.2319999933242798,0.08299999684095383,-0.407260000705719,0.08503100275993347,1.3901699781417847,0.7200000286102295,706.6019897460938,-0.16384199261665344,2.0,0.7490000128746033,0.6940000057220459,0.5387840270996094,0.49922001361846924,1.0792499780654907,4.0,0.0,0.951429009437561,0.9479269981384277,19.972200393676758,0.39259999990463257,265.3846149,43.5647656,5.23052,26.04509925842285,5.187950137042208e-06,0.028369100764393806,0.09318540245294571,1.0484100130270235e-05,t17_f5_c3,ZTF20aaiggef
2459710.9118403,2,1956411844815,20.142200469970703,/ztf/archive/sci/2022/0511/411817/ztf_20220511411817_000724_zr_c13_o_q1_scimrefdiffimg.fits.fz,Kulkarni,1,,,,1956,48,724,,,,,,,,,,,,,,,,,,,,,,,,,,,,,,,,,,,,26.064800262451172,1.0029099939856678e-05,0.041836999356746674,0.07530389726161957,2.0683799448306672e-05,t17_f5_c3,ZTF20aaiggef
2459710.9516551,1,1956451656115,20.36910057067871,/ztf/archive/sci/2022/0511/451644/ztf_20220511451644_000725_zg_c16_o_q2_scimrefdiffimg.fits.fz,Kulkarni,1,1.956451656115015e+18,t,15.0,1956,61,725,1603.3399658203125,2372.199951171875,265.3847535,43.5648344,20.175800323486328,0.2608349919319153,1.3118300437927246,20.350200653076172,0.32170000672340393,0.44393399357795715,19.097000122070312,0.03200000151991844,1.7740000486373901,0.03099999949336052,0.009901000186800957,0.17443899810314178,2.9100000858306885,0.5830000042915344,708.2979736328125,0.018883999437093735,1.0492000579833984,1.2000000476837158,1.0240000486373901,0.4123710095882416,0.3518899977207184,1.1718800067901611,6.0,0.0,0.8171430230140686,1.0,20.496000289916992,0.46790000796318054,265.384619,43.5647603,6.88191,26.113800048828125,1.1323700164211914e-05,0.04208479821681976,-0.03967810049653053,2.329130074940622e-05,t17_f5_c3,ZTF20aaiggef
2459710.9540162,1,1956454014815,20.363100051879883,/ztf/archive/sci/2022/0511/454005/ztf_20220511454005_000724_zg_c13_o_q1_scimrefdiffimg.fits.fz,Kulkarni,1,,,,1956,48,724,,,,,,,,,,,,,,,,,,,,,,,,,,,,,,,,,,,,26.138999938964844,1.8642700524651445e-05,0.05655289813876152,-0.08381430059671402,3.95243005186785e-05,t17_f5_c3,ZTF20aaiggef
2459712.886713,2,1958386716115,19.88789939880371,/ztf/archive/sci/2022/0513/386701/ztf_20220513386701_000725_zr_c16_o_q2_scimrefdiffimg.fits.fz,Kulkarni,1,,,,1958,61,725,,,,,,,,,,,,,,,,,,,,,,,,,,,,,,,,,,,,26.02680015563965,5.661449904437177e-06,0.02969910018146038,0.08958730101585388,1.1323600119794719e-05,t17_f5_c3,ZTF20aaiggef
2459712.8876736,2,1958387674815,19.77989959716797,/ztf/archive/sci/2022/0513/387650/ztf_20220513387650_000724_zr_c13_o_q1_scimrefdiffimg.fits.fz,Kulkarni,1,1.958387674815015e+18,t,10.0,1958,48,724,2311.510009765625,2328.929931640625,265.3846418,43.5646861,19.85300064086914,0.26380500197410583,1.366629958152771,19.561899185180664,0.3111000061035156,0.36727800965309143,18.836000442504883,0.024000000208616257,1.2430000305175781,0.09099999815225601,0.4141849875450134,-0.29113900661468506,2.3499999046325684,0.7039999961853027,751.5709838867188,0.217958003282547,1.095810055732727,0.9229999780654907,0.8519999980926514,0.39276599884033203,0.3625530004501343,1.0833300352096558,6.0,0.0,0.9157140254974365,0.9632089734077454,19.49139976501465,0.3736000061035156,265.3845988,43.5647835,5.92083,26.06599998474121,8.581159818277229e-06,0.03837069869041443,0.07319899648427963,1.7701999240671284e-05,t17_f5_c3,ZTF20aaiggef
2459712.9544329,1,1958454434815,20.053199768066406,/ztf/archive/sci/2022/0513/454433/ztf_20220513454433_000724_zg_c13_o_q1_scimrefdiffimg.fits.fz,Kulkarni,1,,,,1958,48,724,,,,,,,,,,,,,,,,,,,,,,,,,,,,,,,,,,,,26.132099151611328,1.7576699974597432e-05,0.05252879858016968,-0.05954720079898834,4.005879964097403e-05,t17_f5_c3,ZTF20aaiggef
2459712.9554051,1,1958455406115,20.041400909423828,/ztf/archive/sci/2022/0513/455370/ztf_20220513455370_000725_zg_c16_o_q2_scimrefdiffimg.fits.fz,Kulkarni,1,1.958455406115015e+18,t,19.0,1958,61,725,1622.8499755859375,2358.489990234375,265.3845054,43.5647596,20.20240020751953,0.3111889958381653,0.7574449777603149,19.572399139404297,0.23229999840259552,0.28383100032806396,19.097000122070312,0.03200000151991844,1.7740000486373901,0.03099999949336052,-0.5579829812049866,-0.6299920082092285,2.3499999046325684,0.5619999766349792,722.0070190429688,0.468997985124588,1.169510006904602,1.1019999980926514,0.7699999809265137,0.4689359962940216,0.3276599943637848,1.4311699867248535,5.0,0.0,0.5842859745025635,0.98300701379776,19.519399642944336,0.2831999957561493,265.384619,43.5647603,5.70537,26.096399307250977,1.753839933371637e-05,0.05076630041003227,-0.029306799173355103,3.820770143647678e-05,t17_f5_c3,ZTF20aaiggef
2459714.8309606,1,1960330964815,19.372800827026367,/ztf/archive/sci/2022/0515/330961/ztf_20220515330961_000724_zg_c13_o_q1_scimrefdiffimg.fits.fz,Kulkarni,1,,,,1960,48,724,,,,,,,,,,,,,,,,,,,,,,,,,,,,,,,,,,,,26.119800567626953,2.6897399948211387e-05,0.05586380138993263,-0.016759099438786507,7.20329990144819e-05,t17_f5_c3,ZTF20aaiggef
2459714.8811806,2,1960381184815,19.568199157714844,/ztf/archive/sci/2022/0515/381123/ztf_20220515381123_000724_zr_c13_o_q1_scimrefdiffimg.fits.fz,Kulkarni,1,,,,1960,48,724,,,,,,,,,,,,,,,,,,,,,,,,,,,,,,,,,,,,26.079299926757812,9.63946968113305e-06,0.0409230999648571,0.08316820114850998,1.988440089917276e-05,t17_f5_c3,ZTF20aaiggef
2459714.9070602,2,1960407066115,19.558900833129883,/ztf/archive/sci/2022/0515/406933/ztf_20220515406933_000725_zr_c16_o_q2_scimrefdiffimg.fits.fz,Kulkarni,1,,,,1960,61,725,,,,,,,,,,,,,,,,,,,,,,,,,,,,,,,,,,,,26.03569984436035,7.67679011914879e-06,0.03452730178833008,0.09464310109615326,1.526689993625041e-05,t17_f5_c3,ZTF20aaiggef
2459714.9508218,1,1960450826115,19.48870086669922,/ztf/archive/sci/2022/0515/450799/ztf_20220515450799_000725_zg_c16_o_q2_scimrefdiffimg.fits.fz,Kulkarni,1,,,,1960,61,725,,,,,,,,,,,,,,,,,,,,,,,,,,,,,,,,,,,,26.111499786376953,1.7712300177663565e-05,0.04634749889373779,-0.04101090133190155,4.385529973660596e-05,t17_f5_c3,ZTF20aaiggef
2459718.8027546,2,1964302756115,19.865800857543945,/ztf/archive/sci/2022/0519/302755/ztf_20220519302755_000725_zr_c16_o_q2_scimrefdiffimg.fits.fz,Kulkarni,1,,,,1964,61,725,,,,,,,,,,,,,,,,,,,,,,,,,,,,,,,,,,,,26.002399444580078,6.156300059956266e-06,0.030919700860977173,0.09059060364961624,1.246939973498229e-05,t17_f5_c3,ZTF20aaiggef
2459718.8032292,2,1964303224815,19.923200607299805,/ztf/archive/sci/2022/0519/303229/ztf_20220519303229_000724_zr_c13_o_q1_scimrefdiffimg.fits.fz,Kulkarni,1,1.964303224815015e+18,t,7.0,1964,48,724,2327.2099609375,2274.800048828125,265.3844252,43.5647353,20.001399993896484,0.30404800176620483,1.1211800575256348,20.055299758911133,0.44269999861717224,0.4789319932460785,18.836000442504883,0.024000000208616257,1.2430000305175781,0.09099999815225601,0.21295499801635742,0.05387900024652481,1.2515000104904175,0.7179999947547913,745.2860107421875,-0.13207900524139404,2.0,1.0509999990463257,0.953000009059906,0.8397899866104126,0.7614840269088745,1.1028300523757935,2.0,0.0,0.8600000143051147,0.9797239899635315,19.962499618530273,0.5202999711036682,265.3845988,43.5647835,5.64371,26.028400421142578,9.669430255598854e-06,0.0406855009496212,0.08083400130271912,1.9937200704589486e-05,t17_f5_c3,ZTF20aaiggef
2459718.8888426,2,1964388844815,20.07900047302246,/ztf/archive/sci/2022/0519/388831/ztf_20220519388831_000724_zr_c13_o_q1_scimrefdiffimg.fits.fz,Kulkarni,1,,,,1964,48,724,,,,,,,,,,,,,,,,,,,,,,,,,,,,,,,,,,,,26.06410026550293,7.2885800364019815e-06,0.03519989922642708,0.08055879920721054,1.5117499970074277e-05,t17_f5_c3,ZTF20aaiggef
2459718.8903356,2,1964390336115,20.126300811767578,/ztf/archive/sci/2022/0519/390289/ztf_20220519390289_000725_zr_c16_o_q2_scimrefdiffimg.fits.fz,Kulkarni,1,1.964390336115015e+18,t,23.0,1964,61,725,1657.68994140625,2318.260009765625,265.3846385,43.5647188,19.991100311279297,0.21361400187015533,1.2891499996185303,19.721500396728516,0.28679999709129333,0.1694290041923523,18.86199951171875,0.024000000208616257,1.2319999933242798,0.08299999684095383,0.052083998918533325,-0.2696410119533539,1.1827499866485596,0.7300000190734863,762.2379760742188,0.4048280119895935,2.0,0.6880000233650208,0.578000009059906,0.581695020198822,0.4886910021305084,1.190310001373291,8.0,0.0,0.9157140254974365,0.9167619943618774,19.699600219726562,0.3596000075340271,265.3846149,43.5647656,5.75304,26.032100677490234,4.483149950829102e-06,0.026332899928092957,0.08631200343370438,9.05361957848072e-06,t17_f5_c3,ZTF20aaiggef
2459721.8262731,2,1967326274815,20.627199172973633,/ztf/archive/sci/2022/0522/326273/ztf_20220522326273_000724_zr_c13_o_q1_scimrefdiffimg.fits.fz,Kulkarni,1,,,,1967,48,724,,,,,,,,,,,,,,,,,,,,,,,,,,,,,,,,,,,,26.04450035095215,1.14385002234485e-05,0.044570401310920715,0.07306010276079178,2.363500061619561e-05,t17_f5_c3,ZTF20aaiggef
2459721.8468519,2,1967346856115,20.65570068359375,/ztf/archive/sci/2022/0522/346852/ztf_20220522346852_000725_zr_c16_o_q2_scimrefdiffimg.fits.fz,Kulkarni,1,1.967346856115015e+18,t,22.0,1967,61,725,1661.8900146484375,2349.510009765625,265.3846033,43.5648356,20.110599517822266,0.19915899634361267,1.4774999618530273,20.0177001953125,0.23180000483989716,0.25488799810409546,18.86199951171875,0.024000000208616257,1.2319999933242798,0.08299999684095383,0.13360799849033356,-0.09289799630641937,2.200000047683716,0.8500000238418579,730.9869995117188,0.6379629969596863,1.107509970664978,1.00600004196167,0.8420000076293945,0.457273006439209,0.3827269971370697,1.1947699785232544,2.0,0.0,0.892857015132904,1.0,19.91939926147461,0.2687999904155731,265.3846149,43.5647656,7.26038,26.03059959411621,3.6393200844031526e-06,0.023790499195456505,0.08949869871139526,7.330079824896529e-06,t17_f5_c3,ZTF20aaiggef
2459721.886875,2,1967386874815,20.569799423217773,/ztf/archive/sci/2022/0522/386863/ztf_20220522386863_000724_zr_c13_o_q1_scimrefdiffimg.fits.fz,Kulkarni,1,1.967386874815015e+18,t,11.0,1967,48,724,2313.840087890625,2331.93994140625,265.3843624,43.564675,20.14349937438965,0.2510940134525299,1.2493699789047241,20.16939926147461,0.28850001096725464,0.7210419774055481,18.836000442504883,0.024000000208616257,1.2430000305175781,0.09099999815225601,-0.009087000042200089,0.0258760005235672,2.8299999237060547,0.9649999737739563,748.5599975585938,0.4003649950027466,0.8536030054092407,0.8759999871253967,0.7429999709129333,0.3095409870147705,0.26254400610923767,1.1790000200271606,2.0,0.0,0.9042860269546509,1.0,19.615999221801758,0.22100000083446503,265.3845988,43.5647835,7.55998,26.056499481201172,9.600809789844789e-06,0.04079290106892586,0.0727808028459549,1.970670018636156e-05,t17_f5_c3,ZTF20aaiggef
2459721.8902083,2,1967390206115,20.41819953918457,/ztf/archive/sci/2022/0522/390208/ztf_20220522390208_000725_zr_c16_o_q2_scimrefdiffimg.fits.fz,Kulkarni,1,1.967390206115015e+18,t,16.0,1967,61,725,1646.8800048828125,2351.75,265.3847622,43.5649024,20.16360092163086,0.18849599361419678,0.9869120121002197,19.915700912475586,0.2425999939441681,0.6295329928398132,18.86199951171875,0.024000000208616257,1.2319999933242798,0.08299999684095383,-0.19378399848937988,-0.24793699383735657,1.299780011177063,0.4189999997615814,728.7529907226562,0.5024579763412476,2.0,0.9879999756813049,0.7289999723434448,0.7601310014724731,0.5608659982681274,1.3552800416946411,4.0,0.0,0.9342859983444214,0.9608659744262695,20.02720069885254,0.3418999910354614,265.3846149,43.5647656,5.6109,26.053600311279297,5.0864200602518395e-06,0.028082100674510002,0.09101320058107376,1.018170041788835e-05,t17_f5_c3,ZTF20aaiggef
2459723.8285648,2,1969328564815,20.56570053100586,/ztf/archive/sci/2022/0524/328565/ztf_20220524328565_000724_zr_c13_o_q1_scimrefdiffimg.fits.fz,Kulkarni,1,1.969328564815015e+18,t,18.0,1969,48,724,2330.31005859375,2314.909912109375,265.384318,43.5646415,20.34939956665039,0.2609879970550537,1.753190040588379,20.10420036315918,0.26899999380111694,0.8818380236625671,18.836000442504883,0.024000000208616257,1.2430000305175781,0.09099999815225601,-0.04156000167131424,-0.24516800045967102,1.2260099649429321,0.550000011920929,742.1849975585938,0.46148601174354553,2.0,1.0889999866485596,0.9089999794960022,0.8882459998130798,0.741428017616272,1.1980199813842773,3.0,0.0,0.7842860221862793,0.9953410029411316,20.322799682617188,0.4171999990940094,265.3845988,43.5647835,6.20426,26.026399612426758,1.0910400305874646e-05,0.043426498770713806,0.06834679841995239,2.2379499569069594e-05,t17_f5_c3,ZTF20aaiggef
2459723.8448611,2,1969344866115,20.567800521850586,/ztf/archive/sci/2022/0524/344838/ztf_20220524344838_000725_zr_c16_o_q2_scimrefdiffimg.fits.fz,Kulkarni,1,1.969344866115015e+18,t,19.0,1969,61,725,1663.010009765625,2339.93994140625,265.3847281,43.5647725,20.104000091552734,0.17092899978160858,0.6469749808311462,19.94969940185547,0.2362000048160553,0.2940559983253479,18.86199951171875,0.024000000208616257,1.2319999933242798,0.08299999684095383,0.0744670033454895,-0.15430299937725067,1.2104599475860596,0.9049999713897705,740.5579833984375,0.6181179881095886,2.0,0.699999988079071,0.5870000123977661,0.5782930254936218,0.4849399924278259,1.1924999952316284,4.0,0.0,0.9157140254974365,0.9530770182609558,20.364299774169922,0.438400000333786,265.3846149,43.5647656,5.07139,25.9950008392334,3.8951297938183416e-06,0.02456820011138916,0.088326096534729,7.81247035774868e-06,t17_f5_c3,ZTF20aaiggef
2459723.8878125,1,1969387814815,20.564800262451172,/ztf/archive/sci/2022/0524/387801/ztf_20220524387801_000724_zg_c13_o_q1_scimrefdiffimg.fits.fz,Kulkarni,1,,,,1969,48,724,,,,,,,,,,,,,,,,,,,,,,,,,,,,,,,,,,,,26.088300704956055,3.0115899789961986e-05,0.07028020173311234,-0.06557340174913406,6.53710012556985e-05,t17_f5_c3,ZTF20aaiggef
2459723.9115046,1,1969411506115,20.57390022277832,/ztf/archive/sci/2022/0524/411493/ztf_20220524411493_000725_zg_c16_o_q2_scimrefdiffimg.fits.fz,Kulkarni,1,1.969411506115015e+18,t,12.0,1969,61,725,1650.4100341796875,2347.02001953125,265.3847019,43.5647455,20.071300506591797,0.19807399809360504,1.093440055847168,20.118799209594727,0.2515000104904175,0.21953299641609192,19.097000122070312,0.03200000151991844,1.7740000486373901,0.03099999949336052,0.15952900052070618,0.0475040003657341,2.0399999618530273,0.8009999990463257,733.47900390625,0.4550670087337494,1.2884999513626099,0.8240000009536743,0.7009999752044678,0.4039219915866852,0.343627005815506,1.1754599809646606,3.0,0.0,0.9785709977149963,1.0,20.181299209594727,0.3384000062942505,265.384619,43.5647603,7.94801,26.051300048828125,9.595330084266607e-06,0.038619499653577805,-0.055163800716400146,1.9279999833088368e-05,t17_f5_c3,ZTF20aaiggef
2459725.8508565,1,1971350854815,20.435800552368164,/ztf/archive/sci/2022/0526/350833/ztf_20220526350833_000724_zg_c13_o_q1_scimrefdiffimg.fits.fz,Kulkarni,1,1.971350854815015e+18,t,14.0,1971,48,724,2342.409912109375,2295.860107421875,265.3843119,43.5647049,20.27750015258789,0.33813801407814026,1.4073899984359741,20.109800338745117,0.2572999894618988,0.7840790152549744,19.094999313354492,0.019999999552965164,0.8169999718666077,0.0010000000474974513,-0.025761999189853668,-0.1677349954843521,1.440369963645935,0.421999990940094,730.0900268554688,0.3260290026664734,2.0,1.277999997138977,1.1799999475479126,0.8872720003128052,0.8192340135574341,1.083050012588501,2.0,0.0,0.6814290285110474,1.0,19.942800521850586,0.2809999883174896,265.3845965,43.5647832,6.69444,26.101499557495117,2.4532899260520935e-05,0.06317850202322006,-0.08588989824056625,5.29924982402008e-05,t17_f5_c3,ZTF20aaiggef
2459725.8690741,1,1971369076115,20.745899200439453,/ztf/archive/sci/2022/0526/369051/ztf_20220526369051_000725_zg_c16_o_q2_scimrefdiffimg.fits.fz,Kulkarni,1,1.971369076115015e+18,t,24.0,1971,61,725,1685.800048828125,2321.800048828125,265.3846241,43.5648057,20.25119972229004,0.2361229956150055,1.4553500413894653,20.463699340820312,0.30820000171661377,0.18124499917030334,19.097000122070312,0.03200000151991844,1.7740000486373901,0.03099999949336052,0.13520599901676178,0.2125300019979477,2.8399999141693115,0.8579999804496765,758.7039794921875,0.2821510136127472,0.8884199857711792,0.8149999976158142,0.574999988079071,0.2869719862937927,0.2024649977684021,1.417389988899231,6.0,0.0,0.8828570246696472,0.9128260016441345,20.259199142456055,0.3246999979019165,265.384619,43.5647603,7.13459,26.10219955444336,8.463650374324061e-06,0.03638539835810661,-0.04597799852490425,1.6964699170785025e-05,t17_f5_c3,ZTF20aaiggef
2459725.8815509,2,1971381556115,20.59480094909668,/ztf/archive/sci/2022/0526/381470/ztf_20220526381470_000725_zr_c16_o_q2_scimrefdiffimg.fits.fz,Kulkarni,1,1.971381556115015e+18,t,21.0,1971,61,725,1672.18994140625,2331.97998046875,265.3847145,43.5647119,20.087200164794922,0.17465700209140778,1.4686700105667114,19.742000579833984,0.18809999525547028,0.32041001319885254,18.86199951171875,0.024000000208616257,1.2319999933242798,0.08299999684095383,0.08825100213289261,-0.34519198536872864,2.3399999141693115,0.8149999976158142,748.5230102539062,0.852778971195221,1.051169991493225,0.8529999852180481,0.7870000004768372,0.3645299971103668,0.3363249897956848,1.0838600397109985,0.0,0.0,0.8942859768867493,1.0,20.15329933166504,0.3472000062465668,265.3846149,43.5647656,7.10407,26.037200927734375,3.741080035979394e-06,0.02407969906926155,0.08433180302381516,7.529089998570271e-06,t17_f5_c3,ZTF20aaiggef
2459727.8259606,2,1973325964815,19.722900390625,/ztf/archive/sci/2022/0528/325938/ztf_20220528325938_000724_zr_c13_o_q1_scimrefdiffimg.fits.fz,Kulkarni,1,,,,1973,48,724,,,,,,,,,,,,,,,,,,,,,,,,,,,,,,,,,,,,25.66950035095215,1.587309998285491e-05,0.05217260122299194,0.07630480080842972,3.295439819339663e-05,t17_f5_c3,ZTF20aaiggef
2459727.8264352,2,1973326436115,19.705900192260742,/ztf/archive/sci/2022/0528/326424/ztf_20220528326424_000725_zr_c16_o_q2_scimrefdiffimg.fits.fz,Kulkarni,1,,,,1973,61,725,,,,,,,,,,,,,,,,,,,,,,,,,,,,,,,,,,,,25.565200805664062,8.404130312555935e-06,0.03615590184926987,0.09624920040369034,1.68448004842503e-05,t17_f5_c3,ZTF20aaiggef
2459727.8608912,1,1973360896115,20.42889976501465,/ztf/archive/sci/2022/0528/360613/ztf_20220528360613_000725_zg_c16_o_q2_scimrefdiffimg.fits.fz,Kulkarni,1,1.973360896115015e+18,t,13.0,1973,61,725,1669.93994140625,2348.080078125,265.3845796,43.5647495,20.01449966430664,0.24584800004959106,1.0693399906158447,19.92889976501465,0.22380000352859497,0.08852700144052505,19.097000122070312,0.03200000151991844,1.7740000486373901,0.03099999949336052,-0.2170490026473999,-0.08560899645090103,2.7300000190734863,0.4569999873638153,732.4190063476562,0.5000439882278442,1.0382200479507446,1.218999981880188,0.7990000247955322,0.44652000069618225,0.2926740050315857,1.5256600379943848,4.0,0.0,0.6700000166893005,0.9822030067443848,20.03190040588379,0.3122999966144562,265.384619,43.5647603,5.98534,25.944499969482422,1.2752800103044137e-05,0.044202398508787155,-0.023992400616407394,2.6574000003165565e-05,t17_f5_c3,ZTF20aaiggef
2459727.8643981,1,1973364394815,20.439599990844727,/ztf/archive/sci/2022/0528/364387/ztf_20220528364387_000724_zg_c13_o_q1_scimrefdiffimg.fits.fz,Kulkarni,1,,,,1973,48,724,,,,,,,,,,,,,,,,,,,,,,,,,,,,,,,,,,,,25.913400650024414,2.7653699362417683e-05,0.06679839640855789,-0.07598879933357239,6.115099677117541e-05,t17_f5_c3,ZTF20aaiggef
2459730.8860764,1,1976386074815,20.822099685668945,/ztf/archive/sci/2022/0531/386065/ztf_20220531386065_000724_zg_c13_o_q1_scimrefdiffimg.fits.fz,Kulkarni,1,,,,1976,48,724,,,,,,,,,,,,,,,,,,,,,,,,,,,,,,,,,,,,26.15329933166504,2.4321199816768058e-05,0.06351739913225174,-0.09631919860839844,5.297600000631064e-05,t17_f5_c3,ZTF20aaiggef
2459730.8908449,1,1976390846115,20.785200119018555,/ztf/archive/sci/2022/0531/390845/ztf_20220531390845_000725_zg_c16_o_q2_scimrefdiffimg.fits.fz,Kulkarni,1,1.976390846115015e+18,t,11.0,1976,61,725,1632.9300537109375,2359.75,265.3846662,43.5647613,20.296300888061523,0.23406900465488434,1.315440058708191,20.44230079650879,0.2809000015258789,0.13544000685214996,19.097000122070312,0.03200000151991844,1.7740000486373901,0.03099999949336052,0.11623399704694748,0.14602400362491608,2.9000000953674316,0.800000011920929,720.7550048828125,0.34287700057029724,0.9088760018348694,0.8889999985694885,0.6230000257492065,0.306551992893219,0.2148279994726181,1.4269700050354004,8.0,0.0,0.8799999952316284,0.8756009936332703,20.44260025024414,0.3562000095844269,265.384619,43.5647603,7.23152,26.13129997253418,9.206440154230222e-06,0.03780030086636543,-0.05011250078678131,1.8650200217962265e-05,t17_f5_c3,ZTF20aaiggef
2459730.9061458,2,1976406144815,20.78380012512207,/ztf/archive/sci/2022/0531/406134/ztf_20220531406134_000724_zr_c13_o_q1_scimrefdiffimg.fits.fz,Kulkarni,1,1.976406144815015e+18,t,31.0,1976,48,724,2310.7099609375,2338.909912109375,265.3842964,43.5648173,20.420799255371094,0.18061499297618866,0.7416669726371765,20.252599716186523,0.26080000400543213,0.8025149703025818,18.836000442504883,0.024000000208616257,1.2430000305175781,0.09099999815225601,0.27632901072502136,-0.16819900274276733,1.2026100158691406,0.8119999766349792,741.5910034179688,0.5312029719352722,2.0,0.6140000224113464,0.5580000281333923,0.5105569958686829,0.46399199962615967,1.1003600358963013,6.0,0.0,0.8628569841384888,0.9128440022468567,20.23240089416504,0.3237000107765198,265.3845988,43.5647835,5.37495,26.077800750732422,1.0711100003391039e-05,0.043125201016664505,0.06991460174322128,2.2118800188764e-05,t17_f5_c3,ZTF20aaiggef
2459730.9089815,2,1976408986115,20.7189998626709,/ztf/archive/sci/2022/0531/408970/ztf_20220531408970_000725_zr_c16_o_q2_scimrefdiffimg.fits.fz,Kulkarni,1,1.976408986115015e+18,t,19.0,1976,61,725,1632.52001953125,2365.070068359375,265.3846803,43.5647602,20.076799392700195,0.17167000472545624,1.3543200492858887,19.942899703979492,0.2037999927997589,0.17746399343013763,18.86199951171875,0.024000000208616257,1.2319999933242798,0.08299999684095383,0.32725799083709717,-0.13392800092697144,1.2285900115966797,0.6869999766349792,715.427001953125,0.7761409878730774,2.0,0.925000011920929,0.7960000038146973,0.7528989911079407,0.6478999853134155,1.162060022354126,1.0,0.0,0.9328569769859314,1.0,20.048099517822266,0.2840000092983246,265.3846149,43.5647656,5.73913,26.054800033569336,3.974129867856391e-06,0.024884499609470367,0.0877557024359703,7.987109711393714e-06,t17_f5_c3,ZTF20aaiggef
2459732.8873495,2,1978387344815,20.569700241088867,/ztf/archive/sci/2022/0602/387338/ztf_20220602387338_000724_zr_c13_o_q1_scimrefdiffimg.fits.fz,Kulkarni,1,1.978387344815015e+18,t,17.0,1978,48,724,2320.840087890625,2331.659912109375,265.3842635,43.5646611,20.378299713134766,0.25304800271987915,1.2246099710464478,20.273700714111328,0.31040000915527344,0.9844449758529663,18.836000442504883,0.024000000208616257,1.2430000305175781,0.09099999815225601,-0.11163800209760666,-0.10464800149202347,1.2337199449539185,0.5320000052452087,748.844970703125,0.2960430085659027,2.0,0.9089999794960022,0.7910000085830688,0.7367990016937256,0.6411529779434204,1.1491800546646118,6.0,0.0,0.8500000238418579,0.9796580076217651,20.053800582885742,0.322299987077713,265.3845988,43.5647835,5.42512,26.060300827026367,1.0315299732610583e-05,0.04230760037899017,0.0700410008430481,2.128710002580192e-05,t17_f5_c3,ZTF20aaiggef
2459732.8906944,2,1978390696115,20.48080062866211,/ztf/archive/sci/2022/0602/390683/ztf_20220602390683_000725_zr_c16_o_q2_scimrefdiffimg.fits.fz,Kulkarni,1,1.978390696115015e+18,t,26.0,1978,61,725,1647.0999755859375,2349.8701171875,265.3846403,43.5647285,20.072399139404297,0.1894340068101883,1.102370023727417,19.901599884033203,0.2304999977350235,0.1387919932603836,18.86199951171875,0.024000000208616257,1.2319999933242798,0.08299999684095383,0.32016798853874207,-0.17076900601387024,2.5399999618530273,0.7110000252723694,730.6329956054688,0.5791990160942078,1.0099600553512573,0.7070000171661377,0.5989999771118164,0.2783460021018982,0.2358269989490509,1.180299997329712,3.0,0.0,0.9642860293388367,0.9525870084762573,19.876800537109375,0.28619998693466187,265.3846149,43.5647656,5.82228,26.04439926147461,4.527720193436835e-06,0.02654940076172352,0.09125149995088577,9.04022999748122e-06,t17_f5_c3,ZTF20aaiggef
2459732.9229514,1,1978422954815,20.556800842285156,/ztf/archive/sci/2022/0602/422940/ztf_20220602422940_000724_zg_c13_o_q1_scimrefdiffimg.fits.fz,Kulkarni,1,1.978422954815015e+18,t,13.0,1978,48,724,2319.7099609375,2326.18994140625,265.3843358,43.5646972,20.365699768066406,0.2694140076637268,1.2973500490188599,20.143199920654297,0.26829999685287476,0.7451930046081543,19.094999313354492,0.019999999552965164,0.8169999718666077,0.0010000000474974513,0.18355900049209595,-0.22252599895000458,1.2727700471878052,0.6700000166893005,752.7940063476562,0.4136219918727875,2.0,0.871999979019165,0.6959999799728394,0.6851199865341187,0.5468389987945557,1.252869963645935,4.0,0.0,0.9071429967880249,0.9529399871826172,20.374300003051758,0.4221999943256378,265.3845965,43.5647832,6.21968,26.136699676513672,1.9309100025566295e-05,0.05716390162706375,-0.09569770097732544,4.063529922859743e-05,t17_f5_c3,ZTF20aaiggef
2459732.9238889,1,1978423886115,20.587299346923828,/ztf/archive/sci/2022/0602/423889/ztf_20220602423889_000725_zg_c16_o_q2_scimrefdiffimg.fits.fz,Kulkarni,1,1.978423886115015e+18,t,18.0,1978,61,725,1651.6099853515625,2355.7099609375,265.384673,43.564687,20.176000595092773,0.22605200111865997,1.13031005859375,20.240299224853516,0.2727999985218048,0.2947930097579956,19.097000122070312,0.03200000151991844,1.7740000486373901,0.03099999949336052,0.3635079860687256,0.06432899832725525,1.5,0.718999981880188,724.7930297851562,0.346998006105423,1.7841099500656128,0.8190000057220459,0.6489999890327454,0.5460000038146973,0.43266698718070984,1.2619400024414062,3.0,0.0,0.9685710072517395,1.0,20.19339942932129,0.33219999074935913,265.384619,43.5647603,8.83217,26.117000579833984,9.142770068137906e-06,0.03785739839076996,-0.04714120179414749,1.8229700799565762e-05,t17_f5_c3,ZTF20aaiggef
2459734.7656829,2,1980265684815,19.298099517822266,/ztf/archive/sci/2022/0604/265683/ztf_20220604265683_000724_zr_c13_o_q1_scimrefdiffimg.fits.fz,Kulkarni,1,,,,1980,48,724,,,,,,,,,,,,,,,,,,,,,,,,,,,,,,,,,,,,25.324399948120117,1.2569999853440095e-05,0.04613729938864708,0.08058709651231766,2.612810021673795e-05,t17_f5_c3,ZTF20aaiggef
2459734.8191782,1,1980319174815,20.8518009185791,/ztf/archive/sci/2022/0604/319132/ztf_20220604319132_000724_zg_c13_o_q1_scimrefdiffimg.fits.fz,Kulkarni,1,,,,1980,48,724,,,,,,,,,,,,,,,,,,,,,,,,,,,,,,,,,,,,26.139400482177734,2.1143699996173382e-05,0.06013239920139313,-0.10574200004339218,4.4219101255293936e-05,t17_f5_c3,ZTF20aaiggef
2459734.9086343,1,1980408636115,20.06839942932129,/ztf/archive/sci/2022/0604/408623/ztf_20220604408623_000725_zg_c16_o_q2_scimrefdiffimg.fits.fz,Kulkarni,1,1.980408636115015e+18,t,16.0,1980,61,725,1655.469970703125,2353.6298828125,265.3846813,43.5646832,20.2726993560791,0.3906700015068054,1.4209799766540527,20.48740005493164,0.5702000260353088,0.313634991645813,19.097000122070312,0.03200000151991844,1.7740000486373901,0.03099999949336052,0.2605699896812439,0.21466399729251862,1.2764899730682373,0.4000000059604645,726.8699951171875,-0.41902199387550354,2.0,0.9190000295639038,0.6759999990463257,0.7199450135231018,0.5295789837837219,1.359470009803772,6.0,0.0,0.8842859864234924,0.8438360095024109,20.688899993896484,0.8766999840736389,265.384619,43.5647603,5.0822,25.507699966430664,1.3797000065096654e-05,0.04529169946908951,-0.04219119995832443,2.9545699362643063e-05,t17_f5_c3,ZTF20aaiggef
2459734.9488079,2,1980448806115,20.533700942993164,/ztf/archive/sci/2022/0604/448796/ztf_20220604448796_000725_zr_c16_o_q2_scimrefdiffimg.fits.fz,Kulkarni,1,,,,1980,61,725,,,,,,,,,,,,,,,,,,,,,,,,,,,,,,,,,,,,25.96619987487793,4.103850187675562e-06,0.025295499712228775,0.0859702005982399,8.233490007114597e-06,t17_f5_c3,ZTF20aaiggef
2459736.9283565,2,1982428354815,20.709800720214844,/ztf/archive/sci/2022/0606/428345/ztf_20220606428345_000724_zr_c13_o_q1_scimrefdiffimg.fits.fz,Kulkarni,1,1.982428354815015e+18,t,20.0,1982,48,724,2320.31005859375,2326.330078125,265.3841262,43.5645469,20.64069938659668,0.29773399233818054,1.0648399591445923,20.45709991455078,0.3269999921321869,1.4924299716949463,18.836000442504883,0.024000000208616257,1.2430000305175781,0.09099999815225601,-0.03240500018000603,-0.18363800644874573,1.2311500310897827,0.4480000138282776,752.1859741210938,0.2527320086956024,2.0,0.9589999914169312,0.9139999747276306,0.7789450287818909,0.742393970489502,1.0492299795150757,2.0,0.0,0.6657140254974365,1.0,20.091299057006836,0.2964000105857849,265.3845988,43.5647835,5.18456,26.071699142456055,1.132869965658756e-05,0.04417530074715614,0.061216801404953,2.3374399461317807e-05,t17_f5_c3,ZTF20aaiggef
2459736.9491435,1,1982449144815,20.732500076293945,/ztf/archive/sci/2022/0606/449132/ztf_20220606449132_000724_zg_c13_o_q1_scimrefdiffimg.fits.fz,Kulkarni,1,,,,1982,48,724,,,,,,,,,,,,,,,,,,,,,,,,,,,,,,,,,,,,26.129600524902344,2.2548099877894856e-05,0.06223909929394722,-0.10018199682235718,4.702209844253957e-05,t17_f5_c3,ZTF20aaiggef
2459737.7901042,2,1983290106115,20.52910041809082,/ztf/archive/sci/2022/0607/290081/ztf_20220607290081_000725_zr_c16_o_q2_scimrefdiffimg.fits.fz,Kulkarni,1,1.983290106115015e+18,t,16.0,1983,61,725,1679.1800537109375,2319.7900390625,265.3846404,43.5647925,20.29800033569336,0.20918899774551392,1.0894800424575806,20.59040069580078,0.44179999828338623,0.11606500297784805,18.86199951171875,0.024000000208616257,1.2319999933242798,0.08299999684095383,0.3732050061225891,0.29239800572395325,2.3499999046325684,0.8230000138282776,760.7059936523438,-0.06132499873638153,1.0178899765014648,0.6150000095367432,0.5239999890327454,0.2617020010948181,0.22297899425029755,1.1736600399017334,7.0,0.0,0.8814290165901184,0.9245880246162415,20.16510009765625,0.3817000091075897,265.3846149,43.5647656,5.95501,26.07200050354004,4.058690137753729e-06,0.025124000385403633,0.08188489824533463,8.120649908960331e-06,t17_f5_c3,ZTF20aaiggef
2459737.8291667,1,1983329166115,20.532899856567383,/ztf/archive/sci/2022/0607/329144/ztf_20220607329144_000725_zg_c16_o_q2_scimrefdiffimg.fits.fz,Kulkarni,1,1.983329166115015e+18,t,27.0,1983,61,725,1672.4300537109375,2328.179931640625,265.3846642,43.5647145,20.113300323486328,0.1876319944858551,1.2650400400161743,20.354799270629883,0.313400000333786,0.19672399759292603,19.097000122070312,0.03200000151991844,1.7740000486373901,0.03099999949336052,-0.0712520033121109,0.24146400392055511,3.299999952316284,0.843999981880188,752.323974609375,0.1780650019645691,0.8187879920005798,0.7620000243186951,0.6880000233650208,0.23090900480747223,0.20848500728607178,1.1075600385665894,4.0,0.0,0.9671429991722107,1.0,20.378799438476562,0.4081999957561493,265.384619,43.5647603,7.68904,26.161300659179688,8.983440238807816e-06,0.03752090036869049,-0.06104930117726326,1.8087399439536966e-05,t17_f5_c3,ZTF20aaiggef
2459738.892338,1,1984392334815,20.756500244140625,/ztf/archive/sci/2022/0608/392326/ztf_20220608392326_000724_zg_c13_o_q1_scimrefdiffimg.fits.fz,Kulkarni,1,,,,1984,48,724,,,,,,,,,,,,,,,,,,,,,,,,,,,,,,,,,,,,26.10070037841797,2.1162199118407443e-05,0.0603828988969326,-0.10410500317811966,4.382149927550927e-05,t17_f5_c3,ZTF20aaiggef
2459738.9236921,2,1984423694815,20.433900833129883,/ztf/archive/sci/2022/0608/423681/ztf_20220608423681_000724_zr_c13_o_q1_scimrefdiffimg.fits.fz,Kulkarni,1,,,,1984,48,724,,,,,,,,,,,,,,,,,,,,,,,,,,,,,,,,,,,,26.023700714111328,1.060009981301846e-05,0.04275590181350708,0.07022809982299805,2.1746100173913874e-05,t17_f5_c3,ZTF20aaiggef
2459708.8877662,2,1954387766115,20.061100006103516,/ztf/archive/sci/2022/0509/387755/ztf_20220509387755_000725_zr_c16_o_q2_scimrefdiffimg.fits.fz,Kulkarni,1,1.954387766115015e+18,t,18.0,1954,61,725,1635.4599609375,2355.219970703125,265.3845436,43.5648127,20.209299087524414,0.30591899156570435,0.9838529825210571,19.866199493408203,0.23520000278949738,0.2553099989891052,18.86199951171875,0.024000000208616257,1.2319999933242798,0.08299999684095383,-0.41204699873924255,-0.3431360125541687,1.777899980545044,0.3840000033378601,725.2839965820312,0.1948859989643097,2.0,1.0290000438690186,0.8550000190734863,0.5787709951400757,0.4809029996395111,1.203510046005249,2.0,0.0,0.802856981754303,1.0,19.824800491333008,0.2881999909877777,265.3846149,43.5647656,5.17714,26.046300888061523,6.931059942871798e-06,0.03285299986600876,0.09490279853343964,1.391220030200202e-05,t17_f5_c3,ZTF20aaiggef
2459708.8892361,2,1954389234815,20.10099983215332,/ztf/archive/sci/2022/0509/389213/ztf_20220509389213_000724_zr_c13_o_q1_scimrefdiffimg.fits.fz,Kulkarni,1,,,,1954,48,724,,,,,,,,,,,,,,,,,,,,,,,,,,,,,,,,,,,,26.064199447631836,1.1037699550797697e-05,0.04370959848165512,0.07411979883909225,2.2723499569110572e-05,t17_f5_c3,ZTF20aaiggef
2459708.9523495,2,1954452344815,20.21739959716797,/ztf/archive/sci/2022/0509/452350/ztf_20220509452350_000724_zr_c13_o_q1_scimrefdiffimg.fits.fz,Kulkarni,1,,,,1954,48,724,,,,,,,,,,,,,,,,,,,,,,,,,,,,,,,,,,,,26.061899185180664,1.1803999768744688e-05,0.045303698629140854,0.0715188980102539,2.4309400032507256e-05,t17_f5_c3,ZTF20aaiggef
2459708.9532986,2,1954453296115,20.372699737548828,/ztf/archive/sci/2022/0509/453299/ztf_20220509453299_000725_zr_c16_o_q2_scimrefdiffimg.fits.fz,Kulkarni,1,1.954453296115015e+18,t,13.0,1954,61,725,1620.52001953125,2359.81005859375,265.3845821,43.5648248,20.074800491333008,0.1931450068950653,1.4117900133132935,19.60099983215332,0.17489999532699585,0.22991900146007538,18.86199951171875,0.024000000208616257,1.2319999933242798,0.08299999684095383,-0.10594099760055542,-0.47376200556755066,1.418280005455017,0.6859999895095825,720.68701171875,0.7717289924621582,2.0,1.1670000553131104,1.0579999685287476,0.822829008102417,0.7459759712219238,1.1030199527740479,3.0,0.0,0.7428569793701172,1.0,19.532100677490234,0.2085999995470047,265.3846149,43.5647656,6.78649,26.047800064086914,4.8964598136080895e-06,0.027680199593305588,0.08867699652910233,9.908269930747338e-06,t17_f5_c3,ZTF20aaiggef
2459736.9283565,2,1982428354815,20.709800720214844,/ztf/archive/sci/2022/0606/428345/ztf_20220606428345_000724_zr_c13_o_q1_scimrefdiffimg.fits.fz,Kulkarni,1,,,,1982,48,724,,,,,,,,,,,,,,,,,,,,,,,,,,,,,,,,,,,,26.071699142456055,1.132869965658756e-05,0.04417530074715614,0.061216801404953,2.3374399461317807e-05,t17_f5_c3,ZTF20aaiggef
2459737.7901042,2,1983290106115,20.52910041809082,/ztf/archive/sci/2022/0607/290081/ztf_20220607290081_000725_zr_c16_o_q2_scimrefdiffimg.fits.fz,Kulkarni,1,1.983290106115015e+18,1,16.0,1983,61,725,1679.1800537109375,2319.7900390625,265.3846404,43.5647925,20.29800033569336,0.20918899774551392,1.0894800424575806,20.59040069580078,0.44179999828338623,0.11606500297784805,18.86199951171875,0.024000000208616257,1.2319999933242798,0.08299999684095383,0.3732050061225891,0.29239800572395325,2.3499999046325684,0.8230000138282776,760.7059936523438,-0.06132499873638153,1.0178899765014648,0.6150000095367432,0.5239999890327454,0.2617020010948181,0.22297899425029755,1.1736600399017334,7.0,0.0,0.8814290165901184,0.9245880246162415,20.16510009765625,0.3817000091075897,265.3846149,43.5647656,5.95501,26.07200050354004,4.058690137753729e-06,0.025124000385403633,0.08188489824533463,8.120649908960331e-06,t17_f5_c3,ZTF20aaiggef
2459739.8019444,2,1985301946115,20.266599655151367,/ztf/archive/sci/2022/0609/301898/ztf_20220609301898_000725_zr_c16_o_q2_scimrefdiffimg.fits.fz,Kulkarni,1,1.985301946115015e+18,t,20.0,1985,61,725,1701.27001953125,2329.72998046875,265.3846241,43.5647176,20.222200393676758,0.2164900004863739,1.1036499738693237,20.34429931640625,0.4361000061035156,0.1630599945783615,18.86199951171875,0.024000000208616257,1.2319999933242798,0.08299999684095383,0.27518999576568604,0.12208300083875656,2.3499999046325684,0.722000002861023,750.7739868164062,-0.07766000181436539,1.0368200540542603,0.7179999947547913,0.5989999771118164,0.3055320084095001,0.2548939883708954,1.1986600160598755,5.0,0.0,0.9342859983444214,0.9613289833068848,20.188400268554688,0.4832000136375427,265.3846149,43.5647656,6.31219,26.03619956970215,4.251699920132523e-06,0.025664299726486206,0.09475020319223404,8.469020031043328e-06,t17_f5_c3,ZTF20aaiggef
2459739.8852083,1,1985385206115,20.552499771118164,/ztf/archive/sci/2022/0609/385162/ztf_20220609385162_000725_zg_c16_o_q2_scimrefdiffimg.fits.fz,Kulkarni,1,1.985385206115015e+18,t,14.0,1985,61,725,1673.3800048828125,2334.4599609375,265.3846533,43.5647783,20.09939956665039,0.21791699528694153,1.7717700004577637,20.239900588989258,0.27559998631477356,0.11682599782943726,19.097000122070312,0.03200000151991844,1.7740000486373901,0.03099999949336052,-0.07024899870157242,0.14053300023078918,2.890000104904175,0.7419999837875366,746.0380249023438,0.312595009803772,0.9438030123710632,0.7630000114440918,0.6639999747276306,0.26401400566101074,0.22975799441337585,1.1490999460220337,5.0,0.0,0.9585710167884827,0.9516119956970215,20.427799224853516,0.41659998893737793,265.384619,43.5647603,9.0652,26.117399215698242,8.345209607796278e-06,0.036074500530958176,-0.056249599903821945,1.679029992374126e-05,t17_f5_c3,ZTF20aaiggef
2459740.8514583,2,1986351454815,20.172399520874023,/ztf/archive/sci/2022/0610/351458/ztf_20220610351458_000724_zr_c13_o_q1_scimrefdiffimg.fits.fz,Kulkarni,1,,,,1986,48,724,,,,,,,,,,,,,,,,,,,,,,,,,,,,,,,,,,,,26.060199737548828,8.237930160248652e-06,0.0375634990632534,0.0798289030790329,1.7078100427170284e-05,t17_f5_c3,ZTF20aaiggef
2459740.9107176,1,1986410714815,20.607099533081055,/ztf/archive/sci/2022/0610/410718/ztf_20220610410718_000724_zg_c13_o_q1_scimrefdiffimg.fits.fz,Kulkarni,1,,,,1986,48,724,,,,,,,,,,,,,,,,,,,,,,,,,,,,,,,,,,,,26.122100830078125,1.8446800822857767e-05,0.05625090003013611,-0.0956553965806961,3.790629853028804e-05,t17_f5_c3,ZTF20aaiggef
2459702.9370139,2,1948437016115,20.41230010986328,/ztf/archive/sci/2022/0503/437002/ztf_20220503437002_000725_zr_c16_o_q2_scimrefdiffimg.fits.fz,Kulkarni,1,1.948437016115015e+18,t,15.0,1948,61,725,1651.469970703125,2327.830078125,265.3846093,43.5648419,20.22330093383789,0.21033400297164917,0.9282169938087463,20.069499969482422,0.2685999870300293,0.2706260085105896,18.86199951171875,0.024000000208616257,1.2319999933242798,0.08299999684095383,-0.005717999767512083,-0.15375299751758575,2.5299999713897705,0.5860000252723694,752.6669921875,0.3427850008010864,1.0817500352859497,0.8820000290870667,0.75,0.34861698746681213,0.29644298553466797,1.1759999990463257,3.0,0.0,0.9771429896354675,1.0,20.152099609375,0.3682999908924103,265.3846149,43.5647656,6.30902,25.997299194335938,4.594609890773427e-06,0.02679070085287094,0.08700519800186157,9.234749995812308e-06,t17_f5_c3,ZTF20aaiggef
2459702.937963,2,1948437964815,20.290700912475586,/ztf/archive/sci/2022/0503/437951/ztf_20220503437951_000724_zr_c13_o_q1_scimrefdiffimg.fits.fz,Kulkarni,1,,,,1948,48,724,,,,,,,,,,,,,,,,,,,,,,,,,,,,,,,,,,,,26.01729965209961,1.1620400073297787e-05,0.04459470137953758,0.06303410232067108,2.4114400730468333e-05,t17_f5_c3,ZTF20aaiggef
2459702.9497569,1,1948449754815,20.73390007019043,/ztf/archive/sci/2022/0503/449757/ztf_20220503449757_000724_zg_c13_o_q1_scimrefdiffimg.fits.fz,Kulkarni,1,,,,1948,48,724,,,,,,,,,,,,,,,,,,,,,,,,,,,,,,,,,,,,26.07069969177246,2.8652999390033074e-05,0.07011129707098007,-0.1214200034737587,5.975789827061817e-05,t17_f5_c3,ZTF20aaiggef
2459702.9541898,1,1948454186115,20.748199462890625,/ztf/archive/sci/2022/0503/454190/ztf_20220503454190_000725_zg_c16_o_q2_scimrefdiffimg.fits.fz,Kulkarni,1,1.948454186115015e+18,t,22.0,1948,61,725,1636.25,2325.010009765625,265.3846692,43.5647852,20.35099983215332,0.24601100385189056,1.4272300004959106,20.4512996673584,0.2842000126838684,0.17306099832057953,19.097000122070312,0.03200000151991844,1.7740000486373901,0.03099999949336052,-0.032207001000642776,0.10027600079774857,1.3614799976348877,0.5180000066757202,755.4940185546875,0.29685500264167786,2.0,0.6970000267028809,0.6700000166893005,0.5119439959526062,0.49211299419403076,1.0403000116348267,3.0,0.0,0.9657139778137207,0.9950129985809326,20.837200164794922,0.5127999782562256,265.384619,43.5647603,6.72264,26.055999755859375,1.0886000382015482e-05,0.04126749932765961,-0.043003201484680176,2.1993499103700742e-05,t17_f5_c3,ZTF20aaiggef
2459732.8873495,2,1978387344815,20.569700241088867,/ztf/archive/sci/2022/0602/387338/ztf_20220602387338_000724_zr_c13_o_q1_scimrefdiffimg.fits.fz,Kulkarni,1,1.978387344815015e+18,1,17.0,1978,48,724,2320.840087890625,2331.659912109375,265.3842635,43.5646611,20.378299713134766,0.25304800271987915,1.2246099710464478,20.273700714111328,0.31040000915527344,0.9844449758529663,18.836000442504883,0.024000000208616257,1.2430000305175781,0.09099999815225601,-0.11163800209760666,-0.10464800149202347,1.2337199449539185,0.5320000052452087,748.844970703125,0.2960430085659027,2.0,0.9089999794960022,0.7910000085830688,0.7367990016937256,0.6411529779434204,1.1491800546646118,6.0,0.0,0.8500000238418579,0.9796580076217651,20.053800582885742,0.322299987077713,265.3845988,43.5647835,5.42512,26.060300827026367,1.0315299732610583e-05,0.04230760037899017,0.0700410008430481,2.128710002580192e-05,t17_f5_c3,ZTF20aaiggef
2459741.8470602,2,1987347066115,19.903200149536133,/ztf/archive/sci/2022/0611/347049/ztf_20220611347049_000725_zr_c16_o_q2_scimrefdiffimg.fits.fz,Kulkarni,1,1.987347066115015e+18,t,15.0,1987,61,725,1692.1700439453125,2322.110107421875,265.3846597,43.5647648,20.03059959411621,0.21203100681304932,1.181030035018921,19.633100509643555,0.313400000333786,0.11551500111818314,18.86199951171875,0.024000000208616257,1.2319999933242798,0.08299999684095383,0.39488500356674194,-0.39750999212265015,1.2208499908447266,0.9459999799728394,758.3939819335938,0.27007898688316345,2.0,0.6430000066757202,0.5649999976158142,0.5266820192337036,0.4627920091152191,1.1380499601364136,4.0,0.0,0.8742859959602356,1.0,19.873899459838867,0.5004000067710876,265.3846149,43.5647656,5.04258,26.009599685668945,4.405049821798457e-06,0.026144400238990784,0.08813030272722244,8.772830369707663e-06,t17_f5_c3,ZTF20aaiggef
2459741.936169,1,1987436166115,20.443300247192383,/ztf/archive/sci/2022/0611/436157/ztf_20220611436157_000725_zg_c16_o_q2_scimrefdiffimg.fits.fz,Kulkarni,1,,,,1987,61,725,,,,,,,,,,,,,,,,,,,,,,,,,,,,,,,,,,,,26.041400909423828,9.584619874658529e-06,0.03881999850273132,-0.041485801339149475,1.941190021170769e-05,t17_f5_c3,ZTF20aaiggef
2459742.8813889,2,1988381384815,19.54360008239746,/ztf/archive/sci/2022/0612/381377/ztf_20220612381377_000724_zr_c13_o_q1_scimrefdiffimg.fits.fz,Kulkarni,1,,,,1988,48,724,,,,,,,,,,,,,,,,,,,,,,,,,,,,,,,,,,,,26.081199645996094,9.823979780776426e-06,0.041076600551605225,0.07713419944047928,2.0329800463514403e-05,t17_f5_c3,ZTF20aaiggef
2459742.9583102,1,1988458314815,20.160900115966797,/ztf/archive/sci/2022/0612/458160/ztf_20220612458160_000724_zg_c13_o_q1_scimrefdiffimg.fits.fz,Kulkarni,1,,,,1988,48,724,,,,,,,,,,,,,,,,,,,,,,,,,,,,,,,,,,,,26.08530044555664,2.0542000129353255e-05,0.05733409896492958,-0.07623390108346939,4.514370084507391e-05,t17_f5_c3,ZTF20aaiggef
2459743.7987963,2,1989298796115,19.777700424194336,/ztf/archive/sci/2022/0613/298796/ztf_20220613298796_000725_zr_c16_o_q2_scimrefdiffimg.fits.fz,Kulkarni,1,,,,1989,61,725,,,,,,,,,,,,,,,,,,,,,,,,,,,,,,,,,,,,26.07550048828125,5.606319973594509e-06,0.029418399557471275,0.08480650186538696,1.1171199730597436e-05,t17_f5_c3,ZTF20aaiggef
2459743.8882755,1,1989388276115,19.3533992767334,/ztf/archive/sci/2022/0613/388275/ztf_20220613388275_000725_zg_c16_o_q2_scimrefdiffimg.fits.fz,Kulkarni,1,,,,1989,61,725,,,,,,,,,,,,,,,,,,,,,,,,,,,,,,,,,,,,26.144699096679688,2.1178599126869813e-05,0.04697069898247719,-0.019435200840234756,5.676940054399893e-05,t17_f5_c3,ZTF20aaiggef
2459747.8242477,1,1993324244815,19.88949966430664,/ztf/archive/sci/2022/0617/324155/ztf_20220617324155_000724_zg_c13_o_q1_scimrefdiffimg.fits.fz,Kulkarni,1,,,,1993,48,724,,,,,,,,,,,,,,,,,,,,,,,,,,,,,,,,,,,,26.161500930786133,1.2462000086088665e-05,0.04213029891252518,-0.016814500093460083,3.064839984290302e-05,t17_f5_c3,ZTF20aaiggef
2459747.8543287,2,1993354324815,20.172800064086914,/ztf/archive/sci/2022/0617/354282/ztf_20220617354282_000724_zr_c13_o_q1_scimrefdiffimg.fits.fz,Kulkarni,1,,,,1993,48,724,,,,,,,,,,,,,,,,,,,,,,,,,,,,,,,,,,,,26.09309959411621,3.5137200029566884e-06,0.024508999660611153,0.08286280184984207,7.247349913086509e-06,t17_f5_c3,ZTF20aaiggef
2459748.7690278,1,1994269026115,20.598100662231445,/ztf/archive/sci/2022/0618/269016/ztf_20220618269016_000725_zg_c16_o_q2_scimrefdiffimg.fits.fz,Kulkarni,1,,,,1994,61,725,,,,,,,,,,,,,,,,,,,,,,,,,,,,,,,,,,,,26.163700103759766,6.554440005857032e-06,0.03193590044975281,-0.049547698348760605,1.3356599993130658e-05,t17_f5_c3,ZTF20aaiggef
2459749.808125,1,1995308124815,20.30459976196289,/ztf/archive/sci/2022/0619/308125/ztf_20220619308125_000724_zg_c13_o_q1_scimrefdiffimg.fits.fz,Kulkarni,1,,,,1995,48,724,,,,,,,,,,,,,,,,,,,,,,,,,,,,,,,,,,,,26.15690040588379,1.3620499885291792e-05,0.04735099896788597,-0.06151049956679344,3.018690040335059e-05,t17_f5_c3,ZTF20aaiggef
2459749.8267477,2,1995326744815,20.30419921875,/ztf/archive/sci/2022/0619/326736/ztf_20220619326736_000724_zr_c13_o_q1_scimrefdiffimg.fits.fz,Kulkarni,1,,,,1995,48,724,,,,,,,,,,,,,,,,,,,,,,,,,,,,,,,,,,,,26.08639907836914,4.388060006021988e-06,0.027645299211144447,0.07691770046949387,8.98827966011595e-06,t17_f5_c3,ZTF20aaiggef
2459750.7785995,1,1996278596115,20.603300094604492,/ztf/archive/sci/2022/0620/278600/ztf_20220620278600_000725_zg_c16_o_q2_scimrefdiffimg.fits.fz,Kulkarni,1,,,,1996,61,725,,,,,,,,,,,,,,,,,,,,,,,,,,,,,,,,,,,,26.141799926757812,6.337650120258331e-06,0.03146570175886154,-0.04401189833879471,1.2945600246894173e-05,t17_f5_c3,ZTF20aaiggef
2459750.8502431,2,1996350246115,20.17060089111328,/ztf/archive/sci/2022/0620/350220/ztf_20220620350220_000725_zr_c16_o_q2_scimrefdiffimg.fits.fz,Kulkarni,1,,,,1996,61,725,,,,,,,,,,,,,,,,,,,,,,,,,,,,,,,,,,,,26.066699981689453,4.322680069890339e-06,0.026004299521446228,0.08657799661159515,8.663219887239393e-06,t17_f5_c3,ZTF20aaiggef
2459751.8382986,1,1997338294815,20.642799377441406,/ztf/archive/sci/2022/0621/338252/ztf_20220621338252_000724_zg_c13_o_q1_scimrefdiffimg.fits.fz,Kulkarni,1,,,,1997,48,724,,,,,,,,,,,,,,,,,,,,,,,,,,,,,,,,,,,,26.152099609375,1.2240399883012287e-05,0.045638199895620346,-0.09554970264434814,2.5879200620693155e-05,t17_f5_c3,ZTF20aaiggef
2459751.866088,2,1997366084815,20.311800003051758,/ztf/archive/sci/2022/0621/366088/ztf_20220621366088_000724_zr_c13_o_q1_scimrefdiffimg.fits.fz,Kulkarni,1,,,,1997,48,724,,,,,,,,,,,,,,,,,,,,,,,,,,,,,,,,,,,,26.069599151611328,5.114190116728423e-06,0.029846999794244766,0.07350239902734756,1.0495399692445062e-05,t17_f5_c3,ZTF20aaiggef
2459753.8016435,1,1999301646115,20.684799194335938,/ztf/archive/sci/2022/0623/301620/ztf_20220623301620_000725_zg_c16_o_q2_scimrefdiffimg.fits.fz,Kulkarni,1,1.999301646115015e+18,t,16.0,1999,61,725,1684.3699951171875,2343.070068359375,265.3847051,43.5647499,20.38050079345703,0.2520599961280823,0.9337729811668396,20.137500762939453,0.2410999983549118,0.2299650013446808,19.097000122070312,0.03200000151991844,1.7740000486373901,0.03099999949336052,0.08893299847841263,-0.24298100173473358,1.2603000402450562,0.6309999823570251,737.4329833984375,0.5473160147666931,2.0,0.9959999918937683,0.8880000114440918,0.7902849912643433,0.7045919895172119,1.1216200590133667,3.0,0.0,0.9057139754295349,1.0,20.087299346923828,0.2928999960422516,265.384619,43.5647603,5.70398,26.113500595092773,5.4251900110102724e-06,0.029001999646425247,-0.050755199044942856,1.0972599739034194e-05,t17_f5_c3,ZTF20aaiggef
2459753.8040741,1,1999304074815,20.59910011291504,/ztf/archive/sci/2022/0623/304005/ztf_20220623304005_000724_zg_c13_o_q1_scimrefdiffimg.fits.fz,Kulkarni,1,,,,1999,48,724,,,,,,,,,,,,,,,,,,,,,,,,,,,,,,,,,,,,26.122100830078125,1.2148099813202862e-05,0.044936198741197586,-0.07739470154047012,2.6064599296660163e-05,t17_f5_c3,ZTF20aaiggef
2459753.8505671,2,1999350566115,20.412200927734375,/ztf/archive/sci/2022/0623/350556/ztf_20220623350556_000725_zr_c16_o_q2_scimrefdiffimg.fits.fz,Kulkarni,1,1.999350566115015e+18,t,12.0,1999,61,725,1651.699951171875,2341.320068359375,265.3847301,43.5647601,20.395099639892578,0.2854059934616089,1.5569599866867065,20.59600067138672,0.4634999930858612,0.2939800024032593,18.86199951171875,0.024000000208616257,1.2319999933242798,0.08299999684095383,0.3003369867801666,0.20087400078773499,1.2740099430084229,0.5590000152587891,739.1799926757812,-0.18376700580120087,2.0,0.6909999847412109,0.46399998664855957,0.542382001876831,0.3642039895057678,1.4892200231552124,5.0,0.0,0.857142984867096,1.0,20.50079917907715,0.5415999889373779,265.3846149,43.5647656,5.68947,26.033100128173828,2.955619947897503e-06,0.021531200036406517,0.07935280352830887,5.926950052526081e-06,t17_f5_c3,ZTF20aaiggef
2459753.8510417,2,1999351044815,20.514799118041992,/ztf/archive/sci/2022/0623/351030/ztf_20220623351030_000724_zr_c13_o_q1_scimrefdiffimg.fits.fz,Kulkarni,1,,,,1999,48,724,,,,,,,,,,,,,,,,,,,,,,,,,,,,,,,,,,,,26.05579948425293,5.3002599997853395e-06,0.030244499444961548,0.062166400253772736,1.0916899555013515e-05,t17_f5_c3,ZTF20aaiggef
2459756.8052662,1,2002305264815,20.749000549316406,/ztf/archive/sci/2022/0626/305266/ztf_20220626305266_000724_zg_c13_o_q1_scimrefdiffimg.fits.fz,Kulkarni,1,,,,2002,48,724,,,,,,,,,,,,,,,,,,,,,,,,,,,,,,,,,,,,26.18079948425293,1.3506500181392767e-05,0.04791500046849251,-0.0993335023522377,2.8274900614633225e-05,t17_f5_c3,ZTF20aaiggef
2459756.806794,1,2002306796115,20.649999618530273,/ztf/archive/sci/2022/0626/306794/ztf_20220626306794_000725_zg_c16_o_q2_scimrefdiffimg.fits.fz,Kulkarni,1,2.002306796115015e+18,t,19.0,2002,61,725,1675.510009765625,2339.81005859375,265.3847033,43.5647883,20.404600143432617,0.2653050124645233,1.3561400175094604,20.083099365234375,0.2214999943971634,0.2628529965877533,19.097000122070312,0.03200000151991844,1.7740000486373901,0.03099999949336052,-0.25181400775909424,-0.32148998975753784,1.3486599922180176,0.4729999899864197,740.6859741210938,0.5669090151786804,2.0,0.8849999904632568,0.6909999847412109,0.6562070250511169,0.5123599767684937,1.280750036239624,3.0,0.0,0.9285709857940674,0.9850109815597534,19.9955997467041,0.2596000134944916,265.384619,43.5647603,6.11008,26.17259979248047,5.565920218941756e-06,0.02959500066936016,-0.0520193986594677,1.1175399777130224e-05,t17_f5_c3,ZTF20aaiggef
2459756.8608565,2,2002360854815,20.55739974975586,/ztf/archive/sci/2022/0626/360856/ztf_20220626360856_000724_zr_c13_o_q1_scimrefdiffimg.fits.fz,Kulkarni,1,,,,2002,48,724,,,,,,,,,,,,,,,,,,,,,,,,,,,,,,,,,,,,26.106199264526367,5.84481995247188e-06,0.03165389969944954,0.0632937029004097,1.205040007334901e-05,t17_f5_c3,ZTF20aaiggef
2459756.8622685,2,2002362266115,20.53499984741211,/ztf/archive/sci/2022/0626/362269/ztf_20220626362269_000725_zr_c16_o_q2_scimrefdiffimg.fits.fz,Kulkarni,1,2.002362266115015e+18,t,18.0,2002,61,725,1653.5999755859375,2341.77001953125,265.3846685,43.5648128,20.27560043334961,0.23057299852371216,1.242859959602356,19.89310073852539,0.22040000557899475,0.22831100225448608,18.86199951171875,0.024000000208616257,1.2319999933242798,0.08299999684095383,0.003640000009909272,-0.3824999928474426,1.2665499448776245,0.8180000185966492,738.7340087890625,0.6418820023536682,2.0,0.7919999957084656,0.6029999852180481,0.6253200173377991,0.4760960042476654,1.3134299516677856,2.0,0.0,0.9085710048675537,1.0,20.01580047607422,0.3131999969482422,265.3846149,43.5647656,6.52368,26.08060073852539,2.6980098937201547e-06,0.020528899505734444,0.08660239726305008,5.384059932111995e-06,t17_f5_c3,ZTF20aaiggef
2459758.8072917,2,2004307294815,20.419300079345703,/ztf/archive/sci/2022/0628/307292/ztf_20220628307292_000724_zr_c13_o_q1_scimrefdiffimg.fits.fz,Kulkarni,1,,,,2004,48,724,,,,,,,,,,,,,,,,,,,,,,,,,,,,,,,,,,,,26.03730010986328,7.992050086613744e-06,0.03565569967031479,0.07227849960327148,1.6496800526510924e-05,t17_f5_c3,ZTF20aaiggef
2459758.8474653,2,2004347466115,20.32159996032715,/ztf/archive/sci/2022/0628/347465/ztf_20220628347465_000725_zr_c16_o_q2_scimrefdiffimg.fits.fz,Kulkarni,1,,,,2004,61,725,,,,,,,,,,,,,,,,,,,,,,,,,,,,,,,,,,,,25.78350067138672,4.297949999454431e-06,0.025898799300193787,0.0863720029592514,8.633250217826571e-06,t17_f5_c3,ZTF20aaiggef
2459758.8479398,2,2004347934815,20.42690086364746,/ztf/archive/sci/2022/0628/347928/ztf_20220628347928_000724_zr_c13_o_q1_scimrefdiffimg.fits.fz,Kulkarni,1,,,,2004,48,724,,,,,,,,,,,,,,,,,,,,,,,,,,,,,,,,,,,,25.770200729370117,8.419499863521196e-06,0.037870898842811584,0.06819819658994675,1.7275600839639083e-05,t17_f5_c3,ZTF20aaiggef
2459758.8833796,2,2004383376115,20.313100814819336,/ztf/archive/sci/2022/0628/383368/ztf_20220628383368_000725_zr_c16_o_q2_scimrefdiffimg.fits.fz,Kulkarni,1,,,,2004,61,725,,,,,,,,,,,,,,,,,,,,,,,,,,,,,,,,,,,,25.76740074157715,3.992729944002349e-06,0.024971000850200653,0.08959619700908661,8.03735019871965e-06,t17_f5_c3,ZTF20aaiggef
2459760.7986111,2,2006298614815,20.50659942626953,/ztf/archive/sci/2022/0630/298611/ztf_20220630298611_000724_zr_c13_o_q1_scimrefdiffimg.fits.fz,Kulkarni,1,,,,2006,48,724,,,,,,,,,,,,,,,,,,,,,,,,,,,,,,,,,,,,26.017099380493164,8.041550245252438e-06,0.036935098469257355,0.06896259635686874,1.648880061111413e-05,t17_f5_c3,ZTF20aaiggef
2459760.7990972,2,2006299096115,20.61949920654297,/ztf/archive/sci/2022/0630/299086/ztf_20220630299086_000725_zr_c16_o_q2_scimrefdiffimg.fits.fz,Kulkarni,1,2.006299096115015e+18,t,22.0,2006,61,725,1663.18994140625,2338.489990234375,265.3846746,43.5647362,20.555599212646484,0.25027498602867126,1.0185199975967407,20.295400619506836,0.310699999332428,0.1882140040397644,18.86199951171875,0.024000000208616257,1.2319999933242798,0.08299999684095383,0.3513129949569702,-0.26021501421928406,1.2039200067520142,0.48500001430511475,742.010009765625,0.3241040110588074,2.0,0.7710000276565552,0.6570000052452087,0.6404079794883728,0.5457170009613037,1.1735199689865112,7.0,0.0,0.9042860269546509,0.8997439742088318,20.575700759887695,0.510699987411499,265.3846149,43.5647656,5.1772,26.059600830078125,2.814070057866047e-06,0.020936500281095505,0.08100929856300354,5.624409823212773e-06,t17_f5_c3,ZTF20aaiggef
2459760.8403009,2,2006340306115,20.47610092163086,/ztf/archive/sci/2022/0630/340208/ztf_20220630340208_000725_zr_c16_o_q2_scimrefdiffimg.fits.fz,Kulkarni,1,,,,2006,61,725,,,,,,,,,,,,,,,,,,,,,,,,,,,,,,,,,,,,25.805999755859375,4.126270141568966e-06,0.02542000077664852,0.0825015977025032,8.25240022095386e-06,t17_f5_c3,ZTF20aaiggef
2459762.7848611,2,2008284864815,20.552499771118164,/ztf/archive/sci/2022/0702/284815/ztf_20220702284815_000724_zr_c13_o_q1_scimrefdiffimg.fits.fz,Kulkarni,1,,,,2008,48,724,,,,,,,,,,,,,,,,,,,,,,,,,,,,,,,,,,,,26.09600067138672,5.716410214517964e-06,0.03139039874076843,0.06980010122060776,1.171609983430244e-05,t17_f5_c3,ZTF20aaiggef
2459762.8236458,1,2008323644815,20.63719940185547,/ztf/archive/sci/2022/0702/323646/ztf_20220702323646_000724_zg_c13_o_q1_scimrefdiffimg.fits.fz,Kulkarni,1,,,,2008,48,724,,,,,,,,,,,,,,,,,,,,,,,,,,,,,,,,,,,,26.180700302124023,1.1294099749648012e-05,0.04388520121574402,-0.09299460053443909,2.3601100110681728e-05,t17_f5_c3,ZTF20aaiggef
2459762.8427546,1,2008342756115,20.714399337768555,/ztf/archive/sci/2022/0702/342731/ztf_20220702342731_000725_zg_c16_o_q2_scimrefdiffimg.fits.fz,Kulkarni,1,2.008342756115015e+18,t,15.0,2008,61,725,1672.06005859375,2341.300048828125,265.3846922,43.5648198,20.15999984741211,0.21888500452041626,1.4968500137329102,20.328500747680664,0.2757999897003174,0.2991490066051483,19.097000122070312,0.03200000151991844,1.7740000486373901,0.03099999949336052,0.03432700037956238,0.16853800415992737,2.9100000858306885,0.777999997138977,739.1959838867188,0.38587498664855957,0.8798570036888123,0.7250000238418579,0.5529999732971191,0.24914099276065826,0.19003400206565857,1.3110300302505493,9.0,0.0,0.9328569769859314,0.9025869965553284,20.2189998626709,0.31690001487731934,265.384619,43.5647603,7.24874,26.16699981689453,4.581750090437708e-06,0.026700999587774277,-0.05237950012087822,9.234589924744796e-06,t17_f5_c3,ZTF20aaiggef
2459762.8834954,2,2008383496115,20.555999755859375,/ztf/archive/sci/2022/0702/383484/ztf_20220702383484_000725_zr_c16_o_q2_scimrefdiffimg.fits.fz,Kulkarni,1,2.008383496115015e+18,t,16.0,2008,61,725,1654.1500244140625,2337.93994140625,265.384661,43.5648329,20.230499267578125,0.1858299970626831,1.0772000551223755,20.12980079650879,0.2736000120639801,0.2795279920101166,18.86199951171875,0.024000000208616257,1.2319999933242798,0.08299999684095383,0.08001700043678284,-0.1007009968161583,1.2413699626922607,0.8109999895095825,742.56201171875,0.426239013671875,2.0,0.5849999785423279,0.5450000166893005,0.47125399112701416,0.4390310049057007,1.073390007019043,6.0,0.0,0.9342859983444214,0.9243710041046143,19.989900588989258,0.3061999976634979,265.3846149,43.5647656,5.83866,26.072500228881836,2.748849965428235e-06,0.02065039984881878,0.08458109945058823,5.520249942492228e-06,t17_f5_c3,ZTF20aaiggef
2459764.8031713,2,2010303176115,20.577199935913086,/ztf/archive/sci/2022/0704/303125/ztf_20220704303125_000725_zr_c16_o_q2_scimrefdiffimg.fits.fz,Kulkarni,1,,,,2010,61,725,,,,,,,,,,,,,,,,,,,,,,,,,,,,,,,,,,,,26.087499618530273,3.078270083278767e-06,0.02189739979803562,0.0861888974905014,6.194380148372147e-06,t17_f5_c3,ZTF20aaiggef
2459764.8036458,2,2010303644815,20.667999267578125,/ztf/archive/sci/2022/0704/303646/ztf_20220704303646_000724_zr_c13_o_q1_scimrefdiffimg.fits.fz,Kulkarni,1,,,,2010,48,724,,,,,,,,,,,,,,,,,,,,,,,,,,,,,,,,,,,,26.097200393676758,5.835040155943716e-06,0.03182689845561981,0.07553379982709885,1.2033099665131886e-05,t17_f5_c3,ZTF20aaiggef
2459764.8245718,1,2010324576115,20.730600357055664,/ztf/archive/sci/2022/0704/324572/ztf_20220704324572_000725_zg_c16_o_q2_scimrefdiffimg.fits.fz,Kulkarni,1,2.010324576115015e+18,t,15.0,2010,61,725,1658.8199462890625,2354.050048828125,265.3846066,43.5647878,20.248199462890625,0.19862599670886993,1.0152499675750732,20.1466007232666,0.22689999639987946,0.1160459965467453,19.097000122070312,0.03200000151991844,1.7740000486373901,0.03099999949336052,0.16426299512386322,-0.10161200165748596,2.259999990463257,0.6589999794960022,726.4459838867188,0.5839899778366089,1.1502399444580078,0.9769999980926514,0.8220000267028809,0.43230101466178894,0.3637169897556305,1.1885600090026855,2.0,0.0,0.9714289903640747,0.9816700220108032,20.10460090637207,0.27730000019073486,265.384619,43.5647603,6.64904,26.1742000579834,4.692230049840873e-06,0.027004100382328033,-0.060658201575279236,9.48726028582314e-06,t17_f5_c3,ZTF20aaiggef
2459764.8429514,1,2010342954815,20.74530029296875,/ztf/archive/sci/2022/0704/342940/ztf_20220704342940_000724_zg_c13_o_q1_scimrefdiffimg.fits.fz,Kulkarni,1,,,,2010,48,724,,,,,,,,,,,,,,,,,,,,,,,,,,,,,,,,,,,,26.182600021362305,1.2179600162198767e-05,0.04574830085039139,-0.10464999824762344,2.5192799512296915e-05,t17_f5_c3,ZTF20aaiggef
2459766.8068403,1,2012306844815,20.742900848388672,/ztf/archive/sci/2022/0706/306840/ztf_20220706306840_000724_zg_c13_o_q1_scimrefdiffimg.fits.fz,Kulkarni,1,,,,2012,48,724,,,,,,,,,,,,,,,,,,,,,,,,,,,,,,,,,,,,26.178600311279297,1.0780699994938914e-05,0.0428445003926754,-0.08585759997367859,2.270170080009848e-05,t17_f5_c3,ZTF20aaiggef
2459766.8245255,1,2012324526115,20.728500366210938,/ztf/archive/sci/2022/0706/324525/ztf_20220706324525_000725_zg_c16_o_q2_scimrefdiffimg.fits.fz,Kulkarni,1,2.0123245261150152e+18,t,69.0,2012,61,725,1645.81005859375,2350.409912109375,265.3847085,43.5647752,20.24049949645996,0.2353000044822693,1.7390600442886353,20.737499237060547,0.39340001344680786,0.24743099510669708,19.097000122070312,0.03200000151991844,1.7740000486373901,0.03099999949336052,0.33702999353408813,0.4969930052757263,3.0399999618530273,0.7360000014305115,730.093994140625,-0.008968000300228596,0.8470860123634338,0.6079999804496765,0.5270000100135803,0.20000000298023224,0.17335499823093414,1.1536999940872192,7.0,0.0,0.7114289999008179,0.6678159832954407,20.72319984436035,0.4936999976634979,265.384619,43.5647603,8.78231,26.181499481201172,5.434939794213278e-06,0.029113000258803368,-0.06965120136737823,1.0935100362985395e-05,t17_f5_c3,ZTF20aaiggef
2459766.8502662,2,2012350266115,20.655099868774414,/ztf/archive/sci/2022/0706/350255/ztf_20220706350255_000725_zr_c16_o_q2_scimrefdiffimg.fits.fz,Kulkarni,1,2.012350266115015e+18,t,29.0,2012,61,725,1650.3599853515625,2338.699951171875,265.38466,43.5647396,20.29509925842285,0.2185019999742508,1.447759985923767,20.189899444580078,0.27399998903274536,0.14853300154209137,18.86199951171875,0.024000000208616257,1.2319999933242798,0.08299999684095383,0.22213900089263916,-0.10522100329399109,2.3299999237060547,0.8119999766349792,741.7999877929688,0.4651559889316559,1.0322799682617188,0.6000000238418579,0.5649999976158142,0.2575109899044037,0.24248899519443512,1.0619499683380127,4.0,0.0,0.8985710144042969,0.9162290096282959,20.086999893188477,0.3167000114917755,265.3846149,43.5647656,7.69396,26.07309913635254,3.883390036207857e-06,0.024620600044727325,0.08371759951114655,7.767370334477164e-06,t17_f5_c3,ZTF20aaiggef
2459766.8507407,2,2012350744815,20.632299423217773,/ztf/archive/sci/2022/0706/350729/ztf_20220706350729_000724_zr_c13_o_q1_scimrefdiffimg.fits.fz,Kulkarni,1,,,,2012,48,724,,,,,,,,,,,,,,,,,,,,,,,,,,,,,,,,,,,,26.098400115966797,5.504939963429933e-06,0.030727600678801537,0.06524360179901123,1.1383500350348186e-05,t17_f5_c3,ZTF20aaiggef
2459769.7832523,1,2015283254815,20.271499633789062,/ztf/archive/sci/2022/0709/283206/ztf_20220709283206_000724_zg_c13_o_q1_scimrefdiffimg.fits.fz,Kulkarni,1,,,,2015,48,724,,,,,,,,,,,,,,,,,,,,,,,,,,,,,,,,,,,,26.195100784301758,7.474829999409849e-06,0.03497679904103279,-0.04715919867157936,1.6407699149567634e-05,t17_f5_c3,ZTF20aaiggef
2459693.9037847,2,1939403786115,20.092899322509766,/ztf/archive/sci/2022/0424/403738/ztf_20220424403738_000725_zr_c16_o_q2_scimrefdiffimg.fits.fz,Kulkarni,1,1.939403786115015e+18,t,10.0,1939,61,725,1631.1600341796875,2358.8701171875,265.384668,43.5647477,20.00510025024414,0.18081100285053253,0.9661229848861694,20.233400344848633,0.3813000023365021,0.16269999742507935,18.86199951171875,0.024000000208616257,1.2319999933242798,0.08299999684095383,0.2605859935283661,0.22829300165176392,1.9199999570846558,0.5049999952316284,721.6300048828125,-0.14052200317382812,1.5431699752807617,0.8330000042915344,0.7770000100135803,0.43385401368141174,0.40468698740005493,1.0720700025558472,2.0,0.0,0.9599999785423279,1.0,20.095600128173828,0.4287000000476837,265.3846149,43.5647656,7.03928,26.006099700927734,6.136780029919464e-06,0.030928300693631172,0.08049800246953964,1.2332799997238908e-05,t17_f5_c3,ZTF20aaiggef
2459693.9511921,1,1939451196115,20.29949951171875,/ztf/archive/sci/2022/0424/451192/ztf_20220424451192_000725_zg_c16_o_q2_scimrefdiffimg.fits.fz,Kulkarni,1,1.939451196115015e+18,t,25.0,1939,61,725,1614.3900146484375,2365.02001953125,265.3846557,43.564721,19.988000869750977,0.24161699414253235,0.9828199744224548,20.1875,0.3165000081062317,0.16260500252246857,19.097000122070312,0.03200000151991844,1.7740000486373901,0.03099999949336052,0.217849999666214,0.19953499734401703,2.5,0.8209999799728394,715.4760131835938,0.1119839996099472,1.1310499906539917,0.8029999732971191,0.625,0.32120001316070557,0.25,1.2848000526428223,9.0,0.0,0.9557139873504639,0.9339920282363892,20.205299377441406,0.4108000099658966,265.384619,43.5647603,8.70288,26.07699966430664,1.1504799658723641e-05,0.04223959892988205,-0.05931590124964714,2.377119926677551e-05,t17_f5_c3,ZTF20aaiggef
2459694.9310417,1,1940431044815,19.93869972229004,/ztf/archive/sci/2022/0425/430972/ztf_20220425430972_000724_zg_c13_o_q1_scimrefdiffimg.fits.fz,Kulkarni,1,1.940431044815015e+18,t,24.0,1940,48,724,2303.030029296875,2326.389892578125,265.3843709,43.564782,20.180500030517578,0.35874900221824646,0.8730850219726562,20.23310089111328,0.31619998812675476,0.5811430215835571,19.094999313354492,0.019999999552965164,0.8169999718666077,0.0010000000474974513,-0.10394400358200073,0.05260099843144417,2.065469980239868,0.3540000021457672,754.1079711914062,-0.2943669855594635,2.0,1.3969999551773071,1.1779999732971191,0.6763589978218079,0.570330023765564,1.1859099864959717,2.0,0.0,0.5671430230140686,1.0,20.26460075378418,0.4147999882698059,265.3845965,43.5647832,5.31542,25.997499465942383,2.7889200282515958e-05,0.06238970160484314,-0.0389368012547493,6.962290353840217e-05,t17_f5_c3,ZTF20aaiggef
2459695.9467245,2,1941446726115,18.71739959716797,/ztf/archive/sci/2022/0426/446701/ztf_20220426446701_000725_zr_c16_o_q2_scimrefdiffimg.fits.fz,Kulkarni,1,,,,1941,61,725,,,,,,,,,,,,,,,,,,,,,,,,,,,,,,,,,,,,24.800399780273438,2.050500006589573e-05,0.054029300808906555,0.08196700364351273,4.169060048297979e-05,t17_f5_c3,ZTF20aaiggef
2459696.9548148,2,1942454814815,20.52050018310547,/ztf/archive/sci/2022/0427/454803/ztf_20220427454803_000724_zr_c13_o_q1_scimrefdiffimg.fits.fz,Kulkarni,1,1.942454814815015e+18,t,17.0,1942,48,724,2287.60009765625,2327.760009765625,265.3841989,43.5646542,20.345300674438477,0.2635050117969513,1.3317999839782715,19.936599731445312,0.22419999539852142,1.1289399862289429,18.836000442504883,0.024000000208616257,1.2430000305175781,0.09099999815225601,0.08991900086402893,-0.40869900584220886,2.0,0.6290000081062317,752.7369995117188,0.5839179754257202,1.317870020866394,1.215000033378601,0.8949999809265137,0.6075000166893005,0.44749999046325684,1.3575400114059448,1.0,0.0,0.6485710144042969,1.0,20.03219985961914,0.31040000915527344,265.3845988,43.5647835,6.19521,26.047300338745117,1.1383999662939459e-05,0.04443399980664253,0.06800910085439682,2.338699960091617e-05,t17_f5_c3,ZTF20aaiggef
2459697.9150463,2,1943415046115,19.168500900268555,/ztf/archive/sci/2022/0428/415035/ztf_20220428415035_000725_zr_c16_o_q2_scimrefdiffimg.fits.fz,Kulkarni,1,,,,1943,61,725,,,,,,,,,,,,,,,,,,,,,,,,,,,,,,,,,,,,24.733200073242188,5.1506900490494445e-05,0.08787249773740768,0.07895159721374512,0.00010299799760105088,t17_f5_c3,ZTF20aaiggef
2459697.950463,1,1943450466115,20.801599502563477,/ztf/archive/sci/2022/0428/450428/ztf_20220428450428_000725_zg_c16_o_q2_scimrefdiffimg.fits.fz,Kulkarni,1,1.943450466115015e+18,t,21.0,1943,61,725,1623.68994140625,2358.679931640625,265.3846534,43.5647685,20.172700881958008,0.20537400245666504,1.7337100505828857,20.375699996948242,0.25519999861717224,0.10720700025558472,19.097000122070312,0.03200000151991844,1.7740000486373901,0.03099999949336052,0.19244199991226196,0.2030249983072281,2.4100000858306885,0.7739999890327454,721.822998046875,0.42590099573135376,1.1231000423431396,0.7559999823570251,0.6420000195503235,0.31369298696517944,0.26638999581336975,1.1775699853897095,5.0,0.0,0.9671429991722107,0.9988189935684204,20.23069953918457,0.28279998898506165,265.384619,43.5647603,9.524,26.078699111938477,9.628480256651528e-06,0.03885969892144203,-0.058118000626564026,1.9518000044627115e-05,t17_f5_c3,ZTF20aaiggef
2459698.9120486,2,1944412044815,20.43269920349121,/ztf/archive/sci/2022/0429/412037/ztf_20220429412037_000724_zr_c13_o_q1_scimrefdiffimg.fits.fz,Kulkarni,1,,,,1944,48,724,,,,,,,,,,,,,,,,,,,,,,,,,,,,,,,,,,,,25.996999740600586,9.201359716826119e-06,0.039914198219776154,0.07308340072631836,1.9002100088982843e-05,t17_f5_c3,ZTF20aaiggef
2459698.929537,1,1944429534815,20.275299072265625,/ztf/archive/sci/2022/0429/429398/ztf_20220429429398_000724_zg_c13_o_q1_scimrefdiffimg.fits.fz,Kulkarni,1,1.944429534815015e+18,t,17.0,1944,48,724,2289.280029296875,2336.239990234375,265.3844127,43.5646891,20.199600219726562,0.24812500178813934,1.1074399948120117,20.254899978637695,0.27070000767707825,0.579787015914917,19.094999313354492,0.019999999552965164,0.8169999718666077,0.0010000000474974513,-0.017678000032901764,0.0553009994328022,3.4000000953674316,0.4860000014305115,744.260986328125,0.02044299989938736,1.0751899480819702,1.4980000257492065,1.3890000581741333,0.44058799743652344,0.40852901339530945,1.07846999168396,2.0,0.0,0.5271430015563965,1.0,20.289899826049805,0.3547999858856201,265.3845965,43.5647832,6.73413,26.04560089111328,2.3560300178360194e-05,0.06151460111141205,-0.06229649856686592,5.3172600019024685e-05,t17_f5_c3,ZTF20aaiggef
2459700.9114352,2,1946411434815,20.444900512695312,/ztf/archive/sci/2022/0501/411424/ztf_20220501411424_000724_zr_c13_o_q1_scimrefdiffimg.fits.fz,Kulkarni,1,1.946411434815015e+18,t,13.0,1946,48,724,2315.56005859375,2321.840087890625,265.3846339,43.5646901,20.371299743652344,0.2528580129146576,1.442199945449829,19.925399780273438,0.24369999766349792,0.3443570137023926,18.836000442504883,0.024000000208616257,1.2430000305175781,0.09099999815225601,0.14134199917316437,-0.4458790123462677,1.2789599895477295,0.5260000228881836,756.9359741210938,0.5194820165634155,2.0,0.9089999794960022,0.6909999847412109,0.710735023021698,0.5402839779853821,1.3154900074005127,7.0,0.0,0.8642860054969788,0.915681004524231,19.82900047302246,0.2833999991416931,265.3845988,43.5647835,6.21173,26.0393009185791,1.0247200407320634e-05,0.04202190041542053,0.06756850332021713,2.111429967044387e-05,t17_f5_c3,ZTF20aaiggef
2459700.9119097,2,1946411906115,20.522499084472656,/ztf/archive/sci/2022/0501/411898/ztf_20220501411898_000725_zr_c16_o_q2_scimrefdiffimg.fits.fz,Kulkarni,1,1.946411906115015e+18,t,21.0,1946,61,725,1648.5999755859375,2346.360107421875,265.3846466,43.5647433,20.254600524902344,0.23160700500011444,0.9766709804534912,20.020700454711914,0.25839999318122864,0.11332300305366516,18.86199951171875,0.024000000208616257,1.2319999933242798,0.08299999684095383,0.2136249989271164,-0.2339099943637848,2.3399999141693115,0.7070000171661377,734.1380004882812,0.5018140077590942,1.0489699840545654,0.7260000109672546,0.6669999957084656,0.3102560043334961,0.28504300117492676,1.0884599685668945,2.0,0.0,0.9585710167884827,1.0,19.973800659179688,0.3147999942302704,265.3846149,43.5647656,6.48475,26.01059913635254,4.1524399421177804e-06,0.02536039985716343,0.08561740070581436,8.294009603559971e-06,t17_f5_c3,ZTF20aaiggef
2459700.9432292,1,1946443224815,20.46579933166504,/ztf/archive/sci/2022/0501/443067/ztf_20220501443067_000724_zg_c13_o_q1_scimrefdiffimg.fits.fz,Kulkarni,1,1.946443224815015e+18,t,18.0,1946,48,724,2299.8701171875,2327.6201171875,265.3841348,43.5647133,20.0310001373291,0.23672400414943695,0.9188899993896484,19.869300842285156,0.19629999995231628,1.213670015335083,19.094999313354492,0.019999999552965164,0.8169999718666077,0.0010000000474974513,-0.11756099760532379,-0.1616709977388382,3.690000057220459,0.6499999761581421,752.8800048828125,0.5964750051498413,0.8035249710083008,1.1480000019073486,1.0329999923706055,0.3111110031604767,0.2799459993839264,1.1113300323486328,2.0,0.0,0.7428569793701172,1.0,19.964599609375,0.2718999981880188,265.3845965,43.5647832,7.47317,26.101999282836914,2.012289951380808e-05,0.058237798511981964,-0.08132170140743256,4.304839967517182e-05,t17_f5_c3,ZTF20aaiggef
2459700.9495486,1,1946449546115,20.510299682617188,/ztf/archive/sci/2022/0501/449537/ztf_20220501449537_000725_zg_c16_o_q2_scimrefdiffimg.fits.fz,Kulkarni,1,,,,1946,61,725,,,,,,,,,,,,,,,,,,,,,,,,,,,,,,,,,,,,26.093900680541992,1.0385900168330409e-05,0.04025710001587868,-0.039253801107406616,2.10960006370442e-05,t17_f5_c3,ZTF20aaiggef
2459696.9548148,2,1942454814815,20.52050018310547,/ztf/archive/sci/2022/0427/454803/ztf_20220427454803_000724_zr_c13_o_q1_scimrefdiffimg.fits.fz,Kulkarni,1,,,,1942,48,724,,,,,,,,,,,,,,,,,,,,,,,,,,,,,,,,,,,,26.047300338745117,1.1383999662939459e-05,0.04443399980664253,0.06800910085439682,2.338699960091617e-05,t17_f5_c3,ZTF20aaiggef
2459700.9432292,1,1946443224815,20.46579933166504,/ztf/archive/sci/2022/0501/443067/ztf_20220501443067_000724_zg_c13_o_q1_scimrefdiffimg.fits.fz,Kulkarni,1,,,,1946,48,724,,,,,,,,,,,,,,,,,,,,,,,,,,,,,,,,,,,,26.101999282836914,2.012289951380808e-05,0.058237798511981964,-0.08132170140743256,4.304839967517182e-05,t17_f5_c3,ZTF20aaiggef
2459721.8468519,2,1967346856115,20.65570068359375,/ztf/archive/sci/2022/0522/346852/ztf_20220522346852_000725_zr_c16_o_q2_scimrefdiffimg.fits.fz,Kulkarni,1,1.967346856115015e+18,1,22.0,1967,61,725,1661.8900146484375,2349.510009765625,265.3846033,43.5648356,20.110599517822266,0.19915899634361267,1.4774999618530273,20.0177001953125,0.23180000483989716,0.25488799810409546,18.86199951171875,0.024000000208616257,1.2319999933242798,0.08299999684095383,0.13360799849033356,-0.09289799630641937,2.200000047683716,0.8500000238418579,730.9869995117188,0.6379629969596863,1.107509970664978,1.00600004196167,0.8420000076293945,0.457273006439209,0.3827269971370697,1.1947699785232544,2.0,0.0,0.892857015132904,1.0,19.91939926147461,0.2687999904155731,265.3846149,43.5647656,7.26038,26.03059959411621,3.6393200844031526e-06,0.023790499195456505,0.08949869871139526,7.330079824896529e-06,t17_f5_c3,ZTF20aaiggef
2459721.886875,2,1967386874815,20.569799423217773,/ztf/archive/sci/2022/0522/386863/ztf_20220522386863_000724_zr_c13_o_q1_scimrefdiffimg.fits.fz,Kulkarni,1,1.967386874815015e+18,1,11.0,1967,48,724,2313.840087890625,2331.93994140625,265.3843624,43.564675,20.14349937438965,0.2510940134525299,1.2493699789047241,20.16939926147461,0.28850001096725464,0.7210419774055481,18.836000442504883,0.024000000208616257,1.2430000305175781,0.09099999815225601,-0.009087000042200089,0.0258760005235672,2.8299999237060547,0.9649999737739563,748.5599975585938,0.4003649950027466,0.8536030054092407,0.8759999871253967,0.7429999709129333,0.3095409870147705,0.26254400610923767,1.1790000200271606,2.0,0.0,0.9042860269546509,1.0,19.615999221801758,0.22100000083446503,265.3845988,43.5647835,7.55998,26.056499481201172,9.600809789844789e-06,0.04079290106892586,0.0727808028459549,1.970670018636156e-05,t17_f5_c3,ZTF20aaiggef
2459673.8870486,2,1919387046115,19.96540069580078,/ztf/archive/sci/2022/0404/387037/ztf_20220404387037_000725_zr_c16_o_q2_scimrefdiffimg.fits.fz,Kulkarni,1,,,,1919,61,725,,,,,,,,,,,,,,,,,,,,,,,,,,,,,,,,,,,,25.89590072631836,7.147839824028779e-06,0.03333109989762306,0.0889056995511055,1.4293599633674603e-05,t17_f5_c3,ZTF20aaiggef
2459673.8875231,2,1919387524815,19.96649932861328,/ztf/archive/sci/2022/0404/387512/ztf_20220404387512_000724_zr_c13_o_q1_scimrefdiffimg.fits.fz,Kulkarni,1,,,,1919,48,724,,,,,,,,,,,,,,,,,,,,,,,,,,,,,,,,,,,,25.917400360107422,7.377700057986658e-06,0.03579710051417351,0.07452850043773651,1.50993000715971e-05,t17_f5_c3,ZTF20aaiggef
2459673.9231713,1,1919423176115,20.202499389648438,/ztf/archive/sci/2022/0404/423160/ztf_20220404423160_000725_zg_c16_o_q2_scimrefdiffimg.fits.fz,Kulkarni,1,1.9194231761150252e+18,t,26.0,1919,61,725,1615.72998046875,2349.02001953125,265.3846804,43.5647392,20.495399475097656,0.32051700353622437,0.7445260286331177,20.94499969482422,0.5730000138282776,0.18687699735164642,19.097000122070312,0.03200000151991844,1.7740000486373901,0.03099999949336052,-0.012338999658823013,0.44964399933815,1.7210500240325928,0.35499998927116394,731.4829711914062,-0.7425040006637573,2.0,0.9229999780654907,0.8339999914169312,0.5363010168075562,0.48458901047706604,1.1067099571228027,5.0,0.0,0.8414289951324463,0.9504579901695251,20.930599212646484,0.7210999727249146,265.384619,43.5647603,5.14737,25.98539924621582,1.1541699677763972e-05,0.04129970073699951,-0.05479529872536659,2.4787199436104856e-05,t17_f5_c3,ZTF20aaiggef
2459673.9236574,1,1919423654815,20.08839988708496,/ztf/archive/sci/2022/0404/423646/ztf_20220404423646_000724_zg_c13_o_q1_scimrefdiffimg.fits.fz,Kulkarni,1,,,,1919,48,724,,,,,,,,,,,,,,,,,,,,,,,,,,,,,,,,,,,,25.992399215698242,1.658690052863676e-05,0.04978879913687706,-0.06326889991760254,3.99074015149381e-05,t17_f5_c3,ZTF20aaiggef
2459675.9336806,2,1921433684815,20.359600067138672,/ztf/archive/sci/2022/0406/433669/ztf_20220406433669_000724_zr_c13_o_q1_scimrefdiffimg.fits.fz,Kulkarni,1,,,,1921,48,724,,,,,,,,,,,,,,,,,,,,,,,,,,,,,,,,,,,,26.033899307250977,6.168750132928835e-06,0.03256760165095329,0.07582779973745346,1.2739100384351332e-05,t17_f5_c3,ZTF20aaiggef
2459675.9453009,2,1921445306115,20.38479995727539,/ztf/archive/sci/2022/0406/445289/ztf_20220406445289_000725_zr_c16_o_q2_scimrefdiffimg.fits.fz,Kulkarni,1,1.921445306115015e+18,t,11.0,1921,61,725,1643.1500244140625,2337.010009765625,265.3846115,43.5648192,20.23940086364746,0.23291100561618805,1.5255600214004517,20.61520004272461,0.4819999933242798,0.19097700715065002,18.86199951171875,0.024000000208616257,1.2319999933242798,0.08299999684095383,0.11292699724435806,0.3758310079574585,1.27524995803833,0.8130000233650208,743.4940185546875,-0.23043100535869598,2.0,0.5389999747276306,0.48399999737739563,0.42266300320625305,0.3795340061187744,1.1136399507522583,7.0,0.0,0.8671429753303528,0.7779200077056885,20.527099609375,0.5677000284194946,265.3846149,43.5647656,5.52117,26.018400192260742,3.2300399652740452e-06,0.02236510068178177,0.08249309659004211,6.465869773819577e-06,t17_f5_c3,ZTF20aaiggef
2459675.9745486,1,1921474544815,20.66819953918457,/ztf/archive/sci/2022/0406/474525/ztf_20220406474525_000724_zg_c13_o_q1_scimrefdiffimg.fits.fz,Kulkarni,1,1.921474544815015e+18,t,26.0,1921,48,724,2315.43994140625,2317.949951171875,265.384468,43.564657,20.592899322509766,0.2903749942779541,1.265179991722107,20.764699935913086,0.42480000853538513,0.5575219988822937,19.094999313354492,0.019999999552965164,0.8169999718666077,0.0010000000474974513,0.1860789954662323,0.17184899747371674,1.5299999713897705,0.7269999980926514,757.0560302734375,-0.09650400280952454,1.6847000122070312,0.7739999890327454,0.546999990940094,0.5058820247650146,0.35751599073410034,1.414989948272705,10.0,0.0,0.807142972946167,0.6032930016517639,20.895200729370117,0.609499990940094,265.3845965,43.5647832,6.34107,26.123899459838867,1.3892499737266917e-05,0.04901349917054176,-0.09332119673490524,2.8747299438691698e-05,t17_f5_c3,ZTF20aaiggef
2459675.9750231,1,1921475026115,20.528799057006836,/ztf/archive/sci/2022/0406/475012/ztf_20220406475012_000725_zg_c16_o_q2_scimrefdiffimg.fits.fz,Kulkarni,1,1.921475026115015e+18,t,13.0,1921,61,725,1645.3399658203125,2344.02001953125,265.3846743,43.5647509,20.428800582885742,0.27197399735450745,1.1541199684143066,20.44179916381836,0.3402000069618225,0.1557459980249405,19.097000122070312,0.03200000151991844,1.7740000486373901,0.03099999949336052,0.10310199856758118,0.012997999787330627,2.5299999713897705,0.628000020980835,736.47802734375,0.08700600266456604,1.0716700553894043,1.0470000505447388,0.7179999947547913,0.41383400559425354,0.28379398584365845,1.4582200050354004,5.0,0.0,0.8271430134773254,0.981669008731842,20.417600631713867,0.4239000082015991,265.384619,43.5647603,5.88965,26.10580062866211,9.681420124252327e-06,0.038964301347732544,-0.061246298253536224,1.9532200894900598e-05,t17_f5_c3,ZTF20aaiggef
2459677.9321875,2,1923432184815,20.22719955444336,/ztf/archive/sci/2022/0408/432164/ztf_20220408432164_000724_zr_c13_o_q1_scimrefdiffimg.fits.fz,Kulkarni,1,,,,1923,48,724,,,,,,,,,,,,,,,,,,,,,,,,,,,,,,,,,,,,26.047199249267578,7.299940079974476e-06,0.035339899361133575,0.07464849948883057,1.4996900063124485e-05,t17_f5_c3,ZTF20aaiggef
2459677.9458333,2,1923445836115,20.178300857543945,/ztf/archive/sci/2022/0408/445822/ztf_20220408445822_000725_zr_c16_o_q2_scimrefdiffimg.fits.fz,Kulkarni,1,1.923445836115015e+18,t,12.0,1923,61,725,1656.199951171875,2330.2099609375,265.3846455,43.5647574,20.2814998626709,0.29446500539779663,1.079990029335022,20.009199142456055,0.304500013589859,0.08300399780273438,18.86199951171875,0.024000000208616257,1.2319999933242798,0.08299999684095383,-0.08811700344085693,-0.2723430097103119,2.3499999046325684,0.5220000147819519,750.2919921875,0.16909700632095337,1.1869800090789795,0.7919999957084656,0.5059999823570251,0.33702099323272705,0.21531899273395538,1.5652199983596802,5.0,0.0,0.7971429824829102,1.0,19.81719970703125,0.32600000500679016,265.3846149,43.5647656,5.15645,26.026500701904297,4.677850029111141e-06,0.026987899094820023,0.0782662034034729,9.393220352649223e-06,t17_f5_c3,ZTF20aaiggef
2459677.9702315,1,1923470234815,20.274499893188477,/ztf/archive/sci/2022/0408/470208/ztf_20220408470208_000724_zg_c13_o_q1_scimrefdiffimg.fits.fz,Kulkarni,1,1.923470234815015e+18,t,14.0,1923,48,724,2315.81005859375,2308.60009765625,265.3846497,43.5645605,20.390499114990234,0.24535700678825378,1.3160799741744995,20.05270004272461,0.2587999999523163,0.790768027305603,19.094999313354492,0.019999999552965164,0.8169999718666077,0.0010000000474974513,-0.2730970084667206,-0.33775100111961365,1.568410038948059,0.527999997138977,756.6929931640625,0.22184699773788452,2.0,1.1740000247955322,0.9639999866485596,0.748528003692627,0.6146349906921387,1.2178399562835693,7.0,0.0,0.692857027053833,0.8597180247306824,20.508800506591797,0.5012999773025513,265.3845965,43.5647832,5.49747,26.12649917602539,1.5561399777652696e-05,0.050352200865745544,-0.07155349850654602,3.4136701287934557e-05,t17_f5_c3,ZTF20aaiggef
2459677.9867708,1,1923486776115,20.363500595092773,/ztf/archive/sci/2022/0408/486736/ztf_20220408486736_000725_zg_c16_o_q2_scimrefdiffimg.fits.fz,Kulkarni,1,,,,1923,61,725,,,,,,,,,,,,,,,,,,,,,,,,,,,,,,,,,,,,26.104999542236328,1.1716399967554025e-05,0.04277290031313896,-0.043606601655483246,2.3891199816716835e-05,t17_f5_c3,ZTF20aaiggef
2459679.7984838,1,1925298484815,19.690200805664062,/ztf/archive/sci/2022/0410/298472/ztf_20220410298472_000724_zg_c13_o_q1_scimrefdiffimg.fits.fz,Kulkarni,1,,,,1925,48,724,,,,,,,,,,,,,,,,,,,,,,,,,,,,,,,,,,,,25.952999114990234,1.5740299204480834e-05,0.04740859940648079,-0.02997869998216629,3.8525100535480306e-05,t17_f5_c3,ZTF20aaiggef
2459679.8246412,1,1925324646115,19.792999267578125,/ztf/archive/sci/2022/0410/324630/ztf_20220410324630_000725_zg_c16_o_q2_scimrefdiffimg.fits.fz,Kulkarni,1,,,,1925,61,725,,,,,,,,,,,,,,,,,,,,,,,,,,,,,,,,,,,,25.977800369262695,1.73147000168683e-05,0.04924299940466881,-0.028814999386668205,3.982110138167627e-05,t17_f5_c3,ZTF20aaiggef
2459679.8881597,2,1925388154815,20.109600067138672,/ztf/archive/sci/2022/0410/388148/ztf_20220410388148_000724_zr_c13_o_q1_scimrefdiffimg.fits.fz,Kulkarni,1,,,,1925,48,724,,,,,,,,,,,,,,,,,,,,,,,,,,,,,,,,,,,,26.050800323486328,9.187890100292861e-06,0.039662301540374756,0.07428109645843506,1.9000999600393698e-05,t17_f5_c3,ZTF20aaiggef
2459679.9736227,2,1925473626115,20.3523006439209,/ztf/archive/sci/2022/0410/473611/ztf_20220410473611_000725_zr_c16_o_q2_scimrefdiffimg.fits.fz,Kulkarni,1,1.925473626115015e+18,t,15.0,1925,61,725,1651.72998046875,2323.47998046875,265.3847498,43.5648017,20.122400283813477,0.19531400501728058,1.215749979019165,19.989599227905273,0.2556000053882599,0.3806209862232208,18.86199951171875,0.024000000208616257,1.2319999933242798,0.08299999684095383,-0.021616000682115555,-0.1327729970216751,1.404860019683838,0.6380000114440918,757.02099609375,0.36267900466918945,2.0,1.059000015258789,1.0099999904632568,0.7538149952888489,0.718936026096344,1.048509955406189,3.0,0.0,0.8999999761581421,1.0,19.835899353027344,0.2825999855995178,265.3846149,43.5647656,6.10766,26.039400100708008,5.381280061556026e-06,0.02892399951815605,0.09546519815921783,1.080109996109968e-05,t17_f5_c3,ZTF20aaiggef
2459683.9100579,2,1929410054815,19.889699935913086,/ztf/archive/sci/2022/0414/410035/ztf_20220414410035_000724_zr_c13_o_q1_scimrefdiffimg.fits.fz,Kulkarni,1,,,,1929,48,724,,,,,,,,,,,,,,,,,,,,,,,,,,,,,,,,,,,,26.065799713134766,5.917790076637175e-06,0.032182201743125916,0.08254340291023254,1.2112699550925754e-05,t17_f5_c3,ZTF20aaiggef
2459683.9253241,2,1929425326115,19.905399322509766,/ztf/archive/sci/2022/0414/425324/ztf_20220414425324_000725_zr_c16_o_q2_scimrefdiffimg.fits.fz,Kulkarni,1,,,,1929,61,725,,,,,,,,,,,,,,,,,,,,,,,,,,,,,,,,,,,,26.044099807739258,4.840399924432859e-06,0.027666199952363968,0.08194649964570999,9.719749868963845e-06,t17_f5_c3,ZTF20aaiggef
2459683.9880324,1,1929488036115,20.03700065612793,/ztf/archive/sci/2022/0414/488021/ztf_20220414488021_000725_zg_c16_o_q2_scimrefdiffimg.fits.fz,Kulkarni,1,1.929488036115015e+18,t,9.0,1929,61,725,1618.7900390625,2375.389892578125,265.3847023,43.5647538,20.346399307250977,0.2919510006904602,1.0847699642181396,20.515499114990234,0.5954999923706055,0.22158299386501312,19.097000122070312,0.03200000151991844,1.7740000486373901,0.03099999949336052,0.45356300473213196,0.16914799809455872,1.2764899730682373,0.6990000009536743,705.114013671875,-0.4785290062427521,2.0,0.7490000128746033,0.5529999732971191,0.5867670178413391,0.4332199990749359,1.3544299602508545,9.0,0.0,0.8528569936752319,0.6174830198287964,20.766300201416016,0.9613000154495239,265.384619,43.5647603,5.14712,26.12540054321289,1.1668200386338867e-05,0.041946299374103546,-0.05067230015993118,2.4463399313390255e-05,t17_f5_c3,ZTF20aaiggef
2459683.9899884,1,1929489984815,20.07859992980957,/ztf/archive/sci/2022/0414/489919/ztf_20220414489919_000724_zg_c13_o_q1_scimrefdiffimg.fits.fz,Kulkarni,1,,,,1929,48,724,,,,,,,,,,,,,,,,,,,,,,,,,,,,,,,,,,,,26.147899627685547,1.3249100447865203e-05,0.04620639979839325,-0.044341400265693665,2.9903900212957524e-05,t17_f5_c3,ZTF20aaiggef
2459686.8893866,1,1932389386115,18.73080062866211,/ztf/archive/sci/2022/0417/389387/ztf_20220417389387_000725_zg_c16_o_q2_scimrefdiffimg.fits.fz,Kulkarni,1,,,,1932,61,725,,,,,,,,,,,,,,,,,,,,,,,,,,,,,,,,,,,,26.01110076904297,5.743169822380878e-05,0.050848398357629776,-0.023214099928736687,0.0001949620054801926,t17_f5_c3,ZTF20aaiggef
2459687.9117245,2,1933411724815,19.59910011291504,/ztf/archive/sci/2022/0418/411725/ztf_20220418411725_000724_zr_c13_o_q1_scimrefdiffimg.fits.fz,Kulkarni,1,,,,1933,48,724,,,,,,,,,,,,,,,,,,,,,,,,,,,,,,,,,,,,26.05419921875,7.713820195931476e-06,0.03654250130057335,0.08793099969625473,1.5930500012473203e-05,t17_f5_c3,ZTF20aaiggef
2459687.9521991,1,1933452194815,19.572500228881836,/ztf/archive/sci/2022/0418/452130/ztf_20220418452130_000724_zg_c13_o_q1_scimrefdiffimg.fits.fz,Kulkarni,1,,,,1933,48,724,,,,,,,,,,,,,,,,,,,,,,,,,,,,,,,,,,,,26.155399322509766,1.9873199562425725e-05,0.05225440114736557,-0.02325800061225891,5.0500701036071405e-05,t17_f5_c3,ZTF20aaiggef
2459689.9307639,2,1935430766115,19.368000030517578,/ztf/archive/sci/2022/0420/430752/ztf_20220420430752_000725_zr_c16_o_q2_scimrefdiffimg.fits.fz,Kulkarni,1,,,,1935,61,725,,,,,,,,,,,,,,,,,,,,,,,,,,,,,,,,,,,,26.018199920654297,1.208869980473537e-05,0.04268699884414673,0.0937684029340744,2.409350054222159e-05,t17_f5_c3,ZTF20aaiggef
2459690.9224884,1,1936422484815,19.893800735473633,/ztf/archive/sci/2022/0421/422350/ztf_20220421422350_000724_zg_c13_o_q1_scimrefdiffimg.fits.fz,Kulkarni,1,,,,1936,48,724,,,,,,,,,,,,,,,,,,,,,,,,,,,,,,,,,,,,26.100299835205078,1.5827199604245834e-05,0.048937100917100906,-0.0238840002566576,3.7221401726128533e-05,t17_f5_c3,ZTF20aaiggef
2459690.9692245,2,1936469224815,20.04680061340332,/ztf/archive/sci/2022/0421/469225/ztf_20220421469225_000724_zr_c13_o_q1_scimrefdiffimg.fits.fz,Kulkarni,1,,,,1936,48,724,,,,,,,,,,,,,,,,,,,,,,,,,,,,,,,,,,,,26.028799057006836,6.993050192249939e-06,0.03496529906988144,0.07633700221776962,1.438490016880678e-05,t17_f5_c3,ZTF20aaiggef
2459730.8908449,1,1976390846115,20.785200119018555,/ztf/archive/sci/2022/0531/390845/ztf_20220531390845_000725_zg_c16_o_q2_scimrefdiffimg.fits.fz,Kulkarni,1,1.976390846115015e+18,1,11.0,1976,61,725,1632.9300537109375,2359.75,265.3846662,43.5647613,20.296300888061523,0.23406900465488434,1.315440058708191,20.44230079650879,0.2809000015258789,0.13544000685214996,19.097000122070312,0.03200000151991844,1.7740000486373901,0.03099999949336052,0.11623399704694748,0.14602400362491608,2.9000000953674316,0.800000011920929,720.7550048828125,0.34287700057029724,0.9088760018348694,0.8889999985694885,0.6230000257492065,0.306551992893219,0.2148279994726181,1.4269700050354004,8.0,0.0,0.8799999952316284,0.8756009936332703,20.44260025024414,0.3562000095844269,265.384619,43.5647603,7.23152,26.13129997253418,9.206440154230222e-06,0.03780030086636543,-0.05011250078678131,1.8650200217962265e-05,t17_f5_c3,ZTF20aaiggef
2459730.9061458,2,1976406144815,20.78380012512207,/ztf/archive/sci/2022/0531/406134/ztf_20220531406134_000724_zr_c13_o_q1_scimrefdiffimg.fits.fz,Kulkarni,1,1.976406144815015e+18,1,31.0,1976,48,724,2310.7099609375,2338.909912109375,265.3842964,43.5648173,20.420799255371094,0.18061499297618866,0.7416669726371765,20.252599716186523,0.26080000400543213,0.8025149703025818,18.836000442504883,0.024000000208616257,1.2430000305175781,0.09099999815225601,0.27632901072502136,-0.16819900274276733,1.2026100158691406,0.8119999766349792,741.5910034179688,0.5312029719352722,2.0,0.6140000224113464,0.5580000281333923,0.5105569958686829,0.46399199962615967,1.1003600358963013,6.0,0.0,0.8628569841384888,0.9128440022468567,20.23240089416504,0.3237000107765198,265.3845988,43.5647835,5.37495,26.077800750732422,1.0711100003391039e-05,0.043125201016664505,0.06991460174322128,2.2118800188764e-05,t17_f5_c3,ZTF20aaiggef
2459702.9497569,1,1948449754815,20.73390007019043,/ztf/archive/sci/2022/0503/449757/ztf_20220503449757_000724_zg_c13_o_q1_scimrefdiffimg.fits.fz,Kulkarni,1,1.948449754815015e+18,t,18.0,1948,48,724,2302.169921875,2305.5400390625,265.3838744,43.5646971,20.37470054626465,0.2689160108566284,2.3712100982666016,20.095199584960938,0.19859999418258667,1.8845800161361694,19.094999313354492,0.019999999552965164,0.8169999718666077,0.0010000000474974513,-0.061677999794483185,-0.27954500913619995,3.450000047683716,0.5320000052452087,770.3330078125,0.6386820077896118,0.8324509859085083,1.3539999723434448,1.2039999961853027,0.3924640119075775,0.3489859998226166,1.1245900392532349,1.0,0.0,0.431428998708725,1.0,19.994600296020508,0.22859999537467957,265.3845965,43.5647832,6.39014,26.07069969177246,2.8652999390033074e-05,0.07011129707098007,-0.1214200034737587,5.975789827061817e-05,t17_f5_c3,ZTF20aaiggef
2459725.8508565,1,1971350854815,20.435800552368164,/ztf/archive/sci/2022/0526/350833/ztf_20220526350833_000724_zg_c13_o_q1_scimrefdiffimg.fits.fz,Kulkarni,1,1.971350854815015e+18,1,14.0,1971,48,724,2342.409912109375,2295.860107421875,265.3843119,43.5647049,20.27750015258789,0.33813801407814026,1.4073899984359741,20.109800338745117,0.2572999894618988,0.7840790152549744,19.094999313354492,0.019999999552965164,0.8169999718666077,0.0010000000474974513,-0.025761999189853668,-0.1677349954843521,1.440369963645935,0.421999990940094,730.0900268554688,0.3260290026664734,2.0,1.277999997138977,1.1799999475479126,0.8872720003128052,0.8192340135574341,1.083050012588501,2.0,0.0,0.6814290285110474,1.0,19.942800521850586,0.2809999883174896,265.3845965,43.5647832,6.69444,26.101499557495117,2.4532899260520935e-05,0.06317850202322006,-0.08588989824056625,5.29924982402008e-05,t17_f5_c3,ZTF20aaiggef
2459725.8690741,1,1971369076115,20.745899200439453,/ztf/archive/sci/2022/0526/369051/ztf_20220526369051_000725_zg_c16_o_q2_scimrefdiffimg.fits.fz,Kulkarni,1,1.971369076115015e+18,1,24.0,1971,61,725,1685.800048828125,2321.800048828125,265.3846241,43.5648057,20.25119972229004,0.2361229956150055,1.4553500413894653,20.463699340820312,0.30820000171661377,0.18124499917030334,19.097000122070312,0.03200000151991844,1.7740000486373901,0.03099999949336052,0.13520599901676178,0.2125300019979477,2.8399999141693115,0.8579999804496765,758.7039794921875,0.2821510136127472,0.8884199857711792,0.8149999976158142,0.574999988079071,0.2869719862937927,0.2024649977684021,1.417389988899231,6.0,0.0,0.8828570246696472,0.9128260016441345,20.259199142456055,0.3246999979019165,265.384619,43.5647603,7.13459,26.10219955444336,8.463650374324061e-06,0.03638539835810661,-0.04597799852490425,1.6964699170785025e-05,t17_f5_c3,ZTF20aaiggef
2459718.8032292,2,1964303224815,19.923200607299805,/ztf/archive/sci/2022/0519/303229/ztf_20220519303229_000724_zr_c13_o_q1_scimrefdiffimg.fits.fz,Kulkarni,1,1.964303224815015e+18,1,7.0,1964,48,724,2327.2099609375,2274.800048828125,265.3844252,43.5647353,20.001399993896484,0.30404800176620483,1.1211800575256348,20.055299758911133,0.44269999861717224,0.4789319932460785,18.836000442504883,0.024000000208616257,1.2430000305175781,0.09099999815225601,0.21295499801635742,0.05387900024652481,1.2515000104904175,0.7179999947547913,745.2860107421875,-0.13207900524139404,2.0,1.0509999990463257,0.953000009059906,0.8397899866104126,0.7614840269088745,1.1028300523757935,2.0,0.0,0.8600000143051147,0.9797239899635315,19.962499618530273,0.5202999711036682,265.3845988,43.5647835,5.64371,26.028400421142578,9.669430255598854e-06,0.0406855009496212,0.08083400130271912,1.9937200704589486e-05,t17_f5_c3,ZTF20aaiggef
2459723.8285648,2,1969328564815,20.56570053100586,/ztf/archive/sci/2022/0524/328565/ztf_20220524328565_000724_zr_c13_o_q1_scimrefdiffimg.fits.fz,Kulkarni,1,1.969328564815015e+18,1,18.0,1969,48,724,2330.31005859375,2314.909912109375,265.384318,43.5646415,20.34939956665039,0.2609879970550537,1.753190040588379,20.10420036315918,0.26899999380111694,0.8818380236625671,18.836000442504883,0.024000000208616257,1.2430000305175781,0.09099999815225601,-0.04156000167131424,-0.24516800045967102,1.2260099649429321,0.550000011920929,742.1849975585938,0.46148601174354553,2.0,1.0889999866485596,0.9089999794960022,0.8882459998130798,0.741428017616272,1.1980199813842773,3.0,0.0,0.7842860221862793,0.9953410029411316,20.322799682617188,0.4171999990940094,265.3845988,43.5647835,6.20426,26.026399612426758,1.0910400305874646e-05,0.043426498770713806,0.06834679841995239,2.2379499569069594e-05,t17_f5_c3,ZTF20aaiggef
2459723.8448611,2,1969344866115,20.567800521850586,/ztf/archive/sci/2022/0524/344838/ztf_20220524344838_000725_zr_c16_o_q2_scimrefdiffimg.fits.fz,Kulkarni,1,1.969344866115015e+18,1,19.0,1969,61,725,1663.010009765625,2339.93994140625,265.3847281,43.5647725,20.104000091552734,0.17092899978160858,0.6469749808311462,19.94969940185547,0.2362000048160553,0.2940559983253479,18.86199951171875,0.024000000208616257,1.2319999933242798,0.08299999684095383,0.0744670033454895,-0.15430299937725067,1.2104599475860596,0.9049999713897705,740.5579833984375,0.6181179881095886,2.0,0.699999988079071,0.5870000123977661,0.5782930254936218,0.4849399924278259,1.1924999952316284,4.0,0.0,0.9157140254974365,0.9530770182609558,20.364299774169922,0.438400000333786,265.3846149,43.5647656,5.07139,25.9950008392334,3.8951297938183416e-06,0.02456820011138916,0.088326096534729,7.81247035774868e-06,t17_f5_c3,ZTF20aaiggef
2459673.8870486,2,1919387046115,19.96489906311035,/ztf/archive/sci/2022/0404/387037/ztf_20220404387037_000725_zr_c16_o_q2_scimrefdiffimg.fits.fz,Kulkarni,1,,,,1919,61,725,,,,,,,,,,,,,,,,,,,,,,,,,,,,,,,,,,,,25.895299911499023,7.319189990084851e-06,0.033765800297260284,0.08906880021095276,1.4651999663328752e-05,t17_f5_c3,ZTF20aaiggef
2459673.8875231,2,1919387524815,19.96660041809082,/ztf/archive/sci/2022/0404/387512/ztf_20220404387512_000724_zr_c13_o_q1_scimrefdiffimg.fits.fz,Kulkarni,1,,,,1919,48,724,,,,,,,,,,,,,,,,,,,,,,,,,,,,,,,,,,,,25.917800903320312,7.500800165871624e-06,0.03609669953584671,0.07427649945020676,1.535159935883712e-05,t17_f5_c3,ZTF20aaiggef
2459673.9231713,1,1919423176115,20.20439910888672,/ztf/archive/sci/2022/0404/423160/ztf_20220404423160_000725_zg_c16_o_q2_scimrefdiffimg.fits.fz,Kulkarni,1,1.919423176115015e+18,t,28.0,1919,61,725,1615.72998046875,2349.06005859375,265.3846807,43.5647262,20.519100189208984,0.32005399465560913,0.7478860020637512,20.832000732421875,0.5156000256538391,0.21038199961185455,19.097000122070312,0.03200000151991844,1.7740000486373901,0.03099999949336052,-0.15522800385951996,0.3128820061683655,1.7210500240325928,0.4009999930858612,731.43701171875,-0.6276059746742249,2.0,0.9129999876022339,0.8360000252723694,0.5304909944534302,0.4857510030269623,1.09211003780365,7.0,0.0,0.8342859745025635,0.9144120216369629,20.7101993560791,0.5878999829292297,265.384619,43.5647603,5.0326,25.98310089111328,1.1990699931629933e-05,0.04212139919400215,-0.05585689842700958,2.573289930296596e-05,t17_f5_c3,ZTF20aaiggef
2459673.9236574,1,1919423654815,20.070199966430664,/ztf/archive/sci/2022/0404/423646/ztf_20220404423646_000724_zg_c13_o_q1_scimrefdiffimg.fits.fz,Kulkarni,1,,,,1919,48,724,,,,,,,,,,,,,,,,,,,,,,,,,,,,,,,,,,,,25.9768009185791,1.7339700207230635e-05,0.05085910111665726,-0.06208069995045662,4.1925301047740504e-05,t17_f5_c3,ZTF20aaiggef
2459790.7891204,2,2036289124815,20.153400421142578,/ztf/archive/sci/2022/0730/289097/ztf_20220730289097_000724_zr_c13_o_q1_scimrefdiffimg.fits.fz,Kulkarni,2,,,,2036,48,724,,,,,,,,,,,,,,,,,,,,,,,,,,,,,,,,,,,,25.898099899291992,4.291549885238055e-06,0.027181699872016907,0.07680480182170868,8.803010132396594e-06,t17_f5_c3,ZTF20aaiggef
2459790.8046875,1,2036304684815,20.54829978942871,/ztf/archive/sci/2022/0730/304688/ztf_20220730304688_000724_zg_c13_o_q1_scimrefdiffimg.fits.fz,Kulkarni,2,,,,2036,48,724,,,,,,,,,,,,,,,,,,,,,,,,,,,,,,,,,,,,26.024799346923828,1.033609987644013e-05,0.04207180067896843,-0.08895070105791092,2.1614599972963333e-05,t17_f5_c3,ZTF20aaiggef
2459791.7145718,2,2037214576115,20.45319938659668,/ztf/archive/sci/2022/0731/214572/ztf_20220731214572_000725_zr_c16_o_q2_scimrefdiffimg.fits.fz,Kulkarni,1,,,,2037,61,725,,,,,,,,,,,,,,,,,,,,,,,,,,,,,,,,,,,,25.939599990844727,3.1162101095105754e-06,0.02194339968264103,0.08471819758415222,6.190789918036899e-06,t17_f5_c3,ZTF20aaiggef
2459792.7431713,3,2038243176115,17.50279998779297,/ztf/archive/sci/2022/0801/243171/ztf_20220801243171_000725_zi_c16_o_q2_scimrefdiffimg.fits.fz,Kulkarni,2,,,,2038,61,725,,,,,,,,,,,,,,,,,,,,,,,,,,,,,,,,,,,,23.058700561523438,0.0003382150025572628,0.248212993144989,0.16915500164031982,0.0020274699199944735,t17_f5_c3,ZTF20aaiggef
2459792.7436458,3,2038243644815,18.53260040283203,/ztf/archive/sci/2022/0801/243634/ztf_20220801243634_000724_zi_c13_o_q1_scimrefdiffimg.fits.fz,Kulkarni,2,,,,2038,48,724,,,,,,,,,,,,,,,,,,,,,,,,,,,,,,,,,,,,24.22610092163086,1.274920032301452e-05,0.05702900141477585,0.18715299665927887,8.838070061756298e-05,t17_f5_c3,ZTF20aaiggef
2459792.7592824,1,2038259284815,20.193500518798828,/ztf/archive/sci/2022/0801/259271/ztf_20220801259271_000724_zg_c13_o_q1_scimrefdiffimg.fits.fz,Kulkarni,1,,,,2038,48,724,,,,,,,,,,,,,,,,,,,,,,,,,,,,,,,,,,,,25.721599578857422,1.2908200005767867e-05,0.04546000063419342,-0.08360400050878525,2.881960062950384e-05,t17_f5_c3,ZTF20aaiggef
2459792.7602199,1,2038260214815,20.227100372314453,/ztf/archive/sci/2022/0801/260220/ztf_20220801260220_000724_zg_c13_o_q1_scimrefdiffimg.fits.fz,Kulkarni,2,,,,2038,48,724,,,,,,,,,,,,,,,,,,,,,,,,,,,,,,,,,,,,25.767499923706055,1.2636300198209938e-05,0.0458856001496315,-0.08399630337953568,2.727070022956468e-05,t17_f5_c3,ZTF20aaiggef
2459792.7791782,1,2038279174815,19.9143009185791,/ztf/archive/sci/2022/0801/279109/ztf_20220801279109_000724_zg_c13_o_q1_scimrefdiffimg.fits.fz,Kulkarni,2,,,,2038,48,724,,,,,,,,,,,,,,,,,,,,,,,,,,,,,,,,,,,,25.5039005279541,1.4438899597735144e-05,0.04624899849295616,-0.05559070035815239,3.424780152272433e-05,t17_f5_c3,ZTF20aaiggef
2459793.7604167,1,2039260414815,20.583799362182617,/ztf/archive/sci/2022/0802/260417/ztf_20220802260417_000724_zg_c13_o_q1_scimrefdiffimg.fits.fz,Kulkarni,2,,,,2039,48,724,,,,,,,,,,,,,,,,,,,,,,,,,,,,,,,,,,,,26.11400032043457,1.0616199688229244e-05,0.042479000985622406,-0.0801398977637291,2.2301499484456144e-05,t17_f5_c3,ZTF20aaiggef
2459794.7236343,1,2040223634815,20.60930061340332,/ztf/archive/sci/2022/0803/223634/ztf_20220803223634_000724_zg_c13_o_q1_scimrefdiffimg.fits.fz,Kulkarni,2,,,,2040,48,724,,,,,,,,,,,,,,,,,,,,,,,,,,,,,,,,,,,,26.093399047851562,1.0442699931445532e-05,0.042055100202560425,-0.10269799828529358,2.195409979321994e-05,t17_f5_c3,ZTF20aaiggef
2459794.7644097,2,2040264404815,20.48940086364746,/ztf/archive/sci/2022/0803/264363/ztf_20220803264363_000724_zr_c13_o_q1_scimrefdiffimg.fits.fz,Kulkarni,2,,,,2040,48,724,,,,,,,,,,,,,,,,,,,,,,,,,,,,,,,,,,,,25.999099731445312,5.426889856607886e-06,0.03058459982275963,0.07797659933567047,1.1231200005568098e-05,t17_f5_c3,ZTF20aaiggef
2459794.7653472,2,2040265344815,20.410900115966797,/ztf/archive/sci/2022/0803/265347/ztf_20220803265347_000724_zr_c13_o_q1_scimrefdiffimg.fits.fz,Kulkarni,1,,,,2040,48,724,,,,,,,,,,,,,,,,,,,,,,,,,,,,,,,,,,,,26.00189971923828,5.274519935483113e-06,0.030135899782180786,0.0774535983800888,1.0874099643842783e-05,t17_f5_c3,ZTF20aaiggef
2459794.7759606,2,2040275966115,20.42970085144043,/ztf/archive/sci/2022/0803/275938/ztf_20220803275938_000725_zr_c16_o_q2_scimrefdiffimg.fits.fz,Kulkarni,1,,,,2040,61,725,,,,,,,,,,,,,,,,,,,,,,,,,,,,,,,,,,,,25.955299377441406,3.435179905864061e-06,0.02314010076224804,0.08819089829921722,6.912559911143035e-06,t17_f5_c3,ZTF20aaiggef
2459794.8077199,1,2040307714815,20.26799964904785,/ztf/archive/sci/2022/0803/307720/ztf_20220803307720_000724_zg_c13_o_q1_scimrefdiffimg.fits.fz,Kulkarni,1,,,,2040,48,724,,,,,,,,,,,,,,,,,,,,,,,,,,,,,,,,,,,,25.866100311279297,1.0849799764400814e-05,0.042553599923849106,-0.060010701417922974,2.3482900360249914e-05,t17_f5_c3,ZTF20aaiggef
2459794.808669,1,2040308664815,20.397899627685547,/ztf/archive/sci/2022/0803/308669/ztf_20220803308669_000724_zg_c13_o_q1_scimrefdiffimg.fits.fz,Kulkarni,2,,,,2040,48,724,,,,,,,,,,,,,,,,,,,,,,,,,,,,,,,,,,,,25.811399459838867,1.2129099559388123e-05,0.04527059942483902,-0.07997909933328629,2.59079006355023e-05,t17_f5_c3,ZTF20aaiggef
2459794.829375,1,2040329376115,20.322099685668945,/ztf/archive/sci/2022/0803/329352/ztf_20220803329352_000725_zg_c16_o_q2_scimrefdiffimg.fits.fz,Kulkarni,1,,,,2040,61,725,,,,,,,,,,,,,,,,,,,,,,,,,,,,,,,,,,,,25.82740020751953,6.403290171874687e-06,0.03144180029630661,-0.04058760032057762,1.326569963566726e-05,t17_f5_c3,ZTF20aaiggef
2459797.7265278,2,2043226524815,20.42609977722168,/ztf/archive/sci/2022/0806/226516/ztf_20220806226516_000724_zr_c13_o_q1_scimrefdiffimg.fits.fz,Kulkarni,2,,,,2043,48,724,,,,,,,,,,,,,,,,,,,,,,,,,,,,,,,,,,,,26.106000900268555,3.2504499358765315e-06,0.02365409955382347,0.07309240102767944,6.704639872623375e-06,t17_f5_c3,ZTF20aaiggef
2459797.7407523,1,2043240754815,20.460399627685547,/ztf/archive/sci/2022/0806/240741/ztf_20220806240741_000724_zg_c13_o_q1_scimrefdiffimg.fits.fz,Kulkarni,2,,,,2043,48,724,,,,,,,,,,,,,,,,,,,,,,,,,,,,,,,,,,,,26.19070053100586,6.333819783321815e-06,0.032769400626420975,-0.06279940158128738,1.3349000255402643e-05,t17_f5_c3,ZTF20aaiggef
2459797.7998611,1,2043299864815,20.606599807739258,/ztf/archive/sci/2022/0806/299850/ztf_20220806299850_000724_zg_c13_o_q1_scimrefdiffimg.fits.fz,Kulkarni,1,,,,2043,48,724,,,,,,,,,,,,,,,,,,,,,,,,,,,,,,,,,,,,26.171300888061523,8.738789802009705e-06,0.03845880180597305,-0.0875765010714531,1.8513899703975767e-05,t17_f5_c3,ZTF20aaiggef
2459797.8060532,1,2043306056115,20.490699768066406,/ztf/archive/sci/2022/0806/306053/ztf_20220806306053_000725_zg_c16_o_q2_scimrefdiffimg.fits.fz,Kulkarni,1,,,,2043,61,725,,,,,,,,,,,,,,,,,,,,,,,,,,,,,,,,,,,,26.17840003967285,5.822979801450856e-06,0.03023420087993145,-0.07794920355081558,1.1697799891408067e-05,t17_f5_c3,ZTF20aaiggef
2459797.8304282,2,2043330426115,20.486299514770508,/ztf/archive/sci/2022/0806/330428/ztf_20220806330428_000725_zr_c16_o_q2_scimrefdiffimg.fits.fz,Kulkarni,1,2.043330426115015e+18,t,18.0,2043,61,725,1623.280029296875,2331.77001953125,265.3847161,43.5647027,20.645299911499023,0.32290199398994446,0.8908320069313049,20.193599700927734,0.32179999351501465,0.3397360146045685,18.86199951171875,0.024000000208616257,1.2319999933242798,0.08299999684095383,0.385470986366272,-0.4517109990119934,1.185420036315918,0.5830000042915344,748.7340087890625,0.292726993560791,2.0,0.75,0.46299999952316284,0.6326879858970642,0.3905799984931946,1.6198699474334717,7.0,0.0,0.7028570175170898,0.8064950108528137,20.35449981689453,0.47530001401901245,265.3846149,43.5647656,5.14603,26.05229949951172,2.8775900773325702e-06,0.02124279923737049,0.08452460169792175,5.803929980174871e-06,t17_f5_c3,ZTF20aaiggef
2459797.8424537,2,2043342454815,20.21470069885254,/ztf/archive/sci/2022/0806/342442/ztf_20220806342442_000724_zr_c13_o_q1_scimrefdiffimg.fits.fz,Kulkarni,2,,,,2043,48,724,,,,,,,,,,,,,,,,,,,,,,,,,,,,,,,,,,,,26.068599700927734,4.497089776123175e-06,0.02802559919655323,0.07602839916944504,9.3004600785207e-06,t17_f5_c3,ZTF20aaiggef
2459797.8433912,2,2043343394815,20.48550033569336,/ztf/archive/sci/2022/0806/343391/ztf_20220806343391_000724_zr_c13_o_q1_scimrefdiffimg.fits.fz,Kulkarni,1,,,,2043,48,724,,,,,,,,,,,,,,,,,,,,,,,,,,,,,,,,,,,,26.07379913330078,4.8848801270651165e-06,0.029135100543498993,0.076500803232193,1.010510004562093e-05,t17_f5_c3,ZTF20aaiggef
2459797.8824884,1,2043382484815,20.218299865722656,/ztf/archive/sci/2022/0806/382373/ztf_20220806382373_000724_zg_c13_o_q1_scimrefdiffimg.fits.fz,Kulkarni,2,,,,2043,48,724,,,,,,,,,,,,,,,,,,,,,,,,,,,,,,,,,,,,26.07710075378418,6.848989869467914e-06,0.03348800167441368,-0.04946019873023033,1.4977499631640967e-05,t17_f5_c3,ZTF20aaiggef
2459798.693287,3,2044193286115,19.72879981994629,/ztf/archive/sci/2022/0807/193287/ztf_20220807193287_000725_zi_c16_o_q2_scimrefdiffimg.fits.fz,Kulkarni,2,,,,2044,61,725,,,,,,,,,,,,,,,,,,,,,,,,,,,,,,,,,,,,25.356300354003906,1.685679990259814e-06,0.023553799837827682,0.18535199761390686,1.1302299753879197e-05,t17_f5_c3,ZTF20aaiggef
2459798.697581,3,2044197584815,19.53969955444336,/ztf/archive/sci/2022/0807/197535/ztf_20220807197535_000724_zi_c13_o_q1_scimrefdiffimg.fits.fz,Kulkarni,2,,,,2044,48,724,,,,,,,,,,,,,,,,,,,,,,,,,,,,,,,,,,,,25.33329963684082,3.0927599254937377e-06,0.03228139877319336,0.2073799967765808,2.361129918426741e-05,t17_f5_c3,ZTF20aaiggef
2459798.7162616,2,2044216264815,20.129899978637695,/ztf/archive/sci/2022/0807/216262/ztf_20220807216262_000724_zr_c13_o_q1_scimrefdiffimg.fits.fz,Kulkarni,2,,,,2044,48,724,,,,,,,,,,,,,,,,,,,,,,,,,,,,,,,,,,,,26.097200393676758,3.437020041019423e-06,0.02435070089995861,0.07917030155658722,7.065330009936588e-06,t17_f5_c3,ZTF20aaiggef
2459798.7354398,2,2044235434815,20.211999893188477,/ztf/archive/sci/2022/0807/235428/ztf_20220807235428_000724_zr_c13_o_q1_scimrefdiffimg.fits.fz,Kulkarni,2,,,,2044,48,724,,,,,,,,,,,,,,,,,,,,,,,,,,,,,,,,,,,,26.11050033569336,2.687459982553264e-06,0.021499600261449814,0.07047619670629501,5.572319878410781e-06,t17_f5_c3,ZTF20aaiggef
2459798.7577662,1,2044257764815,20.16119956970215,/ztf/archive/sci/2022/0807/257755/ztf_20220807257755_000724_zg_c13_o_q1_scimrefdiffimg.fits.fz,Kulkarni,2,,,,2044,48,724,,,,,,,,,,,,,,,,,,,,,,,,,,,,,,,,,,,,26.17169952392578,7.328279934881721e-06,0.0348643995821476,-0.04324359819293022,1.5972400433383882e-05,t17_f5_c3,ZTF20aaiggef
2459798.7646644,1,2044264662415,20.22949981689453,/ztf/archive/sci/2022/0807/264664/ztf_20220807264664_001763_zg_c07_o_q1_scimrefdiffimg.fits.fz,Kulkarni,2,2.044264662415015e+18,t,16.0,2044,24,1763,2069.449951171875,1790.9200439453125,265.3846077,43.5647093,20.24690055847168,0.19924399256706238,1.3004200458526611,19.87299919128418,0.2962000072002411,0.16780400276184082,19.23900032043457,0.032999999821186066,1.1399999856948853,0.06700000166893005,0.4588809907436371,-0.37394800782203674,2.3499999046325684,0.8679999709129333,1003.0499877929688,0.35645100474357605,1.0111299753189087,0.8920000195503235,0.7570000290870667,0.3795740008354187,0.3221279978752136,1.178339958190918,4.0,0.0,0.8799999952316284,1.0,19.844499588012695,0.3698999881744385,265.3846139,43.5647552,6.86659,26.342899322509766,4.358770183898741e-06,0.026709100231528282,-0.0729999989271164,8.923499990487471e-06,t17_f5_c3,ZTF20aaiggef
2459798.8226968,1,2044322694815,20.114599227905273,/ztf/archive/sci/2022/0807/322685/ztf_20220807322685_000724_zg_c13_o_q1_scimrefdiffimg.fits.fz,Kulkarni,2,,,,2044,48,724,,,,,,,,,,,,,,,,,,,,,,,,,,,,,,,,,,,,26.06410026550293,7.952589839987922e-06,0.036587998270988464,-0.06777340173721313,1.6993299141176976e-05,t17_f5_c3,ZTF20aaiggef
2459799.706169,2,2045206164815,19.93079948425293,/ztf/archive/sci/2022/0808/206157/ztf_20220808206157_000724_zr_c13_o_q1_scimrefdiffimg.fits.fz,Kulkarni,2,,,,2045,48,724,,,,,,,,,,,,,,,,,,,,,,,,,,,,,,,,,,,,26.03380012512207,3.5628499972517602e-06,0.024731799960136414,0.08126500248908997,7.345120138779748e-06,t17_f5_c3,ZTF20aaiggef
2459799.7221644,2,2045222164815,19.896499633789062,/ztf/archive/sci/2022/0808/222164/ztf_20220808222164_000724_zr_c13_o_q1_scimrefdiffimg.fits.fz,Kulkarni,1,,,,2045,48,724,,,,,,,,,,,,,,,,,,,,,,,,,,,,,,,,,,,,26.052000045776367,3.5686700812220806e-06,0.024764999747276306,0.0798937976360321,7.324450052692555e-06,t17_f5_c3,ZTF20aaiggef
2459799.7231366,2,2045223136115,19.952899932861328,/ztf/archive/sci/2022/0808/223102/ztf_20220808223102_000725_zr_c16_o_q2_scimrefdiffimg.fits.fz,Kulkarni,1,,,,2045,61,725,,,,,,,,,,,,,,,,,,,,,,,,,,,,,,,,,,,,26.009700775146484,3.3953799629671266e-06,0.023014500737190247,0.08795779943466187,6.774980192858493e-06,t17_f5_c3,ZTF20aaiggef
2459801.7277546,1,2047227754815,18.845699310302734,/ztf/archive/sci/2022/0810/227743/ztf_20220810227743_000724_zg_c13_o_q1_scimrefdiffimg.fits.fz,Kulkarni,2,,,,2047,48,724,,,,,,,,,,,,,,,,,,,,,,,,,,,,,,,,,,,,25.457300186157227,8.199999865610152e-05,0.07688529789447784,-0.027007799595594406,0.0002536899992264807,t17_f5_c3,ZTF20aaiggef
2459801.7623032,1,2047262302415,19.79450035095215,/ztf/archive/sci/2022/0810/262303/ztf_20220810262303_001763_zg_c07_o_q1_scimrefdiffimg.fits.fz,Kulkarni,2,2.047262302415015e+18,t,3.0,2047,24,1763,2098.139892578125,1778.219970703125,265.3846762,43.5648985,20.129199981689453,0.21803000569343567,1.1188700199127197,20.249000549316406,0.636900007724762,0.5353429913520813,19.23900032043457,0.032999999821186066,1.1399999856948853,0.06700000166893005,-0.35892200469970703,0.1197889968752861,1.1584700345993042,0.9290000200271606,974.3599853515625,-0.4544529914855957,2.0,0.777999997138977,0.6959999799728394,0.6715739965438843,0.6007909774780273,1.1178200244903564,9.0,0.0,0.800000011920929,0.7006409764289856,20.193899154663086,0.7771000266075134,265.3846139,43.5647552,5.37115,26.314199447631836,7.013320100668352e-06,0.03256069868803024,-0.05034429952502251,1.5441799405380152e-05,t17_f5_c3,ZTF20aaiggef
2459801.8279861,1,2047327984815,19.57509994506836,/ztf/archive/sci/2022/0810/327975/ztf_20220810327975_000724_zg_c13_o_q1_scimrefdiffimg.fits.fz,Kulkarni,2,,,,2047,48,724,,,,,,,,,,,,,,,,,,,,,,,,,,,,,,,,,,,,26.08209991455078,1.3713100088352803e-05,0.041931699961423874,-0.009345299564301968,3.514840136631392e-05,t17_f5_c3,ZTF20aaiggef
2459801.8424653,2,2047342464815,19.722999572753906,/ztf/archive/sci/2022/0810/342465/ztf_20220810342465_000724_zr_c13_o_q1_scimrefdiffimg.fits.fz,Kulkarni,2,,,,2047,48,724,,,,,,,,,,,,,,,,,,,,,,,,,,,,,,,,,,,,26.045900344848633,3.999519776698435e-06,0.026176899671554565,0.08525309711694717,8.232549589592963e-06,t17_f5_c3,ZTF20aaiggef
2459801.8582176,3,2047358214815,19.055599212646484,/ztf/archive/sci/2022/0810/358218/ztf_20220810358218_000724_zi_c13_o_q1_scimrefdiffimg.fits.fz,Kulkarni,2,,,,2047,48,724,,,,,,,,,,,,,,,,,,,,,,,,,,,,,,,,,,,,25.287399291992188,2.901439984270837e-06,0.031238999217748642,0.2027059942483902,2.18955992750125e-05,t17_f5_c3,ZTF20aaiggef
2459801.8591667,3,2047359166115,19.281700134277344,/ztf/archive/sci/2022/0810/359155/ztf_20220810359155_000725_zi_c16_o_q2_scimrefdiffimg.fits.fz,Kulkarni,2,,,,2047,61,725,,,,,,,,,,,,,,,,,,,,,,,,,,,,,,,,,,,,25.296899795532227,2.1823700535605894e-06,0.026820499449968338,0.19475699961185455,1.4986199857958127e-05,t17_f5_c3,ZTF20aaiggef
2459802.7398264,2,2048239824815,19.090599060058594,/ztf/archive/sci/2022/0811/239826/ztf_20220811239826_000724_zr_c13_o_q1_scimrefdiffimg.fits.fz,Kulkarni,1,,,,2048,48,724,,,,,,,,,,,,,,,,,,,,,,,,,,,,,,,,,,,,25.79319953918457,8.399820217164233e-06,0.03730349987745285,0.07796990126371384,1.7406400729669258e-05,t17_f5_c3,ZTF20aaiggef
2459802.7403009,2,2048240306115,18.973899841308594,/ztf/archive/sci/2022/0811/240301/ztf_20220811240301_000725_zr_c16_o_q2_scimrefdiffimg.fits.fz,Kulkarni,1,,,,2048,61,725,,,,,,,,,,,,,,,,,,,,,,,,,,,,,,,,,,,,25.739700317382812,1.219770001625875e-05,0.042749401181936264,0.08230400085449219,2.4692100851098076e-05,t17_f5_c3,ZTF20aaiggef
2459802.7678125,2,2048267814815,18.898300170898438,/ztf/archive/sci/2022/0811/267789/ztf_20220811267789_000724_zr_c13_o_q1_scimrefdiffimg.fits.fz,Kulkarni,2,,,,2048,48,724,,,,,,,,,,,,,,,,,,,,,,,,,,,,,,,,,,,,25.749500274658203,2.1545600247918628e-05,0.059352099895477295,0.0814938023686409,4.441570126800798e-05,t17_f5_c3,ZTF20aaiggef
2459802.7875463,1,2048287544815,19.483299255371094,/ztf/archive/sci/2022/0811/287546/ztf_20220811287546_000724_zg_c13_o_q1_scimrefdiffimg.fits.fz,Kulkarni,1,,,,2048,48,724,,,,,,,,,,,,,,,,,,,,,,,,,,,,,,,,,,,,26.161500930786133,1.306650028709555e-05,0.0404898002743721,-0.02849780023097992,3.418900087126531e-05,t17_f5_c3,ZTF20aaiggef
2459802.7884954,1,2048288494815,19.573699951171875,/ztf/archive/sci/2022/0811/288484/ztf_20220811288484_000724_zg_c13_o_q1_scimrefdiffimg.fits.fz,Kulkarni,2,,,,2048,48,724,,,,,,,,,,,,,,,,,,,,,,,,,,,,,,,,,,,,26.14780044555664,1.3655800103151705e-05,0.041727498173713684,-0.02103409916162491,3.577239840524271e-05,t17_f5_c3,ZTF20aaiggef
2459802.8001505,1,2048300156115,19.4822998046875,/ztf/archive/sci/2022/0811/300150/ztf_20220811300150_000725_zg_c16_o_q2_scimrefdiffimg.fits.fz,Kulkarni,1,,,,2048,61,725,,,,,,,,,,,,,,,,,,,,,,,,,,,,,,,,,,,,26.11910057067871,1.143830013461411e-05,0.03805740177631378,-0.03759690001606941,2.8080399715690874e-05,t17_f5_c3,ZTF20aaiggef
2459802.8255093,1,2048325502415,19.454299926757812,/ztf/archive/sci/2022/0811/325509/ztf_20220811325509_001763_zg_c07_o_q1_scimrefdiffimg.fits.fz,Kulkarni,2,2.048325502415015e+18,t,3.0,2048,24,1763,2075.159912109375,1737.1600341796875,265.3847664,43.5647361,19.964799880981445,0.24199099838733673,1.218309998512268,19.551000595092773,0.4287000000476837,0.39132800698280334,19.23900032043457,0.032999999821186066,1.1399999856948853,0.06700000166893005,0.4133880138397217,-0.41377800703048706,1.2362699508666992,0.972000002861023,997.3419799804688,-0.0966859981417656,2.0,0.675000011920929,0.6060000061988831,0.5459960103034973,0.4901829957962036,1.113860011100769,6.0,0.0,0.8085709810256958,0.9786249995231628,19.434799194335938,0.49470001459121704,265.3846139,43.5647552,5.21306,26.30780029296875,1.0121099876414519e-05,0.035957399755716324,-0.07083799690008163,2.5122699298663065e-05,t17_f5_c3,ZTF20aaiggef
2459802.8345949,1,2048334594815,19.409500122070312,/ztf/archive/sci/2022/0811/334595/ztf_20220811334595_000724_zg_c13_o_q1_scimrefdiffimg.fits.fz,Kulkarni,2,,,,2048,48,724,,,,,,,,,,,,,,,,,,,,,,,,,,,,,,,,,,,,26.12700080871582,1.0382400432717986e-05,0.03729179874062538,-0.038120999932289124,2.63463007286191e-05,t17_f5_c3,ZTF20aaiggef
2459803.6796181,2,2049179614815,19.872699737548828,/ztf/archive/sci/2022/0812/179618/ztf_20220812179618_000724_zr_c13_o_q1_scimrefdiffimg.fits.fz,Kulkarni,2,,,,2049,48,724,,,,,,,,,,,,,,,,,,,,,,,,,,,,,,,,,,,,26.100500106811523,4.659159912989708e-06,0.028269700706005096,0.07896620035171509,9.590089575794991e-06,t17_f5_c3,ZTF20aaiggef
2459803.7069213,1,2049206924815,19.537799835205078,/ztf/archive/sci/2022/0812/206921/ztf_20220812206921_000724_zg_c13_o_q1_scimrefdiffimg.fits.fz,Kulkarni,2,,,,2049,48,724,,,,,,,,,,,,,,,,,,,,,,,,,,,,,,,,,,,,26.042800903320312,1.3734699678025208e-05,0.04275929927825928,-0.03831610083580017,3.505060158204287e-05,t17_f5_c3,ZTF20aaiggef
2459803.8921296,2,2049392124815,19.036100387573242,/ztf/archive/sci/2022/0812/392118/ztf_20220812392118_000724_zr_c13_o_q1_scimrefdiffimg.fits.fz,Kulkarni,2,,,,2049,48,724,,,,,,,,,,,,,,,,,,,,,,,,,,,,,,,,,,,,25.957199096679688,8.372329830308445e-06,0.03758519887924194,0.06943400204181671,1.7361500795232132e-05,t17_f5_c3,ZTF20aaiggef
2459805.6788194,2,2051178814815,19.822099685668945,/ztf/archive/sci/2022/0814/178808/ztf_20220814178808_000724_zr_c13_o_q1_scimrefdiffimg.fits.fz,Kulkarni,1,,,,2051,48,724,,,,,,,,,,,,,,,,,,,,,,,,,,,,,,,,,,,,25.80459976196289,6.100609880377306e-06,0.03233860060572624,0.07182809710502625,1.2628200238395948e-05,t17_f5_c3,ZTF20aaiggef
2459805.6797685,2,2051179764815,19.82360076904297,/ztf/archive/sci/2022/0814/179757/ztf_20220814179757_000724_zr_c13_o_q1_scimrefdiffimg.fits.fz,Kulkarni,2,,,,2051,48,724,,,,,,,,,,,,,,,,,,,,,,,,,,,,,,,,,,,,25.811899185180664,4.740620170196053e-06,0.028627000749111176,0.08182889968156815,9.742449947225396e-06,t17_f5_c3,ZTF20aaiggef
2459805.7204051,1,2051220404815,19.945499420166016,/ztf/archive/sci/2022/0814/220370/ztf_20220814220370_000724_zg_c13_o_q1_scimrefdiffimg.fits.fz,Kulkarni,1,,,,2051,48,724,,,,,,,,,,,,,,,,,,,,,,,,,,,,,,,,,,,,26.053600311279297,1.0459600161993876e-05,0.04060240089893341,-0.03348160162568092,2.391539965174161e-05,t17_f5_c3,ZTF20aaiggef
2459805.7208681,1,2051220866115,19.481700897216797,/ztf/archive/sci/2022/0814/220868/ztf_20220814220868_000725_zg_c16_o_q2_scimrefdiffimg.fits.fz,Kulkarni,1,,,,2051,61,725,,,,,,,,,,,,,,,,,,,,,,,,,,,,,,,,,,,,25.82309913635254,2.338759986741934e-05,0.054435499012470245,-0.028185000643134117,5.606350168818608e-05,t17_f5_c3,ZTF20aaiggef
2459805.7213426,1,2051221344815,19.281600952148438,/ztf/archive/sci/2022/0814/221343/ztf_20220814221343_000724_zg_c13_o_q1_scimrefdiffimg.fits.fz,Kulkarni,2,,,,2051,48,724,,,,,,,,,,,,,,,,,,,,,,,,,,,,,,,,,,,,25.591800689697266,0.0001424890069756657,0.12348800152540207,-0.021170400083065033,0.000387258012779057,t17_f5_c3,ZTF20aaiggef
2459805.8208102,2,2051320814815,19.33810043334961,/ztf/archive/sci/2022/0814/320602/ztf_20220814320602_000724_zr_c13_o_q1_scimrefdiffimg.fits.fz,Kulkarni,2,,,,2051,48,724,,,,,,,,,,,,,,,,,,,,,,,,,,,,,,,,,,,,25.847400665283203,5.999700078973547e-06,0.03202040120959282,0.0734734982252121,1.2368999705358874e-05,t17_f5_c3,ZTF20aaiggef
2459805.8433912,3,2051343394815,19.23430061340332,/ztf/archive/sci/2022/0814/343391/ztf_20220814343391_000724_zi_c13_o_q1_scimrefdiffimg.fits.fz,Kulkarni,2,,,,2051,48,724,,,,,,,,,,,,,,,,,,,,,,,,,,,,,,,,,,,,25.24250030517578,2.9320199246285483e-06,0.03130690008401871,0.19832700490951538,2.2402400645660236e-05,t17_f5_c3,ZTF20aaiggef
2459805.8448148,3,2051344816115,19.2726993560791,/ztf/archive/sci/2022/0814/344803/ztf_20220814344803_000725_zi_c16_o_q2_scimrefdiffimg.fits.fz,Kulkarni,2,,,,2051,61,725,,,,,,,,,,,,,,,,,,,,,,,,,,,,,,,,,,,,25.233400344848633,2.2036899736121995e-06,0.026927100494503975,0.19042399525642395,1.5297500794986263e-05,t17_f5_c3,ZTF20aaiggef
2459806.7026505,2,2052202654815,20.45800018310547,/ztf/archive/sci/2022/0815/202650/ztf_20220815202650_000724_zr_c13_o_q1_scimrefdiffimg.fits.fz,Kulkarni,2,,,,2052,48,724,,,,,,,,,,,,,,,,,,,,,,,,,,,,,,,,,,,,26.069900512695312,3.6115000057179714e-06,0.02495020069181919,0.07261969894170761,7.427940090565244e-06,t17_f5_c3,ZTF20aaiggef
2459806.7822222,1,2052282222415,19.741600036621094,/ztf/archive/sci/2022/0815/282222/ztf_20220815282222_001763_zg_c07_o_q1_scimrefdiffimg.fits.fz,Kulkarni,2,,,,2052,24,1763,,,,,,,,,,,,,,,,,,,,,,,,,,,,,,,,,,,,26.20439910888672,9.242269698006567e-06,0.03716709837317467,-0.028236599639058113,2.0613899323507212e-05,t17_f5_c3,ZTF20aaiggef
2459806.8424769,2,2052342474815,19.83690071105957,/ztf/archive/sci/2022/0815/342465/ztf_20220815342465_000724_zr_c13_o_q1_scimrefdiffimg.fits.fz,Kulkarni,2,,,,2052,48,724,,,,,,,,,,,,,,,,,,,,,,,,,,,,,,,,,,,,26.016199111938477,4.286090188543312e-06,0.026990100741386414,0.08543259650468826,8.811560292087961e-06,t17_f5_c3,ZTF20aaiggef
2459807.6730556,2,2053173054815,20.368099212646484,/ztf/archive/sci/2022/0816/173044/ztf_20220816173044_000724_zr_c13_o_q1_scimrefdiffimg.fits.fz,Kulkarni,2,,,,2053,48,724,,,,,,,,,,,,,,,,,,,,,,,,,,,,,,,,,,,,26.042200088500977,5.2161599342070986e-06,0.03004949912428856,0.0729290023446083,1.0749699868028983e-05,t17_f5_c3,ZTF20aaiggef
2459807.6739931,2,2053173994815,20.409900665283203,/ztf/archive/sci/2022/0816/173993/ztf_20220816173993_000724_zr_c13_o_q1_scimrefdiffimg.fits.fz,Kulkarni,1,,,,2053,48,724,,,,,,,,,,,,,,,,,,,,,,,,,,,,,,,,,,,,26.047199249267578,4.936210189043777e-06,0.029156800359487534,0.07231359928846359,1.013309974950971e-05,t17_f5_c3,ZTF20aaiggef
2459807.7048727,1,2053204876115,20.64889907836914,/ztf/archive/sci/2022/0816/204873/ztf_20220816204873_000725_zg_c16_o_q2_scimrefdiffimg.fits.fz,Kulkarni,1,,,,2053,61,725,,,,,,,,,,,,,,,,,,,,,,,,,,,,,,,,,,,,26.100900650024414,4.655059910874115e-06,0.027070799842476845,-0.05116619914770126,9.341570148535538e-06,t17_f5_c3,ZTF20aaiggef
2459807.7053472,1,2053205344815,20.559600830078125,/ztf/archive/sci/2022/0816/205336/ztf_20220816205336_000724_zg_c13_o_q1_scimrefdiffimg.fits.fz,Kulkarni,2,,,,2053,48,724,,,,,,,,,,,,,,,,,,,,,,,,,,,,,,,,,,,,26.097900390625,1.1329399967507925e-05,0.04355189949274063,-0.071949802339077,2.4159600798157044e-05,t17_f5_c3,ZTF20aaiggef
2459807.7062847,1,2053206284815,20.565900802612305,/ztf/archive/sci/2022/0816/206285/ztf_20220816206285_000724_zg_c13_o_q1_scimrefdiffimg.fits.fz,Kulkarni,1,,,,2053,48,724,,,,,,,,,,,,,,,,,,,,,,,,,,,,,,,,,,,,26.11319923400879,1.119110038416693e-05,0.043622300028800964,-0.0854497030377388,2.3592599973198958e-05,t17_f5_c3,ZTF20aaiggef
2459807.8069792,2,2053306976115,20.03219985961914,/ztf/archive/sci/2022/0816/306979/ztf_20220816306979_000725_zr_c16_o_q2_scimrefdiffimg.fits.fz,Kulkarni,1,,,,2053,61,725,,,,,,,,,,,,,,,,,,,,,,,,,,,,,,,,,,,,26.011699676513672,4.447460014489479e-06,0.026381300762295723,0.08193229883909225,8.962239917309489e-06,t17_f5_c3,ZTF20aaiggef
2459807.8249769,2,2053324974815,19.692800521850586,/ztf/archive/sci/2022/0816/324977/ztf_20220816324977_000724_zr_c13_o_q1_scimrefdiffimg.fits.fz,Kulkarni,2,,,,2053,48,724,,,,,,,,,,,,,,,,,,,,,,,,,,,,,,,,,,,,26.02199935913086,3.903980086761294e-06,0.025741100311279297,0.07610929757356644,8.076350241026375e-06,t17_f5_c3,ZTF20aaiggef
2459807.8915972,1,2053391594815,19.299800872802734,/ztf/archive/sci/2022/0816/391516/ztf_20220816391516_000724_zg_c13_o_q1_scimrefdiffimg.fits.fz,Kulkarni,2,,,,2053,48,724,,,,,,,,,,,,,,,,,,,,,,,,,,,,,,,,,,,,25.92449951171875,1.2390200026857201e-05,0.039782799780368805,-0.03477279841899872,3.263730104663409e-05,t17_f5_c3,ZTF20aaiggef
2459808.6741551,2,2054174154815,20.444799423217773,/ztf/archive/sci/2022/0817/174120/ztf_20220817174120_000724_zr_c13_o_q1_scimrefdiffimg.fits.fz,Kulkarni,2,,,,2054,48,724,,,,,,,,,,,,,,,,,,,,,,,,,,,,,,,,,,,,25.987199783325195,5.2495001909846906e-06,0.029967399314045906,0.07391589879989624,1.0837399713636842e-05,t17_f5_c3,ZTF20aaiggef
2459808.7271181,2,2054227114815,20.437000274658203,/ztf/archive/sci/2022/0817/227118/ztf_20220817227118_000724_zr_c13_o_q1_scimrefdiffimg.fits.fz,Kulkarni,2,,,,2054,48,724,,,,,,,,,,,,,,,,,,,,,,,,,,,,,,,,,,,,25.990299224853516,4.200319835945265e-06,0.026821499690413475,0.07437240332365036,8.667059773870278e-06,t17_f5_c3,ZTF20aaiggef
2459808.7451852,1,2054245184815,19.652999877929688,/ztf/archive/sci/2022/0817/245174/ztf_20220817245174_000724_zg_c13_o_q1_scimrefdiffimg.fits.fz,Kulkarni,2,,,,2054,48,724,,,,,,,,,,,,,,,,,,,,,,,,,,,,,,,,,,,,25.354299545288086,5.8133799029747024e-05,0.08859150111675262,-0.015644200146198273,0.00014634699618909508,t17_f5_c3,ZTF20aaiggef
2459808.7785069,3,2054278504815,19.58489990234375,/ztf/archive/sci/2022/0817/278495/ztf_20220817278495_000724_zi_c13_o_q1_scimrefdiffimg.fits.fz,Kulkarni,2,,,,2054,48,724,,,,,,,,,,,,,,,,,,,,,,,,,,,,,,,,,,,,25.249500274658203,2.640269940457074e-06,0.029517600312829018,0.19386200606822968,2.057490019069519e-05,t17_f5_c3,ZTF20aaiggef
2459808.785162,3,2054285166115,19.624399185180664,/ztf/archive/sci/2022/0817/285150/ztf_20220817285150_000725_zi_c16_o_q2_scimrefdiffimg.fits.fz,Kulkarni,2,,,,2054,61,725,,,,,,,,,,,,,,,,,,,,,,,,,,,,,,,,,,,,25.279800415039062,1.7151600104625686e-06,0.023688100278377533,0.18858200311660767,1.1892600014107302e-05,t17_f5_c3,ZTF20aaiggef
2459809.6834259,2,2055183424815,20.376399993896484,/ztf/archive/sci/2022/0818/183414/ztf_20220818183414_000724_zr_c13_o_q1_scimrefdiffimg.fits.fz,Kulkarni,1,,,,2055,48,724,,,,,,,,,,,,,,,,,,,,,,,,,,,,,,,,,,,,26.031999588012695,4.089939920959296e-06,0.02655320055782795,0.06490910053253174,8.42295958136674e-06,t17_f5_c3,ZTF20aaiggef
2459809.6843634,2,2055184364815,20.26259994506836,/ztf/archive/sci/2022/0818/184363/ztf_20220818184363_000724_zr_c13_o_q1_scimrefdiffimg.fits.fz,Kulkarni,2,,,,2055,48,724,,,,,,,,,,,,,,,,,,,,,,,,,,,,,,,,,,,,26.036100387573242,4.900190106127411e-06,0.029164599254727364,0.06451419740915298,1.0073799785459414e-05,t17_f5_c3,ZTF20aaiggef
2459809.7371875,1,2055237186115,20.562299728393555,/ztf/archive/sci/2022/0818/237164/ztf_20220818237164_000725_zg_c16_o_q2_scimrefdiffimg.fits.fz,Kulkarni,1,,,,2055,61,725,,,,,,,,,,,,,,,,,,,,,,,,,,,,,,,,,,,,26.06060028076172,5.201829935685964e-06,0.02849769964814186,-0.0439722016453743,1.0493599802430253e-05,t17_f5_c3,ZTF20aaiggef
2459809.7395602,1,2055239564815,20.58169937133789,/ztf/archive/sci/2022/0818/239560/ztf_20220818239560_000724_zg_c13_o_q1_scimrefdiffimg.fits.fz,Kulkarni,2,,,,2055,48,724,,,,,,,,,,,,,,,,,,,,,,,,,,,,,,,,,,,,26.078899383544922,1.1101499694632366e-05,0.04349629953503609,-0.0759470984339714,2.3173599402070977e-05,t17_f5_c3,ZTF20aaiggef
2459809.7596991,2,2055259694815,20.393400192260742,/ztf/archive/sci/2022/0818/259699/ztf_20220818259699_000724_zr_c13_o_q1_scimrefdiffimg.fits.fz,Kulkarni,2,,,,2055,48,724,,,,,,,,,,,,,,,,,,,,,,,,,,,,,,,,,,,,26.037599563598633,4.390460162539966e-06,0.027485599741339684,0.06799189746379852,9.02914962352952e-06,t17_f5_c3,ZTF20aaiggef
2459809.7601736,2,2055260176115,20.244199752807617,/ztf/archive/sci/2022/0818/260174/ztf_20220818260174_000725_zr_c16_o_q2_scimrefdiffimg.fits.fz,Kulkarni,1,,,,2055,61,725,,,,,,,,,,,,,,,,,,,,,,,,,,,,,,,,,,,,26.021799087524414,3.213480113117839e-06,0.02235409989953041,0.07564710080623627,6.437180218199501e-06,t17_f5_c3,ZTF20aaiggef
2459809.8225926,1,2055322594815,19.80229949951172,/ztf/archive/sci/2022/0818/322593/ztf_20220818322593_000724_zg_c13_o_q1_scimrefdiffimg.fits.fz,Kulkarni,1,,,,2055,48,724,,,,,,,,,,,,,,,,,,,,,,,,,,,,,,,,,,,,25.97610092163086,1.24850002976018e-05,0.04337669909000397,-0.022128300741314888,2.9380800697254017e-05,t17_f5_c3,ZTF20aaiggef
2459809.8466435,1,2055346644815,19.67959976196289,/ztf/archive/sci/2022/0818/346632/ztf_20220818346632_000724_zg_c13_o_q1_scimrefdiffimg.fits.fz,Kulkarni,2,,,,2055,48,724,,,,,,,,,,,,,,,,,,,,,,,,,,,,,,,,,,,,25.950199127197266,1.1670100320770871e-05,0.04176580160856247,-0.03406580165028572,2.7840900656883605e-05,t17_f5_c3,ZTF20aaiggef
2459810.6833102,2,2056183314815,20.418500900268555,/ztf/archive/sci/2022/0819/183299/ztf_20220819183299_000724_zr_c13_o_q1_scimrefdiffimg.fits.fz,Kulkarni,2,,,,2056,48,724,,,,,,,,,,,,,,,,,,,,,,,,,,,,,,,,,,,,25.991899490356445,4.234540028846823e-06,0.02703390084207058,0.07601960003376007,8.700470061739907e-06,t17_f5_c3,ZTF20aaiggef
2459810.703588,1,2056203584815,20.451400756835938,/ztf/archive/sci/2022/0819/203553/ztf_20220819203553_000724_zg_c13_o_q1_scimrefdiffimg.fits.fz,Kulkarni,2,,,,2056,48,724,,,,,,,,,,,,,,,,,,,,,,,,,,,,,,,,,,,,26.03529930114746,1.11975996333058e-05,0.043754201382398605,-0.09214139729738235,2.3333799617830664e-05,t17_f5_c3,ZTF20aaiggef
2459811.7979051,3,2057297906115,19.588300704956055,/ztf/archive/sci/2022/0820/297894/ztf_20220820297894_000725_zi_c16_o_q2_scimrefdiffimg.fits.fz,Kulkarni,2,,,,2057,61,725,,,,,,,,,,,,,,,,,,,,,,,,,,,,,,,,,,,,25.282499313354492,2.3737200081086485e-06,0.02768000029027462,0.18648399412631989,1.651350066822488e-05,t17_f5_c3,ZTF20aaiggef
2459811.8079051,3,2057307904815,19.731199264526367,/ztf/archive/sci/2022/0820/307894/ztf_20220820307894_000724_zi_c13_o_q1_scimrefdiffimg.fits.fz,Kulkarni,2,,,,2057,48,724,,,,,,,,,,,,,,,,,,,,,,,,,,,,,,,,,,,,25.23349952697754,3.009670081155491e-06,0.032023098319768906,0.1994899958372116,2.2656500732409768e-05,t17_f5_c3,ZTF20aaiggef
2459811.8396644,2,2057339664815,19.953800201416016,/ztf/archive/sci/2022/0820/339664/ztf_20220820339664_000724_zr_c13_o_q1_scimrefdiffimg.fits.fz,Kulkarni,2,,,,2057,48,724,,,,,,,,,,,,,,,,,,,,,,,,,,,,,,,,,,,,25.961700439453125,3.3768599223549245e-06,0.02406259998679161,0.07601190358400345,6.969979949644767e-06,t17_f5_c3,ZTF20aaiggef
2459812.6852431,2,2058185244815,20.3612003326416,/ztf/archive/sci/2022/0821/185220/ztf_20220821185220_000724_zr_c13_o_q1_scimrefdiffimg.fits.fz,Kulkarni,2,,,,2058,48,724,,,,,,,,,,,,,,,,,,,,,,,,,,,,,,,,,,,,26.016599655151367,5.177209914108971e-06,0.029900599271059036,0.07034560292959213,1.0702899999159854e-05,t17_f5_c3,ZTF20aaiggef
2459812.7225463,1,2058222544815,20.496400833129883,/ztf/archive/sci/2022/0821/222546/ztf_20220821222546_000724_zg_c13_o_q1_scimrefdiffimg.fits.fz,Kulkarni,2,,,,2058,48,724,,,,,,,,,,,,,,,,,,,,,,,,,,,,,,,,,,,,26.069499969482422,1.2456699550966732e-05,0.045854900032281876,-0.07288660109043121,2.6567500754026696e-05,t17_f5_c3,ZTF20aaiggef
2459812.7234838,1,2058223484815,20.566699981689453,/ztf/archive/sci/2022/0821/223484/ztf_20220821223484_000724_zg_c13_o_q1_scimrefdiffimg.fits.fz,Kulkarni,1,,,,2058,48,724,,,,,,,,,,,,,,,,,,,,,,,,,,,,,,,,,,,,26.062700271606445,1.1339800039422698e-05,0.04417340084910393,-0.07887499779462814,2.371889968344476e-05,t17_f5_c3,ZTF20aaiggef
2459812.745544,1,2058245546115,20.60140037536621,/ztf/archive/sci/2022/0821/245544/ztf_20220821245544_000725_zg_c16_o_q2_scimrefdiffimg.fits.fz,Kulkarni,1,,,,2058,61,725,,,,,,,,,,,,,,,,,,,,,,,,,,,,,,,,,,,,26.043800354003906,5.127700205775909e-06,0.028342099860310555,-0.04907679930329323,1.039729977492243e-05,t17_f5_c3,ZTF20aaiggef
2459812.7810532,1,2058281054815,19.78860092163086,/ztf/archive/sci/2022/0821/281042/ztf_20220821281042_000724_zg_c13_o_q1_scimrefdiffimg.fits.fz,Kulkarni,2,,,,2058,48,724,,,,,,,,,,,,,,,,,,,,,,,,,,,,,,,,,,,,25.42289924621582,5.840399899170734e-05,0.09182649850845337,-0.02662459947168827,0.00014096300583332777,t17_f5_c3,ZTF20aaiggef
2459812.8159491,2,2058315944815,20.31209945678711,/ztf/archive/sci/2022/0821/315938/ztf_20220821315938_000724_zr_c13_o_q1_scimrefdiffimg.fits.fz,Kulkarni,2,,,,2058,48,724,,,,,,,,,,,,,,,,,,,,,,,,,,,,,,,,,,,,25.98390007019043,4.281539986550342e-06,0.027021100744605064,0.07685700058937073,8.83070970303379e-06,t17_f5_c3,ZTF20aaiggef
2459813.6731134,2,2059173114815,20.448699951171875,/ztf/archive/sci/2022/0822/173102/ztf_20220822173102_000724_zr_c13_o_q1_scimrefdiffimg.fits.fz,Kulkarni,2,,,,2059,48,724,,,,,,,,,,,,,,,,,,,,,,,,,,,,,,,,,,,,26.03179931640625,5.266540028969757e-06,0.03008349984884262,0.06918609887361526,1.0820100214914419e-05,t17_f5_c3,ZTF20aaiggef
2459813.7006597,2,2059200654815,20.526399612426758,/ztf/archive/sci/2022/0822/200590/ztf_20220822200590_000724_zr_c13_o_q1_scimrefdiffimg.fits.fz,Kulkarni,2,,,,2059,48,724,,,,,,,,,,,,,,,,,,,,,,,,,,,,,,,,,,,,26.04010009765625,4.86547014588723e-06,0.028903400525450706,0.06861849874258041,1.0000399925047532e-05,t17_f5_c3,ZTF20aaiggef
2459813.7812847,1,2059281284815,20.26689910888672,/ztf/archive/sci/2022/0822/281273/ztf_20220822281273_000724_zg_c13_o_q1_scimrefdiffimg.fits.fz,Kulkarni,2,,,,2059,48,724,,,,,,,,,,,,,,,,,,,,,,,,,,,,,,,,,,,,26.027299880981445,1.1854600415972527e-05,0.04380070045590401,-0.0639118030667305,2.6308400265406817e-05,t17_f5_c3,ZTF20aaiggef
2459813.8020023,1,2059302004815,20.1210994720459,/ztf/archive/sci/2022/0822/301991/ztf_20220822301991_000724_zg_c13_o_q1_scimrefdiffimg.fits.fz,Kulkarni,2,,,,2059,48,724,,,,,,,,,,,,,,,,,,,,,,,,,,,,,,,,,,,,26.00979995727539,1.2886400327261072e-05,0.04508189857006073,-0.06862190365791321,2.929599941126071e-05,t17_f5_c3,ZTF20aaiggef
2459814.7436458,2,2060243646115,20.33180046081543,/ztf/archive/sci/2022/0823/243646/ztf_20220823243646_000725_zr_c16_o_q2_scimrefdiffimg.fits.fz,Kulkarni,1,,,,2060,61,725,,,,,,,,,,,,,,,,,,,,,,,,,,,,,,,,,,,,26.033899307250977,3.0630499168182723e-06,0.02184710092842579,0.08341710269451141,6.1572100094053894e-06,t17_f5_c3,ZTF20aaiggef
2459814.7521875,2,2060252184815,20.397600173950195,/ztf/archive/sci/2022/0823/251817/ztf_20220823251817_000724_zr_c13_o_q1_scimrefdiffimg.fits.fz,Kulkarni,2,,,,2060,48,724,,,,,,,,,,,,,,,,,,,,,,,,,,,,,,,,,,,,26.033100128173828,5.427250016509788e-06,0.030552199110388756,0.07782480120658875,1.1214799997105729e-05,t17_f5_c3,ZTF20aaiggef
2459814.7828472,1,2060282844815,20.471500396728516,/ztf/archive/sci/2022/0823/282847/ztf_20220823282847_000724_zg_c13_o_q1_scimrefdiffimg.fits.fz,Kulkarni,2,,,,2060,48,724,,,,,,,,,,,,,,,,,,,,,,,,,,,,,,,,,,,,26.042699813842773,1.0814599590958096e-05,0.042636800557374954,-0.08532170206308365,2.2980000721872784e-05,t17_f5_c3,ZTF20aaiggef
2459814.7837847,1,2060283784815,20.464399337768555,/ztf/archive/sci/2022/0823/283785/ztf_20220823283785_000724_zg_c13_o_q1_scimrefdiffimg.fits.fz,Kulkarni,1,,,,2060,48,724,,,,,,,,,,,,,,,,,,,,,,,,,,,,,,,,,,,,26.03820037841797,1.0727399967436213e-05,0.042594898492097855,-0.0806346982717514,2.2497599275084212e-05,t17_f5_c3,ZTF20aaiggef
2459814.7894907,1,2060289496115,20.43910026550293,/ztf/archive/sci/2022/0823/289479/ztf_20220823289479_000725_zg_c16_o_q2_scimrefdiffimg.fits.fz,Kulkarni,1,,,,2060,61,725,,,,,,,,,,,,,,,,,,,,,,,,,,,,,,,,,,,,26.025800704956055,5.403750037658028e-06,0.028969500213861465,-0.03726259991526604,1.1022199942090083e-05,t17_f5_c3,ZTF20aaiggef
2459815.6650926,3,2061165094815,19.95210075378418,/ztf/archive/sci/2022/0824/165093/ztf_20220824165093_000724_zi_c13_o_q1_scimrefdiffimg.fits.fz,Kulkarni,2,,,,2061,48,724,,,,,,,,,,,,,,,,,,,,,,,,,,,,,,,,,,,,25.295000076293945,3.950549853470875e-06,0.03609419986605644,0.19640100002288818,3.001180084538646e-05,t17_f5_c3,ZTF20aaiggef
2459816.6658218,2,2062165824815,20.516799926757812,/ztf/archive/sci/2022/0825/165775/ztf_20220825165775_000724_zr_c13_o_q1_scimrefdiffimg.fits.fz,Kulkarni,2,,,,2062,48,724,,,,,,,,,,,,,,,,,,,,,,,,,,,,,,,,,,,,26.041099548339844,5.074629825685406e-06,0.029514599591493607,0.07252579927444458,1.0479800039320253e-05,t17_f5_c3,ZTF20aaiggef
2459816.6809144,2,2062180914815,20.369300842285156,/ztf/archive/sci/2022/0825/180914/ztf_20220825180914_000724_zr_c13_o_q1_scimrefdiffimg.fits.fz,Kulkarni,2,,,,2062,48,724,,,,,,,,,,,,,,,,,,,,,,,,,,,,,,,,,,,,26.051000595092773,5.051429980085231e-06,0.02928140014410019,0.06578200310468674,1.0443400242365897e-05,t17_f5_c3,ZTF20aaiggef
2459816.6818519,2,2062181854815,20.324899673461914,/ztf/archive/sci/2022/0825/181852/ztf_20220825181852_000724_zr_c13_o_q1_scimrefdiffimg.fits.fz,Kulkarni,1,,,,2062,48,724,,,,,,,,,,,,,,,,,,,,,,,,,,,,,,,,,,,,26.06089973449707,4.7431999519176316e-06,0.028464000672101974,0.06292840093374252,9.76052979240194e-06,t17_f5_c3,ZTF20aaiggef
2459816.6823264,2,2062182326115,20.433500289916992,/ztf/archive/sci/2022/0825/182326/ztf_20220825182326_000725_zr_c16_o_q2_scimrefdiffimg.fits.fz,Kulkarni,1,,,,2062,61,725,,,,,,,,,,,,,,,,,,,,,,,,,,,,,,,,,,,,26.03260040283203,2.7844901069329353e-06,0.020780300721526146,0.08319450169801712,5.604089892585762e-06,t17_f5_c3,ZTF20aaiggef
2459816.7031366,1,2062203134815,20.626300811767578,/ztf/archive/sci/2022/0825/203125/ztf_20220825203125_000724_zg_c13_o_q1_scimrefdiffimg.fits.fz,Kulkarni,2,,,,2062,48,724,,,,,,,,,,,,,,,,,,,,,,,,,,,,,,,,,,,,26.098400115966797,1.0156500138691626e-05,0.041590798646211624,-0.08186540007591248,2.1131199900992215e-05,t17_f5_c3,ZTF20aaiggef
2459816.7040741,1,2062204074815,20.553499221801758,/ztf/archive/sci/2022/0825/204074/ztf_20220825204074_000724_zg_c13_o_q1_scimrefdiffimg.fits.fz,Kulkarni,1,,,,2062,48,724,,,,,,,,,,,,,,,,,,,,,,,,,,,,,,,,,,,,26.097299575805664,1.108820015360834e-05,0.043248001486063004,-0.09066739678382874,2.3185899408417754e-05,t17_f5_c3,ZTF20aaiggef
2459816.7114815,1,2062211484815,20.567899703979492,/ztf/archive/sci/2022/0825/211481/ztf_20220825211481_000724_zg_c13_o_q1_scimrefdiffimg.fits.fz,Kulkarni,2,,,,2062,48,724,,,,,,,,,,,,,,,,,,,,,,,,,,,,,,,,,,,,26.091299057006836,1.1673900189634878e-05,0.04423309862613678,-0.09258200228214264,2.4589999156887643e-05,t17_f5_c3,ZTF20aaiggef
2459816.7146644,1,2062214666115,20.53380012512207,/ztf/archive/sci/2022/0825/214653/ztf_20220825214653_000725_zg_c16_o_q2_scimrefdiffimg.fits.fz,Kulkarni,1,,,,2062,61,725,,,,,,,,,,,,,,,,,,,,,,,,,,,,,,,,,,,,26.090299606323242,5.235800017544534e-06,0.0285762008279562,-0.0607060007750988,1.060960039467318e-05,t17_f5_c3,ZTF20aaiggef
2459816.7988657,3,2062298866115,19.575899124145508,/ztf/archive/sci/2022/0825/298854/ztf_20220825298854_000725_zi_c16_o_q2_scimrefdiffimg.fits.fz,Kulkarni,2,,,,2062,61,725,,,,,,,,,,,,,,,,,,,,,,,,,,,,,,,,,,,,25.275800704956055,1.502859959146008e-06,0.02225619927048683,0.18987800180912018,1.0301700058334973e-05,t17_f5_c3,ZTF20aaiggef
2459818.6992477,1,2064199244815,20.677499771118164,/ztf/archive/sci/2022/0827/199236/ztf_20220827199236_000724_zg_c13_o_q1_scimrefdiffimg.fits.fz,Kulkarni,1,,,,2064,48,724,,,,,,,,,,,,,,,,,,,,,,,,,,,,,,,,,,,,26.13290023803711,9.831709576246794e-06,0.040628500282764435,-0.08244030177593231,2.069689980999101e-05,t17_f5_c3,ZTF20aaiggef
2459818.6997106,1,2064199716115,20.58139991760254,/ztf/archive/sci/2022/0827/199711/ztf_20220827199711_000725_zg_c16_o_q2_scimrefdiffimg.fits.fz,Kulkarni,1,,,,2064,61,725,,,,,,,,,,,,,,,,,,,,,,,,,,,,,,,,,,,,26.121599197387695,5.055089786765166e-06,0.028122499585151672,-0.05630259960889816,1.0095600373460911e-05,t17_f5_c3,ZTF20aaiggef
2459818.7230093,2,2064223006115,20.5093994140625,/ztf/archive/sci/2022/0827/222998/ztf_20220827222998_000725_zr_c16_o_q2_scimrefdiffimg.fits.fz,Kulkarni,1,,,,2064,61,725,,,,,,,,,,,,,,,,,,,,,,,,,,,,,,,,,,,,26.046899795532227,4.416010142449522e-06,0.02629780024290085,0.0837462991476059,8.806559890217613e-06,t17_f5_c3,ZTF20aaiggef
2459818.7234838,2,2064223484815,20.45439910888672,/ztf/archive/sci/2022/0827/223472/ztf_20220827223472_000724_zr_c13_o_q1_scimrefdiffimg.fits.fz,Kulkarni,1,,,,2064,48,724,,,,,,,,,,,,,,,,,,,,,,,,,,,,,,,,,,,,26.061599731445312,4.793119842361193e-06,0.028632400557398796,0.07135879993438721,9.884480277833063e-06,t17_f5_c3,ZTF20aaiggef
2459819.6866898,1,2065186682415,20.561399459838867,/ztf/archive/sci/2022/0828/186678/ztf_20220828186678_001763_zg_c07_o_q1_scimrefdiffimg.fits.fz,Kulkarni,2,2.065186682415015e+18,t,12.0,2065,24,1763,2100.25,1792.449951171875,265.3846632,43.5648124,20.50079917907715,0.186722993850708,0.8116639852523804,20.643400192260742,0.42649999260902405,0.2404790073633194,19.23900032043457,0.032999999821186066,1.1399999856948853,0.06700000166893005,-0.024443000555038452,0.14256000518798828,2.9200000762939453,0.7889999747276306,972.2540283203125,-0.0819849967956543,0.8537309765815735,0.7429999709129333,0.6980000138282776,0.2544519901275635,0.23904100060462952,1.0644700527191162,6.0,0.0,0.9214289784431458,0.8502320051193237,20.761499404907227,0.6078000068664551,265.3846139,43.5647552,6.16001,26.328800201416016,3.292379915365018e-06,0.023324400186538696,-0.0663243979215622,6.636600119236391e-06,t17_f5_c3,ZTF20aaiggef
2459820.6608218,2,2066160826115,20.24139976501465,/ztf/archive/sci/2022/0829/160775/ztf_20220829160775_000725_zr_c16_o_q2_scimrefdiffimg.fits.fz,Kulkarni,1,,,,2066,61,725,,,,,,,,,,,,,,,,,,,,,,,,,,,,,,,,,,,,26.044300079345703,3.764710072573507e-06,0.024235600605607033,0.08824530243873596,7.552720035164384e-06,t17_f5_c3,ZTF20aaiggef
2459820.6636574,2,2066163654815,19.98390007019043,/ztf/archive/sci/2022/0829/163646/ztf_20220829163646_000724_zr_c13_o_q1_scimrefdiffimg.fits.fz,Kulkarni,1,,,,2066,48,724,,,,,,,,,,,,,,,,,,,,,,,,,,,,,,,,,,,,26.048500061035156,6.953239790163934e-06,0.034615300595760345,0.06386560201644897,1.4361899957293645e-05,t17_f5_c3,ZTF20aaiggef
2459820.6794097,1,2066179404815,20.312299728393555,/ztf/archive/sci/2022/0829/179398/ztf_20220829179398_000724_zg_c13_o_q1_scimrefdiffimg.fits.fz,Kulkarni,1,,,,2066,48,724,,,,,,,,,,,,,,,,,,,,,,,,,,,,,,,,,,,,26.10740089416504,1.2464700375858229e-05,0.04530959948897362,-0.0786541998386383,2.6997400709660724e-05,t17_f5_c3,ZTF20aaiggef
2459820.6798727,1,2066179876115,20.277799606323242,/ztf/archive/sci/2022/0829/179873/ztf_20220829179873_000725_zg_c16_o_q2_scimrefdiffimg.fits.fz,Kulkarni,1,,,,2066,61,725,,,,,,,,,,,,,,,,,,,,,,,,,,,,,,,,,,,,26.108999252319336,8.761429853620939e-06,0.035833198577165604,-0.05139869824051857,1.8711600205278955e-05,t17_f5_c3,ZTF20aaiggef
2459789.7432523,2,2035243254815,20.46619987487793,/ztf/archive/sci/2022/0729/243241/ztf_20220729243241_000724_zr_c13_o_q1_scimrefdiffimg.fits.fz,Kulkarni,2,,,,2035,48,724,,,,,,,,,,,,,,,,,,,,,,,,,,,,,,,,,,,,26.02090072631836,5.2143500397505704e-06,0.030011499300599098,0.07211360335350037,1.0742200174718164e-05,t17_f5_c3,ZTF20aaiggef
2459789.7615741,2,2035261574815,20.49340057373047,/ztf/archive/sci/2022/0729/261562/ztf_20220729261562_000724_zr_c13_o_q1_scimrefdiffimg.fits.fz,Kulkarni,2,,,,2035,48,724,,,,,,,,,,,,,,,,,,,,,,,,,,,,,,,,,,,,26.017200469970703,5.541479822568363e-06,0.03089269995689392,0.06742600351572037,1.1442300092312507e-05,t17_f5_c3,ZTF20aaiggef
2459789.762037,2,2035262036115,20.421199798583984,/ztf/archive/sci/2022/0729/262037/ztf_20220729262037_000725_zr_c16_o_q2_scimrefdiffimg.fits.fz,Kulkarni,1,,,,2035,61,725,,,,,,,,,,,,,,,,,,,,,,,,,,,,,,,,,,,,25.995800018310547,3.6178000755171524e-06,0.023746000602841377,0.08574610203504562,7.257880042743636e-06,t17_f5_c3,ZTF20aaiggef
2459789.7789236,1,2035278926115,20.560300827026367,/ztf/archive/sci/2022/0729/278900/ztf_20220729278900_000725_zg_c16_o_q2_scimrefdiffimg.fits.fz,Kulkarni,1,,,,2035,61,725,,,,,,,,,,,,,,,,,,,,,,,,,,,,,,,,,,,,26.043100357055664,4.821939910470974e-06,0.02744949981570244,-0.05403149873018265,9.73073019849835e-06,t17_f5_c3,ZTF20aaiggef
2459789.7848032,1,2035284804815,20.637399673461914,/ztf/archive/sci/2022/0729/284792/ztf_20220729284792_000724_zg_c13_o_q1_scimrefdiffimg.fits.fz,Kulkarni,2,,,,2035,48,724,,,,,,,,,,,,,,,,,,,,,,,,,,,,,,,,,,,,26.051300048828125,1.2389999938022811e-05,0.045939501374959946,-0.09168259799480438,2.605540066724643e-05,t17_f5_c3,ZTF20aaiggef
2459789.8108681,3,2035310864815,19.91990089416504,/ztf/archive/sci/2022/0729/310868/ztf_20220729310868_000724_zi_c13_o_q1_scimrefdiffimg.fits.fz,Kulkarni,2,,,,2035,48,724,,,,,,,,,,,,,,,,,,,,,,,,,,,,,,,,,,,,25.236799240112305,4.691290087066591e-06,0.03963499888777733,0.20391200482845306,3.584529986255802e-05,t17_f5_c3,ZTF20aaiggef
2459789.8113426,3,2035311346115,19.905000686645508,/ztf/archive/sci/2022/0729/311331/ztf_20220729311331_000725_zi_c16_o_q2_scimrefdiffimg.fits.fz,Kulkarni,2,,,,2035,61,725,,,,,,,,,,,,,,,,,,,,,,,,,,,,,,,,,,,,25.270999908447266,1.5403800261992728e-06,0.022539399564266205,0.18980500102043152,1.0510800166230183e-05,t17_f5_c3,ZTF20aaiggef
2459790.724375,1,2036224374815,20.517900466918945,/ztf/archive/sci/2022/0730/224352/ztf_20220730224352_000724_zg_c13_o_q1_scimrefdiffimg.fits.fz,Kulkarni,2,,,,2036,48,724,,,,,,,,,,,,,,,,,,,,,,,,,,,,,,,,,,,,26.06369972229004,1.2458000128390267e-05,0.04606509953737259,-0.07941090315580368,2.6280800739186816e-05,t17_f5_c3,ZTF20aaiggef
2459790.7253125,1,2036225314815,20.569599151611328,/ztf/archive/sci/2022/0730/225312/ztf_20220730225312_000724_zg_c13_o_q1_scimrefdiffimg.fits.fz,Kulkarni,1,,,,2036,48,724,,,,,,,,,,,,,,,,,,,,,,,,,,,,,,,,,,,,26.063899993896484,1.1792800250987057e-05,0.044718701392412186,-0.08508650213479996,2.4991000827867538e-05,t17_f5_c3,ZTF20aaiggef
2459790.7437269,2,2036243724815,20.034500122070312,/ztf/archive/sci/2022/0730/243704/ztf_20220730243704_000724_zr_c13_o_q1_scimrefdiffimg.fits.fz,Kulkarni,2,,,,2036,48,724,,,,,,,,,,,,,,,,,,,,,,,,,,,,,,,,,,,,25.820199966430664,3.8497901186929084e-06,0.025811800733208656,0.07125560194253922,7.914810339570977e-06,t17_f5_c3,ZTF20aaiggef
2459790.7618287,2,2036261824815,19.762699127197266,/ztf/archive/sci/2022/0730/261829/ztf_20220730261829_000724_zr_c13_o_q1_scimrefdiffimg.fits.fz,Kulkarni,1,,,,2036,48,724,,,,,,,,,,,,,,,,,,,,,,,,,,,,,,,,,,,,25.660999298095703,5.618619979941286e-06,0.031129999086260796,0.07842899858951569,1.1571900358831044e-05,t17_f5_c3,ZTF20aaiggef
2459768.8038889,1,2014303884815,20.396400451660156,/ztf/archive/sci/2022/0708/303877/ztf_20220708303877_000724_zg_c13_o_q1_scimrefdiffimg.fits.fz,Kulkarni,2,,,,2014,48,724,,,,,,,,,,,,,,,,,,,,,,,,,,,,,,,,,,,,26.17609977722168,7.478589850506978e-06,0.035436999052762985,-0.07427410036325455,1.5752799299662e-05,t17_f5_c3,ZTF20aaiggef
2459768.8514005,1,2014351404815,20.625499725341797,/ztf/archive/sci/2022/0708/351389/ztf_20220708351389_000724_zg_c13_o_q1_scimrefdiffimg.fits.fz,Kulkarni,2,2.014351404815015e+18,t,20.0,2014,48,724,2315.010009765625,2286.919921875,265.3845694,43.5646087,20.500999450683594,0.33046600222587585,1.3603700399398804,20.312299728393555,0.2939999997615814,0.6194959878921509,19.094999313354492,0.019999999552965164,0.8169999718666077,0.0010000000474974513,-0.03994499891996384,-0.18872499465942383,1.2777199745178223,0.4259999990463257,757.4879760742188,0.31321901082992554,2.0,1.1109999418258667,0.8159999847412109,0.8695160150527954,0.6386359930038452,1.3615200519561768,5.0,0.0,0.8357139825820923,0.9446449875831604,20.307899475097656,0.3723999857902527,265.3845965,43.5647832,5.38927,26.14699935913086,1.2130500181228854e-05,0.0453650988638401,-0.10455500334501266,2.5346100301248953e-05,t17_f5_c3,ZTF20aaiggef
2459768.8648611,1,2014364864815,20.62809944152832,/ztf/archive/sci/2022/0708/364850/ztf_20220708364850_000724_zg_c13_o_q1_scimrefdiffimg.fits.fz,Kulkarni,2,,,,2014,48,724,,,,,,,,,,,,,,,,,,,,,,,,,,,,,,,,,,,,26.14259910583496,1.1615499715844635e-05,0.04455770179629326,-0.09817370027303696,2.419279917376116e-05,t17_f5_c3,ZTF20aaiggef
2459768.9258218,1,2014425824815,20.41200065612793,/ztf/archive/sci/2022/0708/425706/ztf_20220708425706_000724_zg_c13_o_q1_scimrefdiffimg.fits.fz,Kulkarni,2,,,,2014,48,724,,,,,,,,,,,,,,,,,,,,,,,,,,,,,,,,,,,,26.092899322509766,1.053669984685257e-05,0.04229699820280075,-0.08476629853248596,2.1973899492877536e-05,t17_f5_c3,ZTF20aaiggef
2459769.7208681,1,2015220864815,20.203899383544922,/ztf/archive/sci/2022/0709/220868/ztf_20220709220868_000724_zg_c13_o_q1_scimrefdiffimg.fits.fz,Kulkarni,2,,,,2015,48,724,,,,,,,,,,,,,,,,,,,,,,,,,,,,,,,,,,,,26.18560028076172,7.746139999653678e-06,0.03567679971456528,-0.04486890137195587,1.688799966359511e-05,t17_f5_c3,ZTF20aaiggef
2459769.7519097,1,2015251904815,20.193099975585938,/ztf/archive/sci/2022/0709/251725/ztf_20220709251725_000724_zg_c13_o_q1_scimrefdiffimg.fits.fz,Kulkarni,2,,,,2015,48,724,,,,,,,,,,,,,,,,,,,,,,,,,,,,,,,,,,,,26.197900772094727,7.636560440005269e-06,0.03545289859175682,-0.04953069984912872,1.6745399989304133e-05,t17_f5_c3,ZTF20aaiggef
2459769.804838,1,2015304834815,20.147600173950195,/ztf/archive/sci/2022/0709/304838/ztf_20220709304838_000724_zg_c13_o_q1_scimrefdiffimg.fits.fz,Kulkarni,2,,,,2015,48,724,,,,,,,,,,,,,,,,,,,,,,,,,,,,,,,,,,,,26.197200775146484,7.64300966693554e-06,0.035095199942588806,-0.048275500535964966,1.6934500308707356e-05,t17_f5_c3,ZTF20aaiggef
2459769.8053125,1,2015305316115,20.04439926147461,/ztf/archive/sci/2022/0709/305312/ztf_20220709305312_000725_zg_c16_o_q2_scimrefdiffimg.fits.fz,Kulkarni,1,2.015305316115015e+18,t,10.0,2015,61,725,1673.2099609375,2341.719970703125,265.3846161,43.5647253,20.11319923400879,0.21243399381637573,1.0268000364303589,19.8439998626709,0.28790000081062317,0.10247699916362762,19.097000122070312,0.03200000151991844,1.7740000486373901,0.03099999949336052,0.4441860020160675,-0.2692070007324219,2.3499999046325684,0.6620000004768372,738.7769775390625,0.20043200254440308,1.2070399522781372,1.0329999923706055,0.9179999828338623,0.4395740032196045,0.39063799381256104,1.1252700090408325,3.0,0.0,0.9214289784431458,1.0,20.129199981689453,0.4788999855518341,265.384619,43.5647603,5.97881,26.17919921875,8.599829925515223e-06,0.035548899322748184,-0.05351509898900986,1.847790008469019e-05,t17_f5_c3,ZTF20aaiggef
2459769.8428935,1,2015342894815,20.345500946044922,/ztf/archive/sci/2022/0709/342894/ztf_20220709342894_000724_zg_c13_o_q1_scimrefdiffimg.fits.fz,Kulkarni,2,,,,2015,48,724,,,,,,,,,,,,,,,,,,,,,,,,,,,,,,,,,,,,26.180599212646484,7.674950211367104e-06,0.03572570160031319,-0.0497233010828495,1.660310044826474e-05,t17_f5_c3,ZTF20aaiggef
2459769.8438426,1,2015343844815,20.314300537109375,/ztf/archive/sci/2022/0709/343831/ztf_20220709343831_000724_zg_c13_o_q1_scimrefdiffimg.fits.fz,Kulkarni,1,,,,2015,48,724,,,,,,,,,,,,,,,,,,,,,,,,,,,,,,,,,,,,26.194900512695312,7.210449894046178e-06,0.03473249822854996,-0.07201589643955231,1.534280090709217e-05,t17_f5_c3,ZTF20aaiggef
2459769.8739236,1,2015373926115,20.553800582885742,/ztf/archive/sci/2022/0709/373877/ztf_20220709373877_000725_zg_c16_o_q2_scimrefdiffimg.fits.fz,Kulkarni,1,2.015373926115015e+18,t,12.0,2015,61,725,1661.2900390625,2327.0,265.3847927,43.5647396,20.400400161743164,0.2328909933567047,1.1412899494171143,20.368099212646484,0.31200000643730164,0.4559360146522522,19.097000122070312,0.03200000151991844,1.7740000486373901,0.03099999949336052,0.07616200298070908,-0.03232099860906601,1.3486599922180176,0.5770000219345093,753.5040283203125,0.18565300107002258,2.0,0.8050000071525574,0.6940000057220459,0.5968890190124512,0.514585018157959,1.1599400043487549,5.0,0.0,0.9585710167884827,0.9863640069961548,20.599199295043945,0.49129998683929443,265.384619,43.5647603,6.05898,26.14539909362793,5.793619948235573e-06,0.03014029935002327,-0.050765298306941986,1.1687900041579269e-05,t17_f5_c3,ZTF20aaiggef
2459769.8743866,1,2015374384815,20.646299362182617,/ztf/archive/sci/2022/0709/374387/ztf_20220709374387_000724_zg_c13_o_q1_scimrefdiffimg.fits.fz,Kulkarni,2,2.015374384815015e+18,t,14.0,2015,48,724,2329.280029296875,2295.050048828125,265.3843871,43.5646342,20.626800537109375,0.3412329852581024,1.1162500381469727,20.16119956970215,0.24699999392032623,0.7551800012588501,19.094999313354492,0.019999999552965164,0.8169999718666077,0.0010000000474974513,0.004767999984323978,-0.4656260013580322,1.3009899854660034,0.4099999964237213,743.2239990234375,0.4850600063800812,2.0,1.13100004196167,0.8610000014305115,0.8693379759788513,0.6618040204048157,1.3135900497436523,2.0,0.0,0.7242860198020935,1.0,20.317699432373047,0.3621000051498413,265.3845965,43.5647832,5.46734,26.159799575805664,1.0342900168325286e-05,0.04204440116882324,-0.0976656973361969,2.1413199647213332e-05,t17_f5_c3,ZTF20aaiggef
2459770.7081713,1,2016208174815,19.851699829101562,/ztf/archive/sci/2022/0710/208137/ztf_20220710208137_000724_zg_c13_o_q1_scimrefdiffimg.fits.fz,Kulkarni,2,,,,2016,48,724,,,,,,,,,,,,,,,,,,,,,,,,,,,,,,,,,,,,26.166799545288086,1.0699500307964627e-05,0.039772599935531616,-0.03542029857635498,2.581549961178098e-05,t17_f5_c3,ZTF20aaiggef
2459770.7473032,1,2016247304815,20.039499282836914,/ztf/archive/sci/2022/0710/247292/ztf_20220710247292_000724_zg_c13_o_q1_scimrefdiffimg.fits.fz,Kulkarni,2,,,,2016,48,724,,,,,,,,,,,,,,,,,,,,,,,,,,,,,,,,,,,,26.163700103759766,8.793879715085495e-06,0.03652289882302284,-0.02587440051138401,2.053989919659216e-05,t17_f5_c3,ZTF20aaiggef
2459770.7477894,1,2016247786115,19.957799911499023,/ztf/archive/sci/2022/0710/247766/ztf_20220710247766_000725_zg_c16_o_q2_scimrefdiffimg.fits.fz,Kulkarni,2,,,,2016,61,725,,,,,,,,,,,,,,,,,,,,,,,,,,,,,,,,,,,,26.14739990234375,1.0748900422186125e-05,0.03901970013976097,-0.028169799596071243,2.418509939161595e-05,t17_f5_c3,ZTF20aaiggef
2459770.7677083,1,2016267704815,19.85540008544922,/ztf/archive/sci/2022/0710/267697/ztf_20220710267697_000724_zg_c13_o_q1_scimrefdiffimg.fits.fz,Kulkarni,2,,,,2016,48,724,,,,,,,,,,,,,,,,,,,,,,,,,,,,,,,,,,,,26.162399291992188,1.1946200174861588e-05,0.04144670069217682,-0.02410930022597313,2.9085300411679782e-05,t17_f5_c3,ZTF20aaiggef
2459770.7866898,1,2016286682415,20.030899047851562,/ztf/archive/sci/2022/0710/286690/ztf_20220710286690_001763_zg_c07_o_q1_scimrefdiffimg.fits.fz,Kulkarni,2,2.016286682415015e+18,t,11.0,2016,24,1763,2105.139892578125,1787.0899658203125,265.3846065,43.5647712,20.026100158691406,0.2199839949607849,0.8707820177078247,19.343599319458008,0.21389999985694885,0.061358001083135605,19.23900032043457,0.032999999821186066,1.1399999856948853,0.06700000166893005,-0.289995014667511,-0.6824659705162048,3.069999933242798,0.9610000252723694,967.3560180664062,0.687309980392456,0.790270984172821,1.0470000505447388,0.7760000228881836,0.34104201197624207,0.25276899337768555,1.3492300510406494,2.0,0.0,0.6042860150337219,1.0,19.48579978942871,0.31220000982284546,265.3846139,43.5647552,6.80581,26.317100524902344,6.300930181168951e-06,0.03168030083179474,-0.026741400361061096,1.330010036326712e-05,t17_f5_c3,ZTF20aaiggef
2459770.8190046,1,2016319004815,20.073999404907227,/ztf/archive/sci/2022/0710/318947/ztf_20220710318947_000724_zg_c13_o_q1_scimrefdiffimg.fits.fz,Kulkarni,2,2.016319004815015e+18,t,9.0,2016,48,724,2345.340087890625,2311.39990234375,265.3846501,43.5648296,20.14189910888672,0.27159398794174194,0.9284800291061401,20.191600799560547,0.4417000114917755,0.21806499361991882,19.094999313354492,0.019999999552965164,0.8169999718666077,0.0010000000474974513,-0.16299299895763397,0.04974399879574776,2.3499999046325684,0.6320000290870667,727.156005859375,-0.11761199682950974,1.049970030784607,0.8029999732971191,0.6949999928474426,0.34170201420783997,0.29574498534202576,1.155400037765503,7.0,0.0,0.9614289999008179,0.8044729828834534,20.220600128173828,0.5813999772071838,265.3845965,43.5647832,5.36734,26.186899185180664,8.110760063573252e-06,0.03635299950838089,-0.0565669983625412,1.779120066203177e-05,t17_f5_c3,ZTF20aaiggef
2459770.8643519,1,2016364354815,20.090200424194336,/ztf/archive/sci/2022/0710/364352/ztf_20220710364352_000724_zg_c13_o_q1_scimrefdiffimg.fits.fz,Kulkarni,2,,,,2016,48,724,,,,,,,,,,,,,,,,,,,,,,,,,,,,,,,,,,,,26.149700164794922,7.065610134304734e-06,0.033785298466682434,-0.03915270045399666,1.5678500858484767e-05,t17_f5_c3,ZTF20aaiggef
2459771.7337037,1,2017233704815,19.746000289916992,/ztf/archive/sci/2022/0711/233634/ztf_20220711233634_000724_zg_c13_o_q1_scimrefdiffimg.fits.fz,Kulkarni,2,,,,2017,48,724,,,,,,,,,,,,,,,,,,,,,,,,,,,,,,,,,,,,26.19849967956543,1.1544500011950731e-05,0.04025619849562645,-0.03587590157985687,2.8689899409073405e-05,t17_f5_c3,ZTF20aaiggef
2459771.7904514,1,2017290456115,19.91200065612793,/ztf/archive/sci/2022/0711/290370/ztf_20220711290370_000725_zg_c16_o_q2_scimrefdiffimg.fits.fz,Kulkarni,1,2.017290456115015e+18,t,6.0,2017,61,725,1645.75,2337.639892578125,265.3846315,43.5647649,20.268400192260742,0.2956410050392151,1.3103100061416626,20.141599655151367,0.4846999943256378,0.03957299888134003,19.097000122070312,0.03200000151991844,1.7740000486373901,0.03099999949336052,0.4810029864311218,-0.1268090009689331,1.2439099550247192,0.8199999928474426,742.8579711914062,-0.22958600521087646,2.0,0.7630000114440918,0.6039999723434448,0.6133880019187927,0.4855650067329407,1.2632399797439575,8.0,0.0,0.9385709762573242,0.9167960286140442,20.166099548339844,0.6355000138282776,265.384619,43.5647603,5.32918,26.17340087890625,8.764260201132856e-06,0.0354325994849205,-0.049522701650857925,1.950350088009145e-05,t17_f5_c3,ZTF20aaiggef
2459771.799375,1,2017299374815,19.92889976501465,/ztf/archive/sci/2022/0711/299375/ztf_20220711299375_000724_zg_c13_o_q1_scimrefdiffimg.fits.fz,Kulkarni,1,,,,2017,48,724,,,,,,,,,,,,,,,,,,,,,,,,,,,,,,,,,,,,26.173200607299805,8.3878503573942e-06,0.035209398716688156,-0.019982999190688133,1.9918199541280046e-05,t17_f5_c3,ZTF20aaiggef
2459771.8037731,1,2017303774815,19.95009994506836,/ztf/archive/sci/2022/0711/303762/ztf_20220711303762_000724_zg_c13_o_q1_scimrefdiffimg.fits.fz,Kulkarni,2,,,,2017,48,724,,,,,,,,,,,,,,,,,,,,,,,,,,,,,,,,,,,,26.184499740600586,8.663780135975685e-06,0.036396898329257965,-0.027241600677371025,2.0211500668665394e-05,t17_f5_c3,ZTF20aaiggef
2459771.8311227,1,2017331124815,19.975799560546875,/ztf/archive/sci/2022/0711/331076/ztf_20220711331076_000724_zg_c13_o_q1_scimrefdiffimg.fits.fz,Kulkarni,2,,,,2017,48,724,,,,,,,,,,,,,,,,,,,,,,,,,,,,,,,,,,,,26.18160057067871,6.915930043760454e-06,0.03362419828772545,-0.041717398911714554,1.5326100765378214e-05,t17_f5_c3,ZTF20aaiggef
2459771.864456,1,2017364454815,19.93589973449707,/ztf/archive/sci/2022/0711/364433/ztf_20220711364433_000724_zg_c13_o_q1_scimrefdiffimg.fits.fz,Kulkarni,1,,,,2017,48,724,,,,,,,,,,,,,,,,,,,,,,,,,,,,,,,,,,,,26.165300369262695,8.085489753284492e-06,0.03535180166363716,-0.03768379986286163,1.8411499695503153e-05,t17_f5_c3,ZTF20aaiggef
2459771.8668403,1,2017366844815,19.862300872802734,/ztf/archive/sci/2022/0711/366829/ztf_20220711366829_000724_zg_c13_o_q1_scimrefdiffimg.fits.fz,Kulkarni,2,,,,2017,48,724,,,,,,,,,,,,,,,,,,,,,,,,,,,,,,,,,,,,26.165700912475586,7.945500328787602e-06,0.034832801669836044,-0.03982359915971756,1.8331100363866426e-05,t17_f5_c3,ZTF20aaiggef
2459772.7080208,2,2018208024815,19.807199478149414,/ztf/archive/sci/2022/0712/208021/ztf_20220712208021_000724_zr_c13_o_q1_scimrefdiffimg.fits.fz,Kulkarni,2,,,,2018,48,724,,,,,,,,,,,,,,,,,,,,,,,,,,,,,,,,,,,,26.0851993560791,3.828979970421642e-06,0.02555900067090988,0.07968389987945557,7.870439731050283e-06,t17_f5_c3,ZTF20aaiggef
2459772.7276852,2,2018227684815,19.802099227905273,/ztf/archive/sci/2022/0712/227639/ztf_20220712227639_000724_zr_c13_o_q1_scimrefdiffimg.fits.fz,Kulkarni,2,,,,2018,48,724,,,,,,,,,,,,,,,,,,,,,,,,,,,,,,,,,,,,26.08650016784668,4.4599000830203295e-06,0.02751139923930168,0.07725659757852554,9.20076035981765e-06,t17_f5_c3,ZTF20aaiggef
2459772.7841088,2,2018284106115,19.85460090637207,/ztf/archive/sci/2022/0712/284109/ztf_20220712284109_000725_zr_c16_o_q2_scimrefdiffimg.fits.fz,Kulkarni,2,,,,2018,61,725,,,,,,,,,,,,,,,,,,,,,,,,,,,,,,,,,,,,26.06450080871582,3.6478099900705274e-06,0.023808900266885757,0.08403459936380386,7.3548399086575955e-06,t17_f5_c3,ZTF20aaiggef
2459772.7845833,2,2018284584815,19.74209976196289,/ztf/archive/sci/2022/0712/284572/ztf_20220712284572_000724_zr_c13_o_q1_scimrefdiffimg.fits.fz,Kulkarni,2,,,,2018,48,724,,,,,,,,,,,,,,,,,,,,,,,,,,,,,,,,,,,,26.09309959411621,4.211859959468711e-06,0.026867499575018883,0.07960119843482971,8.580490430176724e-06,t17_f5_c3,ZTF20aaiggef
2459772.9299769,2,2018429974815,19.563400268554688,/ztf/archive/sci/2022/0712/429965/ztf_20220712429965_000724_zr_c13_o_q1_scimrefdiffimg.fits.fz,Kulkarni,2,,,,2018,48,724,,,,,,,,,,,,,,,,,,,,,,,,,,,,,,,,,,,,26.03230094909668,4.227889803587459e-06,0.02675279974937439,0.08001229912042618,8.762959623709321e-06,t17_f5_c3,ZTF20aaiggef
2459773.7504514,2,2019250454815,19.565200805664062,/ztf/archive/sci/2022/0713/250394/ztf_20220713250394_000724_zr_c13_o_q1_scimrefdiffimg.fits.fz,Kulkarni,1,,,,2019,48,724,,,,,,,,,,,,,,,,,,,,,,,,,,,,,,,,,,,,26.067100524902344,4.68400003228453e-06,0.028461400419473648,0.083856001496315,9.65903018368408e-06,t17_f5_c3,ZTF20aaiggef
2459773.8048148,2,2019304816115,19.62350082397461,/ztf/archive/sci/2022/0713/304803/ztf_20220713304803_000725_zr_c16_o_q2_scimrefdiffimg.fits.fz,Kulkarni,2,,,,2019,61,725,,,,,,,,,,,,,,,,,,,,,,,,,,,,,,,,,,,,26.05459976196289,4.713830094260629e-06,0.026999400928616524,0.08751510083675385,9.448839591641445e-06,t17_f5_c3,ZTF20aaiggef
2459773.8052894,2,2019305284815,19.619199752807617,/ztf/archive/sci/2022/0713/305278/ztf_20220713305278_000724_zr_c13_o_q1_scimrefdiffimg.fits.fz,Kulkarni,2,,,,2019,48,724,,,,,,,,,,,,,,,,,,,,,,,,,,,,,,,,,,,,26.087400436401367,4.566690222418401e-06,0.027966100722551346,0.0762593001127243,9.471349585510325e-06,t17_f5_c3,ZTF20aaiggef
2459773.8187847,2,2019318784815,19.533100128173828,/ztf/archive/sci/2022/0713/318727/ztf_20220713318727_000724_zr_c13_o_q1_scimrefdiffimg.fits.fz,Kulkarni,2,,,,2019,48,724,,,,,,,,,,,,,,,,,,,,,,,,,,,,,,,,,,,,26.082399368286133,4.333210199547466e-06,0.027203699573874474,0.08134090155363083,8.999730198411271e-06,t17_f5_c3,ZTF20aaiggef
2459773.8197454,2,2019319744815,19.63719940185547,/ztf/archive/sci/2022/0713/319734/ztf_20220713319734_000724_zr_c13_o_q1_scimrefdiffimg.fits.fz,Kulkarni,1,,,,2019,48,724,,,,,,,,,,,,,,,,,,,,,,,,,,,,,,,,,,,,26.08340072631836,3.7815300402144203e-06,0.025370199233293533,0.07671689987182617,7.85785960033536e-06,t17_f5_c3,ZTF20aaiggef
2459773.8454977,2,2019345496115,19.499000549316406,/ztf/archive/sci/2022/0713/345498/ztf_20220713345498_000725_zr_c16_o_q2_scimrefdiffimg.fits.fz,Kulkarni,1,,,,2019,61,725,,,,,,,,,,,,,,,,,,,,,,,,,,,,,,,,,,,,26.0492000579834,5.038149993197294e-06,0.02798210084438324,0.08394750207662582,1.0117700185219292e-05,t17_f5_c3,ZTF20aaiggef
2459773.9221412,2,2019422144815,19.307300567626953,/ztf/archive/sci/2022/0713/421794/ztf_20220713421794_000724_zr_c13_o_q1_scimrefdiffimg.fits.fz,Kulkarni,2,,,,2019,48,724,,,,,,,,,,,,,,,,,,,,,,,,,,,,,,,,,,,,26.028400421142578,5.7056900004681665e-06,0.031257398426532745,0.07220420241355896,1.1744499715860002e-05,t17_f5_c3,ZTF20aaiggef
2459773.9414468,2,2019441444815,19.095500946044922,/ztf/archive/sci/2022/0713/441447/ztf_20220713441447_000724_zr_c13_o_q1_scimrefdiffimg.fits.fz,Kulkarni,2,,,,2019,48,724,,,,,,,,,,,,,,,,,,,,,,,,,,,,,,,,,,,,26.000699996948242,6.542190021718852e-06,0.03336789831519127,0.07254979759454727,1.3427000340016093e-05,t17_f5_c3,ZTF20aaiggef
2459774.6929745,2,2020192974815,19.789400100708008,/ztf/archive/sci/2022/0714/192951/ztf_20220714192951_000724_zr_c13_o_q1_scimrefdiffimg.fits.fz,Kulkarni,2,,,,2020,48,724,,,,,,,,,,,,,,,,,,,,,,,,,,,,,,,,,,,,26.0580997467041,3.4199699712189613e-06,0.024176500737667084,0.07700370252132416,7.074690074659884e-06,t17_f5_c3,ZTF20aaiggef
2459774.7659144,2,2020265914815,19.714500427246094,/ztf/archive/sci/2022/0714/265880/ztf_20220714265880_000724_zr_c13_o_q1_scimrefdiffimg.fits.fz,Kulkarni,2,,,,2020,48,724,,,,,,,,,,,,,,,,,,,,,,,,,,,,,,,,,,,,26.052400588989258,4.949629783368437e-06,0.029071999713778496,0.08311209827661514,1.0258399925078265e-05,t17_f5_c3,ZTF20aaiggef
2459774.8323264,2,2020332324815,19.424999237060547,/ztf/archive/sci/2022/0714/332280/ztf_20220714332280_000724_zr_c13_o_q1_scimrefdiffimg.fits.fz,Kulkarni,2,,,,2020,48,724,,,,,,,,,,,,,,,,,,,,,,,,,,,,,,,,,,,,26.06730079650879,4.345260094851255e-06,0.027055000886321068,0.07711289823055267,8.948320100898854e-06,t17_f5_c3,ZTF20aaiggef
2459774.853206,2,2020353204815,19.521099090576172,/ztf/archive/sci/2022/0714/353206/ztf_20220714353206_000724_zr_c13_o_q1_scimrefdiffimg.fits.fz,Kulkarni,2,,,,2020,48,724,,,,,,,,,,,,,,,,,,,,,,,,,,,,,,,,,,,,26.057600021362305,4.094039923074888e-06,0.026496199890971184,0.07384119927883148,8.440850251645315e-06,t17_f5_c3,ZTF20aaiggef
2459774.8536806,2,2020353686115,19.51289939880371,/ztf/archive/sci/2022/0714/353669/ztf_20220714353669_000725_zr_c16_o_q2_scimrefdiffimg.fits.fz,Kulkarni,2,,,,2020,61,725,,,,,,,,,,,,,,,,,,,,,,,,,,,,,,,,,,,,26.019899368286133,4.77937010145979e-06,0.027303600683808327,0.08169960230588913,9.618560397939291e-06,t17_f5_c3,ZTF20aaiggef
2459775.6915278,2,2021191524815,19.4862003326416,/ztf/archive/sci/2022/0715/191424/ztf_20220715191424_000724_zr_c13_o_q1_scimrefdiffimg.fits.fz,Kulkarni,2,,,,2021,48,724,,,,,,,,,,,,,,,,,,,,,,,,,,,,,,,,,,,,25.603500366210938,1.4768799701414537e-05,0.050246499478816986,0.07895000278949738,3.0300399885163642e-05,t17_f5_c3,ZTF20aaiggef
2459775.7273727,2,2021227374815,20.021499633789062,/ztf/archive/sci/2022/0715/227315/ztf_20220715227315_000724_zr_c13_o_q1_scimrefdiffimg.fits.fz,Kulkarni,2,,,,2021,48,724,,,,,,,,,,,,,,,,,,,,,,,,,,,,,,,,,,,,26.059999465942383,4.805770004168153e-06,0.028726700693368912,0.07865150272846222,9.84838970907731e-06,t17_f5_c3,ZTF20aaiggef
2459775.7565046,2,2021256504815,19.964399337768555,/ztf/archive/sci/2022/0715/256505/ztf_20220715256505_000724_zr_c13_o_q1_scimrefdiffimg.fits.fz,Kulkarni,2,,,,2021,48,724,,,,,,,,,,,,,,,,,,,,,,,,,,,,,,,,,,,,26.06719970703125,3.7952299862809014e-06,0.025499699637293816,0.08408629894256592,7.85054999141721e-06,t17_f5_c3,ZTF20aaiggef
2459775.7617708,2,2021261776115,19.93199920654297,/ztf/archive/sci/2022/0715/261748/ztf_20220715261748_000725_zr_c16_o_q2_scimrefdiffimg.fits.fz,Kulkarni,2,,,,2021,61,725,,,,,,,,,,,,,,,,,,,,,,,,,,,,,,,,,,,,26.03339958190918,5.359060196497012e-06,0.028880100697278976,0.09335619956254959,1.072469967766665e-05,t17_f5_c3,ZTF20aaiggef
2459775.8054977,2,2021305494815,19.760299682617188,/ztf/archive/sci/2022/0715/305451/ztf_20220715305451_000724_zr_c13_o_q1_scimrefdiffimg.fits.fz,Kulkarni,1,,,,2021,48,724,,,,,,,,,,,,,,,,,,,,,,,,,,,,,,,,,,,,26.06839942932129,3.466260068307747e-06,0.024404600262641907,0.07592400163412094,7.1833001129562035e-06,t17_f5_c3,ZTF20aaiggef
2459775.8059722,2,2021305976115,19.835800170898438,/ztf/archive/sci/2022/0715/305972/ztf_20220715305972_000725_zr_c16_o_q2_scimrefdiffimg.fits.fz,Kulkarni,1,,,,2021,61,725,,,,,,,,,,,,,,,,,,,,,,,,,,,,,,,,,,,,26.029699325561523,4.451870154298376e-06,0.026348300278186798,0.08271700143814087,8.922809684008826e-06,t17_f5_c3,ZTF20aaiggef
2459775.8308218,2,2021330824815,19.87179946899414,/ztf/archive/sci/2022/0715/330741/ztf_20220715330741_000724_zr_c13_o_q1_scimrefdiffimg.fits.fz,Kulkarni,1,,,,2021,48,724,,,,,,,,,,,,,,,,,,,,,,,,,,,,,,,,,,,,26.061399459838867,4.176769834884908e-06,0.026720300316810608,0.07661359757184982,8.639090083306655e-06,t17_f5_c3,ZTF20aaiggef
2459775.8422338,2,2021342236115,19.811800003051758,/ztf/archive/sci/2022/0715/342026/ztf_20220715342026_000725_zr_c16_o_q2_scimrefdiffimg.fits.fz,Kulkarni,1,,,,2021,61,725,,,,,,,,,,,,,,,,,,,,,,,,,,,,,,,,,,,,26.034099578857422,4.167469796811929e-06,0.025466199964284897,0.08552949875593185,8.407099812757224e-06,t17_f5_c3,ZTF20aaiggef
2459775.8960417,2,2021396044815,19.66160011291504,/ztf/archive/sci/2022/0715/395926/ztf_20220715395926_000724_zr_c13_o_q1_scimrefdiffimg.fits.fz,Kulkarni,2,,,,2021,48,724,,,,,,,,,,,,,,,,,,,,,,,,,,,,,,,,,,,,26.040700912475586,3.7483200685528573e-06,0.025280000641942024,0.07347570359706879,7.727019692538306e-06,t17_f5_c3,ZTF20aaiggef
2459776.6937037,2,2022193704815,20.58009910583496,/ztf/archive/sci/2022/0716/193669/ztf_20220716193669_000724_zr_c13_o_q1_scimrefdiffimg.fits.fz,Kulkarni,2,,,,2022,48,724,,,,,,,,,,,,,,,,,,,,,,,,,,,,,,,,,,,,26.075599670410156,5.726089966628933e-06,0.03125929832458496,0.064888596534729,1.1796400031016674e-05,t17_f5_c3,ZTF20aaiggef
2459776.7147106,2,2022214714815,20.576499938964844,/ztf/archive/sci/2022/0716/214641/ztf_20220716214641_000724_zr_c13_o_q1_scimrefdiffimg.fits.fz,Kulkarni,2,,,,2022,48,724,,,,,,,,,,,,,,,,,,,,,,,,,,,,,,,,,,,,26.073200225830078,4.482819804252358e-06,0.027713099494576454,0.07120949774980545,9.241370207746513e-06,t17_f5_c3,ZTF20aaiggef
2459776.7354977,2,2022235496115,20.18670082092285,/ztf/archive/sci/2022/0716/235440/ztf_20220716235440_000725_zr_c16_o_q2_scimrefdiffimg.fits.fz,Kulkarni,1,,,,2022,61,725,,,,,,,,,,,,,,,,,,,,,,,,,,,,,,,,,,,,26.05970001220703,4.463910045160446e-06,0.026252100244164467,0.08122940361499786,8.905880349630024e-06,t17_f5_c3,ZTF20aaiggef
2459776.7888889,2,2022288886115,20.12529945373535,/ztf/archive/sci/2022/0716/288889/ztf_20220716288889_000725_zr_c16_o_q2_scimrefdiffimg.fits.fz,Kulkarni,2,2.022288886115015e+18,t,10.0,2022,61,725,1660.2900390625,2320.080078125,265.3846146,43.5647908,20.131200790405273,0.2577950060367584,1.2017500400543213,19.999799728393555,0.36570000648498535,0.08941099792718887,18.86199951171875,0.024000000208616257,1.2319999933242798,0.08299999684095383,-0.04794500023126602,-0.13142700493335724,1.1986600160598755,0.8360000252723694,760.4180297851562,0.12546999752521515,2.0,0.7059999704360962,0.4569999873638153,0.5889899730682373,0.3812580108642578,1.5448600053787231,5.0,0.0,0.8157140016555786,0.8915899991989136,20.161699295043945,0.5429999828338623,265.3846149,43.5647656,5.43527,26.064199447631836,3.2492901027580956e-06,0.022519199177622795,0.08307769894599915,6.5446402004454285e-06,t17_f5_c3,ZTF20aaiggef
2459776.7893634,2,2022289364815,20.184200286865234,/ztf/archive/sci/2022/0716/289352/ztf_20220716289352_000724_zr_c13_o_q1_scimrefdiffimg.fits.fz,Kulkarni,2,,,,2022,48,724,,,,,,,,,,,,,,,,,,,,,,,,,,,,,,,,,,,,26.094600677490234,2.9388900202320656e-06,0.02236809954047203,0.07778710126876831,6.07820993536734e-06,t17_f5_c3,ZTF20aaiggef
2459776.8463657,2,2022346366115,19.989900588989258,/ztf/archive/sci/2022/0716/346343/ztf_20220716346343_000725_zr_c16_o_q2_scimrefdiffimg.fits.fz,Kulkarni,1,,,,2022,61,725,,,,,,,,,,,,,,,,,,,,,,,,,,,,,,,,,,,,26.054000854492188,3.822479811788071e-06,0.024393999949097633,0.07972890138626099,7.705710231675766e-06,t17_f5_c3,ZTF20aaiggef
2459776.8668634,2,2022366864815,19.912200927734375,/ztf/archive/sci/2022/0716/366852/ztf_20220716366852_000724_zr_c13_o_q1_scimrefdiffimg.fits.fz,Kulkarni,2,,,,2022,48,724,,,,,,,,,,,,,,,,,,,,,,,,,,,,,,,,,,,,26.067699432373047,3.39087000611471e-06,0.024029700085520744,0.07753100246191025,6.977189968893072e-06,t17_f5_c3,ZTF20aaiggef
2459776.956169,2,2022456164815,19.283100128173828,/ztf/archive/sci/2022/0716/456169/ztf_20220716456169_000724_zr_c13_o_q1_scimrefdiffimg.fits.fz,Kulkarni,2,,,,2022,48,724,,,,,,,,,,,,,,,,,,,,,,,,,,,,,,,,,,,,25.999300003051758,6.630079951719381e-06,0.033576399087905884,0.061890799552202225,1.3635200048156548e-05,t17_f5_c3,ZTF20aaiggef
2459777.7250579,2,2023225054815,20.609699249267578,/ztf/archive/sci/2022/0717/225012/ztf_20220717225012_000724_zr_c13_o_q1_scimrefdiffimg.fits.fz,Kulkarni,1,,,,2023,48,724,,,,,,,,,,,,,,,,,,,,,,,,,,,,,,,,,,,,26.05299949645996,5.614940164377913e-06,0.031049000099301338,0.06982489675283432,1.1560399798327126e-05,t17_f5_c3,ZTF20aaiggef
2459777.7260417,2,2023226044815,20.612699508666992,/ztf/archive/sci/2022/0717/226019/ztf_20220717226019_000724_zr_c13_o_q1_scimrefdiffimg.fits.fz,Kulkarni,2,,,,2023,48,724,,,,,,,,,,,,,,,,,,,,,,,,,,,,,,,,,,,,26.052099227905273,5.6844100981834345e-06,0.031152300536632538,0.07119250297546387,1.1727300261554774e-05,t17_f5_c3,ZTF20aaiggef
2459778.7228356,2,2024222834815,20.177200317382812,/ztf/archive/sci/2022/0718/222789/ztf_20220718222789_000724_zr_c13_o_q1_scimrefdiffimg.fits.fz,Kulkarni,2,,,,2024,48,724,,,,,,,,,,,,,,,,,,,,,,,,,,,,,,,,,,,,25.700000762939453,1.636809975025244e-05,0.05288219824433327,0.0727292001247406,3.37546989612747e-05,t17_f5_c3,ZTF20aaiggef
2459778.7574421,2,2024257444815,18.754899978637695,/ztf/archive/sci/2022/0718/257431/ztf_20220718257431_000724_zr_c13_o_q1_scimrefdiffimg.fits.fz,Kulkarni,2,,,,2024,48,724,,,,,,,,,,,,,,,,,,,,,,,,,,,,,,,,,,,,24.539499282836914,0.0004893940058536828,0.268667995929718,0.07437310367822647,0.0010562899988144636,t17_f5_c3,ZTF20aaiggef
2459778.8537731,2,2024353774815,19.849899291992188,/ztf/archive/sci/2022/0718/353773/ztf_20220718353773_000724_zr_c13_o_q1_scimrefdiffimg.fits.fz,Kulkarni,2,,,,2024,48,724,,,,,,,,,,,,,,,,,,,,,,,,,,,,,,,,,,,,25.998300552368164,3.3690500913508004e-06,0.024024300277233124,0.07714679837226868,6.956559900572756e-06,t17_f5_c3,ZTF20aaiggef
2459778.8542477,2,2024354246115,20.031200408935547,/ztf/archive/sci/2022/0718/354248/ztf_20220718354248_000725_zr_c16_o_q2_scimrefdiffimg.fits.fz,Kulkarni,2,2.024354246115015e+18,t,15.0,2024,61,725,1648.18994140625,2304.77001953125,265.3846459,43.5647567,20.3174991607666,0.28718501329421997,1.1631200313568115,20.971399307250977,0.9805999994277954,0.0860539972782135,18.86199951171875,0.024000000208616257,1.2319999933242798,0.08299999684095383,-0.04904400184750557,0.6539390087127686,1.1880799531936646,0.8809999823570251,775.7310180664062,-0.9402269721031189,2.0,0.5509999990463257,0.5049999952316284,0.4637739956378937,0.42505601048469543,1.0910899639129639,10.0,0.0,0.7799999713897705,0.5579419732093811,20.83880043029785,1.111899971961975,265.3846149,43.5647656,5.1067,25.970500946044922,3.5672599096869817e-06,0.02361289970576763,0.07962790131568909,7.206000191217754e-06,t17_f5_c3,ZTF20aaiggef
2459778.8971528,2,2024397154815,19.78969955444336,/ztf/archive/sci/2022/0718/396956/ztf_20220718396956_000724_zr_c13_o_q1_scimrefdiffimg.fits.fz,Kulkarni,2,,,,2024,48,724,,,,,,,,,,,,,,,,,,,,,,,,,,,,,,,,,,,,25.98539924621582,4.354079919721698e-06,0.027174899354577065,0.073471799492836,9.021840014611371e-06,t17_f5_c3,ZTF20aaiggef
2459779.7400694,2,2025240064815,20.484399795532227,/ztf/archive/sci/2022/0719/240046/ztf_20220719240046_000724_zr_c13_o_q1_scimrefdiffimg.fits.fz,Kulkarni,2,,,,2025,48,724,,,,,,,,,,,,,,,,,,,,,,,,,,,,,,,,,,,,26.049800872802734,5.5128698477346916e-06,0.03069940023124218,0.07157149910926819,1.1386299775040243e-05,t17_f5_c3,ZTF20aaiggef
2459779.7669907,2,2025266996115,20.53569984436035,/ztf/archive/sci/2022/0719/266991/ztf_20220719266991_000725_zr_c16_o_q2_scimrefdiffimg.fits.fz,Kulkarni,1,,,,2025,61,725,,,,,,,,,,,,,,,,,,,,,,,,,,,,,,,,,,,,26.038700103759766,2.6357199658377795e-06,0.020235100761055946,0.0861797034740448,5.294410129863536e-06,t17_f5_c3,ZTF20aaiggef
2459779.7794676,2,2025279464815,20.400699615478516,/ztf/archive/sci/2022/0719/279468/ztf_20220719279468_000724_zr_c13_o_q1_scimrefdiffimg.fits.fz,Kulkarni,2,,,,2025,48,724,,,,,,,,,,,,,,,,,,,,,,,,,,,,,,,,,,,,26.059799194335938,4.780759809364099e-06,0.02867100015282631,0.06911519914865494,9.82532037596684e-06,t17_f5_c3,ZTF20aaiggef
2459779.8020139,2,2025302014815,20.43790054321289,/ztf/archive/sci/2022/0719/301944/ztf_20220719301944_000724_zr_c13_o_q1_scimrefdiffimg.fits.fz,Kulkarni,2,,,,2025,48,724,,,,,,,,,,,,,,,,,,,,,,,,,,,,,,,,,,,,26.062000274658203,3.4965401027875487e-06,0.024410700425505638,0.06897089630365372,7.179559815995162e-06,t17_f5_c3,ZTF20aaiggef
2459779.8110995,2,2025311096115,20.2726993560791,/ztf/archive/sci/2022/0719/311088/ztf_20220719311088_000725_zr_c16_o_q2_scimrefdiffimg.fits.fz,Kulkarni,1,2.025311096115015e+18,t,12.0,2025,61,725,1654.75,2326.300048828125,265.3846065,43.5647518,20.406400680541992,0.26531100273132324,0.8903430104255676,20.037900924682617,0.32010000944137573,0.049685001373291016,18.86199951171875,0.024000000208616257,1.2319999933242798,0.08299999684095383,0.2680110037326813,-0.36850500106811523,1.2477099895477295,0.46299999952316284,754.2039794921875,0.23481899499893188,2.0,0.621999979019165,0.5740000009536743,0.49851199984550476,0.46004199981689453,1.0836199522018433,6.0,0.0,0.8871430158615112,0.7804970145225525,20.175600051879883,0.46369999647140503,265.3846149,43.5647656,5.28294,26.03339958190918,2.9034899853286333e-06,0.02129329927265644,0.08508150279521942,5.811119990539737e-06,t17_f5_c3,ZTF20aaiggef
2459779.8374537,2,2025337456115,20.13960075378418,/ztf/archive/sci/2022/0719/337442/ztf_20220719337442_000725_zr_c16_o_q2_scimrefdiffimg.fits.fz,Kulkarni,2,,,,2025,61,725,,,,,,,,,,,,,,,,,,,,,,,,,,,,,,,,,,,,26.035999298095703,3.3570199775567744e-06,0.02292660064995289,0.08256089687347412,6.6904699451697525e-06,t17_f5_c3,ZTF20aaiggef
2459779.8379167,2,2025337914815,20.273799896240234,/ztf/archive/sci/2022/0719/337917/ztf_20220719337917_000724_zr_c13_o_q1_scimrefdiffimg.fits.fz,Kulkarni,2,,,,2025,48,724,,,,,,,,,,,,,,,,,,,,,,,,,,,,,,,,,,,,26.050500869750977,3.5174300592188956e-06,0.024515600875020027,0.07711450010538101,7.252609975694213e-06,t17_f5_c3,ZTF20aaiggef
2459779.8812384,2,2025381234815,20.065799713134766,/ztf/archive/sci/2022/0719/381227/ztf_20220719381227_000724_zr_c13_o_q1_scimrefdiffimg.fits.fz,Kulkarni,2,,,,2025,48,724,,,,,,,,,,,,,,,,,,,,,,,,,,,,,,,,,,,,26.034000396728516,4.506639925239142e-06,0.027658000588417053,0.07915250211954117,9.293909897678532e-06,t17_f5_c3,ZTF20aaiggef
2459780.7393056,1,2026239306115,20.5841007232666,/ztf/archive/sci/2022/0720/239294/ztf_20220720239294_000725_zg_c16_o_q2_scimrefdiffimg.fits.fz,Kulkarni,2,,,,2026,61,725,,,,,,,,,,,,,,,,,,,,,,,,,,,,,,,,,,,,26.12220001220703,6.352210220939014e-06,0.031492799520492554,-0.039139699190855026,1.2964100278622936e-05,t17_f5_c3,ZTF20aaiggef
2459780.7875463,1,2026287544815,17.36669921875,/ztf/archive/sci/2022/0720/287546/ztf_20220720287546_000724_zg_c13_o_q1_scimrefdiffimg.fits.fz,Kulkarni,1,,,,2026,48,724,,,,,,,,,,,,,,,,,,,,,,,,,,,,,,,,,,,,23.14889907836914,0.015939300879836082,0.33323800563812256,-0.10933200269937515,0.0577986016869545,t17_f5_c3,ZTF20aaiggef
2459781.7630556,1,2027263054815,20.687000274658203,/ztf/archive/sci/2022/0721/263044/ztf_20220721263044_000724_zg_c13_o_q1_scimrefdiffimg.fits.fz,Kulkarni,2,,,,2027,48,724,,,,,,,,,,,,,,,,,,,,,,,,,,,,,,,,,,,,26.091100692749023,1.0995099728461355e-05,0.043381400406360626,-0.09503179788589478,2.2943200747249648e-05,t17_f5_c3,ZTF20aaiggef
2459781.7659144,1,2027265916115,20.611600875854492,/ztf/archive/sci/2022/0721/265880/ztf_20220721265880_000725_zg_c16_o_q2_scimrefdiffimg.fits.fz,Kulkarni,1,,,,2027,61,725,,,,,,,,,,,,,,,,,,,,,,,,,,,,,,,,,,,,26.07309913635254,5.626950041914824e-06,0.02967970073223114,-0.04649269953370094,1.1495199942146428e-05,t17_f5_c3,ZTF20aaiggef
2459781.7875231,1,2027287524815,20.675600051879883,/ztf/archive/sci/2022/0721/287523/ztf_20220721287523_000724_zg_c13_o_q1_scimrefdiffimg.fits.fz,Kulkarni,2,,,,2027,48,724,,,,,,,,,,,,,,,,,,,,,,,,,,,,,,,,,,,,26.105300903320312,1.0077399565489031e-05,0.04142199829220772,-0.10217899829149246,2.093779949063901e-05,t17_f5_c3,ZTF20aaiggef
2459781.8052894,1,2027305286115,20.46619987487793,/ztf/archive/sci/2022/0721/305289/ztf_20220721305289_000725_zg_c16_o_q2_scimrefdiffimg.fits.fz,Kulkarni,2,2.027305286115015e+18,t,17.0,2027,61,725,1664.22998046875,2298.510009765625,265.3848347,43.5647275,20.61910057067871,0.29082098603248596,1.059999942779541,20.349199295043945,0.3353999853134155,0.5812860131263733,19.097000122070312,0.03200000151991844,1.7740000486373901,0.03099999949336052,-0.12314800173044205,-0.2699260115623474,1.3309799432754517,0.48899999260902405,781.9869995117188,0.11700200289487839,2.0,0.7400000095367432,0.6629999876022339,0.5559800267219543,0.4981279969215393,1.1161400079727173,7.0,0.0,0.8657140135765076,0.8244879841804504,20.85740089416504,0.6816999912261963,265.384619,43.5647603,5.0115,26.10610008239746,5.784149834653363e-06,0.029983099550008774,-0.07190140336751938,1.174909994006157e-05,t17_f5_c3,ZTF20aaiggef
2459781.8057639,1,2027305764815,20.601299285888672,/ztf/archive/sci/2022/0721/305752/ztf_20220721305752_000724_zg_c13_o_q1_scimrefdiffimg.fits.fz,Kulkarni,2,,,,2027,48,724,,,,,,,,,,,,,,,,,,,,,,,,,,,,,,,,,,,,26.104299545288086,1.0932300028798636e-05,0.043074898421764374,-0.09657060354948044,2.275689985253848e-05,t17_f5_c3,ZTF20aaiggef
2459781.8397338,1,2027339734815,20.194900512695312,/ztf/archive/sci/2022/0721/339722/ztf_20220721339722_000724_zg_c13_o_q1_scimrefdiffimg.fits.fz,Kulkarni,2,,,,2027,48,724,,,,,,,,,,,,,,,,,,,,,,,,,,,,,,,,,,,,25.930599212646484,9.791619959287345e-06,0.039975300431251526,-0.04532340168952942,2.134120040864218e-05,t17_f5_c3,ZTF20aaiggef
2459781.8476273,1,2027347626115,20.03619956970215,/ztf/archive/sci/2022/0721/347627/ztf_20220721347627_000725_zg_c16_o_q2_scimrefdiffimg.fits.fz,Kulkarni,1,,,,2027,61,725,,,,,,,,,,,,,,,,,,,,,,,,,,,,,,,,,,,,25.99690055847168,8.737069947528653e-06,0.03630460053682327,-0.07757280021905899,1.8607099264045246e-05,t17_f5_c3,ZTF20aaiggef
2459782.725625,3,2028225624815,19.41790008544922,/ztf/archive/sci/2022/0722/225602/ztf_20220722225602_000724_zi_c13_o_q1_scimrefdiffimg.fits.fz,Kulkarni,2,,,,2028,48,724,,,,,,,,,,,,,,,,,,,,,,,,,,,,,,,,,,,,25.286100387573242,4.774200078827562e-06,0.039764899760484695,0.20326900482177734,3.7133198929950595e-05,t17_f5_c3,ZTF20aaiggef
2459782.7584954,2,2028258494815,20.530399322509766,/ztf/archive/sci/2022/0722/258484/ztf_20220722258484_000724_zr_c13_o_q1_scimrefdiffimg.fits.fz,Kulkarni,2,,,,2028,48,724,,,,,,,,,,,,,,,,,,,,,,,,,,,,,,,,,,,,26.033899307250977,4.854380222241161e-06,0.028908099979162216,0.07137399911880493,9.999330359278247e-06,t17_f5_c3,ZTF20aaiggef
2459782.7802431,1,2028280244815,20.617900848388672,/ztf/archive/sci/2022/0722/280231/ztf_20220722280231_000724_zg_c13_o_q1_scimrefdiffimg.fits.fz,Kulkarni,2,,,,2028,48,724,,,,,,,,,,,,,,,,,,,,,,,,,,,,,,,,,,,,26.10740089416504,1.0363500223320443e-05,0.04208730161190033,-0.0974465012550354,2.160030089726206e-05,t17_f5_c3,ZTF20aaiggef
2459782.7811806,1,2028281184815,20.59119987487793,/ztf/archive/sci/2022/0722/281181/ztf_20220722281181_000724_zg_c13_o_q1_scimrefdiffimg.fits.fz,Kulkarni,1,,,,2028,48,724,,,,,,,,,,,,,,,,,,,,,,,,,,,,,,,,,,,,26.10849952697754,1.1128099686175119e-05,0.043665800243616104,-0.09695520251989365,2.319389932381455e-05,t17_f5_c3,ZTF20aaiggef
2459782.865081,2,2028365084815,20.047800064086914,/ztf/archive/sci/2022/0722/365058/ztf_20220722365058_000724_zr_c13_o_q1_scimrefdiffimg.fits.fz,Kulkarni,1,,,,2028,48,724,,,,,,,,,,,,,,,,,,,,,,,,,,,,,,,,,,,,25.9424991607666,3.4961599340022076e-06,0.024475300684571266,0.0736607015132904,7.189630196080543e-06,t17_f5_c3,ZTF20aaiggef
2459782.8682292,2,2028368224815,19.889699935913086,/ztf/archive/sci/2022/0722/368137/ztf_20220722368137_000724_zr_c13_o_q1_scimrefdiffimg.fits.fz,Kulkarni,2,,,,2028,48,724,,,,,,,,,,,,,,,,,,,,,,,,,,,,,,,,,,,,25.899200439453125,4.035729944007471e-06,0.026301100850105286,0.07418199628591537,8.307510142913088e-06,t17_f5_c3,ZTF20aaiggef
2459783.7791204,1,2029279124815,20.613100051879883,/ztf/archive/sci/2022/0723/279120/ztf_20220723279120_000724_zg_c13_o_q1_scimrefdiffimg.fits.fz,Kulkarni,2,,,,2029,48,724,,,,,,,,,,,,,,,,,,,,,,,,,,,,,,,,,,,,26.143600463867188,1.1087299753853586e-05,0.043786898255348206,-0.09190279990434647,2.300830055901315e-05,t17_f5_c3,ZTF20aaiggef
2459783.8035995,1,2029303596115,20.664199829101562,/ztf/archive/sci/2022/0723/303600/ztf_20220723303600_000725_zg_c16_o_q2_scimrefdiffimg.fits.fz,Kulkarni,1,,,,2029,61,725,,,,,,,,,,,,,,,,,,,,,,,,,,,,,,,,,,,,26.131399154663086,4.812330189452041e-06,0.027448199689388275,-0.05525600165128708,9.698749636299908e-06,t17_f5_c3,ZTF20aaiggef
2459783.8191204,1,2029319124815,20.743600845336914,/ztf/archive/sci/2022/0723/319120/ztf_20220723319120_000724_zg_c13_o_q1_scimrefdiffimg.fits.fz,Kulkarni,2,,,,2029,48,724,,,,,,,,,,,,,,,,,,,,,,,,,,,,,,,,,,,,26.12779998779297,1.2365600014163647e-05,0.045652199536561966,-0.09545429795980453,2.6178700863965787e-05,t17_f5_c3,ZTF20aaiggef
2459783.8635995,2,2029363596115,20.437999725341797,/ztf/archive/sci/2022/0723/363600/ztf_20220723363600_000725_zr_c16_o_q2_scimrefdiffimg.fits.fz,Kulkarni,1,,,,2029,61,725,,,,,,,,,,,,,,,,,,,,,,,,,,,,,,,,,,,,26.00349998474121,3.045619905606145e-06,0.021783800795674324,0.08528059720993042,6.140110144770006e-06,t17_f5_c3,ZTF20aaiggef
2459783.8640741,2,2029364074815,20.475200653076172,/ztf/archive/sci/2022/0723/364074/ztf_20220723364074_000724_zr_c13_o_q1_scimrefdiffimg.fits.fz,Kulkarni,2,,,,2029,48,724,,,,,,,,,,,,,,,,,,,,,,,,,,,,,,,,,,,,26.023799896240234,4.562789854389848e-06,0.027988100424408913,0.0708542987704277,9.44340990827186e-06,t17_f5_c3,ZTF20aaiggef
2459784.7087384,3,2030208736115,19.940099716186523,/ztf/archive/sci/2022/0724/208715/ztf_20220724208715_000725_zi_c16_o_q2_scimrefdiffimg.fits.fz,Kulkarni,2,,,,2030,61,725,,,,,,,,,,,,,,,,,,,,,,,,,,,,,,,,,,,,25.26930046081543,2.283369894939824e-06,0.02729330025613308,0.18754799664020538,1.5720799638074823e-05,t17_f5_c3,ZTF20aaiggef
2459784.7443634,1,2030244364815,20.580799102783203,/ztf/archive/sci/2022/0724/244352/ztf_20220724244352_000724_zg_c13_o_q1_scimrefdiffimg.fits.fz,Kulkarni,2,,,,2030,48,724,,,,,,,,,,,,,,,,,,,,,,,,,,,,,,,,,,,,26.051700592041016,1.3182299881009385e-05,0.04728249832987785,-0.08600589632987976,2.7826499717775732e-05,t17_f5_c3,ZTF20aaiggef
2459784.7774074,2,2030277404815,20.604900360107422,/ztf/archive/sci/2022/0724/277407/ztf_20220724277407_000724_zr_c13_o_q1_scimrefdiffimg.fits.fz,Kulkarni,2,,,,2030,48,724,,,,,,,,,,,,,,,,,,,,,,,,,,,,,,,,,,,,26.021900177001953,5.55457017981098e-06,0.03088030032813549,0.06676259636878967,1.1437799912528135e-05,t17_f5_c3,ZTF20aaiggef
2459784.7950231,2,2030295024815,20.506900787353516,/ztf/archive/sci/2022/0724/295012/ztf_20220724295012_000724_zr_c13_o_q1_scimrefdiffimg.fits.fz,Kulkarni,1,,,,2030,48,724,,,,,,,,,,,,,,,,,,,,,,,,,,,,,,,,,,,,26.01140022277832,5.211939878790872e-06,0.02995700016617775,0.07350029796361923,1.081689970305888e-05,t17_f5_c3,ZTF20aaiggef
2459784.8029282,2,2030302924815,20.597700119018555,/ztf/archive/sci/2022/0724/302928/ztf_20220724302928_000724_zr_c13_o_q1_scimrefdiffimg.fits.fz,Kulkarni,2,,,,2030,48,724,,,,,,,,,,,,,,,,,,,,,,,,,,,,,,,,,,,,26.02400016784668,5.41735016668099e-06,0.03054090030491352,0.06910289824008942,1.1188900316483341e-05,t17_f5_c3,ZTF20aaiggef
2459784.8417361,1,2030341734815,20.709999084472656,/ztf/archive/sci/2022/0724/341736/ztf_20220724341736_000724_zg_c13_o_q1_scimrefdiffimg.fits.fz,Kulkarni,1,,,,2030,48,724,,,,,,,,,,,,,,,,,,,,,,,,,,,,,,,,,,,,26.07229995727539,1.2226199942233507e-05,0.04560120031237602,-0.10240799933671951,2.581670014478732e-05,t17_f5_c3,ZTF20aaiggef
2459784.8730671,1,2030373064815,20.552000045776367,/ztf/archive/sci/2022/0724/372975/ztf_20220724372975_000724_zg_c13_o_q1_scimrefdiffimg.fits.fz,Kulkarni,2,,,,2030,48,724,,,,,,,,,,,,,,,,,,,,,,,,,,,,,,,,,,,,25.949899673461914,1.1662100405374076e-05,0.044620100408792496,-0.08647570013999939,2.43321992456913e-05,t17_f5_c3,ZTF20aaiggef
2459785.7425463,1,2031242544815,20.752700805664062,/ztf/archive/sci/2022/0725/242535/ztf_20220725242535_000724_zg_c13_o_q1_scimrefdiffimg.fits.fz,Kulkarni,2,,,,2031,48,724,,,,,,,,,,,,,,,,,,,,,,,,,,,,,,,,,,,,26.05120086669922,1.4985000234446488e-05,0.050224900245666504,-0.08950480073690414,3.191610085195862e-05,t17_f5_c3,ZTF20aaiggef
2459785.7641088,3,2031264104815,19.89189910888672,/ztf/archive/sci/2022/0725/264097/ztf_20220725264097_000724_zi_c13_o_q1_scimrefdiffimg.fits.fz,Kulkarni,2,,,,2031,48,724,,,,,,,,,,,,,,,,,,,,,,,,,,,,,,,,,,,,25.126800537109375,6.904279871378094e-06,0.04805700108408928,0.21425999701023102,5.200079976930283e-05,t17_f5_c3,ZTF20aaiggef
2459785.7788079,2,2031278804815,20.188800811767578,/ztf/archive/sci/2022/0725/278808/ztf_20220725278808_000724_zr_c13_o_q1_scimrefdiffimg.fits.fz,Kulkarni,2,,,,2031,48,724,,,,,,,,,,,,,,,,,,,,,,,,,,,,,,,,,,,,25.843599319458008,7.841969818400685e-06,0.03671029955148697,0.06897579878568649,1.62228006956866e-05,t17_f5_c3,ZTF20aaiggef
2459785.7955093,2,2031295506115,18.37649917602539,/ztf/archive/sci/2022/0725/295486/ztf_20220725295486_000725_zr_c16_o_q2_scimrefdiffimg.fits.fz,Kulkarni,1,,,,2031,61,725,,,,,,,,,,,,,,,,,,,,,,,,,,,,,,,,,,,,24.408300399780273,3.9561899029649794e-05,0.0674256980419159,0.07421659678220749,8.471420005662367e-05,t17_f5_c3,ZTF20aaiggef
2459785.7959838,2,2031295984815,18.7716007232666,/ztf/archive/sci/2022/0725/295972/ztf_20220725295972_000724_zr_c13_o_q1_scimrefdiffimg.fits.fz,Kulkarni,2,,,,2031,48,724,,,,,,,,,,,,,,,,,,,,,,,,,,,,,,,,,,,,24.74530029296875,2.6221799998893403e-05,0.060443099588155746,0.08780690282583237,5.62563982384745e-05,t17_f5_c3,ZTF20aaiggef
2459785.8208218,1,2031320824815,20.493000030517578,/ztf/archive/sci/2022/0725/320810/ztf_20220725320810_000724_zg_c13_o_q1_scimrefdiffimg.fits.fz,Kulkarni,2,,,,2031,48,724,,,,,,,,,,,,,,,,,,,,,,,,,,,,,,,,,,,,26.006900787353516,1.3417399713944178e-05,0.04680990055203438,-0.08646029978990555,2.9059699954814278e-05,t17_f5_c3,ZTF20aaiggef
2459785.8285301,1,2031328536115,20.51930046081543,/ztf/archive/sci/2022/0725/328518/ztf_20220725328518_000725_zg_c16_o_q2_scimrefdiffimg.fits.fz,Kulkarni,1,,,,2031,61,725,,,,,,,,,,,,,,,,,,,,,,,,,,,,,,,,,,,,26.02120018005371,6.634989858866902e-06,0.032169800251722336,-0.041676998138427734,1.3493099686456844e-05,t17_f5_c3,ZTF20aaiggef
2459786.7202894,1,2032220284815,20.17770004272461,/ztf/archive/sci/2022/0726/220266/ztf_20220726220266_000724_zg_c13_o_q1_scimrefdiffimg.fits.fz,Kulkarni,2,,,,2032,48,724,,,,,,,,,,,,,,,,,,,,,,,,,,,,,,,,,,,,25.75320053100586,1.7757100067683496e-05,0.05169140174984932,-0.05790330097079277,4.1230199713027105e-05,t17_f5_c3,ZTF20aaiggef
2459786.7546296,2,2032254624815,20.638099670410156,/ztf/archive/sci/2022/0726/254618/ztf_20220726254618_000724_zr_c13_o_q1_scimrefdiffimg.fits.fz,Kulkarni,2,,,,2032,48,724,,,,,,,,,,,,,,,,,,,,,,,,,,,,,,,,,,,,26.019699096679688,5.990849786030594e-06,0.03204619884490967,0.06599319726228714,1.2385799891490024e-05,t17_f5_c3,ZTF20aaiggef
2459786.7814005,2,2032281404815,20.59440040588379,/ztf/archive/sci/2022/0726/281389/ztf_20220726281389_000724_zr_c13_o_q1_scimrefdiffimg.fits.fz,Kulkarni,2,,,,2032,48,724,,,,,,,,,,,,,,,,,,,,,,,,,,,,,,,,,,,,26.003799438476562,5.6284998208866455e-06,0.031112799420952797,0.06868629902601242,1.1631200322881341e-05,t17_f5_c3,ZTF20aaiggef
2459786.782338,2,2032282334815,20.453800201416016,/ztf/archive/sci/2022/0726/282338/ztf_20220726282338_000724_zr_c13_o_q1_scimrefdiffimg.fits.fz,Kulkarni,1,,,,2032,48,724,,,,,,,,,,,,,,,,,,,,,,,,,,,,,,,,,,,,26.006900787353516,5.532289833354298e-06,0.030907299369573593,0.07058060169219971,1.1444099982327316e-05,t17_f5_c3,ZTF20aaiggef
2459786.8002778,1,2032300274815,20.654600143432617,/ztf/archive/sci/2022/0726/300278/ztf_20220726300278_000724_zg_c13_o_q1_scimrefdiffimg.fits.fz,Kulkarni,1,,,,2032,48,724,,,,,,,,,,,,,,,,,,,,,,,,,,,,,,,,,,,,26.080699920654297,1.368710036331322e-05,0.04773779958486557,-0.10012400150299072,2.941129969258327e-05,t17_f5_c3,ZTF20aaiggef
2459786.816169,1,2032316164815,20.659400939941406,/ztf/archive/sci/2022/0726/316169/ztf_20220726316169_000724_zg_c13_o_q1_scimrefdiffimg.fits.fz,Kulkarni,2,,,,2032,48,724,,,,,,,,,,,,,,,,,,,,,,,,,,,,,,,,,,,,26.085500717163086,1.37507004183135e-05,0.048134900629520416,-0.10458000004291534,2.901049992942717e-05,t17_f5_c3,ZTF20aaiggef
2459787.7446875,1,2033244684815,20.643199920654297,/ztf/archive/sci/2022/0727/244676/ztf_20220727244676_000724_zg_c13_o_q1_scimrefdiffimg.fits.fz,Kulkarni,2,,,,2033,48,724,,,,,,,,,,,,,,,,,,,,,,,,,,,,,,,,,,,,26.08329963684082,1.4895799722580705e-05,0.04915459826588631,-0.10496900230646133,3.240590012865141e-05,t17_f5_c3,ZTF20aaiggef
2459787.7599884,1,2033259986115,20.637399673461914,/ztf/archive/sci/2022/0727/259942/ztf_20220727259942_000725_zg_c16_o_q2_scimrefdiffimg.fits.fz,Kulkarni,1,,,,2033,61,725,,,,,,,,,,,,,,,,,,,,,,,,,,,,,,,,,,,,26.075199127197266,5.481870175572112e-06,0.029253199696540833,-0.0581015981733799,1.1153400009789038e-05,t17_f5_c3,ZTF20aaiggef
2459787.7604514,1,2033260454815,20.723400115966797,/ztf/archive/sci/2022/0727/260451/ztf_20220727260451_000724_zg_c13_o_q1_scimrefdiffimg.fits.fz,Kulkarni,2,,,,2033,48,724,,,,,,,,,,,,,,,,,,,,,,,,,,,,,,,,,,,,26.091899871826172,1.1823500244645402e-05,0.044975701719522476,-0.11404799669981003,2.4355800633202307e-05,t17_f5_c3,ZTF20aaiggef
2459787.7902083,2,2033290204815,20.54050064086914,/ztf/archive/sci/2022/0727/290208/ztf_20220727290208_000724_zr_c13_o_q1_scimrefdiffimg.fits.fz,Kulkarni,2,,,,2033,48,724,,,,,,,,,,,,,,,,,,,,,,,,,,,,,,,,,,,,26.020700454711914,6.999910056038061e-06,0.03461569920182228,0.06909400224685669,1.4445599845203105e-05,t17_f5_c3,ZTF20aaiggef
2459787.8037153,2,2033303716115,20.549699783325195,/ztf/archive/sci/2022/0727/303715/ztf_20220727303715_000725_zr_c16_o_q2_scimrefdiffimg.fits.fz,Kulkarni,1,,,,2033,61,725,,,,,,,,,,,,,,,,,,,,,,,,,,,,,,,,,,,,25.995500564575195,3.523520035741967e-06,0.023492399603128433,0.08502639830112457,7.133140115911374e-06,t17_f5_c3,ZTF20aaiggef
2459787.8207523,2,2033320754815,20.443599700927734,/ztf/archive/sci/2022/0727/320590/ztf_20220727320590_000724_zr_c13_o_q1_scimrefdiffimg.fits.fz,Kulkarni,2,,,,2033,48,724,,,,,,,,,,,,,,,,,,,,,,,,,,,,,,,,,,,,25.97439956665039,5.787459940620465e-06,0.031509000808000565,0.07107999920845032,1.1915200047951657e-05,t17_f5_c3,ZTF20aaiggef
2459788.7676736,2,2034267674815,20.330699920654297,/ztf/archive/sci/2022/0728/267662/ztf_20220728267662_000724_zr_c13_o_q1_scimrefdiffimg.fits.fz,Kulkarni,1,,,,2034,48,724,,,,,,,,,,,,,,,,,,,,,,,,,,,,,,,,,,,,26.052000045776367,5.255939868220594e-06,0.03013790026307106,0.056429799646139145,1.0805900274135638e-05,t17_f5_c3,ZTF20aaiggef
2459788.779294,2,2034279294815,20.5039005279541,/ztf/archive/sci/2022/0728/279259/ztf_20220728279259_000724_zr_c13_o_q1_scimrefdiffimg.fits.fz,Kulkarni,2,,,,2034,48,724,,,,,,,,,,,,,,,,,,,,,,,,,,,,,,,,,,,,26.031200408935547,5.583180154644651e-06,0.030972300097346306,0.07057660073041916,1.1473999620648101e-05,t17_f5_c3,ZTF20aaiggef
2459788.7998958,1,2034299894815,20.567399978637695,/ztf/archive/sci/2022/0728/299884/ztf_20220728299884_000724_zg_c13_o_q1_scimrefdiffimg.fits.fz,Kulkarni,1,,,,2034,48,724,,,,,,,,,,,,,,,,,,,,,,,,,,,,,,,,,,,,26.0585994720459,1.2446999789972324e-05,0.04582170024514198,-0.07998500019311905,2.6547699235379696e-05,t17_f5_c3,ZTF20aaiggef
2459788.8080671,1,2034308064815,18.347299575805664,/ztf/archive/sci/2022/0728/308056/ztf_20220728308056_000724_zg_c13_o_q1_scimrefdiffimg.fits.fz,Kulkarni,2,,,,2034,48,724,,,,,,,,,,,,,,,,,,,,,,,,,,,,,,,,,,,,24.118999481201172,0.003672810038551688,0.3587549924850464,-0.14564700424671173,0.012906399555504322,t17_f5_c3,ZTF20aaiggef
2459789.683912,1,2035183914815,20.62849998474121,/ztf/archive/sci/2022/0729/183634/ztf_20220729183634_000724_zg_c13_o_q1_scimrefdiffimg.fits.fz,Kulkarni,2,,,,2035,48,724,,,,,,,,,,,,,,,,,,,,,,,,,,,,,,,,,,,,26.061399459838867,1.3612900147563778e-05,0.047463301569223404,-0.08792860060930252,2.8950200430699624e-05,t17_f5_c3,ZTF20aaiggef
2459719.9470949,2,1965447096115,19.883399963378906,/ztf/archive/sci/2022/0520/447060/ztf_20220520447060_000725_zr_c16_o_q2_scimrefdiffimg.fits.fz,Kulkarni,2,,,,1965,61,725,,,,,,,,,,,,,,,,,,,,,,,,,,,,,,,,,,,,26.045299530029297,6.496949936263263e-06,0.03179579973220825,0.08907710015773773,1.3132999811205082e-05,t17_f5_c3,ZTF20aaiggef
2459719.9475694,2,1965447564815,19.982500076293945,/ztf/archive/sci/2022/0520/447558/ztf_20220520447558_000724_zr_c13_o_q1_scimrefdiffimg.fits.fz,Kulkarni,2,,,,1965,48,724,,,,,,,,,,,,,,,,,,,,,,,,,,,,,,,,,,,,26.07309913635254,9.983799827750772e-06,0.04137770086526871,0.07814960181713104,2.0661500457208604e-05,t17_f5_c3,ZTF20aaiggef
2459721.8611458,2,1967361146115,20.560100555419922,/ztf/archive/sci/2022/0522/361134/ztf_20220522361134_000725_zr_c16_o_q2_scimrefdiffimg.fits.fz,Kulkarni,2,1.967361146115015e+18,t,12.0,1967,61,725,1665.7900390625,2353.1201171875,265.3847243,43.5648467,20.03499984741211,0.18737800419330597,1.0558799505233765,20.267099380493164,0.30550000071525574,0.41558700799942017,18.86199951171875,0.024000000208616257,1.2319999933242798,0.08299999684095383,-0.11620300263166428,0.23208600282669067,1.690000057220459,0.8429999947547913,727.3759765625,0.29300400614738464,1.4914799928665161,0.6740000247955322,0.6140000224113464,0.3988170027732849,0.3633140027523041,1.0977200269699097,4.0,0.0,0.9785709977149963,1.0,20.473499298095703,0.4690999984741211,265.3846149,43.5647656,6.78961,26.033000946044922,4.397340035211528e-06,0.026138100773096085,0.08975490182638168,8.82383028510958e-06,t17_f5_c3,ZTF20aaiggef
2459721.8635417,2,1967363544815,20.679100036621094,/ztf/archive/sci/2022/0522/363518/ztf_20220522363518_000724_zr_c13_o_q1_scimrefdiffimg.fits.fz,Kulkarni,2,1.967363544815015e+18,t,17.0,1967,48,724,2333.52001953125,2328.5400390625,265.3843982,43.5647511,20.28030014038086,0.20943400263786316,2.7461299896240234,19.990999221801758,0.22200000286102295,0.5295190215110779,18.836000442504883,0.024000000208616257,1.2430000305175781,0.09099999815225601,-0.02572700008749962,-0.2893419861793518,1.2143700122833252,0.6930000185966492,738.97998046875,0.6880729794502258,2.0,0.9599999785423279,0.8820000290870667,0.7905359864234924,0.7263050079345703,1.08843994140625,2.0,0.0,0.7900000214576721,1.0,20.155099868774414,0.32670000195503235,265.3845988,43.5647835,6.30147,26.05229949951172,1.0214999747404363e-05,0.041987501084804535,0.07281140238046646,2.1022600776632316e-05,t17_f5_c3,ZTF20aaiggef
2459722.8593287,1,1968359324815,20.689800262451172,/ztf/archive/sci/2022/0523/359282/ztf_20220523359282_000724_zg_c13_o_q1_scimrefdiffimg.fits.fz,Kulkarni,2,1.968359324815015e+18,t,24.0,1968,48,724,2321.5,2310.760009765625,265.3843526,43.564714,20.355100631713867,0.34925299882888794,2.094980001449585,20.108699798583984,0.22910000383853912,0.6747589707374573,19.094999313354492,0.019999999552965164,0.8169999718666077,0.0010000000474974513,-0.019432999193668365,-0.24640299379825592,1.2924699783325195,0.40400001406669617,750.9949951171875,0.5810710191726685,2.0,1.0829999446868896,0.9150000214576721,0.8379330039024353,0.7079489827156067,1.183609962463379,3.0,0.0,0.798570990562439,0.996957004070282,19.869600296020508,0.23350000381469727,265.3845965,43.5647832,5.64148,26.11210060119629,2.19016001210548e-05,0.06092489883303642,-0.08666049689054489,4.6456101699732244e-05,t17_f5_c3,ZTF20aaiggef
2459722.8945023,1,1968394506115,20.572200775146484,/ztf/archive/sci/2022/0523/394502/ztf_20220523394502_000725_zg_c16_o_q2_scimrefdiffimg.fits.fz,Kulkarni,2,,,,1968,61,725,,,,,,,,,,,,,,,,,,,,,,,,,,,,,,,,,,,,26.186199188232422,2.4335900889127515e-05,0.06172820180654526,-0.009638600051403046,4.967130007571541e-05,t17_f5_c3,ZTF20aaiggef
2459724.8816551,3,1970381654815,19.471099853515625,/ztf/archive/sci/2022/0525/381493/ztf_20220525381493_000724_zi_c13_o_q1_scimrefdiffimg.fits.fz,Kulkarni,2,,,,1970,48,724,,,,,,,,,,,,,,,,,,,,,,,,,,,,,,,,,,,,25.315399169921875,6.23717005510116e-06,0.04549720138311386,0.19081300497055054,4.828839882975444e-05,t17_f5_c3,ZTF20aaiggef
2459724.8874537,3,1970387456115,19.71929931640625,/ztf/archive/sci/2022/0525/387454/ztf_20220525387454_000725_zi_c16_o_q2_scimrefdiffimg.fits.fz,Kulkarni,2,,,,1970,61,725,,,,,,,,,,,,,,,,,,,,,,,,,,,,,,,,,,,,25.325899124145508,1.9908400190615794e-06,0.025463299825787544,0.1858689934015274,1.3598199984699022e-05,t17_f5_c3,ZTF20aaiggef
2459727.8120718,3,1973312074815,18.011499404907227,/ztf/archive/sci/2022/0528/312060/ztf_20220528312060_000724_zi_c13_o_q1_scimrefdiffimg.fits.fz,Kulkarni,2,,,,1973,48,724,,,,,,,,,,,,,,,,,,,,,,,,,,,,,,,,,,,,23.836000442504883,2.071390008495655e-05,0.07065369933843613,0.17778900265693665,0.00013655200018547475,t17_f5_c3,ZTF20aaiggef
2459727.8125347,3,1973312536115,17.98539924621582,/ztf/archive/sci/2022/0528/312535/ztf_20220528312535_000725_zi_c16_o_q2_scimrefdiffimg.fits.fz,Kulkarni,2,,,,1973,61,725,,,,,,,,,,,,,,,,,,,,,,,,,,,,,,,,,,,,23.727100372314453,2.1534999177674763e-05,0.07340089976787567,0.17028400301933289,0.00012414100638125092,t17_f5_c3,ZTF20aaiggef
2459730.853125,3,1976353124815,19.945999145507812,/ztf/archive/sci/2022/0531/353125/ztf_20220531353125_000724_zi_c13_o_q1_scimrefdiffimg.fits.fz,Kulkarni,2,,,,1976,48,724,,,,,,,,,,,,,,,,,,,,,,,,,,,,,,,,,,,,25.369600296020508,8.148220331349876e-06,0.052651699632406235,0.19213299453258514,6.222070078365505e-05,t17_f5_c3,ZTF20aaiggef
2459730.9569329,3,1976456936115,20.076099395751953,/ztf/archive/sci/2022/0531/456921/ztf_20220531456921_000725_zi_c16_o_q2_scimrefdiffimg.fits.fz,Kulkarni,2,1.976456936115015e+18,t,13.0,1976,61,725,1632.9000244140625,2353.02001953125,265.3846647,43.5647274,20.167800903320312,0.28407999873161316,0.9522200226783752,20.468299865722656,0.6353999972343445,0.20958200097084045,18.802000045776367,0.04100000113248825,1.6319999694824219,0.1379999965429306,-0.03238999843597412,0.3005180060863495,1.125290036201477,0.8880000114440918,727.4749755859375,-0.3921630084514618,2.0,0.4399999976158142,0.3529999852180481,0.39101099967956543,0.3136979937553406,1.2464599609375,8.0,0.0,0.7671430110931396,0.7955510020256042,20.317699432373047,0.7062000036239624,265.3846252,43.564781,5.59898,25.361799240112305,1.4410200037673349e-06,0.021809499710798264,0.18844999372959137,9.767019946593791e-06,t17_f5_c3,ZTF20aaiggef
2459731.8332755,1,1977333274815,20.284000396728516,/ztf/archive/sci/2022/0601/333252/ztf_20220601333252_000724_zg_c13_o_q1_scimrefdiffimg.fits.fz,Kulkarni,2,,,,1977,48,724,,,,,,,,,,,,,,,,,,,,,,,,,,,,,,,,,,,,26.125900268554688,2.0893599867122248e-05,0.05771519988775253,-0.06217150017619133,4.691709909820929e-05,t17_f5_c3,ZTF20aaiggef
2459731.8673148,2,1977367314815,20.491600036621094,/ztf/archive/sci/2022/0601/367269/ztf_20220601367269_000724_zr_c13_o_q1_scimrefdiffimg.fits.fz,Kulkarni,2,,,,1977,48,724,,,,,,,,,,,,,,,,,,,,,,,,,,,,,,,,,,,,26.087499618530273,1.2741200407617725e-05,0.04698050022125244,0.07672429829835892,2.6195899408776313e-05,t17_f5_c3,ZTF20aaiggef
2459731.8942824,1,1977394284815,20.46419906616211,/ztf/archive/sci/2022/0601/394271/ztf_20220601394271_000724_zg_c13_o_q1_scimrefdiffimg.fits.fz,Kulkarni,2,,,,1977,48,724,,,,,,,,,,,,,,,,,,,,,,,,,,,,,,,,,,,,26.147300720214844,2.0735100406454876e-05,0.059137601405382156,-0.09186969697475433,4.418739990796894e-05,t17_f5_c3,ZTF20aaiggef
2459732.7847801,1,1978284784815,20.590299606323242,/ztf/archive/sci/2022/0602/284780/ztf_20220602284780_000724_zg_c13_o_q1_scimrefdiffimg.fits.fz,Kulkarni,2,1.978284784815015e+18,t,15.0,1978,48,724,2323.389892578125,2308.85009765625,265.3843755,43.5646995,20.493499755859375,0.31294798851013184,1.1898499727249146,20.285499572753906,0.2985000014305115,0.6422190070152283,19.094999313354492,0.019999999552965164,0.8169999718666077,0.0010000000474974513,0.07599999755620956,-0.20804299414157867,1.2665499448776245,0.43299999833106995,749.1090087890625,0.304749995470047,2.0,1.0260000228881836,0.8659999966621399,0.8100730180740356,0.6837459802627563,1.1847599744796753,4.0,0.0,0.8957139849662781,0.9934139847755432,20.392000198364258,0.4189999997615814,265.3845965,43.5647832,5.63506,26.111499786376953,2.0002800738438964e-05,0.05857200175523758,-0.06978979706764221,4.1684299503685907e-05,t17_f5_c3,ZTF20aaiggef
2459732.8864005,2,1978386404815,20.521699905395508,/ztf/archive/sci/2022/0602/386400/ztf_20220602386400_000724_zr_c13_o_q1_scimrefdiffimg.fits.fz,Kulkarni,2,,,,1978,48,724,,,,,,,,,,,,,,,,,,,,,,,,,,,,,,,,,,,,26.061100006103516,1.0803800250869244e-05,0.04339019954204559,0.07084249705076218,2.202219911850989e-05,t17_f5_c3,ZTF20aaiggef
2459732.9243634,1,1978424364815,20.713600158691406,/ztf/archive/sci/2022/0602/424363/ztf_20220602424363_000724_zg_c13_o_q1_scimrefdiffimg.fits.fz,Kulkarni,2,1.978424364815015e+18,t,32.0,1978,48,724,2319.52001953125,2326.739990234375,265.3841914,43.5646359,20.404499053955078,0.2679379880428314,1.8492300510406494,20.33209991455078,0.2797999978065491,1.1663000583648682,19.094999313354492,0.019999999552965164,0.8169999718666077,0.0010000000474974513,0.15032699704170227,-0.07238300144672394,1.2665499448776245,0.5350000262260437,752.97900390625,0.3815059959888458,2.0,0.9879999756813049,0.9739999771118164,0.7800700068473816,0.7690169811248779,1.0143699645996094,1.0,0.0,0.695713996887207,1.0,20.3572998046875,0.3637000024318695,265.3845965,43.5647832,6.49217,26.137500762939453,1.9969800632679835e-05,0.05865529924631119,-0.0919262021780014,4.128860018681735e-05,t17_f5_c3,ZTF20aaiggef
2459733.787662,3,1979287664815,19.503999710083008,/ztf/archive/sci/2022/0603/287662/ztf_20220603287662_000724_zi_c13_o_q1_scimrefdiffimg.fits.fz,Kulkarni,2,,,,1979,48,724,,,,,,,,,,,,,,,,,,,,,,,,,,,,,,,,,,,,25.337799072265625,4.9027999011741485e-06,0.04042290151119232,0.2004459947347641,3.772909985855222e-05,t17_f5_c3,ZTF20aaiggef
2459733.8274769,1,1979327474815,20.71190071105957,/ztf/archive/sci/2022/0603/327442/ztf_20220603327442_000724_zg_c13_o_q1_scimrefdiffimg.fits.fz,Kulkarni,2,1.979327474815015e+18,t,26.0,1979,48,724,2342.889892578125,2318.25,265.3841851,43.5646965,20.390499114990234,0.3144110143184662,1.4419699907302856,20.062000274658203,0.22050000727176666,1.102679967880249,19.094999313354492,0.019999999552965164,0.8169999718666077,0.0010000000474974513,0.10406400263309479,-0.3285199999809265,1.2565399408340454,0.5559999942779541,729.6090087890625,0.6498820185661316,2.0,1.055999994277954,0.9520000219345093,0.8404030203819275,0.7576360106468201,1.1092400550842285,2.0,0.0,0.7128570079803467,1.0,20.152700424194336,0.30390000343322754,265.3845965,43.5647832,5.83363,26.146499633789062,2.098259938065894e-05,0.05983150005340576,-0.10689900070428848,4.3626700062304735e-05,t17_f5_c3,ZTF20aaiggef
2459733.8449884,2,1979344984815,20.594600677490234,/ztf/archive/sci/2022/0603/344977/ztf_20220603344977_000724_zr_c13_o_q1_scimrefdiffimg.fits.fz,Kulkarni,2,1.979344984815015e+18,t,19.0,1979,48,724,2339.139892578125,2321.5400390625,265.3843647,43.564801,20.357900619506836,0.2721160054206848,1.189769983291626,20.31839942932129,0.3151000142097473,0.605334997177124,18.836000442504883,0.024000000208616257,1.2430000305175781,0.09099999815225601,0.2900890111923218,-0.03950300067663193,1.2401000261306763,0.578000009059906,733.364990234375,0.2762100100517273,2.0,0.9570000171661377,0.6869999766349792,0.7717139720916748,0.5539889931678772,1.3930100202560425,5.0,0.0,0.8957139849662781,0.9726150035858154,20.746999740600586,0.5929999947547913,265.3845988,43.5647835,6.22592,26.068899154663086,1.063190029526595e-05,0.0428600013256073,0.06996429711580276,2.189410042774398e-05,t17_f5_c3,ZTF20aaiggef
2459734.7580556,2,1980258054815,19.434200286865234,/ztf/archive/sci/2022/0604/258044/ztf_20220604258044_000724_zr_c13_o_q1_scimrefdiffimg.fits.fz,Kulkarni,2,,,,1980,48,724,,,,,,,,,,,,,,,,,,,,,,,,,,,,,,,,,,,,25.41360092163086,1.283229994442081e-05,0.04685800150036812,0.075490303337574,2.6519099264987744e-05,t17_f5_c3,ZTF20aaiggef
2459734.8103819,1,1980310384815,20.766399383544922,/ztf/archive/sci/2022/0604/310370/ztf_20220604310370_000724_zg_c13_o_q1_scimrefdiffimg.fits.fz,Kulkarni,2,,,,1980,48,724,,,,,,,,,,,,,,,,,,,,,,,,,,,,,,,,,,,,26.119600296020508,2.134200076397974e-05,0.06049320101737976,-0.10191400349140167,4.451580025488511e-05,t17_f5_c3,ZTF20aaiggef
2459734.9081597,1,1980408154815,20.174699783325195,/ztf/archive/sci/2022/0604/408160/ztf_20220604408160_000724_zg_c13_o_q1_scimrefdiffimg.fits.fz,Kulkarni,2,,,,1980,48,724,,,,,,,,,,,,,,,,,,,,,,,,,,,,,,,,,,,,25.612600326538086,2.2785699911764823e-05,0.06120799854397774,-0.08851169794797897,4.927230111206882e-05,t17_f5_c3,ZTF20aaiggef
2459734.9492824,2,1980449284815,20.5846004486084,/ztf/archive/sci/2022/0604/449282/ztf_20220604449282_000724_zr_c13_o_q1_scimrefdiffimg.fits.fz,Kulkarni,2,,,,1980,48,724,,,,,,,,,,,,,,,,,,,,,,,,,,,,,,,,,,,,25.981700897216797,1.2793700079782866e-05,0.046939801424741745,0.0679754987359047,2.640610000526067e-05,t17_f5_c3,ZTF20aaiggef
2459735.7838194,1,1981283814815,20.586599349975586,/ztf/archive/sci/2022/0605/283808/ztf_20220605283808_000724_zg_c13_o_q1_scimrefdiffimg.fits.fz,Kulkarni,2,,,,1981,48,724,,,,,,,,,,,,,,,,,,,,,,,,,,,,,,,,,,,,26.116600036621094,2.237169974250719e-05,0.06163889914751053,-0.08815380185842514,4.696420000982471e-05,t17_f5_c3,ZTF20aaiggef
2459735.9237153,1,1981423714815,20.633699417114258,/ztf/archive/sci/2022/0605/423715/ztf_20220605423715_000724_zg_c13_o_q1_scimrefdiffimg.fits.fz,Kulkarni,2,,,,1981,48,724,,,,,,,,,,,,,,,,,,,,,,,,,,,,,,,,,,,,26.00790023803711,2.8310400011832826e-05,0.06905650347471237,-0.10533100366592407,6.0291600675554946e-05,t17_f5_c3,ZTF20aaiggef
2459736.7837037,1,1982283704815,20.501699447631836,/ztf/archive/sci/2022/0606/283692/ztf_20220606283692_000724_zg_c13_o_q1_scimrefdiffimg.fits.fz,Kulkarni,2,1.982283704815015e+18,t,14.0,1982,48,724,2321.989990234375,2309.030029296875,265.3841891,43.5649076,20.309999465942383,0.26954299211502075,1.169319987297058,20.45359992980957,0.3625999987125397,1.140570044517517,19.094999313354492,0.019999999552965164,0.8169999718666077,0.0010000000474974513,-0.2271140068769455,0.14364099502563477,3.2100000381469727,0.5320000052452087,750.5089721679688,0.04811299964785576,0.8181120157241821,1.0729999542236328,0.7639999985694885,0.3342680037021637,0.23800599575042725,1.4044500589370728,5.0,0.0,0.6842859983444214,0.9950230121612549,20.089799880981445,0.33090001344680786,265.3845965,43.5647832,6.10863,26.141000747680664,1.9137900380883366e-05,0.0566709004342556,-0.07012739777565002,4.075390097568743e-05,t17_f5_c3,ZTF20aaiggef
2459736.8308912,3,1982330894815,19.839599609375,/ztf/archive/sci/2022/0606/330868/ztf_20220606330868_000724_zi_c13_o_q1_scimrefdiffimg.fits.fz,Kulkarni,2,,,,1982,48,724,,,,,,,,,,,,,,,,,,,,,,,,,,,,,,,,,,,,25.321800231933594,4.802289822691819e-06,0.040174201130867004,0.20135900378227234,3.686370109790005e-05,t17_f5_c3,ZTF20aaiggef
2459736.8313657,3,1982331366115,19.886499404907227,/ztf/archive/sci/2022/0606/331354/ztf_20220606331354_000725_zi_c16_o_q2_scimrefdiffimg.fits.fz,Kulkarni,2,,,,1982,61,725,,,,,,,,,,,,,,,,,,,,,,,,,,,,,,,,,,,,25.350299835205078,1.8250699440613971e-06,0.024430999532341957,0.19340600073337555,1.2396099918987602e-05,t17_f5_c3,ZTF20aaiggef
2459736.8444444,2,1982344444815,20.653499603271484,/ztf/archive/sci/2022/0606/344421/ztf_20220606344421_000724_zr_c13_o_q1_scimrefdiffimg.fits.fz,Kulkarni,2,1.982344444815015e+18,t,17.0,1982,48,724,2311.530029296875,2324.860107421875,265.3842579,43.5647139,20.49020004272461,0.26263898611068726,1.3661099672317505,20.268699645996094,0.2872999906539917,0.9301819801330566,18.836000442504883,0.024000000208616257,1.2430000305175781,0.09099999815225601,0.09309899806976318,-0.22153599560260773,1.2375500202178955,0.5260000228881836,755.6400146484375,0.38482099771499634,2.0,0.925000011920929,0.8149999976158142,0.7474449872970581,0.6585599780082703,1.13496994972229,3.0,0.0,0.8442860245704651,1.0,20.241199493408203,0.35519999265670776,265.3845988,43.5647835,5.8272,26.070199966430664,1.1447699762356933e-05,0.04444799944758415,0.06603769958019257,2.3635899196960963e-05,t17_f5_c3,ZTF20aaiggef
2459736.929294,2,1982429294815,20.573699951171875,/ztf/archive/sci/2022/0606/429294/ztf_20220606429294_000724_zr_c13_o_q1_scimrefdiffimg.fits.fz,Kulkarni,2,,,,1982,48,724,,,,,,,,,,,,,,,,,,,,,,,,,,,,,,,,,,,,26.06679916381836,1.2023599992971867e-05,0.04566419869661331,0.060834500938653946,2.4798300728434697e-05,t17_f5_c3,ZTF20aaiggef
2459736.9481944,1,1982448194815,20.59510040283203,/ztf/archive/sci/2022/0606/448183/ztf_20220606448183_000724_zg_c13_o_q1_scimrefdiffimg.fits.fz,Kulkarni,2,,,,1982,48,724,,,,,,,,,,,,,,,,,,,,,,,,,,,,,,,,,,,,26.127599716186523,2.428190055070445e-05,0.0637872964143753,-0.09070979803800583,5.1659299060702324e-05,t17_f5_c3,ZTF20aaiggef
2459737.7044213,1,1983204424815,20.216999053955078,/ztf/archive/sci/2022/0607/204410/ztf_20220607204410_000724_zg_c13_o_q1_scimrefdiffimg.fits.fz,Kulkarni,2,,,,1983,48,724,,,,,,,,,,,,,,,,,,,,,,,,,,,,,,,,,,,,26.103700637817383,1.9540699213393964e-05,0.056272201240062714,-0.04691839963197708,4.288569834898226e-05,t17_f5_c3,ZTF20aaiggef
2459737.7212963,2,1983221294815,20.282699584960938,/ztf/archive/sci/2022/0607/221250/ztf_20220607221250_000724_zr_c13_o_q1_scimrefdiffimg.fits.fz,Kulkarni,2,,,,1983,48,724,,,,,,,,,,,,,,,,,,,,,,,,,,,,,,,,,,,,26.057300567626953,8.895999599189963e-06,0.038857601583004,0.07582540065050125,1.8344000636716373e-05,t17_f5_c3,ZTF20aaiggef
2459737.7905787,2,1983290574815,20.39699935913086,/ztf/archive/sci/2022/0607/290567/ztf_20220607290567_000724_zr_c13_o_q1_scimrefdiffimg.fits.fz,Kulkarni,2,,,,1983,48,724,,,,,,,,,,,,,,,,,,,,,,,,,,,,,,,,,,,,26.086700439453125,7.942129741422832e-06,0.036778099834918976,0.06813810020685196,1.63571003213292e-05,t17_f5_c3,ZTF20aaiggef
2459737.9040625,1,1983404064815,20.741100311279297,/ztf/archive/sci/2022/0607/404062/ztf_20220607404062_000724_zg_c13_o_q1_scimrefdiffimg.fits.fz,Kulkarni,2,1.983404064815015e+18,t,21.0,1983,48,724,2314.77001953125,2307.81005859375,265.3845376,43.564682,20.623300552368164,0.40128999948501587,2.0727601051330566,20.050100326538086,0.21379999816417694,0.3902609944343567,19.094999313354492,0.019999999552965164,0.8169999718666077,0.0010000000474974513,-0.25488901138305664,-0.5732340216636658,1.2515000104904175,0.4620000123977661,757.7349853515625,0.6910110116004944,2.0,1.1039999723434448,0.6629999876022339,0.8821390271186829,0.5297629833221436,1.6651599407196045,5.0,0.0,0.548570990562439,1.0,20.339500427246094,0.353300005197525,265.3845965,43.5647832,5.91391,26.161300659179688,2.1781399482279085e-05,0.0610429011285305,-0.10349699854850769,4.535539846983738e-05,t17_f5_c3,ZTF20aaiggef
2459738.7879861,2,1984287984815,20.411100387573242,/ztf/archive/sci/2022/0608/287963/ztf_20220608287963_000724_zr_c13_o_q1_scimrefdiffimg.fits.fz,Kulkarni,2,,,,1984,48,724,,,,,,,,,,,,,,,,,,,,,,,,,,,,,,,,,,,,26.041900634765625,9.488499927101657e-06,0.0402710996568203,0.07433400303125381,1.9614699340309016e-05,t17_f5_c3,ZTF20aaiggef
2459738.8914005,1,1984391404815,20.78030014038086,/ztf/archive/sci/2022/0608/391389/ztf_20220608391389_000724_zg_c13_o_q1_scimrefdiffimg.fits.fz,Kulkarni,2,1.984391404815015e+18,t,28.0,1984,48,724,2320.81005859375,2318.31005859375,265.3843024,43.5646785,20.58099937438965,0.3463220000267029,1.4479800462722778,20.35449981689453,0.2727999985218048,0.8441920280456543,19.094999313354492,0.019999999552965164,0.8169999718666077,0.0010000000474974513,0.3040120005607605,-0.22651299834251404,1.2552800178527832,0.414000004529953,751.6929931640625,0.42576199769973755,2.0,1.0679999589920044,0.9760000109672546,0.8508039712905884,0.7775139808654785,1.0942599773406982,1.0,0.0,0.7385709881782532,1.0,20.504899978637695,0.396699994802475,265.3845965,43.5647832,5.03725,26.097999572753906,2.14198007597588e-05,0.060857098549604416,-0.1026419997215271,4.423260179464705e-05,t17_f5_c3,ZTF20aaiggef
2459738.9002894,1,1984400284815,20.75149917602539,/ztf/archive/sci/2022/0608/400289/ztf_20220608400289_000724_zg_c13_o_q1_scimrefdiffimg.fits.fz,Kulkarni,2,,,,1984,48,724,,,,,,,,,,,,,,,,,,,,,,,,,,,,,,,,,,,,26.094200134277344,2.094939918606542e-05,0.059842299669981,-0.10610900074243546,4.3483298213686794e-05,t17_f5_c3,ZTF20aaiggef
2459738.9227431,2,1984422744815,20.639400482177734,/ztf/archive/sci/2022/0608/422732/ztf_20220608422732_000724_zr_c13_o_q1_scimrefdiffimg.fits.fz,Kulkarni,2,,,,1984,48,724,,,,,,,,,,,,,,,,,,,,,,,,,,,,,,,,,,,,26.02910041809082,1.0028200449596625e-05,0.04164599999785423,0.06674350053071976,2.057550045719836e-05,t17_f5_c3,ZTF20aaiggef
2459739.7669444,2,1985266944815,20.329200744628906,/ztf/archive/sci/2022/0609/266944/ztf_20220609266944_000724_zr_c13_o_q1_scimrefdiffimg.fits.fz,Kulkarni,2,,,,1985,48,724,,,,,,,,,,,,,,,,,,,,,,,,,,,,,,,,,,,,26.053300857543945,7.334870133490767e-06,0.0354325994849205,0.07762639969587326,1.5115600035642274e-05,t17_f5_c3,ZTF20aaiggef
2459739.819375,3,1985319376115,19.55820083618164,/ztf/archive/sci/2022/0609/319375/ztf_20220609319375_000725_zi_c16_o_q2_scimrefdiffimg.fits.fz,Kulkarni,2,,,,1985,61,725,,,,,,,,,,,,,,,,,,,,,,,,,,,,,,,,,,,,25.36240005493164,2.2269600776780862e-06,0.026933299377560616,0.1821260005235672,1.5025199900264852e-05,t17_f5_c3,ZTF20aaiggef
2459739.8222106,3,1985322214815,19.577999114990234,/ztf/archive/sci/2022/0609/322199/ztf_20220609322199_000724_zi_c13_o_q1_scimrefdiffimg.fits.fz,Kulkarni,2,,,,1985,48,724,,,,,,,,,,,,,,,,,,,,,,,,,,,,,,,,,,,,25.337299346923828,4.430330136528937e-06,0.038300998508930206,0.1933239996433258,3.428170020924881e-05,t17_f5_c3,ZTF20aaiggef
2459739.868287,1,1985368284815,20.49720001220703,/ztf/archive/sci/2022/0609/368241/ztf_20220609368241_000724_zg_c13_o_q1_scimrefdiffimg.fits.fz,Kulkarni,2,1.985368284815015e+18,t,25.0,1985,48,724,2331.39990234375,2312.10009765625,265.3845747,43.564642,20.479299545288086,0.34553399682044983,1.1801799535751343,20.345199584960938,0.3441999852657318,0.5050719976425171,19.094999313354492,0.019999999552965164,0.8169999718666077,0.0010000000474974513,0.533545970916748,-0.1341490000486374,1.2552800178527832,0.47099998593330383,741.10400390625,0.1520089954137802,2.0,1.0360000133514404,0.7400000095367432,0.8253120183944702,0.5895090103149414,1.399999976158142,8.0,0.0,0.8214290142059326,0.8729410171508789,20.37299919128418,0.450300008058548,265.3845965,43.5647832,5.5866,26.134300231933594,1.6622399925836362e-05,0.05333400145173073,-0.07958050072193146,3.466600173851475e-05,t17_f5_c3,ZTF20aaiggef
2459739.9275694,2,1985427564815,20.608699798583984,/ztf/archive/sci/2022/0609/427558/ztf_20220609427558_000724_zr_c13_o_q1_scimrefdiffimg.fits.fz,Kulkarni,2,,,,1985,48,724,,,,,,,,,,,,,,,,,,,,,,,,,,,,,,,,,,,,26.052499771118164,9.2570098786382e-06,0.04000629857182503,0.06700330227613449,1.9019800674868748e-05,t17_f5_c3,ZTF20aaiggef
2459740.8912153,1,1986391214815,20.20560073852539,/ztf/archive/sci/2022/0610/391215/ztf_20220610391215_000724_zg_c13_o_q1_scimrefdiffimg.fits.fz,Kulkarni,2,,,,1986,48,724,,,,,,,,,,,,,,,,,,,,,,,,,,,,,,,,,,,,26.138500213623047,1.8735299818217754e-05,0.05561370030045509,-0.07424060255289078,4.037200051243417e-05,t17_f5_c3,ZTF20aaiggef
2459740.9121412,1,1986412144815,20.633699417114258,/ztf/archive/sci/2022/0610/412130/ztf_20220610412130_000724_zg_c13_o_q1_scimrefdiffimg.fits.fz,Kulkarni,2,1.986412144815015e+18,t,25.0,1986,48,724,2328.219970703125,2297.719970703125,265.3844543,43.5646498,20.41950035095215,0.27368900179862976,1.6012300252914429,19.97279930114746,0.2151000052690506,0.58856600522995,19.094999313354492,0.019999999552965164,0.8169999718666077,0.0010000000474974513,-0.4378170073032379,-0.446725994348526,1.271530032157898,0.4860000014305115,744.2780151367188,0.6608920097351074,2.0,1.062999963760376,0.9660000205039978,0.8360009789466858,0.7597150206565857,1.100409984588623,3.0,0.0,0.7385709881782532,1.0,19.90850067138672,0.25760000944137573,265.3845965,43.5647832,5.93529,26.12150001525879,1.8617200112203136e-05,0.05639849975705147,-0.09464170038700104,3.834410017589107e-05,t17_f5_c3,ZTF20aaiggef
2459741.7343866,1,1987234384815,19.619300842285156,/ztf/archive/sci/2022/0611/234201/ztf_20220611234201_000724_zg_c13_o_q1_scimrefdiffimg.fits.fz,Kulkarni,2,,,,1987,48,724,,,,,,,,,,,,,,,,,,,,,,,,,,,,,,,,,,,,26.05590057373047,2.4495000616298057e-05,0.05668770149350166,-0.012312700040638447,6.189849955262616e-05,t17_f5_c3,ZTF20aaiggef
2459741.7769329,2,1987276934815,19.98069953918457,/ztf/archive/sci/2022/0611/276933/ztf_20220611276933_000724_zr_c13_o_q1_scimrefdiffimg.fits.fz,Kulkarni,2,,,,1987,48,724,,,,,,,,,,,,,,,,,,,,,,,,,,,,,,,,,,,,26.03569984436035,8.240849638241343e-06,0.037595298141241074,0.08091919869184494,1.700890061329119e-05,t17_f5_c3,ZTF20aaiggef
2459741.8957755,2,1987395774815,20.010400772094727,/ztf/archive/sci/2022/0611/395775/ztf_20220611395775_000724_zr_c13_o_q1_scimrefdiffimg.fits.fz,Kulkarni,2,,,,1987,48,724,,,,,,,,,,,,,,,,,,,,,,,,,,,,,,,,,,,,26.03380012512207,6.23873984295642e-06,0.032618198543787,0.07998000085353851,1.287949999095872e-05,t17_f5_c3,ZTF20aaiggef
2459741.9433102,1,1987443314815,20.60099983215332,/ztf/archive/sci/2022/0611/443275/ztf_20220611443275_000724_zg_c13_o_q1_scimrefdiffimg.fits.fz,Kulkarni,2,,,,1987,48,724,,,,,,,,,,,,,,,,,,,,,,,,,,,,,,,,,,,,26.03730010986328,1.9025999790756032e-05,0.05663270130753517,-0.08454109728336334,3.958910019719042e-05,t17_f5_c3,ZTF20aaiggef
2459742.7226736,3,1988222674815,19.12660026550293,/ztf/archive/sci/2022/0612/222674/ztf_20220612222674_000724_zi_c13_o_q1_scimrefdiffimg.fits.fz,Kulkarni,2,,,,1988,48,724,,,,,,,,,,,,,,,,,,,,,,,,,,,,,,,,,,,,25.34119987487793,4.810819973499747e-06,0.039809200912714005,0.20096999406814575,3.708499934873544e-05,t17_f5_c3,ZTF20aaiggef
2459742.7231481,3,1988223146115,19.290800094604492,/ztf/archive/sci/2022/0612/223137/ztf_20220612223137_000725_zi_c16_o_q2_scimrefdiffimg.fits.fz,Kulkarni,2,,,,1988,61,725,,,,,,,,,,,,,,,,,,,,,,,,,,,,,,,,,,,,25.340599060058594,2.6681800591177307e-06,0.02954689972102642,0.1886879950761795,1.831820009101648e-05,t17_f5_c3,ZTF20aaiggef
2459742.7690856,2,1988269084815,19.545499801635742,/ztf/archive/sci/2022/0612/269086/ztf_20220612269086_000724_zr_c13_o_q1_scimrefdiffimg.fits.fz,Kulkarni,2,,,,1988,48,724,,,,,,,,,,,,,,,,,,,,,,,,,,,,,,,,,,,,26.060699462890625,9.5618797786301e-06,0.04042520001530647,0.0898365005850792,1.984489972528536e-05,t17_f5_c3,ZTF20aaiggef
2459742.8318519,1,1988331854815,19.625900268554688,/ztf/archive/sci/2022/0612/331644/ztf_20220612331644_000724_zg_c13_o_q1_scimrefdiffimg.fits.fz,Kulkarni,2,,,,1988,48,724,,,,,,,,,,,,,,,,,,,,,,,,,,,,,,,,,,,,26.11210060119629,2.3234799300553277e-05,0.055770598351955414,-0.011458800174295902,5.962069917586632e-05,t17_f5_c3,ZTF20aaiggef
2459742.9168981,2,1988416894815,19.812299728393555,/ztf/archive/sci/2022/0612/416817/ztf_20220612416817_000724_zr_c13_o_q1_scimrefdiffimg.fits.fz,Kulkarni,2,,,,1988,48,724,,,,,,,,,,,,,,,,,,,,,,,,,,,,,,,,,,,,26.073999404907227,9.6136400316027e-06,0.040481798350811005,0.08135999739170074,1.984879963856656e-05,t17_f5_c3,ZTF20aaiggef
2459743.7148495,2,1989214844815,19.594900131225586,/ztf/archive/sci/2022/0613/214838/ztf_20220613214838_000724_zr_c13_o_q1_scimrefdiffimg.fits.fz,Kulkarni,2,,,,1989,48,724,,,,,,,,,,,,,,,,,,,,,,,,,,,,,,,,,,,,26.0802001953125,9.573679562890902e-06,0.04017530009150505,0.09117110073566437,1.9837299987557344e-05,t17_f5_c3,ZTF20aaiggef
2459743.7688773,1,1989268874815,19.47369956970215,/ztf/archive/sci/2022/0613/268808/ztf_20220613268808_000724_zg_c13_o_q1_scimrefdiffimg.fits.fz,Kulkarni,2,,,,1989,48,724,,,,,,,,,,,,,,,,,,,,,,,,,,,,,,,,,,,,26.172700881958008,2.6716699721873738e-05,0.057830099016427994,-0.01652670092880726,6.972040137043223e-05,t17_f5_c3,ZTF20aaiggef
2459743.9081366,1,1989408134815,19.361000061035156,/ztf/archive/sci/2022/0613/408113/ztf_20220613408113_000724_zg_c13_o_q1_scimrefdiffimg.fits.fz,Kulkarni,2,,,,1989,48,724,,,,,,,,,,,,,,,,,,,,,,,,,,,,,,,,,,,,26.1830997467041,2.2583599275094457e-05,0.05079429969191551,-0.024063199758529663,6.131170084699988e-05,t17_f5_c3,ZTF20aaiggef
2459743.9413542,2,1989441354815,19.584299087524414,/ztf/archive/sci/2022/0613/441319/ztf_20220613441319_000724_zr_c13_o_q1_scimrefdiffimg.fits.fz,Kulkarni,2,,,,1989,48,724,,,,,,,,,,,,,,,,,,,,,,,,,,,,,,,,,,,,26.083099365234375,9.804340152186342e-06,0.040983300656080246,0.08616390079259872,2.0219800717313774e-05,t17_f5_c3,ZTF20aaiggef
2459744.9162731,2,1990416274815,19.477699279785156,/ztf/archive/sci/2022/0614/416238/ztf_20220614416238_000724_zr_c13_o_q1_scimrefdiffimg.fits.fz,Kulkarni,2,,,,1990,48,724,,,,,,,,,,,,,,,,,,,,,,,,,,,,,,,,,,,,26.0935001373291,1.0349999683967326e-05,0.04214160144329071,0.08293599635362625,2.1438900148496032e-05,t17_f5_c3,ZTF20aaiggef
2459744.9564931,1,1990456494815,19.199100494384766,/ztf/archive/sci/2022/0614/456493/ztf_20220614456493_000724_zg_c13_o_q1_scimrefdiffimg.fits.fz,Kulkarni,2,,,,1990,48,724,,,,,,,,,,,,,,,,,,,,,,,,,,,,,,,,,,,,26.14229965209961,2.484640026523266e-05,0.051382701843976974,-0.027619099244475365,6.973619747441262e-05,t17_f5_c3,ZTF20aaiggef
2459747.7456944,2,1993245694815,20.48200035095215,/ztf/archive/sci/2022/0617/245660/ztf_20220617245660_000724_zr_c13_o_q1_scimrefdiffimg.fits.fz,Kulkarni,2,,,,1993,48,724,,,,,,,,,,,,,,,,,,,,,,,,,,,,,,,,,,,,26.084699630737305,4.346470177551964e-06,0.027209699153900146,0.0785456970334053,8.959759725257754e-06,t17_f5_c3,ZTF20aaiggef
2459747.8595718,2,1993359574815,20.189199447631836,/ztf/archive/sci/2022/0617/359572/ztf_20220617359572_000724_zr_c13_o_q1_scimrefdiffimg.fits.fz,Kulkarni,2,,,,1993,48,724,,,,,,,,,,,,,,,,,,,,,,,,,,,,,,,,,,,,26.1033992767334,2.7418900572229177e-06,0.02164370007812977,0.07969590276479721,5.629679890262196e-06,t17_f5_c3,ZTF20aaiggef
2459747.8947106,3,1993394716115,19.578100204467773,/ztf/archive/sci/2022/0617/394699/ztf_20220617394699_000725_zi_c16_o_q2_scimrefdiffimg.fits.fz,Kulkarni,2,,,,1993,61,725,,,,,,,,,,,,,,,,,,,,,,,,,,,,,,,,,,,,25.38789939880371,1.6454599744974985e-06,0.02323490008711815,0.1865060031414032,1.1325900231895503e-05,t17_f5_c3,ZTF20aaiggef
2459747.8951852,3,1993395184815,19.412900924682617,/ztf/archive/sci/2022/0617/395174/ztf_20220617395174_000724_zi_c13_o_q1_scimrefdiffimg.fits.fz,Kulkarni,2,,,,1993,48,724,,,,,,,,,,,,,,,,,,,,,,,,,,,,,,,,,,,,25.389999389648438,2.196489958805614e-06,0.02710779942572117,0.1934400051832199,1.6846999642439187e-05,t17_f5_c3,ZTF20aaiggef
2459747.9410532,1,1993441054815,19.856000900268555,/ztf/archive/sci/2022/0617/441030/ztf_20220617441030_000724_zg_c13_o_q1_scimrefdiffimg.fits.fz,Kulkarni,2,,,,1993,48,724,,,,,,,,,,,,,,,,,,,,,,,,,,,,,,,,,,,,26.165000915527344,7.409610134345712e-06,0.03337699919939041,-0.0290072001516819,1.740769948810339e-05,t17_f5_c3,ZTF20aaiggef
2459748.7685532,1,1994268554815,20.584699630737305,/ztf/archive/sci/2022/0618/268542/ztf_20220618268542_000724_zg_c13_o_q1_scimrefdiffimg.fits.fz,Kulkarni,2,,,,1994,48,724,,,,,,,,,,,,,,,,,,,,,,,,,,,,,,,,,,,,26.157899856567383,1.4129899682302494e-05,0.048753298819065094,-0.0883926972746849,2.9989500035298988e-05,t17_f5_c3,ZTF20aaiggef
2459748.851875,2,1994351874815,20.273099899291992,/ztf/archive/sci/2022/0618/351840/ztf_20220618351840_000724_zr_c13_o_q1_scimrefdiffimg.fits.fz,Kulkarni,2,,,,1994,48,724,,,,,,,,,,,,,,,,,,,,,,,,,,,,,,,,,,,,26.10219955444336,3.652620080174529e-06,0.025111399590969086,0.08013980090618134,7.522320174757624e-06,t17_f5_c3,ZTF20aaiggef
2459748.883125,1,1994383124815,19.986000061035156,/ztf/archive/sci/2022/0618/383125/ztf_20220618383125_000724_zg_c13_o_q1_scimrefdiffimg.fits.fz,Kulkarni,2,,,,1994,48,724,,,,,,,,,,,,,,,,,,,,,,,,,,,,,,,,,,,,26.184499740600586,8.918230378185399e-06,0.03708690032362938,-0.03712200000882149,2.0520499674603343e-05,t17_f5_c3,ZTF20aaiggef
2459749.7902778,1,1995290274815,20.501800537109375,/ztf/archive/sci/2022/0619/290232/ztf_20220619290232_000724_zg_c13_o_q1_scimrefdiffimg.fits.fz,Kulkarni,2,,,,1995,48,724,,,,,,,,,,,,,,,,,,,,,,,,,,,,,,,,,,,,26.155899047851562,1.0929499694611877e-05,0.043090298771858215,-0.06809800118207932,2.313430013600737e-05,t17_f5_c3,ZTF20aaiggef
2459749.8257986,2,1995325794815,20.20400047302246,/ztf/archive/sci/2022/0619/325752/ztf_20220619325752_000724_zr_c13_o_q1_scimrefdiffimg.fits.fz,Kulkarni,2,,,,1995,48,724,,,,,,,,,,,,,,,,,,,,,,,,,,,,,,,,,,,,26.085899353027344,4.72408009954961e-06,0.028679799288511276,0.08095289766788483,9.740149835124612e-06,t17_f5_c3,ZTF20aaiggef
2459749.8586111,2,1995358614815,20.261699676513672,/ztf/archive/sci/2022/0619/358611/ztf_20220619358611_000724_zr_c13_o_q1_scimrefdiffimg.fits.fz,Kulkarni,2,,,,1995,48,724,,,,,,,,,,,,,,,,,,,,,,,,,,,,,,,,,,,,26.096200942993164,2.9367799925239524e-06,0.022601300850510597,0.07604479789733887,6.045940153853735e-06,t17_f5_c3,ZTF20aaiggef
2459749.8861806,1,1995386184815,20.143400192260742,/ztf/archive/sci/2022/0619/386169/ztf_20220619386169_000724_zg_c13_o_q1_scimrefdiffimg.fits.fz,Kulkarni,2,,,,1995,48,724,,,,,,,,,,,,,,,,,,,,,,,,,,,,,,,,,,,,26.168800354003906,6.6165198404632974e-06,0.03288809955120087,-0.03763879835605621,1.4741800441697706e-05,t17_f5_c3,ZTF20aaiggef
2459693.8846991,3,1939384696115,19.433399200439453,/ztf/archive/sci/2022/0424/384699/ztf_20220424384699_000725_zi_c16_o_q2_scimrefdiffimg.fits.fz,Kulkarni,2,,,,1939,61,725,,,,,,,,,,,,,,,,,,,,,,,,,,,,,,,,,,,,25.31410026550293,2.387879931120551e-06,0.028002100065350533,0.1871889978647232,1.6366500858566724e-05,t17_f5_c3,ZTF20aaiggef
2459693.8851736,3,1939385174815,19.428699493408203,/ztf/archive/sci/2022/0424/385162/ztf_20220424385162_000724_zi_c13_o_q1_scimrefdiffimg.fits.fz,Kulkarni,2,,,,1939,48,724,,,,,,,,,,,,,,,,,,,,,,,,,,,,,,,,,,,,25.28730010986328,4.375329808681272e-06,0.0383341982960701,0.20428399741649628,3.386189928278327e-05,t17_f5_c3,ZTF20aaiggef
2459696.8283796,3,1942328376115,19.254100799560547,/ztf/archive/sci/2022/0427/328380/ztf_20220427328380_000725_zi_c16_o_q2_scimrefdiffimg.fits.fz,Kulkarni,2,,,,1942,61,725,,,,,,,,,,,,,,,,,,,,,,,,,,,,,,,,,,,,25.323999404907227,3.2975999602058437e-06,0.03291440010070801,0.18597400188446045,2.2448599338531494e-05,t17_f5_c3,ZTF20aaiggef
2459696.8297917,3,1942329794815,19.2726993560791,/ztf/archive/sci/2022/0427/329780/ztf_20220427329780_000724_zi_c13_o_q1_scimrefdiffimg.fits.fz,Kulkarni,2,,,,1942,48,724,,,,,,,,,,,,,,,,,,,,,,,,,,,,,,,,,,,,25.299100875854492,5.358750058803707e-06,0.04234699904918671,0.20261099934577942,4.129020089749247e-05,t17_f5_c3,ZTF20aaiggef
2459699.9281019,3,1945428106115,19.729299545288086,/ztf/archive/sci/2022/0430/428090/ztf_20220430428090_000725_zi_c16_o_q2_scimrefdiffimg.fits.fz,Kulkarni,2,,,,1945,61,725,,,,,,,,,,,,,,,,,,,,,,,,,,,,,,,,,,,,25.312299728393555,1.7185300293931505e-06,0.02372879907488823,0.1921740025281906,1.1728900062735192e-05,t17_f5_c3,ZTF20aaiggef
2459699.9285764,3,1945428574815,19.646699905395508,/ztf/archive/sci/2022/0430/428565/ztf_20220430428565_000724_zi_c13_o_q1_scimrefdiffimg.fits.fz,Kulkarni,2,,,,1945,48,724,,,,,,,,,,,,,,,,,,,,,,,,,,,,,,,,,,,,25.289899826049805,4.229079877404729e-06,0.03773399814963341,0.19804100692272186,3.238350109313615e-05,t17_f5_c3,ZTF20aaiggef
2459702.8843519,2,1948384356115,20.260299682617188,/ztf/archive/sci/2022/0503/384340/ztf_20220503384340_000725_zr_c16_o_q2_scimrefdiffimg.fits.fz,Kulkarni,2,1.948384356115015e+18,t,19.0,1948,61,725,1642.81005859375,2315.330078125,265.3846773,43.5647585,20.345699310302734,0.27869299054145813,0.5302760004997253,20.399999618530273,0.375,0.1662449985742569,18.86199951171875,0.024000000208616257,1.2319999933242798,0.08299999684095383,-0.08273699879646301,0.05431700125336647,1.518280029296875,0.3869999945163727,765.1669921875,-0.13967099785804749,2.0,0.8809999823570251,0.7070000171661377,0.5802609920501709,0.4656580090522766,1.246109962463379,3.0,0.0,0.949999988079071,0.9941310286521912,20.495100021362305,0.5210999846458435,265.3846149,43.5647656,5.27213,25.98870086669922,5.935549779678695e-06,0.030488500371575356,0.08876880258321762,1.1962800272158347e-05,t17_f5_c3,ZTF20aaiggef
2459702.8848148,2,1948384814815,20.343399047851562,/ztf/archive/sci/2022/0503/384815/ztf_20220503384815_000724_zr_c13_o_q1_scimrefdiffimg.fits.fz,Kulkarni,2,1.948384814815015e+18,t,18.0,1948,48,724,2311.7099609375,2290.929931640625,265.3841772,43.5648009,20.231199264526367,0.24170400202274323,1.2852799892425537,19.998300552368164,0.24979999661445618,1.0878499746322632,18.836000442504883,0.024000000208616257,1.2430000305175781,0.09099999815225601,-0.07220900058746338,-0.23287199437618256,1.4707399606704712,0.4959999918937683,760.7869873046875,0.345084011554718,2.0,1.093000054359436,0.9459999799728394,0.7431619763374329,0.6432129740715027,1.1553900241851807,3.0,0.0,0.7871429920196533,1.0,19.913400650024414,0.29350000619888306,265.3845988,43.5647835,6.01472,25.996200561523438,1.2471599802665878e-05,0.0461869016289711,0.07037220150232315,2.6042100216727704e-05,t17_f5_c3,ZTF20aaiggef
2459707.883669,2,1953383666115,20.384599685668945,/ztf/archive/sci/2022/0508/383669/ztf_20220508383669_000725_zr_c16_o_q2_scimrefdiffimg.fits.fz,Kulkarni,2,1.953383666115015e+18,t,14.0,1953,61,725,1635.75,2314.64990234375,265.384776,43.564732,20.39900016784668,0.26910400390625,0.799235999584198,20.216800689697266,0.2815999984741211,0.43542400002479553,18.86199951171875,0.024000000208616257,1.2319999933242798,0.08299999684095383,-0.3463729918003082,-0.18215300142765045,1.5348299741744995,0.39500001072883606,765.85498046875,0.16782799363136292,2.0,0.9039999842643738,0.765999972820282,0.5889899730682373,0.49907800555229187,1.1801600456237793,3.0,0.0,0.9442859888076782,1.0,20.12969970703125,0.3303000032901764,265.3846149,43.5647656,5.34018,26.05299949645996,4.710870143753709e-06,0.02720939926803112,0.08659330010414124,9.488009709457401e-06,t17_f5_c3,ZTF20aaiggef
2459707.8841435,2,1953384144815,20.247800827026367,/ztf/archive/sci/2022/0508/384144/ztf_20220508384144_000724_zr_c13_o_q1_scimrefdiffimg.fits.fz,Kulkarni,2,1.953384144815015e+18,t,15.0,1953,48,724,2304.27001953125,2292.719970703125,265.3841882,43.5647574,20.34000015258789,0.3117530047893524,1.169260025024414,20.315000534057617,0.33230000734329224,1.0617899894714355,18.836000442504883,0.024000000208616257,1.2430000305175781,0.09099999815225601,-0.05811600014567375,-0.0250450000166893,1.6071900129318237,0.3630000054836273,768.22802734375,-0.06715500354766846,2.0,1.0850000381469727,0.8370000123977661,0.6750900149345398,0.5207840204238892,1.2963000535964966,4.0,0.0,0.7957140207290649,0.9923049807548523,20.482500076293945,0.4927999973297119,265.3845988,43.5647835,5.6737,26.05500030517578,1.2373900062812027e-05,0.04607060179114342,0.07199259847402573,2.5652299882494844e-05,t17_f5_c3,ZTF20aaiggef
2459708.9105556,2,1954410554815,20.52589988708496,/ztf/archive/sci/2022/0509/410556/ztf_20220509410556_000724_zr_c13_o_q1_scimrefdiffimg.fits.fz,Kulkarni,2,,,,1954,48,724,,,,,,,,,,,,,,,,,,,,,,,,,,,,,,,,,,,,26.061800003051758,1.0589799785520881e-05,0.042872000485658646,0.07148750126361847,2.1803700292366557e-05,t17_f5_c3,ZTF20aaiggef
2459708.9129861,2,1954412986115,20.21540069580078,/ztf/archive/sci/2022/0509/412940/ztf_20220509412940_000725_zr_c16_o_q2_scimrefdiffimg.fits.fz,Kulkarni,2,,,,1954,61,725,,,,,,,,,,,,,,,,,,,,,,,,,,,,,,,,,,,,26.05340003967285,6.943359949218575e-06,0.03292509913444519,0.09632640331983566,1.3917099749960471e-05,t17_f5_c3,ZTF20aaiggef
2459709.8692361,2,1955369234815,20.319499969482422,/ztf/archive/sci/2022/0510/369225/ztf_20220510369225_000724_zr_c13_o_q1_scimrefdiffimg.fits.fz,Kulkarni,2,,,,1955,48,724,,,,,,,,,,,,,,,,,,,,,,,,,,,,,,,,,,,,26.04680061340332,8.568429620936513e-06,0.03850540146231651,0.07409899681806564,1.7676400602795184e-05,t17_f5_c3,ZTF20aaiggef
2459709.8702083,2,1955370206115,20.167200088500977,/ztf/archive/sci/2022/0510/370197/ztf_20220510370197_000725_zr_c16_o_q2_scimrefdiffimg.fits.fz,Kulkarni,2,1.955370206115015e+18,t,12.0,1955,61,725,1617.5400390625,2324.919921875,265.3846519,43.5647437,20.22410011291504,0.26772400736808777,1.1556899547576904,20.247800827026367,0.40689998865127563,0.12297199666500092,18.86199951171875,0.024000000208616257,1.2319999933242798,0.08299999684095383,0.31399399042129517,0.023742999881505966,1.3094600439071655,0.7889999747276306,755.583984375,-0.08057799935340881,2.0,0.7770000100135803,0.6710000038146973,0.5933759808540344,0.5124260187149048,1.1579699516296387,5.0,0.0,0.9700000286102295,0.9859930276870728,20.03619956970215,0.42809998989105225,265.3846149,43.5647656,5.45923,26.017099380493164,5.462420176627347e-06,0.029181599617004395,0.09373659640550613,1.0982599633280188e-05,t17_f5_c3,ZTF20aaiggef
2459710.8427083,1,1956342704815,19.597400665283203,/ztf/archive/sci/2022/0511/342685/ztf_20220511342685_000724_zg_c13_o_q1_scimrefdiffimg.fits.fz,Kulkarni,2,,,,1956,48,724,,,,,,,,,,,,,,,,,,,,,,,,,,,,,,,,,,,,26.128700256347656,2.307720023964066e-05,0.05460530146956444,-0.02478029951453209,6.0114300140412524e-05,t17_f5_c3,ZTF20aaiggef
2459710.8431829,1,1956343186115,19.732200622558594,/ztf/archive/sci/2022/0511/343171/ztf_20220511343171_000725_zg_c16_o_q2_scimrefdiffimg.fits.fz,Kulkarni,2,1.956343186115015e+18,t,18.0,1956,61,725,1614.969970703125,2358.75,265.3847797,43.5649002,20.079700469970703,0.2947149872779846,0.8339660167694092,19.874799728393555,0.33219999074935913,0.6682659983634949,19.097000122070312,0.03200000151991844,1.7740000486373901,0.03099999949336052,-0.06870900094509125,-0.20488500595092773,1.6820800304412842,0.4740000069141388,721.7459716796875,-0.14259299635887146,2.0,1.0010000467300415,0.8410000205039978,0.5950980186462402,0.4999780058860779,1.190250039100647,5.0,0.0,0.7942860126495361,0.8900499939918518,19.80340003967285,0.3984000086784363,265.384619,43.5647603,5.11925,26.103700637817383,1.5754500054754317e-05,0.0449099987745285,-0.02449610084295273,3.8402500649681315e-05,t17_f5_c3,ZTF20aaiggef
2459711.8899769,2,1957389974815,19.635900497436523,/ztf/archive/sci/2022/0512/389965/ztf_20220512389965_000724_zr_c13_o_q1_scimrefdiffimg.fits.fz,Kulkarni,2,,,,1957,48,724,,,,,,,,,,,,,,,,,,,,,,,,,,,,,,,,,,,,26.060400009155273,1.0191200090048369e-05,0.04220309853553772,0.07942470163106918,2.1196899979258887e-05,t17_f5_c3,ZTF20aaiggef
2459711.8904514,2,1957390456115,19.675800323486328,/ztf/archive/sci/2022/0512/390451/ztf_20220512390451_000725_zr_c16_o_q2_scimrefdiffimg.fits.fz,Kulkarni,2,,,,1957,61,725,,,,,,,,,,,,,,,,,,,,,,,,,,,,,,,,,,,,26.03339958190918,8.91323998075677e-06,0.037366800010204315,0.09550459682941437,1.7925500287674367e-05,t17_f5_c3,ZTF20aaiggef
2459712.820081,3,1958320084815,19.444900512695312,/ztf/archive/sci/2022/0513/320081/ztf_20220513320081_000724_zi_c13_o_q1_scimrefdiffimg.fits.fz,Kulkarni,2,,,,1958,48,724,,,,,,,,,,,,,,,,,,,,,,,,,,,,,,,,,,,,25.3356990814209,4.122739937884035e-06,0.037203799933195114,0.19030900299549103,3.1422299798578024e-05,t17_f5_c3,ZTF20aaiggef
2459713.872037,3,1959372036115,19.19260025024414,/ztf/archive/sci/2022/0514/372025/ztf_20220514372025_000725_zi_c16_o_q2_scimrefdiffimg.fits.fz,Kulkarni,2,,,,1959,61,725,,,,,,,,,,,,,,,,,,,,,,,,,,,,,,,,,,,,25.30900001525879,3.4940001114591723e-06,0.03381989896297455,0.18675899505615234,2.3716100258752704e-05,t17_f5_c3,ZTF20aaiggef
2459718.8434375,2,1964343436115,20.06399917602539,/ztf/archive/sci/2022/0519/343426/ztf_20220519343426_000725_zr_c16_o_q2_scimrefdiffimg.fits.fz,Kulkarni,2,1.964343436115015e+18,t,34.0,1964,61,725,1670.8299560546875,2310.760009765625,265.3845706,43.5647368,19.877899169921875,0.22035600244998932,1.154979944229126,19.580900192260742,0.26159998774528503,0.14157100021839142,18.86199951171875,0.024000000208616257,1.2319999933242798,0.08299999684095383,-0.2519089877605438,-0.29702499508857727,1.2065399885177612,0.8939999938011169,769.7369995117188,0.4831080138683319,2.0,0.8489999771118164,0.7390000224113464,0.703665018081665,0.6124950051307678,1.1488499641418457,4.0,0.0,0.892857015132904,0.9585210084915161,19.516700744628906,0.31540000438690186,265.3846149,43.5647656,6.90689,26.022899627685547,4.236750100972131e-06,0.025699300691485405,0.08724019676446915,8.566259566578083e-06,t17_f5_c3,ZTF20aaiggef
2459710.9540162,1,1956454014815,20.363100051879883,/ztf/archive/sci/2022/0511/454005/ztf_20220511454005_000724_zg_c13_o_q1_scimrefdiffimg.fits.fz,Kulkarni,1,1.956454014815015e+18,t,19.0,1956,48,724,2271.159912109375,2348.679931640625,265.3842458,43.5643978,20.405000686645508,0.3915160000324249,1.8382999897003174,19.899200439453125,0.22370000183582306,1.625349998474121,19.094999313354492,0.019999999552965164,0.8169999718666077,0.0010000000474974513,-0.10164500027894974,-0.5057730078697205,2.5299999713897705,0.4129999876022339,731.8189697265625,0.4638729989528656,1.1515599489212036,1.4149999618530273,1.194000005722046,0.5592889785766602,0.47193700075149536,1.1850899457931519,1.0,0.0,0.35428598523139954,1.0,19.760499954223633,0.2508000135421753,265.3845965,43.5647832,5.88719,26.138999938964844,1.8642700524651445e-05,0.05655289813876152,-0.08381430059671402,3.95243005186785e-05,t17_f5_c3,ZTF20aaiggef
2459721.8611458,2,1967361146115,20.560100555419922,/ztf/archive/sci/2022/0522/361134/ztf_20220522361134_000725_zr_c16_o_q2_scimrefdiffimg.fits.fz,Kulkarni,2,1.967361146115015e+18,1,12.0,1967,61,725,1665.7900390625,2353.1201171875,265.3847243,43.5648467,20.03499984741211,0.18737800419330597,1.0558799505233765,20.267099380493164,0.30550000071525574,0.41558700799942017,18.86199951171875,0.024000000208616257,1.2319999933242798,0.08299999684095383,-0.11620300263166428,0.23208600282669067,1.690000057220459,0.8429999947547913,727.3759765625,0.29300400614738464,1.4914799928665161,0.6740000247955322,0.6140000224113464,0.3988170027732849,0.3633140027523041,1.0977200269699097,4.0,0.0,0.9785709977149963,1.0,20.473499298095703,0.4690999984741211,265.3846149,43.5647656,6.78961,26.033000946044922,4.397340035211528e-06,0.026138100773096085,0.08975490182638168,8.82383028510958e-06,t17_f5_c3,ZTF20aaiggef
2459319.9293056,1,1565429304815,20.532100677490234,/ztf/archive/sci/2021/0415/429306/ztf_20210415429306_000724_zg_c13_o_q1_scimrefdiffimg.fits.fz,Kulkarni,1,,,,1565,48,724,,,,,,,,,,,,,,,,,,,,,,,,,,,,,,,,,,,,26.15519905090332,1.0982300409523305e-05,0.04343470185995102,-0.08450579643249512,2.3051199605106376e-05,t17_f5_c3,ZTF20aaiggef
2459319.9718287,2,1565471824815,20.0310001373291,/ztf/archive/sci/2021/0415/471806/ztf_20210415471806_000724_zr_c13_o_q1_scimrefdiffimg.fits.fz,Kulkarni,1,,,,1565,48,724,,,,,,,,,,,,,,,,,,,,,,,,,,,,,,,,,,,,26.064599990844727,4.954580163030187e-06,0.029516000300645828,0.07731539756059647,1.0139599908143282e-05,t17_f5_c3,ZTF20aaiggef
2459319.9900116,3,1565490014815,19.409400939941406,/ztf/archive/sci/2021/0415/490012/ztf_20210415490012_000724_zi_c13_o_q1_scimrefdiffimg.fits.fz,Kulkarni,2,,,,1565,48,724,,,,,,,,,,,,,,,,,,,,,,,,,,,,,,,,,,,,25.355499267578125,2.7804499040939845e-06,0.031033800914883614,0.19332000613212585,2.0780100385309197e-05,t17_f5_c3,ZTF20aaiggef
2459319.9933333,3,1565493336115,19.466699600219727,/ztf/archive/sci/2021/0415/493333/ztf_20210415493333_000725_zi_c16_o_q2_scimrefdiffimg.fits.fz,Kulkarni,2,,,,1565,61,725,,,,,,,,,,,,,,,,,,,,,,,,,,,,,,,,,,,,25.36709976196289,1.8357700355409179e-06,0.02484630048274994,0.19339700043201447,1.2321400390646886e-05,t17_f5_c3,ZTF20aaiggef
2459320.9463889,1,1566446386115,20.631799697875977,/ztf/archive/sci/2021/0416/446377/ztf_20210416446377_000725_zg_c16_o_q2_scimrefdiffimg.fits.fz,Kulkarni,1,,,,1566,61,725,,,,,,,,,,,,,,,,,,,,,,,,,,,,,,,,,,,,26.048500061035156,5.317499926604796e-06,0.028844600543379784,-0.06529120355844498,1.076379976439057e-05,t17_f5_c3,ZTF20aaiggef
2459320.9651852,2,1566465186115,20.216899871826172,/ztf/archive/sci/2021/0416/465185/ztf_20210416465185_000725_zr_c16_o_q2_scimrefdiffimg.fits.fz,Kulkarni,1,,,,1566,61,725,,,,,,,,,,,,,,,,,,,,,,,,,,,,,,,,,,,,25.968700408935547,3.526720092850155e-06,0.023514900356531143,0.08559560030698776,7.0715600486437324e-06,t17_f5_c3,ZTF20aaiggef
2459322.8044907,2,1568304494815,19.978500366210938,/ztf/archive/sci/2021/0418/304479/ztf_20210418304479_000724_zr_c13_o_q1_scimrefdiffimg.fits.fz,Kulkarni,1,,,,1568,48,724,,,,,,,,,,,,,,,,,,,,,,,,,,,,,,,,,,,,25.990400314331055,4.555960003926884e-06,0.0279293991625309,0.0766460970044136,9.372610293212347e-06,t17_f5_c3,ZTF20aaiggef
2459322.9272685,1,1568427266115,20.42729949951172,/ztf/archive/sci/2021/0418/427257/ztf_20210418427257_000725_zg_c16_o_q2_scimrefdiffimg.fits.fz,Kulkarni,1,,,,1568,61,725,,,,,,,,,,,,,,,,,,,,,,,,,,,,,,,,,,,,26.149499893188477,6.867030151624931e-06,0.032611098140478134,-0.05929649993777275,1.4037699656910263e-05,t17_f5_c3,ZTF20aaiggef
2459322.9277315,1,1568427734815,20.380800247192383,/ztf/archive/sci/2021/0418/427731/ztf_20210418427731_000724_zg_c13_o_q1_scimrefdiffimg.fits.fz,Kulkarni,1,,,,1568,48,724,,,,,,,,,,,,,,,,,,,,,,,,,,,,,,,,,,,,26.144899368286133,1.048319973051548e-05,0.04189800098538399,-0.06809250265359879,2.2616799469687976e-05,t17_f5_c3,ZTF20aaiggef
2459322.9758333,2,1568475836115,20.267000198364258,/ztf/archive/sci/2021/0418/475787/ztf_20210418475787_000725_zr_c16_o_q2_scimrefdiffimg.fits.fz,Kulkarni,1,,,,1568,61,725,,,,,,,,,,,,,,,,,,,,,,,,,,,,,,,,,,,,26.072799682617188,3.3875101053126855e-06,0.02295530028641224,0.08434130251407623,6.734499947924633e-06,t17_f5_c3,ZTF20aaiggef
2459323.9506366,3,1569450636115,19.946300506591797,/ztf/archive/sci/2021/0419/450625/ztf_20210419450625_000725_zi_c16_o_q2_scimrefdiffimg.fits.fz,Kulkarni,2,,,,1569,61,725,,,,,,,,,,,,,,,,,,,,,,,,,,,,,,,,,,,,25.373699188232422,1.3487799606082262e-06,0.021152900531888008,0.1919739991426468,9.141929695033468e-06,t17_f5_c3,ZTF20aaiggef
2459323.9510995,3,1569451094815,19.981800079345703,/ztf/archive/sci/2021/0419/451100/ztf_20210419451100_000724_zi_c13_o_q1_scimrefdiffimg.fits.fz,Kulkarni,2,,,,1569,48,724,,,,,,,,,,,,,,,,,,,,,,,,,,,,,,,,,,,,25.33989906311035,3.968730197811965e-06,0.03663419932126999,0.2034430056810379,3.0274499295046553e-05,t17_f5_c3,ZTF20aaiggef
2459324.7605093,2,1570260506115,19.513999938964844,/ztf/archive/sci/2021/0420/260498/ztf_20210420260498_000725_zr_c16_o_q2_scimrefdiffimg.fits.fz,Kulkarni,1,,,,1570,61,725,,,,,,,,,,,,,,,,,,,,,,,,,,,,,,,,,,,,25.930200576782227,7.498790182580706e-06,0.034505199640989304,0.09199939668178558,1.5101800272532273e-05,t17_f5_c3,ZTF20aaiggef
2459324.8432986,2,1570343294815,20.1427001953125,/ztf/archive/sci/2021/0420/343287/ztf_20210420343287_000724_zr_c13_o_q1_scimrefdiffimg.fits.fz,Kulkarni,1,,,,1570,48,724,,,,,,,,,,,,,,,,,,,,,,,,,,,,,,,,,,,,26.0531005859375,3.7960498957545497e-06,0.025564400479197502,0.07526279985904694,7.828080015315209e-06,t17_f5_c3,ZTF20aaiggef
2459324.8865856,1,1570386584815,20.689699172973633,/ztf/archive/sci/2021/0420/386562/ztf_20210420386562_000724_zg_c13_o_q1_scimrefdiffimg.fits.fz,Kulkarni,1,,,,1570,48,724,,,,,,,,,,,,,,,,,,,,,,,,,,,,,,,,,,,,26.133899688720703,9.766129551280756e-06,0.04096980020403862,-0.08574189990758896,2.025339927058667e-05,t17_f5_c3,ZTF20aaiggef
2459324.9106134,1,1570410616115,20.569400787353516,/ztf/archive/sci/2021/0420/410613/ztf_20210420410613_000725_zg_c16_o_q2_scimrefdiffimg.fits.fz,Kulkarni,1,1.570410616115015e+18,t,18.0,1570,61,725,1642.4200439453125,2328.760009765625,265.3845511,43.5647688,20.751399993896484,0.3808070123195648,1.3073400259017944,20.801799774169922,0.42989999055862427,0.17481599748134613,19.097000122070312,0.03200000151991844,1.7740000486373901,0.03099999949336052,0.0558990016579628,0.05042300000786781,1.440369963645935,0.5070000290870667,751.7429809570312,-0.2324019968509674,2.0,0.6959999799728394,0.4830000102519989,0.4832090139389038,0.335330992937088,1.4409899711608887,10.0,0.0,0.8142859935760498,0.4759019911289215,21.57360076904297,1.1123000383377075,265.384619,43.5647603,5.66559,26.156400680541992,5.634360149997519e-06,0.029713699594140053,-0.070619598031044,1.1288600035186391e-05,t17_f5_c3,ZTF20aaiggef
2459328.807963,2,1574307966115,19.57740020751953,/ztf/archive/sci/2021/0424/307951/ztf_20210424307951_000725_zr_c16_o_q2_scimrefdiffimg.fits.fz,Kulkarni,1,,,,1574,61,725,,,,,,,,,,,,,,,,,,,,,,,,,,,,,,,,,,,,26.005699157714844,4.861430170421954e-06,0.027527300640940666,0.08460120111703873,9.783479981706478e-06,t17_f5_c3,ZTF20aaiggef
2459328.8089005,2,1574308904815,19.577199935913086,/ztf/archive/sci/2021/0424/308889/ztf_20210424308889_000724_zr_c13_o_q1_scimrefdiffimg.fits.fz,Kulkarni,1,,,,1574,48,724,,,,,,,,,,,,,,,,,,,,,,,,,,,,,,,,,,,,26.042200088500977,4.610300038621062e-06,0.028048399835824966,0.0794162005186081,9.523109838482924e-06,t17_f5_c3,ZTF20aaiggef
2459328.8471991,1,1574347194815,19.471599578857422,/ztf/archive/sci/2021/0424/347199/ztf_20210424347199_000724_zg_c13_o_q1_scimrefdiffimg.fits.fz,Kulkarni,1,,,,1574,48,724,,,,,,,,,,,,,,,,,,,,,,,,,,,,,,,,,,,,26.131999969482422,1.1251599971728865e-05,0.03826040029525757,-0.031033800914883614,2.9709199225180782e-05,t17_f5_c3,ZTF20aaiggef
2459328.8686458,1,1574368646115,19.51110076904297,/ztf/archive/sci/2021/0424/368646/ztf_20210424368646_000725_zg_c16_o_q2_scimrefdiffimg.fits.fz,Kulkarni,1,,,,1574,61,725,,,,,,,,,,,,,,,,,,,,,,,,,,,,,,,,,,,,26.119300842285156,1.2636200153792743e-05,0.03841429948806763,-0.03368980064988136,3.2065800041891634e-05,t17_f5_c3,ZTF20aaiggef
2459328.8881829,3,1574388186115,19.297800064086914,/ztf/archive/sci/2021/0424/388183/ztf_20210424388183_000725_zi_c16_o_q2_scimrefdiffimg.fits.fz,Kulkarni,2,,,,1574,61,725,,,,,,,,,,,,,,,,,,,,,,,,,,,,,,,,,,,,25.374799728393555,1.914590029628016e-06,0.025049999356269836,0.18747000396251678,1.3220200344221666e-05,t17_f5_c3,ZTF20aaiggef
2459329.9022685,3,1575402264815,19.45509910583496,/ztf/archive/sci/2021/0425/402037/ztf_20210425402037_000724_zi_c13_o_q1_scimrefdiffimg.fits.fz,Kulkarni,2,,,,1575,48,724,,,,,,,,,,,,,,,,,,,,,,,,,,,,,,,,,,,,25.375900268554688,1.8367500160820782e-06,0.02505059912800789,0.19381800293922424,1.3848900380253326e-05,t17_f5_c3,ZTF20aaiggef
2459334.8825579,2,1580382554815,19.90519905090332,/ztf/archive/sci/2021/0430/382546/ztf_20210430382546_000724_zr_c13_o_q1_scimrefdiffimg.fits.fz,Kulkarni,1,,,,1580,48,724,,,,,,,,,,,,,,,,,,,,,,,,,,,,,,,,,,,,26.113300323486328,3.2827699669724097e-06,0.023703299462795258,0.0753374993801117,6.734910130035132e-06,t17_f5_c3,ZTF20aaiggef
2459334.9055787,2,1580405576115,19.90719985961914,/ztf/archive/sci/2021/0430/405579/ztf_20210430405579_000725_zr_c16_o_q2_scimrefdiffimg.fits.fz,Kulkarni,1,,,,1580,61,725,,,,,,,,,,,,,,,,,,,,,,,,,,,,,,,,,,,,26.084299087524414,4.560440174827818e-06,0.026765000075101852,0.08096060156822205,9.150769983534701e-06,t17_f5_c3,ZTF20aaiggef
2459334.9474074,1,1580447404815,19.92060089111328,/ztf/archive/sci/2021/0430/447384/ztf_20210430447384_000724_zg_c13_o_q1_scimrefdiffimg.fits.fz,Kulkarni,1,,,,1580,48,724,,,,,,,,,,,,,,,,,,,,,,,,,,,,,,,,,,,,26.200300216674805,8.279140274680685e-06,0.035522300750017166,-0.038604699075222015,1.9599900042521767e-05,t17_f5_c3,ZTF20aaiggef
2459334.9707292,1,1580470726115,19.83650016784668,/ztf/archive/sci/2021/0430/470718/ztf_20210430470718_000725_zg_c16_o_q2_scimrefdiffimg.fits.fz,Kulkarni,1,,,,1580,61,725,,,,,,,,,,,,,,,,,,,,,,,,,,,,,,,,,,,,26.177799224853516,9.783890163816977e-06,0.03675920143723488,-0.04490580037236214,2.264280010422226e-05,t17_f5_c3,ZTF20aaiggef
2459335.8632407,3,1581363246115,18.427200317382812,/ztf/archive/sci/2021/0501/363241/ztf_20210501363241_000725_zi_c16_o_q2_scimrefdiffimg.fits.fz,Kulkarni,2,,,,1581,61,725,,,,,,,,,,,,,,,,,,,,,,,,,,,,,,,,,,,,24.84749984741211,5.277000127534848e-06,0.039787400513887405,0.19230200350284576,3.287310028099455e-05,t17_f5_c3,ZTF20aaiggef
2459335.8637153,3,1581363714815,18.351299285888672,/ztf/archive/sci/2021/0501/363704/ztf_20210501363704_000724_zi_c13_o_q1_scimrefdiffimg.fits.fz,Kulkarni,2,,,,1581,48,724,,,,,,,,,,,,,,,,,,,,,,,,,,,,,,,,,,,,24.837099075317383,7.544349955423968e-06,0.04604899883270264,0.1868939995765686,5.1143601012881845e-05,t17_f5_c3,ZTF20aaiggef
2459336.870544,2,1582370544815,20.25589942932129,/ztf/archive/sci/2021/0502/370544/ztf_20210502370544_000724_zr_c13_o_q1_scimrefdiffimg.fits.fz,Kulkarni,1,,,,1582,48,724,,,,,,,,,,,,,,,,,,,,,,,,,,,,,,,,,,,,26.052200317382812,4.011799774161773e-06,0.026337599381804466,0.07681900262832642,8.288599929073825e-06,t17_f5_c3,ZTF20aaiggef
2459336.9462963,1,1582446294815,20.220699310302734,/ztf/archive/sci/2021/0502/446169/ztf_20210502446169_000724_zg_c13_o_q1_scimrefdiffimg.fits.fz,Kulkarni,1,,,,1582,48,724,,,,,,,,,,,,,,,,,,,,,,,,,,,,,,,,,,,,26.17140007019043,7.067869773891289e-06,0.03420810028910637,-0.057699501514434814,1.5495999832637608e-05,t17_f5_c3,ZTF20aaiggef
2459337.9526389,2,1583452636115,20.108299255371094,/ztf/archive/sci/2021/0503/452616/ztf_20210503452616_000725_zr_c16_o_q2_scimrefdiffimg.fits.fz,Kulkarni,1,,,,1583,61,725,,,,,,,,,,,,,,,,,,,,,,,,,,,,,,,,,,,,26.024799346923828,4.4960797822568566e-06,0.026302900165319443,0.0874708965420723,8.98515008884715e-06,t17_f5_c3,ZTF20aaiggef
2459338.8667824,3,1584366786115,19.559999465942383,/ztf/archive/sci/2021/0504/366771/ztf_20210504366771_000725_zi_c16_o_q2_scimrefdiffimg.fits.fz,Kulkarni,2,,,,1584,61,725,,,,,,,,,,,,,,,,,,,,,,,,,,,,,,,,,,,,25.356199264526367,1.5071600500959903e-06,0.022379599511623383,0.19105100631713867,1.0204499631072395e-05,t17_f5_c3,ZTF20aaiggef
2459338.8672454,3,1584367244815,19.630800247192383,/ztf/archive/sci/2021/0504/367245/ztf_20210504367245_000724_zi_c13_o_q1_scimrefdiffimg.fits.fz,Kulkarni,2,,,,1584,48,724,,,,,,,,,,,,,,,,,,,,,,,,,,,,,,,,,,,,25.335599899291992,2.6426901058584917e-06,0.030040599405765533,0.19847699999809265,1.9944100131397136e-05,t17_f5_c3,ZTF20aaiggef
2459339.8432176,2,1585343214815,20.472200393676758,/ztf/archive/sci/2021/0505/343218/ztf_20210505343218_000724_zr_c13_o_q1_scimrefdiffimg.fits.fz,Kulkarni,1,,,,1585,48,724,,,,,,,,,,,,,,,,,,,,,,,,,,,,,,,,,,,,26.04450035095215,5.269379926176043e-06,0.03005109913647175,0.07329460233449936,1.0854700121853966e-05,t17_f5_c3,ZTF20aaiggef
2459339.8868287,1,1585386826115,20.600200653076172,/ztf/archive/sci/2021/0505/386771/ztf_20210505386771_000725_zg_c16_o_q2_scimrefdiffimg.fits.fz,Kulkarni,1,1.585386826115015e+18,t,14.0,1585,61,725,1646.6500244140625,2323.550048828125,265.3846162,43.5648245,20.67140007019043,0.3368400037288666,1.4418400526046753,20.801300048828125,0.43860000371932983,0.23235300183296204,19.097000122070312,0.03200000151991844,1.7740000486373901,0.03099999949336052,0.09242399781942368,0.12985199689865112,1.371880054473877,0.6570000052452087,756.9530029296875,-0.20113100111484528,2.0,0.7960000038146973,0.5130000114440918,0.5802279710769653,0.37394100427627563,1.5516599416732788,7.0,0.0,0.8114290237426758,0.8024340271949768,21.141300201416016,0.7631000280380249,265.384619,43.5647603,5.92059,26.133399963378906,5.717160092899576e-06,0.0298916008323431,-0.06718499958515167,1.1593599992920645e-05,t17_f5_c3,ZTF20aaiggef
2459339.9098495,1,1585409844815,20.761600494384766,/ztf/archive/sci/2021/0505/409803/ztf_20210505409803_000724_zg_c13_o_q1_scimrefdiffimg.fits.fz,Kulkarni,1,,,,1585,48,724,,,,,,,,,,,,,,,,,,,,,,,,,,,,,,,,,,,,26.155099868774414,1.0414200005470775e-05,0.04221310093998909,-0.10029199719429016,2.1895899408264086e-05,t17_f5_c3,ZTF20aaiggef
2459339.9505903,2,1585450596115,20.55229949951172,/ztf/archive/sci/2021/0505/450579/ztf_20210505450579_000725_zr_c16_o_q2_scimrefdiffimg.fits.fz,Kulkarni,1,,,,1585,61,725,,,,,,,,,,,,,,,,,,,,,,,,,,,,,,,,,,,,26.038000106811523,2.859150072254124e-06,0.021149499341845512,0.08495020121335983,5.746419901697664e-06,t17_f5_c3,ZTF20aaiggef
2459341.8515394,1,1587351534815,20.766700744628906,/ztf/archive/sci/2021/0507/351539/ztf_20210507351539_000724_zg_c13_o_q1_scimrefdiffimg.fits.fz,Kulkarni,1,,,,1587,48,724,,,,,,,,,,,,,,,,,,,,,,,,,,,,,,,,,,,,26.138099670410156,1.312750009674346e-05,0.047620199620723724,-0.11007999628782272,2.692909947654698e-05,t17_f5_c3,ZTF20aaiggef
2459341.8677662,1,1587367766115,20.545900344848633,/ztf/archive/sci/2021/0507/367755/ztf_20210507367755_000725_zg_c16_o_q2_scimrefdiffimg.fits.fz,Kulkarni,1,,,,1587,61,725,,,,,,,,,,,,,,,,,,,,,,,,,,,,,,,,,,,,26.135700225830078,8.926919690566137e-06,0.03733929991722107,-0.06960920244455338,1.810630055842921e-05,t17_f5_c3,ZTF20aaiggef
2459341.8903009,3,1587390304815,19.605499267578125,/ztf/archive/sci/2021/0507/390289/ztf_20210507390289_000724_zi_c13_o_q1_scimrefdiffimg.fits.fz,Kulkarni,2,,,,1587,48,724,,,,,,,,,,,,,,,,,,,,,,,,,,,,,,,,,,,,25.333900451660156,3.5675600429385668e-06,0.03471459820866585,0.20795099437236786,2.7101999876322225e-05,t17_f5_c3,ZTF20aaiggef
2459341.8907639,3,1587390766115,19.545799255371094,/ztf/archive/sci/2021/0507/390764/ztf_20210507390764_000725_zi_c16_o_q2_scimrefdiffimg.fits.fz,Kulkarni,2,,,,1587,61,725,,,,,,,,,,,,,,,,,,,,,,,,,,,,,,,,,,,,25.359399795532227,2.3127299755287822e-06,0.027715599164366722,0.1934880018234253,1.579329909873195e-05,t17_f5_c3,ZTF20aaiggef
2459341.9301042,2,1587430106115,20.41189956665039,/ztf/archive/sci/2021/0507/430104/ztf_20210507430104_000725_zr_c16_o_q2_scimrefdiffimg.fits.fz,Kulkarni,1,,,,1587,61,725,,,,,,,,,,,,,,,,,,,,,,,,,,,,,,,,,,,,26.050500869750977,4.55111012342968e-06,0.02668200060725212,0.09276899695396423,9.182659596262965e-06,t17_f5_c3,ZTF20aaiggef
2459341.9368171,2,1587436814815,20.29840087890625,/ztf/archive/sci/2021/0507/436794/ztf_20210507436794_000724_zr_c13_o_q1_scimrefdiffimg.fits.fz,Kulkarni,1,,,,1587,48,724,,,,,,,,,,,,,,,,,,,,,,,,,,,,,,,,,,,,26.053499221801758,8.464259735774249e-06,0.03805970028042793,0.07221750169992447,1.7505699361208826e-05,t17_f5_c3,ZTF20aaiggef
2459342.8905787,1,1588390572415,20.77829933166504,/ztf/archive/sci/2021/0508/390567/ztf_20210508390567_001763_zg_c07_o_q1_scimrefdiffimg.fits.fz,Kulkarni,2,1.588390572415015e+18,t,11.0,1588,24,1763,2054.75,1778.699951171875,265.3845015,43.5648177,20.405500411987305,0.15850800275802612,1.4949899911880493,20.364700317382812,0.2632000148296356,0.3675209879875183,19.23900032043457,0.032999999821186066,1.1399999856948853,0.06700000166893005,0.19476200640201569,-0.04076699912548065,2.559999942779541,0.8560000061988831,1017.75,0.41363900899887085,1.0116499662399292,0.7559999823570251,0.6240000128746033,0.29531198740005493,0.24375000596046448,1.2115399837493896,2.0,0.0,0.9057139754295349,1.0,20.293399810791016,0.31349998712539673,265.3846139,43.5647552,9.76696,26.302499771118164,3.858030140690971e-06,0.02520960010588169,-0.10689699649810791,7.786349669913761e-06,t17_f5_c3,ZTF20aaiggef
2459343.8504861,2,1589350484815,20.432600021362305,/ztf/archive/sci/2021/0509/350486/ztf_20210509350486_000724_zr_c13_o_q1_scimrefdiffimg.fits.fz,Kulkarni,1,,,,1589,48,724,,,,,,,,,,,,,,,,,,,,,,,,,,,,,,,,,,,,25.999500274658203,4.6254799599410035e-06,0.02811400033533573,0.06994719803333282,9.524030247121118e-06,t17_f5_c3,ZTF20aaiggef
2459343.8654514,2,1589365456115,20.458599090576172,/ztf/archive/sci/2021/0509/365440/ztf_20210509365440_000725_zr_c16_o_q2_scimrefdiffimg.fits.fz,Kulkarni,1,,,,1589,61,725,,,,,,,,,,,,,,,,,,,,,,,,,,,,,,,,,,,,25.997699737548828,3.7210400023468537e-06,0.024077199399471283,0.0738791972398758,7.446330073435092e-06,t17_f5_c3,ZTF20aaiggef
2459344.8599769,3,1590359976115,19.4955997467041,/ztf/archive/sci/2021/0510/359965/ztf_20210510359965_000725_zi_c16_o_q2_scimrefdiffimg.fits.fz,Kulkarni,2,,,,1590,61,725,,,,,,,,,,,,,,,,,,,,,,,,,,,,,,,,,,,,25.34480094909668,1.8319100263397559e-06,0.02442079968750477,0.18538300693035126,1.2752800103044137e-05,t17_f5_c3,ZTF20aaiggef
2459344.8604514,3,1590360454815,19.746700286865234,/ztf/archive/sci/2021/0510/360451/ztf_20210510360451_000724_zi_c13_o_q1_scimrefdiffimg.fits.fz,Kulkarni,2,,,,1590,48,724,,,,,,,,,,,,,,,,,,,,,,,,,,,,,,,,,,,,25.312400817871094,2.5568999717506813e-06,0.029650399461388588,0.20176200568675995,1.9151499145664275e-05,t17_f5_c3,ZTF20aaiggef
2459345.9050926,1,1591405096115,20.689899444580078,/ztf/archive/sci/2021/0511/405058/ztf_20210511405058_000725_zg_c16_o_q2_scimrefdiffimg.fits.fz,Kulkarni,1,1.591405096115015e+18,t,11.0,1591,61,725,1643.52001953125,2327.080078125,265.3846574,43.5647466,20.711299896240234,0.30317801237106323,1.4011000394821167,21.157400131225586,0.559499979019165,0.11360900104045868,19.097000122070312,0.03200000151991844,1.7740000486373901,0.03099999949336052,0.1869570016860962,0.44607800245285034,1.3799099922180176,0.6499999761581421,753.4219970703125,-0.46751800179481506,2.0,0.6589999794960022,0.550000011920929,0.47756800055503845,0.3985770046710968,1.1981799602508545,9.0,0.0,0.8999999761581421,0.7692559957504272,21.1875,0.7318999767303467,265.384619,43.5647603,5.36425,26.15130043029785,5.885459813725902e-06,0.030361099168658257,-0.08736780285835266,1.1806399925262667e-05,t17_f5_c3,ZTF20aaiggef
2459345.9091319,1,1591409134815,20.716999053955078,/ztf/archive/sci/2021/0511/409132/ztf_20210511409132_000724_zg_c13_o_q1_scimrefdiffimg.fits.fz,Kulkarni,1,,,,1591,48,724,,,,,,,,,,,,,,,,,,,,,,,,,,,,,,,,,,,,26.151399612426758,1.165489993582014e-05,0.04498190060257912,-0.1157509982585907,2.4041099095484242e-05,t17_f5_c3,ZTF20aaiggef
2459345.9471644,2,1591447164815,20.584999084472656,/ztf/archive/sci/2021/0511/447164/ztf_20210511447164_000724_zr_c13_o_q1_scimrefdiffimg.fits.fz,Kulkarni,1,,,,1591,48,724,,,,,,,,,,,,,,,,,,,,,,,,,,,,,,,,,,,,26.048099517822266,5.684759798896266e-06,0.031401898711919785,0.06784220039844513,1.1689099665090907e-05,t17_f5_c3,ZTF20aaiggef
2459345.9537731,2,1591453776115,20.601999282836914,/ztf/archive/sci/2021/0511/453773/ztf_20210511453773_000725_zr_c16_o_q2_scimrefdiffimg.fits.fz,Kulkarni,1,,,,1591,61,725,,,,,,,,,,,,,,,,,,,,,,,,,,,,,,,,,,,,26.03350067138672,2.7387700356484856e-06,0.02065340057015419,0.08235450088977814,5.488760052685393e-06,t17_f5_c3,ZTF20aaiggef
2459347.863669,2,1593363666115,20.83209991455078,/ztf/archive/sci/2021/0513/363657/ztf_20210513363657_000725_zr_c16_o_q2_scimrefdiffimg.fits.fz,Kulkarni,1,,,,1593,61,725,,,,,,,,,,,,,,,,,,,,,,,,,,,,,,,,,,,,26.459800720214844,0.08719050139188766,0.49785199761390686,-0.4710429906845093,0.19859300553798676,t17_f5_c3,ZTF20aaiggef
2459347.8651042,2,1593365104815,20.805400848388672,/ztf/archive/sci/2021/0513/365081/ztf_20210513365081_000724_zr_c13_o_q1_scimrefdiffimg.fits.fz,Kulkarni,1,,,,1593,48,724,,,,,,,,,,,,,,,,,,,,,,,,,,,,,,,,,,,,26.34830093383789,2.097860097885132,0.8536850214004517,-1.3559499979019165,4.283440113067627,t17_f5_c3,ZTF20aaiggef
2459347.8827894,3,1593382786115,19.892000198364258,/ztf/archive/sci/2021/0513/382766/ztf_20210513382766_000725_zi_c16_o_q2_scimrefdiffimg.fits.fz,Kulkarni,2,,,,1593,61,725,,,,,,,,,,,,,,,,,,,,,,,,,,,,,,,,,,,,25.700899124145508,0.20422999560832977,0.5289220213890076,-2.6318700313568115,0.7170159816741943,t17_f5_c3,ZTF20aaiggef
2459347.8851852,3,1593385184815,18.782100677490234,/ztf/archive/sci/2021/0513/385162/ztf_20210513385162_000724_zi_c13_o_q1_scimrefdiffimg.fits.fz,Kulkarni,2,,,,1593,48,724,,,,,,,,,,,,,,,,,,,,,,,,,,,,,,,,,,,,24.34630012512207,0.6015369892120361,0.7524880170822144,1.7732800245285034,8.953519821166992,t17_f5_c3,ZTF20aaiggef
2459347.9307523,1,1593430756115,20.642099380493164,/ztf/archive/sci/2021/0513/430706/ztf_20210513430706_000725_zg_c16_o_q2_scimrefdiffimg.fits.fz,Kulkarni,1,,,,1593,61,725,,,,,,,,,,,,,,,,,,,,,,,,,,,,,,,,,,,,26.12380027770996,1.5538600564468652e-05,0.027496300637722015,-0.09442009776830673,2.9947099392302334e-05,t17_f5_c3,ZTF20aaiggef
2459347.941713,1,1593441714815,19.879499435424805,/ztf/archive/sci/2021/0513/441528/ztf_20210513441528_000724_zg_c13_o_q1_scimrefdiffimg.fits.fz,Kulkarni,1,,,,1593,48,724,,,,,,,,,,,,,,,,,,,,,,,,,,,,,,,,,,,,25.1018009185791,1.2281299829483032,0.959621012210846,1.0035200119018555,1.3602700233459473,t17_f5_c3,ZTF20aaiggef
2459312.9037731,2,1558403774815,20.33690071105957,/ztf/archive/sci/2021/0408/403762/ztf_20210408403762_000724_zr_c13_o_q1_scimrefdiffimg.fits.fz,Kulkarni,1,,,,1558,48,724,,,,,,,,,,,,,,,,,,,,,,,,,,,,,,,,,,,,26.087099075317383,4.13309999203193e-06,0.026714999228715897,0.07669319957494736,8.521749805368017e-06,t17_f5_c3,ZTF20aaiggef
2459312.9042361,2,1558404236115,20.3572998046875,/ztf/archive/sci/2021/0408/404236/ztf_20210408404236_000725_zr_c16_o_q2_scimrefdiffimg.fits.fz,Kulkarni,1,,,,1558,61,725,,,,,,,,,,,,,,,,,,,,,,,,,,,,,,,,,,,,26.07159996032715,2.883409933929215e-06,0.021273599937558174,0.08443339914083481,5.796309778816067e-06,t17_f5_c3,ZTF20aaiggef
2459312.9266667,1,1558426666115,20.524799346923828,/ztf/archive/sci/2021/0408/426667/ztf_20210408426667_000725_zg_c16_o_q2_scimrefdiffimg.fits.fz,Kulkarni,1,,,,1558,61,725,,,,,,,,,,,,,,,,,,,,,,,,,,,,,,,,,,,,26.179399490356445,5.354169843485579e-06,0.0289257001131773,-0.0736699029803276,1.071800033969339e-05,t17_f5_c3,ZTF20aaiggef
2459312.9271412,1,1558427144815,20.69339942932129,/ztf/archive/sci/2021/0408/427141/ztf_20210408427141_000724_zg_c13_o_q1_scimrefdiffimg.fits.fz,Kulkarni,1,,,,1558,48,724,,,,,,,,,,,,,,,,,,,,,,,,,,,,,,,,,,,,26.171600341796875,9.31843987928005e-06,0.04010060057044029,-0.08309890329837799,1.9392400645301677e-05,t17_f5_c3,ZTF20aaiggef
2459314.9122106,1,1560412214815,20.692399978637695,/ztf/archive/sci/2021/0410/412211/ztf_20210410412211_000724_zg_c13_o_q1_scimrefdiffimg.fits.fz,Kulkarni,1,,,,1560,48,724,,,,,,,,,,,,,,,,,,,,,,,,,,,,,,,,,,,,26.172500610351562,9.67462983680889e-06,0.04084319993853569,-0.09061670303344727,1.996930041059386e-05,t17_f5_c3,ZTF20aaiggef
2459314.9563542,2,1560456354815,20.625499725341797,/ztf/archive/sci/2021/0410/456354/ztf_20210410456354_000724_zr_c13_o_q1_scimrefdiffimg.fits.fz,Kulkarni,1,,,,1560,48,724,,,,,,,,,,,,,,,,,,,,,,,,,,,,,,,,,,,,26.07469940185547,4.371159775473643e-06,0.02754179947078228,0.0714849978685379,8.974189768196084e-06,t17_f5_c3,ZTF20aaiggef
2459314.9568287,2,1560456826115,20.47260093688965,/ztf/archive/sci/2021/0410/456829/ztf_20210410456829_000725_zr_c16_o_q2_scimrefdiffimg.fits.fz,Kulkarni,1,,,,1560,61,725,,,,,,,,,,,,,,,,,,,,,,,,,,,,,,,,,,,,26.03969955444336,2.7293099265079945e-06,0.020617900416254997,0.081632599234581,5.501250143424841e-06,t17_f5_c3,ZTF20aaiggef
2459314.9894676,1,1560489466115,20.489999771118164,/ztf/archive/sci/2021/0410/489468/ztf_20210410489468_000725_zg_c16_o_q2_scimrefdiffimg.fits.fz,Kulkarni,1,,,,1560,61,725,,,,,,,,,,,,,,,,,,,,,,,,,,,,,,,,,,,,26.15839958190918,5.388039880926954e-06,0.0290777999907732,-0.06304570287466049,1.0856900189537555e-05,t17_f5_c3,ZTF20aaiggef
2459315.9975116,3,1561497514815,17.275100708007812,/ztf/archive/sci/2021/0411/497512/ztf_20210411497512_000724_zi_c13_o_q1_scimrefdiffimg.fits.fz,Kulkarni,2,,,,1561,48,724,,,,,,,,,,,,,,,,,,,,,,,,,,,,,,,,,,,,23.120800018310547,2.2903499484527856e-05,0.06269290298223495,0.1736309975385666,0.0001376309955958277,t17_f5_c3,ZTF20aaiggef
2459316.8884954,1,1562388494815,20.925600051879883,/ztf/archive/sci/2021/0412/388495/ztf_20210412388495_000724_zg_c13_o_q1_scimrefdiffimg.fits.fz,Kulkarni,1,,,,1562,48,724,,,,,,,,,,,,,,,,,,,,,,,,,,,,,,,,,,,,26.117599487304688,1.8798500605043955e-05,0.05672239884734154,-0.13078199326992035,3.8988298911135644e-05,t17_f5_c3,ZTF20aaiggef
2459316.9031597,2,1562403154815,20.529800415039062,/ztf/archive/sci/2021/0412/403160/ztf_20210412403160_000724_zr_c13_o_q1_scimrefdiffimg.fits.fz,Kulkarni,1,,,,1562,48,724,,,,,,,,,,,,,,,,,,,,,,,,,,,,,,,,,,,,26.043500900268555,5.6785102060530335e-06,0.03112969920039177,0.06928610056638718,1.1735999578377232e-05,t17_f5_c3,ZTF20aaiggef
2459317.9328472,2,1563432846115,20.65730094909668,/ztf/archive/sci/2021/0413/432812/ztf_20210413432812_000725_zr_c16_o_q2_scimrefdiffimg.fits.fz,Kulkarni,1,,,,1563,61,725,,,,,,,,,,,,,,,,,,,,,,,,,,,,,,,,,,,,26.054899215698242,2.6649199753592256e-06,0.0204997006803751,0.08228649944067001,5.335829882824328e-06,t17_f5_c3,ZTF20aaiggef
2459317.9648495,1,1563464846115,20.771900177001953,/ztf/archive/sci/2021/0413/464850/ztf_20210413464850_000725_zg_c16_o_q2_scimrefdiffimg.fits.fz,Kulkarni,1,,,,1563,61,725,,,,,,,,,,,,,,,,,,,,,,,,,,,,,,,,,,,,26.149599075317383,6.067100002837833e-06,0.0308229997754097,-0.04704369977116585,1.2068499927408993e-05,t17_f5_c3,ZTF20aaiggef
2459372.8454977,1,1618345494815,17.26569938659668,/ztf/archive/sci/2021/0607/345498/ztf_20210607345498_000724_zg_c13_o_q1_scimrefdiffimg.fits.fz,Kulkarni,2,,,,1618,48,724,,,,,,,,,,,,,,,,,,,,,,,,,,,,,,,,,,,,23.156200408935547,0.004708799999207258,0.20707100629806519,0.18948200345039368,0.017148500308394432,t17_f5_c3,ZTF20aaiggef
2459373.8483218,1,1619348324815,20.63610076904297,/ztf/archive/sci/2021/0608/348299/ztf_20210608348299_000724_zg_c13_o_q1_scimrefdiffimg.fits.fz,Kulkarni,2,,,,1619,48,724,,,,,,,,,,,,,,,,,,,,,,,,,,,,,,,,,,,,26.169599533081055,1.3458199646265712e-05,0.047980401664972305,-0.09161210060119629,2.830640005413443e-05,t17_f5_c3,ZTF20aaiggef
2459373.8721991,2,1619372194815,20.617000579833984,/ztf/archive/sci/2021/0608/372153/ztf_20210608372153_000724_zr_c13_o_q1_scimrefdiffimg.fits.fz,Kulkarni,2,,,,1619,48,724,,,,,,,,,,,,,,,,,,,,,,,,,,,,,,,,,,,,26.089599609375,5.940460141573567e-06,0.032207101583480835,0.06501159816980362,1.2147300367360003e-05,t17_f5_c3,ZTF20aaiggef
2459373.873125,2,1619373124815,20.57379913330078,/ztf/archive/sci/2021/0608/373125/ztf_20210608373125_000724_zr_c13_o_q1_scimrefdiffimg.fits.fz,Kulkarni,1,,,,1619,48,724,,,,,,,,,,,,,,,,,,,,,,,,,,,,,,,,,,,,26.09269905090332,5.61697015655227e-06,0.03121650032699108,0.06422130018472672,1.1534400073287543e-05,t17_f5_c3,ZTF20aaiggef
2459373.8740625,2,1619374066115,20.59830093383789,/ztf/archive/sci/2021/0608/374062/ztf_20210608374062_000725_zr_c16_o_q2_scimrefdiffimg.fits.fz,Kulkarni,1,,,,1619,61,725,,,,,,,,,,,,,,,,,,,,,,,,,,,,,,,,,,,,26.072799682617188,3.130229970338405e-06,0.02214590087532997,0.09074539691209793,6.278739874687744e-06,t17_f5_c3,ZTF20aaiggef
2459373.9222454,1,1619422244815,20.776899337768555,/ztf/archive/sci/2021/0608/422234/ztf_20210608422234_000724_zg_c13_o_q1_scimrefdiffimg.fits.fz,Kulkarni,2,,,,1619,48,724,,,,,,,,,,,,,,,,,,,,,,,,,,,,,,,,,,,,26.16469955444336,1.1051600267819595e-05,0.04385729879140854,-0.10208699852228165,2.286080052726902e-05,t17_f5_c3,ZTF20aaiggef
2459373.9231829,1,1619423184815,20.85099983215332,/ztf/archive/sci/2021/0608/423183/ztf_20210608423183_000724_zg_c13_o_q1_scimrefdiffimg.fits.fz,Kulkarni,1,,,,1619,48,724,,,,,,,,,,,,,,,,,,,,,,,,,,,,,,,,,,,,26.164100646972656,1.0683200343919452e-05,0.04315759986639023,-0.10286299884319305,2.20772999455221e-05,t17_f5_c3,ZTF20aaiggef
2459373.9314005,1,1619431406115,20.5802001953125,/ztf/archive/sci/2021/0608/431400/ztf_20210608431400_000725_zg_c16_o_q2_scimrefdiffimg.fits.fz,Kulkarni,1,,,,1619,61,725,,,,,,,,,,,,,,,,,,,,,,,,,,,,,,,,,,,,26.158599853515625,5.5491700550192036e-06,0.029663000255823135,-0.06840559840202332,1.1024500054190867e-05,t17_f5_c3,ZTF20aaiggef
2459374.7601042,3,1620260106115,19.655500411987305,/ztf/archive/sci/2021/0609/260104/ztf_20210609260104_000725_zi_c16_o_q2_scimrefdiffimg.fits.fz,Kulkarni,2,,,,1620,61,725,,,,,,,,,,,,,,,,,,,,,,,,,,,,,,,,,,,,25.336200714111328,1.6871099433046766e-06,0.023506900295615196,0.18263299763202667,1.1712099876604043e-05,t17_f5_c3,ZTF20aaiggef
2459374.7605787,3,1620260574815,19.6427001953125,/ztf/archive/sci/2021/0609/260579/ztf_20210609260579_000724_zi_c13_o_q1_scimrefdiffimg.fits.fz,Kulkarni,2,,,,1620,48,724,,,,,,,,,,,,,,,,,,,,,,,,,,,,,,,,,,,,25.20709991455078,3.2248199204332195e-06,0.03301620110869408,0.19662299752235413,2.4495300749549642e-05,t17_f5_c3,ZTF20aaiggef
2459374.7815625,2,1620281564815,18.424800872802734,/ztf/archive/sci/2021/0609/281551/ztf_20210609281551_000724_zr_c13_o_q1_scimrefdiffimg.fits.fz,Kulkarni,2,,,,1620,48,724,,,,,,,,,,,,,,,,,,,,,,,,,,,,,,,,,,,,24.636899948120117,1.8976799765368924e-05,0.05021430179476738,0.06728000193834305,4.073599848197773e-05,t17_f5_c3,ZTF20aaiggef
2459374.8740625,1,1620374064815,20.642099380493164,/ztf/archive/sci/2021/0609/374062/ztf_20210609374062_000724_zg_c13_o_q1_scimrefdiffimg.fits.fz,Kulkarni,2,,,,1620,48,724,,,,,,,,,,,,,,,,,,,,,,,,,,,,,,,,,,,,26.174699783325195,8.49980006023543e-06,0.038439199328422546,-0.10456400364637375,1.7464999473304488e-05,t17_f5_c3,ZTF20aaiggef
2459374.9290162,2,1620429014815,19.470300674438477,/ztf/archive/sci/2021/0609/429016/ztf_20210609429016_000724_zr_c13_o_q1_scimrefdiffimg.fits.fz,Kulkarni,2,,,,1620,48,724,,,,,,,,,,,,,,,,,,,,,,,,,,,,,,,,,,,,25.400800704956055,1.0314300197933335e-05,0.04207409918308258,0.07107540220022202,2.1266800104058348e-05,t17_f5_c3,ZTF20aaiggef
2459375.7880787,1,1621288074815,20.391599655151367,/ztf/archive/sci/2021/0610/288079/ztf_20210610288079_000724_zg_c13_o_q1_scimrefdiffimg.fits.fz,Kulkarni,2,,,,1621,48,724,,,,,,,,,,,,,,,,,,,,,,,,,,,,,,,,,,,,26.180400848388672,8.072939635894727e-06,0.0370509997010231,-0.07300350069999695,1.7169299098895863e-05,t17_f5_c3,ZTF20aaiggef
2459375.8834838,2,1621383484815,20.456600189208984,/ztf/archive/sci/2021/0610/383484/ztf_20210610383484_000724_zr_c13_o_q1_scimrefdiffimg.fits.fz,Kulkarni,2,,,,1621,48,724,,,,,,,,,,,,,,,,,,,,,,,,,,,,,,,,,,,,26.093299865722656,5.138850156072294e-06,0.029881399124860764,0.07256460189819336,1.0495099559193477e-05,t17_f5_c3,ZTF20aaiggef
2459375.8922338,2,1621392236115,20.476699829101562,/ztf/archive/sci/2021/0610/392222/ztf_20210610392222_000725_zr_c16_o_q2_scimrefdiffimg.fits.fz,Kulkarni,1,,,,1621,61,725,,,,,,,,,,,,,,,,,,,,,,,,,,,,,,,,,,,,26.081499099731445,3.0267799502325943e-06,0.021821599453687668,0.0826869010925293,6.052709977666382e-06,t17_f5_c3,ZTF20aaiggef
2459375.8926968,2,1621392694815,20.441600799560547,/ztf/archive/sci/2021/0610/392697/ztf_20210610392697_000724_zr_c13_o_q1_scimrefdiffimg.fits.fz,Kulkarni,1,,,,1621,48,724,,,,,,,,,,,,,,,,,,,,,,,,,,,,,,,,,,,,26.098400115966797,4.646050001611002e-06,0.028421100229024887,0.06676530092954636,9.56250005401671e-06,t17_f5_c3,ZTF20aaiggef
2459375.9034606,2,1621403464815,20.34269905090332,/ztf/archive/sci/2021/0610/403414/ztf_20210610403414_000724_zr_c13_o_q1_scimrefdiffimg.fits.fz,Kulkarni,2,,,,1621,48,724,,,,,,,,,,,,,,,,,,,,,,,,,,,,,,,,,,,,26.099000930786133,4.95608992423513e-06,0.029387399554252625,0.07003810256719589,1.017219983623363e-05,t17_f5_c3,ZTF20aaiggef
2459376.7794213,2,1622279424815,20.55120086669922,/ztf/archive/sci/2021/0611/279410/ztf_20210611279410_000724_zr_c13_o_q1_scimrefdiffimg.fits.fz,Kulkarni,2,,,,1622,48,724,,,,,,,,,,,,,,,,,,,,,,,,,,,,,,,,,,,,26.08930015563965,5.216869794821832e-06,0.029892299324274063,0.06783869862556458,1.0790099622681737e-05,t17_f5_c3,ZTF20aaiggef
2459376.8281944,2,1622328194815,20.69179916381836,/ztf/archive/sci/2021/0611/328171/ztf_20210611328171_000724_zr_c13_o_q1_scimrefdiffimg.fits.fz,Kulkarni,2,,,,1622,48,724,,,,,,,,,,,,,,,,,,,,,,,,,,,,,,,,,,,,26.097900390625,5.080510163679719e-06,0.02970390021800995,0.07117070257663727,1.0446699889143929e-05,t17_f5_c3,ZTF20aaiggef
2459376.8429861,1,1622342984815,20.7189998626709,/ztf/archive/sci/2021/0611/342975/ztf_20210611342975_000724_zg_c13_o_q1_scimrefdiffimg.fits.fz,Kulkarni,2,,,,1622,48,724,,,,,,,,,,,,,,,,,,,,,,,,,,,,,,,,,,,,26.18269920349121,1.0067799848911818e-05,0.04169740155339241,-0.08860199898481369,2.092489921778906e-05,t17_f5_c3,ZTF20aaiggef
2459376.8943403,1,1622394344815,20.615800857543945,/ztf/archive/sci/2021/0611/394340/ztf_20210611394340_000724_zg_c13_o_q1_scimrefdiffimg.fits.fz,Kulkarni,2,,,,1622,48,724,,,,,,,,,,,,,,,,,,,,,,,,,,,,,,,,,,,,26.191600799560547,8.647390131955035e-06,0.03861229866743088,-0.10037700086832047,1.7846999980974942e-05,t17_f5_c3,ZTF20aaiggef
2459377.7655903,2,1623265594815,20.47100067138672,/ztf/archive/sci/2021/0612/265567/ztf_20210612265567_000724_zr_c13_o_q1_scimrefdiffimg.fits.fz,Kulkarni,2,,,,1623,48,724,,,,,,,,,,,,,,,,,,,,,,,,,,,,,,,,,,,,26.098499298095703,4.478939899854595e-06,0.0278415996581316,0.06589269638061523,9.245680303138215e-06,t17_f5_c3,ZTF20aaiggef
2459377.7862153,3,1623286214815,19.867599487304688,/ztf/archive/sci/2021/0612/286204/ztf_20210612286204_000724_zi_c13_o_q1_scimrefdiffimg.fits.fz,Kulkarni,2,,,,1623,48,724,,,,,,,,,,,,,,,,,,,,,,,,,,,,,,,,,,,,25.35849952697754,3.2441600978927454e-06,0.03336520120501518,0.1974180042743683,2.4322700483025983e-05,t17_f5_c3,ZTF20aaiggef
2459377.7866898,3,1623286686115,19.750699996948242,/ztf/archive/sci/2021/0612/286690/ztf_20210612286690_000725_zi_c16_o_q2_scimrefdiffimg.fits.fz,Kulkarni,2,,,,1623,61,725,,,,,,,,,,,,,,,,,,,,,,,,,,,,,,,,,,,,25.389400482177734,1.3562499816544005e-06,0.02122359909117222,0.1849679946899414,9.130189937422983e-06,t17_f5_c3,ZTF20aaiggef
2459377.8438426,1,1623343844815,20.59429931640625,/ztf/archive/sci/2021/0612/343819/ztf_20210612343819_000724_zg_c13_o_q1_scimrefdiffimg.fits.fz,Kulkarni,2,,,,1623,48,724,,,,,,,,,,,,,,,,,,,,,,,,,,,,,,,,,,,,26.18829917907715,1.1140599781356286e-05,0.043810199946165085,-0.09084989875555038,2.3165499442256987e-05,t17_f5_c3,ZTF20aaiggef
2459377.8670023,1,1623367004815,20.613000869750977,/ztf/archive/sci/2021/0612/367002/ztf_20210612367002_000724_zg_c13_o_q1_scimrefdiffimg.fits.fz,Kulkarni,1,,,,1623,48,724,,,,,,,,,,,,,,,,,,,,,,,,,,,,,,,,,,,,26.215900421142578,9.03095042303903e-06,0.03966730087995529,-0.11787699908018112,1.8549699234426953e-05,t17_f5_c3,ZTF20aaiggef
2459377.8679745,1,1623367976115,20.68120002746582,/ztf/archive/sci/2021/0612/367928/ztf_20210612367928_000725_zg_c16_o_q2_scimrefdiffimg.fits.fz,Kulkarni,1,,,,1623,61,725,,,,,,,,,,,,,,,,,,,,,,,,,,,,,,,,,,,,26.19879913330078,4.948110017721774e-06,0.02776169963181019,-0.07052800059318542,9.847250112215988e-06,t17_f5_c3,ZTF20aaiggef
2459377.8845486,2,1623384544815,20.512399673461914,/ztf/archive/sci/2021/0612/384537/ztf_20210612384537_000724_zr_c13_o_q1_scimrefdiffimg.fits.fz,Kulkarni,1,,,,1623,48,724,,,,,,,,,,,,,,,,,,,,,,,,,,,,,,,,,,,,26.10460090637207,4.166449798503891e-06,0.026913100853562355,0.06595390290021896,8.530930244887713e-06,t17_f5_c3,ZTF20aaiggef
2459377.8850116,2,1623385016115,20.55190086364746,/ztf/archive/sci/2021/0612/385012/ztf_20210612385012_000725_zr_c16_o_q2_scimrefdiffimg.fits.fz,Kulkarni,1,,,,1623,61,725,,,,,,,,,,,,,,,,,,,,,,,,,,,,,,,,,,,,26.082700729370117,2.864989937734208e-06,0.021096600219607353,0.08561070263385773,5.7133402151521295e-06,t17_f5_c3,ZTF20aaiggef
2459377.9019676,2,1623401964815,20.602399826049805,/ztf/archive/sci/2021/0612/401898/ztf_20210612401898_000724_zr_c13_o_q1_scimrefdiffimg.fits.fz,Kulkarni,2,,,,1623,48,724,,,,,,,,,,,,,,,,,,,,,,,,,,,,,,,,,,,,26.093700408935547,4.40065014117863e-06,0.027633599936962128,0.07453049719333649,8.997059921966866e-06,t17_f5_c3,ZTF20aaiggef
2459377.9504282,1,1623450424815,20.662700653076172,/ztf/archive/sci/2021/0612/450359/ztf_20210612450359_000724_zg_c13_o_q1_scimrefdiffimg.fits.fz,Kulkarni,2,,,,1623,48,724,,,,,,,,,,,,,,,,,,,,,,,,,,,,,,,,,,,,26.166900634765625,8.957979844126385e-06,0.03949600085616112,-0.09092280268669128,1.8495600670576096e-05,t17_f5_c3,ZTF20aaiggef
2459378.7060185,1,1624206014815,20.340700149536133,/ztf/archive/sci/2021/0613/205961/ztf_20210613205961_000724_zg_c13_o_q1_scimrefdiffimg.fits.fz,Kulkarni,2,,,,1624,48,724,,,,,,,,,,,,,,,,,,,,,,,,,,,,,,,,,,,,26.166900634765625,8.689969945407938e-06,0.03840170055627823,-0.09977590292692184,1.8103999536833726e-05,t17_f5_c3,ZTF20aaiggef
2459378.8048264,2,1624304824815,20.53190040588379,/ztf/archive/sci/2021/0613/304780/ztf_20210613304780_000724_zr_c13_o_q1_scimrefdiffimg.fits.fz,Kulkarni,2,,,,1624,48,724,,,,,,,,,,,,,,,,,,,,,,,,,,,,,,,,,,,,26.103599548339844,5.036340098740766e-06,0.02944299951195717,0.06844980269670486,1.0392699550720863e-05,t17_f5_c3,ZTF20aaiggef
2459378.8626736,1,1624362674815,20.720699310302734,/ztf/archive/sci/2021/0613/362674/ztf_20210613362674_000724_zg_c13_o_q1_scimrefdiffimg.fits.fz,Kulkarni,2,,,,1624,48,724,,,,,,,,,,,,,,,,,,,,,,,,,,,,,,,,,,,,26.200599670410156,9.809229595703073e-06,0.04120690003037453,-0.10692299902439117,2.0360299458843656e-05,t17_f5_c3,ZTF20aaiggef
2459378.8801389,2,1624380134815,20.463899612426758,/ztf/archive/sci/2021/0613/380139/ztf_20210613380139_000724_zr_c13_o_q1_scimrefdiffimg.fits.fz,Kulkarni,2,,,,1624,48,724,,,,,,,,,,,,,,,,,,,,,,,,,,,,,,,,,,,,26.097999572753906,4.615770194504876e-06,0.028337199240922928,0.06937970221042633,9.470570148550905e-06,t17_f5_c3,ZTF20aaiggef
2459379.7780903,1,1625278094815,20.60110092163086,/ztf/archive/sci/2021/0614/278067/ztf_20210614278067_000724_zg_c13_o_q1_scimrefdiffimg.fits.fz,Kulkarni,2,,,,1625,48,724,,,,,,,,,,,,,,,,,,,,,,,,,,,,,,,,,,,,26.12540054321289,1.0493799891264644e-05,0.04258130118250847,-0.09865310043096542,2.179709917982109e-05,t17_f5_c3,ZTF20aaiggef
2459379.8253819,1,1625325384815,20.64229965209961,/ztf/archive/sci/2021/0614/325370/ztf_20210614325370_000724_zg_c13_o_q1_scimrefdiffimg.fits.fz,Kulkarni,2,,,,1625,48,724,,,,,,,,,,,,,,,,,,,,,,,,,,,,,,,,,,,,26.153799057006836,9.682489690021612e-06,0.04080260172486305,-0.08964230120182037,2.0245399355189875e-05,t17_f5_c3,ZTF20aaiggef
2459379.830162,1,1625330166115,20.616500854492188,/ztf/archive/sci/2021/0614/330162/ztf_20210614330162_000725_zg_c16_o_q2_scimrefdiffimg.fits.fz,Kulkarni,1,,,,1625,61,725,,,,,,,,,,,,,,,,,,,,,,,,,,,,,,,,,,,,26.15239906311035,5.693640105164377e-06,0.029867300763726234,-0.05019479990005493,1.1404000360926148e-05,t17_f5_c3,ZTF20aaiggef
2459379.8475231,2,1625347524815,20.4778995513916,/ztf/archive/sci/2021/0614/347477/ztf_20210614347477_000724_zr_c13_o_q1_scimrefdiffimg.fits.fz,Kulkarni,2,,,,1625,48,724,,,,,,,,,,,,,,,,,,,,,,,,,,,,,,,,,,,,26.09749984741211,4.523949883150635e-06,0.028111400082707405,0.07163479924201965,9.273449904867448e-06,t17_f5_c3,ZTF20aaiggef
2459379.8619792,2,1625361974815,20.623899459838867,/ztf/archive/sci/2021/0614/361956/ztf_20210614361956_000724_zr_c13_o_q1_scimrefdiffimg.fits.fz,Kulkarni,1,,,,1625,48,724,,,,,,,,,,,,,,,,,,,,,,,,,,,,,,,,,,,,26.091999053955078,5.059880095359404e-06,0.02960439957678318,0.0733937993645668,1.0466000276210252e-05,t17_f5_c3,ZTF20aaiggef
2459379.8624421,2,1625362446115,20.550399780273438,/ztf/archive/sci/2021/0614/362442/ztf_20210614362442_000725_zr_c16_o_q2_scimrefdiffimg.fits.fz,Kulkarni,1,,,,1625,61,725,,,,,,,,,,,,,,,,,,,,,,,,,,,,,,,,,,,,26.090599060058594,3.3407300179533195e-06,0.022798899561166763,0.07980799674987793,6.685089829261415e-06,t17_f5_c3,ZTF20aaiggef
2459379.8831019,2,1625383104815,20.54829978942871,/ztf/archive/sci/2021/0614/383102/ztf_20210614383102_000724_zr_c13_o_q1_scimrefdiffimg.fits.fz,Kulkarni,2,,,,1625,48,724,,,,,,,,,,,,,,,,,,,,,,,,,,,,,,,,,,,,26.09510040283203,4.7179701141431e-06,0.028638599440455437,0.06983940303325653,9.728179975354578e-06,t17_f5_c3,ZTF20aaiggef
2459380.7768634,1,1626276864815,20.024999618530273,/ztf/archive/sci/2021/0615/276748/ztf_20210615276748_000724_zg_c13_o_q1_scimrefdiffimg.fits.fz,Kulkarni,2,,,,1626,48,724,,,,,,,,,,,,,,,,,,,,,,,,,,,,,,,,,,,,25.581100463867188,1.4556099813489709e-05,0.04801139980554581,-0.06307090073823929,3.2935600756900385e-05,t17_f5_c3,ZTF20aaiggef
2459380.8296528,3,1626329654815,19.785999298095703,/ztf/archive/sci/2021/0615/329653/ztf_20210615329653_000724_zi_c13_o_q1_scimrefdiffimg.fits.fz,Kulkarni,2,,,,1626,48,724,,,,,,,,,,,,,,,,,,,,,,,,,,,,,,,,,,,,25.120399475097656,4.003909907623893e-06,0.03695889934897423,0.2098740041255951,3.0331000743899494e-05,t17_f5_c3,ZTF20aaiggef
2459380.8437847,2,1626343784815,20.036100387573242,/ztf/archive/sci/2021/0615/343785/ztf_20210615343785_000724_zr_c13_o_q1_scimrefdiffimg.fits.fz,Kulkarni,2,,,,1626,48,724,,,,,,,,,,,,,,,,,,,,,,,,,,,,,,,,,,,,25.79990005493164,4.221480139676714e-06,0.026948900893330574,0.08950959891080856,8.737310054129921e-06,t17_f5_c3,ZTF20aaiggef
2459380.8928819,2,1626392884815,17.376300811767578,/ztf/archive/sci/2021/0615/392847/ztf_20210615392847_000724_zr_c13_o_q1_scimrefdiffimg.fits.fz,Kulkarni,2,,,,1626,48,724,,,,,,,,,,,,,,,,,,,,,,,,,,,,,,,,,,,,23.80699920654297,5.419060107669793e-05,0.05257859826087952,0.07193099707365036,0.00013766999472863972,t17_f5_c3,ZTF20aaiggef
2459381.8232176,1,1627323214815,20.145700454711914,/ztf/archive/sci/2021/0616/323183/ztf_20210616323183_000724_zg_c13_o_q1_scimrefdiffimg.fits.fz,Kulkarni,2,,,,1627,48,724,,,,,,,,,,,,,,,,,,,,,,,,,,,,,,,,,,,,25.58340072631836,1.3002199921174906e-05,0.04606049880385399,-0.05367720127105713,2.8812299206038006e-05,t17_f5_c3,ZTF20aaiggef
2459381.8241551,1,1627324154815,20.16390037536621,/ztf/archive/sci/2021/0616/324155/ztf_20210616324155_000724_zg_c13_o_q1_scimrefdiffimg.fits.fz,Kulkarni,1,,,,1627,48,724,,,,,,,,,,,,,,,,,,,,,,,,,,,,,,,,,,,,25.567899703979492,1.5865500245126896e-05,0.05071530118584633,-0.06039080023765564,3.511529939714819e-05,t17_f5_c3,ZTF20aaiggef
2459381.8289583,1,1627328956115,20.18709945678711,/ztf/archive/sci/2021/0616/328958/ztf_20210616328958_000725_zg_c16_o_q2_scimrefdiffimg.fits.fz,Kulkarni,1,,,,1627,61,725,,,,,,,,,,,,,,,,,,,,,,,,,,,,,,,,,,,,25.66819953918457,8.743129910726566e-06,0.03701980039477348,-0.03314090147614479,1.7869100702228025e-05,t17_f5_c3,ZTF20aaiggef
2459381.8520833,3,1627352086115,19.70949935913086,/ztf/archive/sci/2021/0616/352014/ztf_20210616352014_000725_zi_c16_o_q2_scimrefdiffimg.fits.fz,Kulkarni,2,,,,1627,61,725,,,,,,,,,,,,,,,,,,,,,,,,,,,,,,,,,,,,25.19300079345703,1.5601300447087851e-06,0.022779999300837517,0.1920579969882965,1.0708799891290255e-05,t17_f5_c3,ZTF20aaiggef
2459381.8644792,2,1627364474815,19.668699264526367,/ztf/archive/sci/2021/0616/364479/ztf_20210616364479_000724_zr_c13_o_q1_scimrefdiffimg.fits.fz,Kulkarni,2,,,,1627,48,724,,,,,,,,,,,,,,,,,,,,,,,,,,,,,,,,,,,,25.545499801635742,4.520450147538213e-06,0.027879299595952034,0.07832779735326767,9.36540982365841e-06,t17_f5_c3,ZTF20aaiggef
2459381.8649537,2,1627364956115,19.625699996948242,/ztf/archive/sci/2021/0616/364942/ztf_20210616364942_000725_zr_c16_o_q2_scimrefdiffimg.fits.fz,Kulkarni,1,,,,1627,61,725,,,,,,,,,,,,,,,,,,,,,,,,,,,,,,,,,,,,25.44610023498535,5.551400136027951e-06,0.029485799372196198,0.09764070063829422,1.1176000043633394e-05,t17_f5_c3,ZTF20aaiggef
2459381.8885069,2,1627388504815,20.100799560546875,/ztf/archive/sci/2021/0616/388495/ztf_20210616388495_000724_zr_c13_o_q1_scimrefdiffimg.fits.fz,Kulkarni,1,,,,1627,48,724,,,,,,,,,,,,,,,,,,,,,,,,,,,,,,,,,,,,25.837799072265625,3.713930027515744e-06,0.025218699127435684,0.07911139726638794,7.692950021009892e-06,t17_f5_c3,ZTF20aaiggef
2459382.8127662,1,1628312764815,20.431800842285156,/ztf/archive/sci/2021/0617/312720/ztf_20210617312720_000724_zg_c13_o_q1_scimrefdiffimg.fits.fz,Kulkarni,2,,,,1628,48,724,,,,,,,,,,,,,,,,,,,,,,,,,,,,,,,,,,,,25.93899917602539,1.0533700333326124e-05,0.04237150028347969,-0.07399869710206985,2.2260899640969e-05,t17_f5_c3,ZTF20aaiggef
2459382.8268866,2,1628326884815,20.45789909362793,/ztf/archive/sci/2021/0617/326875/ztf_20210617326875_000724_zr_c13_o_q1_scimrefdiffimg.fits.fz,Kulkarni,2,,,,1628,48,724,,,,,,,,,,,,,,,,,,,,,,,,,,,,,,,,,,,,25.950300216674805,5.028300165577093e-06,0.02933580055832863,0.07585670053958893,1.0395599929324817e-05,t17_f5_c3,ZTF20aaiggef
2459382.8725926,2,1628372594815,20.312299728393555,/ztf/archive/sci/2021/0617/372593/ztf_20210617372593_000724_zr_c13_o_q1_scimrefdiffimg.fits.fz,Kulkarni,2,,,,1628,48,724,,,,,,,,,,,,,,,,,,,,,,,,,,,,,,,,,,,,25.949600219726562,5.153479833097663e-06,0.029718799516558647,0.07122579962015152,1.0595599633234087e-05,t17_f5_c3,ZTF20aaiggef
2459382.8920718,1,1628392074815,20.386499404907227,/ztf/archive/sci/2021/0617/392060/ztf_20210617392060_000724_zg_c13_o_q1_scimrefdiffimg.fits.fz,Kulkarni,2,,,,1628,48,724,,,,,,,,,,,,,,,,,,,,,,,,,,,,,,,,,,,,25.963899612426758,1.2170199624961242e-05,0.045531898736953735,-0.07739079743623734,2.552959995227866e-05,t17_f5_c3,ZTF20aaiggef
2459383.7160069,2,1629216004815,19.57360076904297,/ztf/archive/sci/2021/0618/216007/ztf_20210618216007_000724_zr_c13_o_q1_scimrefdiffimg.fits.fz,Kulkarni,2,,,,1629,48,724,,,,,,,,,,,,,,,,,,,,,,,,,,,,,,,,,,,,25.855100631713867,6.431139809137676e-06,0.03315259888768196,0.08337000012397766,1.3218799722380936e-05,t17_f5_c3,ZTF20aaiggef
2459383.7169444,2,1629216944815,18.667200088500977,/ztf/archive/sci/2021/0618/216944/ztf_20210618216944_000724_zr_c13_o_q1_scimrefdiffimg.fits.fz,Kulkarni,1,,,,1629,48,724,,,,,,,,,,,,,,,,,,,,,,,,,,,,,,,,,,,,25.556299209594727,6.722669786540791e-05,0.10606800019741058,0.08283240348100662,0.0001384130009682849,t17_f5_c3,ZTF20aaiggef
2459383.7480671,1,1629248064815,20.002899169921875,/ztf/archive/sci/2021/0618/248021/ztf_20210618248021_000724_zg_c13_o_q1_scimrefdiffimg.fits.fz,Kulkarni,2,,,,1629,48,724,,,,,,,,,,,,,,,,,,,,,,,,,,,,,,,,,,,,25.924299240112305,7.572889899165602e-06,0.0353257991373539,-0.05171490088105202,1.6511899957549758e-05,t17_f5_c3,ZTF20aaiggef
2459383.8065278,3,1629306524815,19.6742000579834,/ztf/archive/sci/2021/0618/306528/ztf_20210618306528_000724_zi_c13_o_q1_scimrefdiffimg.fits.fz,Kulkarni,2,,,,1629,48,724,,,,,,,,,,,,,,,,,,,,,,,,,,,,,,,,,,,,25.23740005493164,2.329969902348239e-06,0.028243400156497955,0.20452000200748444,1.744009932735935e-05,t17_f5_c3,ZTF20aaiggef
2459384.7166898,1,1630216684815,19.597000122070312,/ztf/archive/sci/2021/0619/216644/ztf_20210619216644_000724_zg_c13_o_q1_scimrefdiffimg.fits.fz,Kulkarni,2,,,,1630,48,724,,,,,,,,,,,,,,,,,,,,,,,,,,,,,,,,,,,,25.912399291992188,2.1691499568987638e-05,0.05470909923315048,-0.016652699559926987,5.35276994924061e-05,t17_f5_c3,ZTF20aaiggef
2459384.8028125,3,1630302816115,19.780099868774414,/ztf/archive/sci/2021/0619/302789/ztf_20210619302789_000725_zi_c16_o_q2_scimrefdiffimg.fits.fz,Kulkarni,2,,,,1630,61,725,,,,,,,,,,,,,,,,,,,,,,,,,,,,,,,,,,,,25.30030059814453,1.426869971510314e-06,0.021675100550055504,0.19227400422096252,9.656499969423749e-06,t17_f5_c3,ZTF20aaiggef
2459384.8328356,2,1630332834815,20.268600463867188,/ztf/archive/sci/2021/0619/332836/ztf_20210619332836_000724_zr_c13_o_q1_scimrefdiffimg.fits.fz,Kulkarni,2,,,,1630,48,724,,,,,,,,,,,,,,,,,,,,,,,,,,,,,,,,,,,,25.988800048828125,3.0732899176655337e-06,0.02303300052881241,0.08324529975652695,6.322549779724795e-06,t17_f5_c3,ZTF20aaiggef
2459385.7491551,2,1631249154815,19.972999572753906,/ztf/archive/sci/2021/0620/249074/ztf_20210620249074_000724_zr_c13_o_q1_scimrefdiffimg.fits.fz,Kulkarni,2,,,,1631,48,724,,,,,,,,,,,,,,,,,,,,,,,,,,,,,,,,,,,,26.07430076599121,2.9585000902443426e-06,0.022536400705575943,0.07705330103635788,6.0611901062657125e-06,t17_f5_c3,ZTF20aaiggef
2459385.8245486,1,1631324544815,19.925800323486328,/ztf/archive/sci/2021/0620/324514/ztf_20210620324514_000724_zg_c13_o_q1_scimrefdiffimg.fits.fz,Kulkarni,1,,,,1631,48,724,,,,,,,,,,,,,,,,,,,,,,,,,,,,,,,,,,,,26.130800247192383,8.528480066161137e-06,0.036003898829221725,-0.024148499593138695,1.9930899725295603e-05,t17_f5_c3,ZTF20aaiggef
2459385.825544,1,1631325544815,19.81209945678711,/ztf/archive/sci/2021/0620/325509/ztf_20210620325509_000724_zg_c13_o_q1_scimrefdiffimg.fits.fz,Kulkarni,2,,,,1631,48,724,,,,,,,,,,,,,,,,,,,,,,,,,,,,,,,,,,,,26.141000747680664,1.0125600056198891e-05,0.03879949823021889,-0.036826200783252716,2.395999945292715e-05,t17_f5_c3,ZTF20aaiggef
2459385.8599421,2,1631359944815,20.027999877929688,/ztf/archive/sci/2021/0620/359884/ztf_20210620359884_000724_zr_c13_o_q1_scimrefdiffimg.fits.fz,Kulkarni,1,,,,1631,48,724,,,,,,,,,,,,,,,,,,,,,,,,,,,,,,,,,,,,26.063600540161133,3.6791500406252453e-06,0.025025300681591034,0.07755409926176071,7.5595198723021895e-06,t17_f5_c3,ZTF20aaiggef
2459385.8807639,2,1631380764815,20.201200485229492,/ztf/archive/sci/2021/0620/380752/ztf_20210620380752_000724_zr_c13_o_q1_scimrefdiffimg.fits.fz,Kulkarni,2,,,,1631,48,724,,,,,,,,,,,,,,,,,,,,,,,,,,,,,,,,,,,,26.052200317382812,4.149369942751946e-06,0.0265136007219553,0.07721520215272903,8.539360351278447e-06,t17_f5_c3,ZTF20aaiggef
2459386.7165046,2,1632216504815,19.6033992767334,/ztf/archive/sci/2021/0621/216505/ztf_20210621216505_000724_zr_c13_o_q1_scimrefdiffimg.fits.fz,Kulkarni,2,,,,1632,48,724,,,,,,,,,,,,,,,,,,,,,,,,,,,,,,,,,,,,26.049400329589844,4.621419975592289e-06,0.02803410030901432,0.0824899971485138,9.499880434304941e-06,t17_f5_c3,ZTF20aaiggef
2459386.7645486,3,1632264544815,19.40880012512207,/ztf/archive/sci/2021/0621/264549/ztf_20210621264549_000724_zi_c13_o_q1_scimrefdiffimg.fits.fz,Kulkarni,2,,,,1632,48,724,,,,,,,,,,,,,,,,,,,,,,,,,,,,,,,,,,,,25.363300323486328,1.9528499706211733e-06,0.025881199166178703,0.19862200319766998,1.4626900338043924e-05,t17_f5_c3,ZTF20aaiggef
2459386.7763773,1,1632276374815,19.749099731445312,/ztf/archive/sci/2021/0621/276181/ztf_20210621276181_000724_zg_c13_o_q1_scimrefdiffimg.fits.fz,Kulkarni,2,,,,1632,48,724,,,,,,,,,,,,,,,,,,,,,,,,,,,,,,,,,,,,26.149799346923828,8.283370334538631e-06,0.03485019877552986,-0.036070000380277634,2.0036499336129054e-05,t17_f5_c3,ZTF20aaiggef
2459386.8498148,1,1632349816115,19.904600143432617,/ztf/archive/sci/2021/0621/349803/ztf_20210621349803_000725_zg_c16_o_q2_scimrefdiffimg.fits.fz,Kulkarni,1,,,,1632,61,725,,,,,,,,,,,,,,,,,,,,,,,,,,,,,,,,,,,,26.1299991607666,7.900400305516087e-06,0.033804599195718765,-0.0412323996424675,1.744459950714372e-05,t17_f5_c3,ZTF20aaiggef
2459386.8915856,2,1632391586115,20.14459991455078,/ztf/archive/sci/2021/0621/391586/ztf_20210621391586_000725_zr_c16_o_q2_scimrefdiffimg.fits.fz,Kulkarni,1,,,,1632,61,725,,,,,,,,,,,,,,,,,,,,,,,,,,,,,,,,,,,,26.04330062866211,3.2944999475148506e-06,0.022695399820804596,0.08752450346946716,6.597490028070752e-06,t17_f5_c3,ZTF20aaiggef
2459386.8920486,2,1632392044815,20.01919937133789,/ztf/archive/sci/2021/0621/392049/ztf_20210621392049_000724_zr_c13_o_q1_scimrefdiffimg.fits.fz,Kulkarni,2,,,,1632,48,724,,,,,,,,,,,,,,,,,,,,,,,,,,,,,,,,,,,,26.073999404907227,3.029949994015624e-06,0.022776499390602112,0.08102930337190628,6.242719791771378e-06,t17_f5_c3,ZTF20aaiggef
2459386.9249421,1,1632424944815,20.555700302124023,/ztf/archive/sci/2021/0621/424942/ztf_20210621424942_000724_zg_c13_o_q1_scimrefdiffimg.fits.fz,Kulkarni,2,,,,1632,48,724,,,,,,,,,,,,,,,,,,,,,,,,,,,,,,,,,,,,26.102100372314453,1.1625999832176603e-05,0.044686198234558105,-0.08832819759845734,2.4216600650106557e-05,t17_f5_c3,ZTF20aaiggef
2459387.7694097,3,1633269406115,19.355100631713867,/ztf/archive/sci/2021/0622/269398/ztf_20210622269398_000725_zi_c16_o_q2_scimrefdiffimg.fits.fz,Kulkarni,2,,,,1633,61,725,,,,,,,,,,,,,,,,,,,,,,,,,,,,,,,,,,,,25.328699111938477,1.8592400010675192e-06,0.0246823001652956,0.1838659942150116,1.2713299838651437e-05,t17_f5_c3,ZTF20aaiggef
2459387.7921065,1,1633292104815,19.676300048828125,/ztf/archive/sci/2021/0622/292060/ztf_20210622292060_000724_zg_c13_o_q1_scimrefdiffimg.fits.fz,Kulkarni,2,,,,1633,48,724,,,,,,,,,,,,,,,,,,,,,,,,,,,,,,,,,,,,26.10110092163086,9.993939784180839e-06,0.037799399346113205,-0.023367399349808693,2.456110087223351e-05,t17_f5_c3,ZTF20aaiggef
2459387.8447106,1,1633344714815,19.709800720214844,/ztf/archive/sci/2021/0622/344664/ztf_20210622344664_000724_zg_c13_o_q1_scimrefdiffimg.fits.fz,Kulkarni,1,,,,1633,48,724,,,,,,,,,,,,,,,,,,,,,,,,,,,,,,,,,,,,26.098600387573242,8.249269740190357e-06,0.035207100212574005,-0.04235510155558586,1.966339914361015e-05,t17_f5_c3,ZTF20aaiggef
2459387.9269676,2,1633426964815,19.93869972229004,/ztf/archive/sci/2021/0622/426944/ztf_20210622426944_000724_zr_c13_o_q1_scimrefdiffimg.fits.fz,Kulkarni,2,,,,1633,48,724,,,,,,,,,,,,,,,,,,,,,,,,,,,,,,,,,,,,25.949899673461914,3.25799010170158e-06,0.023633599281311035,0.08427339792251587,6.734369890182279e-06,t17_f5_c3,ZTF20aaiggef
2459387.9279051,2,1633427904815,19.968000411987305,/ztf/archive/sci/2021/0622/427905/ztf_20210622427905_000724_zr_c13_o_q1_scimrefdiffimg.fits.fz,Kulkarni,1,,,,1633,48,724,,,,,,,,,,,,,,,,,,,,,,,,,,,,,,,,,,,,25.968900680541992,3.161879931212752e-06,0.023225300014019012,0.08042249828577042,6.534779913636157e-06,t17_f5_c3,ZTF20aaiggef
2459390.7604398,1,1636260436115,19.61870002746582,/ztf/archive/sci/2021/0625/260440/ztf_20210625260440_000725_zg_c16_o_q2_scimrefdiffimg.fits.fz,Kulkarni,1,,,,1636,61,725,,,,,,,,,,,,,,,,,,,,,,,,,,,,,,,,,,,,26.173200607299805,1.3201400179241318e-05,0.04171830043196678,-0.036312900483608246,3.1284198485082015e-05,t17_f5_c3,ZTF20aaiggef
2459390.7743171,2,1636274314815,19.73889923095703,/ztf/archive/sci/2021/0625/274236/ztf_20210625274236_000724_zr_c13_o_q1_scimrefdiffimg.fits.fz,Kulkarni,2,,,,1636,48,724,,,,,,,,,,,,,,,,,,,,,,,,,,,,,,,,,,,,26.099000930786133,3.872360139212105e-06,0.02589309960603714,0.08655499666929245,7.900879609223921e-06,t17_f5_c3,ZTF20aaiggef
2459390.827037,2,1636327036115,19.89780044555664,/ztf/archive/sci/2021/0625/326933/ztf_20210625326933_000725_zr_c16_o_q2_scimrefdiffimg.fits.fz,Kulkarni,1,,,,1636,61,725,,,,,,,,,,,,,,,,,,,,,,,,,,,,,,,,,,,,26.081199645996094,3.679919927890296e-06,0.023913199082016945,0.08351840078830719,7.352330158028053e-06,t17_f5_c3,ZTF20aaiggef
2459390.8590741,2,1636359074815,19.742700576782227,/ztf/archive/sci/2021/0625/359016/ztf_20210625359016_000724_zr_c13_o_q1_scimrefdiffimg.fits.fz,Kulkarni,2,,,,1636,48,724,,,,,,,,,,,,,,,,,,,,,,,,,,,,,,,,,,,,26.12619972229004,3.271349896749598e-06,0.023707499727606773,0.07887089997529984,6.7886198849009816e-06,t17_f5_c3,ZTF20aaiggef
2459390.9569907,1,1636456994815,19.396499633789062,/ztf/archive/sci/2021/0625/456690/ztf_20210625456690_000724_zg_c13_o_q1_scimrefdiffimg.fits.fz,Kulkarni,2,,,,1636,48,724,,,,,,,,,,,,,,,,,,,,,,,,,,,,,,,,,,,,26.139999389648438,1.1121100214950275e-05,0.03864099830389023,-0.037088699638843536,2.8262900741538033e-05,t17_f5_c3,ZTF20aaiggef
2459391.7367824,1,1637236784815,19.64940071105957,/ztf/archive/sci/2021/0626/236713/ztf_20210626236713_000724_zg_c13_o_q1_scimrefdiffimg.fits.fz,Kulkarni,1,,,,1637,48,724,,,,,,,,,,,,,,,,,,,,,,,,,,,,,,,,,,,,26.17650032043457,9.147540367848706e-06,0.036646198481321335,-0.03159309923648834,2.227769982710015e-05,t17_f5_c3,ZTF20aaiggef
2459391.7699769,2,1637269974815,19.899200439453125,/ztf/archive/sci/2021/0626/269954/ztf_20210626269954_000724_zr_c13_o_q1_scimrefdiffimg.fits.fz,Kulkarni,2,,,,1637,48,724,,,,,,,,,,,,,,,,,,,,,,,,,,,,,,,,,,,,26.102500915527344,3.1265499274013564e-06,0.02334360033273697,0.08131329715251923,6.448709882533876e-06,t17_f5_c3,ZTF20aaiggef
2459391.8120833,2,1637312084815,19.861499786376953,/ztf/archive/sci/2021/0626/311933/ztf_20210626311933_000724_zr_c13_o_q1_scimrefdiffimg.fits.fz,Kulkarni,1,,,,1637,48,724,,,,,,,,,,,,,,,,,,,,,,,,,,,,,,,,,,,,26.09079933166504,3.818120148935122e-06,0.025733700022101402,0.08326870203018188,7.89972000347916e-06,t17_f5_c3,ZTF20aaiggef
2459391.8509954,3,1637350994815,19.4552001953125,/ztf/archive/sci/2021/0626/350995/ztf_20210626350995_000724_zi_c13_o_q1_scimrefdiffimg.fits.fz,Kulkarni,2,,,,1637,48,724,,,,,,,,,,,,,,,,,,,,,,,,,,,,,,,,,,,,25.382099151611328,2.0574400423356565e-06,0.026639200747013092,0.19417999684810638,1.5299199731089175e-05,t17_f5_c3,ZTF20aaiggef
2459391.8589931,3,1637358996115,19.456199645996094,/ztf/archive/sci/2021/0626/358993/ztf_20210626358993_000725_zi_c16_o_q2_scimrefdiffimg.fits.fz,Kulkarni,2,,,,1637,61,725,,,,,,,,,,,,,,,,,,,,,,,,,,,,,,,,,,,,25.362600326538086,1.6351400518033188e-06,0.023390699177980423,0.17981599271297455,1.1005699889210518e-05,t17_f5_c3,ZTF20aaiggef
2459391.9577894,1,1637457784815,19.444000244140625,/ztf/archive/sci/2021/0626/457778/ztf_20210626457778_000724_zg_c13_o_q1_scimrefdiffimg.fits.fz,Kulkarni,2,,,,1637,48,724,,,,,,,,,,,,,,,,,,,,,,,,,,,,,,,,,,,,26.116300582885742,1.2130400136811659e-05,0.04031290113925934,-0.0372701995074749,3.117950109299272e-05,t17_f5_c3,ZTF20aaiggef
2459392.7668634,1,1638266866115,19.99799919128418,/ztf/archive/sci/2021/0627/266840/ztf_20210627266840_000725_zg_c16_o_q2_scimrefdiffimg.fits.fz,Kulkarni,1,,,,1638,61,725,,,,,,,,,,,,,,,,,,,,,,,,,,,,,,,,,,,,26.12689971923828,7.599719992867904e-06,0.033118199557065964,-0.03370489925146103,1.671959944360424e-05,t17_f5_c3,ZTF20aaiggef
2459392.8309606,2,1638330964815,19.91390037536621,/ztf/archive/sci/2021/0627/330949/ztf_20210627330949_000724_zr_c13_o_q1_scimrefdiffimg.fits.fz,Kulkarni,2,,,,1638,48,724,,,,,,,,,,,,,,,,,,,,,,,,,,,,,,,,,,,,26.074800491333008,3.0050400710024405e-06,0.022856000810861588,0.07391030341386795,6.171119821374305e-06,t17_f5_c3,ZTF20aaiggef
2459392.8687384,2,1638368736115,19.877300262451172,/ztf/archive/sci/2021/0627/368727/ztf_20210627368727_000725_zr_c16_o_q2_scimrefdiffimg.fits.fz,Kulkarni,1,,,,1638,61,725,,,,,,,,,,,,,,,,,,,,,,,,,,,,,,,,,,,,26.045900344848633,3.699650051203207e-06,0.024014800786972046,0.0846157968044281,7.438509783241898e-06,t17_f5_c3,ZTF20aaiggef
2459392.8692014,2,1638369204815,19.861900329589844,/ztf/archive/sci/2021/0627/369201/ztf_20210627369201_000724_zr_c13_o_q1_scimrefdiffimg.fits.fz,Kulkarni,2,,,,1638,48,724,,,,,,,,,,,,,,,,,,,,,,,,,,,,,,,,,,,,26.079500198364258,3.39678990712855e-06,0.02418060041964054,0.07745770364999771,7.0173800850170664e-06,t17_f5_c3,ZTF20aaiggef
2459392.9407986,1,1638440794815,19.40130043029785,/ztf/archive/sci/2021/0627/440775/ztf_20210627440775_000724_zg_c13_o_q1_scimrefdiffimg.fits.fz,Kulkarni,2,,,,1638,48,724,,,,,,,,,,,,,,,,,,,,,,,,,,,,,,,,,,,,26.094100952148438,1.3481499991030432e-05,0.040927499532699585,-0.01643720082938671,3.573749927454628e-05,t17_f5_c3,ZTF20aaiggef
2459393.7474306,2,1639247434815,20.476900100708008,/ztf/archive/sci/2021/0628/247419/ztf_20210628247419_000724_zr_c13_o_q1_scimrefdiffimg.fits.fz,Kulkarni,1,,,,1639,48,724,,,,,,,,,,,,,,,,,,,,,,,,,,,,,,,,,,,,26.074800491333008,4.157319835940143e-06,0.026737799867987633,0.06500309705734253,8.594490282121114e-06,t17_f5_c3,ZTF20aaiggef
2459393.7555324,1,1639255534815,20.478200912475586,/ztf/archive/sci/2021/0628/255486/ztf_20210628255486_000724_zg_c13_o_q1_scimrefdiffimg.fits.fz,Kulkarni,2,,,,1639,48,724,,,,,,,,,,,,,,,,,,,,,,,,,,,,,,,,,,,,26.150299072265625,9.19601006899029e-06,0.03980749845504761,-0.0868121013045311,1.8855600501410663e-05,t17_f5_c3,ZTF20aaiggef
2459393.7824306,1,1639282434815,20.1825008392334,/ztf/archive/sci/2021/0628/282396/ztf_20210628282396_000724_zg_c13_o_q1_scimrefdiffimg.fits.fz,Kulkarni,1,,,,1639,48,724,,,,,,,,,,,,,,,,,,,,,,,,,,,,,,,,,,,,26.163799285888672,6.862159807496937e-06,0.03391699865460396,-0.052654001861810684,1.4774699593544938e-05,t17_f5_c3,ZTF20aaiggef
2459393.8524074,1,1639352404815,19.85890007019043,/ztf/archive/sci/2021/0628/352407/ztf_20210628352407_000724_zg_c13_o_q1_scimrefdiffimg.fits.fz,Kulkarni,2,,,,1639,48,724,,,,,,,,,,,,,,,,,,,,,,,,,,,,,,,,,,,,26.169200897216797,8.705020263732877e-06,0.036728598177433014,-0.043093498796224594,1.9990300643257797e-05,t17_f5_c3,ZTF20aaiggef
2459393.9112037,2,1639411204815,19.85930061340332,/ztf/archive/sci/2021/0628/411192/ztf_20210628411192_000724_zr_c13_o_q1_scimrefdiffimg.fits.fz,Kulkarni,2,,,,1639,48,724,,,,,,,,,,,,,,,,,,,,,,,,,,,,,,,,,,,,26.071199417114258,3.345380036989809e-06,0.024041099473834038,0.07387620210647583,6.855409992567729e-06,t17_f5_c3,ZTF20aaiggef
2459394.7242824,1,1640224284815,20.615400314331055,/ztf/archive/sci/2021/0629/224282/ztf_20210629224282_000724_zg_c13_o_q1_scimrefdiffimg.fits.fz,Kulkarni,2,,,,1640,48,724,,,,,,,,,,,,,,,,,,,,,,,,,,,,,,,,,,,,25.95170021057129,1.2108599548810162e-05,0.04516179859638214,-0.09650760143995285,2.5344099412905052e-05,t17_f5_c3,ZTF20aaiggef
2459394.7580093,3,1640258006115,19.71179962158203,/ztf/archive/sci/2021/0629/258009/ztf_20210629258009_000725_zi_c16_o_q2_scimrefdiffimg.fits.fz,Kulkarni,2,,,,1640,61,725,,,,,,,,,,,,,,,,,,,,,,,,,,,,,,,,,,,,25.233800888061523,1.7014200466292095e-06,0.023631799966096878,0.18939900398254395,1.180300023406744e-05,t17_f5_c3,ZTF20aaiggef
2459394.7594676,3,1640259464815,19.652000427246094,/ztf/archive/sci/2021/0629/259444/ztf_20210629259444_000724_zi_c13_o_q1_scimrefdiffimg.fits.fz,Kulkarni,2,,,,1640,48,724,,,,,,,,,,,,,,,,,,,,,,,,,,,,,,,,,,,,25.231800079345703,2.613360038594692e-06,0.029833300039172173,0.19561000168323517,1.9731400243472308e-05,t17_f5_c3,ZTF20aaiggef
2459394.7839931,2,1640283994815,19.973899841308594,/ztf/archive/sci/2021/0629/283981/ztf_20210629283981_000724_zr_c13_o_q1_scimrefdiffimg.fits.fz,Kulkarni,2,,,,1640,48,724,,,,,,,,,,,,,,,,,,,,,,,,,,,,,,,,,,,,25.887800216674805,3.957290118705714e-06,0.026195799931883812,0.0798197016119957,8.162510312104132e-06,t17_f5_c3,ZTF20aaiggef
2459394.8244907,2,1640324496115,19.818300247192383,/ztf/archive/sci/2021/0629/324421/ztf_20210629324421_000725_zr_c16_o_q2_scimrefdiffimg.fits.fz,Kulkarni,1,,,,1640,61,725,,,,,,,,,,,,,,,,,,,,,,,,,,,,,,,,,,,,25.804800033569336,4.276530034985626e-06,0.02597609907388687,0.08624029904603958,8.59100964589743e-06,t17_f5_c3,ZTF20aaiggef
2459394.8486343,1,1640348636115,20.029699325561523,/ztf/archive/sci/2021/0629/348623/ztf_20210629348623_000725_zg_c16_o_q2_scimrefdiffimg.fits.fz,Kulkarni,1,,,,1640,61,725,,,,,,,,,,,,,,,,,,,,,,,,,,,,,,,,,,,,25.96809959411621,7.866409760026727e-06,0.034157201647758484,-0.036616601049900055,1.697670086286962e-05,t17_f5_c3,ZTF20aaiggef
2459394.8622106,1,1640362214815,19.914499282836914,/ztf/archive/sci/2021/0629/362211/ztf_20210629362211_000724_zg_c13_o_q1_scimrefdiffimg.fits.fz,Kulkarni,2,,,,1640,48,724,,,,,,,,,,,,,,,,,,,,,,,,,,,,,,,,,,,,26.00029945373535,8.159890057868324e-06,0.03576280176639557,-0.036208100616931915,1.866650018200744e-05,t17_f5_c3,ZTF20aaiggef
2459394.941794,2,1640441794815,19.724899291992188,/ztf/archive/sci/2021/0629/441782/ztf_20210629441782_000724_zr_c13_o_q1_scimrefdiffimg.fits.fz,Kulkarni,2,,,,1640,48,724,,,,,,,,,,,,,,,,,,,,,,,,,,,,,,,,,,,,25.950700759887695,3.29471004079096e-06,0.023897800594568253,0.08324220031499863,6.750230113539146e-06,t17_f5_c3,ZTF20aaiggef
2459395.762037,1,1641262034815,20.05030059814453,/ztf/archive/sci/2021/0630/262025/ztf_20210630262025_000724_zg_c13_o_q1_scimrefdiffimg.fits.fz,Kulkarni,2,,,,1641,48,724,,,,,,,,,,,,,,,,,,,,,,,,,,,,,,,,,,,,25.478700637817383,1.371079997625202e-05,0.046786900609731674,-0.08015450090169907,3.095050124102272e-05,t17_f5_c3,ZTF20aaiggef
2459395.7788194,1,1641278814815,19.93910026550293,/ztf/archive/sci/2021/0630/278808/ztf_20210630278808_000724_zg_c13_o_q1_scimrefdiffimg.fits.fz,Kulkarni,2,,,,1641,48,724,,,,,,,,,,,,,,,,,,,,,,,,,,,,,,,,,,,,25.44879913330078,1.2137499652453698e-05,0.04386749863624573,-0.06613940000534058,2.76572991424473e-05,t17_f5_c3,ZTF20aaiggef
2459395.7803819,1,1641280384815,19.872499465942383,/ztf/archive/sci/2021/0630/280301/ztf_20210630280301_000724_zg_c13_o_q1_scimrefdiffimg.fits.fz,Kulkarni,1,,,,1641,48,724,,,,,,,,,,,,,,,,,,,,,,,,,,,,,,,,,,,,25.349700927734375,1.745970075717196e-05,0.05075690150260925,-0.07062730193138123,4.2108898924198e-05,t17_f5_c3,ZTF20aaiggef
2459396.765706,1,1642265704815,20.617900848388672,/ztf/archive/sci/2021/0701/265706/ztf_20210701265706_000724_zg_c13_o_q1_scimrefdiffimg.fits.fz,Kulkarni,2,,,,1642,48,724,,,,,,,,,,,,,,,,,,,,,,,,,,,,,,,,,,,,26.09040069580078,1.2023299859720282e-05,0.04567199945449829,-0.09946709871292114,2.484419928805437e-05,t17_f5_c3,ZTF20aaiggef
2459396.8027546,1,1642302756115,20.555400848388672,/ztf/archive/sci/2021/0701/302755/ztf_20210701302755_000725_zg_c16_o_q2_scimrefdiffimg.fits.fz,Kulkarni,1,,,,1642,61,725,,,,,,,,,,,,,,,,,,,,,,,,,,,,,,,,,,,,26.075700759887695,6.361050054692896e-06,0.0317034013569355,-0.054229799658060074,1.2863200026913546e-05,t17_f5_c3,ZTF20aaiggef
2459396.8305093,2,1642330504815,20.420900344848633,/ztf/archive/sci/2021/0701/330509/ztf_20210701330509_000724_zr_c13_o_q1_scimrefdiffimg.fits.fz,Kulkarni,2,,,,1642,48,724,,,,,,,,,,,,,,,,,,,,,,,,,,,,,,,,,,,,26.021699905395508,4.526590146269882e-06,0.028058599680662155,0.07146099954843521,9.283709914598148e-06,t17_f5_c3,ZTF20aaiggef
2459396.831956,2,1642331956115,20.468299865722656,/ztf/archive/sci/2021/0701/331921/ztf_20210701331921_000725_zr_c16_o_q2_scimrefdiffimg.fits.fz,Kulkarni,1,,,,1642,61,725,,,,,,,,,,,,,,,,,,,,,,,,,,,,,,,,,,,,26.00279998779297,2.7449300432635937e-06,0.02065970003604889,0.0872247964143753,5.533259809453739e-06,t17_f5_c3,ZTF20aaiggef
2459396.8455093,2,1642345504815,20.210100173950195,/ztf/archive/sci/2021/0701/345474/ztf_20210701345474_000724_zr_c13_o_q1_scimrefdiffimg.fits.fz,Kulkarni,2,,,,1642,48,724,,,,,,,,,,,,,,,,,,,,,,,,,,,,,,,,,,,,26.046899795532227,5.305979811964789e-06,0.030324000865221024,0.06677260249853134,1.0936600119748618e-05,t17_f5_c3,ZTF20aaiggef
2459396.9242593,1,1642424254815,20.106800079345703,/ztf/archive/sci/2021/0701/424259/ztf_20210701424259_000724_zg_c13_o_q1_scimrefdiffimg.fits.fz,Kulkarni,2,,,,1642,48,724,,,,,,,,,,,,,,,,,,,,,,,,,,,,,,,,,,,,26.035600662231445,6.6998500187764876e-06,0.03326059877872467,-0.05354199931025505,1.4525099686579779e-05,t17_f5_c3,ZTF20aaiggef
2459397.7844444,1,1643284444815,20.726299285888672,/ztf/archive/sci/2021/0702/284410/ztf_20210702284410_000724_zg_c13_o_q1_scimrefdiffimg.fits.fz,Kulkarni,2,,,,1643,48,724,,,,,,,,,,,,,,,,,,,,,,,,,,,,,,,,,,,,26.121700286865234,1.0774900147225708e-05,0.04325610026717186,-0.08731599897146225,2.2361700757755898e-05,t17_f5_c3,ZTF20aaiggef
2459397.7859722,1,1643285974815,20.76259994506836,/ztf/archive/sci/2021/0702/285926/ztf_20210702285926_000724_zg_c13_o_q1_scimrefdiffimg.fits.fz,Kulkarni,1,,,,1643,48,724,,,,,,,,,,,,,,,,,,,,,,,,,,,,,,,,,,,,26.12179946899414,1.1169900062668603e-05,0.04377790167927742,-0.09280499815940857,2.3347400201600976e-05,t17_f5_c3,ZTF20aaiggef
2459397.810787,1,1643310784815,20.641799926757812,/ztf/archive/sci/2021/0702/310775/ztf_20210702310775_000724_zg_c13_o_q1_scimrefdiffimg.fits.fz,Kulkarni,2,,,,1643,48,724,,,,,,,,,,,,,,,,,,,,,,,,,,,,,,,,,,,,26.137399673461914,1.0593100341793615e-05,0.04256470128893852,-0.10821299999952316,2.211379978689365e-05,t17_f5_c3,ZTF20aaiggef
2459397.8189005,3,1643318906115,19.743200302124023,/ztf/archive/sci/2021/0702/318900/ztf_20210702318900_000725_zi_c16_o_q2_scimrefdiffimg.fits.fz,Kulkarni,2,,,,1643,61,725,,,,,,,,,,,,,,,,,,,,,,,,,,,,,,,,,,,,25.346099853515625,1.4691199794469867e-06,0.02191229909658432,0.1879650056362152,1.0172499969485216e-05,t17_f5_c3,ZTF20aaiggef
2459397.819375,3,1643319374815,19.834800720214844,/ztf/archive/sci/2021/0702/319375/ztf_20210702319375_000724_zi_c13_o_q1_scimrefdiffimg.fits.fz,Kulkarni,2,,,,1643,48,724,,,,,,,,,,,,,,,,,,,,,,,,,,,,,,,,,,,,25.32830047607422,2.312259994141641e-06,0.028128299862146378,0.19537100195884705,1.7417300114175305e-05,t17_f5_c3,ZTF20aaiggef
2459397.8409606,2,1643340964815,20.49410057067871,/ztf/archive/sci/2021/0702/340949/ztf_20210702340949_000724_zr_c13_o_q1_scimrefdiffimg.fits.fz,Kulkarni,2,,,,1643,48,724,,,,,,,,,,,,,,,,,,,,,,,,,,,,,,,,,,,,26.05069923400879,4.500740033108741e-06,0.02774300053715706,0.07371389865875244,9.254949873138685e-06,t17_f5_c3,ZTF20aaiggef
2459397.8418981,2,1643341894815,20.509700775146484,/ztf/archive/sci/2021/0702/341887/ztf_20210702341887_000724_zr_c13_o_q1_scimrefdiffimg.fits.fz,Kulkarni,1,,,,1643,48,724,,,,,,,,,,,,,,,,,,,,,,,,,,,,,,,,,,,,26.059200286865234,5.026920007367153e-06,0.02941419929265976,0.07051599770784378,1.0391299838374835e-05,t17_f5_c3,ZTF20aaiggef
2459397.878669,2,1643378664815,20.267099380493164,/ztf/archive/sci/2021/0702/378657/ztf_20210702378657_000724_zr_c13_o_q1_scimrefdiffimg.fits.fz,Kulkarni,2,,,,1643,48,724,,,,,,,,,,,,,,,,,,,,,,,,,,,,,,,,,,,,26.03459930419922,3.872609795507742e-06,0.025684600695967674,0.07187540084123611,8.027819603739772e-06,t17_f5_c3,ZTF20aaiggef
2459399.7633102,1,1645263314815,20.66550064086914,/ztf/archive/sci/2021/0704/263299/ztf_20210704263299_000724_zg_c13_o_q1_scimrefdiffimg.fits.fz,Kulkarni,2,,,,1645,48,724,,,,,,,,,,,,,,,,,,,,,,,,,,,,,,,,,,,,26.136199951171875,1.1136299690406304e-05,0.04391919821500778,-0.10548000037670135,2.305230009369552e-05,t17_f5_c3,ZTF20aaiggef
2459399.7916435,1,1645291646115,20.74690055847168,/ztf/archive/sci/2021/0704/291644/ztf_20210704291644_000725_zg_c16_o_q2_scimrefdiffimg.fits.fz,Kulkarni,1,,,,1645,61,725,,,,,,,,,,,,,,,,,,,,,,,,,,,,,,,,,,,,26.131200790405273,4.820510184799787e-06,0.027476700022816658,-0.04848330095410347,9.767600204213522e-06,t17_f5_c3,ZTF20aaiggef
2459399.8102778,1,1645310274815,20.607799530029297,/ztf/archive/sci/2021/0704/310278/ztf_20210704310278_000724_zg_c13_o_q1_scimrefdiffimg.fits.fz,Kulkarni,2,,,,1645,48,724,,,,,,,,,,,,,,,,,,,,,,,,,,,,,,,,,,,,26.006799697875977,1.2161400263721589e-05,0.04540050029754639,-0.10067199915647507,2.5606899725971743e-05,t17_f5_c3,ZTF20aaiggef
2459399.8285764,2,1645328574815,20.633699417114258,/ztf/archive/sci/2021/0704/328565/ztf_20210704328565_000724_zr_c13_o_q1_scimrefdiffimg.fits.fz,Kulkarni,2,,,,1645,48,724,,,,,,,,,,,,,,,,,,,,,,,,,,,,,,,,,,,,26.065099716186523,5.222880190558499e-06,0.030009500682353973,0.06536000221967697,1.0799900337588042e-05,t17_f5_c3,ZTF20aaiggef
2459399.844919,2,1645344916115,20.287799835205078,/ztf/archive/sci/2021/0704/344919/ztf_20210704344919_000725_zr_c16_o_q2_scimrefdiffimg.fits.fz,Kulkarni,1,,,,1645,61,725,,,,,,,,,,,,,,,,,,,,,,,,,,,,,,,,,,,,26.070600509643555,4.403520051710075e-06,0.02625570073723793,0.06265749782323837,8.826929843053222e-06,t17_f5_c3,ZTF20aaiggef
2459400.7253009,2,1646225304815,20.531999588012695,/ztf/archive/sci/2021/0705/225266/ztf_20210705225266_000724_zr_c13_o_q1_scimrefdiffimg.fits.fz,Kulkarni,2,,,,1646,48,724,,,,,,,,,,,,,,,,,,,,,,,,,,,,,,,,,,,,26.065500259399414,4.939910013490589e-06,0.029046399518847466,0.06783950328826904,1.0218699571851175e-05,t17_f5_c3,ZTF20aaiggef
2459400.7871412,1,1646287144815,20.62150001525879,/ztf/archive/sci/2021/0705/287130/ztf_20210705287130_000724_zg_c13_o_q1_scimrefdiffimg.fits.fz,Kulkarni,2,,,,1646,48,724,,,,,,,,,,,,,,,,,,,,,,,,,,,,,,,,,,,,26.125600814819336,1.2279299880901817e-05,0.04592439904808998,-0.08953239768743515,2.5988600100390613e-05,t17_f5_c3,ZTF20aaiggef
2459400.8016319,1,1646301634815,20.7106990814209,/ztf/archive/sci/2021/0705/301632/ztf_20210705301632_000724_zg_c13_o_q1_scimrefdiffimg.fits.fz,Kulkarni,1,,,,1646,48,724,,,,,,,,,,,,,,,,,,,,,,,,,,,,,,,,,,,,26.12980079650879,1.1200700100744143e-05,0.043797001242637634,-0.11193200200796127,2.3380200218525715e-05,t17_f5_c3,ZTF20aaiggef
2459400.802581,1,1646302584815,20.719600677490234,/ztf/archive/sci/2021/0705/302569/ztf_20210705302569_000724_zg_c13_o_q1_scimrefdiffimg.fits.fz,Kulkarni,2,,,,1646,48,724,,,,,,,,,,,,,,,,,,,,,,,,,,,,,,,,,,,,26.1210994720459,1.2846699974033982e-05,0.047030799090862274,-0.10493600368499756,2.6766500013764016e-05,t17_f5_c3,ZTF20aaiggef
2459400.8216551,3,1646321654815,19.9955997467041,/ztf/archive/sci/2021/0705/321644/ztf_20210705321644_000724_zi_c13_o_q1_scimrefdiffimg.fits.fz,Kulkarni,2,,,,1646,48,724,,,,,,,,,,,,,,,,,,,,,,,,,,,,,,,,,,,,25.315500259399414,3.2992400065268157e-06,0.033861998468637466,0.19813799858093262,2.4444800146739e-05,t17_f5_c3,ZTF20aaiggef
2459400.8221181,3,1646322116115,20.000900268554688,/ztf/archive/sci/2021/0705/322118/ztf_20210705322118_000725_zi_c16_o_q2_scimrefdiffimg.fits.fz,Kulkarni,2,,,,1646,61,725,,,,,,,,,,,,,,,,,,,,,,,,,,,,,,,,,,,,25.335599899291992,1.2968399687451893e-06,0.020662400871515274,0.19664399325847626,8.848610377754085e-06,t17_f5_c3,ZTF20aaiggef
2459400.849456,2,1646349454815,20.389400482177734,/ztf/archive/sci/2021/0705/349444/ztf_20210705349444_000724_zr_c13_o_q1_scimrefdiffimg.fits.fz,Kulkarni,1,,,,1646,48,724,,,,,,,,,,,,,,,,,,,,,,,,,,,,,,,,,,,,26.05900001525879,5.226209850661689e-06,0.030016399919986725,0.0665787011384964,1.0787400242406875e-05,t17_f5_c3,ZTF20aaiggef
2459400.8504051,2,1646350404815,20.512699127197266,/ztf/archive/sci/2021/0705/350394/ztf_20210705350394_000724_zr_c13_o_q1_scimrefdiffimg.fits.fz,Kulkarni,2,,,,1646,48,724,,,,,,,,,,,,,,,,,,,,,,,,,,,,,,,,,,,,26.052099227905273,5.566640083998209e-06,0.030956799164414406,0.06849169731140137,1.1464099770819303e-05,t17_f5_c3,ZTF20aaiggef
2459401.7485995,1,1647248594815,20.54360008239746,/ztf/archive/sci/2021/0706/248553/ztf_20210706248553_000724_zg_c13_o_q1_scimrefdiffimg.fits.fz,Kulkarni,2,,,,1647,48,724,,,,,,,,,,,,,,,,,,,,,,,,,,,,,,,,,,,,26.16819953918457,1.1900599929504097e-05,0.04521400108933449,-0.09553229808807373,2.4941700758063234e-05,t17_f5_c3,ZTF20aaiggef
2459401.7986806,2,1647298684815,20.65559959411621,/ztf/archive/sci/2021/0706/298669/ztf_20210706298669_000724_zr_c13_o_q1_scimrefdiffimg.fits.fz,Kulkarni,2,,,,1647,48,724,,,,,,,,,,,,,,,,,,,,,,,,,,,,,,,,,,,,26.087099075317383,5.4043298405304085e-06,0.03050689958035946,0.0644133985042572,1.1115899724245537e-05,t17_f5_c3,ZTF20aaiggef
2459401.8457755,2,1647345774815,20.491199493408203,/ztf/archive/sci/2021/0706/345729/ztf_20210706345729_000724_zr_c13_o_q1_scimrefdiffimg.fits.fz,Kulkarni,2,,,,1647,48,724,,,,,,,,,,,,,,,,,,,,,,,,,,,,,,,,,,,,26.079599380493164,5.275790044834139e-06,0.030123500153422356,0.07169199734926224,1.0839499736903235e-05,t17_f5_c3,ZTF20aaiggef
2459401.84625,2,1647346256115,20.532899856567383,/ztf/archive/sci/2021/0706/346250/ztf_20210706346250_000725_zr_c16_o_q2_scimrefdiffimg.fits.fz,Kulkarni,1,,,,1647,61,725,,,,,,,,,,,,,,,,,,,,,,,,,,,,,,,,,,,,26.063800811767578,3.208270072718733e-06,0.022368600592017174,0.08779200166463852,6.417209988285322e-06,t17_f5_c3,ZTF20aaiggef
2459401.8694676,1,1647369466115,20.602399826049805,/ztf/archive/sci/2021/0706/369468/ztf_20210706369468_000725_zg_c16_o_q2_scimrefdiffimg.fits.fz,Kulkarni,1,,,,1647,61,725,,,,,,,,,,,,,,,,,,,,,,,,,,,,,,,,,,,,26.150100708007812,5.544370196730597e-06,0.029439300298690796,-0.04794770106673241,1.1311800335533917e-05,t17_f5_c3,ZTF20aaiggef
2459401.8777662,1,1647377764815,20.673900604248047,/ztf/archive/sci/2021/0706/377674/ztf_20210706377674_000724_zg_c13_o_q1_scimrefdiffimg.fits.fz,Kulkarni,2,,,,1647,48,724,,,,,,,,,,,,,,,,,,,,,,,,,,,,,,,,,,,,26.14240074157715,1.0303800081601366e-05,0.04207859933376312,-0.08833859860897064,2.1362300685723312e-05,t17_f5_c3,ZTF20aaiggef
2459402.7625579,2,1648262554815,20.557600021362305,/ztf/archive/sci/2021/0707/262558/ztf_20210707262558_000724_zr_c13_o_q1_scimrefdiffimg.fits.fz,Kulkarni,1,,,,1648,48,724,,,,,,,,,,,,,,,,,,,,,,,,,,,,,,,,,,,,26.081300735473633,4.5202200453786645e-06,0.027909399941563606,0.06518380343914032,9.316139767179266e-06,t17_f5_c3,ZTF20aaiggef
2459402.7649884,2,1648264984815,20.347299575805664,/ztf/archive/sci/2021/0707/264977/ztf_20210707264977_000724_zr_c13_o_q1_scimrefdiffimg.fits.fz,Kulkarni,2,,,,1648,48,724,,,,,,,,,,,,,,,,,,,,,,,,,,,,,,,,,,,,26.071199417114258,6.2942799559095874e-06,0.032969798892736435,0.07082770019769669,1.299700033996487e-05,t17_f5_c3,ZTF20aaiggef
2459402.8010185,1,1648301014815,20.53030014038086,/ztf/archive/sci/2021/0707/301007/ztf_20210707301007_000724_zg_c13_o_q1_scimrefdiffimg.fits.fz,Kulkarni,1,,,,1648,48,724,,,,,,,,,,,,,,,,,,,,,,,,,,,,,,,,,,,,26.152599334716797,1.2650800272240303e-05,0.04660389944911003,-0.09524869918823242,2.6516199795878492e-05,t17_f5_c3,ZTF20aaiggef
2459402.8026389,1,1648302634815,20.641799926757812,/ztf/archive/sci/2021/0707/302593/ztf_20210707302593_000724_zg_c13_o_q1_scimrefdiffimg.fits.fz,Kulkarni,2,,,,1648,48,724,,,,,,,,,,,,,,,,,,,,,,,,,,,,,,,,,,,,26.159000396728516,1.1995300155831501e-05,0.04551110044121742,-0.10200200229883194,2.5035900762304664e-05,t17_f5_c3,ZTF20aaiggef
2458852.0515162,1,1097551514815,19.521900177001953,/ztf/archive/sci/2020/0103/551516/ztf_20200103551516_000724_zg_c13_o_q1_scimrefdiffimg.fits.fz,Kulkarni,1,,,,1097,48,724,,,,,,,,,,,,,,,,,,,,,,,,,,,,,,,,,,,,25.8439998626709,1.7480100723332725e-05,0.04422919824719429,-0.019202500581741333,4.729329884867184e-05,t17_f5_c3,ZTF20aaiggef
2458852.0533218,1,1097553326115,19.560800552368164,/ztf/archive/sci/2020/0103/553322/ztf_20200103553322_000725_zg_c16_o_q2_scimrefdiffimg.fits.fz,Kulkarni,1,1.09755332611501e+18,f,22.0,1097,61,725,1554.8900146484375,2246.179931640625,265.3848799,43.5647781,20.0939998626709,0.4193829894065857,0.6939210295677185,19.92099952697754,0.3158000111579895,0.6746860146522522,19.097000122070312,0.03200000151991844,1.7740000486373901,0.03099999949336052,0.21402299404144287,-0.17297999560832977,2.3499999046325684,0.38199999928474426,834.322021484375,-0.36017799377441406,1.8373700380325317,1.4079999923706055,1.1799999475479126,0.5991489887237549,0.502128005027771,1.1932200193405151,3.0,0.0,0.5728570222854614,1.0,19.842500686645508,0.3767000138759613,265.384619,43.5647603,5.19594,25.87700080871582,2.0676799977081828e-05,0.04610320180654526,-0.008060099557042122,5.628629878628999e-05,t17_f5_c3,ZTF20aaiggef
2458855.0719676,2,1100571964815,19.11680030822754,/ztf/archive/sci/2020/0106/571956/ztf_20200106571956_000724_zr_c13_o_q1_scimrefdiffimg.fits.fz,Kulkarni,1,,,,1100,48,724,,,,,,,,,,,,,,,,,,,,,,,,,,,,,,,,,,,,26.01689910888672,1.3211099940235727e-05,0.04268750175833702,0.09536860138177872,2.7757900170399807e-05,t17_f5_c3,ZTF20aaiggef
2458855.0728704,2,1100572876115,19.055999755859375,/ztf/archive/sci/2020/0106/572870/ztf_20200106572870_000725_zr_c16_o_q2_scimrefdiffimg.fits.fz,Kulkarni,1,,,,1100,61,725,,,,,,,,,,,,,,,,,,,,,,,,,,,,,,,,,,,,26.008699417114258,1.9564200556487776e-05,0.047485001385211945,0.08679050207138062,4.191389962215908e-05,t17_f5_c3,ZTF20aaiggef
2458874.0336921,2,1119533694815,20.23979949951172,/ztf/archive/sci/2020/0125/533692/ztf_20200125533692_000724_zr_c13_o_q1_scimrefdiffimg.fits.fz,Kulkarni,1,,,,1119,48,724,,,,,,,,,,,,,,,,,,,,,,,,,,,,,,,,,,,,26.023399353027344,4.056109901284799e-06,0.026328399777412415,0.07607710361480713,8.26639006845653e-06,t17_f5_c3,ZTF20aaiggef
2458874.0560532,1,1119556054815,20.566600799560547,/ztf/archive/sci/2020/0125/556053/ztf_20200125556053_000724_zg_c13_o_q1_scimrefdiffimg.fits.fz,Kulkarni,1,1.11955605481501e+18,f,20.0,1119,48,724,2251.360107421875,2227.330078125,265.3846476,43.5647925,19.652299880981445,0.15648899972438812,1.6950500011444092,19.9143009185791,0.19619999825954437,0.13759100437164307,19.094999313354492,0.019999999552965164,0.8169999718666077,0.0010000000474974513,0.08375199884176254,0.26196199655532837,2.3399999141693115,0.9490000009536743,821.1409912109375,0.6523270010948181,1.186229944229126,0.7459999918937683,0.718999981880188,0.31880301237106323,0.3072650134563446,1.0375499725341797,2.0,0.0,0.9542859792709351,1.0,20.042800903320312,0.28200000524520874,265.3845965,43.5647832,14.2372,26.1023006439209,1.2987599802727345e-05,0.047091301530599594,-0.10786399990320206,2.672200025699567e-05,t17_f5_c3,ZTF20aaiggef
2458875.9883796,1,1121488376115,20.028499603271484,/ztf/archive/sci/2020/0127/488345/ztf_20200127488345_000725_zg_c16_o_q2_scimrefdiffimg.fits.fz,Kulkarni,1,1.12148837611501e+18,f,14.0,1121,61,725,1563.93994140625,2218.3701171875,265.3846054,43.564644,19.79789924621582,0.201992005109787,1.2214900255203247,19.94580078125,0.25600001215934753,0.41383498907089233,19.097000122070312,0.03200000151991844,1.7740000486373901,0.03099999949336052,0.10695599764585495,0.14785100519657135,4.909999847412109,0.6930000185966492,862.1339721679688,0.082676000893116,0.7267249822616577,1.1629999876022339,1.1200000047683716,0.23686400055885315,0.22810600697994232,1.038390040397644,3.0,0.0,0.7900000214576721,1.0,20.113100051879883,0.3822000026702881,265.384619,43.5647603,9.77675,25.940900802612305,1.1177199667145032e-05,0.04012959823012352,-0.04195469990372658,2.5139299395959824e-05,t17_f5_c3,ZTF20aaiggef
2458877.0344444,1,1122534444815,20.526599884033203,/ztf/archive/sci/2020/0128/534433/ztf_20200128534433_000724_zg_c13_o_q1_scimrefdiffimg.fits.fz,Kulkarni,1,1.12253444481502e+18,f,26.0,1122,48,724,2249.6201171875,2218.050048828125,265.3846231,43.5648047,19.748600006103516,0.19922199845314026,2.7325000762939453,19.903499603271484,0.21870000660419464,0.11084000021219254,19.094999313354492,0.019999999552965164,0.8169999718666077,0.0010000000474974513,-0.078186996281147,0.1548909991979599,1.9600000381469727,0.9860000014305115,822.8800048828125,0.6231269836425781,1.3000099658966064,0.5619999766349792,0.49300000071525574,0.28673499822616577,0.2515310049057007,1.1399600505828857,6.0,0.0,0.8799999952316284,0.9531840085983276,19.720500946044922,0.2363000065088272,265.3845965,43.5647832,13.6752,26.06060028076172,9.858160410658456e-06,0.04084109887480736,-0.07938220351934433,2.0570600099745207e-05,t17_f5_c3,ZTF20aaiggef
2458877.0727315,2,1122572734815,20.028400421142578,/ztf/archive/sci/2020/0128/572732/ztf_20200128572732_000724_zr_c13_o_q1_scimrefdiffimg.fits.fz,Kulkarni,1,,,,1122,48,724,,,,,,,,,,,,,,,,,,,,,,,,,,,,,,,,,,,,26.061500549316406,2.8855199616373284e-06,0.022140199318528175,0.07648719847202301,5.943099949945463e-06,t17_f5_c3,ZTF20aaiggef
2458879.0367245,1,1124536726115,20.029800415039062,/ztf/archive/sci/2020/0130/536690/ztf_20200130536690_000725_zg_c16_o_q2_scimrefdiffimg.fits.fz,Kulkarni,1,1.12453672611501e+18,f,24.0,1124,61,725,1562.9200439453125,2241.639892578125,265.38464,43.5646806,19.93079948425293,0.23363099992275238,0.8013529777526855,19.856000900268555,0.22849999368190765,0.27350398898124695,19.097000122070312,0.03200000151991844,1.7740000486373901,0.03099999949336052,0.10692299902439117,-0.0748009979724884,4.659999847412109,0.7039999961853027,838.8579711914062,0.17384499311447144,0.7881720066070557,1.3170000314712524,1.1039999723434448,0.28261798620224,0.23691000044345856,1.192929983139038,1.0,0.0,0.75142902135849,1.0,19.862899780273438,0.29429998993873596,265.384619,43.5647603,8.32463,26.07080078125,9.708260222396348e-06,0.037594299763441086,-0.04281599819660187,2.1790299797430634e-05,t17_f5_c3,ZTF20aaiggef
2458879.07375,2,1124573756115,19.42460060119629,/ztf/archive/sci/2020/0130/573715/ztf_20200130573715_000725_zr_c16_o_q2_scimrefdiffimg.fits.fz,Kulkarni,1,,,,1124,61,725,,,,,,,,,,,,,,,,,,,,,,,,,,,,,,,,,,,,26.00510025024414,9.609630069462582e-06,0.03926059976220131,0.07350870221853256,1.9184299162589014e-05,t17_f5_c3,ZTF20aaiggef
2458880.0091782,1,1125509174815,19.402299880981445,/ztf/archive/sci/2020/0131/509178/ztf_20200131509178_000724_zg_c13_o_q1_scimrefdiffimg.fits.fz,Kulkarni,1,,,,1125,48,724,,,,,,,,,,,,,,,,,,,,,,,,,,,,,,,,,,,,26.043500900268555,3.077799919992685e-05,0.043828099966049194,-0.018680300563573837,9.818770195124671e-05,t17_f5_c3,ZTF20aaiggef
2458880.0487963,2,1125548794815,19.321300506591797,/ztf/archive/sci/2020/0131/548773/ztf_20200131548773_000724_zr_c13_o_q1_scimrefdiffimg.fits.fz,Kulkarni,1,,,,1125,48,724,,,,,,,,,,,,,,,,,,,,,,,,,,,,,,,,,,,,26.007099151611328,1.3963600395072717e-05,0.04342300072312355,0.08890750259160995,2.955980016849935e-05,t17_f5_c3,ZTF20aaiggef
2458885.9685995,1,1131468594815,18.964000701904297,/ztf/archive/sci/2020/0206/468600/ztf_20200206468600_000724_zg_c13_o_q1_scimrefdiffimg.fits.fz,Kulkarni,1,,,,1131,48,724,,,,,,,,,,,,,,,,,,,,,,,,,,,,,,,,,,,,26.005599975585938,3.4706401493167505e-05,0.04855690151453018,-0.017156200483441353,0.00010740000288933516,t17_f5_c3,ZTF20aaiggef
2458886.044456,2,1131544454815,20.12969970703125,/ztf/archive/sci/2020/0206/544456/ztf_20200206544456_000724_zr_c13_o_q1_scimrefdiffimg.fits.fz,Kulkarni,1,1.13154445481501e+18,f,25.0,1131,48,724,2238.14990234375,2248.64990234375,265.3846582,43.5648236,19.92959976196289,0.2050659954547882,1.156440019607544,19.912099838256836,0.2955000102519989,0.19934099912643433,18.836000442504883,0.024000000208616257,1.2430000305175781,0.09099999815225601,0.13644999265670776,-0.017454000189900398,1.899999976158142,0.9269999861717224,831.844970703125,0.21755200624465942,1.4343500137329102,0.7670000195503235,0.7009999752044678,0.40368399024009705,0.36894699931144714,1.0941499471664429,6.0,0.0,0.9700000286102295,0.872979998588562,19.706899642944336,0.31299999356269836,265.3845988,43.5647835,8.15375,26.06060028076172,3.69010990652896e-06,0.02516379952430725,0.07207050174474716,7.60156990509131e-06,t17_f5_c3,ZTF20aaiggef
2458886.9851852,1,1132485186115,19.30069923400879,/ztf/archive/sci/2020/0207/485185/ztf_20200207485185_000725_zg_c16_o_q2_scimrefdiffimg.fits.fz,Kulkarni,1,,,,1132,61,725,,,,,,,,,,,,,,,,,,,,,,,,,,,,,,,,,,,,26.038299560546875,1.4029200428922195e-05,0.039571598172187805,-0.035241998732089996,3.69041008525528e-05,t17_f5_c3,ZTF20aaiggef
2458887.0575,2,1132557506115,20.027599334716797,/ztf/archive/sci/2020/0207/557488/ztf_20200207557488_000725_zr_c16_o_q2_scimrefdiffimg.fits.fz,Kulkarni,1,,,,1132,61,725,,,,,,,,,,,,,,,,,,,,,,,,,,,,,,,,,,,,26.048900604248047,4.387240096548339e-06,0.026509100571274757,0.08693700283765793,8.8447195594199e-06,t17_f5_c3,ZTF20aaiggef
2458889.0111458,2,1134511144815,18.837799072265625,/ztf/archive/sci/2020/0209/511146/ztf_20200209511146_000724_zr_c13_o_q1_scimrefdiffimg.fits.fz,Kulkarni,1,,,,1134,48,724,,,,,,,,,,,,,,,,,,,,,,,,,,,,,,,,,,,,26.048599243164062,1.3358099749893881e-05,0.041041698306798935,0.09030430018901825,2.877529914258048e-05,t17_f5_c3,ZTF20aaiggef
2458891.9719676,1,1137471966115,19.382699966430664,/ztf/archive/sci/2020/0212/471968/ztf_20200212471968_000725_zg_c16_o_q2_scimrefdiffimg.fits.fz,Kulkarni,1,1.13747196611501e+18,f,6.0,1137,61,725,1560.25,2257.760009765625,265.3846146,43.5646989,19.769899368286133,0.2964560091495514,1.1229000091552734,20.320600509643555,0.7896999716758728,0.2112559974193573,19.097000122070312,0.03200000151991844,1.7740000486373901,0.03099999949336052,0.05179399996995926,0.550665020942688,2.5399999618530273,0.6949999928474426,822.7420043945312,-0.9378730058670044,1.1487300395965576,0.7699999809265137,0.625,0.3031499981880188,0.2460629940032959,1.2319999933242798,6.0,0.0,0.8957139849662781,0.787352979183197,20.385700225830078,1.076799988746643,265.384619,43.5647603,5.94697,26.015899658203125,1.2514299669419415e-05,0.03861699998378754,-0.027794599533081055,3.2029998692451045e-05,t17_f5_c3,ZTF20aaiggef
2458891.9728704,1,1137472874815,19.319700241088867,/ztf/archive/sci/2020/0212/472870/ztf_20200212472870_000724_zg_c13_o_q1_scimrefdiffimg.fits.fz,Kulkarni,1,,,,1137,48,724,,,,,,,,,,,,,,,,,,,,,,,,,,,,,,,,,,,,26.03700065612793,1.4444100088439882e-05,0.04136800020933151,-0.00392132019624114,3.8819500332465395e-05,t17_f5_c3,ZTF20aaiggef
2458895.029375,2,1140529376115,20.02239990234375,/ztf/archive/sci/2020/0215/529352/ztf_20200215529352_000725_zr_c16_o_q2_scimrefdiffimg.fits.fz,Kulkarni,1,1.14052937611501e+18,0,15.0,1140,61,725,1569.699951171875,2297.6298828125,265.38467,43.5647695,19.955799102783203,0.19865000247955322,1.2069799900054932,20.3257999420166,0.47760000824928284,0.13500800728797913,18.86199951171875,0.024000000208616257,1.2319999933242798,0.08299999684095383,-0.18864299356937408,0.3699670135974884,3.6700000762939453,0.8650000095367432,782.8720092773438,-0.30343300104141235,0.7400509715080261,0.7440000176429749,0.625,0.20272499322891235,0.17030000686645508,1.1904000043869019,7.0,0.0,0.9342859983444214,0.942147970199585,20.116300582885742,0.5045999884605408,265.3846149,43.5647656,8.13768,26.02680015563965,4.265739789843792e-06,0.02607239969074726,0.08187299966812134,8.576280379202217e-06,t17_f5_c3,ZTF20aaiggef
2458895.0399306,2,1140539934815,20.079599380493164,/ztf/archive/sci/2020/0215/539930/ztf_20200215539930_000724_zr_c13_o_q1_scimrefdiffimg.fits.fz,Kulkarni,1,1.14053993481501e+18,0,11.0,1140,48,724,2243.239990234375,2276.389892578125,265.384583,43.5647588,19.768199920654297,0.2189279943704605,1.7069400548934937,19.998899459838867,0.3573000133037567,0.10039699822664261,18.836000442504883,0.024000000208616257,1.2430000305175781,0.09099999815225601,-0.3644550144672394,0.23066000640392303,1.7100000381469727,0.9160000085830688,804.1110229492188,0.08073800057172775,1.4915200471878052,0.5989999771118164,0.5519999861717224,0.35029199719429016,0.3228070139884949,1.0851399898529053,8.0,0.0,0.9385709762573242,0.785198986530304,19.977500915527344,0.44850000739097595,265.3845988,43.5647835,8.93308,26.05120086669922,3.518470066410373e-06,0.02464590035378933,0.07682690024375916,7.217230177047895e-06,t17_f5_c3,ZTF20aaiggef
2458895.0570139,1,1140557016115,20.160200119018555,/ztf/archive/sci/2020/0215/557014/ztf_20200215557014_000725_zg_c16_o_q2_scimrefdiffimg.fits.fz,Kulkarni,1,1.14055701611501e+18,0,8.0,1140,61,725,1570.8499755859375,2309.8701171875,265.384593,43.564747,19.892200469970703,0.19282999634742737,1.2395199537277222,19.943599700927734,0.3009999990463257,0.0748710036277771,19.097000122070312,0.03200000151991844,1.7740000486373901,0.03099999949336052,0.15434899926185608,0.05140399932861328,2.640000104904175,0.9120000004768372,770.6339721679688,0.21658100187778473,1.0101200342178345,0.699999988079071,0.6190000176429749,0.2651520073413849,0.23446999490261078,1.1308599710464478,7.0,0.0,0.9771429896354675,0.9247490167617798,19.774200439453125,0.32989999651908875,265.384619,43.5647603,10.6579,26.130199432373047,6.792360181862023e-06,0.03254460170865059,-0.05717090144753456,1.4107099559623748e-05,t17_f5_c3,ZTF20aaiggef
2458895.029375,2,1140529376115,20.02239990234375,/ztf/archive/sci/2020/0215/529352/ztf_20200215529352_000725_zr_c16_o_q2_scimrefdiffimg.fits.fz,Kulkarni,1,1.14052937611501e+18,f,15.0,1140,61,725,1569.699951171875,2297.6298828125,265.38467,43.5647695,19.955799102783203,0.19865000247955322,1.2069799900054932,20.3257999420166,0.47760000824928284,0.13500800728797913,18.86199951171875,0.024000000208616257,1.2319999933242798,0.08299999684095383,-0.18864299356937408,0.3699670135974884,3.6700000762939453,0.8650000095367432,782.8720092773438,-0.30343300104141235,0.7400509715080261,0.7440000176429749,0.625,0.20272499322891235,0.17030000686645508,1.1904000043869019,7.0,0.0,0.9342859983444214,0.942147970199585,20.116300582885742,0.5045999884605408,265.3846149,43.5647656,8.13768,26.02680015563965,4.265739789843792e-06,0.02607239969074726,0.08187299966812134,8.576280379202217e-06,t17_f5_c3,ZTF20aaiggef
2458895.0399306,2,1140539934815,20.079599380493164,/ztf/archive/sci/2020/0215/539930/ztf_20200215539930_000724_zr_c13_o_q1_scimrefdiffimg.fits.fz,Kulkarni,1,1.14053993481501e+18,f,11.0,1140,48,724,2243.239990234375,2276.389892578125,265.384583,43.5647588,19.768199920654297,0.2189279943704605,1.7069400548934937,19.998899459838867,0.3573000133037567,0.10039699822664261,18.836000442504883,0.024000000208616257,1.2430000305175781,0.09099999815225601,-0.3644550144672394,0.23066000640392303,1.7100000381469727,0.9160000085830688,804.1110229492188,0.08073800057172775,1.4915200471878052,0.5989999771118164,0.5519999861717224,0.35029199719429016,0.3228070139884949,1.0851399898529053,8.0,0.0,0.9385709762573242,0.785198986530304,19.977500915527344,0.44850000739097595,265.3845988,43.5647835,8.93308,26.05120086669922,3.518470066410373e-06,0.02464590035378933,0.07682690024375916,7.217230177047895e-06,t17_f5_c3,ZTF20aaiggef
2458895.0570139,1,1140557016115,20.160200119018555,/ztf/archive/sci/2020/0215/557014/ztf_20200215557014_000725_zg_c16_o_q2_scimrefdiffimg.fits.fz,Kulkarni,1,1.14055701611501e+18,f,8.0,1140,61,725,1570.8499755859375,2309.8701171875,265.384593,43.564747,19.892200469970703,0.19282999634742737,1.2395199537277222,19.943599700927734,0.3009999990463257,0.0748710036277771,19.097000122070312,0.03200000151991844,1.7740000486373901,0.03099999949336052,0.15434899926185608,0.05140399932861328,2.640000104904175,0.9120000004768372,770.6339721679688,0.21658100187778473,1.0101200342178345,0.699999988079071,0.6190000176429749,0.2651520073413849,0.23446999490261078,1.1308599710464478,7.0,0.0,0.9771429896354675,0.9247490167617798,19.774200439453125,0.32989999651908875,265.384619,43.5647603,10.6579,26.130199432373047,6.792360181862023e-06,0.03254460170865059,-0.05717090144753456,1.4107099559623748e-05,t17_f5_c3,ZTF20aaiggef
2458895.0574769,1,1140557474815,20.093599319458008,/ztf/archive/sci/2020/0215/557465/ztf_20200215557465_000724_zg_c13_o_q1_scimrefdiffimg.fits.fz,Kulkarni,1,1.14055747481501e+18,f,18.0,1140,48,724,2243.97998046875,2283.669921875,265.3846033,43.5647748,19.7268009185791,0.19722400605678558,1.4278600215911865,20.278600692749023,0.4375999867916107,0.030463000759482384,19.094999313354492,0.019999999552965164,0.8169999718666077,0.0010000000474974513,0.06404399871826172,0.5518370270729065,2.3299999237060547,0.9599999785423279,796.8289794921875,-0.18499000370502472,1.1353199481964111,0.6460000276565552,0.5720000267028809,0.27725300192832947,0.24549399316310883,1.1293699741363525,5.0,0.0,0.9542859792709351,0.9667230248451233,20.390300750732422,0.6225000023841858,265.3845965,43.5647832,10.5627,26.141799926757812,8.404979780607391e-06,0.036877501755952835,-0.05534350126981735,1.8578899471322075e-05,t17_f5_c3,ZTF20aaiggef
2458899.0251273,2,1144525124815,20.409299850463867,/ztf/archive/sci/2020/0219/525127/ztf_20200219525127_000724_zr_c13_o_q1_scimrefdiffimg.fits.fz,Kulkarni,1,1.14452512481501e+18,0,29.0,1144,48,724,2250.1201171875,2206.5,265.384632,43.564775,19.857500076293945,0.19362400472164154,2.724400043487549,20.162900924682617,0.31790000200271606,0.08469200134277344,18.836000442504883,0.024000000208616257,1.2430000305175781,0.09099999815225601,-0.05861800163984299,0.30537599325180054,2.109999895095825,0.9649999737739563,822.3800048828125,0.24642999470233917,1.176650047302246,0.5709999799728394,0.5040000081062317,0.27061599493026733,0.238863006234169,1.1329400539398193,7.0,0.0,0.8828570246696472,0.9696750044822693,20.15250015258789,0.4023999869823456,265.3845988,43.5647835,11.4819,26.04450035095215,4.796189841727028e-06,0.02854439988732338,0.06706289947032928,9.804390174394939e-06,t17_f5_c3,ZTF20aaiggef
2458899.0251273,2,1144525124815,20.409299850463867,/ztf/archive/sci/2020/0219/525127/ztf_20200219525127_000724_zr_c13_o_q1_scimrefdiffimg.fits.fz,Kulkarni,1,1.14452512481501e+18,f,29.0,1144,48,724,2250.1201171875,2206.5,265.384632,43.564775,19.857500076293945,0.19362400472164154,2.724400043487549,20.162900924682617,0.31790000200271606,0.08469200134277344,18.836000442504883,0.024000000208616257,1.2430000305175781,0.09099999815225601,-0.05861800163984299,0.30537599325180054,2.109999895095825,0.9649999737739563,822.3800048828125,0.24642999470233917,1.176650047302246,0.5709999799728394,0.5040000081062317,0.27061599493026733,0.238863006234169,1.1329400539398193,7.0,0.0,0.8828570246696472,0.9696750044822693,20.15250015258789,0.4023999869823456,265.3845988,43.5647835,11.4819,26.04450035095215,4.796189841727028e-06,0.02854439988732338,0.06706289947032928,9.804390174394939e-06,t17_f5_c3,ZTF20aaiggef
2458899.0593056,1,1144559304815,20.342199325561523,/ztf/archive/sci/2020/0219/559282/ztf_20200219559282_000724_zg_c13_o_q1_scimrefdiffimg.fits.fz,Kulkarni,1,1.14455930481501e+18,f,12.0,1144,48,724,2250.9599609375,2218.050048828125,265.3845815,43.564792,19.666200637817383,0.14785000681877136,1.133370041847229,19.78890037536621,0.24230000376701355,0.04910999909043312,19.094999313354492,0.019999999552965164,0.8169999718666077,0.0010000000474974513,0.24239499866962433,0.1227089986205101,1.7599999904632568,0.9760000109672546,821.5390014648438,0.5533400177955627,1.3814400434494019,0.7020000219345093,0.625,0.3988640010356903,0.35511401295661926,1.1232000589370728,6.0,0.0,0.9542859792709351,0.9418060183525085,19.811800003051758,0.31690001487731934,265.3845965,43.5647832,12.6793,26.140199661254883,6.3258098634833004e-06,0.032475899904966354,-0.07443840056657791,1.3369900443649385e-05,t17_f5_c3,ZTF20aaiggef
2458899.0644444,1,1144564444815,19.821199417114258,/ztf/archive/sci/2020/0219/564444/ztf_20200219564444_000724_zg_c13_o_q1_scimrefdiffimg.fits.fz,Kulkarni,1,1.14456444481501e+18,f,6.0,1144,48,724,2257.9599609375,2219.699951171875,265.3846082,43.56473,19.82390022277832,0.23396700620651245,0.875635027885437,19.81719970703125,0.40619999170303345,0.19070999324321747,19.094999313354492,0.019999999552965164,0.8169999718666077,0.0010000000474974513,0.18709999322891235,-0.006703999824821949,1.6699999570846558,0.9330000281333923,814.5419921875,0.003986999858170748,1.4276200532913208,0.5529999732971191,0.5389999747276306,0.331138014793396,0.32275399565696716,1.0259699821472168,9.0,0.0,0.9200000166893005,0.9289140105247498,19.540800094604492,0.4043999910354614,265.3845965,43.5647832,7.68573,26.149900436401367,8.019799679459538e-06,0.03500039875507355,-0.030815500766038895,1.8370799807598814e-05,t17_f5_c3,ZTF20aaiggef
2458900.0149769,2,1145514976115,20.197900772094727,/ztf/archive/sci/2020/0220/514977/ztf_20200220514977_000725_zr_c16_o_q2_scimrefdiffimg.fits.fz,Kulkarni,1,1.14551497611501e+18,0,38.0,1145,61,725,1583.969970703125,2261.469970703125,265.3845485,43.5647143,20.104799270629883,0.22551900148391724,1.3291699886322021,20.34040069580078,0.4043000042438507,0.2526650130748749,18.86199951171875,0.024000000208616257,1.2319999933242798,0.08299999684095383,-0.14261700212955475,0.23559999465942383,3.680000066757202,0.8970000147819519,819.0260009765625,-0.14251600205898285,0.7561429738998413,0.7950000166893005,0.6650000214576721,0.2160329967737198,0.18070699274539948,1.1954900026321411,8.0,0.0,0.8642860054969788,0.5935029983520508,20.290000915527344,0.49399998784065247,265.3846149,43.5647656,7.96942,26.02079963684082,4.550329776975559e-06,0.02715439908206463,0.08553539961576462,9.15121017897036e-06,t17_f5_c3,ZTF20aaiggef
2458900.0149769,2,1145514976115,20.197900772094727,/ztf/archive/sci/2020/0220/514977/ztf_20200220514977_000725_zr_c16_o_q2_scimrefdiffimg.fits.fz,Kulkarni,1,1.14551497611501e+18,f,38.0,1145,61,725,1583.969970703125,2261.469970703125,265.3845485,43.5647143,20.104799270629883,0.22551900148391724,1.3291699886322021,20.34040069580078,0.4043000042438507,0.2526650130748749,18.86199951171875,0.024000000208616257,1.2319999933242798,0.08299999684095383,-0.14261700212955475,0.23559999465942383,3.680000066757202,0.8970000147819519,819.0260009765625,-0.14251600205898285,0.7561429738998413,0.7950000166893005,0.6650000214576721,0.2160329967737198,0.18070699274539948,1.1954900026321411,8.0,0.0,0.8642860054969788,0.5935029983520508,20.290000915527344,0.49399998784065247,265.3846149,43.5647656,7.96942,26.02079963684082,4.550329776975559e-06,0.02715439908206463,0.08553539961576462,9.15121017897036e-06,t17_f5_c3,ZTF20aaiggef
2458900.041875,1,1145541876115,20.551599502563477,/ztf/archive/sci/2020/0220/541829/ztf_20200220541829_000725_zg_c16_o_q2_scimrefdiffimg.fits.fz,Kulkarni,1,1.14554187611501e+18,f,27.0,1145,61,725,1577.510009765625,2268.830078125,265.3846036,43.5647417,19.801599502563477,0.15763799846172333,1.9666199684143066,19.773500442504883,0.17890000343322754,0.07692600041627884,19.097000122070312,0.03200000151991844,1.7740000486373901,0.03099999949336052,0.03316299989819527,-0.02806299924850464,2.680000066757202,0.9419999718666077,811.6719970703125,0.7781410217285156,1.009950041770935,0.8130000233650208,0.7459999918937683,0.3033579885959625,0.27835801243782043,1.0898100137710571,4.0,0.0,0.9671429991722107,0.9880290031433105,19.76300048828125,0.2264000028371811,265.384619,43.5647603,14.3591,26.111600875854492,5.829750080010854e-06,0.030660299584269524,-0.07129810005426407,1.1759099834307563e-05,t17_f5_c3,ZTF20aaiggef
2458905.0255903,2,1150525594815,20.266000747680664,/ztf/archive/sci/2020/0225/525590/ztf_20200225525590_000724_zr_c13_o_q1_scimrefdiffimg.fits.fz,Kulkarni,1,,,,1150,48,724,,,,,,,,,,,,,,,,,,,,,,,,,,,,,,,,,,,,26.045299530029297,4.840309884457383e-06,0.028810499235987663,0.06906910240650177,9.952569598681293e-06,t17_f5_c3,ZTF20aaiggef
2458905.0335764,2,1150533576115,20.012800216674805,/ztf/archive/sci/2020/0225/533576/ztf_20200225533576_000725_zr_c16_o_q2_scimrefdiffimg.fits.fz,Kulkarni,1,1.15053357611501e+18,f,23.0,1150,61,725,1576.6500244140625,2264.5,265.3846626,43.5647628,19.97909927368164,0.34485098719596863,1.031440019607544,20.087600708007812,0.3151000142097473,0.12277600169181824,18.86199951171875,0.024000000208616257,1.2319999933242798,0.08299999684095383,0.3888629972934723,0.10851900279521942,2.609999895095825,0.6320000290870667,815.9979858398438,-0.07481099665164948,1.2853399515151978,0.8119999766349792,0.6840000152587891,0.3111110031604767,0.2620689868927002,1.1871299743652344,3.0,0.0,0.9214289784431458,1.0,20.503599166870117,0.5910000205039978,265.3846149,43.5647656,7.26143,26.037099838256836,5.365569904824952e-06,0.029447700828313828,0.08173529803752899,1.07652003862313e-05,t17_f5_c3,ZTF20aaiggef
2458905.05625,1,1150556254815,19.723800659179688,/ztf/archive/sci/2020/0225/556227/ztf_20200225556227_000724_zg_c13_o_q1_scimrefdiffimg.fits.fz,Kulkarni,1,,,,1150,48,724,,,,,,,,,,,,,,,,,,,,,,,,,,,,,,,,,,,,26.144100189208984,1.0960799954773393e-05,0.039507798850536346,-0.04295070096850395,2.6882500606006943e-05,t17_f5_c3,ZTF20aaiggef
2458905.056713,1,1150556716115,19.767499923706055,/ztf/archive/sci/2020/0225/556690/ztf_20200225556690_000725_zg_c16_o_q2_scimrefdiffimg.fits.fz,Kulkarni,1,1.15055671611501e+18,f,10.0,1150,61,725,1593.1300048828125,2275.550048828125,265.3847008,43.5646972,19.907699584960938,0.27746298909187317,1.4089499711990356,20.042999267578125,0.3668000102043152,0.2955929934978485,19.097000122070312,0.03200000151991844,1.7740000486373901,0.03099999949336052,-0.19734999537467957,0.13527299463748932,2.240000009536743,0.699999988079071,804.9520263671875,-0.27545401453971863,1.5325499773025513,1.0529999732971191,0.8960000276565552,0.47008898854255676,0.4000000059604645,1.175220012664795,2.0,0.0,0.8528569936752319,1.0,19.850099563598633,0.3937999904155731,265.384619,43.5647603,6.61682,26.12969970703125,1.3796199709759094e-05,0.04267460107803345,-0.032235801219940186,3.3785501727834344e-05,t17_f5_c3,ZTF20aaiggef
2458912.0065162,2,1157506516115,20.002899169921875,/ztf/archive/sci/2020/0303/506505/ztf_20200303506505_000725_zr_c16_o_q2_scimrefdiffimg.fits.fz,Kulkarni,1,,,,1157,61,725,,,,,,,,,,,,,,,,,,,,,,,,,,,,,,,,,,,,26.017200469970703,5.500950010173256e-06,0.029699500650167465,0.0847461000084877,1.1052699846914038e-05,t17_f5_c3,ZTF20aaiggef
2458912.0149769,2,1157514974815,19.924800872802734,/ztf/archive/sci/2020/0303/514965/ztf_20200303514965_000724_zr_c13_o_q1_scimrefdiffimg.fits.fz,Kulkarni,1,1.15751497481501e+18,f,34.0,1157,48,724,2242.429931640625,2257.340087890625,265.3848341,43.5646609,19.954599380493164,0.28480198979377747,1.368530035018921,19.948200225830078,0.3077000081539154,0.7519059777259827,18.836000442504883,0.024000000208616257,1.2430000305175781,0.09099999815225601,0.08258000016212463,-0.0064119999296963215,3.7200000286102295,0.5820000171661377,823.1610107421875,-0.02338699996471405,0.878745973110199,1.1039999723434448,0.9150000214576721,0.2967739999294281,0.24596799910068512,1.2065600156784058,4.0,0.0,0.8457139730453491,0.9701679944992065,19.94729995727539,0.3935999870300293,265.3845988,43.5647835,6.6037,26.037599563598633,5.6799199228407815e-06,0.031247500330209732,0.07263679802417755,1.1687599908327684e-05,t17_f5_c3,ZTF20aaiggef
2458912.0346065,1,1157534604815,20.25119972229004,/ztf/archive/sci/2020/0303/534595/ztf_20200303534595_000724_zg_c13_o_q1_scimrefdiffimg.fits.fz,Kulkarni,1,1.15753460481501e+18,f,12.0,1157,48,724,2242.25,2262.429931640625,265.3846591,43.5646857,19.857099533081055,0.2250099927186966,1.1943600177764893,19.904300689697266,0.22519999742507935,0.3708060085773468,19.094999313354492,0.019999999552965164,0.8169999718666077,0.0010000000474974513,0.17824099957942963,0.047200001776218414,2.7799999713897705,0.8270000219345093,818.0679931640625,0.34687599539756775,1.1463199853897095,0.8949999809265137,0.8460000157356262,0.321942001581192,0.30431699752807617,1.057919979095459,3.0,0.0,0.949999988079071,1.0,19.702600479125977,0.23919999599456787,265.3845965,43.5647832,9.85501,26.11709976196289,1.0812200343934819e-05,0.042544301599264145,-0.0797043964266777,2.3114300347515382e-05,t17_f5_c3,ZTF20aaiggef
2458912.0443981,1,1157544396115,19.947900772094727,/ztf/archive/sci/2020/0303/544398/ztf_20200303544398_000725_zg_c16_o_q2_scimrefdiffimg.fits.fz,Kulkarni,1,1.15754439611501e+18,f,17.0,1157,61,725,1575.5,2287.7900390625,265.3848252,43.5645828,19.834999084472656,0.24409200251102448,0.8187069892883301,20.000999450683594,0.25099998712539673,0.8305590152740479,19.097000122070312,0.03200000151991844,1.7740000486373901,0.03099999949336052,0.46314001083374023,0.16600599884986877,5.409999847412109,0.5569999814033508,792.7050170898438,-0.053109001368284225,0.7613109946250916,1.3380000591278076,1.180999994277954,0.2473199963569641,0.218299001455307,1.1329400539398193,2.0,0.0,0.6171429753303528,1.0,20.14699935913086,0.3677000105381012,265.384619,43.5647603,8.4037,26.108999252319336,1.141640041169012e-05,0.03900669887661934,-0.04445670172572136,2.7581199901760556e-05,t17_f5_c3,ZTF20aaiggef
2458914.9649537,1,1160464954815,19.961599349975586,/ztf/archive/sci/2020/0306/464954/ztf_20200306464954_000724_zg_c13_o_q1_scimrefdiffimg.fits.fz,Kulkarni,1,1.16046495481501e+18,0,6.0,1160,48,724,2264.7099609375,2236.050048828125,265.384664,43.564763,20.00349998474121,0.2687219977378845,1.1763499975204468,20.105499267578125,0.45320001244544983,0.18486100435256958,19.094999313354492,0.019999999552965164,0.8169999718666077,0.0010000000474974513,-0.28169700503349304,0.10198900103569031,3.109999895095825,0.8130000233650208,807.7919921875,-0.1439249962568283,0.7900869846343994,0.6430000066757202,0.5149999856948853,0.2067520022392273,0.16559499502182007,1.2485400438308716,10.0,0.0,0.8557140231132507,0.5674579739570618,20.045499801635742,0.5501999855041504,265.3845965,43.5647832,7.32594,26.07349967956543,6.878090061945841e-06,0.033069100230932236,-0.05141789838671684,1.5480700312764384e-05,t17_f5_c3,ZTF20aaiggef
2458914.9926157,1,1160492616115,19.587099075317383,/ztf/archive/sci/2020/0306/492616/ztf_20200306492616_000725_zg_c16_o_q2_scimrefdiffimg.fits.fz,Kulkarni,1,,,,1160,61,725,,,,,,,,,,,,,,,,,,,,,,,,,,,,,,,,,,,,25.497299194335938,1.308860009885393e-05,0.04242569953203201,-0.05500100180506706,3.0731800507055596e-05,t17_f5_c3,ZTF20aaiggef
2458915.0242477,2,1160524246115,20.637399673461914,/ztf/archive/sci/2020/0306/524248/ztf_20200306524248_000725_zr_c16_o_q2_scimrefdiffimg.fits.fz,Kulkarni,1,1.16052424611501e+18,0,50.0,1160,61,725,1583.8399658203125,2266.300048828125,265.3846067,43.5647201,20.17060089111328,0.17212599515914917,1.0800399780273438,20.536800384521484,0.388700008392334,0.15752799808979034,18.86199951171875,0.024000000208616257,1.2319999933242798,0.08299999684095383,-0.14904700219631195,0.3662030100822449,2.3299999237060547,0.953000009059906,814.2009887695312,0.10064200311899185,1.0060299634933472,0.652999997138977,0.5920000076293945,0.2802579998970032,0.2540769875049591,1.1030399799346924,5.0,0.0,0.892857015132904,0.9005540013313293,20.483800888061523,0.4724000096321106,265.3846149,43.5647656,8.59557,26.005599975585938,3.656670060081524e-06,0.02433289960026741,0.08387179672718048,7.336040198424598e-06,t17_f5_c3,ZTF20aaiggef
2458909.0050231,2,1154505026115,20.407800674438477,/ztf/archive/sci/2020/0229/505023/ztf_20200229505023_000725_zr_c16_o_q2_scimrefdiffimg.fits.fz,Kulkarni,1,1.15450502611501e+18,f,27.0,1154,61,725,1598.3399658203125,2255.449951171875,265.3845515,43.5647578,20.279699325561523,0.2190449982881546,1.3196500539779663,20.622600555419922,0.48820000886917114,0.1611820012331009,18.86199951171875,0.024000000208616257,1.2319999933242798,0.08299999684095383,-0.18944500386714935,0.3429329991340637,2.9200000762939453,0.8560000061988831,825.0499877929688,-0.214820995926857,0.8476359844207764,0.6100000143051147,0.5460000038146973,0.20890399813652039,0.18698599934577942,1.1172200441360474,9.0,0.0,0.8828570246696472,0.7348780035972595,20.284900665283203,0.45739999413490295,265.3846149,43.5647656,6.90698,26.016700744628906,2.762970098046935e-06,0.021024499088525772,0.08207070082426071,5.553150003834162e-06,t17_f5_c3,ZTF20aaiggef
2458909.0125116,2,1154512514815,20.293100357055664,/ztf/archive/sci/2020/0229/512488/ztf_20200229512488_000724_zr_c13_o_q1_scimrefdiffimg.fits.fz,Kulkarni,1,1.15451251481501e+18,f,16.0,1154,48,724,2270.85009765625,2232.56005859375,265.3847133,43.5647574,19.959199905395508,0.20864999294281006,2.027740001678467,20.863500595092773,0.6484000086784363,0.30935800075531006,18.836000442504883,0.024000000208616257,1.2430000305175781,0.09099999815225601,-0.14969700574874878,0.9042569994926453,2.25,0.8790000081062317,801.6519775390625,-0.5704020261764526,1.1434199810028076,0.6240000128746033,0.5550000071525574,0.27733299136161804,0.24666699767112732,1.1243200302124023,7.0,0.0,0.8142859935760498,0.9844980239868164,20.39419937133789,0.5388000011444092,265.3845988,43.5647835,9.47471,26.040199279785156,4.5095298446540255e-06,0.027757499366998672,0.07273480296134949,9.254679753212258e-06,t17_f5_c3,ZTF20aaiggef
2458909.0403819,1,1154540384815,20.672100067138672,/ztf/archive/sci/2020/0229/540370/ztf_20200229540370_000724_zg_c13_o_q1_scimrefdiffimg.fits.fz,Kulkarni,1,1.15454038481501e+18,f,21.0,1154,48,724,2248.300048828125,2241.919921875,265.3846652,43.5647888,19.735700607299805,0.16478799283504486,2.419950008392334,19.97559928894043,0.2076999992132187,0.1795780062675476,19.094999313354492,0.019999999552965164,0.8169999718666077,0.0010000000474974513,0.19448499381542206,0.23990899324417114,1.8700000047683716,0.9549999833106995,824.2030029296875,0.6965399980545044,1.3465800285339355,0.6729999780654907,0.5640000104904175,0.35989299416542053,0.3016040027141571,1.1932599544525146,4.0,0.0,0.9385709762573242,1.0,20.273300170898438,0.34880000352859497,265.3845965,43.5647832,13.7504,26.132699966430664,1.0711700269894209e-05,0.04269799962639809,-0.10165800154209137,2.210449929407332e-05,t17_f5_c3,ZTF20aaiggef
2458909.0479977,1,1154547996115,20.461200714111328,/ztf/archive/sci/2020/0229/547998/ztf_20200229547998_000725_zg_c16_o_q2_scimrefdiffimg.fits.fz,Kulkarni,1,1.15454799611501e+18,f,22.0,1154,61,725,1586.3599853515625,2267.159912109375,265.3845937,43.5647274,19.954500198364258,0.1776680052280426,1.3892099857330322,19.694799423217773,0.1817999929189682,0.1305910050868988,19.097000122070312,0.03200000151991844,1.7740000486373901,0.03099999949336052,-0.16109900176525116,-0.2596989870071411,2.25,0.9359999895095825,813.3400268554688,0.7663710117340088,1.193600058555603,0.8709999918937683,0.7919999957084656,0.38711100816726685,0.35199999809265137,1.09975004196167,4.0,0.0,0.9557139873504639,0.9790329933166504,19.57390022277832,0.2079000025987625,265.384619,43.5647603,10.7098,26.129499435424805,6.172239864099538e-06,0.03156530112028122,-0.06346890330314636,1.2534499546745792e-05,t17_f5_c3,ZTF20aaiggef
2458914.9649537,1,1160464954815,19.961599349975586,/ztf/archive/sci/2020/0306/464954/ztf_20200306464954_000724_zg_c13_o_q1_scimrefdiffimg.fits.fz,Kulkarni,1,1.16046495481501e+18,f,6.0,1160,48,724,2264.7099609375,2236.050048828125,265.384664,43.564763,20.00349998474121,0.2687219977378845,1.1763499975204468,20.105499267578125,0.45320001244544983,0.18486100435256958,19.094999313354492,0.019999999552965164,0.8169999718666077,0.0010000000474974513,-0.28169700503349304,0.10198900103569031,3.109999895095825,0.8130000233650208,807.7919921875,-0.1439249962568283,0.7900869846343994,0.6430000066757202,0.5149999856948853,0.2067520022392273,0.16559499502182007,1.2485400438308716,10.0,0.0,0.8557140231132507,0.5674579739570618,20.045499801635742,0.5501999855041504,265.3845965,43.5647832,7.32594,26.07349967956543,6.878090061945841e-06,0.033069100230932236,-0.05141789838671684,1.5480700312764384e-05,t17_f5_c3,ZTF20aaiggef
2458915.0242477,2,1160524246115,20.637399673461914,/ztf/archive/sci/2020/0306/524248/ztf_20200306524248_000725_zr_c16_o_q2_scimrefdiffimg.fits.fz,Kulkarni,1,1.16052424611501e+18,f,50.0,1160,61,725,1583.8399658203125,2266.300048828125,265.3846067,43.5647201,20.17060089111328,0.17212599515914917,1.0800399780273438,20.536800384521484,0.388700008392334,0.15752799808979034,18.86199951171875,0.024000000208616257,1.2319999933242798,0.08299999684095383,-0.14904700219631195,0.3662030100822449,2.3299999237060547,0.953000009059906,814.2009887695312,0.10064200311899185,1.0060299634933472,0.652999997138977,0.5920000076293945,0.2802579998970032,0.2540769875049591,1.1030399799346924,5.0,0.0,0.892857015132904,0.9005540013313293,20.483800888061523,0.4724000096321106,265.3846149,43.5647656,8.59557,26.005599975585938,3.656670060081524e-06,0.02433289960026741,0.08387179672718048,7.336040198424598e-06,t17_f5_c3,ZTF20aaiggef
2458915.0341204,2,1160534124815,20.46619987487793,/ztf/archive/sci/2020/0306/534097/ztf_20200306534097_000724_zr_c13_o_q1_scimrefdiffimg.fits.fz,Kulkarni,1,1.16053412481501e+18,f,20.0,1160,48,724,2252.1201171875,2245.10009765625,265.3847009,43.5647359,19.905000686645508,0.1788569986820221,1.1779299974441528,20.021699905395508,0.2667999863624573,0.31581899523735046,18.836000442504883,0.024000000208616257,1.2430000305175781,0.09099999815225601,-0.36268600821495056,0.11667200177907944,2.109999895095825,0.9589999914169312,820.3839721679688,0.44445300102233887,1.171820044517517,0.593999981880188,0.5740000009536743,0.28151699900627136,0.2720380127429962,1.0348399877548218,9.0,0.0,0.9200000166893005,0.7802990078926086,20.025999069213867,0.34220001101493835,265.3845988,43.5647835,8.29505,26.04400062561035,5.423570200946415e-06,0.030423199757933617,0.06613639742136002,1.1143200026708655e-05,t17_f5_c3,ZTF20aaiggef
2458917.9052894,1,1163405286115,16.418500900268555,/ztf/archive/sci/2020/0309/405289/ztf_20200309405289_000725_zg_c16_o_q2_scimrefdiffimg.fits.fz,Kulkarni,1,,,,1163,61,725,,,,,,,,,,,,,,,,,,,,,,,,,,,,,,,,,,,,24.16659927368164,0.0197455994784832,0.07693339884281158,-0.18106600642204285,0.060631100088357925,t17_f5_c3,ZTF20aaiggef
2458936.9879051,1,1182487904815,20.664100646972656,/ztf/archive/sci/2020/0328/487894/ztf_20200328487894_000724_zg_c13_o_q1_scimrefdiffimg.fits.fz,Kulkarni,1,1.18248790481501e+18,0,24.0,1182,48,724,2228.06005859375,2257.639892578125,265.3847162,43.5647918,20.041500091552734,0.19535300135612488,1.4469599723815918,19.999900817871094,0.20970000326633453,0.3097580075263977,19.094999313354492,0.019999999552965164,0.8169999718666077,0.0010000000474974513,-0.1886879950761795,-0.041572000831365585,2.190000057220459,0.9269999861717224,822.8619995117188,0.664214015007019,1.175860047340393,0.7960000038146973,0.6449999809265137,0.3634699881076813,0.2945210039615631,1.2341099977493286,3.0,0.0,0.949999988079071,1.0,19.983200073242188,0.263700008392334,265.3845965,43.5647832,10.3457,26.102500915527344,1.0558100257185288e-05,0.04270059987902641,-0.10865399986505508,2.1643199943355285e-05,t17_f5_c3,ZTF20aaiggef
2458939.9453125,1,1185445314815,18.868200302124023,/ztf/archive/sci/2020/0331/445243/ztf_20200331445243_000724_zg_c13_o_q1_scimrefdiffimg.fits.fz,Kulkarni,1,,,,1185,48,724,,,,,,,,,,,,,,,,,,,,,,,,,,,,,,,,,,,,24.673500061035156,3.1826300983084366e-05,0.049407798796892166,-0.0302559994161129,9.872540249489248e-05,t17_f5_c3,ZTF20aaiggef
2458939.9756829,1,1185475686115,18.202800750732422,/ztf/archive/sci/2020/0331/475660/ztf_20200331475660_000725_zg_c16_o_q2_scimrefdiffimg.fits.fz,Kulkarni,1,,,,1185,61,725,,,,,,,,,,,,,,,,,,,,,,,,,,,,,,,,,,,,24.04520034790039,5.673179839504883e-05,0.047408200800418854,-0.02429639920592308,0.00018981599714607,t17_f5_c3,ZTF20aaiggef
2458939.9970023,2,1185497004815,16.94099998474121,/ztf/archive/sci/2020/0331/497002/ztf_20200331497002_000724_zr_c13_o_q1_scimrefdiffimg.fits.fz,Kulkarni,1,,,,1185,48,724,,,,,,,,,,,,,,,,,,,,,,,,,,,,,,,,,,,,23.43899917602539,9.003390005091205e-05,0.05385490134358406,0.057624898850917816,0.00023890999727882445,t17_f5_c3,ZTF20aaiggef
2458939.9974653,2,1185497466115,17.015899658203125,/ztf/archive/sci/2020/0331/497442/ztf_20200331497442_000725_zr_c16_o_q2_scimrefdiffimg.fits.fz,Kulkarni,1,,,,1185,61,725,,,,,,,,,,,,,,,,,,,,,,,,,,,,,,,,,,,,23.354799270629883,0.00013280399434734136,0.058487601578235626,0.06359969824552536,0.0003846219915430993,t17_f5_c3,ZTF20aaiggef
2458943.9528935,1,1189452896115,20.02989959716797,/ztf/archive/sci/2020/0404/452882/ztf_20200404452882_000725_zg_c16_o_q2_scimrefdiffimg.fits.fz,Kulkarni,1,1.18945289611501e+18,f,12.0,1189,61,725,1586.3599853515625,2256.68994140625,265.3844323,43.5648834,20.46179962158203,0.32082900404930115,1.278290033340454,20.74920082092285,0.6636999845504761,0.6489070057868958,19.097000122070312,0.03200000151991844,1.7740000486373901,0.03099999949336052,0.06828299909830093,0.2874070107936859,1.4282599687576294,0.5220000147819519,823.8109741210938,-0.7193120121955872,2.0,0.7670000195503235,0.6489999890327454,0.5370169878005981,0.4543989896774292,1.181820034980774,3.0,0.0,0.9214289784431458,1.0,20.445199966430664,0.6432999968528748,265.384619,43.5647603,5.15192,26.089799880981445,7.927529622975271e-06,0.034961599856615067,-0.05330599844455719,1.6940999557846226e-05,t17_f5_c3,ZTF20aaiggef
2458943.9533565,1,1189453354815,19.858800888061523,/ztf/archive/sci/2020/0404/453345/ztf_20200404453345_000724_zg_c13_o_q1_scimrefdiffimg.fits.fz,Kulkarni,1,,,,1189,48,724,,,,,,,,,,,,,,,,,,,,,,,,,,,,,,,,,,,,26.100200653076172,9.318740012531634e-06,0.037290800362825394,-0.048917800188064575,2.205099917773623e-05,t17_f5_c3,ZTF20aaiggef
2458943.9889468,2,1189488946115,20.417699813842773,/ztf/archive/sci/2020/0404/488935/ztf_20200404488935_000725_zr_c16_o_q2_scimrefdiffimg.fits.fz,Kulkarni,1,,,,1189,61,725,,,,,,,,,,,,,,,,,,,,,,,,,,,,,,,,,,,,26.00029945373535,2.6416998935019365e-06,0.02067830041050911,0.0835006982088089,5.293739832268329e-06,t17_f5_c3,ZTF20aaiggef
2458943.9922569,2,1189492254815,20.304399490356445,/ztf/archive/sci/2020/0404/492222/ztf_20200404492222_000724_zr_c13_o_q1_scimrefdiffimg.fits.fz,Kulkarni,1,1.18949225481501e+18,f,30.0,1189,48,724,2250.35009765625,2237.8701171875,265.3846715,43.5648528,20.424400329589844,0.3272860050201416,1.4525799751281738,20.674999237060547,0.5404000282287598,0.30440598726272583,18.836000442504883,0.024000000208616257,1.2430000305175781,0.09099999815225601,0.03819600120186806,0.2505809962749481,1.2863399982452393,0.781000018119812,822.1500244140625,-0.3705570101737976,2.0,0.5440000295639038,0.4620000123977661,0.42290401458740234,0.3591580092906952,1.177489995956421,9.0,0.0,0.857142984867096,0.5614740252494812,20.725299835205078,0.723800003528595,265.3845988,43.5647835,5.47824,26.026399612426758,4.6225600272009615e-06,0.028053000569343567,0.07005420327186584,9.487859642831609e-06,t17_f5_c3,ZTF20aaiggef
2458953.9320139,1,1199432016115,20.242599487304688,/ztf/archive/sci/2020/0414/431806/ztf_20200414431806_000725_zg_c16_o_q2_scimrefdiffimg.fits.fz,Kulkarni,1,1.19943201611501e+18,f,22.0,1199,61,725,1578.3399658203125,2290.969970703125,265.3847284,43.5648083,20.478700637817383,0.31442898511886597,0.9755420088768005,20.483699798583984,0.4359000027179718,0.34275001287460327,19.097000122070312,0.03200000151991844,1.7740000486373901,0.03099999949336052,0.22080199420452118,0.004991999827325344,1.407099962234497,0.4259999990463257,789.5289916992188,-0.24110500514507294,2.0,1.031000018119812,0.6769999861717224,0.7327119708061218,0.481130987405777,1.5228899717330933,5.0,0.0,0.7599999904632568,1.0,20.742300033569336,0.7080000042915344,265.384619,43.5647603,5.3842,26.077699661254883,7.5825300882570446e-06,0.0342957004904747,-0.06392340362071991,1.5832800272619352e-05,t17_f5_c3,ZTF20aaiggef
2458953.9514236,2,1199451426115,20.172199249267578,/ztf/archive/sci/2020/0414/451412/ztf_20200414451412_000725_zr_c16_o_q2_scimrefdiffimg.fits.fz,Kulkarni,1,,,,1199,61,725,,,,,,,,,,,,,,,,,,,,,,,,,,,,,,,,,,,,25.99250030517578,4.4237799556867685e-06,0.026607699692249298,0.08855439722537994,8.817470188660081e-06,t17_f5_c3,ZTF20aaiggef
2458953.9518981,2,1199451894815,20.0664005279541,/ztf/archive/sci/2020/0414/451875/ztf_20200414451875_000724_zr_c13_o_q1_scimrefdiffimg.fits.fz,Kulkarni,1,,,,1199,48,724,,,,,,,,,,,,,,,,,,,,,,,,,,,,,,,,,,,,26.02790069580078,5.463799880089937e-06,0.030677899718284607,0.07001029700040817,1.1174400242452975e-05,t17_f5_c3,ZTF20aaiggef
2458953.9741204,3,1199474124815,19.61199951171875,/ztf/archive/sci/2020/0414/474120/ztf_20200414474120_000724_zi_c13_o_q1_scimrefdiffimg.fits.fz,Kulkarni,2,,,,1199,48,724,,,,,,,,,,,,,,,,,,,,,,,,,,,,,,,,,,,,25.296600341796875,2.7107000732939923e-06,0.03057130053639412,0.19444599747657776,2.0186200345051475e-05,t17_f5_c3,ZTF20aaiggef
2458953.9755671,3,1199475566115,19.552900314331055,/ztf/archive/sci/2020/0414/475521/ztf_20200414475521_000725_zi_c16_o_q2_scimrefdiffimg.fits.fz,Kulkarni,2,,,,1199,61,725,,,,,,,,,,,,,,,,,,,,,,,,,,,,,,,,,,,,25.301799774169922,1.923440095197293e-06,0.025550300255417824,0.18942900002002716,1.3001599654671736e-05,t17_f5_c3,ZTF20aaiggef
2458955.0043981,2,1200504394815,20.30780029296875,/ztf/archive/sci/2020/0415/504387/ztf_20200415504387_000724_zr_c13_o_q1_scimrefdiffimg.fits.fz,Kulkarni,1,,,,1200,48,724,,,,,,,,,,,,,,,,,,,,,,,,,,,,,,,,,,,,26.0393009185791,4.340529812907334e-06,0.027436399832367897,0.0761094018816948,8.902029549062718e-06,t17_f5_c3,ZTF20aaiggef
2458955.0112269,2,1200511226115,20.159900665283203,/ztf/archive/sci/2020/0415/511227/ztf_20200415511227_000725_zr_c16_o_q2_scimrefdiffimg.fits.fz,Kulkarni,1,1.20051122611501e+18,f,25.0,1200,61,725,1567.56005859375,2286.06005859375,265.384692,43.5647608,20.33370018005371,0.2725229859352112,1.0172300338745117,20.390499114990234,0.47600001096725464,0.20010000467300415,18.86199951171875,0.024000000208616257,1.2319999933242798,0.08299999684095383,0.09511999785900116,0.056777000427246094,1.2764899730682373,0.7059999704360962,794.4429931640625,-0.23055200278759003,2.0,0.6899999976158142,0.5569999814033508,0.5405460000038147,0.43635401129722595,1.2387800216674805,7.0,0.0,0.9614289999008179,0.9553229808807373,19.86829948425293,0.37700000405311584,265.3846149,43.5647656,5.71518,26.0226993560791,3.301739980088314e-06,0.0229496993124485,0.09170889854431152,6.667120032943785e-06,t17_f5_c3,ZTF20aaiggef
2458955.9368981,2,1201436894815,20.166000366210938,/ztf/archive/sci/2020/0416/436863/ztf_20200416436863_000724_zr_c13_o_q1_scimrefdiffimg.fits.fz,TESS,1,,,,1201,48,724,,,,,,,,,,,,,,,,,,,,,,,,,,,,,,,,,,,,26.033599853515625,5.2882201089232694e-06,0.030093900859355927,0.07590790092945099,1.0832300176844e-05,t17_f5_c3,ZTF20aaiggef
2458955.9689583,1,1201468954815,20.451799392700195,/ztf/archive/sci/2020/0416/468958/ztf_20200416468958_000724_zg_c13_o_q1_scimrefdiffimg.fits.fz,TESS,1,,,,1201,48,724,,,,,,,,,,,,,,,,,,,,,,,,,,,,,,,,,,,,26.12689971923828,8.714269824849907e-06,0.03841929882764816,-0.07632099837064743,1.8376900698058307e-05,t17_f5_c3,ZTF20aaiggef
2458956.8483681,2,1202348364815,20.00979995727539,/ztf/archive/sci/2020/0417/348356/ztf_20200417348356_000724_zr_c13_o_q1_scimrefdiffimg.fits.fz,Kulkarni,2,1.20234836481501e+18,f,17.0,1202,48,724,2252.449951171875,2230.449951171875,265.3846015,43.564783,20.334800720214844,0.30171000957489014,1.3293999433517456,20.045499801635742,0.39320001006126404,0.007424000184983015,18.836000442504883,0.024000000208616257,1.2430000305175781,0.09099999815225601,-0.17996999621391296,-0.2892810106277466,1.2900199890136719,0.6380000114440918,820.0479736328125,-0.03567500039935112,2.0,0.6150000095367432,0.4909999966621399,0.47673699259757996,0.3806140124797821,1.2525500059127808,11.0,0.0,0.8757140040397644,0.8246470093727112,19.899999618530273,0.44040000438690186,265.3845988,43.5647835,5.15942,25.880800247192383,4.794530013896292e-06,0.028567800298333168,0.06692110002040863,9.840659913606942e-06,t17_f5_c3,ZTF20aaiggef
2458956.8910764,1,1202391074815,19.350200653076172,/ztf/archive/sci/2020/0417/391076/ztf_20200417391076_000724_zg_c13_o_q1_scimrefdiffimg.fits.fz,Kulkarni,1,,,,1202,48,724,,,,,,,,,,,,,,,,,,,,,,,,,,,,,,,,,,,,25.058399200439453,2.796989974740427e-05,0.05767200142145157,-0.04286310076713562,7.414069841615856e-05,t17_f5_c3,ZTF20aaiggef
2458956.8920139,1,1202392014815,18.751100540161133,/ztf/archive/sci/2020/0417/391991/ztf_20200417391991_000724_zg_c13_o_q1_scimrefdiffimg.fits.fz,Kulkarni,2,,,,1202,48,724,,,,,,,,,,,,,,,,,,,,,,,,,,,,,,,,,,,,24.483999252319336,3.452230157563463e-05,0.0513015016913414,-0.03289249911904335,0.00010438099707243964,t17_f5_c3,ZTF20aaiggef
2458956.9290278,3,1202429024815,17.09280014038086,/ztf/archive/sci/2020/0417/429028/ztf_20200417429028_000724_zi_c13_o_q1_scimrefdiffimg.fits.fz,Kulkarni,2,,,,1202,48,724,,,,,,,,,,,,,,,,,,,,,,,,,,,,,,,,,,,,22.744199752807617,6.0171201766934246e-05,0.09129630029201508,0.16317400336265564,0.000391064997529611,t17_f5_c3,ZTF20aaiggef
2458956.9442014,3,1202444204815,19.323400497436523,/ztf/archive/sci/2020/0417/444074/ztf_20200417444074_000724_zi_c13_o_q1_scimrefdiffimg.fits.fz,Kulkarni,2,,,,1202,48,724,,,,,,,,,,,,,,,,,,,,,,,,,,,,,,,,,,,,24.97960090637207,4.307280050852569e-06,0.03845439851284027,0.1971520036458969,3.2156200177269056e-05,t17_f5_c3,ZTF20aaiggef
2458956.9671296,1,1202467126115,19.86009979248047,/ztf/archive/sci/2020/0417/467106/ztf_20200417467106_000725_zg_c16_o_q2_scimrefdiffimg.fits.fz,Kulkarni,1,,,,1202,61,725,,,,,,,,,,,,,,,,,,,,,,,,,,,,,,,,,,,,25.428499221801758,1.1116499990748707e-05,0.039941299706697464,-0.06589420139789581,2.4634200599393807e-05,t17_f5_c3,ZTF20aaiggef
2458956.9685069,1,1202468504815,20.468900680541992,/ztf/archive/sci/2020/0417/468495/ztf_20200417468495_000724_zg_c13_o_q1_scimrefdiffimg.fits.fz,Kulkarni,2,1.20246850481501e+18,f,19.0,1202,48,724,2258.449951171875,2266.419921875,265.3847299,43.5647711,20.165300369262695,0.24996599555015564,1.2958500385284424,20.202699661254883,0.31610000133514404,0.3465459942817688,19.094999313354492,0.019999999552965164,0.8169999718666077,0.0010000000474974513,0.09304500371217728,0.037429001182317734,2.9200000762939453,0.7979999780654907,814.052001953125,0.26620298624038696,0.8388519883155823,0.6240000128746033,0.5649999976158142,0.21369899809360504,0.19349299371242523,1.1044199466705322,5.0,0.0,0.9071429967880249,0.9334380030632019,20.542200088500977,0.5521000027656555,265.3845965,43.5647832,7.23939,25.93829917907715,1.1225300113437697e-05,0.04376539960503578,-0.09644769877195358,2.3660899387323298e-05,t17_f5_c3,ZTF20aaiggef
2458956.986875,2,1202486874815,19.51919937133789,/ztf/archive/sci/2020/0417/486863/ztf_20200417486863_000724_zr_c13_o_q1_scimrefdiffimg.fits.fz,Kulkarni,2,,,,1202,48,724,,,,,,,,,,,,,,,,,,,,,,,,,,,,,,,,,,,,25.466100692749023,1.650460035307333e-05,0.05315930023789406,0.06733249872922897,3.373720028321259e-05,t17_f5_c3,ZTF20aaiggef
2458956.9882639,2,1202488264815,19.946300506591797,/ztf/archive/sci/2020/0417/488264/ztf_20200417488264_000724_zr_c13_o_q1_scimrefdiffimg.fits.fz,Kulkarni,1,,,,1202,48,724,,,,,,,,,,,,,,,,,,,,,,,,,,,,,,,,,,,,25.750099182128906,7.1346798904414754e-06,0.035107001662254333,0.08077509701251984,1.4637200365541503e-05,t17_f5_c3,ZTF20aaiggef
2458956.9918866,2,1202491886115,20.064899444580078,/ztf/archive/sci/2020/0417/491887/ztf_20200417491887_000725_zr_c16_o_q2_scimrefdiffimg.fits.fz,Kulkarni,1,,,,1202,61,725,,,,,,,,,,,,,,,,,,,,,,,,,,,,,,,,,,,,25.827800750732422,5.471769782161573e-06,0.029640400782227516,0.09170400351285934,1.0891199963225517e-05,t17_f5_c3,ZTF20aaiggef
2458961.9401505,2,1207440156115,20.17970085144043,/ztf/archive/sci/2020/0422/440127/ztf_20200422440127_000725_zr_c16_o_q2_scimrefdiffimg.fits.fz,Kulkarni,1,,,,1207,61,725,,,,,,,,,,,,,,,,,,,,,,,,,,,,,,,,,,,,25.971900939941406,3.7242600683384808e-06,0.02446730062365532,0.08520080149173737,7.465960152330808e-06,t17_f5_c3,ZTF20aaiggef
2458961.9420255,2,1207442024815,20.14859962463379,/ztf/archive/sci/2020/0422/442002/ztf_20200422442002_000724_zr_c13_o_q1_scimrefdiffimg.fits.fz,Kulkarni,1,,,,1207,48,724,,,,,,,,,,,,,,,,,,,,,,,,,,,,,,,,,,,,26.002199172973633,5.822299954161281e-06,0.0314364992082119,0.06796190142631531,1.1983899639744777e-05,t17_f5_c3,ZTF20aaiggef
2458961.9429398,2,1207442934815,20.113300323486328,/ztf/archive/sci/2020/0422/442928/ztf_20200422442928_000724_zr_c13_o_q1_scimrefdiffimg.fits.fz,Kulkarni,2,1.20744293481501e+18,f,32.0,1207,48,724,2244.9599609375,2236.25,265.3847196,43.5647891,20.37030029296875,0.31829699873924255,0.9522020220756531,20.328899383544922,0.4097999930381775,0.3118950128555298,18.836000442504883,0.024000000208616257,1.2430000305175781,0.09099999815225601,-0.5219050049781799,-0.0414000004529953,1.4685900211334229,0.6869999766349792,827.5380249023438,-0.2155590057373047,2.0,0.6769999861717224,0.5270000100135803,0.460985004901886,0.3588469922542572,1.2846299409866333,7.0,0.0,0.949999988079071,0.9757900238037109,20.49449920654297,0.6103000044822693,265.3845988,43.5647835,5.13876,26.005300521850586,5.8918199101754e-06,0.03170450031757355,0.07212399691343307,1.2092799806850962e-05,t17_f5_c3,ZTF20aaiggef
2458961.9634375,3,1207463434815,19.393299102783203,/ztf/archive/sci/2020/0422/463426/ztf_20200422463426_000724_zi_c13_o_q1_scimrefdiffimg.fits.fz,Kulkarni,2,,,,1207,48,724,,,,,,,,,,,,,,,,,,,,,,,,,,,,,,,,,,,,25.258399963378906,4.191439984424505e-06,0.03791160136461258,0.20076200366020203,3.131710036541335e-05,t17_f5_c3,ZTF20aaiggef
2458961.980162,3,1207480164815,19.36090087890625,/ztf/archive/sci/2020/0422/479734/ztf_20200422479734_000724_zi_c13_o_q1_scimrefdiffimg.fits.fz,Kulkarni,2,,,,1207,48,724,,,,,,,,,,,,,,,,,,,,,,,,,,,,,,,,,,,,25.260299682617188,4.74421995022567e-06,0.0400163009762764,0.19680699706077576,3.6027300666319206e-05,t17_f5_c3,ZTF20aaiggef
2458962.8284259,2,1208328424815,20.00160026550293,/ztf/archive/sci/2020/0423/328426/ztf_20200423328426_000724_zr_c13_o_q1_scimrefdiffimg.fits.fz,Kulkarni,2,,,,1208,48,724,,,,,,,,,,,,,,,,,,,,,,,,,,,,,,,,,,,,25.994300842285156,5.891519776923815e-06,0.031745199114084244,0.06643799692392349,1.1993800399068277e-05,t17_f5_c3,ZTF20aaiggef
2458962.8696181,1,1208369614815,20.593000411987305,/ztf/archive/sci/2020/0423/369618/ztf_20200423369618_000724_zg_c13_o_q1_scimrefdiffimg.fits.fz,Kulkarni,2,1.20836961481501e+18,f,25.0,1208,48,724,2257.97998046875,2215.02001953125,265.3846434,43.56479,20.34760093688965,0.255279004573822,1.7129700183868408,20.465200424194336,0.3400000035762787,0.12325800210237503,19.094999313354492,0.019999999552965164,0.8169999718666077,0.0010000000474974513,-0.13710999488830566,0.11758700013160706,1.659999966621399,0.7379999756813049,814.52001953125,0.12775200605392456,1.5630600452423096,0.5630000233650208,0.48100000619888306,0.33915698528289795,0.2897590100765228,1.1704800128936768,7.0,0.0,0.9014289975166321,0.7305870056152344,20.98590087890625,0.701200008392334,265.3845965,43.5647832,7.45244,26.095600128173828,1.161599993793061e-05,0.04456720128655434,-0.09967230260372162,2.4033499357756227e-05,t17_f5_c3,ZTF20aaiggef
2458962.907963,3,1208407964815,19.63800048828125,/ztf/archive/sci/2020/0423/407951/ztf_20200423407951_000724_zi_c13_o_q1_scimrefdiffimg.fits.fz,Kulkarni,2,,,,1208,48,724,,,,,,,,,,,,,,,,,,,,,,,,,,,,,,,,,,,,25.29949951171875,3.197189926140709e-06,0.03305840119719505,0.19589300453662872,2.3747399609419517e-05,t17_f5_c3,ZTF20aaiggef
2458962.9215625,3,1208421564815,19.67009925842285,/ztf/archive/sci/2020/0423/421563/ztf_20200423421563_000724_zi_c13_o_q1_scimrefdiffimg.fits.fz,Kulkarni,2,,,,1208,48,724,,,,,,,,,,,,,,,,,,,,,,,,,,,,,,,,,,,,25.294300079345703,3.238179942854913e-06,0.0333499014377594,0.20014800131320953,2.413259971945081e-05,t17_f5_c3,ZTF20aaiggef
2458962.9771181,2,1208477114815,20.418500900268555,/ztf/archive/sci/2020/0423/477118/ztf_20200423477118_000724_zr_c13_o_q1_scimrefdiffimg.fits.fz,Kulkarni,2,,,,1208,48,724,,,,,,,,,,,,,,,,,,,,,,,,,,,,,,,,,,,,26.04210090637207,5.558670181926573e-06,0.030837899073958397,0.06509549915790558,1.1392299711587839e-05,t17_f5_c3,ZTF20aaiggef
2458962.9984375,1,1208498434815,20.35449981689453,/ztf/archive/sci/2020/0423/498426/ztf_20200423498426_000724_zg_c13_o_q1_scimrefdiffimg.fits.fz,Kulkarni,2,,,,1208,48,724,,,,,,,,,,,,,,,,,,,,,,,,,,,,,,,,,,,,26.137699127197266,9.358430361317005e-06,0.03970339894294739,-0.08915609866380692,1.963219983736053e-05,t17_f5_c3,ZTF20aaiggef
2458963.0020602,1,1208502064815,20.139999389648438,/ztf/archive/sci/2020/0423/502049/ztf_20200423502049_000724_zg_c13_o_q1_scimrefdiffimg.fits.fz,Kulkarni,1,,,,1208,48,724,,,,,,,,,,,,,,,,,,,,,,,,,,,,,,,,,,,,26.146900177001953,8.573580089432653e-06,0.03754840046167374,-0.08358900249004364,1.8594499124446884e-05,t17_f5_c3,ZTF20aaiggef
2458963.0061574,1,1208506156115,19.854700088500977,/ztf/archive/sci/2020/0423/506157/ztf_20200423506157_000725_zg_c16_o_q2_scimrefdiffimg.fits.fz,Kulkarni,1,,,,1208,61,725,,,,,,,,,,,,,,,,,,,,,,,,,,,,,,,,,,,,26.11949920654297,9.586249689164106e-06,0.037452999502420425,-0.04396739974617958,2.1196199668338522e-05,t17_f5_c3,ZTF20aaiggef
2458963.8379977,1,1209337994815,20.352800369262695,/ztf/archive/sci/2020/0424/337940/ztf_20200424337940_000724_zg_c13_o_q1_scimrefdiffimg.fits.fz,Kulkarni,2,1.20933799481501e+18,f,10.0,1209,48,724,2270.570068359375,2193.449951171875,265.3847226,43.5647478,20.377300262451172,0.3268370032310486,1.2132500410079956,20.231700897216797,0.30160000920295715,0.34768301248550415,19.094999313354492,0.019999999552965164,0.8169999718666077,0.0010000000474974513,-0.2335750013589859,-0.14563100039958954,1.4653700590133667,0.5699999928474426,801.9320068359375,0.12110699713230133,2.0,0.7950000166893005,0.6959999799728394,0.5425270199775696,0.47496700286865234,1.142240047454834,4.0,0.0,0.9542859792709351,0.9715390205383301,20.540199279785156,0.5123000144958496,265.3845965,43.5647832,6.3708,26.075300216674805,5.4859901865711436e-06,0.030557699501514435,-0.05325920134782791,1.143749977927655e-05,t17_f5_c3,ZTF20aaiggef
2458963.8820718,1,1209382074815,20.6648006439209,/ztf/archive/sci/2020/0424/382049/ztf_20200424382049_000724_zg_c13_o_q1_scimrefdiffimg.fits.fz,Kulkarni,2,,,,1209,48,724,,,,,,,,,,,,,,,,,,,,,,,,,,,,,,,,,,,,26.101499557495117,3.889329946105136e-06,0.025781899690628052,-0.04688670113682747,8.056959813984577e-06,t17_f5_c3,ZTF20aaiggef
2458963.9144907,1,1209414494815,20.70789909362793,/ztf/archive/sci/2020/0424/414491/ztf_20200424414491_000724_zg_c13_o_q1_scimrefdiffimg.fits.fz,Kulkarni,2,1.20941449481501e+18,f,11.0,1209,48,724,2286.510009765625,2216.1298828125,265.3845811,43.5647874,20.427400588989258,0.24268899857997894,1.4834799766540527,20.84119987487793,0.44369998574256897,0.04230299964547157,19.094999313354492,0.019999999552965164,0.8169999718666077,0.0010000000474974513,0.02718299999833107,0.4138439893722534,1.267799973487854,0.75,785.9860229492188,-0.13329899311065674,2.0,0.5879999995231628,0.5189999938011169,0.4637959897518158,0.4093709886074066,1.132949948310852,5.0,0.0,0.9142860174179077,1.0,20.84269905090332,0.5669000148773193,265.3845965,43.5647832,6.7696,26.1294002532959,3.846299932774855e-06,0.025659799575805664,-0.06142070144414902,7.924300007289276e-06,t17_f5_c3,ZTF20aaiggef
2458963.9549421,1,1209454944815,20.715099334716797,/ztf/archive/sci/2020/0424/454942/ztf_20200424454942_000724_zg_c13_o_q1_scimrefdiffimg.fits.fz,Kulkarni,2,1.20945494481501e+18,f,8.0,1209,48,724,2283.340087890625,2219.090087890625,265.3847021,43.5647703,20.435199737548828,0.2953430116176605,1.3078800439834595,20.686899185180664,0.3779999911785126,0.27570199966430664,19.094999313354492,0.019999999552965164,0.8169999718666077,0.0010000000474974513,0.15192900598049164,0.2516849935054779,1.690000057220459,0.7360000014305115,789.156982421875,0.02823599986732006,1.5179400444030762,0.5550000071525574,0.45100000500679016,0.32840201258659363,0.26686400175094604,1.2305999994277954,8.0,0.0,0.8985710144042969,0.7876459956169128,20.851299285888672,0.5608000159263611,265.3845965,43.5647832,6.91928,26.131200790405273,3.868220119329635e-06,0.02575879916548729,-0.0583111010491848,8.04288993094815e-06,t17_f5_c3,ZTF20aaiggef
2458963.9620949,1,1209462094815,20.413000106811523,/ztf/archive/sci/2020/0424/462083/ztf_20200424462083_000724_zg_c13_o_q1_scimrefdiffimg.fits.fz,Kulkarni,2,1.20946209481501e+18,f,15.0,1209,48,724,2264.3798828125,2221.0,265.3845719,43.5647762,20.500999450683594,0.36872899532318115,1.4144099950790405,20.70039939880371,0.41749998927116394,0.06648600101470947,19.094999313354492,0.019999999552965164,0.8169999718666077,0.0010000000474974513,-0.1570120006799698,0.19942499697208405,1.5471299886703491,0.6159999966621399,808.1170043945312,-0.28737398982048035,2.0,0.7749999761581421,0.5180000066757202,0.5009289979934692,0.33481401205062866,1.4961400032043457,7.0,0.0,0.7571430206298828,0.6287400126457214,20.564199447631836,0.4706999957561493,265.3845965,43.5647832,6.3727,26.13800048828125,5.877110197616275e-06,0.03177120164036751,-0.05913570150732994,1.2296700333536137e-05,t17_f5_c3,ZTF20aaiggef
2458964.0039005,1,1209503904815,20.009599685668945,/ztf/archive/sci/2020/0424/503889/ztf_20200424503889_000724_zg_c13_o_q1_scimrefdiffimg.fits.fz,Kulkarni,1,,,,1209,48,724,,,,,,,,,,,,,,,,,,,,,,,,,,,,,,,,,,,,26.136999130249023,7.49357013773988e-06,0.03467540070414543,-0.04814089834690094,1.6645799405523576e-05,t17_f5_c3,ZTF20aaiggef
2458964.8617361,1,1210361734815,20.653400421142578,/ztf/archive/sci/2020/0425/361667/ztf_20200425361667_000724_zg_c13_o_q1_scimrefdiffimg.fits.fz,Kulkarni,2,1.21036173481501e+18,f,9.0,1210,48,724,2282.93994140625,2210.97998046875,265.3845393,43.5647619,20.447099685668945,0.24825799465179443,1.120609998703003,20.331600189208984,0.2867000102996826,0.16543200612068176,19.094999313354492,0.019999999552965164,0.8169999718666077,0.0010000000474974513,-0.3019770085811615,-0.11553800106048584,1.9500000476837158,0.6000000238418579,789.5579833984375,0.321819007396698,1.323099970817566,0.6269999742507935,0.527999997138977,0.3215380012989044,0.27076900005340576,1.1875,6.0,0.0,0.9171429872512817,0.7613160014152527,20.173500061035156,0.3167000114917755,265.3845965,43.5647832,8.53641,26.09910011291504,3.907300197170116e-06,0.02591880038380623,-0.04482109844684601,8.106940185825806e-06,t17_f5_c3,ZTF20aaiggef
2458964.8852662,1,1210385264815,20.677900314331055,/ztf/archive/sci/2020/0425/385266/ztf_20200425385266_000724_zg_c13_o_q1_scimrefdiffimg.fits.fz,Kulkarni,2,1.21038526481501e+18,f,9.0,1210,48,724,2290.409912109375,2218.43994140625,265.3846034,43.5647784,20.440000534057617,0.31526800990104675,1.2340199947357178,20.33639907836914,0.28139999508857727,0.02570500038564205,19.094999313354492,0.019999999552965164,0.8169999718666077,0.0010000000474974513,-0.2025109976530075,-0.10357599705457687,2.9100000858306885,0.6489999890327454,782.0859985351562,0.34154200553894043,0.8882930278778076,0.6159999966621399,0.5649999976158142,0.21168400347232819,0.19415800273418427,1.0902700424194336,4.0,0.0,0.9371430277824402,1.0,20.26289939880371,0.33559998869895935,265.3845965,43.5647832,7.09955,26.108999252319336,4.622950200428022e-06,0.02828110009431839,-0.04731760174036026,9.501110071141738e-06,t17_f5_c3,ZTF20aaiggef
2458964.8857292,1,1210385726115,20.57539939880371,/ztf/archive/sci/2020/0425/385718/ztf_20200425385718_000725_zg_c16_o_q2_scimrefdiffimg.fits.fz,Kulkarni,1,1.21038572611501e+18,f,20.0,1210,61,725,1620.219970703125,2239.3798828125,265.3844802,43.5647927,20.542699813842773,0.2353390008211136,0.9412950277328491,20.4507999420166,0.30970001220703125,0.37017199397087097,19.097000122070312,0.03200000151991844,1.7740000486373901,0.03099999949336052,0.16786199808120728,-0.09192100167274475,2.9100000858306885,0.6759999990463257,841.1220092773438,0.12462899833917618,0.9846569895744324,0.7990000247955322,0.7170000076293945,0.2745699882507324,0.24639199674129486,1.114359974861145,4.0,0.0,0.9557139873504639,0.9666789770126343,20.48859977722168,0.4090000092983246,265.384619,43.5647603,6.91121,26.1117000579834,5.586050065176096e-06,0.0298187006264925,-0.0805244967341423,1.1321099918859545e-05,t17_f5_c3,ZTF20aaiggef
2458964.8862037,1,1210386204815,20.709199905395508,/ztf/archive/sci/2020/0425/386181/ztf_20200425386181_000724_zg_c13_o_q1_scimrefdiffimg.fits.fz,Kulkarni,1,,,,1210,48,724,,,,,,,,,,,,,,,,,,,,,,,,,,,,,,,,,,,,26.11090087890625,4.019590051029809e-06,0.026246799156069756,-0.051367200911045074,8.29722011985723e-06,t17_f5_c3,ZTF20aaiggef
2458964.9264931,2,1210426496115,20.573200225830078,/ztf/archive/sci/2020/0425/426482/ztf_20200425426482_000725_zr_c16_o_q2_scimrefdiffimg.fits.fz,Kulkarni,1,,,,1210,61,725,,,,,,,,,,,,,,,,,,,,,,,,,,,,,,,,,,,,26.01180076599121,3.5544098864193074e-06,0.023746300488710403,0.08274409919977188,7.173829999373993e-06,t17_f5_c3,ZTF20aaiggef
2458964.926956,2,1210426954815,20.384300231933594,/ztf/archive/sci/2020/0425/426944/ztf_20200425426944_000724_zr_c13_o_q1_scimrefdiffimg.fits.fz,Kulkarni,2,1.21042695481501e+18,f,12.0,1210,48,724,2286.43994140625,2227.550048828125,265.3845623,43.5647317,20.405399322509766,0.27296799421310425,1.2949199676513672,20.74049949645996,0.5274999737739563,0.2151859998703003,18.836000442504883,0.024000000208616257,1.2430000305175781,0.09099999815225601,-0.2524639964103699,0.3351399898529053,1.3021999597549438,0.6610000133514404,786.0549926757812,-0.3562139868736267,2.0,0.8420000076293945,0.6359999775886536,0.6465970277786255,0.48840299248695374,1.3238999843597412,8.0,0.0,0.9142860174179077,0.8069490194320679,20.80500030517578,0.715499997138977,265.3845988,43.5647835,5.96739,26.052400588989258,2.210849970651907e-06,0.019442299380898476,0.07621199637651443,4.5593801587529015e-06,t17_f5_c3,ZTF20aaiggef
2458964.9287616,2,1210428764815,20.578399658203125,/ztf/archive/sci/2020/0425/428762/ztf_20200425428762_000724_zr_c13_o_q1_scimrefdiffimg.fits.fz,Kulkarni,1,1.21042876481501e+18,f,11.0,1210,48,724,2285.75,2225.3701171875,265.3845785,43.5648057,20.417400360107422,0.26006901264190674,1.5483100414276123,20.432199478149414,0.36320000886917114,0.08881799876689911,18.836000442504883,0.024000000208616257,1.2430000305175781,0.09099999815225601,-0.1719069927930832,0.014844999648630619,1.1986600160598755,0.7049999833106995,786.7509765625,0.14622099697589874,2.0,0.5669999718666077,0.5130000114440918,0.47302699089050293,0.4279769957065582,1.1052600145339966,8.0,0.0,0.8557140231132507,0.7624710202217102,20.231399536132812,0.38510000705718994,265.3845988,43.5647835,7.50614,26.052400588989258,2.596600097604096e-06,0.021050499752163887,0.0761089026927948,5.33934007762582e-06,t17_f5_c3,ZTF20aaiggef
2458964.983125,3,1210483124815,19.818599700927734,/ztf/archive/sci/2020/0425/483125/ztf_20200425483125_000724_zi_c13_o_q1_scimrefdiffimg.fits.fz,Kulkarni,2,,,,1210,48,724,,,,,,,,,,,,,,,,,,,,,,,,,,,,,,,,,,,,25.319799423217773,1.360799956273695e-06,0.02165829949080944,0.19197900593280792,1.0056700375571381e-05,t17_f5_c3,ZTF20aaiggef
2458965.00125,3,1210501254815,19.774200439453125,/ztf/archive/sci/2020/0425/500833/ztf_20200425500833_000724_zi_c13_o_q1_scimrefdiffimg.fits.fz,Kulkarni,2,,,,1210,48,724,,,,,,,,,,,,,,,,,,,,,,,,,,,,,,,,,,,,25.319900512695312,1.7002099639285007e-06,0.024199599400162697,0.1945209950208664,1.2522599718067795e-05,t17_f5_c3,ZTF20aaiggef
2458965.846875,2,1211346874815,20.383399963378906,/ztf/archive/sci/2020/0426/346875/ztf_20200426346875_000724_zr_c13_o_q1_scimrefdiffimg.fits.fz,Kulkarni,2,1.21134687481501e+18,f,16.0,1211,48,724,2277.5400390625,2180.419921875,265.3845958,43.5647685,20.640300750732422,0.39410799741744995,1.6087499856948853,20.76609992980957,0.5436000227928162,0.06362400203943253,18.836000442504883,0.024000000208616257,1.2430000305175781,0.09099999815225601,-0.19802600145339966,0.12579399347305298,1.2961299419403076,0.44200000166893005,794.9569702148438,-0.38266998529434204,2.0,0.7670000195503235,0.4620000123977661,0.591763973236084,0.3564470112323761,1.6601699590682983,8.0,0.0,0.75,0.715304970741272,20.487300872802734,0.5375000238418579,265.3845988,43.5647835,5.18777,26.0393009185791,2.582140041340608e-06,0.020914599299430847,0.08017779886722565,5.276080173644004e-06,t17_f5_c3,ZTF20aaiggef
2458965.8765741,3,1211376574815,19.903499603271484,/ztf/archive/sci/2020/0426/376505/ztf_20200426376505_000724_zi_c13_o_q1_scimrefdiffimg.fits.fz,Kulkarni,2,,,,1211,48,724,,,,,,,,,,,,,,,,,,,,,,,,,,,,,,,,,,,,25.329599380493164,1.4463399793385179e-06,0.022485999390482903,0.18994900584220886,1.0563700016064104e-05,t17_f5_c3,ZTF20aaiggef
2458965.9259606,1,1211425964815,20.706499099731445,/ztf/archive/sci/2020/0426/425961/ztf_20200426425961_000724_zg_c13_o_q1_scimrefdiffimg.fits.fz,Kulkarni,2,1.21142596481501e+18,f,8.0,1211,48,724,2280.1298828125,2201.489990234375,265.3845517,43.5648197,20.537399291992188,0.25200000405311584,1.4849499464035034,20.527099609375,0.32429999113082886,0.17363399267196655,19.094999313354492,0.019999999552965164,0.8169999718666077,0.0010000000474974513,-0.06030299887061119,-0.010317999869585037,2.559999942779541,0.7250000238418579,792.375,0.1793700009584427,1.0163999795913696,0.6729999780654907,0.5600000023841858,0.2628909945487976,0.21875,1.2017899751663208,8.0,0.0,0.9328569769859314,0.7651519775390625,20.291099548339844,0.33309999108314514,265.3845965,43.5647832,7.42997,26.14940071105957,3.8231100916164e-06,0.02564609982073307,-0.061550699174404144,7.866909982112702e-06,t17_f5_c3,ZTF20aaiggef
2458965.9445486,2,1211444544815,20.67340087890625,/ztf/archive/sci/2020/0426/444549/ztf_20200426444549_000724_zr_c13_o_q1_scimrefdiffimg.fits.fz,Kulkarni,2,,,,1211,48,724,,,,,,,,,,,,,,,,,,,,,,,,,,,,,,,,,,,,26.05270004272461,2.927090008597588e-06,0.022431200370192528,0.07869590073823929,5.979260095045902e-06,t17_f5_c3,ZTF20aaiggef
2458965.9643171,3,1211464314815,20.025800704956055,/ztf/archive/sci/2020/0426/464317/ztf_20200426464317_000724_zi_c13_o_q1_scimrefdiffimg.fits.fz,Kulkarni,2,,,,1211,48,724,,,,,,,,,,,,,,,,,,,,,,,,,,,,,,,,,,,,25.33099937438965,1.788180043149623e-06,0.024958500638604164,0.18844300508499146,1.3025800399191212e-05,t17_f5_c3,ZTF20aaiggef
2458966.7959028,3,1212295904815,17.499900817871094,/ztf/archive/sci/2020/0427/295845/ztf_20200427295845_000724_zi_c13_o_q1_scimrefdiffimg.fits.fz,Kulkarni,2,,,,1212,48,724,,,,,,,,,,,,,,,,,,,,,,,,,,,,,,,,,,,,23.34749984741211,5.984089875710197e-05,0.10758599638938904,0.16289199888706207,0.00035093899350613356,t17_f5_c3,ZTF20aaiggef
2458966.8152778,3,1212315274815,18.022300720214844,/ztf/archive/sci/2020/0427/315220/ztf_20200427315220_000724_zi_c13_o_q1_scimrefdiffimg.fits.fz,Kulkarni,2,,,,1212,48,724,,,,,,,,,,,,,,,,,,,,,,,,,,,,,,,,,,,,23.805200576782227,1.315709960181266e-05,0.060368798673152924,0.18330900371074677,8.273529965663329e-05,t17_f5_c3,ZTF20aaiggef
2458966.8600116,2,1212360014815,17.6466007232666,/ztf/archive/sci/2020/0427/359907/ztf_20200427359907_000724_zr_c13_o_q1_scimrefdiffimg.fits.fz,Kulkarni,2,,,,1212,48,724,,,,,,,,,,,,,,,,,,,,,,,,,,,,,,,,,,,,23.843399047851562,0.0002365789987379685,0.13416199386119843,0.1286350041627884,0.0005725040100514889,t17_f5_c3,ZTF20aaiggef
2458966.8922338,2,1212392234815,20.64240074157715,/ztf/archive/sci/2020/0427/392234/ztf_20200427392234_000724_zr_c13_o_q1_scimrefdiffimg.fits.fz,Kulkarni,2,,,,1212,48,724,,,,,,,,,,,,,,,,,,,,,,,,,,,,,,,,,,,,26.041200637817383,2.1225800992397126e-06,0.019064800813794136,0.08057480305433273,4.329910098022083e-06,t17_f5_c3,ZTF20aaiggef
2458966.929537,1,1212429534815,20.811100006103516,/ztf/archive/sci/2020/0427/429525/ztf_20200427429525_000724_zg_c13_o_q1_scimrefdiffimg.fits.fz,Kulkarni,2,1.21242953481501e+18,f,14.0,1212,48,724,2269.280029296875,2223.77001953125,265.384655,43.5647942,20.4419002532959,0.2927750051021576,1.6302499771118164,20.6112003326416,0.3330000042915344,0.15603099763393402,19.094999313354492,0.019999999552965164,0.8169999718666077,0.0010000000474974513,-0.19696000218391418,0.16930699348449707,1.3600000143051147,0.7549999952316284,803.2150268554688,0.19993899762630463,1.8367300033569336,0.5080000162124634,0.46000000834465027,0.37352898716926575,0.3382349908351898,1.104349970817566,6.0,0.0,0.8742859959602356,0.9408090114593506,20.54290008544922,0.3986999988555908,265.3845965,43.5647832,7.77392,26.116899490356445,3.7483000596694183e-06,0.02539519965648651,-0.05918850004673004,7.722380360064562e-06,t17_f5_c3,ZTF20aaiggef
2458966.9435764,1,1212443574815,20.84040069580078,/ztf/archive/sci/2020/0427/443565/ztf_20200427443565_000724_zg_c13_o_q1_scimrefdiffimg.fits.fz,Kulkarni,2,,,,1212,48,724,,,,,,,,,,,,,,,,,,,,,,,,,,,,,,,,,,,,26.115299224853516,3.7091199374117423e-06,0.025228599086403847,-0.06049279868602753,7.6667402026942e-06,t17_f5_c3,ZTF20aaiggef
2458967.8145255,3,1213314524815,19.600299835205078,/ztf/archive/sci/2020/0428/314456/ztf_20200428314456_000724_zi_c13_o_q1_scimrefdiffimg.fits.fz,Kulkarni,2,,,,1213,48,724,,,,,,,,,,,,,,,,,,,,,,,,,,,,,,,,,,,,25.283300399780273,2.5324700345663587e-06,0.029498999938368797,0.19847500324249268,1.902169969980605e-05,t17_f5_c3,ZTF20aaiggef
2458967.8630903,2,1213363094815,20.378000259399414,/ztf/archive/sci/2020/0428/362986/ztf_20200428362986_000724_zr_c13_o_q1_scimrefdiffimg.fits.fz,Kulkarni,2,,,,1213,48,724,,,,,,,,,,,,,,,,,,,,,,,,,,,,,,,,,,,,26.021400451660156,5.488860097102588e-06,0.030706599354743958,0.06730739772319794,1.1223800356674474e-05,t17_f5_c3,ZTF20aaiggef
2458967.8859375,2,1213385934815,20.274599075317383,/ztf/archive/sci/2020/0428/385868/ztf_20200428385868_000724_zr_c13_o_q1_scimrefdiffimg.fits.fz,Kulkarni,2,,,,1213,48,724,,,,,,,,,,,,,,,,,,,,,,,,,,,,,,,,,,,,26.028900146484375,6.082439995225286e-06,0.03206289932131767,0.06422749906778336,1.2406499990902375e-05,t17_f5_c3,ZTF20aaiggef
2458967.886875,2,1213386874815,20.401399612426758,/ztf/archive/sci/2020/0428/386852/ztf_20200428386852_000724_zr_c13_o_q1_scimrefdiffimg.fits.fz,Kulkarni,1,1.21338687481501e+18,0,47.0,1213,48,724,2295.530029296875,2192.219970703125,265.3846829,43.5647698,20.276199340820312,0.31721898913383484,1.2852599620819092,20.856599807739258,0.5839999914169312,0.2220900058746338,18.836000442504883,0.024000000208616257,1.2430000305175781,0.09099999815225601,0.09294699877500534,0.5804259777069092,2.9200000762939453,0.7760000228881836,776.9710083007812,-0.4552119970321655,0.88441401720047,0.5879999995231628,0.5199999809265137,0.2013700008392334,0.17808200418949127,1.130769968032837,10.0,0.0,0.857142984867096,0.7117030024528503,21.011699676513672,0.8610000014305115,265.3845988,43.5647835,5.90581,26.029199600219727,5.545070052903611e-06,0.030692899599671364,0.06458160281181335,1.1320000339765102e-05,t17_f5_c3,ZTF20aaiggef
2458967.9113773,2,1213411376115,20.63050079345703,/ztf/archive/sci/2020/0428/411366/ztf_20200428411366_000725_zr_c16_o_q2_scimrefdiffimg.fits.fz,Kulkarni,1,1.21341137611501e+18,0,31.0,1213,61,725,1622.739990234375,2213.5400390625,265.3846132,43.5647417,20.587299346923828,0.28515100479125977,1.228760004043579,20.91830062866211,0.5497000217437744,0.0793130025267601,18.86199951171875,0.024000000208616257,1.2319999933242798,0.08299999684095383,-0.06964600086212158,0.3309729993343353,2.3399999141693115,0.9160000085830688,866.9639892578125,-0.2878119945526123,1.0063199996948242,0.5740000009536743,0.4659999907016754,0.24529899656772614,0.19914500415325165,1.231760025024414,8.0,0.0,0.8828570246696472,0.8292189836502075,20.8257999420166,0.6444000005722046,265.3846149,43.5647656,6.59768,26.01930046081543,3.196279976691585e-06,0.022484900429844856,0.08040639758110046,6.411380127246957e-06,t17_f5_c3,ZTF20aaiggef
2458967.951956,1,1213451954815,20.81209945678711,/ztf/archive/sci/2020/0428/451944/ztf_20200428451944_000724_zg_c13_o_q1_scimrefdiffimg.fits.fz,Kulkarni,1,1.21345195481501e+18,0,56.0,1213,48,724,2282.969970703125,2201.659912109375,265.3846498,43.5648012,20.1835994720459,0.25756698846817017,2.6507198810577393,21.027599334716797,0.4894999861717224,0.1538199931383133,19.094999313354492,0.019999999552965164,0.8169999718666077,0.0010000000474974513,0.10920699685811996,0.8440160155296326,1.6299999952316284,0.953000009059906,789.5330200195312,-0.21549999713897705,1.5278300046920776,0.5109999775886536,0.4830000102519989,0.31349700689315796,0.29631900787353516,1.0579700469970703,7.0,0.0,0.6785709857940674,0.8029450178146362,20.913000106811523,0.5612000226974487,265.3845965,43.5647832,9.96258,26.121599197387695,1.4766499589313753e-05,0.04969239979982376,-0.12201499938964844,3.0905001040082425e-05,t17_f5_c3,ZTF20aaiggef
2458967.9324884,1,1213432484815,20.832399368286133,/ztf/archive/sci/2020/0428/432488/ztf_20200428432488_000724_zg_c13_o_q1_scimrefdiffimg.fits.fz,Kulkarni,2,1.21343248481501e+18,0,43.0,1213,48,724,2280.110107421875,2197.929931640625,265.3846458,43.5647996,20.185400009155273,0.18339399993419647,1.730080008506775,20.670900344848633,0.34929999709129333,0.1397940069437027,19.094999313354492,0.019999999552965164,0.8169999718666077,0.0010000000474974513,0.22868900001049042,0.48548200726509094,1.75,0.8820000290870667,792.3920288085938,0.16154299676418304,1.4099600315093994,0.5320000052452087,0.515999972820282,0.30399999022483826,0.294856995344162,1.0310100317001343,5.0,0.0,0.86142897605896,0.9064350128173828,20.491899490356445,0.3774999976158142,265.3845965,43.5647832,9.03842,26.12339973449707,1.4969100448070094e-05,0.050049301236867905,-0.11333300173282623,3.165989983244799e-05,t17_f5_c3,ZTF20aaiggef
2458967.886875,2,1213386874815,20.401399612426758,/ztf/archive/sci/2020/0428/386852/ztf_20200428386852_000724_zr_c13_o_q1_scimrefdiffimg.fits.fz,Kulkarni,1,1.21338687481501e+18,f,47.0,1213,48,724,2295.530029296875,2192.219970703125,265.3846829,43.5647698,20.276199340820312,0.31721898913383484,1.2852599620819092,20.856599807739258,0.5839999914169312,0.2220900058746338,18.836000442504883,0.024000000208616257,1.2430000305175781,0.09099999815225601,0.09294699877500534,0.5804259777069092,2.9200000762939453,0.7760000228881836,776.9710083007812,-0.4552119970321655,0.88441401720047,0.5879999995231628,0.5199999809265137,0.2013700008392334,0.17808200418949127,1.130769968032837,10.0,0.0,0.857142984867096,0.7117030024528503,21.011699676513672,0.8610000014305115,265.3845988,43.5647835,5.90581,26.029199600219727,5.545070052903611e-06,0.030692899599671364,0.06458160281181335,1.1320000339765102e-05,t17_f5_c3,ZTF20aaiggef
2458967.9113773,2,1213411376115,20.63050079345703,/ztf/archive/sci/2020/0428/411366/ztf_20200428411366_000725_zr_c16_o_q2_scimrefdiffimg.fits.fz,Kulkarni,1,1.21341137611501e+18,f,31.0,1213,61,725,1622.739990234375,2213.5400390625,265.3846132,43.5647417,20.587299346923828,0.28515100479125977,1.228760004043579,20.91830062866211,0.5497000217437744,0.0793130025267601,18.86199951171875,0.024000000208616257,1.2319999933242798,0.08299999684095383,-0.06964600086212158,0.3309729993343353,2.3399999141693115,0.9160000085830688,866.9639892578125,-0.2878119945526123,1.0063199996948242,0.5740000009536743,0.4659999907016754,0.24529899656772614,0.19914500415325165,1.231760025024414,8.0,0.0,0.8828570246696472,0.8292189836502075,20.8257999420166,0.6444000005722046,265.3846149,43.5647656,6.59768,26.01930046081543,3.196279976691585e-06,0.022484900429844856,0.08040639758110046,6.411380127246957e-06,t17_f5_c3,ZTF20aaiggef
2458967.9324884,1,1213432484815,20.832399368286133,/ztf/archive/sci/2020/0428/432488/ztf_20200428432488_000724_zg_c13_o_q1_scimrefdiffimg.fits.fz,Kulkarni,2,1.21343248481501e+18,f,43.0,1213,48,724,2280.110107421875,2197.929931640625,265.3846458,43.5647996,20.185400009155273,0.18339399993419647,1.730080008506775,20.670900344848633,0.34929999709129333,0.1397940069437027,19.094999313354492,0.019999999552965164,0.8169999718666077,0.0010000000474974513,0.22868900001049042,0.48548200726509094,1.75,0.8820000290870667,792.3920288085938,0.16154299676418304,1.4099600315093994,0.5320000052452087,0.515999972820282,0.30399999022483826,0.294856995344162,1.0310100317001343,5.0,0.0,0.86142897605896,0.9064350128173828,20.491899490356445,0.3774999976158142,265.3845965,43.5647832,9.03842,26.12339973449707,1.4969100448070094e-05,0.050049301236867905,-0.11333300173282623,3.165989983244799e-05,t17_f5_c3,ZTF20aaiggef
2458967.951956,1,1213451954815,20.81209945678711,/ztf/archive/sci/2020/0428/451944/ztf_20200428451944_000724_zg_c13_o_q1_scimrefdiffimg.fits.fz,Kulkarni,1,1.21345195481501e+18,f,56.0,1213,48,724,2282.969970703125,2201.659912109375,265.3846498,43.5648012,20.1835994720459,0.25756698846817017,2.6507198810577393,21.027599334716797,0.4894999861717224,0.1538199931383133,19.094999313354492,0.019999999552965164,0.8169999718666077,0.0010000000474974513,0.10920699685811996,0.8440160155296326,1.6299999952316284,0.953000009059906,789.5330200195312,-0.21549999713897705,1.5278300046920776,0.5109999775886536,0.4830000102519989,0.31349700689315796,0.29631900787353516,1.0579700469970703,7.0,0.0,0.6785709857940674,0.8029450178146362,20.913000106811523,0.5612000226974487,265.3845965,43.5647832,9.96258,26.121599197387695,1.4766499589313753e-05,0.04969239979982376,-0.12201499938964844,3.0905001040082425e-05,t17_f5_c3,ZTF20aaiggef
2458967.9528704,1,1213452874815,20.798500061035156,/ztf/archive/sci/2020/0428/452859/ztf_20200428452859_000724_zg_c13_o_q1_scimrefdiffimg.fits.fz,Kulkarni,2,1.21345287481501e+18,f,50.0,1213,48,724,2277.679931640625,2202.110107421875,265.3846571,43.5647783,20.12030029296875,0.19865299761295319,1.8736300468444824,20.701799392700195,0.3625999987125397,0.15663300454616547,19.094999313354492,0.019999999552965164,0.8169999718666077,0.0010000000474974513,0.10429099947214127,0.5815399885177612,2.009999990463257,0.8529999852180481,794.8200073242188,0.09669099748134613,1.2540299892425537,0.6600000262260437,0.6209999918937683,0.328357994556427,0.30895501375198364,1.0628000497817993,7.0,0.0,0.8957139849662781,0.8804010152816772,20.45330047607422,0.3677999973297119,265.3845965,43.5647832,9.44811,26.123300552368164,1.3674300134880468e-05,0.048216599971055984,-0.11798299849033356,2.8253500204300508e-05,t17_f5_c3,ZTF20aaiggef
2458967.9538657,1,1213453866115,20.798900604248047,/ztf/archive/sci/2020/0428/453843/ztf_20200428453843_000725_zg_c16_o_q2_scimrefdiffimg.fits.fz,Kulkarni,1,1.21345386611501e+18,f,27.0,1213,61,725,1613.0,2222.590087890625,265.3845466,43.5646976,20.4507999420166,0.21625100076198578,1.0893499851226807,20.860700607299805,0.4196000099182129,0.28202998638153076,19.097000122070312,0.03200000151991844,1.7740000486373901,0.03099999949336052,-0.04147399961948395,0.4099240005016327,2.5199999809265137,0.7639999985694885,857.9140014648438,-0.06177999824285507,1.0012400150299072,0.7009999752044678,0.652999997138977,0.2781749963760376,0.2591269910335541,1.0735100507736206,6.0,0.0,0.9528570175170898,0.9443010091781616,20.605199813842773,0.4226999878883362,265.384619,43.5647603,8.13015,26.10379981994629,5.4571401051362045e-06,0.029514599591493607,-0.05358659848570824,1.0991099770762958e-05,t17_f5_c3,ZTF20aaiggef
2458967.9647685,3,1213464764815,20.003999710083008,/ztf/archive/sci/2020/0428/464757/ztf_20200428464757_000724_zi_c13_o_q1_scimrefdiffimg.fits.fz,Kulkarni,2,1.21346476481501e+18,f,31.0,1213,48,724,2265.070068359375,2206.739990234375,265.3847453,43.5647006,20.20989990234375,0.27237701416015625,1.1737899780273438,20.05929946899414,0.48980000615119934,0.4800719916820526,18.83799934387207,0.054999999701976776,2.3480000495910645,0.2759999930858612,1.200369954109192,-0.15059000253677368,1.0587799549102783,0.574999988079071,807.427001953125,-0.055250998586416245,2.0,0.6480000019073486,0.5320000052452087,0.6120250225067139,0.502465009689331,1.2180399894714355,7.0,0.0,0.7099999785423279,0.7194579839706421,19.78569984436035,0.4875999987125397,265.38459,43.5647752,5.09923,25.29990005493164,3.894730070896912e-06,0.03672809898853302,0.19860699772834778,2.8651000320678577e-05,t17_f5_c3,ZTF20aaiggef
2458968.8358681,3,1214335864815,19.886600494384766,/ztf/archive/sci/2020/0429/335822/ztf_20200429335822_000724_zi_c13_o_q1_scimrefdiffimg.fits.fz,Kulkarni,2,,,,1214,48,724,,,,,,,,,,,,,,,,,,,,,,,,,,,,,,,,,,,,25.329500198364258,2.867760031222133e-06,0.031533900648355484,0.19635100662708282,2.1268300770316273e-05,t17_f5_c3,ZTF20aaiggef
2458968.8980208,2,1214398024815,20.750200271606445,/ztf/archive/sci/2020/0429/397882/ztf_20200429397882_000724_zr_c13_o_q1_scimrefdiffimg.fits.fz,Kulkarni,2,,,,1214,48,724,,,,,,,,,,,,,,,,,,,,,,,,,,,,,,,,,,,,26.074399948120117,6.472169843618758e-06,0.03316580131649971,0.06777650117874146,1.3326100088306703e-05,t17_f5_c3,ZTF20aaiggef
2458968.9280671,2,1214428064815,20.697200775146484,/ztf/archive/sci/2020/0429/428067/ztf_20200429428067_000724_zr_c13_o_q1_scimrefdiffimg.fits.fz,Kulkarni,2,1.21442806481501e+18,0,10.0,1214,48,724,2287.280029296875,2195.43994140625,265.3847193,43.5647668,20.358600616455078,0.2146729975938797,1.5188499689102173,20.887399673461914,0.4814999997615814,0.31762999296188354,18.836000442504883,0.024000000208616257,1.2430000305175781,0.09099999815225601,-0.29325100779533386,0.5287550091743469,2.3499999046325684,0.7129999995231628,785.218994140625,-0.1901569962501526,1.0564899444580078,0.5580000281333923,0.5260000228881836,0.23744699358940125,0.22382999956607819,1.0608400106430054,8.0,0.0,0.9028570055961609,0.8223729729652405,20.922800064086914,0.6335999965667725,265.3845988,43.5647835,6.9937,26.083599090576172,6.042209861334413e-06,0.03198850154876709,0.06188239902257919,1.241550035047112e-05,t17_f5_c3,ZTF20aaiggef
2458968.9500579,1,1214450054815,20.87459945678711,/ztf/archive/sci/2020/0429/450058/ztf_20200429450058_000724_zg_c13_o_q1_scimrefdiffimg.fits.fz,Kulkarni,2,1.21445005481501e+18,0,19.0,1214,48,724,2283.1201171875,2199.570068359375,265.3846309,43.564789,20.219999313354492,0.22186599671840668,2.1743500232696533,20.72920036315918,0.3400999903678894,0.09047800302505493,19.094999313354492,0.019999999552965164,0.8169999718666077,0.0010000000474974513,-0.18113400042057037,0.5092300176620483,1.8600000143051147,0.8740000128746033,789.3770141601562,0.14537599682807922,1.387120008468628,0.5839999914169312,0.48399999737739563,0.313977986574173,0.26021501421928406,1.2066099643707275,6.0,0.0,0.88857102394104,0.9376170039176941,20.742799758911133,0.4383000135421753,265.3845965,43.5647832,9.89736,26.167999267578125,1.3308799680089578e-05,0.04778749868273735,-0.12099000066518784,2.738920011324808e-05,t17_f5_c3,ZTF20aaiggef
2458970.9086574,2,1216408656115,20.638700485229492,/ztf/archive/sci/2020/0501/408553/ztf_20200501408553_000725_zr_c16_o_q2_scimrefdiffimg.fits.fz,Kulkarni,1,,,,1216,61,725,,,,,,,,,,,,,,,,,,,,,,,,,,,,,,,,,,,,26.06839942932129,2.733590008574538e-06,0.020812399685382843,0.08723379671573639,5.491050160344457e-06,t17_f5_c3,ZTF20aaiggef
2458970.9334838,2,1216433484815,20.79360008239746,/ztf/archive/sci/2020/0501/433472/ztf_20200501433472_000724_zr_c13_o_q1_scimrefdiffimg.fits.fz,Kulkarni,1,1.21643348481501e+18,0,12.0,1216,48,724,2300.719970703125,2201.949951171875,265.3846277,43.5648216,20.33329963684082,0.18137599527835846,1.258020043373108,20.606800079345703,0.35010001063346863,0.14360399544239044,18.836000442504883,0.024000000208616257,1.2430000305175781,0.09099999815225601,-0.25015899538993835,0.2735249996185303,1.2143700122833252,0.8769999742507935,771.7839965820312,0.18684400618076324,2.0,0.5609999895095825,0.5509999990463257,0.4619689881801605,0.45373499393463135,1.018149971961975,7.0,0.0,0.9057139754295349,0.942628026008606,20.519899368286133,0.4106999933719635,265.3845988,43.5647835,5.24627,26.084299087524414,5.942400093772449e-06,0.03180550038814545,0.06722799688577652,1.2130200047977269e-05,t17_f5_c3,ZTF20aaiggef
2458968.9280671,2,1214428064815,20.697200775146484,/ztf/archive/sci/2020/0429/428067/ztf_20200429428067_000724_zr_c13_o_q1_scimrefdiffimg.fits.fz,Kulkarni,2,1.21442806481501e+18,f,10.0,1214,48,724,2287.280029296875,2195.43994140625,265.3847193,43.5647668,20.358600616455078,0.2146729975938797,1.5188499689102173,20.887399673461914,0.4814999997615814,0.31762999296188354,18.836000442504883,0.024000000208616257,1.2430000305175781,0.09099999815225601,-0.29325100779533386,0.5287550091743469,2.3499999046325684,0.7129999995231628,785.218994140625,-0.1901569962501526,1.0564899444580078,0.5580000281333923,0.5260000228881836,0.23744699358940125,0.22382999956607819,1.0608400106430054,8.0,0.0,0.9028570055961609,0.8223729729652405,20.922800064086914,0.6335999965667725,265.3845988,43.5647835,6.9937,26.083599090576172,6.042209861334413e-06,0.03198850154876709,0.06188239902257919,1.241550035047112e-05,t17_f5_c3,ZTF20aaiggef
2458968.9500579,1,1214450054815,20.87459945678711,/ztf/archive/sci/2020/0429/450058/ztf_20200429450058_000724_zg_c13_o_q1_scimrefdiffimg.fits.fz,Kulkarni,2,1.21445005481501e+18,f,19.0,1214,48,724,2283.1201171875,2199.570068359375,265.3846309,43.564789,20.219999313354492,0.22186599671840668,2.1743500232696533,20.72920036315918,0.3400999903678894,0.09047800302505493,19.094999313354492,0.019999999552965164,0.8169999718666077,0.0010000000474974513,-0.18113400042057037,0.5092300176620483,1.8600000143051147,0.8740000128746033,789.3770141601562,0.14537599682807922,1.387120008468628,0.5839999914169312,0.48399999737739563,0.313977986574173,0.26021501421928406,1.2066099643707275,6.0,0.0,0.88857102394104,0.9376170039176941,20.742799758911133,0.4383000135421753,265.3845965,43.5647832,9.89736,26.167999267578125,1.3308799680089578e-05,0.04778749868273735,-0.12099000066518784,2.738920011324808e-05,t17_f5_c3,ZTF20aaiggef
2458968.9614005,1,1214461404815,20.878999710083008,/ztf/archive/sci/2020/0429/461366/ztf_20200429461366_000724_zg_c13_o_q1_scimrefdiffimg.fits.fz,Kulkarni,2,1.21446140481501e+18,f,17.0,1214,48,724,2265.7099609375,2199.89990234375,265.3847062,43.5647979,20.282100677490234,0.2170269936323166,2.2762200832366943,20.567699432373047,0.29249998927116394,0.2882550060749054,19.094999313354492,0.019999999552965164,0.8169999718666077,0.0010000000474974513,-0.09719499945640564,0.2855849862098694,1.690000057220459,0.7509999871253967,806.7860107421875,0.3112950026988983,1.5266499519348145,0.5720000267028809,0.5090000033378601,0.3384619951248169,0.30118298530578613,1.123769998550415,7.0,0.0,0.8985710144042969,0.7940250039100647,20.635299682617188,0.39629998803138733,265.3845965,43.5647832,9.13011,26.16710090637207,1.3029500223638024e-05,0.04732140153646469,-0.1124270036816597,2.6646999685908668e-05,t17_f5_c3,ZTF20aaiggef
2458968.9819329,3,1214481934815,19.99049949645996,/ztf/archive/sci/2020/0429/481887/ztf_20200429481887_000724_zi_c13_o_q1_scimrefdiffimg.fits.fz,Kulkarni,2,,,,1214,48,724,,,,,,,,,,,,,,,,,,,,,,,,,,,,,,,,,,,,25.335800170898438,3.838179964077426e-06,0.03613809868693352,0.19754500687122345,2.843189940904267e-05,t17_f5_c3,ZTF20aaiggef
2458969.7722801,3,1215272284815,19.104799270629883,/ztf/archive/sci/2020/0430/272188/ztf_20200430272188_000724_zi_c13_o_q1_scimrefdiffimg.fits.fz,Kulkarni,2,,,,1215,48,724,,,,,,,,,,,,,,,,,,,,,,,,,,,,,,,,,,,,25.110599517822266,6.436309831769904e-06,0.046885401010513306,0.19212299585342407,4.7655001253588125e-05,t17_f5_c3,ZTF20aaiggef
2458969.8699769,2,1215369974815,19.52560043334961,/ztf/archive/sci/2020/0430/369977/ztf_20200430369977_000724_zr_c13_o_q1_scimrefdiffimg.fits.fz,Kulkarni,2,,,,1215,48,724,,,,,,,,,,,,,,,,,,,,,,,,,,,,,,,,,,,,25.34630012512207,7.009050023043528e-06,0.03466489911079407,0.062779001891613,1.429900021321373e-05,t17_f5_c3,ZTF20aaiggef
2458969.9210648,1,1215421064815,17.51689910888672,/ztf/archive/sci/2020/0430/421065/ztf_20200430421065_000724_zg_c13_o_q1_scimrefdiffimg.fits.fz,Kulkarni,2,,,,1215,48,724,,,,,,,,,,,,,,,,,,,,,,,,,,,,,,,,,,,,23.100000381469727,0.0003613359876908362,0.06597190350294113,-0.02110539935529232,0.001376920030452311,t17_f5_c3,ZTF20aaiggef
2458970.8433565,3,1216343354815,19.65250015258789,/ztf/archive/sci/2020/0501/343356/ztf_20200501343356_000724_zi_c13_o_q1_scimrefdiffimg.fits.fz,Kulkarni,2,,,,1216,48,724,,,,,,,,,,,,,,,,,,,,,,,,,,,,,,,,,,,,25.36479949951172,1.8382299913355382e-06,0.025419700890779495,0.19381099939346313,1.3393600056588184e-05,t17_f5_c3,ZTF20aaiggef
2458970.8747338,2,1216374734815,20.542299270629883,/ztf/archive/sci/2020/0501/374722/ztf_20200501374722_000724_zr_c13_o_q1_scimrefdiffimg.fits.fz,Kulkarni,2,,,,1216,48,724,,,,,,,,,,,,,,,,,,,,,,,,,,,,,,,,,,,,26.078100204467773,4.098189947399078e-06,0.02655239962041378,0.07072529941797256,8.338800398632884e-06,t17_f5_c3,ZTF20aaiggef
2458970.8770023,2,1216377004815,20.507299423217773,/ztf/archive/sci/2020/0501/376956/ztf_20200501376956_000724_zr_c13_o_q1_scimrefdiffimg.fits.fz,Kulkarni,2,,,,1216,48,724,,,,,,,,,,,,,,,,,,,,,,,,,,,,,,,,,,,,26.0762996673584,4.1269699977419805e-06,0.026503199711441994,0.0752037987112999,8.48538002173882e-06,t17_f5_c3,ZTF20aaiggef
2458970.9507176,1,1216450714815,21.016700744628906,/ztf/archive/sci/2020/0501/450683/ztf_20200501450683_000724_zg_c13_o_q1_scimrefdiffimg.fits.fz,Kulkarni,1,1.21645071481501e+18,0,49.0,1216,48,724,2277.93994140625,2211.239990234375,265.3847134,43.5647983,20.16939926147461,0.18898999691009521,2.2052600383758545,20.175199508666992,0.18160000443458557,0.30655598640441895,19.094999313354492,0.019999999552965164,0.8169999718666077,0.0010000000474974513,-0.2647790014743805,0.0057680001482367516,1.850000023841858,0.8190000057220459,794.5599975585938,0.8415250182151794,1.3932900428771973,0.6079999804496765,0.5220000147819519,0.32864901423454285,0.28216201066970825,1.1647499799728394,8.0,0.0,0.6942859888076782,0.9146760106086731,20.138999938964844,0.22290000319480896,265.3845965,43.5647832,10.1304,26.17340087890625,1.5163400348683354e-05,0.05093910172581673,-0.12912499904632568,3.116939842584543e-05,t17_f5_c3,ZTF20aaiggef
2458970.9525926,1,1216452594815,21.037099838256836,/ztf/archive/sci/2020/0501/452593/ztf_20200501452593_000724_zg_c13_o_q1_scimrefdiffimg.fits.fz,Kulkarni,2,1.21645259481501e+18,0,22.0,1216,48,724,2277.5400390625,2211.340087890625,265.3846551,43.5647839,20.204299926757812,0.2106499969959259,1.920199990272522,20.396299362182617,0.2207999974489212,0.15103000402450562,19.094999313354492,0.019999999552965164,0.8169999718666077,0.0010000000474974513,-0.016599999740719795,0.19202199578285217,2.4100000858306885,0.8420000076293945,794.9600219726562,0.6408050060272217,1.0562399625778198,0.6370000243186951,0.5740000009536743,0.26431500911712646,0.23817400634288788,1.109760046005249,8.0,0.0,0.7699999809265137,0.7282729744911194,20.606300354003906,0.3400000035762787,265.3845965,43.5647832,11.1551,26.181299209594727,1.5796400475664996e-05,0.051988501101732254,-0.13555200397968292,3.2433701562695205e-05,t17_f5_c3,ZTF20aaiggef
2458970.9334838,2,1216433484815,20.79360008239746,/ztf/archive/sci/2020/0501/433472/ztf_20200501433472_000724_zr_c13_o_q1_scimrefdiffimg.fits.fz,Kulkarni,1,1.21643348481501e+18,f,12.0,1216,48,724,2300.719970703125,2201.949951171875,265.3846277,43.5648216,20.33329963684082,0.18137599527835846,1.258020043373108,20.606800079345703,0.35010001063346863,0.14360399544239044,18.836000442504883,0.024000000208616257,1.2430000305175781,0.09099999815225601,-0.25015899538993835,0.2735249996185303,1.2143700122833252,0.8769999742507935,771.7839965820312,0.18684400618076324,2.0,0.5609999895095825,0.5509999990463257,0.4619689881801605,0.45373499393463135,1.018149971961975,7.0,0.0,0.9057139754295349,0.942628026008606,20.519899368286133,0.4106999933719635,265.3845988,43.5647835,5.24627,26.084299087524414,5.942400093772449e-06,0.03180550038814545,0.06722799688577652,1.2130200047977269e-05,t17_f5_c3,ZTF20aaiggef
2458970.9507176,1,1216450714815,21.016700744628906,/ztf/archive/sci/2020/0501/450683/ztf_20200501450683_000724_zg_c13_o_q1_scimrefdiffimg.fits.fz,Kulkarni,1,1.21645071481501e+18,f,49.0,1216,48,724,2277.93994140625,2211.239990234375,265.3847134,43.5647983,20.16939926147461,0.18898999691009521,2.2052600383758545,20.175199508666992,0.18160000443458557,0.30655598640441895,19.094999313354492,0.019999999552965164,0.8169999718666077,0.0010000000474974513,-0.2647790014743805,0.0057680001482367516,1.850000023841858,0.8190000057220459,794.5599975585938,0.8415250182151794,1.3932900428771973,0.6079999804496765,0.5220000147819519,0.32864901423454285,0.28216201066970825,1.1647499799728394,8.0,0.0,0.6942859888076782,0.9146760106086731,20.138999938964844,0.22290000319480896,265.3845965,43.5647832,10.1304,26.17340087890625,1.5163400348683354e-05,0.05093910172581673,-0.12912499904632568,3.116939842584543e-05,t17_f5_c3,ZTF20aaiggef
2458970.9525926,1,1216452594815,21.037099838256836,/ztf/archive/sci/2020/0501/452593/ztf_20200501452593_000724_zg_c13_o_q1_scimrefdiffimg.fits.fz,Kulkarni,2,1.21645259481501e+18,f,22.0,1216,48,724,2277.5400390625,2211.340087890625,265.3846551,43.5647839,20.204299926757812,0.2106499969959259,1.920199990272522,20.396299362182617,0.2207999974489212,0.15103000402450562,19.094999313354492,0.019999999552965164,0.8169999718666077,0.0010000000474974513,-0.016599999740719795,0.19202199578285217,2.4100000858306885,0.8420000076293945,794.9600219726562,0.6408050060272217,1.0562399625778198,0.6370000243186951,0.5740000009536743,0.26431500911712646,0.23817400634288788,1.109760046005249,8.0,0.0,0.7699999809265137,0.7282729744911194,20.606300354003906,0.3400000035762787,265.3845965,43.5647832,11.1551,26.181299209594727,1.5796400475664996e-05,0.051988501101732254,-0.13555200397968292,3.2433701562695205e-05,t17_f5_c3,ZTF20aaiggef
2458970.9655324,1,1216465534815,21.05069923400879,/ztf/archive/sci/2020/0501/465475/ztf_20200501465475_000724_zg_c13_o_q1_scimrefdiffimg.fits.fz,Kulkarni,2,1.21646553481501e+18,f,39.0,1216,48,724,2290.4599609375,2207.219970703125,265.3846609,43.564792,20.20680046081543,0.20415599644184113,2.231529951095581,20.239299774169922,0.1907999962568283,0.1692579984664917,19.094999313354492,0.019999999552965164,0.8169999718666077,0.0010000000474974513,-0.07508400082588196,0.0325080007314682,1.9600000381469727,0.878000020980835,782.041015625,0.8113669753074646,1.2872999906539917,0.6159999966621399,0.5509999990463257,0.3142859935760498,0.28112199902534485,1.1179699897766113,4.0,0.0,0.745714008808136,0.9399359822273254,20.02739906311035,0.19930000603199005,265.3845965,43.5647832,9.78213,26.173799514770508,1.683610025793314e-05,0.053492698818445206,-0.12807999551296234,3.485590059426613e-05,t17_f5_c3,ZTF20aaiggef
2458970.9664699,1,1216466466115,20.98419952392578,/ztf/archive/sci/2020/0501/466470/ztf_20200501466470_000725_zg_c16_o_q2_scimrefdiffimg.fits.fz,Kulkarni,1,1.21646646611501e+18,f,9.0,1216,61,725,1616.2900390625,2229.6298828125,265.3845628,43.5647302,20.48189926147461,0.25842899084091187,1.6255300045013428,20.487600326538086,0.2493000030517578,0.1682630032300949,19.097000122070312,0.03200000151991844,1.7740000486373901,0.03099999949336052,-0.026883000507950783,0.005694999825209379,1.2863399982452393,0.699999988079071,850.8660278320312,0.4965539872646332,2.0,0.6169999837875366,0.5320000052452087,0.4796540141105652,0.4135749936103821,1.1597700119018555,7.0,0.0,0.9214289784431458,0.8754969835281372,20.60460090637207,0.352400004863739,265.384619,43.5647603,8.26695,26.160900115966797,4.2893898353213444e-06,0.026202799752354622,-0.048238299787044525,8.59493957250379e-06,t17_f5_c3,ZTF20aaiggef
2458971.8165394,3,1217316534815,19.446500778198242,/ztf/archive/sci/2020/0502/316493/ztf_20200502316493_000724_zi_c13_o_q1_scimrefdiffimg.fits.fz,Kulkarni,2,,,,1217,48,724,,,,,,,,,,,,,,,,,,,,,,,,,,,,,,,,,,,,25.34119987487793,1.8065500171360327e-06,0.025198999792337418,0.19507500529289246,1.2946299648319837e-05,t17_f5_c3,ZTF20aaiggef
2458971.8441551,3,1217344154815,19.567100524902344,/ztf/archive/sci/2020/0502/344155/ztf_20200502344155_000724_zi_c13_o_q1_scimrefdiffimg.fits.fz,Kulkarni,2,,,,1217,48,724,,,,,,,,,,,,,,,,,,,,,,,,,,,,,,,,,,,,25.343299865722656,1.705990030131943e-06,0.02438640035688877,0.19370999932289124,1.2430199603841174e-05,t17_f5_c3,ZTF20aaiggef
2458971.9328125,1,1217432814815,20.738300323486328,/ztf/archive/sci/2020/0502/432558/ztf_20200502432558_000724_zg_c13_o_q1_scimrefdiffimg.fits.fz,Kulkarni,2,,,,1217,48,724,,,,,,,,,,,,,,,,,,,,,,,,,,,,,,,,,,,,26.13960075378418,1.5396099115605466e-05,0.05130989849567413,-0.09736839681863785,3.181910142302513e-05,t17_f5_c3,ZTF20aaiggef
2458971.9568519,1,1217456854815,20.798200607299805,/ztf/archive/sci/2020/0502/456840/ztf_20200502456840_000724_zg_c13_o_q1_scimrefdiffimg.fits.fz,Kulkarni,2,1.21745685481501e+18,f,18.0,1217,48,724,2273.3701171875,2211.110107421875,265.3847249,43.5648327,20.2096004486084,0.1772419959306717,1.3538700342178345,20.154800415039062,0.20829999446868896,0.37366101145744324,19.094999313354492,0.019999999552965164,0.8169999718666077,0.0010000000474974513,-0.10371100157499313,-0.05481500178575516,2.5399999618530273,0.8429999947547913,799.1329956054688,0.6434109807014465,1.0480200052261353,0.7630000114440918,0.6779999732971191,0.3003939986228943,0.2669290006160736,1.1253700256347656,4.0,0.0,0.9557139873504639,0.9574639797210693,20.333799362182617,0.3127000033855438,265.3845965,43.5647832,8.40948,26.153600692749023,1.356430038867984e-05,0.04816159978508949,-0.11494699865579605,2.7921900255023502e-05,t17_f5_c3,ZTF20aaiggef
2458972.8149884,3,1218314984815,19.454200744628906,/ztf/archive/sci/2020/0503/314942/ztf_20200503314942_000724_zi_c13_o_q1_scimrefdiffimg.fits.fz,Kulkarni,2,,,,1218,48,724,,,,,,,,,,,,,,,,,,,,,,,,,,,,,,,,,,,,25.33329963684082,1.7864499568531755e-06,0.025044800713658333,0.18914000689983368,1.2923300346301403e-05,t17_f5_c3,ZTF20aaiggef
2458972.8359375,3,1218335934815,19.45159912109375,/ztf/archive/sci/2020/0503/335880/ztf_20200503335880_000724_zi_c13_o_q1_scimrefdiffimg.fits.fz,Kulkarni,2,,,,1218,48,724,,,,,,,,,,,,,,,,,,,,,,,,,,,,,,,,,,,,25.34939956665039,1.7623599433136405e-06,0.02473760023713112,0.1841920018196106,1.298200004384853e-05,t17_f5_c3,ZTF20aaiggef
2458972.8866898,2,1218386684815,20.24799919128418,/ztf/archive/sci/2020/0503/386690/ztf_20200503386690_000724_zr_c13_o_q1_scimrefdiffimg.fits.fz,Kulkarni,2,1.21838668481501e+18,f,12.0,1218,48,724,2273.159912109375,2211.0,265.3846372,43.5647171,20.413000106811523,0.24388299882411957,1.193850040435791,20.457399368286133,0.5077999830245972,0.25958698987960815,18.836000442504883,0.024000000208616257,1.2430000305175781,0.09099999815225601,-0.005770999938249588,0.044447001069784164,1.1720199584960938,0.8730000257492065,799.343017578125,-0.2094240039587021,2.0,0.5950000286102295,0.49000000953674316,0.5076689720153809,0.41808098554611206,1.2142900228500366,9.0,0.0,0.9171429872512817,0.7909529805183411,20.466800689697266,0.6557999849319458,265.3845988,43.5647835,5.23545,26.066999435424805,2.915820005000569e-06,0.02238209918141365,0.07583940029144287,5.933739885222167e-06,t17_f5_c3,ZTF20aaiggef
2458972.9120949,2,1218412094815,19.957000732421875,/ztf/archive/sci/2020/0503/412083/ztf_20200503412083_000724_zr_c13_o_q1_scimrefdiffimg.fits.fz,Kulkarni,2,,,,1218,48,724,,,,,,,,,,,,,,,,,,,,,,,,,,,,,,,,,,,,25.934499740600586,3.5080099678452825e-06,0.02454020082950592,0.0764164999127388,7.135320174711524e-06,t17_f5_c3,ZTF20aaiggef
2458972.9653819,1,1218465384815,20.90959930419922,/ztf/archive/sci/2020/0503/465347/ztf_20200503465347_000724_zg_c13_o_q1_scimrefdiffimg.fits.fz,Kulkarni,2,1.21846538481501e+18,f,14.0,1218,48,724,2277.429931640625,2230.389892578125,265.3846504,43.564784,20.155799865722656,0.2526380121707916,3.2869598865509033,20.51259994506836,0.28119999170303345,0.1388009935617447,19.094999313354492,0.019999999552965164,0.8169999718666077,0.0010000000474974513,-0.11005599796772003,0.35684698820114136,3.0299999713897705,0.8420000076293945,795.0670166015625,0.3970339894294739,0.8185459971427917,0.5339999794960022,0.47999998927116394,0.17623800039291382,0.1584160029888153,1.1124999523162842,11.0,0.0,0.6257140040397644,0.6044359803199768,20.424699783325195,0.3303999900817871,265.3845965,43.5647832,10.6711,26.154800415039062,1.3641199984704144e-05,0.04798309877514839,-0.10872799903154373,2.8676700821961276e-05,t17_f5_c3,ZTF20aaiggef
2458973.8381829,2,1219338184815,19.883800506591797,/ztf/archive/sci/2020/0504/338160/ztf_20200504338160_000724_zr_c13_o_q1_scimrefdiffimg.fits.fz,Kulkarni,2,,,,1219,48,724,,,,,,,,,,,,,,,,,,,,,,,,,,,,,,,,,,,,26.075899124145508,3.4102099562005606e-06,0.02419929951429367,0.07434110343456268,6.952459898457164e-06,t17_f5_c3,ZTF20aaiggef
2458973.8669444,2,1219366944815,19.801700592041016,/ztf/archive/sci/2020/0504/366944/ztf_20200504366944_000724_zr_c13_o_q1_scimrefdiffimg.fits.fz,Kulkarni,1,,,,1219,48,724,,,,,,,,,,,,,,,,,,,,,,,,,,,,,,,,,,,,26.075700759887695,3.929289960069582e-06,0.02580830082297325,0.07848480343818665,8.092560165096074e-06,t17_f5_c3,ZTF20aaiggef
2458973.8678819,2,1219367884815,19.87310028076172,/ztf/archive/sci/2020/0504/367870/ztf_20200504367870_000724_zr_c13_o_q1_scimrefdiffimg.fits.fz,Kulkarni,2,,,,1219,48,724,,,,,,,,,,,,,,,,,,,,,,,,,,,,,,,,,,,,26.07379913330078,3.555310058800387e-06,0.024656299501657486,0.07809480279684067,7.29670000509941e-06,t17_f5_c3,ZTF20aaiggef
2458973.8683449,2,1219368346115,19.940399169921875,/ztf/archive/sci/2020/0504/368345/ztf_20200504368345_000725_zr_c16_o_q2_scimrefdiffimg.fits.fz,Kulkarni,1,,,,1219,61,725,,,,,,,,,,,,,,,,,,,,,,,,,,,,,,,,,,,,26.046100616455078,3.6794199331779964e-06,0.02424819953739643,0.08729849755764008,7.412750164803583e-06,t17_f5_c3,ZTF20aaiggef
2458973.8772454,3,1219377244815,19.234699249267578,/ztf/archive/sci/2020/0504/376829/ztf_20200504376829_000724_zi_c13_o_q1_scimrefdiffimg.fits.fz,Kulkarni,2,,,,1219,48,724,,,,,,,,,,,,,,,,,,,,,,,,,,,,,,,,,,,,25.35770034790039,3.3684100344544277e-06,0.03382610157132149,0.1962299942970276,2.5290899429819547e-05,t17_f5_c3,ZTF20aaiggef
2458973.8965509,3,1219396554815,19.661699295043945,/ztf/archive/sci/2020/0504/396354/ztf_20200504396354_000724_zi_c13_o_q1_scimrefdiffimg.fits.fz,Kulkarni,2,,,,1219,48,724,,,,,,,,,,,,,,,,,,,,,,,,,,,,,,,,,,,,25.350299835205078,2.2310800886771176e-06,0.027712399140000343,0.19405199587345123,1.6623900592094287e-05,t17_f5_c3,ZTF20aaiggef
2458973.9551736,1,1219455174815,20.250499725341797,/ztf/archive/sci/2020/0504/455174/ztf_20200504455174_000724_zg_c13_o_q1_scimrefdiffimg.fits.fz,Kulkarni,2,1.21945517481501e+18,f,8.0,1219,48,724,2265.75,2231.1298828125,265.3846027,43.5647697,20.39109992980957,0.32041698694229126,0.9212530255317688,20.134899139404297,0.3440000116825104,0.04564100131392479,19.094999313354492,0.019999999552965164,0.8169999718666077,0.0010000000474974513,0.021709999069571495,-0.2562279999256134,1.2789599895477295,0.8209999799728394,806.7520141601562,0.11563800275325775,2.0,0.621999979019165,0.46700000762939453,0.4863330125808716,0.36514100432395935,1.3319100141525269,8.0,0.0,0.9085710048675537,0.8605589866638184,19.805099487304688,0.3255000114440918,265.3845965,43.5647832,5.92943,26.177099227905273,7.0641099227941595e-06,0.03436779975891113,-0.050524499267339706,1.5193299987004139e-05,t17_f5_c3,ZTF20aaiggef
2458973.9665625,1,1219466564815,20.528600692749023,/ztf/archive/sci/2020/0504/466539/ztf_20200504466539_000724_zg_c13_o_q1_scimrefdiffimg.fits.fz,Kulkarni,1,1.21946656481501e+18,f,6.0,1219,48,724,2271.64990234375,2231.300048828125,265.384664,43.5648125,20.37619972229004,0.2736400067806244,1.6665400266647339,20.152700424194336,0.2833000123500824,0.20501099526882172,19.094999313354492,0.019999999552965164,0.8169999718666077,0.0010000000474974513,-0.1735060065984726,-0.22349299490451813,2.9200000762939453,0.8700000047683716,800.85498046875,0.37586599588394165,0.845009982585907,0.5580000281333923,0.5120000243186951,0.1910959929227829,0.17534199357032776,1.089840054512024,7.0,0.0,0.9171429872512817,0.8873929977416992,19.833599090576172,0.27000001072883606,265.3845965,43.5647832,6.68446,26.173200607299805,6.634720193687826e-06,0.03368949890136719,-0.07871069759130478,1.3781999768980313e-05,t17_f5_c3,ZTF20aaiggef
2458973.9703704,1,1219470376115,20.55270004272461,/ztf/archive/sci/2020/0504/470359/ztf_20200504470359_000725_zg_c16_o_q2_scimrefdiffimg.fits.fz,Kulkarni,1,1.21947037611501e+18,f,6.0,1219,61,725,1593.5799560546875,2253.760009765625,265.3845967,43.5647573,20.45599937438965,0.25583401322364807,1.3854999542236328,20.677900314331055,0.43230000138282776,0.0490339994430542,19.097000122070312,0.03200000151991844,1.7740000486373901,0.03099999949336052,-0.0488319993019104,0.22185499966144562,2.5299999713897705,0.7429999709129333,826.7349853515625,-0.12524600327014923,1.014930009841919,0.722000002861023,0.5149999856948853,0.2853749990463257,0.20355699956417084,1.4019399881362915,4.0,0.0,0.9285709857940674,1.0,20.40369987487793,0.4293999969959259,265.384619,43.5647603,7.69381,26.156999588012695,4.837139840674354e-06,0.027902500703930855,-0.05120290070772171,9.770749784365762e-06,t17_f5_c3,ZTF20aaiggef
2458974.7176157,1,1220217614815,18.95479965209961,/ztf/archive/sci/2020/0505/217616/ztf_20200505217616_000724_zg_c13_o_q1_scimrefdiffimg.fits.fz,Kulkarni,2,,,,1220,48,724,,,,,,,,,,,,,,,,,,,,,,,,,,,,,,,,,,,,25.88129997253418,2.0199000573484227e-05,0.044310200959444046,-0.007018500007688999,5.596159826382063e-05,t17_f5_c3,ZTF20aaiggef
2458974.8412963,2,1220341294815,19.738800048828125,/ztf/archive/sci/2020/0505/341296/ztf_20200505341296_000724_zr_c13_o_q1_scimrefdiffimg.fits.fz,Kulkarni,2,,,,1220,48,724,,,,,,,,,,,,,,,,,,,,,,,,,,,,,,,,,,,,26.073200225830078,3.881779775838368e-06,0.02561349980533123,0.07665999978780746,7.9988503784989e-06,t17_f5_c3,ZTF20aaiggef
2458974.8580093,2,1220358004815,19.73979949951172,/ztf/archive/sci/2020/0505/357998/ztf_20200505357998_000724_zr_c13_o_q1_scimrefdiffimg.fits.fz,Kulkarni,2,,,,1220,48,724,,,,,,,,,,,,,,,,,,,,,,,,,,,,,,,,,,,,26.08169937133789,3.348339987496729e-06,0.023912200704216957,0.08254659920930862,6.874010068713687e-06,t17_f5_c3,ZTF20aaiggef
2458974.9054861,3,1220405484815,19.54520034790039,/ztf/archive/sci/2020/0505/405486/ztf_20200505405486_000724_zi_c13_o_q1_scimrefdiffimg.fits.fz,Kulkarni,2,,,,1220,48,724,,,,,,,,,,,,,,,,,,,,,,,,,,,,,,,,,,,,25.352399826049805,1.9319600141898263e-06,0.025974199175834656,0.1980160027742386,1.4077500054554548e-05,t17_f5_c3,ZTF20aaiggef
2458974.9233218,3,1220423324815,19.568700790405273,/ztf/archive/sci/2020/0505/423322/ztf_20200505423322_000724_zi_c13_o_q1_scimrefdiffimg.fits.fz,Kulkarni,2,,,,1220,48,724,,,,,,,,,,,,,,,,,,,,,,,,,,,,,,,,,,,,25.350200653076172,1.795949970073707e-06,0.02506840042769909,0.1895039975643158,1.3027300155954435e-05,t17_f5_c3,ZTF20aaiggef
2458974.9479167,1,1220447914815,19.956100463867188,/ztf/archive/sci/2020/0505/447917/ztf_20200505447917_000724_zg_c13_o_q1_scimrefdiffimg.fits.fz,Kulkarni,2,,,,1220,48,724,,,,,,,,,,,,,,,,,,,,,,,,,,,,,,,,,,,,26.174299240112305,7.247069788718363e-06,0.03361919894814491,-0.03666739910840988,1.6485699234181084e-05,t17_f5_c3,ZTF20aaiggef
2458975.6983102,1,1221198314815,18.69029998779297,/ztf/archive/sci/2020/0506/198310/ztf_20200506198310_000724_zg_c13_o_q1_scimrefdiffimg.fits.fz,Kulkarni,2,,,,1221,48,724,,,,,,,,,,,,,,,,,,,,,,,,,,,,,,,,,,,,25.87190055847168,2.9271999665070325e-05,0.044588200747966766,-0.008047780022025108,8.988060289993882e-05,t17_f5_c3,ZTF20aaiggef
2458975.8601505,3,1221360154815,19.41349983215332,/ztf/archive/sci/2020/0506/359850/ztf_20200506359850_000724_zi_c13_o_q1_scimrefdiffimg.fits.fz,Kulkarni,2,,,,1221,48,724,,,,,,,,,,,,,,,,,,,,,,,,,,,,,,,,,,,,25.417299270629883,4.223240011924645e-06,0.03601929917931557,0.19797100126743317,3.065359851461835e-05,t17_f5_c3,ZTF20aaiggef
2458975.9135764,2,1221413574815,19.457199096679688,/ztf/archive/sci/2020/0506/413576/ztf_20200506413576_000724_zr_c13_o_q1_scimrefdiffimg.fits.fz,Kulkarni,2,,,,1221,48,724,,,,,,,,,,,,,,,,,,,,,,,,,,,,,,,,,,,,25.93429946899414,5.148689979250776e-06,0.02976140007376671,0.08125069737434387,1.0548799764364958e-05,t17_f5_c3,ZTF20aaiggef
2458975.9268981,1,1221426894815,19.73080062866211,/ztf/archive/sci/2020/0506/426898/ztf_20200506426898_000724_zg_c13_o_q1_scimrefdiffimg.fits.fz,Kulkarni,2,,,,1221,48,724,,,,,,,,,,,,,,,,,,,,,,,,,,,,,,,,,,,,26.191999435424805,8.488799721817486e-06,0.03555209934711456,-0.04163540154695511,2.0015000700368546e-05,t17_f5_c3,ZTF20aaiggef
2458975.9361343,2,1221436134815,19.667600631713867,/ztf/archive/sci/2020/0506/436134/ztf_20200506436134_000724_zr_c13_o_q1_scimrefdiffimg.fits.fz,Kulkarni,2,,,,1221,48,724,,,,,,,,,,,,,,,,,,,,,,,,,,,,,,,,,,,,26.092500686645508,4.399490080686519e-06,0.02737249992787838,0.08220189809799194,9.089720151678193e-06,t17_f5_c3,ZTF20aaiggef
2458976.7179977,1,1222217994815,18.827800750732422,/ztf/archive/sci/2020/0507/217998/ztf_20200507217998_000724_zg_c13_o_q1_scimrefdiffimg.fits.fz,Kulkarni,2,,,,1222,48,724,,,,,,,,,,,,,,,,,,,,,,,,,,,,,,,,,,,,26.010700225830078,2.208539990533609e-05,0.041032999753952026,-0.02523129992187023,6.606130045838654e-05,t17_f5_c3,ZTF20aaiggef
2458976.8408565,2,1222340854815,19.15880012512207,/ztf/archive/sci/2020/0507/340856/ztf_20200507340856_000724_zr_c13_o_q1_scimrefdiffimg.fits.fz,Kulkarni,2,,,,1222,48,724,,,,,,,,,,,,,,,,,,,,,,,,,,,,,,,,,,,,25.958900451660156,7.432070106005995e-06,0.03540530055761337,0.08301769942045212,1.5248399904521648e-05,t17_f5_c3,ZTF20aaiggef
2458976.8544213,2,1222354424815,19.332399368286133,/ztf/archive/sci/2020/0507/354398/ztf_20200507354398_000724_zr_c13_o_q1_scimrefdiffimg.fits.fz,Kulkarni,1,,,,1222,48,724,,,,,,,,,,,,,,,,,,,,,,,,,,,,,,,,,,,,26.06800079345703,5.475830221257638e-06,0.030573200434446335,0.08968520164489746,1.1285100299573969e-05,t17_f5_c3,ZTF20aaiggef
2458976.8712963,2,1222371296115,19.529199600219727,/ztf/archive/sci/2020/0507/371273/ztf_20200507371273_000725_zr_c16_o_q2_scimrefdiffimg.fits.fz,Kulkarni,1,,,,1222,61,725,,,,,,,,,,,,,,,,,,,,,,,,,,,,,,,,,,,,26.0674991607666,5.539819994737627e-06,0.0293917004019022,0.08276180177927017,1.1161800102854613e-05,t17_f5_c3,ZTF20aaiggef
2458976.8717708,2,1222371774815,19.479000091552734,/ztf/archive/sci/2020/0507/371771/ztf_20200507371771_000724_zr_c13_o_q1_scimrefdiffimg.fits.fz,Kulkarni,2,,,,1222,48,724,,,,,,,,,,,,,,,,,,,,,,,,,,,,,,,,,,,,26.09709930419922,4.918269951303955e-06,0.02900180034339428,0.0880151018500328,1.0092099728353787e-05,t17_f5_c3,ZTF20aaiggef
2458976.9067361,3,1222406734815,19.289899826049805,/ztf/archive/sci/2020/0507/406736/ztf_20200507406736_000724_zi_c13_o_q1_scimrefdiffimg.fits.fz,Kulkarni,2,,,,1222,48,724,,,,,,,,,,,,,,,,,,,,,,,,,,,,,,,,,,,,25.388399124145508,2.1178800579946255e-06,0.027036000043153763,0.18922999501228333,1.578860064910259e-05,t17_f5_c3,ZTF20aaiggef
2458976.9225116,3,1222422514815,19.36840057373047,/ztf/archive/sci/2020/0507/422512/ztf_20200507422512_000724_zi_c13_o_q1_scimrefdiffimg.fits.fz,Kulkarni,2,,,,1222,48,724,,,,,,,,,,,,,,,,,,,,,,,,,,,,,,,,,,,,25.387500762939453,2.047360112555907e-06,0.026568299159407616,0.19461099803447723,1.5281100786523893e-05,t17_f5_c3,ZTF20aaiggef
2458976.9483218,1,1222448324815,19.45319938659668,/ztf/archive/sci/2020/0507/448322/ztf_20200507448322_000724_zg_c13_o_q1_scimrefdiffimg.fits.fz,Kulkarni,2,,,,1222,48,724,,,,,,,,,,,,,,,,,,,,,,,,,,,,,,,,,,,,26.194599151611328,1.4046599972061813e-05,0.0420260988175869,-0.03543910011649132,3.732150071300566e-05,t17_f5_c3,ZTF20aaiggef
2458976.9720718,1,1222472074815,19.52039909362793,/ztf/archive/sci/2020/0507/472072/ztf_20200507472072_000724_zg_c13_o_q1_scimrefdiffimg.fits.fz,Kulkarni,1,,,,1222,48,724,,,,,,,,,,,,,,,,,,,,,,,,,,,,,,,,,,,,26.197200775146484,9.948539627657738e-06,0.036740198731422424,-0.03483720123767853,2.541799949540291e-05,t17_f5_c3,ZTF20aaiggef
2458976.9928009,1,1222492806115,18.963600158691406,/ztf/archive/sci/2020/0507/492789/ztf_20200507492789_000725_zg_c16_o_q2_scimrefdiffimg.fits.fz,Kulkarni,1,,,,1222,61,725,,,,,,,,,,,,,,,,,,,,,,,,,,,,,,,,,,,,25.99250030517578,1.983559923246503e-05,0.04143179953098297,-0.04282590001821518,5.724150105379522e-05,t17_f5_c3,ZTF20aaiggef
2458977.6996181,1,1223199614815,16.45549964904785,/ztf/archive/sci/2020/0508/199618/ztf_20200508199618_000724_zg_c13_o_q1_scimrefdiffimg.fits.fz,Kulkarni,2,,,,1223,48,724,,,,,,,,,,,,,,,,,,,,,,,,,,,,,,,,,,,,23.982500076293945,0.04251189902424812,0.09996610134840012,-0.12628300487995148,0.11156299710273743,t17_f5_c3,ZTF20aaiggef
2458977.8023727,3,1223302374815,18.531700134277344,/ztf/archive/sci/2020/0508/302373/ztf_20200508302373_000724_zi_c13_o_q1_scimrefdiffimg.fits.fz,Kulkarni,2,,,,1223,48,724,,,,,,,,,,,,,,,,,,,,,,,,,,,,,,,,,,,,25.190000534057617,5.582519861491164e-06,0.04196549952030182,0.18533900380134583,3.792619827436283e-05,t17_f5_c3,ZTF20aaiggef
2458977.8157639,3,1223315764815,18.298099517822266,/ztf/archive/sci/2020/0508/315764/ztf_20200508315764_000724_zi_c13_o_q1_scimrefdiffimg.fits.fz,Kulkarni,2,,,,1223,48,724,,,,,,,,,,,,,,,,,,,,,,,,,,,,,,,,,,,,25.054800033569336,7.146550160541665e-06,0.04577239975333214,0.193354994058609,4.6847799239913e-05,t17_f5_c3,ZTF20aaiggef
2458977.9170949,2,1223417094815,19.37030029296875,/ztf/archive/sci/2020/0508/417095/ztf_20200508417095_000724_zr_c13_o_q1_scimrefdiffimg.fits.fz,Kulkarni,2,,,,1223,48,724,,,,,,,,,,,,,,,,,,,,,,,,,,,,,,,,,,,,25.97480010986328,5.949199930910254e-06,0.03195500001311302,0.07218640297651291,1.2130500181228854e-05,t17_f5_c3,ZTF20aaiggef
2458977.9273611,1,1223427364815,19.25189971923828,/ztf/archive/sci/2020/0508/427350/ztf_20200508427350_000724_zg_c13_o_q1_scimrefdiffimg.fits.fz,Kulkarni,2,,,,1223,48,724,,,,,,,,,,,,,,,,,,,,,,,,,,,,,,,,,,,,26.061899185180664,1.4089199794398155e-05,0.041068799793720245,-0.037654101848602295,3.7850601074751467e-05,t17_f5_c3,ZTF20aaiggef
2458977.9345949,2,1223434594815,19.204700469970703,/ztf/archive/sci/2020/0508/434595/ztf_20200508434595_000724_zr_c13_o_q1_scimrefdiffimg.fits.fz,Kulkarni,2,,,,1223,48,724,,,,,,,,,,,,,,,,,,,,,,,,,,,,,,,,,,,,25.861000061035156,6.4919499891402666e-06,0.03331939876079559,0.08339019864797592,1.3187100194045343e-05,t17_f5_c3,ZTF20aaiggef
2458978.7173958,1,1224217394815,19.200300216674805,/ztf/archive/sci/2020/0509/217396/ztf_20200509217396_000724_zg_c13_o_q1_scimrefdiffimg.fits.fz,Kulkarni,2,,,,1224,48,724,,,,,,,,,,,,,,,,,,,,,,,,,,,,,,,,,,,,25.852800369262695,1.5225599781842902e-05,0.04254690185189247,-0.02367660030722618,4.092699964530766e-05,t17_f5_c3,ZTF20aaiggef
2458978.7979977,2,1224297994815,19.6835994720459,/ztf/archive/sci/2020/0509/297986/ztf_20200509297986_000724_zr_c13_o_q1_scimrefdiffimg.fits.fz,Kulkarni,2,,,,1224,48,724,,,,,,,,,,,,,,,,,,,,,,,,,,,,,,,,,,,,26.04640007019043,4.0546301534050144e-06,0.026240499690175056,0.08049999922513962,8.341889952134807e-06,t17_f5_c3,ZTF20aaiggef
2458978.8492824,3,1224349284815,19.659400939941406,/ztf/archive/sci/2020/0509/349282/ztf_20200509349282_000724_zi_c13_o_q1_scimrefdiffimg.fits.fz,Kulkarni,2,,,,1224,48,724,,,,,,,,,,,,,,,,,,,,,,,,,,,,,,,,,,,,26.09119987487793,1.2836700307161664e-06,0.021205900236964226,0.18831700086593628,9.31645990931429e-06,t17_f5_c3,ZTF20aaiggef
2458978.858831,3,1224358834815,19.681499481201172,/ztf/archive/sci/2020/0509/358738/ztf_20200509358738_000724_zi_c13_o_q1_scimrefdiffimg.fits.fz,Kulkarni,2,,,,1224,48,724,,,,,,,,,,,,,,,,,,,,,,,,,,,,,,,,,,,,26.080299377441406,1.3550700259656878e-06,0.021677199751138687,0.1920820027589798,9.917350325849839e-06,t17_f5_c3,ZTF20aaiggef
2458978.9470139,1,1224447014815,19.444799423217773,/ztf/archive/sci/2020/0509/447014/ztf_20200509447014_000724_zg_c13_o_q1_scimrefdiffimg.fits.fz,Kulkarni,2,1.22444701481501e+18,f,3.0,1224,48,724,2272.550048828125,2210.60009765625,265.3844626,43.5647948,19.74650001525879,0.3040919899940491,0.9291099905967712,19.36039924621582,0.3968999981880188,0.347463995218277,19.094999313354492,0.019999999552965164,0.8169999718666077,0.0010000000474974513,0.6799299716949463,-0.3861440122127533,2.3499999046325684,0.7409999966621399,799.9500122070312,0.08438300341367722,0.9612669944763184,0.652999997138977,0.5559999942779541,0.2778719961643219,0.2365960031747818,1.1744600534439087,7.0,0.0,0.804286003112793,0.9290900230407715,19.495100021362305,0.5774999856948853,265.3845965,43.5647832,5.55319,25.958499908447266,1.0952399861707818e-05,0.037963200360536575,-0.03400060161948204,2.7974199838354252e-05,t17_f5_c3,ZTF20aaiggef
2458978.9778935,2,1224477894815,17.06209945678711,/ztf/archive/sci/2020/0509/477894/ztf_20200509477894_000724_zr_c13_o_q1_scimrefdiffimg.fits.fz,Kulkarni,2,,,,1224,48,724,,,,,,,,,,,,,,,,,,,,,,,,,,,,,,,,,,,,24.805999755859375,0.00011927999730687588,0.06660550087690353,0.07543720304965973,0.0003098459856119007,t17_f5_c3,ZTF20aaiggef
2458979.7078935,1,1225207894815,20.03030014038086,/ztf/archive/sci/2020/0510/207894/ztf_20200510207894_000724_zg_c13_o_q1_scimrefdiffimg.fits.fz,Kulkarni,2,1.22520789481501e+18,f,3.0,1225,48,724,2318.659912109375,2164.68994140625,265.3848337,43.564752,20.047100067138672,0.23925800621509552,1.3320599794387817,20.80419921875,0.7124999761581421,0.6206809878349304,19.094999313354492,0.019999999552965164,0.8169999718666077,0.0010000000474974513,0.27340298891067505,0.7571390271186829,3.3499999046325684,0.5820000171661377,753.8389892578125,-0.7738990187644958,0.8387190103530884,0.8550000190734863,0.6629999876022339,0.25522398948669434,0.19790999591350555,1.2895900011062622,6.0,0.0,0.7699999809265137,0.9712389707565308,20.79640007019043,0.906499981880188,265.3845965,43.5647832,6.2175,25.749099731445312,2.092380054818932e-05,0.05777540057897568,-0.045897699892520905,4.5956701796967536e-05,t17_f5_c3,ZTF20aaiggef
2458979.764213,1,1225264214815,19.715299606323242,/ztf/archive/sci/2020/0510/264201/ztf_20200510264201_000724_zg_c13_o_q1_scimrefdiffimg.fits.fz,Kulkarni,1,,,,1225,48,724,,,,,,,,,,,,,,,,,,,,,,,,,,,,,,,,,,,,25.989700317382812,7.93584968050709e-06,0.0347134992480278,-0.027195099741220474,1.8426699170959182e-05,t17_f5_c3,ZTF20aaiggef
2458979.8337384,2,1225333734815,19.820499420166016,/ztf/archive/sci/2020/0510/333738/ztf_20200510333738_000724_zr_c13_o_q1_scimrefdiffimg.fits.fz,Kulkarni,2,,,,1225,48,724,,,,,,,,,,,,,,,,,,,,,,,,,,,,,,,,,,,,26.01849937438965,4.110920144739794e-06,0.02649489976465702,0.07950259745121002,8.377839549211785e-06,t17_f5_c3,ZTF20aaiggef
2458979.8393171,2,1225339314815,19.836000442504883,/ztf/archive/sci/2020/0510/339271/ztf_20200510339271_000724_zr_c13_o_q1_scimrefdiffimg.fits.fz,Kulkarni,2,,,,1225,48,724,,,,,,,,,,,,,,,,,,,,,,,,,,,,,,,,,,,,26.0231990814209,3.432279982007458e-06,0.024236999452114105,0.07986179739236832,7.00959981259075e-06,t17_f5_c3,ZTF20aaiggef
2458979.8397917,2,1225339796115,19.207799911499023,/ztf/archive/sci/2020/0510/339792/ztf_20200510339792_000725_zr_c16_o_q2_scimrefdiffimg.fits.fz,Kulkarni,1,,,,1225,61,725,,,,,,,,,,,,,,,,,,,,,,,,,,,,,,,,,,,,25.398000717163086,9.387779755343217e-06,0.03809979930520058,0.08861350268125534,1.8362899936619215e-05,t17_f5_c3,ZTF20aaiggef
2458979.8502431,2,1225350244815,19.93600082397461,/ztf/archive/sci/2020/0510/350243/ztf_20200510350243_000724_zr_c13_o_q1_scimrefdiffimg.fits.fz,Kulkarni,1,,,,1225,48,724,,,,,,,,,,,,,,,,,,,,,,,,,,,,,,,,,,,,26.042299270629883,3.628149897849653e-06,0.024904699996113777,0.0800338014960289,7.402170012937859e-06,t17_f5_c3,ZTF20aaiggef
2458979.8922569,3,1225392254815,19.85110092163086,/ztf/archive/sci/2020/0510/392257/ztf_20200510392257_000724_zi_c13_o_q1_scimrefdiffimg.fits.fz,Kulkarni,2,,,,1225,48,724,,,,,,,,,,,,,,,,,,,,,,,,,,,,,,,,,,,,26.08099937438965,1.3416199635685189e-06,0.02162249945104122,0.19228599965572357,9.780769687495194e-06,t17_f5_c3,ZTF20aaiggef
2458979.9015856,3,1225401584815,19.91510009765625,/ztf/archive/sci/2020/0510/401586/ztf_20200510401586_000724_zi_c13_o_q1_scimrefdiffimg.fits.fz,Kulkarni,2,,,,1225,48,724,,,,,,,,,,,,,,,,,,,,,,,,,,,,,,,,,,,,26.079099655151367,1.3620799563796027e-06,0.021666400134563446,0.19500400125980377,9.987859812099487e-06,t17_f5_c3,ZTF20aaiggef
2458979.9273032,1,1225427304815,19.824199676513672,/ztf/archive/sci/2020/0510/427303/ztf_20200510427303_000724_zg_c13_o_q1_scimrefdiffimg.fits.fz,Kulkarni,2,,,,1225,48,724,,,,,,,,,,,,,,,,,,,,,,,,,,,,,,,,,,,,26.110300064086914,7.801830179232638e-06,0.03476740047335625,-0.03830229863524437,1.79703001776943e-05,t17_f5_c3,ZTF20aaiggef
2458980.7177083,1,1226217704815,20.475500106811523,/ztf/archive/sci/2020/0511/217708/ztf_20200511217708_000724_zg_c13_o_q1_scimrefdiffimg.fits.fz,Kulkarni,2,1.22621770481501e+18,f,10.0,1226,48,724,2304.739990234375,2168.820068359375,265.384708,43.5648411,19.951099395751953,0.1760919988155365,1.5289000272750854,19.978599548339844,0.23229999840259552,0.3490149974822998,19.094999313354492,0.019999999552965164,0.8169999718666077,0.0010000000474974513,-0.11033999919891357,0.027546999976038933,2.359999895095825,0.890999972820282,767.7630004882812,0.4968949854373932,1.1488699913024902,0.7609999775886536,0.671999990940094,0.3224579989910126,0.284745991230011,1.1324399709701538,4.0,0.0,0.9328569769859314,0.9464150071144104,19.97330093383789,0.29490000009536743,265.3845965,43.5647832,9.02352,25.906099319458008,1.2533700100902934e-05,0.0460520014166832,-0.08711370080709457,2.612390017020516e-05,t17_f5_c3,ZTF20aaiggef
2458980.8152894,2,1226315284815,20.026100158691406,/ztf/archive/sci/2020/0511/315289/ztf_20200511315289_000724_zr_c13_o_q1_scimrefdiffimg.fits.fz,Kulkarni,2,1.22631528481501e+18,f,12.0,1226,48,724,2278.199951171875,2205.949951171875,265.3846844,43.5647392,20.241100311279297,0.26973700523376465,1.1735700368881226,20.146400451660156,0.41620001196861267,0.27107900381088257,18.836000442504883,0.024000000208616257,1.2430000305175781,0.09099999815225601,-0.08021800220012665,-0.09465000033378601,1.31427001953125,0.6970000267028809,794.2999877929688,-0.12025400251150131,2.0,0.8500000238418579,0.6169999837875366,0.6467459797859192,0.46946200728416443,1.3776299953460693,8.0,0.0,0.9399999976158142,0.9466549754142761,20.454099655151367,0.7084000110626221,265.3845988,43.5647835,5.44481,26.05109977722168,3.555589955794858e-06,0.02456440031528473,0.07979190349578857,7.292800091818208e-06,t17_f5_c3,ZTF20aaiggef
2458980.8721412,3,1226372144815,19.911100387573242,/ztf/archive/sci/2020/0511/372141/ztf_20200511372141_000724_zi_c13_o_q1_scimrefdiffimg.fits.fz,Kulkarni,2,,,,1226,48,724,,,,,,,,,,,,,,,,,,,,,,,,,,,,,,,,,,,,26.131000518798828,1.0613299536998966e-06,0.01911330036818981,0.19063100218772888,7.90190006227931e-06,t17_f5_c3,ZTF20aaiggef
2458980.8824306,3,1226382434815,19.938899993896484,/ztf/archive/sci/2020/0511/382292/ztf_20200511382292_000724_zi_c13_o_q1_scimrefdiffimg.fits.fz,Kulkarni,2,,,,1226,48,724,,,,,,,,,,,,,,,,,,,,,,,,,,,,,,,,,,,,26.13360023498535,9.567210099703516e-07,0.01808979921042919,0.1907929927110672,7.098510195646668e-06,t17_f5_c3,ZTF20aaiggef
2458980.9471991,1,1226447194815,19.88360023498535,/ztf/archive/sci/2020/0511/447199/ztf_20200511447199_000724_zg_c13_o_q1_scimrefdiffimg.fits.fz,Kulkarni,2,1.22644719481501e+18,f,5.0,1226,48,724,2262.820068359375,2212.2099609375,265.3846989,43.5648199,20.175500869750977,0.3236770033836365,0.8016369938850403,20.213600158691406,0.4713999927043915,0.2932260036468506,19.094999313354492,0.019999999552965164,0.8169999718666077,0.0010000000474974513,0.6752920150756836,0.038134001195430756,1.4003499746322632,0.7929999828338623,809.6790161132812,-0.33004599809646606,2.0,0.6740000247955322,0.4950000047683716,0.4813080132007599,0.3534829914569855,1.3616199493408203,7.0,0.0,0.9028570055961609,0.8834720253944397,20.572200775146484,0.8414000272750854,265.3845965,43.5647832,5.73381,26.164499282836914,7.82451024861075e-06,0.03461509943008423,-0.027873799204826355,1.7987800674745813e-05,t17_f5_c3,ZTF20aaiggef
2458980.9622338,2,1226462234815,20.03230094909668,/ztf/archive/sci/2020/0511/462222/ztf_20200511462222_000724_zr_c13_o_q1_scimrefdiffimg.fits.fz,Kulkarni,2,1.22646223481501e+18,f,10.0,1226,48,724,2274.610107421875,2213.179931640625,265.3846317,43.5647912,20.135000228881836,0.3276999890804291,1.3075100183486938,20.052099227905273,0.38499999046325684,0.07790999859571457,18.836000442504883,0.024000000208616257,1.2430000305175781,0.09099999815225601,-0.3235509991645813,-0.08292300254106522,1.2973400354385376,0.8109999895095825,797.8880004882812,-0.019770000129938126,2.0,0.6179999709129333,0.421999990940094,0.47635799646377563,0.32528001070022583,1.464460015296936,8.0,0.0,0.8957139849662781,0.9222350120544434,19.754600524902344,0.3752000033855438,265.3845988,43.5647835,6.05469,26.076000213623047,3.4596400837472174e-06,0.024401400238275528,0.08331719785928726,7.052360160741955e-06,t17_f5_c3,ZTF20aaiggef
2458981.6965741,1,1227196574815,20.006099700927734,/ztf/archive/sci/2020/0512/196574/ztf_20200512196574_000724_zg_c13_o_q1_scimrefdiffimg.fits.fz,Kulkarni,2,1.22719657481501e+18,f,9.0,1227,48,724,2284.889892578125,2174.10009765625,265.3846951,43.5647936,20.118600845336914,0.2463729977607727,0.9812870025634766,20.140300750732422,0.33219999074935913,0.2550930082798004,19.094999313354492,0.019999999552965164,0.8169999718666077,0.0010000000474974513,0.24632799625396729,0.021748000755906105,1.6764299869537354,0.4359999895095825,787.614013671875,-0.13423599302768707,2.0,0.9300000071525574,0.8130000233650208,0.5547490119934082,0.4849579930305481,1.1439100503921509,3.0,0.0,0.8485710024833679,1.0,20.190099716186523,0.4449999928474426,265.3845965,43.5647832,5.86822,25.90760040283203,1.2768599845003337e-05,0.04380989819765091,-0.04400020092725754,3.0087900086073205e-05,t17_f5_c3,ZTF20aaiggef
2458981.8540741,3,1227354074815,19.62299919128418,/ztf/archive/sci/2020/0512/354074/ztf_20200512354074_000724_zi_c13_o_q1_scimrefdiffimg.fits.fz,Kulkarni,2,,,,1227,48,724,,,,,,,,,,,,,,,,,,,,,,,,,,,,,,,,,,,,26.118200302124023,1.4973199995438335e-06,0.02294350042939186,0.19481100142002106,1.07947998913005e-05,t17_f5_c3,ZTF20aaiggef
2458981.8755787,3,1227375574815,20.00349998474121,/ztf/archive/sci/2020/0512/375579/ztf_20200512375579_000724_zi_c13_o_q1_scimrefdiffimg.fits.fz,Kulkarni,2,,,,1227,48,724,,,,,,,,,,,,,,,,,,,,,,,,,,,,,,,,,,,,26.12339973449707,9.219160119755543e-07,0.017923900857567787,0.18761199712753296,6.75487990520196e-06,t17_f5_c3,ZTF20aaiggef
2458981.9270718,1,1227427074815,20.241500854492188,/ztf/archive/sci/2020/0512/427072/ztf_20200512427072_000724_zg_c13_o_q1_scimrefdiffimg.fits.fz,Kulkarni,2,1.22742707481501e+18,f,5.0,1227,48,724,2243.7900390625,2252.52001953125,265.3845655,43.5648384,20.12689971923828,0.25214698910713196,1.4650700092315674,20.411300659179688,0.4616999924182892,0.216156005859375,19.094999313354492,0.019999999552965164,0.8169999718666077,0.0010000000474974513,0.12265899777412415,0.28442099690437317,1.23881995677948,0.9850000143051147,827.9769897460938,-0.1697539985179901,2.0,0.6380000114440918,0.5059999823570251,0.5150049924850464,0.40845200419425964,1.2608699798583984,8.0,0.0,0.9599999785423279,0.9757559895515442,20.425399780273438,0.5996000170707703,265.3845965,43.5647832,7.57284,26.164899826049805,6.190030035213567e-06,0.03229599818587303,-0.05662430077791214,1.3154500265954994e-05,t17_f5_c3,ZTF20aaiggef
2458981.9373495,2,1227437344815,20.2455997467041,/ztf/archive/sci/2020/0512/437338/ztf_20200512437338_000724_zr_c13_o_q1_scimrefdiffimg.fits.fz,Kulkarni,2,1.22743734481501e+18,f,11.0,1227,48,724,2258.530029296875,2248.830078125,265.3846688,43.5647327,20.291500091552734,0.24248600006103516,1.6635600328445435,19.933799743652344,0.30070000886917114,0.2579540014266968,18.836000442504883,0.024000000208616257,1.2430000305175781,0.09099999815225601,0.3448050022125244,-0.35765698552131653,2.3499999046325684,0.718999981880188,813.9739990234375,0.3117859959602356,1.0434099435806274,0.7639999985694885,0.6320000290870667,0.3251059949398041,0.26893600821495056,1.2088600397109985,5.0,0.0,0.9128569960594177,0.9858580231666565,20.377199172973633,0.5792999863624573,265.3845988,43.5647835,5.93117,26.071500778198242,3.2558100429014303e-06,0.023693300783634186,0.07861659675836563,6.662310170213459e-06,t17_f5_c3,ZTF20aaiggef
2458983.864919,2,1229364916115,20.49139976501465,/ztf/archive/sci/2020/0514/364919/ztf_20200514364919_000725_zr_c16_o_q2_scimrefdiffimg.fits.fz,TESS,1,,,,1229,61,725,,,,,,,,,,,,,,,,,,,,,,,,,,,,,,,,,,,,26.02899932861328,2.731969971137005e-06,0.020818699151277542,0.08249159902334213,5.486559985001804e-06,t17_f5_c3,ZTF20aaiggef
2458985.8507407,3,1231350744815,20.296300888061523,/ztf/archive/sci/2020/0516/350741/ztf_20200516350741_000724_zi_c13_o_q1_scimrefdiffimg.fits.fz,Kulkarni,2,,,,1231,48,724,,,,,,,,,,,,,,,,,,,,,,,,,,,,,,,,,,,,26.085599899291992,1.222149990098842e-06,0.020506100729107857,0.19158799946308136,9.114840395341162e-06,t17_f5_c3,ZTF20aaiggef
2458985.8563773,3,1231356374815,20.34939956665039,/ztf/archive/sci/2020/0516/356366/ztf_20200516356366_000724_zi_c13_o_q1_scimrefdiffimg.fits.fz,Kulkarni,2,1.23135637481501e+18,0,14.0,1231,48,724,2272.760009765625,2240.330078125,265.3845887,43.5647662,20.49250030517578,0.2329300045967102,1.2834800481796265,20.979999542236328,0.7738999724388123,0.04264700040221214,18.83799934387207,0.054999999701976776,2.3480000495910645,0.2759999930858612,2.6353399753570557,0.4874979853630066,1.1364599466323853,0.800000011920929,799.739013671875,-0.6305549740791321,2.0,0.753000020980835,0.6520000100135803,0.662585973739624,0.5737130045890808,1.1549099683761597,5.0,0.0,0.7642859816551208,0.9037050008773804,20.891599655151367,0.9132999777793884,265.38459,43.5647752,5.74933,26.090499877929688,1.487410031586478e-06,0.02257229946553707,0.19355100393295288,1.1181499758095015e-05,t17_f5_c3,ZTF20aaiggef
2458985.8948611,2,1231394864815,20.6560001373291,/ztf/archive/sci/2020/0516/394722/ztf_20200516394722_000724_zr_c13_o_q1_scimrefdiffimg.fits.fz,Kulkarni,2,1.23139486481501e+18,0,14.0,1231,48,724,2267.77001953125,2265.219970703125,265.3846513,43.5647508,20.182300567626953,0.20112699270248413,1.3702499866485596,20.23040008544922,0.2838999927043915,0.16814599931240082,18.836000442504883,0.024000000208616257,1.2430000305175781,0.09099999815225601,-0.5528870224952698,0.048062000423669815,2.5299999713897705,0.824999988079071,804.72998046875,0.42562198638916016,0.9423390030860901,0.6039999723434448,0.5170000195503235,0.23873500525951385,0.20434799790382385,1.168280005455017,7.0,0.0,0.9414290189743042,0.9424800276756287,20.04170036315918,0.3041999936103821,265.3845988,43.5647835,6.76173,26.05030059814453,5.948929810983827e-06,0.03220229968428612,0.06849289685487747,1.219689966092119e-05,t17_f5_c3,ZTF20aaiggef
2458985.8957986,2,1231395794815,20.65290069580078,/ztf/archive/sci/2020/0516/395799/ztf_20200516395799_000724_zr_c13_o_q1_scimrefdiffimg.fits.fz,TESS,1,1.23139579481501e+18,0,16.0,1231,48,724,2267.300048828125,2265.449951171875,265.3846422,43.5648179,20.151199340820312,0.2230450063943863,2.4141900539398193,20.554399490356445,0.38040000200271606,0.15988799929618835,18.836000442504883,0.024000000208616257,1.2430000305175781,0.09099999815225601,-0.276542991399765,0.40315601229667664,1.1999800205230713,0.7990000247955322,805.1959838867188,0.09851700067520142,2.0,0.5440000295639038,0.4909999966621399,0.453341007232666,0.40917399525642395,1.1079399585723877,8.0,0.0,0.8342859745025635,0.9883480072021484,20.780500411987305,0.5971999764442444,265.3845988,43.5647835,7.92235,26.052200317382812,5.4465099310618825e-06,0.030842499807476997,0.06715819984674454,1.112589961849153e-05,t17_f5_c3,ZTF20aaiggef
2458985.8957986,2,1231395794815,20.65290069580078,/ztf/archive/sci/2020/0516/395799/ztf_20200516395799_000724_zr_c13_o_q1_scimrefdiffimg.fits.fz,TESS,1,1.23139579481501e+18,f,16.0,1231,48,724,2267.300048828125,2265.449951171875,265.3846422,43.5648179,20.151199340820312,0.2230450063943863,2.4141900539398193,20.554399490356445,0.38040000200271606,0.15988799929618835,18.836000442504883,0.024000000208616257,1.2430000305175781,0.09099999815225601,-0.276542991399765,0.40315601229667664,1.1999800205230713,0.7990000247955322,805.1959838867188,0.09851700067520142,2.0,0.5440000295639038,0.4909999966621399,0.453341007232666,0.40917399525642395,1.1079399585723877,8.0,0.0,0.8342859745025635,0.9883480072021484,20.780500411987305,0.5971999764442444,265.3845988,43.5647835,7.92235,26.052200317382812,5.4465099310618825e-06,0.030842499807476997,0.06715819984674454,1.112589961849153e-05,t17_f5_c3,ZTF20aaiggef
2458985.9073727,2,1231407376115,20.627700805664062,/ztf/archive/sci/2020/0516/407361/ztf_20200516407361_000725_zr_c16_o_q2_scimrefdiffimg.fits.fz,TESS,1,,,,1231,61,725,,,,,,,,,,,,,,,,,,,,,,,,,,,,,,,,,,,,26.03969955444336,3.0189401059033116e-06,0.02200010046362877,0.08256830275058746,6.030260010447819e-06,t17_f5_c3,ZTF20aaiggef
2458985.9253241,1,1231425324815,20.66950035095215,/ztf/archive/sci/2020/0516/425313/ztf_20200516425313_000724_zg_c13_o_q1_scimrefdiffimg.fits.fz,TESS,1,,,,1231,48,724,,,,,,,,,,,,,,,,,,,,,,,,,,,,,,,,,,,,26.13409996032715,1.0705100066843443e-05,0.04276910051703453,-0.08675110340118408,2.2199999875738285e-05,t17_f5_c3,ZTF20aaiggef
2458985.9858681,2,1231485866115,20.24220085144043,/ztf/archive/sci/2020/0516/485868/ztf_20200516485868_000725_zr_c16_o_q2_scimrefdiffimg.fits.fz,Kulkarni,1,1.23148586611501e+18,f,12.0,1231,61,725,1600.75,2232.0,265.3845818,43.5647425,20.510900497436523,0.3190149962902069,1.1880899667739868,20.81559944152832,0.6686999797821045,0.11461900174617767,18.86199951171875,0.024000000208616257,1.2319999933242798,0.08299999684095383,-0.2874689996242523,0.30466899275779724,1.2477099895477295,0.47999998927116394,848.4990234375,-0.5734189748764038,2.0,0.9010000228881836,0.6869999766349792,0.722121000289917,0.5506070256233215,1.3114999532699585,7.0,0.0,0.9257140159606934,0.9309729933738708,20.35650062561035,0.5608999729156494,265.3846149,43.5647656,5.09227,26.0408992767334,3.2721500247134827e-06,0.022810399532318115,0.0838519036769867,6.5542699303478e-06,t17_f5_c3,ZTF20aaiggef
2458985.8563773,3,1231356374815,20.34939956665039,/ztf/archive/sci/2020/0516/356366/ztf_20200516356366_000724_zi_c13_o_q1_scimrefdiffimg.fits.fz,Kulkarni,2,1.23135637481501e+18,f,14.0,1231,48,724,2272.760009765625,2240.330078125,265.3845887,43.5647662,20.49250030517578,0.2329300045967102,1.2834800481796265,20.979999542236328,0.7738999724388123,0.04264700040221214,18.83799934387207,0.054999999701976776,2.3480000495910645,0.2759999930858612,2.6353399753570557,0.4874979853630066,1.1364599466323853,0.800000011920929,799.739013671875,-0.6305549740791321,2.0,0.753000020980835,0.6520000100135803,0.662585973739624,0.5737130045890808,1.1549099683761597,5.0,0.0,0.7642859816551208,0.9037050008773804,20.891599655151367,0.9132999777793884,265.38459,43.5647752,5.74933,26.090499877929688,1.487410031586478e-06,0.02257229946553707,0.19355100393295288,1.1181499758095015e-05,t17_f5_c3,ZTF20aaiggef
2458985.8948611,2,1231394864815,20.6560001373291,/ztf/archive/sci/2020/0516/394722/ztf_20200516394722_000724_zr_c13_o_q1_scimrefdiffimg.fits.fz,Kulkarni,2,1.23139486481501e+18,f,14.0,1231,48,724,2267.77001953125,2265.219970703125,265.3846513,43.5647508,20.182300567626953,0.20112699270248413,1.3702499866485596,20.23040008544922,0.2838999927043915,0.16814599931240082,18.836000442504883,0.024000000208616257,1.2430000305175781,0.09099999815225601,-0.5528870224952698,0.048062000423669815,2.5299999713897705,0.824999988079071,804.72998046875,0.42562198638916016,0.9423390030860901,0.6039999723434448,0.5170000195503235,0.23873500525951385,0.20434799790382385,1.168280005455017,7.0,0.0,0.9414290189743042,0.9424800276756287,20.04170036315918,0.3041999936103821,265.3845988,43.5647835,6.76173,26.05030059814453,5.948929810983827e-06,0.03220229968428612,0.06849289685487747,1.219689966092119e-05,t17_f5_c3,ZTF20aaiggef
2458985.8993171,2,1231399314815,20.546499252319336,/ztf/archive/sci/2020/0516/399306/ztf_20200516399306_000724_zr_c13_o_q1_scimrefdiffimg.fits.fz,Kulkarni,2,1.23139931481501e+18,f,15.0,1231,48,724,2264.739990234375,2267.72998046875,265.3847897,43.5647213,20.244600296020508,0.18420100212097168,1.4407700300216675,20.19610023498535,0.2849000096321106,0.5392959713935852,18.836000442504883,0.024000000208616257,1.2430000305175781,0.09099999815225601,-0.27583199739456177,-0.048505999147892,2.569999933242798,0.6970000267028809,807.7620239257812,0.3503879904747009,0.9866139888763428,0.7289999723434448,0.6010000109672546,0.2836579978466034,0.23385199904441833,1.212980031967163,8.0,0.0,0.9071429967880249,0.6537910103797913,20.333999633789062,0.41260001063346863,265.3845988,43.5647835,7.75374,26.06060028076172,5.464440164359985e-06,0.03086410090327263,0.06183629855513573,1.1181299669260625e-05,t17_f5_c3,ZTF20aaiggef
2458986.8070602,2,1232307064815,20.496599197387695,/ztf/archive/sci/2020/0517/307049/ztf_20200517307049_000724_zr_c13_o_q1_scimrefdiffimg.fits.fz,Kulkarni,2,,,,1232,48,724,,,,,,,,,,,,,,,,,,,,,,,,,,,,,,,,,,,,26.05139923095703,4.53293978353031e-06,0.027835600078105927,0.07379540055990219,9.29039015318267e-06,t17_f5_c3,ZTF20aaiggef
2458986.8504861,3,1232350484815,20.254199981689453,/ztf/archive/sci/2020/0517/350486/ztf_20200517350486_000724_zi_c13_o_q1_scimrefdiffimg.fits.fz,Kulkarni,2,,,,1232,48,724,,,,,,,,,,,,,,,,,,,,,,,,,,,,,,,,,,,,26.125999450683594,1.4086499504628591e-06,0.022164100781083107,0.18938499689102173,1.0460399607836735e-05,t17_f5_c3,ZTF20aaiggef
2458986.8586227,3,1232358624815,20.30699920654297,/ztf/archive/sci/2020/0517/358623/ztf_20200517358623_000724_zi_c13_o_q1_scimrefdiffimg.fits.fz,Kulkarni,2,,,,1232,48,724,,,,,,,,,,,,,,,,,,,,,,,,,,,,,,,,,,,,26.12019920349121,1.2667900364249363e-06,0.02083910070359707,0.19001300632953644,9.50285993894795e-06,t17_f5_c3,ZTF20aaiggef
2458986.8944444,1,1232394446115,20.79509925842285,/ztf/archive/sci/2020/0517/394433/ztf_20200517394433_000725_zg_c16_o_q2_scimrefdiffimg.fits.fz,TESS,1,1.23239444611501e+18,0,4.0,1232,61,725,1601.050048828125,2276.85009765625,265.3846235,43.5647681,20.532699584960938,0.1826460063457489,1.3137500286102295,20.369400024414062,0.2621000111103058,0.036605000495910645,19.097000122070312,0.03200000151991844,1.7740000486373901,0.03099999949336052,-0.0720129981637001,-0.16329699754714966,1.2875699996948242,0.6449999809265137,803.6500244140625,0.42569100856781006,2.0,0.7429999709129333,0.6759999990463257,0.5770559906959534,0.5250200033187866,1.0991100072860718,5.0,0.0,0.9442859888076782,0.8915619850158691,20.149099349975586,0.27300000190734863,265.384619,43.5647603,6.0884,26.149700164794922,4.82656014355598e-06,0.027840999886393547,-0.05984019860625267,9.755690371093806e-06,t17_f5_c3,ZTF20aaiggef
2458986.9469329,1,1232446934815,20.81599998474121,/ztf/archive/sci/2020/0517/446921/ztf_20200517446921_000724_zg_c13_o_q1_scimrefdiffimg.fits.fz,Kulkarni,2,1.23244693481501e+18,0,8.0,1232,48,724,2265.929931640625,2258.239990234375,265.3846646,43.5647956,20.277700424194336,0.19869999587535858,1.5355099439620972,20.54680061340332,0.31619998812675476,0.18147699534893036,19.094999313354492,0.019999999552965164,0.8169999718666077,0.0010000000474974513,-0.05637900158762932,0.2691200077533722,1.4500000476837158,0.824999988079071,806.5700073242188,0.26917800307273865,1.698140025138855,0.5509999990463257,0.5370000004768372,0.3799999952316284,0.37034499645233154,1.02606999874115,8.0,0.0,0.9200000166893005,0.8628050088882446,20.405500411987305,0.3540000021457672,265.3845965,43.5647832,8.96362,26.168699264526367,1.0009500329033472e-05,0.04178699851036072,-0.10909000039100647,2.050520015473012e-05,t17_f5_c3,ZTF20aaiggef
2458986.8944444,1,1232394446115,20.79509925842285,/ztf/archive/sci/2020/0517/394433/ztf_20200517394433_000725_zg_c16_o_q2_scimrefdiffimg.fits.fz,TESS,1,1.23239444611501e+18,f,4.0,1232,61,725,1601.050048828125,2276.85009765625,265.3846235,43.5647681,20.532699584960938,0.1826460063457489,1.3137500286102295,20.369400024414062,0.2621000111103058,0.036605000495910645,19.097000122070312,0.03200000151991844,1.7740000486373901,0.03099999949336052,-0.0720129981637001,-0.16329699754714966,1.2875699996948242,0.6449999809265137,803.6500244140625,0.42569100856781006,2.0,0.7429999709129333,0.6759999990463257,0.5770559906959534,0.5250200033187866,1.0991100072860718,5.0,0.0,0.9442859888076782,0.8915619850158691,20.149099349975586,0.27300000190734863,265.384619,43.5647603,6.0884,26.149700164794922,4.82656014355598e-06,0.027840999886393547,-0.05984019860625267,9.755690371093806e-06,t17_f5_c3,ZTF20aaiggef
2458986.9469329,1,1232446934815,20.81599998474121,/ztf/archive/sci/2020/0517/446921/ztf_20200517446921_000724_zg_c13_o_q1_scimrefdiffimg.fits.fz,Kulkarni,2,1.23244693481501e+18,f,8.0,1232,48,724,2265.929931640625,2258.239990234375,265.3846646,43.5647956,20.277700424194336,0.19869999587535858,1.5355099439620972,20.54680061340332,0.31619998812675476,0.18147699534893036,19.094999313354492,0.019999999552965164,0.8169999718666077,0.0010000000474974513,-0.05637900158762932,0.2691200077533722,1.4500000476837158,0.824999988079071,806.5700073242188,0.26917800307273865,1.698140025138855,0.5509999990463257,0.5370000004768372,0.3799999952316284,0.37034499645233154,1.02606999874115,8.0,0.0,0.9200000166893005,0.8628050088882446,20.405500411987305,0.3540000021457672,265.3845965,43.5647832,8.96362,26.168699264526367,1.0009500329033472e-05,0.04178699851036072,-0.10909000039100647,2.050520015473012e-05,t17_f5_c3,ZTF20aaiggef
2458986.9553472,2,1232455344815,20.533899307250977,/ztf/archive/sci/2020/0517/455347/ztf_20200517455347_000724_zr_c13_o_q1_scimrefdiffimg.fits.fz,Kulkarni,2,1.23245534481501e+18,f,21.0,1232,48,724,2281.389892578125,2258.9599609375,265.3846904,43.564802,20.208799362182617,0.17402499914169312,1.1548800468444824,19.95359992980957,0.23319999873638153,0.23728400468826294,18.836000442504883,0.024000000208616257,1.2430000305175781,0.09099999815225601,-0.1381250023841858,-0.25522199273109436,1.2502399682998657,0.7160000205039978,791.1079711914062,0.5802620053291321,2.0,0.6039999723434448,0.5799999833106995,0.4831070005893707,0.4639100134372711,1.0413800477981567,8.0,0.0,0.9385709762573242,0.8748030066490173,19.797800064086914,0.2578999996185303,265.3845988,43.5647835,5.1482,26.077800750732422,5.753240202466259e-06,0.03155029937624931,0.06177489832043648,1.1832299605885055e-05,t17_f5_c3,ZTF20aaiggef
2458986.9558102,2,1232455816115,20.58289909362793,/ztf/archive/sci/2020/0517/455810/ztf_20200517455810_000725_zr_c16_o_q2_scimrefdiffimg.fits.fz,TESS,1,1.23245581611501e+18,f,15.0,1232,61,725,1609.8900146484375,2283.5,265.3845628,43.5647108,20.732099533081055,0.28076401352882385,1.1549400091171265,20.806699752807617,0.49799999594688416,0.2281379997730255,18.86199951171875,0.024000000208616257,1.2319999933242798,0.08299999684095383,-0.2963620126247406,0.07455399632453918,1.2311500310897827,0.6510000228881836,796.9949951171875,-0.22382000088691711,2.0,0.6790000200271606,0.5860000252723694,0.5515159964561462,0.47597700357437134,1.1586999893188477,8.0,0.0,0.9014289975166321,0.7958999872207642,20.619600296020508,0.5346999764442444,265.3846149,43.5647656,5.7137,26.0531005859375,3.402929905860219e-06,0.023352399468421936,0.08261849731206894,6.824549927841872e-06,t17_f5_c3,ZTF20aaiggef
2458986.9562847,2,1232456284815,20.52429962158203,/ztf/archive/sci/2020/0517/456285/ztf_20200517456285_000724_zr_c13_o_q1_scimrefdiffimg.fits.fz,TESS,1,,,,1232,48,724,,,,,,,,,,,,,,,,,,,,,,,,,,,,,,,,,,,,26.075899124145508,5.646600129693979e-06,0.03131920099258423,0.06430629640817642,1.1559000085981097e-05,t17_f5_c3,ZTF20aaiggef
2458987.6980556,1,1233198054815,20.474000930786133,/ztf/archive/sci/2020/0518/198056/ztf_20200518198056_000724_zg_c13_o_q1_scimrefdiffimg.fits.fz,Kulkarni,2,1.23319805481501e+18,0,10.0,1233,48,724,2292.4599609375,2203.409912109375,265.3847549,43.5647804,20.185699462890625,0.2648259997367859,1.5732799768447876,20.47089958190918,0.3806999921798706,0.4079990088939667,19.094999313354492,0.019999999552965164,0.8169999718666077,0.0010000000474974513,0.06673700362443924,0.28517600893974304,3.430000066757202,0.8379999995231628,780.041015625,0.0030590000096708536,0.7543370127677917,0.7279999852180481,0.5879999995231628,0.21224500238895416,0.17142899334430695,1.2381000518798828,6.0,0.0,0.9214289784431458,0.9192020297050476,20.587400436401367,0.5419999957084656,265.3845965,43.5647832,7.14809,26.000699996948242,9.438460438104812e-06,0.0400347001850605,-0.07588569819927216,1.9561399312806316e-05,t17_f5_c3,ZTF20aaiggef
2458987.7747569,3,1233274754815,20.214599609375,/ztf/archive/sci/2020/0518/274699/ztf_20200518274699_000724_zi_c13_o_q1_scimrefdiffimg.fits.fz,Kulkarni,2,,,,1233,48,724,,,,,,,,,,,,,,,,,,,,,,,,,,,,,,,,,,,,26.122299194335938,1.1544700555532472e-06,0.019943999126553535,0.19273200631141663,8.574270395911299e-06,t17_f5_c3,ZTF20aaiggef
2458987.8427431,2,1233342744815,20.689599990844727,/ztf/archive/sci/2020/0518/342743/ztf_20200518342743_000724_zr_c13_o_q1_scimrefdiffimg.fits.fz,Kulkarni,2,1.23334274481501e+18,0,10.0,1233,48,724,2288.8701171875,2251.260009765625,265.3847333,43.5647659,20.242599487304688,0.21260100603103638,1.4735499620437622,20.338600158691406,0.2870999872684479,0.35398000478744507,18.836000442504883,0.024000000208616257,1.2430000305175781,0.09099999815225601,-0.11725600063800812,0.09601599723100662,2.049999952316284,0.8159999847412109,783.6329956054688,0.35102400183677673,1.2368799448013306,0.6010000109672546,0.5450000166893005,0.2931709885597229,0.26585400104522705,1.1027499437332153,11.0,0.0,0.9171429872512817,0.7179250121116638,20.920700073242188,0.6243000030517578,265.3845988,43.5647835,7.48195,26.07159996032715,6.705180112476228e-06,0.033840399235486984,0.0658612996339798,1.3792699974146672e-05,t17_f5_c3,ZTF20aaiggef
2458987.8539005,2,1233353906115,20.731000900268555,/ztf/archive/sci/2020/0518/353796/ztf_20200518353796_000725_zr_c16_o_q2_scimrefdiffimg.fits.fz,TESS,1,1.23335390611501e+18,0,18.0,1233,61,725,1615.9599609375,2273.52001953125,265.3845669,43.5647851,20.556499481201172,0.24610799551010132,1.2167199850082397,20.505800247192383,0.3310999870300293,0.14163200557231903,18.86199951171875,0.024000000208616257,1.2319999933242798,0.08299999684095383,-0.16198299825191498,-0.05071600154042244,2.3399999141693115,0.9179999828338623,806.97998046875,0.22518299520015717,1.0566400289535522,0.5490000247955322,0.49900001287460327,0.2346149981021881,0.21324799954891205,1.1002000570297241,9.0,0.0,0.8899999856948853,0.6365870237350464,20.172800064086914,0.31029999256134033,265.3846149,43.5647656,7.08932,26.058500289916992,2.88717001240002e-06,0.021533900871872902,0.08234100043773651,5.790229806734715e-06,t17_f5_c3,ZTF20aaiggef
2458987.8619792,2,1233361974815,20.769899368286133,/ztf/archive/sci/2020/0518/361863/ztf_20200518361863_000724_zr_c13_o_q1_scimrefdiffimg.fits.fz,Kulkarni,2,1.23336197481501e+18,0,12.0,1233,48,724,2289.969970703125,2231.739990234375,265.3847063,43.5647539,20.013200759887695,0.16685500741004944,1.1935299634933472,20.375,0.28700000047683716,0.2981239855289459,18.836000442504883,0.024000000208616257,1.2430000305175781,0.09099999815225601,-0.010332999750971794,0.36178600788116455,2.109999895095825,0.968999981880188,782.5289916992188,0.3948650062084198,1.1559799909591675,0.6840000152587891,0.5509999990463257,0.3241710066795349,0.2611370086669922,1.241379976272583,5.0,0.0,0.9642860293388367,0.9609310030937195,20.43779945373535,0.3869999945163727,265.3845988,43.5647835,9.75911,26.07819938659668,6.562589987879619e-06,0.03343850001692772,0.0646476000547409,1.350030015601078e-05,t17_f5_c3,ZTF20aaiggef
2458987.8808218,3,1233380824815,20.255199432373047,/ztf/archive/sci/2020/0518/380822/ztf_20200518380822_000724_zi_c13_o_q1_scimrefdiffimg.fits.fz,Kulkarni,2,,,,1233,48,724,,,,,,,,,,,,,,,,,,,,,,,,,,,,,,,,,,,,26.128599166870117,1.5383800473500742e-06,0.02302739955484867,0.19102400541305542,1.153819994215155e-05,t17_f5_c3,ZTF20aaiggef
2458987.6980556,1,1233198054815,20.474000930786133,/ztf/archive/sci/2020/0518/198056/ztf_20200518198056_000724_zg_c13_o_q1_scimrefdiffimg.fits.fz,Kulkarni,2,1.23319805481501e+18,f,10.0,1233,48,724,2292.4599609375,2203.409912109375,265.3847549,43.5647804,20.185699462890625,0.2648259997367859,1.5732799768447876,20.47089958190918,0.3806999921798706,0.4079990088939667,19.094999313354492,0.019999999552965164,0.8169999718666077,0.0010000000474974513,0.06673700362443924,0.28517600893974304,3.430000066757202,0.8379999995231628,780.041015625,0.0030590000096708536,0.7543370127677917,0.7279999852180481,0.5879999995231628,0.21224500238895416,0.17142899334430695,1.2381000518798828,6.0,0.0,0.9214289784431458,0.9192020297050476,20.587400436401367,0.5419999957084656,265.3845965,43.5647832,7.14809,26.000699996948242,9.438460438104812e-06,0.0400347001850605,-0.07588569819927216,1.9561399312806316e-05,t17_f5_c3,ZTF20aaiggef
2458987.8427431,2,1233342744815,20.689599990844727,/ztf/archive/sci/2020/0518/342743/ztf_20200518342743_000724_zr_c13_o_q1_scimrefdiffimg.fits.fz,Kulkarni,2,1.23334274481501e+18,f,10.0,1233,48,724,2288.8701171875,2251.260009765625,265.3847333,43.5647659,20.242599487304688,0.21260100603103638,1.4735499620437622,20.338600158691406,0.2870999872684479,0.35398000478744507,18.836000442504883,0.024000000208616257,1.2430000305175781,0.09099999815225601,-0.11725600063800812,0.09601599723100662,2.049999952316284,0.8159999847412109,783.6329956054688,0.35102400183677673,1.2368799448013306,0.6010000109672546,0.5450000166893005,0.2931709885597229,0.26585400104522705,1.1027499437332153,11.0,0.0,0.9171429872512817,0.7179250121116638,20.920700073242188,0.6243000030517578,265.3845988,43.5647835,7.48195,26.07159996032715,6.705180112476228e-06,0.033840399235486984,0.0658612996339798,1.3792699974146672e-05,t17_f5_c3,ZTF20aaiggef
2458987.8539005,2,1233353906115,20.731000900268555,/ztf/archive/sci/2020/0518/353796/ztf_20200518353796_000725_zr_c16_o_q2_scimrefdiffimg.fits.fz,TESS,1,1.23335390611501e+18,f,18.0,1233,61,725,1615.9599609375,2273.52001953125,265.3845669,43.5647851,20.556499481201172,0.24610799551010132,1.2167199850082397,20.505800247192383,0.3310999870300293,0.14163200557231903,18.86199951171875,0.024000000208616257,1.2319999933242798,0.08299999684095383,-0.16198299825191498,-0.05071600154042244,2.3399999141693115,0.9179999828338623,806.97998046875,0.22518299520015717,1.0566400289535522,0.5490000247955322,0.49900001287460327,0.2346149981021881,0.21324799954891205,1.1002000570297241,9.0,0.0,0.8899999856948853,0.6365870237350464,20.172800064086914,0.31029999256134033,265.3846149,43.5647656,7.08932,26.058500289916992,2.88717001240002e-06,0.021533900871872902,0.08234100043773651,5.790229806734715e-06,t17_f5_c3,ZTF20aaiggef
2458987.8619792,2,1233361974815,20.769899368286133,/ztf/archive/sci/2020/0518/361863/ztf_20200518361863_000724_zr_c13_o_q1_scimrefdiffimg.fits.fz,Kulkarni,2,1.23336197481501e+18,f,12.0,1233,48,724,2289.969970703125,2231.739990234375,265.3847063,43.5647539,20.013200759887695,0.16685500741004944,1.1935299634933472,20.375,0.28700000047683716,0.2981239855289459,18.836000442504883,0.024000000208616257,1.2430000305175781,0.09099999815225601,-0.010332999750971794,0.36178600788116455,2.109999895095825,0.968999981880188,782.5289916992188,0.3948650062084198,1.1559799909591675,0.6840000152587891,0.5509999990463257,0.3241710066795349,0.2611370086669922,1.241379976272583,5.0,0.0,0.9642860293388367,0.9609310030937195,20.43779945373535,0.3869999945163727,265.3845988,43.5647835,9.75911,26.07819938659668,6.562589987879619e-06,0.03343850001692772,0.0646476000547409,1.350030015601078e-05,t17_f5_c3,ZTF20aaiggef
2458987.9256829,1,1233425684815,21.04669952392578,/ztf/archive/sci/2020/0518/425683/ztf_20200518425683_000724_zg_c13_o_q1_scimrefdiffimg.fits.fz,Kulkarni,2,1.23342568481501e+18,f,51.0,1233,48,724,2248.10009765625,2239.97998046875,265.3846638,43.5647747,19.955799102783203,0.15508300065994263,2.795599937438965,20.377599716186523,0.21719999611377716,0.17554600536823273,19.094999313354492,0.019999999552965164,0.8169999718666077,0.0010000000474974513,0.0655369982123375,0.4217529892921448,1.840000033378601,0.9570000171661377,824.4010009765625,0.6691290140151978,1.3726199865341187,0.5360000133514404,0.5130000114440918,0.29130399227142334,0.2788040041923523,1.0448299646377563,6.0,0.0,0.6057140231132507,0.921297013759613,20.46179962158203,0.29760000109672546,265.3845965,43.5647832,13.2361,26.1648006439209,2.3293099729926325e-05,0.061900198459625244,-0.14267100393772125,5.016570139559917e-05,t17_f5_c3,ZTF20aaiggef
2458991.6996412,1,1237199644815,20.409799575805664,/ztf/archive/sci/2020/0522/199630/ztf_20200522199630_000724_zg_c13_o_q1_scimrefdiffimg.fits.fz,Kulkarni,2,,,,1237,48,724,,,,,,,,,,,,,,,,,,,,,,,,,,,,,,,,,,,,25.982500076293945,9.485839655098971e-06,0.0402504988014698,-0.06921999901533127,1.983199945243541e-05,t17_f5_c3,ZTF20aaiggef
2458991.7744676,2,1237274464815,20.35759925842285,/ztf/archive/sci/2020/0522/274456/ztf_20200522274456_000724_zr_c13_o_q1_scimrefdiffimg.fits.fz,Kulkarni,2,1.23727446481501e+18,0,19.0,1237,48,724,2284.10009765625,2198.8701171875,265.3847591,43.5648522,20.18269920349121,0.1799059957265854,0.8736559748649597,20.047199249267578,0.28439998626708984,0.48065799474716187,18.836000442504883,0.024000000208616257,1.2430000305175781,0.09099999815225601,-0.18674999475479126,-0.13552500307559967,1.3070399761199951,0.7549999952316284,788.4010009765625,0.31039100885391235,2.0,0.718999981880188,0.6420000195503235,0.5500969886779785,0.4911850094795227,1.1199400424957275,4.0,0.0,0.949999988079071,0.988448977470398,20.0718994140625,0.3718999922275543,265.3845988,43.5647835,5.72233,26.049699783325195,5.2114301070105284e-06,0.029810599982738495,0.0667157992720604,1.0659899999154732e-05,t17_f5_c3,ZTF20aaiggef
2458991.784456,2,1237284454815,20.337400436401367,/ztf/archive/sci/2020/0522/284456/ztf_20200522284456_000724_zr_c13_o_q1_scimrefdiffimg.fits.fz,TESS,1,1.23728445481501e+18,0,14.0,1237,48,724,2283.699951171875,2201.25,265.3847336,43.5647382,20.258100509643555,0.22015799582004547,1.3877899646759033,20.050100326538086,0.2865999937057495,0.38468700647354126,18.836000442504883,0.024000000208616257,1.2430000305175781,0.09099999815225601,-0.31857699155807495,-0.20800599455833435,2.5399999618530273,0.8069999814033508,788.7979736328125,0.2873010039329529,1.0452100038528442,0.7789999842643738,0.6169999837875366,0.3066929876804352,0.24291299283504486,1.2625600099563599,8.0,0.0,0.942857027053833,0.845242977142334,20.167800903320312,0.40790000557899475,265.3845988,43.5647835,5.66525,26.047100067138672,4.961380000167992e-06,0.02903600037097931,0.07012280076742172,1.0155299605685286e-05,t17_f5_c3,ZTF20aaiggef
2458991.8211111,1,1237321114815,20.531600952148438,/ztf/archive/sci/2020/0522/321111/ztf_20200522321111_000724_zg_c13_o_q1_scimrefdiffimg.fits.fz,TESS,1,1.23732111481501e+18,0,9.0,1237,48,724,2268.02001953125,2214.2900390625,265.3846343,43.5648046,20.137500762939453,0.22190000116825104,1.3487000465393066,20.324600219726562,0.27810001373291016,0.12376099824905396,19.094999313354492,0.019999999552965164,0.8169999718666077,0.0010000000474974513,-0.08738800138235092,0.18706299364566803,2.8399999141693115,0.7630000114440918,804.4810180664062,0.20704799890518188,1.0402599573135376,0.7639999985694885,0.5709999799728394,0.26901400089263916,0.20105600357055664,1.3380000591278076,7.0,0.0,0.9557139873504639,0.9525009989738464,20.132600784301758,0.2976999878883362,265.3845965,43.5647832,8.92043,26.144500732421875,1.2626100215129554e-05,0.046564098447561264,-0.10052499920129776,2.5924800866050646e-05,t17_f5_c3,ZTF20aaiggef
2458991.8373148,3,1237337314815,20.158100128173828,/ztf/archive/sci/2020/0522/337303/ztf_20200522337303_000724_zi_c13_o_q1_scimrefdiffimg.fits.fz,Kulkarni,2,,,,1237,48,724,,,,,,,,,,,,,,,,,,,,,,,,,,,,,,,,,,,,26.11319923400879,1.3498199677997036e-06,0.021494299173355103,0.1946219950914383,1.0049699994851835e-05,t17_f5_c3,ZTF20aaiggef
2458991.8716435,3,1237371644815,20.305700302124023,/ztf/archive/sci/2020/0522/371644/ztf_20200522371644_000724_zi_c13_o_q1_scimrefdiffimg.fits.fz,Kulkarni,2,,,,1237,48,724,,,,,,,,,,,,,,,,,,,,,,,,,,,,,,,,,,,,26.124900817871094,1.2299200307097635e-06,0.020541800186038017,0.1935579925775528,9.123399649979547e-06,t17_f5_c3,ZTF20aaiggef
2458991.9168403,1,1237416846115,20.616899490356445,/ztf/archive/sci/2020/0522/416840/ztf_20200522416840_000725_zg_c16_o_q2_scimrefdiffimg.fits.fz,TESS,1,,,,1237,61,725,,,,,,,,,,,,,,,,,,,,,,,,,,,,,,,,,,,,26.158899307250977,6.199089966685278e-06,0.03156200051307678,-0.06520000100135803,1.258710017282283e-05,t17_f5_c3,ZTF20aaiggef
2458991.7744676,2,1237274464815,20.35759925842285,/ztf/archive/sci/2020/0522/274456/ztf_20200522274456_000724_zr_c13_o_q1_scimrefdiffimg.fits.fz,Kulkarni,2,1.23727446481501e+18,f,19.0,1237,48,724,2284.10009765625,2198.8701171875,265.3847591,43.5648522,20.18269920349121,0.1799059957265854,0.8736559748649597,20.047199249267578,0.28439998626708984,0.48065799474716187,18.836000442504883,0.024000000208616257,1.2430000305175781,0.09099999815225601,-0.18674999475479126,-0.13552500307559967,1.3070399761199951,0.7549999952316284,788.4010009765625,0.31039100885391235,2.0,0.718999981880188,0.6420000195503235,0.5500969886779785,0.4911850094795227,1.1199400424957275,4.0,0.0,0.949999988079071,0.988448977470398,20.0718994140625,0.3718999922275543,265.3845988,43.5647835,5.72233,26.049699783325195,5.2114301070105284e-06,0.029810599982738495,0.0667157992720604,1.0659899999154732e-05,t17_f5_c3,ZTF20aaiggef
2458991.784456,2,1237284454815,20.337400436401367,/ztf/archive/sci/2020/0522/284456/ztf_20200522284456_000724_zr_c13_o_q1_scimrefdiffimg.fits.fz,TESS,1,1.23728445481501e+18,f,14.0,1237,48,724,2283.699951171875,2201.25,265.3847336,43.5647382,20.258100509643555,0.22015799582004547,1.3877899646759033,20.050100326538086,0.2865999937057495,0.38468700647354126,18.836000442504883,0.024000000208616257,1.2430000305175781,0.09099999815225601,-0.31857699155807495,-0.20800599455833435,2.5399999618530273,0.8069999814033508,788.7979736328125,0.2873010039329529,1.0452100038528442,0.7789999842643738,0.6169999837875366,0.3066929876804352,0.24291299283504486,1.2625600099563599,8.0,0.0,0.942857027053833,0.845242977142334,20.167800903320312,0.40790000557899475,265.3845988,43.5647835,5.66525,26.047100067138672,4.961380000167992e-06,0.02903600037097931,0.07012280076742172,1.0155299605685286e-05,t17_f5_c3,ZTF20aaiggef
2458991.8211111,1,1237321114815,20.531600952148438,/ztf/archive/sci/2020/0522/321111/ztf_20200522321111_000724_zg_c13_o_q1_scimrefdiffimg.fits.fz,TESS,1,1.23732111481501e+18,f,9.0,1237,48,724,2268.02001953125,2214.2900390625,265.3846343,43.5648046,20.137500762939453,0.22190000116825104,1.3487000465393066,20.324600219726562,0.27810001373291016,0.12376099824905396,19.094999313354492,0.019999999552965164,0.8169999718666077,0.0010000000474974513,-0.08738800138235092,0.18706299364566803,2.8399999141693115,0.7630000114440918,804.4810180664062,0.20704799890518188,1.0402599573135376,0.7639999985694885,0.5709999799728394,0.26901400089263916,0.20105600357055664,1.3380000591278076,7.0,0.0,0.9557139873504639,0.9525009989738464,20.132600784301758,0.2976999878883362,265.3845965,43.5647832,8.92043,26.144500732421875,1.2626100215129554e-05,0.046564098447561264,-0.10052499920129776,2.5924800866050646e-05,t17_f5_c3,ZTF20aaiggef
2458991.9257986,1,1237425794815,20.867300033569336,/ztf/archive/sci/2020/0522/425799/ztf_20200522425799_000724_zg_c13_o_q1_scimrefdiffimg.fits.fz,Kulkarni,2,1.23742579481501e+18,f,14.0,1237,48,724,2254.10009765625,2235.320068359375,265.3846755,43.5647689,20.082399368286133,0.16035300493240356,2.200010061264038,20.38450050354004,0.25920000672340393,0.21159300208091736,19.094999313354492,0.019999999552965164,0.8169999718666077,0.0010000000474974513,-0.4081529974937439,0.3021470010280609,1.9500000476837158,0.9419999718666077,818.39501953125,0.48279398679733276,1.2719000577926636,0.6150000095367432,0.5740000009536743,0.31538501381874084,0.2943589985370636,1.071429967880249,6.0,0.0,0.9042860269546509,0.9171109795570374,20.430400848388672,0.3441999852657318,265.3845965,43.5647832,11.065,26.17140007019043,1.1472499863884877e-05,0.044162098318338394,-0.11235599964857101,2.369130015722476e-05,t17_f5_c3,ZTF20aaiggef
2458991.9453009,2,1237445304815,20.553600311279297,/ztf/archive/sci/2020/0522/445301/ztf_20200522445301_000724_zr_c13_o_q1_scimrefdiffimg.fits.fz,Kulkarni,2,1.23744530481501e+18,f,16.0,1237,48,724,2269.1298828125,2233.39990234375,265.3847118,43.5648039,20.354400634765625,0.23574000597000122,1.598639965057373,20.358200073242188,0.3319999873638153,0.2983109951019287,18.836000442504883,0.024000000208616257,1.2430000305175781,0.09099999815225601,-0.05280999839305878,0.0038469999562948942,1.2515000104904175,0.7039999961853027,803.3670043945312,0.19544699788093567,2.0,0.5590000152587891,0.4860000014305115,0.4466629922389984,0.3883329927921295,1.1502100229263306,10.0,0.0,0.8999999761581421,0.6308879852294922,20.541500091552734,0.5016000270843506,265.3845988,43.5647835,6.89857,26.080400466918945,5.419569788500667e-06,0.030469100922346115,0.06516479700803757,1.110460016207071e-05,t17_f5_c3,ZTF20aaiggef
2458991.9462384,2,1237446236115,20.546100616455078,/ztf/archive/sci/2020/0522/446238/ztf_20200522446238_000725_zr_c16_o_q2_scimrefdiffimg.fits.fz,TESS,1,,,,1237,61,725,,,,,,,,,,,,,,,,,,,,,,,,,,,,,,,,,,,,26.05500030517578,3.0597900604334427e-06,0.02219489961862564,0.08100239932537079,6.156280051072827e-06,t17_f5_c3,ZTF20aaiggef
2458992.8078009,2,1238307804815,20.578500747680664,/ztf/archive/sci/2020/0523/307801/ztf_20200523307801_000724_zr_c13_o_q1_scimrefdiffimg.fits.fz,TESS,1,1.23830780481501e+18,0,12.0,1238,48,724,2270.47998046875,2236.85009765625,265.3847195,43.5647858,20.073699951171875,0.18195399641990662,1.5440399646759033,20.064199447631836,0.2379000037908554,0.31112098693847656,18.836000442504883,0.024000000208616257,1.2430000305175781,0.09099999815225601,-0.1882539987564087,-0.009492999874055386,2.309999942779541,0.8769999742507935,802.0180053710938,0.5143409967422485,1.1347700357437134,0.6150000095367432,0.5609999895095825,0.26623401045799255,0.24285699427127838,1.0962599515914917,5.0,0.0,0.9700000286102295,0.9617930054664612,20.0310001373291,0.2939999997615814,265.3845988,43.5647835,8.31697,26.040700912475586,6.321739874692867e-06,0.032892800867557526,0.06977730244398117,1.2955199963471387e-05,t17_f5_c3,ZTF20aaiggef
2458992.844537,1,1238344536115,20.783100128173828,/ztf/archive/sci/2020/0523/344537/ztf_20200523344537_000725_zg_c16_o_q2_scimrefdiffimg.fits.fz,TESS,1,1.23834453611501e+18,0,8.0,1238,61,725,1607.469970703125,2267.409912109375,265.3845935,43.5647913,20.31839942932129,0.2796489894390106,1.517449975013733,20.38789939880371,0.25380000472068787,0.1322299987077713,19.097000122070312,0.03200000151991844,1.7740000486373901,0.03099999949336052,0.130062997341156,0.06947900354862213,4.550000190734863,0.6990000009536743,813.0869750976562,0.39522799849510193,0.6045380234718323,0.8180000185966492,0.7540000081062317,0.1797800064086914,0.16571399569511414,1.084879994392395,4.0,0.0,0.8600000143051147,1.0,20.353900909423828,0.3133000135421753,265.384619,43.5647603,8.96451,26.131399154663086,5.660650003846968e-06,0.030200600624084473,-0.06098249927163124,1.1375400390534196e-05,t17_f5_c3,ZTF20aaiggef
2458992.7173727,1,1238217374815,20.552600860595703,/ztf/archive/sci/2020/0523/217373/ztf_20200523217373_000724_zg_c13_o_q1_scimrefdiffimg.fits.fz,Kulkarni,2,1.23821737481501e+18,0,6.0,1238,48,724,2262.080078125,2208.300048828125,265.3846681,43.5648185,20.0039005279541,0.20706599950790405,2.0383400917053223,20.13759994506836,0.25270000100135803,0.22303199768066406,19.094999313354492,0.019999999552965164,0.8169999718666077,0.0010000000474974513,-0.26399800181388855,0.13371999561786652,2.5999999046325684,0.8870000243186951,810.4229736328125,0.4150199890136719,1.032920002937317,0.6949999928474426,0.5590000152587891,0.26730799674987793,0.2150000035762787,1.2432899475097656,7.0,0.0,0.949999988079071,0.9212939739227295,20.134000778198242,0.3215000033378601,265.3845965,43.5647832,8.87631,26.019899368286133,1.1051600267819595e-05,0.04350249841809273,-0.07826729863882065,2.2795300537836738e-05,t17_f5_c3,ZTF20aaiggef
2458992.7978009,2,1238297804815,20.523799896240234,/ztf/archive/sci/2020/0523/297801/ztf_20200523297801_000724_zr_c13_o_q1_scimrefdiffimg.fits.fz,Kulkarni,2,1.23829780481501e+18,0,14.0,1238,48,724,2278.159912109375,2235.1201171875,265.3847382,43.5647529,20.218799591064453,0.2654530107975006,1.904229998588562,20.353700637817383,0.32170000672340393,0.37642499804496765,18.836000442504883,0.024000000208616257,1.2430000305175781,0.09099999815225601,-0.10135199874639511,0.13493800163269043,1.850000023841858,0.7680000066757202,794.3389892578125,0.1701049953699112,1.436329960823059,0.5690000057220459,0.4519999921321869,0.3075680136680603,0.2443239986896515,1.2588499784469604,8.0,0.0,0.9171429872512817,0.8078460097312927,20.280799865722656,0.38339999318122864,265.3845988,43.5647835,7.51099,26.03380012512207,6.0369898164935876e-06,0.03208940103650093,0.07040339708328247,1.2452200280677062e-05,t17_f5_c3,ZTF20aaiggef
2458992.8450116,1,1238345014815,20.910999298095703,/ztf/archive/sci/2020/0523/345012/ztf_20200523345012_000724_zg_c13_o_q1_scimrefdiffimg.fits.fz,TESS,1,1.23834501481501e+18,0,24.0,1238,48,724,2276.85009765625,2248.6201171875,265.3846565,43.564812,19.970600128173828,0.19922299683094025,2.8629300594329834,20.27079963684082,0.21289999783039093,0.18289099633693695,19.094999313354492,0.019999999552965164,0.8169999718666077,0.0010000000474974513,0.13644899427890778,0.3001770079135895,1.559999942779541,0.9229999780654907,795.6480102539062,0.6401730179786682,1.683419942855835,0.5920000076293945,0.5339999794960022,0.379487007856369,0.34230801463127136,1.1086100339889526,4.0,0.0,0.8557140231132507,0.9600549936294556,20.299400329589844,0.27790001034736633,265.3845965,43.5647832,13.379,26.138599395751953,1.6891699488041922e-05,0.053914301097393036,-0.12727700173854828,3.490100061753765e-05,t17_f5_c3,ZTF20aaiggef
2458992.856169,3,1238356164815,19.620399475097656,/ztf/archive/sci/2020/0523/355764/ztf_20200523355764_000724_zi_c13_o_q1_scimrefdiffimg.fits.fz,Kulkarni,2,,,,1238,48,724,,,,,,,,,,,,,,,,,,,,,,,,,,,,,,,,,,,,26.11079978942871,2.1949199435766786e-06,0.027547400444746017,0.19112400710582733,1.6511799913132563e-05,t17_f5_c3,ZTF20aaiggef
2458992.8809375,3,1238380934815,19.9375,/ztf/archive/sci/2020/0523/380938/ztf_20200523380938_000724_zi_c13_o_q1_scimrefdiffimg.fits.fz,Kulkarni,2,,,,1238,48,724,,,,,,,,,,,,,,,,,,,,,,,,,,,,,,,,,,,,26.101999282836914,1.091019953491923e-06,0.01945899985730648,0.19352300465106964,8.053279998421203e-06,t17_f5_c3,ZTF20aaiggef
2458992.921794,2,1238421794815,20.684099197387695,/ztf/archive/sci/2020/0523/421782/ztf_20200523421782_000724_zr_c13_o_q1_scimrefdiffimg.fits.fz,Kulkarni,2,,,,1238,48,724,,,,,,,,,,,,,,,,,,,,,,,,,,,,,,,,,,,,26.041500091552734,6.9388997872010805e-06,0.03471029922366142,0.07063259929418564,1.421530032530427e-05,t17_f5_c3,ZTF20aaiggef
2458992.9228009,2,1238422806115,20.619800567626953,/ztf/archive/sci/2020/0523/422732/ztf_20200523422732_000725_zr_c16_o_q2_scimrefdiffimg.fits.fz,TESS,1,,,,1238,61,725,,,,,,,,,,,,,,,,,,,,,,,,,,,,,,,,,,,,26.037799835205078,3.176930022164015e-06,0.02259420044720173,0.07996410131454468,6.385550022969255e-06,t17_f5_c3,ZTF20aaiggef
2458992.8078009,2,1238307804815,20.578500747680664,/ztf/archive/sci/2020/0523/307801/ztf_20200523307801_000724_zr_c13_o_q1_scimrefdiffimg.fits.fz,TESS,1,1.23830780481501e+18,f,12.0,1238,48,724,2270.47998046875,2236.85009765625,265.3847195,43.5647858,20.073699951171875,0.18195399641990662,1.5440399646759033,20.064199447631836,0.2379000037908554,0.31112098693847656,18.836000442504883,0.024000000208616257,1.2430000305175781,0.09099999815225601,-0.1882539987564087,-0.009492999874055386,2.309999942779541,0.8769999742507935,802.0180053710938,0.5143409967422485,1.1347700357437134,0.6150000095367432,0.5609999895095825,0.26623401045799255,0.24285699427127838,1.0962599515914917,5.0,0.0,0.9700000286102295,0.9617930054664612,20.0310001373291,0.2939999997615814,265.3845988,43.5647835,8.31697,26.040700912475586,6.321739874692867e-06,0.032892800867557526,0.06977730244398117,1.2955199963471387e-05,t17_f5_c3,ZTF20aaiggef
2458992.844537,1,1238344536115,20.783100128173828,/ztf/archive/sci/2020/0523/344537/ztf_20200523344537_000725_zg_c16_o_q2_scimrefdiffimg.fits.fz,TESS,1,1.23834453611501e+18,f,8.0,1238,61,725,1607.469970703125,2267.409912109375,265.3845935,43.5647913,20.31839942932129,0.2796489894390106,1.517449975013733,20.38789939880371,0.25380000472068787,0.1322299987077713,19.097000122070312,0.03200000151991844,1.7740000486373901,0.03099999949336052,0.130062997341156,0.06947900354862213,4.550000190734863,0.6990000009536743,813.0869750976562,0.39522799849510193,0.6045380234718323,0.8180000185966492,0.7540000081062317,0.1797800064086914,0.16571399569511414,1.084879994392395,4.0,0.0,0.8600000143051147,1.0,20.353900909423828,0.3133000135421753,265.384619,43.5647603,8.96451,26.131399154663086,5.660650003846968e-06,0.030200600624084473,-0.06098249927163124,1.1375400390534196e-05,t17_f5_c3,ZTF20aaiggef
2458992.8450116,1,1238345014815,20.910999298095703,/ztf/archive/sci/2020/0523/345012/ztf_20200523345012_000724_zg_c13_o_q1_scimrefdiffimg.fits.fz,TESS,1,1.23834501481501e+18,f,24.0,1238,48,724,2276.85009765625,2248.6201171875,265.3846565,43.564812,19.970600128173828,0.19922299683094025,2.8629300594329834,20.27079963684082,0.21289999783039093,0.18289099633693695,19.094999313354492,0.019999999552965164,0.8169999718666077,0.0010000000474974513,0.13644899427890778,0.3001770079135895,1.559999942779541,0.9229999780654907,795.6480102539062,0.6401730179786682,1.683419942855835,0.5920000076293945,0.5339999794960022,0.379487007856369,0.34230801463127136,1.1086100339889526,4.0,0.0,0.8557140231132507,0.9600549936294556,20.299400329589844,0.27790001034736633,265.3845965,43.5647832,13.379,26.138599395751953,1.6891699488041922e-05,0.053914301097393036,-0.12727700173854828,3.490100061753765e-05,t17_f5_c3,ZTF20aaiggef
2458994.9031134,1,1240403116115,20.69930076599121,/ztf/archive/sci/2020/0525/403102/ztf_20200525403102_000725_zg_c16_o_q2_scimrefdiffimg.fits.fz,TESS,1,1.24040311611501e+18,0,4.0,1240,61,725,1599.5899658203125,2236.06005859375,265.3845424,43.5647837,20.276899337768555,0.21566300094127655,1.2477999925613403,20.072099685668945,0.20669999718666077,0.22241200506687164,19.097000122070312,0.03200000151991844,1.7740000486373901,0.03099999949336052,0.18800100684165955,-0.2047950029373169,2.690000057220459,0.765999972820282,844.4400024414062,0.627174973487854,1.0070600509643555,1.0019999742507935,0.7870000004768372,0.3724910020828247,0.2925649881362915,1.2731900215148926,3.0,0.0,0.9557139873504639,1.0,20.235599517822266,0.3061999976634979,265.384619,43.5647603,8.56478,26.146900177001953,5.6254798437294085e-06,0.02996779978275299,-0.06108830124139786,1.1379300303815398e-05,t17_f5_c3,ZTF20aaiggef
2458992.7173727,1,1238217374815,20.552600860595703,/ztf/archive/sci/2020/0523/217373/ztf_20200523217373_000724_zg_c13_o_q1_scimrefdiffimg.fits.fz,Kulkarni,2,1.23821737481501e+18,f,6.0,1238,48,724,2262.080078125,2208.300048828125,265.3846681,43.5648185,20.0039005279541,0.20706599950790405,2.0383400917053223,20.13759994506836,0.25270000100135803,0.22303199768066406,19.094999313354492,0.019999999552965164,0.8169999718666077,0.0010000000474974513,-0.26399800181388855,0.13371999561786652,2.5999999046325684,0.8870000243186951,810.4229736328125,0.4150199890136719,1.032920002937317,0.6949999928474426,0.5590000152587891,0.26730799674987793,0.2150000035762787,1.2432899475097656,7.0,0.0,0.949999988079071,0.9212939739227295,20.134000778198242,0.3215000033378601,265.3845965,43.5647832,8.87631,26.019899368286133,1.1051600267819595e-05,0.04350249841809273,-0.07826729863882065,2.2795300537836738e-05,t17_f5_c3,ZTF20aaiggef
2458992.7978009,2,1238297804815,20.523799896240234,/ztf/archive/sci/2020/0523/297801/ztf_20200523297801_000724_zr_c13_o_q1_scimrefdiffimg.fits.fz,Kulkarni,2,1.23829780481501e+18,f,14.0,1238,48,724,2278.159912109375,2235.1201171875,265.3847382,43.5647529,20.218799591064453,0.2654530107975006,1.904229998588562,20.353700637817383,0.32170000672340393,0.37642499804496765,18.836000442504883,0.024000000208616257,1.2430000305175781,0.09099999815225601,-0.10135199874639511,0.13493800163269043,1.850000023841858,0.7680000066757202,794.3389892578125,0.1701049953699112,1.436329960823059,0.5690000057220459,0.4519999921321869,0.3075680136680603,0.2443239986896515,1.2588499784469604,8.0,0.0,0.9171429872512817,0.8078460097312927,20.280799865722656,0.38339999318122864,265.3845988,43.5647835,7.51099,26.03380012512207,6.0369898164935876e-06,0.03208940103650093,0.07040339708328247,1.2452200280677062e-05,t17_f5_c3,ZTF20aaiggef
2458992.9478704,1,1238447874815,20.855499267578125,/ztf/archive/sci/2020/0523/447870/ztf_20200523447870_000724_zg_c13_o_q1_scimrefdiffimg.fits.fz,Kulkarni,2,1.23844787481501e+18,f,39.0,1238,48,724,2250.590087890625,2253.300048828125,265.3847069,43.5647892,20.104900360107422,0.18687400221824646,1.7069300413131714,20.37529945373535,0.23690000176429749,0.28555700182914734,19.094999313354492,0.019999999552965164,0.8169999718666077,0.0010000000474974513,-0.028562000021338463,0.2704069912433624,2.440000057220459,0.9160000085830688,821.9140014648438,0.48016199469566345,1.1197600364685059,0.734000027179718,0.6919999718666077,0.300819993019104,0.28360700607299805,1.0606900453567505,4.0,0.0,0.947143018245697,0.9393140077590942,20.10449981689453,0.23489999771118164,265.3845965,43.5647832,10.487,26.144899368286133,1.6189500456675887e-05,0.05276180058717728,-0.13416500389575958,3.335509973112494e-05,t17_f5_c3,ZTF20aaiggef
2458994.7192708,1,1240219274815,20.611799240112305,/ztf/archive/sci/2020/0525/219271/ztf_20200525219271_000724_zg_c13_o_q1_scimrefdiffimg.fits.fz,Kulkarni,2,1.24021927481501e+18,f,14.0,1240,48,724,2277.22998046875,2178.97998046875,265.3846637,43.5647985,20.312700271606445,0.24098099768161774,1.3608800172805786,20.488399505615234,0.357699990272522,0.17906899750232697,19.094999313354492,0.019999999552965164,0.8169999718666077,0.0010000000474974513,0.0630820021033287,0.17568999528884888,1.5399999618530273,0.781000018119812,795.2680053710938,0.12340900301933289,1.6072100400924683,0.4659999907016754,0.45899999141693115,0.3025969862937927,0.29805201292037964,1.0152499675750732,6.0,0.0,0.8685709834098816,0.9305459856987,20.654399871826172,0.5321000218391418,265.3845965,43.5647832,7.51229,26.020700454711914,9.620590390113648e-06,0.040615301579236984,-0.0829572007060051,1.9801300368271768e-05,t17_f5_c3,ZTF20aaiggef
2458994.8084144,2,1240308414815,20.583200454711914,/ztf/archive/sci/2020/0525/308403/ztf_20200525308403_000724_zr_c13_o_q1_scimrefdiffimg.fits.fz,Kulkarni,2,,,,1240,48,724,,,,,,,,,,,,,,,,,,,,,,,,,,,,,,,,,,,,26.051799774169922,5.70680003875168e-06,0.03133130073547363,0.06677179783582687,1.1586599612201098e-05,t17_f5_c3,ZTF20aaiggef
2458994.8154051,2,1240315404815,20.596200942993164,/ztf/archive/sci/2020/0525/315405/ztf_20200525315405_000724_zr_c13_o_q1_scimrefdiffimg.fits.fz,Kulkarni,2,,,,1240,48,724,,,,,,,,,,,,,,,,,,,,,,,,,,,,,,,,,,,,26.050100326538086,6.143090104160365e-06,0.032456498593091965,0.06652289628982544,1.2573599633469712e-05,t17_f5_c3,ZTF20aaiggef
2458994.8509375,3,1240350934815,20.2992000579834,/ztf/archive/sci/2020/0525/350914/ztf_20200525350914_000724_zi_c13_o_q1_scimrefdiffimg.fits.fz,Kulkarni,2,,,,1240,48,724,,,,,,,,,,,,,,,,,,,,,,,,,,,,,,,,,,,,26.10540008544922,1.5050400179461576e-06,0.02283019945025444,0.1919180005788803,1.1019799785572104e-05,t17_f5_c3,ZTF20aaiggef
2458994.8682292,3,1240368224815,20.270700454711914,/ztf/archive/sci/2020/0525/368113/ztf_20200525368113_000724_zi_c13_o_q1_scimrefdiffimg.fits.fz,Kulkarni,2,,,,1240,48,724,,,,,,,,,,,,,,,,,,,,,,,,,,,,,,,,,,,,26.107900619506836,1.3473600120050833e-06,0.02164449915289879,0.18790000677108765,9.798160135687795e-06,t17_f5_c3,ZTF20aaiggef
2458994.9031134,1,1240403116115,20.69930076599121,/ztf/archive/sci/2020/0525/403102/ztf_20200525403102_000725_zg_c16_o_q2_scimrefdiffimg.fits.fz,TESS,1,1.24040311611501e+18,f,4.0,1240,61,725,1599.5899658203125,2236.06005859375,265.3845424,43.5647837,20.276899337768555,0.21566300094127655,1.2477999925613403,20.072099685668945,0.20669999718666077,0.22241200506687164,19.097000122070312,0.03200000151991844,1.7740000486373901,0.03099999949336052,0.18800100684165955,-0.2047950029373169,2.690000057220459,0.765999972820282,844.4400024414062,0.627174973487854,1.0070600509643555,1.0019999742507935,0.7870000004768372,0.3724910020828247,0.2925649881362915,1.2731900215148926,3.0,0.0,0.9557139873504639,1.0,20.235599517822266,0.3061999976634979,265.384619,43.5647603,8.56478,26.146900177001953,5.6254798437294085e-06,0.02996779978275299,-0.06108830124139786,1.1379300303815398e-05,t17_f5_c3,ZTF20aaiggef
2458994.9098611,1,1240409864815,20.802799224853516,/ztf/archive/sci/2020/0525/409861/ztf_20200525409861_000724_zg_c13_o_q1_scimrefdiffimg.fits.fz,TESS,1,1.24040986481501e+18,f,9.0,1240,48,724,2257.409912109375,2213.06005859375,265.384622,43.564821,20.072099685668945,0.1895260065793991,2.2495601177215576,20.568599700927734,0.31150001287460327,0.14676399528980255,19.094999313354492,0.019999999552965164,0.8169999718666077,0.0010000000474974513,0.1060120016336441,0.4965380132198334,2.069999933242798,0.9620000123977661,815.0919799804688,0.23423099517822266,1.249940037727356,0.5429999828338623,0.5099999904632568,0.26231899857521057,0.24637700617313385,1.064710021018982,6.0,0.0,0.8857139945030212,0.936739981174469,20.369600296020508,0.33059999346733093,265.3845965,43.5647832,10.7274,26.158100128173828,1.1339099728502333e-05,0.04413260146975517,-0.10982900112867355,2.321479951206129e-05,t17_f5_c3,ZTF20aaiggef
2458994.9465162,1,1240446514815,20.593799591064453,/ztf/archive/sci/2020/0525/446516/ztf_20200525446516_000724_zg_c13_o_q1_scimrefdiffimg.fits.fz,Kulkarni,2,1.24044651481501e+18,f,15.0,1240,48,724,2260.409912109375,2210.139892578125,265.3846819,43.5647543,20.016199111938477,0.22041699290275574,1.210379958152771,20.308399200439453,0.26100000739097595,0.24275699257850647,19.094999313354492,0.019999999552965164,0.8169999718666077,0.0010000000474974513,0.12617500126361847,0.2922059893608093,2.4800000190734863,0.7649999856948853,812.0910034179688,0.2854500114917755,1.1808799505233765,0.8339999914169312,0.6840000152587891,0.33629000186920166,0.2758060097694397,1.2193000316619873,5.0,0.0,0.942857027053833,0.9789699912071228,20.334199905395508,0.34139999747276306,265.3845965,43.5647832,10.4488,26.15719985961914,1.2304600204515737e-05,0.045999400317668915,-0.11303699761629105,2.5161400117212906e-05,t17_f5_c3,ZTF20aaiggef
2458995.6969676,1,1241196964815,20.40920066833496,/ztf/archive/sci/2020/0526/196968/ztf_20200526196968_000724_zg_c13_o_q1_scimrefdiffimg.fits.fz,Kulkarni,2,,,,1241,48,724,,,,,,,,,,,,,,,,,,,,,,,,,,,,,,,,,,,,25.984100341796875,9.467599738854915e-06,0.040222298353910446,-0.07198839634656906,1.976830026251264e-05,t17_f5_c3,ZTF20aaiggef
2458995.7765162,2,1241276514815,20.559600830078125,/ztf/archive/sci/2020/0526/276505/ztf_20200526276505_000724_zr_c13_o_q1_scimrefdiffimg.fits.fz,TESS,1,,,,1241,48,724,,,,,,,,,,,,,,,,,,,,,,,,,,,,,,,,,,,,26.040700912475586,5.048329967394238e-06,0.029488999396562576,0.06796509772539139,1.0279500202159397e-05,t17_f5_c3,ZTF20aaiggef
2458995.8238773,1,1241323876115,20.736400604248047,/ztf/archive/sci/2020/0526/323877/ztf_20200526323877_000725_zg_c16_o_q2_scimrefdiffimg.fits.fz,TESS,1,1.24132387611501e+18,0,5.0,1241,61,725,1621.31005859375,2246.090087890625,265.3845231,43.5646629,20.48699951171875,0.23419900238513947,1.2913700342178345,20.414400100708008,0.2851000130176544,0.41414299607276917,19.097000122070312,0.03200000151991844,1.7740000486373901,0.03099999949336052,0.16245299577713013,-0.0726189985871315,1.3021999597549438,0.6499999761581421,834.4140014648438,0.3219580054283142,2.0,0.8700000047683716,0.7319999933242798,0.6680989861488342,0.562125027179718,1.1885199546813965,4.0,0.0,0.949999988079071,0.9987279772758484,20.220199584960938,0.30390000343322754,265.384619,43.5647603,7.3596,26.128000259399414,4.601909949997207e-06,0.02712469920516014,-0.05521760135889053,9.347950253868476e-06,t17_f5_c3,ZTF20aaiggef
2458995.7865046,2,1241286504815,20.548200607299805,/ztf/archive/sci/2020/0526/286505/ztf_20200526286505_000724_zr_c13_o_q1_scimrefdiffimg.fits.fz,Kulkarni,2,1.24128650481501e+18,0,13.0,1241,48,724,2286.659912109375,2213.8701171875,265.384667,43.5647379,20.117300033569336,0.21141600608825684,1.5226800441741943,19.901599884033203,0.22579999268054962,0.2574140131473541,18.836000442504883,0.024000000208616257,1.2430000305175781,0.09099999815225601,-0.3924190104007721,-0.21567200124263763,1.2156699895858765,0.7210000157356262,785.8380126953125,0.6465979814529419,2.0,0.515999972820282,0.4869999885559082,0.4244590103626251,0.4006029963493347,1.0595500469207764,8.0,0.0,0.8871430158615112,0.9076110124588013,19.802499771118164,0.2630999982357025,265.3845988,43.5647835,9.01727,26.044300079345703,4.9269201554125175e-06,0.02901110053062439,0.07090579718351364,1.0067599760077428e-05,t17_f5_c3,ZTF20aaiggef
2458995.8243519,1,1241324354815,20.82029914855957,/ztf/archive/sci/2020/0526/324340/ztf_20200526324340_000724_zg_c13_o_q1_scimrefdiffimg.fits.fz,TESS,1,1.24132435481501e+18,0,11.0,1241,48,724,2289.830078125,2226.030029296875,265.3846791,43.5648001,20.105499267578125,0.21379099786281586,2.1818599700927734,20.560800552368164,0.3140000104904175,0.22323399782180786,19.094999313354492,0.019999999552965164,0.8169999718666077,0.0010000000474974513,0.006022999994456768,0.45528799295425415,1.6799999475479126,0.9340000152587891,782.6710205078125,0.2595059871673584,1.4928900003433228,0.5879999995231628,0.4950000047683716,0.3499999940395355,0.29464301466941833,1.187880039215088,7.0,0.0,0.8985710144042969,0.9146040081977844,20.453899383544922,0.36250001192092896,265.3845965,43.5647832,9.64404,26.140499114990234,1.2394400073389988e-05,0.046076200902462006,-0.10796599835157394,2.5538600311847404e-05,t17_f5_c3,ZTF20aaiggef
2458995.8745718,3,1241374574815,20.36199951171875,/ztf/archive/sci/2020/0526/374572/ztf_20200526374572_000724_zi_c13_o_q1_scimrefdiffimg.fits.fz,Kulkarni,2,,,,1241,48,724,,,,,,,,,,,,,,,,,,,,,,,,,,,,,,,,,,,,26.103700637817383,1.3572299621955608e-06,0.021510399878025055,0.19079799950122833,1.0195700269832741e-05,t17_f5_c3,ZTF20aaiggef
2458995.8898495,3,1241389844815,20.355899810791016,/ztf/archive/sci/2020/0526/389850/ztf_20200526389850_000724_zi_c13_o_q1_scimrefdiffimg.fits.fz,Kulkarni,2,,,,1241,48,724,,,,,,,,,,,,,,,,,,,,,,,,,,,,,,,,,,,,26.10759925842285,1.2191200084998854e-06,0.020387999713420868,0.18794900178909302,9.14665997697739e-06,t17_f5_c3,ZTF20aaiggef
2458995.9271875,1,1241427184815,20.906600952148438,/ztf/archive/sci/2020/0526/427187/ztf_20200526427187_000724_zg_c13_o_q1_scimrefdiffimg.fits.fz,Kulkarni,2,1.24142718481501e+18,0,15.0,1241,48,724,2261.89990234375,2235.330078125,265.3846186,43.5648018,20.07699966430664,0.20160600543022156,2.769390106201172,20.213300704956055,0.2151000052690506,0.09276899695396423,19.094999313354492,0.019999999552965164,0.8169999718666077,0.0010000000474974513,-0.03226500004529953,0.13628099858760834,1.6299999952316284,0.9779999852180481,810.6010131835938,0.6932569742202759,1.5090399980545044,0.5249999761581421,0.4819999933242798,0.32208600640296936,0.29570600390434265,1.089210033416748,10.0,0.0,0.7671430110931396,0.6919329762458801,20.20400047302246,0.271699994802475,265.3845965,43.5647832,12.7897,26.165000915527344,1.2926399904245045e-05,0.046929698437452316,-0.124208003282547,2.669079913175665e-05,t17_f5_c3,ZTF20aaiggef
2458995.933588,2,1241433586115,20.56999969482422,/ztf/archive/sci/2020/0526/433576/ztf_20200526433576_000725_zr_c16_o_q2_scimrefdiffimg.fits.fz,TESS,1,,,,1241,61,725,,,,,,,,,,,,,,,,,,,,,,,,,,,,,,,,,,,,26.043399810791016,2.8832901080022566e-06,0.021588200703263283,0.08496490120887756,5.785720077255974e-06,t17_f5_c3,ZTF20aaiggef
2458995.7865046,2,1241286504815,20.548200607299805,/ztf/archive/sci/2020/0526/286505/ztf_20200526286505_000724_zr_c13_o_q1_scimrefdiffimg.fits.fz,Kulkarni,2,1.24128650481501e+18,f,13.0,1241,48,724,2286.659912109375,2213.8701171875,265.384667,43.5647379,20.117300033569336,0.21141600608825684,1.5226800441741943,19.901599884033203,0.22579999268054962,0.2574140131473541,18.836000442504883,0.024000000208616257,1.2430000305175781,0.09099999815225601,-0.3924190104007721,-0.21567200124263763,1.2156699895858765,0.7210000157356262,785.8380126953125,0.6465979814529419,2.0,0.515999972820282,0.4869999885559082,0.4244590103626251,0.4006029963493347,1.0595500469207764,8.0,0.0,0.8871430158615112,0.9076110124588013,19.802499771118164,0.2630999982357025,265.3845988,43.5647835,9.01727,26.044300079345703,4.9269201554125175e-06,0.02901110053062439,0.07090579718351364,1.0067599760077428e-05,t17_f5_c3,ZTF20aaiggef
2458995.8238773,1,1241323876115,20.736400604248047,/ztf/archive/sci/2020/0526/323877/ztf_20200526323877_000725_zg_c16_o_q2_scimrefdiffimg.fits.fz,TESS,1,1.24132387611501e+18,f,5.0,1241,61,725,1621.31005859375,2246.090087890625,265.3845231,43.5646629,20.48699951171875,0.23419900238513947,1.2913700342178345,20.414400100708008,0.2851000130176544,0.41414299607276917,19.097000122070312,0.03200000151991844,1.7740000486373901,0.03099999949336052,0.16245299577713013,-0.0726189985871315,1.3021999597549438,0.6499999761581421,834.4140014648438,0.3219580054283142,2.0,0.8700000047683716,0.7319999933242798,0.6680989861488342,0.562125027179718,1.1885199546813965,4.0,0.0,0.949999988079071,0.9987279772758484,20.220199584960938,0.30390000343322754,265.384619,43.5647603,7.3596,26.128000259399414,4.601909949997207e-06,0.02712469920516014,-0.05521760135889053,9.347950253868476e-06,t17_f5_c3,ZTF20aaiggef
2458995.8243519,1,1241324354815,20.82029914855957,/ztf/archive/sci/2020/0526/324340/ztf_20200526324340_000724_zg_c13_o_q1_scimrefdiffimg.fits.fz,TESS,1,1.24132435481501e+18,f,11.0,1241,48,724,2289.830078125,2226.030029296875,265.3846791,43.5648001,20.105499267578125,0.21379099786281586,2.1818599700927734,20.560800552368164,0.3140000104904175,0.22323399782180786,19.094999313354492,0.019999999552965164,0.8169999718666077,0.0010000000474974513,0.006022999994456768,0.45528799295425415,1.6799999475479126,0.9340000152587891,782.6710205078125,0.2595059871673584,1.4928900003433228,0.5879999995231628,0.4950000047683716,0.3499999940395355,0.29464301466941833,1.187880039215088,7.0,0.0,0.8985710144042969,0.9146040081977844,20.453899383544922,0.36250001192092896,265.3845965,43.5647832,9.64404,26.140499114990234,1.2394400073389988e-05,0.046076200902462006,-0.10796599835157394,2.5538600311847404e-05,t17_f5_c3,ZTF20aaiggef
2458995.9271875,1,1241427184815,20.906600952148438,/ztf/archive/sci/2020/0526/427187/ztf_20200526427187_000724_zg_c13_o_q1_scimrefdiffimg.fits.fz,Kulkarni,2,1.24142718481501e+18,f,15.0,1241,48,724,2261.89990234375,2235.330078125,265.3846186,43.5648018,20.07699966430664,0.20160600543022156,2.769390106201172,20.213300704956055,0.2151000052690506,0.09276899695396423,19.094999313354492,0.019999999552965164,0.8169999718666077,0.0010000000474974513,-0.03226500004529953,0.13628099858760834,1.6299999952316284,0.9779999852180481,810.6010131835938,0.6932569742202759,1.5090399980545044,0.5249999761581421,0.4819999933242798,0.32208600640296936,0.29570600390434265,1.089210033416748,10.0,0.0,0.7671430110931396,0.6919329762458801,20.20400047302246,0.271699994802475,265.3845965,43.5647832,12.7897,26.165000915527344,1.2926399904245045e-05,0.046929698437452316,-0.124208003282547,2.669079913175665e-05,t17_f5_c3,ZTF20aaiggef
2458995.9345602,2,1241434564815,20.681499481201172,/ztf/archive/sci/2020/0526/434560/ztf_20200526434560_000724_zr_c13_o_q1_scimrefdiffimg.fits.fz,Kulkarni,2,1.24143456481501e+18,f,17.0,1241,48,724,2269.580078125,2235.97998046875,265.3846281,43.5647842,20.200000762939453,0.20796899497509003,2.1275200843811035,20.61039924621582,0.39149999618530273,0.07552099972963333,18.836000442504883,0.024000000208616257,1.2430000305175781,0.09099999815225601,-0.1403300017118454,0.4104340076446533,1.197350025177002,0.9769999980926514,802.9240112304688,0.07111500203609467,2.0,0.5249999761581421,0.4699999988079071,0.4384700059890747,0.392535001039505,1.1170200109481812,11.0,0.0,0.8199999928474426,0.6668559908866882,20.415300369262695,0.4169999957084656,265.3845988,43.5647835,5.7548,26.06100082397461,5.661670002155006e-06,0.031093500554561615,0.06608139723539352,1.17110002975096e-05,t17_f5_c3,ZTF20aaiggef
2458996.7174537,1,1242217454815,20.52669906616211,/ztf/archive/sci/2020/0527/217454/ztf_20200527217454_000724_zg_c13_o_q1_scimrefdiffimg.fits.fz,Kulkarni,2,1.24221745481501e+18,0,4.0,1242,48,724,2286.0400390625,2185.489990234375,265.3846313,43.564788,20.162099838256836,0.22752900421619415,1.7532099485397339,20.72570037841797,0.4855000078678131,0.0913110002875328,19.094999313354492,0.019999999552965164,0.8169999718666077,0.0010000000474974513,-0.7807210087776184,0.5635929703712463,1.659999966621399,0.953000009059906,786.4639892578125,-0.19899600744247437,1.4724600315093994,0.5479999780654907,0.5170000195503235,0.3301199972629547,0.31144601106643677,1.0599600076675415,9.0,0.0,0.8799999952316284,0.7468510270118713,20.716100692749023,0.6154000163078308,265.3845965,43.5647832,9.44982,26.056100845336914,9.310299901699182e-06,0.03988470137119293,-0.08666359633207321,1.92399002116872e-05,t17_f5_c3,ZTF20aaiggef
2458996.7755903,2,1242275594815,20.48430061340332,/ztf/archive/sci/2020/0527/275544/ztf_20200527275544_000724_zr_c13_o_q1_scimrefdiffimg.fits.fz,Kulkarni,2,1.24227559481501e+18,0,13.0,1242,48,724,2295.179931640625,2196.969970703125,265.3845998,43.5647619,20.289899826049805,0.18669000267982483,0.7154710292816162,20.425600051879883,0.37439998984336853,0.08729399740695953,18.836000442504883,0.024000000208616257,1.2430000305175781,0.09099999815225601,0.06460800021886826,0.13569100201129913,1.2565399408340454,0.7099999785423279,777.3200073242188,0.05866200104355812,2.0,0.6129999756813049,0.578000009059906,0.4878480136394501,0.45999300479888916,1.0605499744415283,8.0,0.0,0.9557139873504639,0.9493119716644287,20.340700149536133,0.4422999918460846,265.3845988,43.5647835,5.66926,26.041900634765625,4.7142898438323755e-06,0.028300900012254715,0.06819940358400345,9.658169801696204e-06,t17_f5_c3,ZTF20aaiggef
2458996.8051157,2,1242305114815,20.517000198364258,/ztf/archive/sci/2020/0527/305116/ztf_20200527305116_000724_zr_c13_o_q1_scimrefdiffimg.fits.fz,TESS,1,1.24230511481501e+18,0,17.0,1242,48,724,2309.56005859375,2202.85009765625,265.3847189,43.5647682,20.23069953918457,0.28077998757362366,1.844939947128296,20.47760009765625,0.3776000142097473,0.31772300601005554,18.836000442504883,0.024000000208616257,1.2430000305175781,0.09099999815225601,-0.3463830053806305,0.24693900346755981,1.2727700471878052,0.9620000123977661,762.93701171875,0.03941100090742111,2.0,0.5199999809265137,0.4449999928474426,0.4085580110549927,0.34963101148605347,1.1685400009155273,11.0,0.0,0.8242859840393066,0.6393870115280151,20.088699340820312,0.336899995803833,265.3845988,43.5647835,6.96384,26.05270004272461,5.374140073399758e-06,0.03030100092291832,0.07042589783668518,1.0906899660767522e-05,t17_f5_c3,ZTF20aaiggef
2458996.8055903,2,1242305596115,20.554399490356445,/ztf/archive/sci/2020/0527/305579/ztf_20200527305579_000725_zr_c16_o_q2_scimrefdiffimg.fits.fz,TESS,1,1.24230559611501e+18,0,21.0,1242,61,725,1640.6300048828125,2222.2099609375,265.3845248,43.5648625,20.653900146484375,0.3516780138015747,0.9924290180206299,20.80299949645996,0.504800021648407,0.4171540141105652,18.86199951171875,0.024000000208616257,1.2319999933242798,0.08299999684095383,-0.08719400316476822,0.14912199974060059,2.3499999046325684,0.5950000286102295,858.2860107421875,-0.2486409991979599,1.0510599613189697,0.5759999752044678,0.46700000762939453,0.24510599672794342,0.19872300326824188,1.2333999872207642,8.0,0.0,0.8242859840393066,0.41619399189949036,20.855199813842773,0.6765999794006348,265.3846149,43.5647656,5.53678,26.030899047851562,2.9931700282759266e-06,0.021766800433397293,0.08615890145301819,6.020979981258279e-06,t17_f5_c3,ZTF20aaiggef
2458996.8247454,1,1242324744815,20.81369972229004,/ztf/archive/sci/2020/0527/324734/ztf_20200527324734_000724_zg_c13_o_q1_scimrefdiffimg.fits.fz,TESS,1,1.24232474481501e+18,0,9.0,1242,48,724,2290.739990234375,2206.909912109375,265.3846537,43.5647851,20.063499450683594,0.17440000176429749,1.8793799877166748,20.357200622558594,0.26460000872612,0.14766399562358856,19.094999313354492,0.019999999552965164,0.8169999718666077,0.0010000000474974513,-0.13607199490070343,0.2936689853668213,1.8600000143051147,0.9399999976158142,781.7630004882812,0.456496000289917,1.332069993019104,0.6029999852180481,0.5379999876022339,0.3241940140724182,0.2892470061779022,1.1208200454711914,7.0,0.0,0.9414290189743042,0.8470050096511841,20.24690055847168,0.30489999055862427,265.3845965,43.5647832,10.565,26.153499603271484,1.153799985331716e-05,0.0446821004152298,-0.11388900130987167,2.3547299861093052e-05,t17_f5_c3,ZTF20aaiggef
2458996.7174537,1,1242217454815,20.52669906616211,/ztf/archive/sci/2020/0527/217454/ztf_20200527217454_000724_zg_c13_o_q1_scimrefdiffimg.fits.fz,Kulkarni,2,1.24221745481501e+18,f,4.0,1242,48,724,2286.0400390625,2185.489990234375,265.3846313,43.564788,20.162099838256836,0.22752900421619415,1.7532099485397339,20.72570037841797,0.4855000078678131,0.0913110002875328,19.094999313354492,0.019999999552965164,0.8169999718666077,0.0010000000474974513,-0.7807210087776184,0.5635929703712463,1.659999966621399,0.953000009059906,786.4639892578125,-0.19899600744247437,1.4724600315093994,0.5479999780654907,0.5170000195503235,0.3301199972629547,0.31144601106643677,1.0599600076675415,9.0,0.0,0.8799999952316284,0.7468510270118713,20.716100692749023,0.6154000163078308,265.3845965,43.5647832,9.44982,26.056100845336914,9.310299901699182e-06,0.03988470137119293,-0.08666359633207321,1.92399002116872e-05,t17_f5_c3,ZTF20aaiggef
2458996.7755903,2,1242275594815,20.48430061340332,/ztf/archive/sci/2020/0527/275544/ztf_20200527275544_000724_zr_c13_o_q1_scimrefdiffimg.fits.fz,Kulkarni,2,1.24227559481501e+18,f,13.0,1242,48,724,2295.179931640625,2196.969970703125,265.3845998,43.5647619,20.289899826049805,0.18669000267982483,0.7154710292816162,20.425600051879883,0.37439998984336853,0.08729399740695953,18.836000442504883,0.024000000208616257,1.2430000305175781,0.09099999815225601,0.06460800021886826,0.13569100201129913,1.2565399408340454,0.7099999785423279,777.3200073242188,0.05866200104355812,2.0,0.6129999756813049,0.578000009059906,0.4878480136394501,0.45999300479888916,1.0605499744415283,8.0,0.0,0.9557139873504639,0.9493119716644287,20.340700149536133,0.4422999918460846,265.3845988,43.5647835,5.66926,26.041900634765625,4.7142898438323755e-06,0.028300900012254715,0.06819940358400345,9.658169801696204e-06,t17_f5_c3,ZTF20aaiggef
2458996.8051157,2,1242305114815,20.517000198364258,/ztf/archive/sci/2020/0527/305116/ztf_20200527305116_000724_zr_c13_o_q1_scimrefdiffimg.fits.fz,TESS,1,1.24230511481501e+18,f,17.0,1242,48,724,2309.56005859375,2202.85009765625,265.3847189,43.5647682,20.23069953918457,0.28077998757362366,1.844939947128296,20.47760009765625,0.3776000142097473,0.31772300601005554,18.836000442504883,0.024000000208616257,1.2430000305175781,0.09099999815225601,-0.3463830053806305,0.24693900346755981,1.2727700471878052,0.9620000123977661,762.93701171875,0.03941100090742111,2.0,0.5199999809265137,0.4449999928474426,0.4085580110549927,0.34963101148605347,1.1685400009155273,11.0,0.0,0.8242859840393066,0.6393870115280151,20.088699340820312,0.336899995803833,265.3845988,43.5647835,6.96384,26.05270004272461,5.374140073399758e-06,0.03030100092291832,0.07042589783668518,1.0906899660767522e-05,t17_f5_c3,ZTF20aaiggef
2458996.8055903,2,1242305596115,20.554399490356445,/ztf/archive/sci/2020/0527/305579/ztf_20200527305579_000725_zr_c16_o_q2_scimrefdiffimg.fits.fz,TESS,1,1.24230559611501e+18,f,21.0,1242,61,725,1640.6300048828125,2222.2099609375,265.3845248,43.5648625,20.653900146484375,0.3516780138015747,0.9924290180206299,20.80299949645996,0.504800021648407,0.4171540141105652,18.86199951171875,0.024000000208616257,1.2319999933242798,0.08299999684095383,-0.08719400316476822,0.14912199974060059,2.3499999046325684,0.5950000286102295,858.2860107421875,-0.2486409991979599,1.0510599613189697,0.5759999752044678,0.46700000762939453,0.24510599672794342,0.19872300326824188,1.2333999872207642,8.0,0.0,0.8242859840393066,0.41619399189949036,20.855199813842773,0.6765999794006348,265.3846149,43.5647656,5.53678,26.030899047851562,2.9931700282759266e-06,0.021766800433397293,0.08615890145301819,6.020979981258279e-06,t17_f5_c3,ZTF20aaiggef
2458996.8060532,2,1242306054815,20.572200775146484,/ztf/archive/sci/2020/0527/306053/ztf_20200527306053_000724_zr_c13_o_q1_scimrefdiffimg.fits.fz,Kulkarni,2,1.24230605481501e+18,f,16.0,1242,48,724,2311.10009765625,2202.72998046875,265.3846869,43.5647843,20.213899612426758,0.18679900467395782,1.2775599956512451,20.349199295043945,0.328900009393692,0.22021999955177307,18.836000442504883,0.024000000208616257,1.2430000305175781,0.09099999815225601,-0.09757400304079056,0.13526299595832825,2.200000047683716,0.7289999723434448,761.4010009765625,0.22298400104045868,1.121559977531433,0.609000027179718,0.5270000100135803,0.27681800723075867,0.23954500257968903,1.1555999517440796,8.0,0.0,0.9442859888076782,0.8328359723091125,20.461000442504883,0.46540001034736633,265.3845988,43.5647835,7.08786,26.05190086364746,5.271900135994656e-06,0.029942700639367104,0.06888309866189957,1.0719199963205028e-05,t17_f5_c3,ZTF20aaiggef
2458996.8247454,1,1242324744815,20.81369972229004,/ztf/archive/sci/2020/0527/324734/ztf_20200527324734_000724_zg_c13_o_q1_scimrefdiffimg.fits.fz,TESS,1,1.24232474481501e+18,f,9.0,1242,48,724,2290.739990234375,2206.909912109375,265.3846537,43.5647851,20.063499450683594,0.17440000176429749,1.8793799877166748,20.357200622558594,0.26460000872612,0.14766399562358856,19.094999313354492,0.019999999552965164,0.8169999718666077,0.0010000000474974513,-0.13607199490070343,0.2936689853668213,1.8600000143051147,0.9399999976158142,781.7630004882812,0.456496000289917,1.332069993019104,0.6029999852180481,0.5379999876022339,0.3241940140724182,0.2892470061779022,1.1208200454711914,7.0,0.0,0.9414290189743042,0.8470050096511841,20.24690055847168,0.30489999055862427,265.3845965,43.5647832,10.565,26.153499603271484,1.153799985331716e-05,0.0446821004152298,-0.11388900130987167,2.3547299861093052e-05,t17_f5_c3,ZTF20aaiggef
2458996.8291204,1,1242329126115,20.70840072631836,/ztf/archive/sci/2020/0527/329120/ztf_20200527329120_000725_zg_c16_o_q2_scimrefdiffimg.fits.fz,TESS,1,1.24232912611501e+18,f,5.0,1242,61,725,1633.9200439453125,2229.580078125,265.3845471,43.564779,20.195499420166016,0.20330999791622162,1.6093300580978394,20.07979965209961,0.21369999647140503,0.1946520060300827,19.097000122070312,0.03200000151991844,1.7740000486373901,0.03099999949336052,0.17627200484275818,-0.11567399650812149,4.400000095367432,0.9210000038146973,850.9210205078125,0.6285690069198608,0.5919100046157837,0.8410000205039978,0.7580000162124634,0.19113600254058838,0.17227299511432648,1.1095000505447388,4.0,0.0,0.8385710120201111,0.9875249862670898,20.07670021057129,0.27219998836517334,265.384619,43.5647603,10.4767,26.155500411987305,5.170370059204288e-06,0.028655100613832474,-0.07701530307531357,1.0364599802414887e-05,t17_f5_c3,ZTF20aaiggef
2458996.8386806,3,1242338684815,20.215499877929688,/ztf/archive/sci/2020/0527/338264/ztf_20200527338264_000724_zi_c13_o_q1_scimrefdiffimg.fits.fz,Kulkarni,2,,,,1242,48,724,,,,,,,,,,,,,,,,,,,,,,,,,,,,,,,,,,,,26.098899841308594,1.1975299685218488e-06,0.020350100472569466,0.19651199877262115,8.7535099737579e-06,t17_f5_c3,ZTF20aaiggef
2458996.868206,3,1242368204815,20.344999313354492,/ztf/archive/sci/2020/0527/368206/ztf_20200527368206_000724_zi_c13_o_q1_scimrefdiffimg.fits.fz,Kulkarni,2,,,,1242,48,724,,,,,,,,,,,,,,,,,,,,,,,,,,,,,,,,,,,,26.109500885009766,1.2144399761382374e-06,0.02040800079703331,0.18768799304962158,8.994339623313863e-06,t17_f5_c3,ZTF20aaiggef
2458996.9464005,1,1242446404815,20.87339973449707,/ztf/archive/sci/2020/0527/446400/ztf_20200527446400_000724_zg_c13_o_q1_scimrefdiffimg.fits.fz,Kulkarni,2,,,,1242,48,724,,,,,,,,,,,,,,,,,,,,,,,,,,,,,,,,,,,,26.157400131225586,1.1707699741236866e-05,0.04489219933748245,-0.11865299940109253,2.3887800125521608e-05,t17_f5_c3,ZTF20aaiggef
2458997.8033565,2,1243303354815,20.623699188232422,/ztf/archive/sci/2020/0528/303356/ztf_20200528303356_000724_zr_c13_o_q1_scimrefdiffimg.fits.fz,TESS,1,1.24330335481501e+18,0,10.0,1243,48,724,2297.97998046875,2193.070068359375,265.3846229,43.5648063,20.154499053955078,0.2044990062713623,1.3228600025177002,20.142799377441406,0.2702000141143799,0.1020750030875206,18.836000442504883,0.024000000208616257,1.2430000305175781,0.09099999815225601,-0.29413899779319763,-0.011651000007987022,2.3499999046325684,0.8679999709129333,774.5159912109375,0.480879008769989,1.008870005607605,0.5199999809265137,0.47600001096725464,0.22127699851989746,0.20255300402641296,1.0924400091171265,9.0,0.0,0.8542860150337219,0.6992759704589844,20.57379913330078,0.5126000046730042,265.3845988,43.5647835,6.89358,26.037500381469727,5.622170192509657e-06,0.030919000506401062,0.07553429901599884,1.1512000128277577e-05,t17_f5_c3,ZTF20aaiggef
2458997.8934606,1,1243393466115,20.797199249267578,/ztf/archive/sci/2020/0528/393461/ztf_20200528393461_000725_zg_c16_o_q2_scimrefdiffimg.fits.fz,TESS,1,1.24339346611501e+18,0,8.0,1243,61,725,1616.530029296875,2233.830078125,265.3845628,43.5647319,20.187599182128906,0.19172899425029755,1.8513400554656982,19.956499099731445,0.17640000581741333,0.16662199795246124,19.097000122070312,0.03200000151991844,1.7740000486373901,0.03099999949336052,-0.06653700023889542,-0.2311359941959381,3.1700000762939453,0.902999997138977,846.6680297851562,0.8406959772109985,0.8253949880599976,0.890999972820282,0.7450000047683716,0.2810730040073395,0.23501600325107574,1.195970058441162,4.0,0.0,0.9085710048675537,0.9508309960365295,19.762300491333008,0.18809999525547028,265.384619,43.5647603,11.0784,26.147600173950195,4.574329977913294e-06,0.02711530029773712,-0.059781599789857864,9.161210073216353e-06,t17_f5_c3,ZTF20aaiggef
2458997.6995255,1,1243199524815,20.429100036621094,/ztf/archive/sci/2020/0528/199525/ztf_20200528199525_000724_zg_c13_o_q1_scimrefdiffimg.fits.fz,Kulkarni,2,1.24319952481501e+18,0,6.0,1243,48,724,2308.719970703125,2161.47998046875,265.3845962,43.5647907,20.063100814819336,0.2032960057258606,1.5755200386047363,20.249500274658203,0.34220001101493835,0.026765000075101852,19.094999313354492,0.019999999552965164,0.8169999718666077,0.0010000000474974513,-0.10990700125694275,0.18640099465847015,2.369999885559082,0.9879999756813049,763.7830200195312,0.17959000170230865,1.0291600227355957,0.6470000147819519,0.5830000042915344,0.2729960083961487,0.2459920048713684,1.109779953956604,7.0,0.0,0.9414290189743042,0.8514299988746643,19.942399978637695,0.3305000066757202,265.3845965,43.5647832,9.00122,26.002099990844727,9.223569577443413e-06,0.039812199771404266,-0.06179409846663475,1.906100078485906e-05,t17_f5_c3,ZTF20aaiggef
2458997.7744213,2,1243274424815,20.57159996032715,/ztf/archive/sci/2020/0528/274340/ztf_20200528274340_000724_zr_c13_o_q1_scimrefdiffimg.fits.fz,Kulkarni,2,,,,1243,48,724,,,,,,,,,,,,,,,,,,,,,,,,,,,,,,,,,,,,26.041900634765625,4.638310201698914e-06,0.028148900717496872,0.07011199742555618,9.443950148124713e-06,t17_f5_c3,ZTF20aaiggef
2458997.8047685,2,1243304764815,20.584800720214844,/ztf/archive/sci/2020/0528/304769/ztf_20200528304769_000724_zr_c13_o_q1_scimrefdiffimg.fits.fz,Kulkarni,2,,,,1243,48,724,,,,,,,,,,,,,,,,,,,,,,,,,,,,,,,,,,,,26.052200317382812,5.222820163908182e-06,0.029867399483919144,0.06722970306873322,1.0650500371411908e-05,t17_f5_c3,ZTF20aaiggef
2458997.8440509,3,1243344054815,20.322399139404297,/ztf/archive/sci/2020/0528/344039/ztf_20200528344039_000724_zi_c13_o_q1_scimrefdiffimg.fits.fz,Kulkarni,2,,,,1243,48,724,,,,,,,,,,,,,,,,,,,,,,,,,,,,,,,,,,,,26.114200592041016,1.8316700334253255e-06,0.025146299973130226,0.1951580047607422,1.3471700185618829e-05,t17_f5_c3,ZTF20aaiggef
2458997.8588657,3,1243358864815,20.290599822998047,/ztf/archive/sci/2020/0528/358819/ztf_20200528358819_000724_zi_c13_o_q1_scimrefdiffimg.fits.fz,Kulkarni,2,,,,1243,48,724,,,,,,,,,,,,,,,,,,,,,,,,,,,,,,,,,,,,26.107500076293945,1.3551999700212036e-06,0.02154259942471981,0.1928420066833496,9.9548296930152e-06,t17_f5_c3,ZTF20aaiggef
2458997.8953935,1,1243395394815,20.921600341796875,/ztf/archive/sci/2020/0528/395394/ztf_20200528395394_000724_zg_c13_o_q1_scimrefdiffimg.fits.fz,TESS,1,1.24339539481501e+18,0,11.0,1243,48,724,2279.2900390625,2209.860107421875,265.3846849,43.5647646,20.09600067138672,0.170974001288414,1.9994299411773682,20.21940040588379,0.21220000088214874,0.23974700272083282,19.094999313354492,0.019999999552965164,0.8169999718666077,0.0010000000474974513,0.020843999460339546,0.12339899688959122,2.049999952316284,0.9369999766349792,793.2080078125,0.7022209763526917,1.2123299837112427,0.6850000023841858,0.550000011920929,0.33414599299430847,0.26829299330711365,1.245460033416748,3.0,0.0,0.9228569865226746,1.0,20.05739974975586,0.23240000009536743,265.3845965,43.5647832,10.9319,26.149999618530273,1.3766200027021114e-05,0.04843150079250336,-0.1178869977593422,2.834539918694645e-05,t17_f5_c3,ZTF20aaiggef
2458997.6995255,1,1243199524815,20.429100036621094,/ztf/archive/sci/2020/0528/199525/ztf_20200528199525_000724_zg_c13_o_q1_scimrefdiffimg.fits.fz,Kulkarni,2,1.24319952481501e+18,f,6.0,1243,48,724,2308.719970703125,2161.47998046875,265.3845962,43.5647907,20.063100814819336,0.2032960057258606,1.5755200386047363,20.249500274658203,0.34220001101493835,0.026765000075101852,19.094999313354492,0.019999999552965164,0.8169999718666077,0.0010000000474974513,-0.10990700125694275,0.18640099465847015,2.369999885559082,0.9879999756813049,763.7830200195312,0.17959000170230865,1.0291600227355957,0.6470000147819519,0.5830000042915344,0.2729960083961487,0.2459920048713684,1.109779953956604,7.0,0.0,0.9414290189743042,0.8514299988746643,19.942399978637695,0.3305000066757202,265.3845965,43.5647832,9.00122,26.002099990844727,9.223569577443413e-06,0.039812199771404266,-0.06179409846663475,1.906100078485906e-05,t17_f5_c3,ZTF20aaiggef
2458997.8033565,2,1243303354815,20.623699188232422,/ztf/archive/sci/2020/0528/303356/ztf_20200528303356_000724_zr_c13_o_q1_scimrefdiffimg.fits.fz,TESS,1,1.24330335481501e+18,f,10.0,1243,48,724,2297.97998046875,2193.070068359375,265.3846229,43.5648063,20.154499053955078,0.2044990062713623,1.3228600025177002,20.142799377441406,0.2702000141143799,0.1020750030875206,18.836000442504883,0.024000000208616257,1.2430000305175781,0.09099999815225601,-0.29413899779319763,-0.011651000007987022,2.3499999046325684,0.8679999709129333,774.5159912109375,0.480879008769989,1.008870005607605,0.5199999809265137,0.47600001096725464,0.22127699851989746,0.20255300402641296,1.0924400091171265,9.0,0.0,0.8542860150337219,0.6992759704589844,20.57379913330078,0.5126000046730042,265.3845988,43.5647835,6.89358,26.037500381469727,5.622170192509657e-06,0.030919000506401062,0.07553429901599884,1.1512000128277577e-05,t17_f5_c3,ZTF20aaiggef
2458997.8934606,1,1243393466115,20.797199249267578,/ztf/archive/sci/2020/0528/393461/ztf_20200528393461_000725_zg_c16_o_q2_scimrefdiffimg.fits.fz,TESS,1,1.24339346611501e+18,f,8.0,1243,61,725,1616.530029296875,2233.830078125,265.3845628,43.5647319,20.187599182128906,0.19172899425029755,1.8513400554656982,19.956499099731445,0.17640000581741333,0.16662199795246124,19.097000122070312,0.03200000151991844,1.7740000486373901,0.03099999949336052,-0.06653700023889542,-0.2311359941959381,3.1700000762939453,0.902999997138977,846.6680297851562,0.8406959772109985,0.8253949880599976,0.890999972820282,0.7450000047683716,0.2810730040073395,0.23501600325107574,1.195970058441162,4.0,0.0,0.9085710048675537,0.9508309960365295,19.762300491333008,0.18809999525547028,265.384619,43.5647603,11.0784,26.147600173950195,4.574329977913294e-06,0.02711530029773712,-0.059781599789857864,9.161210073216353e-06,t17_f5_c3,ZTF20aaiggef
2458997.8953935,1,1243395394815,20.921600341796875,/ztf/archive/sci/2020/0528/395394/ztf_20200528395394_000724_zg_c13_o_q1_scimrefdiffimg.fits.fz,TESS,1,1.24339539481501e+18,f,11.0,1243,48,724,2279.2900390625,2209.860107421875,265.3846849,43.5647646,20.09600067138672,0.170974001288414,1.9994299411773682,20.21940040588379,0.21220000088214874,0.23974700272083282,19.094999313354492,0.019999999552965164,0.8169999718666077,0.0010000000474974513,0.020843999460339546,0.12339899688959122,2.049999952316284,0.9369999766349792,793.2080078125,0.7022209763526917,1.2123299837112427,0.6850000023841858,0.550000011920929,0.33414599299430847,0.26829299330711365,1.245460033416748,3.0,0.0,0.9228569865226746,1.0,20.05739974975586,0.23240000009536743,265.3845965,43.5647832,10.9319,26.149999618530273,1.3766200027021114e-05,0.04843150079250336,-0.1178869977593422,2.834539918694645e-05,t17_f5_c3,ZTF20aaiggef
2458997.9262153,1,1243426214815,20.836299896240234,/ztf/archive/sci/2020/0528/426215/ztf_20200528426215_000724_zg_c13_o_q1_scimrefdiffimg.fits.fz,Kulkarni,2,1.24342621481501e+18,f,10.0,1243,48,724,2278.25,2208.030029296875,265.3846542,43.5647865,20.00189971923828,0.15641599893569946,1.808109998703003,19.82360076904297,0.15219999849796295,0.14941899478435516,19.094999313354492,0.019999999552965164,0.8169999718666077,0.0010000000474974513,-0.19733500480651855,-0.17833200097084045,3.4100000858306885,0.9449999928474426,794.2470092773438,1.0126800537109375,0.7609050273895264,0.7960000038146973,0.7319999933242798,0.23343099653720856,0.21466299891471863,1.0874300003051758,2.0,0.0,0.9100000262260437,1.0,19.81730079650879,0.19259999692440033,265.3845965,43.5647832,9.70081,26.157899856567383,1.2099900231987704e-05,0.04538879916071892,-0.13218499720096588,2.496940032870043e-05,t17_f5_c3,ZTF20aaiggef
2458997.931956,2,1243431956115,20.532899856567383,/ztf/archive/sci/2020/0528/431933/ztf_20200528431933_000725_zr_c16_o_q2_scimrefdiffimg.fits.fz,TESS,1,1.24343195611501e+18,f,7.0,1243,61,725,1622.969970703125,2234.7900390625,265.3846179,43.5646994,20.43400001525879,0.19909599423408508,0.5935900211334229,20.39109992980957,0.33559998869895935,0.23498499393463135,18.86199951171875,0.024000000208616257,1.2319999933242798,0.08299999684095383,-0.2027679979801178,-0.042931001633405685,1.3034100532531738,0.6859999895095825,845.7119750976562,0.14177800714969635,2.0,0.7789999842643738,0.7310000061988831,0.597661018371582,0.5608350038528442,1.065659999847412,3.0,0.0,0.949999988079071,0.9730309844017029,20.344999313354492,0.41040000319480896,265.3846149,43.5647656,6.88934,26.06100082397461,2.7506400783749996e-06,0.020755300298333168,0.08000440150499344,5.548879926209338e-06,t17_f5_c3,ZTF20aaiggef
2458998.7210185,1,1244221014815,20.40839958190918,/ztf/archive/sci/2020/0529/221019/ztf_20200529221019_000724_zg_c13_o_q1_scimrefdiffimg.fits.fz,Kulkarni,2,1.24422101481501e+18,0,4.0,1244,48,724,2315.77001953125,2156.760009765625,265.3845471,43.5647841,20.062000274658203,0.17799699306488037,1.4552199840545654,20.32830047607422,0.36160001158714294,0.12763799726963043,19.094999313354492,0.019999999552965164,0.8169999718666077,0.0010000000474974513,-0.20007500052452087,0.26628100872039795,2.25,0.902999997138977,756.7319946289062,0.08012600243091583,1.1247199773788452,0.7450000047683716,0.6430000066757202,0.33111101388931274,0.2857779860496521,1.1586300134658813,4.0,0.0,0.9571430087089539,1.0,20.37350082397461,0.48240000009536743,265.3845965,43.5647832,9.37244,26.06999969482422,8.462920050078537e-06,0.03800579905509949,-0.07559800148010254,1.758339931257069e-05,t17_f5_c3,ZTF20aaiggef
2458998.8097106,2,1244309714815,20.59000015258789,/ztf/archive/sci/2020/0529/309456/ztf_20200529309456_000724_zr_c13_o_q1_scimrefdiffimg.fits.fz,TESS,1,1.24430971481501e+18,0,10.0,1244,48,724,2326.6298828125,2213.64990234375,265.3847143,43.5647789,20.432600021362305,0.31335699558258057,2.05580997467041,20.858400344848633,0.5274999737739563,0.2979010045528412,18.836000442504883,0.024000000208616257,1.2430000305175781,0.09099999815225601,-0.25942400097846985,0.42576301097869873,1.209149956703186,0.9539999961853027,745.8699951171875,-0.26840299367904663,2.0,0.503000020980835,0.49399998784065247,0.41599300503730774,0.4085499942302704,1.0182199478149414,12.0,0.0,0.7928569912910461,0.634598970413208,20.605600357055664,0.53329998254776,265.3845988,43.5647835,6.59779,26.051599502563477,4.739400083053624e-06,0.02828020043671131,0.07024410367012024,9.672599844634533e-06,t17_f5_c3,ZTF20aaiggef
2458998.8265509,2,1244326556115,20.623899459838867,/ztf/archive/sci/2020/0529/326551/ztf_20200529326551_000725_zr_c16_o_q2_scimrefdiffimg.fits.fz,TESS,1,1.24432655611501e+18,0,15.0,1244,61,725,1650.5,2237.22998046875,265.3846428,43.5647019,20.450000762939453,0.23680199682712555,0.9538769721984863,20.838499069213867,0.49810001254081726,0.23322899639606476,18.86199951171875,0.024000000208616257,1.2319999933242798,0.08299999684095383,-0.03376099839806557,0.38852399587631226,1.2143700122833252,0.8159999847412109,843.2730102539062,-0.21458299458026886,2.0,0.7599999904632568,0.6269999742507935,0.6258410215377808,0.5163189768791199,1.2121200561523438,5.0,0.0,0.9357140064239502,0.9735130071640015,20.286699295043945,0.3831000030040741,265.3846149,43.5647656,6.5759,26.035999298095703,3.161550012009684e-06,0.022248700261116028,0.08256950229406357,6.3520001276629046e-06,t17_f5_c3,ZTF20aaiggef
2458998.8106481,2,1244310644815,20.586999893188477,/ztf/archive/sci/2020/0529/310637/ztf_20200529310637_000724_zr_c13_o_q1_scimrefdiffimg.fits.fz,Kulkarni,2,1.24431064481501e+18,0,8.0,1244,48,724,2325.4599609375,2214.139892578125,265.3846004,43.5648096,20.18320083618164,0.20650699734687805,1.8360199928283691,19.993600845336914,0.23810000717639923,0.08646500110626221,18.836000442504883,0.024000000208616257,1.2430000305175781,0.09099999815225601,-0.32500699162483215,-0.18957099318504333,2.5299999713897705,0.7680000066757202,747.0380249023438,0.5934339761734009,0.9599739909172058,0.6079999804496765,0.550000011920929,0.2403160035610199,0.2173909991979599,1.1054600477218628,8.0,0.0,0.9071429967880249,0.8080769777297974,20.051599502563477,0.32010000944137573,265.3845988,43.5647835,6.6008,26.060199737548828,4.868849828199018e-06,0.028681699186563492,0.06393499672412872,9.91890010482166e-06,t17_f5_c3,ZTF20aaiggef
2458998.826088,2,1244326084815,20.617399215698242,/ztf/archive/sci/2020/0529/326076/ztf_20200529326076_000724_zr_c13_o_q1_scimrefdiffimg.fits.fz,Kulkarni,2,,,,1244,48,724,,,,,,,,,,,,,,,,,,,,,,,,,,,,,,,,,,,,26.058799743652344,5.5682198762951884e-06,0.030717900022864342,0.0676070973277092,1.1388599887141027e-05,t17_f5_c3,ZTF20aaiggef
2458998.871713,1,1244371714815,20.99839973449707,/ztf/archive/sci/2020/0529/371713/ztf_20200529371713_000724_zg_c13_o_q1_scimrefdiffimg.fits.fz,TESS,1,1.24437171481501e+18,0,29.0,1244,48,724,2281.5,2224.27001953125,265.3846671,43.564789,20.042600631713867,0.19434300065040588,2.7909700870513916,20.537700653076172,0.2653000056743622,0.1830739974975586,19.094999313354492,0.019999999552965164,0.8169999718666077,0.0010000000474974513,0.032749999314546585,0.4951480031013489,2.2100000381469727,0.9300000071525574,791.0040283203125,0.4606800079345703,1.1268600225448608,0.5889999866485596,0.5450000166893005,0.2665160000324249,0.2466060072183609,1.0807299613952637,5.0,0.0,0.745714008808136,0.8579400181770325,20.32670021057129,0.2777000069618225,265.3845965,43.5647832,11.5728,26.15060043334961,1.686100040387828e-05,0.05386200174689293,-0.12873999774456024,3.492330142762512e-05,t17_f5_c3,ZTF20aaiggef
2458998.887963,3,1244387964815,20.30500030517578,/ztf/archive/sci/2020/0529/387963/ztf_20200529387963_000724_zi_c13_o_q1_scimrefdiffimg.fits.fz,Kulkarni,2,,,,1244,48,724,,,,,,,,,,,,,,,,,,,,,,,,,,,,,,,,,,,,26.096599578857422,1.2715499906335026e-06,0.020885400474071503,0.19077199697494507,9.4971401267685e-06,t17_f5_c3,ZTF20aaiggef
2458998.9065278,3,1244406524815,20.369400024414062,/ztf/archive/sci/2020/0529/406481/ztf_20200529406481_000724_zi_c13_o_q1_scimrefdiffimg.fits.fz,Kulkarni,2,,,,1244,48,724,,,,,,,,,,,,,,,,,,,,,,,,,,,,,,,,,,,,26.098499298095703,1.4635800198448123e-06,0.02247289940714836,0.18672999739646912,1.0864599971682765e-05,t17_f5_c3,ZTF20aaiggef
2458998.7210185,1,1244221014815,20.40839958190918,/ztf/archive/sci/2020/0529/221019/ztf_20200529221019_000724_zg_c13_o_q1_scimrefdiffimg.fits.fz,Kulkarni,2,1.24422101481501e+18,f,4.0,1244,48,724,2315.77001953125,2156.760009765625,265.3845471,43.5647841,20.062000274658203,0.17799699306488037,1.4552199840545654,20.32830047607422,0.36160001158714294,0.12763799726963043,19.094999313354492,0.019999999552965164,0.8169999718666077,0.0010000000474974513,-0.20007500052452087,0.26628100872039795,2.25,0.902999997138977,756.7319946289062,0.08012600243091583,1.1247199773788452,0.7450000047683716,0.6430000066757202,0.33111101388931274,0.2857779860496521,1.1586300134658813,4.0,0.0,0.9571430087089539,1.0,20.37350082397461,0.48240000009536743,265.3845965,43.5647832,9.37244,26.06999969482422,8.462920050078537e-06,0.03800579905509949,-0.07559800148010254,1.758339931257069e-05,t17_f5_c3,ZTF20aaiggef
2458998.8097106,2,1244309714815,20.59000015258789,/ztf/archive/sci/2020/0529/309456/ztf_20200529309456_000724_zr_c13_o_q1_scimrefdiffimg.fits.fz,TESS,1,1.24430971481501e+18,f,10.0,1244,48,724,2326.6298828125,2213.64990234375,265.3847143,43.5647789,20.432600021362305,0.31335699558258057,2.05580997467041,20.858400344848633,0.5274999737739563,0.2979010045528412,18.836000442504883,0.024000000208616257,1.2430000305175781,0.09099999815225601,-0.25942400097846985,0.42576301097869873,1.209149956703186,0.9539999961853027,745.8699951171875,-0.26840299367904663,2.0,0.503000020980835,0.49399998784065247,0.41599300503730774,0.4085499942302704,1.0182199478149414,12.0,0.0,0.7928569912910461,0.634598970413208,20.605600357055664,0.53329998254776,265.3845988,43.5647835,6.59779,26.051599502563477,4.739400083053624e-06,0.02828020043671131,0.07024410367012024,9.672599844634533e-06,t17_f5_c3,ZTF20aaiggef
2458998.8106481,2,1244310644815,20.586999893188477,/ztf/archive/sci/2020/0529/310637/ztf_20200529310637_000724_zr_c13_o_q1_scimrefdiffimg.fits.fz,Kulkarni,2,1.24431064481501e+18,f,8.0,1244,48,724,2325.4599609375,2214.139892578125,265.3846004,43.5648096,20.18320083618164,0.20650699734687805,1.8360199928283691,19.993600845336914,0.23810000717639923,0.08646500110626221,18.836000442504883,0.024000000208616257,1.2430000305175781,0.09099999815225601,-0.32500699162483215,-0.18957099318504333,2.5299999713897705,0.7680000066757202,747.0380249023438,0.5934339761734009,0.9599739909172058,0.6079999804496765,0.550000011920929,0.2403160035610199,0.2173909991979599,1.1054600477218628,8.0,0.0,0.9071429967880249,0.8080769777297974,20.051599502563477,0.32010000944137573,265.3845988,43.5647835,6.6008,26.060199737548828,4.868849828199018e-06,0.028681699186563492,0.06393499672412872,9.91890010482166e-06,t17_f5_c3,ZTF20aaiggef
2458998.8265509,2,1244326556115,20.623899459838867,/ztf/archive/sci/2020/0529/326551/ztf_20200529326551_000725_zr_c16_o_q2_scimrefdiffimg.fits.fz,TESS,1,1.24432655611501e+18,f,15.0,1244,61,725,1650.5,2237.22998046875,265.3846428,43.5647019,20.450000762939453,0.23680199682712555,0.9538769721984863,20.838499069213867,0.49810001254081726,0.23322899639606476,18.86199951171875,0.024000000208616257,1.2319999933242798,0.08299999684095383,-0.03376099839806557,0.38852399587631226,1.2143700122833252,0.8159999847412109,843.2730102539062,-0.21458299458026886,2.0,0.7599999904632568,0.6269999742507935,0.6258410215377808,0.5163189768791199,1.2121200561523438,5.0,0.0,0.9357140064239502,0.9735130071640015,20.286699295043945,0.3831000030040741,265.3846149,43.5647656,6.5759,26.035999298095703,3.161550012009684e-06,0.022248700261116028,0.08256950229406357,6.3520001276629046e-06,t17_f5_c3,ZTF20aaiggef
2458998.871713,1,1244371714815,20.99839973449707,/ztf/archive/sci/2020/0529/371713/ztf_20200529371713_000724_zg_c13_o_q1_scimrefdiffimg.fits.fz,TESS,1,1.24437171481501e+18,f,29.0,1244,48,724,2281.5,2224.27001953125,265.3846671,43.564789,20.042600631713867,0.19434300065040588,2.7909700870513916,20.537700653076172,0.2653000056743622,0.1830739974975586,19.094999313354492,0.019999999552965164,0.8169999718666077,0.0010000000474974513,0.032749999314546585,0.4951480031013489,2.2100000381469727,0.9300000071525574,791.0040283203125,0.4606800079345703,1.1268600225448608,0.5889999866485596,0.5450000166893005,0.2665160000324249,0.2466060072183609,1.0807299613952637,5.0,0.0,0.745714008808136,0.8579400181770325,20.32670021057129,0.2777000069618225,265.3845965,43.5647832,11.5728,26.15060043334961,1.686100040387828e-05,0.05386200174689293,-0.12873999774456024,3.492330142762512e-05,t17_f5_c3,ZTF20aaiggef
2458998.9461921,1,1244446194815,20.967500686645508,/ztf/archive/sci/2020/0529/446181/ztf_20200529446181_000724_zg_c13_o_q1_scimrefdiffimg.fits.fz,Kulkarni,2,1.24444619481501e+18,f,25.0,1244,48,724,2275.110107421875,2219.929931640625,265.3847032,43.5647794,20.098499298095703,0.13945899903774261,1.6464099884033203,20.29199981689453,0.21690000593662262,0.2750680148601532,19.094999313354492,0.019999999552965164,0.8169999718666077,0.0010000000474974513,-0.03698499873280525,0.1934950053691864,2.119999885559082,0.8889999985694885,797.3870239257812,0.6754530072212219,1.1806600093841553,0.6430000066757202,0.6169999837875366,0.30330199003219604,0.29103800654411316,1.042140007019043,1.0,0.0,0.9314290285110474,1.0,20.068700790405273,0.22439999878406525,265.3845965,43.5647832,10.1777,26.13949966430664,1.6071999198175035e-05,0.052467700093984604,-0.13122199475765228,3.328599996166304e-05,t17_f5_c3,ZTF20aaiggef
2458999.6985417,1,1245198544815,19.774999618530273,/ztf/archive/sci/2020/0530/198542/ztf_20200530198542_000724_zg_c13_o_q1_scimrefdiffimg.fits.fz,Kulkarni,2,,,,1245,48,724,,,,,,,,,,,,,,,,,,,,,,,,,,,,,,,,,,,,26.048099517822266,1.1455799722170923e-05,0.03999970108270645,-0.02238520048558712,2.8194499464007095e-05,t17_f5_c3,ZTF20aaiggef
2458999.8309375,2,1245330934815,20.317100524902344,/ztf/archive/sci/2020/0530/330891/ztf_20200530330891_000724_zr_c13_o_q1_scimrefdiffimg.fits.fz,Kulkarni,2,1.24533093481501e+18,0,12.0,1245,48,724,2309.139892578125,2195.080078125,265.3846432,43.5648224,20.381000518798828,0.21161499619483948,0.6576809883117676,20.642099380493164,0.4675999879837036,0.17964699864387512,18.836000442504883,0.024000000208616257,1.2430000305175781,0.09099999815225601,0.20899100601673126,0.2611269950866699,2.3499999046325684,0.44999998807907104,763.364990234375,-0.32503700256347656,1.2155400514602661,0.8629999756813049,0.7680000066757202,0.3672339916229248,0.32680898904800415,1.1237000226974487,6.0,0.0,0.9385709762573242,0.8809599876403809,20.722000122070312,0.6431000232696533,265.3845988,43.5647835,5.19677,26.065000534057617,6.069290066079702e-06,0.03224259987473488,0.06826990097761154,1.2379299732856452e-05,t17_f5_c3,ZTF20aaiggef
2458999.8454514,2,1245345454815,20.490299224853516,/ztf/archive/sci/2020/0530/345440/ztf_20200530345440_000724_zr_c13_o_q1_scimrefdiffimg.fits.fz,Kulkarni,2,1.24534545481501e+18,0,12.0,1245,48,724,2292.4599609375,2195.8798828125,265.3847249,43.5647192,19.992900848388672,0.2038780003786087,1.1195199489593506,20.06679916381836,0.25850000977516174,0.3830009996891022,18.836000442504883,0.024000000208616257,1.2430000305175781,0.09099999815225601,-0.2970240116119385,0.07391700148582458,2.450000047683716,0.8550000190734863,780.0390014648438,0.42352500557899475,1.0659899711608887,0.7160000205039978,0.6129999756813049,0.2922450006008148,0.2502039968967438,1.168030023574829,7.0,0.0,0.9642860293388367,0.9633520245552063,20.1481990814209,0.35530000925064087,265.3845988,43.5647835,9.33277,26.05590057373047,5.847849934070837e-06,0.03158180043101311,0.06735730171203613,1.198110021505272e-05,t17_f5_c3,ZTF20aaiggef
2458999.8463773,2,1245346374815,20.43709945678711,/ztf/archive/sci/2020/0530/346377/ztf_20200530346377_000724_zr_c13_o_q1_scimrefdiffimg.fits.fz,TESS,1,1.24534637481501e+18,0,15.0,1245,48,724,2293.030029296875,2195.929931640625,265.3846378,43.5648273,20.024900436401367,0.14830100536346436,0.7532399892807007,19.996700286865234,0.24469999969005585,0.18516400456428528,18.836000442504883,0.024000000208616257,1.2430000305175781,0.09099999815225601,-0.16600699722766876,-0.028202999383211136,1.8600000143051147,0.7160000205039978,779.4719848632812,0.44038400053977966,1.4564499855041504,0.8040000200271606,0.7269999980926514,0.4322580099105835,0.390859991312027,1.1059099435806274,3.0,0.0,0.9685710072517395,1.0,20.060100555419922,0.3310000002384186,265.3845988,43.5647835,6.68939,26.065900802612305,5.623719971481478e-06,0.030871400609612465,0.06355559825897217,1.1513499885040801e-05,t17_f5_c3,ZTF20aaiggef
2458999.8468519,2,1245346856115,20.482900619506836,/ztf/archive/sci/2020/0530/346852/ztf_20200530346852_000725_zr_c16_o_q2_scimrefdiffimg.fits.fz,TESS,1,,,,1245,61,725,,,,,,,,,,,,,,,,,,,,,,,,,,,,,,,,,,,,26.050100326538086,2.9880800411774544e-06,0.021784599870443344,0.08810610324144363,6.006319836160401e-06,t17_f5_c3,ZTF20aaiggef
2458999.8684954,3,1245368494815,20.231300354003906,/ztf/archive/sci/2020/0530/368484/ztf_20200530368484_000724_zi_c13_o_q1_scimrefdiffimg.fits.fz,Kulkarni,2,1.24536849481501e+18,0,14.0,1245,48,724,2273.860107421875,2205.47998046875,265.3844549,43.5648,20.271400451660156,0.22381800413131714,1.1519099473953247,20.637100219726562,0.6036999821662903,0.3570390045642853,18.83799934387207,0.054999999701976776,2.3480000495910645,0.2759999930858612,2.332900047302246,0.3656710088253021,2.3499999046325684,0.9070000052452087,798.6439819335938,-0.40582001209259033,1.0054600238800049,0.8230000138282776,0.7300000190734863,0.3502129912376404,0.3106380105018616,1.1274000406265259,5.0,0.0,0.7828570008277893,0.793910026550293,20.547399520874023,0.7124000191688538,265.38459,43.5647752,6.4439,26.11039924621582,1.0196199582424015e-06,0.018813500180840492,0.19580799341201782,7.431070116581395e-06,t17_f5_c3,ZTF20aaiggef
2458999.885787,3,1245385784815,20.024999618530273,/ztf/archive/sci/2020/0530/385787/ztf_20200530385787_000724_zi_c13_o_q1_scimrefdiffimg.fits.fz,Kulkarni,2,,,,1245,48,724,,,,,,,,,,,,,,,,,,,,,,,,,,,,,,,,,,,,26.09600067138672,1.2906699566883617e-06,0.02125380001962185,0.19463999569416046,9.442659575142898e-06,t17_f5_c3,ZTF20aaiggef
2458999.9033681,1,1245403364815,20.452899932861328,/ztf/archive/sci/2020/0530/403356/ztf_20200530403356_000724_zg_c13_o_q1_scimrefdiffimg.fits.fz,TESS,1,1.24540336481501e+18,0,13.0,1245,48,724,2288.169921875,2206.8798828125,265.384789,43.564833,20.238500595092773,0.2715489864349365,1.5547200441360474,20.06760025024414,0.19869999587535858,0.5262529850006104,19.094999313354492,0.019999999552965164,0.8169999718666077,0.0010000000474974513,0.3238910138607025,-0.17087200284004211,3.799999952316284,0.5429999828338623,784.3259887695312,0.3853229880332947,0.9305830001831055,1.3919999599456787,1.3609999418258667,0.3663159906864166,0.3581579923629761,1.022779941558838,5.0,0.0,0.504285991191864,0.9087560176849365,19.839000701904297,0.20499999821186066,265.3845965,43.5647832,7.47463,26.122499465942383,1.5783600247232243e-05,0.05086750164628029,-0.08826889842748642,3.383219882380217e-05,t17_f5_c3,ZTF20aaiggef
2458999.903831,1,1245403836115,20.47439956665039,/ztf/archive/sci/2020/0530/403831/ztf_20200530403831_000725_zg_c16_o_q2_scimrefdiffimg.fits.fz,TESS,1,1.24540383611501e+18,0,9.0,1245,61,725,1619.56005859375,2229.969970703125,265.3845037,43.5646851,20.409700393676758,0.2608869969844818,1.1343899965286255,20.613100051879883,0.33880001306533813,0.3858430087566376,19.097000122070312,0.03200000151991844,1.7740000486373901,0.03099999949336052,0.3758710026741028,0.20335499942302704,3.0299999713897705,0.5040000081062317,850.5339965820312,-0.13869699835777283,1.1003199815750122,0.8569999933242798,0.7599999904632568,0.28283798694610596,0.2508249878883362,1.1276299953460693,6.0,0.0,0.8985710144042969,0.9267609715461731,20.40169906616211,0.3562000095844269,265.384619,43.5647603,7.40823,26.138700485229492,6.205350018717581e-06,0.031252700835466385,-0.057141099125146866,1.2746600077662151e-05,t17_f5_c3,ZTF20aaiggef
2458999.8463773,2,1245346374815,20.43709945678711,/ztf/archive/sci/2020/0530/346377/ztf_20200530346377_000724_zr_c13_o_q1_scimrefdiffimg.fits.fz,TESS,1,1.24534637481501e+18,f,15.0,1245,48,724,2293.030029296875,2195.929931640625,265.3846378,43.5648273,20.024900436401367,0.14830100536346436,0.7532399892807007,19.996700286865234,0.24469999969005585,0.18516400456428528,18.836000442504883,0.024000000208616257,1.2430000305175781,0.09099999815225601,-0.16600699722766876,-0.028202999383211136,1.8600000143051147,0.7160000205039978,779.4719848632812,0.44038400053977966,1.4564499855041504,0.8040000200271606,0.7269999980926514,0.4322580099105835,0.390859991312027,1.1059099435806274,3.0,0.0,0.9685710072517395,1.0,20.060100555419922,0.3310000002384186,265.3845988,43.5647835,6.68939,26.065900802612305,5.623719971481478e-06,0.030871400609612465,0.06355559825897217,1.1513499885040801e-05,t17_f5_c3,ZTF20aaiggef
2458999.9033681,1,1245403364815,20.452899932861328,/ztf/archive/sci/2020/0530/403356/ztf_20200530403356_000724_zg_c13_o_q1_scimrefdiffimg.fits.fz,TESS,1,1.24540336481501e+18,f,13.0,1245,48,724,2288.169921875,2206.8798828125,265.384789,43.564833,20.238500595092773,0.2715489864349365,1.5547200441360474,20.06760025024414,0.19869999587535858,0.5262529850006104,19.094999313354492,0.019999999552965164,0.8169999718666077,0.0010000000474974513,0.3238910138607025,-0.17087200284004211,3.799999952316284,0.5429999828338623,784.3259887695312,0.3853229880332947,0.9305830001831055,1.3919999599456787,1.3609999418258667,0.3663159906864166,0.3581579923629761,1.022779941558838,5.0,0.0,0.504285991191864,0.9087560176849365,19.839000701904297,0.20499999821186066,265.3845965,43.5647832,7.47463,26.122499465942383,1.5783600247232243e-05,0.05086750164628029,-0.08826889842748642,3.383219882380217e-05,t17_f5_c3,ZTF20aaiggef
2458999.903831,1,1245403836115,20.47439956665039,/ztf/archive/sci/2020/0530/403831/ztf_20200530403831_000725_zg_c16_o_q2_scimrefdiffimg.fits.fz,TESS,1,1.24540383611501e+18,f,9.0,1245,61,725,1619.56005859375,2229.969970703125,265.3845037,43.5646851,20.409700393676758,0.2608869969844818,1.1343899965286255,20.613100051879883,0.33880001306533813,0.3858430087566376,19.097000122070312,0.03200000151991844,1.7740000486373901,0.03099999949336052,0.3758710026741028,0.20335499942302704,3.0299999713897705,0.5040000081062317,850.5339965820312,-0.13869699835777283,1.1003199815750122,0.8569999933242798,0.7599999904632568,0.28283798694610596,0.2508249878883362,1.1276299953460693,6.0,0.0,0.8985710144042969,0.9267609715461731,20.40169906616211,0.3562000095844269,265.384619,43.5647603,7.40823,26.138700485229492,6.205350018717581e-06,0.031252700835466385,-0.057141099125146866,1.2746600077662151e-05,t17_f5_c3,ZTF20aaiggef
2459000.8005324,1,1246300534815,20.008399963378906,/ztf/archive/sci/2020/0531/300532/ztf_20200531300532_000724_zg_c13_o_q1_scimrefdiffimg.fits.fz,Kulkarni,1,1.24630053481501e+18,f,5.0,1246,48,724,2301.659912109375,2209.340087890625,265.384584,43.564772,20.024200439453125,0.3058049976825714,1.0346699953079224,20.333900451660156,0.4487999975681305,0.046174000948667526,19.094999313354492,0.019999999552965164,0.8169999718666077,0.0010000000474974513,0.057068999856710434,0.3096520006656647,1.4707399606704712,0.734000027179718,770.8380126953125,-0.3255369961261749,2.0,0.753000020980835,0.6850000023841858,0.5119860172271729,0.4657509922981262,1.099269986152649,5.0,0.0,0.9414290189743042,0.8917220234870911,20.74169921875,0.8373000025749207,265.3845965,43.5647832,6.28914,26.13719940185547,8.689209607837256e-06,0.03686629980802536,-0.039782099425792694,1.9553699530661106e-05,t17_f5_c3,ZTF20aaiggef
2459000.8085995,1,1246308596115,19.52400016784668,/ztf/archive/sci/2020/0531/308588/ztf_20200531308588_000725_zg_c16_o_q2_scimrefdiffimg.fits.fz,Kulkarni,1,,,,1246,61,725,,,,,,,,,,,,,,,,,,,,,,,,,,,,,,,,,,,,25.712099075317383,1.4725799701409414e-05,0.042286600917577744,-0.037622399628162384,3.7272999179549515e-05,t17_f5_c3,ZTF20aaiggef
2459000.8843403,2,1246384346115,17.40920066833496,/ztf/archive/sci/2020/0531/384340/ztf_20200531384340_000725_zr_c16_o_q2_scimrefdiffimg.fits.fz,TESS,1,,,,1246,61,725,,,,,,,,,,,,,,,,,,,,,,,,,,,,,,,,,,,,23.65489959716797,5.570079883909784e-05,0.0497015006840229,0.0927174985408783,0.00014600199938286096,t17_f5_c3,ZTF20aaiggef
2459000.8871875,2,1246387184815,18.46269989013672,/ztf/archive/sci/2020/0531/387153/ztf_20200531387153_000724_zr_c13_o_q1_scimrefdiffimg.fits.fz,TESS,1,,,,1246,48,724,,,,,,,,,,,,,,,,,,,,,,,,,,,,,,,,,,,,24.541200637817383,1.2781400073436089e-05,0.041237298399209976,0.07857909798622131,2.719810072449036e-05,t17_f5_c3,ZTF20aaiggef
2459000.9125116,1,1246412514815,19.989500045776367,/ztf/archive/sci/2020/0531/412512/ztf_20200531412512_000724_zg_c13_o_q1_scimrefdiffimg.fits.fz,TESS,1,,,,1246,48,724,,,,,,,,,,,,,,,,,,,,,,,,,,,,,,,,,,,,25.5408992767334,1.2714100193988997e-05,0.044978901743888855,-0.07849209755659103,2.80758995359065e-05,t17_f5_c3,ZTF20aaiggef
2459000.9232986,1,1246423296115,18.18709945678711,/ztf/archive/sci/2020/0531/423287/ztf_20200531423287_000725_zg_c16_o_q2_scimrefdiffimg.fits.fz,TESS,1,,,,1246,61,725,,,,,,,,,,,,,,,,,,,,,,,,,,,,,,,,,,,,24.11400032043457,8.142000297084451e-05,0.06157249957323074,-0.041727401316165924,0.0002649870002642274,t17_f5_c3,ZTF20aaiggef
2459001.7788542,2,1247278854815,20.06719970703125,/ztf/archive/sci/2020/0601/278854/ztf_20200601278854_000724_zr_c13_o_q1_scimrefdiffimg.fits.fz,TESS,1,1.24727885481501e+18,f,12.0,1247,48,724,2295.679931640625,2199.3701171875,265.3846034,43.5647509,20.2992000579834,0.3416830003261566,0.9772440195083618,20.297700881958008,0.4927000105381012,0.1120619997382164,18.836000442504883,0.024000000208616257,1.2430000305175781,0.09099999815225601,-0.31110700964927673,-0.0015409999759867787,1.2285900115966797,0.7630000114440918,776.8159790039062,-0.23052699863910675,2.0,0.7009999752044678,0.46700000762939453,0.5705749988555908,0.3801119923591614,1.5010700225830078,7.0,0.0,0.8314290046691895,0.9400969743728638,20.259700775146484,0.6097000241279602,265.3845988,43.5647835,5.7966,26.061199188232422,2.820750069076894e-06,0.02184779942035675,0.07569369673728943,5.80275991524104e-06,t17_f5_c3,ZTF20aaiggef
2459001.9146759,1,1247414676115,20.604999542236328,/ztf/archive/sci/2020/0601/414676/ztf_20200601414676_000725_zg_c16_o_q2_scimrefdiffimg.fits.fz,TESS,1,1.24741467611501e+18,f,8.0,1247,61,725,1613.22998046875,2244.5,265.384429,43.5647515,20.40570068359375,0.24433499574661255,1.1898000240325928,20.457799911499023,0.33489999175071716,0.49024900794029236,19.097000122070312,0.03200000151991844,1.7740000486373901,0.03099999949336052,-0.08665899932384491,0.05214599892497063,1.2912399768829346,0.6700000166893005,836.0040283203125,0.1472100019454956,2.0,0.7929999828338623,0.6660000085830688,0.6141359806060791,0.5157819986343384,1.190690040588379,6.0,0.0,0.9371430277824402,0.8598750233650208,20.569499969482422,0.47450000047683716,265.384619,43.5647603,7.80977,26.134700775146484,4.73316003990476e-06,0.02751680091023445,-0.06476590037345886,9.512859833193943e-06,t17_f5_c3,ZTF20aaiggef
2459001.9151389,1,1247415134815,20.67259979248047,/ztf/archive/sci/2020/0601/415139/ztf_20200601415139_000724_zg_c13_o_q1_scimrefdiffimg.fits.fz,TESS,1,1.24741513481501e+18,f,5.0,1247,48,724,2283.3798828125,2220.2900390625,265.3846885,43.5647909,20.209800720214844,0.2414720058441162,1.556190013885498,20.018800735473633,0.2184000015258789,0.23832200467586517,19.094999313354492,0.019999999552965164,0.8169999718666077,0.0010000000474974513,-0.15266799926757812,-0.19098399579524994,1.7000000476837158,0.871999979019165,789.1220092773438,0.6537550091743469,1.4664100408554077,0.6600000262260437,0.5040000081062317,0.3882350027561188,0.2964709997177124,1.3095200061798096,7.0,0.0,0.9185709953308105,0.8215849995613098,20.465499877929688,0.4203999936580658,265.3845965,43.5647832,8.83362,26.150800704956055,8.796730071480852e-06,0.03875710070133209,-0.10729800164699554,1.8140499378205277e-05,t17_f5_c3,ZTF20aaiggef
2459001.9335648,2,1247433566115,20.438600540161133,/ztf/archive/sci/2020/0601/433565/ztf_20200601433565_000725_zr_c16_o_q2_scimrefdiffimg.fits.fz,TESS,1,1.24743356611501e+18,f,10.0,1247,61,725,1604.0799560546875,2266.14990234375,265.3845002,43.5647677,20.677099227905273,0.3129410147666931,0.9091240167617798,21.293800354003906,0.8845000267028809,0.29190298914909363,18.86199951171875,0.024000000208616257,1.2319999933242798,0.08299999684095383,-0.20789900422096252,0.6166830062866211,1.2324299812316895,0.6980000138282776,814.3519897460938,-0.8551520109176636,2.0,0.5590000152587891,0.5070000290870667,0.453574001789093,0.4113810062408447,1.102560043334961,12.0,0.0,0.7771430015563965,0.4911229908466339,20.935699462890625,0.8131999969482422,265.3846149,43.5647656,5.39659,26.01810073852539,2.762689973678789e-06,0.021143300458788872,0.08194729685783386,5.547759883484105e-06,t17_f5_c3,ZTF20aaiggef
2459003.7340278,2,1249234026115,17.22719955444336,/ztf/archive/sci/2020/0603/234028/ztf_20200603234028_000725_zr_c16_o_q2_scimrefdiffimg.fits.fz,TESS,1,,,,1249,61,725,,,,,,,,,,,,,,,,,,,,,,,,,,,,,,,,,,,,24.734899520874023,0.00039183400804176927,0.11904200166463852,0.04316620156168938,0.0010820799507200718,t17_f5_c3,ZTF20aaiggef
2459004.7237153,1,1250223714815,19.392900466918945,/ztf/archive/sci/2020/0604/223669/ztf_20200604223669_000724_zg_c13_o_q1_scimrefdiffimg.fits.fz,TESS,1,,,,1250,48,724,,,,,,,,,,,,,,,,,,,,,,,,,,,,,,,,,,,,26.105300903320312,1.1216599887120537e-05,0.03807780146598816,-0.021405799314379692,2.8752499929396436e-05,t17_f5_c3,ZTF20aaiggef
2459004.7846065,2,1250284604815,19.626800537109375,/ztf/archive/sci/2020/0604/284595/ztf_20200604284595_000724_zr_c13_o_q1_scimrefdiffimg.fits.fz,TESS,1,,,,1250,48,724,,,,,,,,,,,,,,,,,,,,,,,,,,,,,,,,,,,,26.094600677490234,3.815349828073522e-06,0.025372600182890892,0.07701879739761353,7.792619726387784e-06,t17_f5_c3,ZTF20aaiggef
2459004.7978009,2,1250297806115,19.73189926147461,/ztf/archive/sci/2020/0604/297801/ztf_20200604297801_000725_zr_c16_o_q2_scimrefdiffimg.fits.fz,TESS,1,,,,1250,61,725,,,,,,,,,,,,,,,,,,,,,,,,,,,,,,,,,,,,26.06369972229004,4.339110091677867e-06,0.026125900447368622,0.08342629671096802,8.753479960432742e-06,t17_f5_c3,ZTF20aaiggef
2459005.7153125,1,1251215316115,19.30780029296875,/ztf/archive/sci/2020/0605/215255/ztf_20200605215255_000725_zg_c16_o_q2_scimrefdiffimg.fits.fz,TESS,1,,,,1251,61,725,,,,,,,,,,,,,,,,,,,,,,,,,,,,,,,,,,,,26.09939956665039,1.4141600331640802e-05,0.03997109830379486,-0.03327770158648491,3.6870798794552684e-05,t17_f5_c3,ZTF20aaiggef
2459005.7229282,1,1251222924815,19.31410026550293,/ztf/archive/sci/2020/0605/222928/ztf_20200605222928_000724_zg_c13_o_q1_scimrefdiffimg.fits.fz,TESS,1,,,,1251,48,724,,,,,,,,,,,,,,,,,,,,,,,,,,,,,,,,,,,,26.134899139404297,1.3132100320945028e-05,0.040439099073410034,-0.01962600089609623,3.397310138097964e-05,t17_f5_c3,ZTF20aaiggef
2459005.7841204,2,1251284124815,18.19529914855957,/ztf/archive/sci/2020/0605/284120/ztf_20200605284120_000724_zr_c13_o_q1_scimrefdiffimg.fits.fz,TESS,1,,,,1251,48,724,,,,,,,,,,,,,,,,,,,,,,,,,,,,,,,,,,,,25.595699310302734,4.089439971721731e-05,0.07132620364427567,0.08542980253696442,8.772720320848748e-05,t17_f5_c3,ZTF20aaiggef
2459005.7981366,2,1251298136115,17.712099075317383,/ztf/archive/sci/2020/0605/298067/ztf_20200605298067_000725_zr_c16_o_q2_scimrefdiffimg.fits.fz,TESS,1,,,,1251,61,725,,,,,,,,,,,,,,,,,,,,,,,,,,,,,,,,,,,,25.06209945678711,0.00016010399849619716,0.1015470027923584,0.1077750027179718,0.00037138801417313516,t17_f5_c3,ZTF20aaiggef
2459005.852338,2,1251352334815,15.772199630737305,/ztf/archive/sci/2020/0605/352338/ztf_20200605352338_000724_zr_c13_o_q1_scimrefdiffimg.fits.fz,Kulkarni,1,,,,1251,48,724,,,,,,,,,,,,,,,,,,,,,,,,,,,,,,,,,,,,23.662900924682617,0.5766469836235046,0.07336410135030746,-0.3971779942512512,1.3564200401306152,t17_f5_c3,ZTF20aaiggef
2459008.8117824,1,1254311786115,19.787900924682617,/ztf/archive/sci/2020/0608/311782/ztf_20200608311782_000725_zg_c16_o_q2_scimrefdiffimg.fits.fz,TESS,1,,,,1254,61,725,,,,,,,,,,,,,,,,,,,,,,,,,,,,,,,,,,,,26.195600509643555,9.882839549391065e-06,0.03762109950184822,-0.043387800455093384,2.237270018667914e-05,t17_f5_c3,ZTF20aaiggef
2459008.8122454,1,1254312244815,19.813899993896484,/ztf/archive/sci/2020/0608/312245/ztf_20200608312245_000724_zg_c13_o_q1_scimrefdiffimg.fits.fz,TESS,1,,,,1254,48,724,,,,,,,,,,,,,,,,,,,,,,,,,,,,,,,,,,,,26.221799850463867,8.125890417431947e-06,0.035245198756456375,-0.05021139979362488,1.8999700841959566e-05,t17_f5_c3,ZTF20aaiggef
2459008.8416782,2,1254341676115,19.868000030517578,/ztf/archive/sci/2020/0608/341655/ztf_20200608341655_000725_zr_c16_o_q2_scimrefdiffimg.fits.fz,TESS,1,,,,1254,61,725,,,,,,,,,,,,,,,,,,,,,,,,,,,,,,,,,,,,26.099300384521484,4.5626002247445285e-06,0.027116600424051285,0.08859310299158096,9.142009730567224e-06,t17_f5_c3,ZTF20aaiggef
2459009.7264236,2,1255226424815,19.878999710083008,/ztf/archive/sci/2020/0609/226412/ztf_20200609226412_000724_zr_c13_o_q1_scimrefdiffimg.fits.fz,TESS,1,,,,1255,48,724,,,,,,,,,,,,,,,,,,,,,,,,,,,,,,,,,,,,26.08989906311035,8.253029591287486e-06,0.03751939907670021,0.07299529761075974,1.685939969320316e-05,t17_f5_c3,ZTF20aaiggef
2459009.7857292,1,1255285726115,19.92140007019043,/ztf/archive/sci/2020/0609/285729/ztf_20200609285729_000725_zg_c16_o_q2_scimrefdiffimg.fits.fz,TESS,1,,,,1255,61,725,,,,,,,,,,,,,,,,,,,,,,,,,,,,,,,,,,,,26.19420051574707,9.904510079650208e-06,0.03737249970436096,-0.038982998579740524,2.2830099624115974e-05,t17_f5_c3,ZTF20aaiggef
2459009.8650926,2,1255365096115,20.060699462890625,/ztf/archive/sci/2020/0609/365093/ztf_20200609365093_000725_zr_c16_o_q2_scimrefdiffimg.fits.fz,TESS,1,,,,1255,61,725,,,,,,,,,,,,,,,,,,,,,,,,,,,,,,,,,,,,26.102699279785156,3.671669901450514e-06,0.024258099496364594,0.0908086970448494,7.384409855148988e-06,t17_f5_c3,ZTF20aaiggef
2459011.7801736,1,1257280176115,20.567699432373047,/ztf/archive/sci/2020/0611/280174/ztf_20200611280174_000725_zg_c16_o_q2_scimrefdiffimg.fits.fz,TESS,1,,,,1257,61,725,,,,,,,,,,,,,,,,,,,,,,,,,,,,,,,,,,,,26.041400909423828,6.355509867717046e-06,0.031696200370788574,-0.06374190002679825,1.281020013266243e-05,t17_f5_c3,ZTF20aaiggef
2459011.7806481,1,1257280644815,20.736299514770508,/ztf/archive/sci/2020/0611/280648/ztf_20200611280648_000724_zg_c13_o_q1_scimrefdiffimg.fits.fz,TESS,1,,,,1257,48,724,,,,,,,,,,,,,,,,,,,,,,,,,,,,,,,,,,,,26.039499282836914,1.4339399967866484e-05,0.04959709942340851,-0.1040010005235672,2.9304399504326284e-05,t17_f5_c3,ZTF20aaiggef
2459011.8234491,2,1257323446115,20.28420066833496,/ztf/archive/sci/2020/0611/323437/ztf_20200611323437_000725_zr_c16_o_q2_scimrefdiffimg.fits.fz,TESS,1,,,,1257,61,725,,,,,,,,,,,,,,,,,,,,,,,,,,,,,,,,,,,,25.962200164794922,3.858110176224727e-06,0.02465900033712387,0.09083720296621323,7.793600161676295e-06,t17_f5_c3,ZTF20aaiggef
2459011.8243981,2,1257324394815,20.291900634765625,/ztf/archive/sci/2020/0611/324387/ztf_20200611324387_000724_zr_c13_o_q1_scimrefdiffimg.fits.fz,TESS,1,,,,1257,48,724,,,,,,,,,,,,,,,,,,,,,,,,,,,,,,,,,,,,25.98550033569336,3.8081000184320146e-06,0.025544900447130203,0.07772979885339737,7.756319973850623e-06,t17_f5_c3,ZTF20aaiggef
2459012.7704167,2,1258270414815,20.601699829101562,/ztf/archive/sci/2020/0612/270336/ztf_20200612270336_000724_zr_c13_o_q1_scimrefdiffimg.fits.fz,TESS,1,,,,1258,48,724,,,,,,,,,,,,,,,,,,,,,,,,,,,,,,,,,,,,26.123600006103516,5.3318299251259305e-06,0.030212799087166786,0.06486260145902634,1.09350003185682e-05,t17_f5_c3,ZTF20aaiggef
2459012.7776968,2,1258277696115,20.666099548339844,/ztf/archive/sci/2020/0612/277697/ztf_20200612277697_000725_zr_c16_o_q2_scimrefdiffimg.fits.fz,TESS,1,1.25827769611501e+18,f,13.0,1258,61,725,1634.75,2240.43994140625,265.3845284,43.564739,20.74920082092285,0.3148750066757202,1.1869699954986572,20.705400466918945,0.4223000109195709,0.23740799725055695,18.86199951171875,0.024000000208616257,1.2319999933242798,0.08299999684095383,-0.4307880103588104,-0.043783999979496,1.2298699617385864,0.6019999980926514,840.0579833984375,-0.03933800011873245,2.0,0.7009999752044678,0.5149999856948853,0.5699790120124817,0.4187439978122711,1.3611700534820557,10.0,0.0,0.8685709834098816,0.5212560296058655,20.510900497436523,0.4499000012874603,265.3846149,43.5647656,5.51763,26.100200653076172,2.9403900043689646e-06,0.021491700783371925,0.08487760275602341,5.957529992883792e-06,t17_f5_c3,ZTF20aaiggef
2459012.8089699,1,1258308964815,20.941499710083008,/ztf/archive/sci/2020/0612/308970/ztf_20200612308970_000724_zg_c13_o_q1_scimrefdiffimg.fits.fz,TESS,1,1.25830896481501e+18,f,10.0,1258,48,724,2281.409912109375,2224.820068359375,265.3846702,43.5648196,20.32539939880371,0.23862899839878082,2.367690086364746,20.313800811767578,0.2224999964237213,0.2308640033006668,19.094999313354492,0.019999999552965164,0.8169999718666077,0.0010000000474974513,-0.24524599313735962,-0.011586000211536884,1.9199999570846558,0.9139999747276306,791.093994140625,0.6277490258216858,1.3219200372695923,0.5120000243186951,0.46299999952316284,0.2666670083999634,0.2411459982395172,1.1058299541473389,7.0,0.0,0.8242859840393066,0.8099179863929749,20.117799758911133,0.2363000065088272,265.3845965,43.5647832,8.14437,26.225400924682617,1.3162100003683008e-05,0.0474696010351181,-0.12665000557899475,2.7126099666929804e-05,t17_f5_c3,ZTF20aaiggef
2459012.8212731,1,1258321276115,20.79669952392578,/ztf/archive/sci/2020/0612/321250/ztf_20200612321250_000725_zg_c16_o_q2_scimrefdiffimg.fits.fz,TESS,1,1.25832127611501e+18,f,6.0,1258,61,725,1646.2099609375,2248.949951171875,265.3844514,43.5647053,20.4601993560791,0.2530669867992401,1.5362099409103394,20.44339942932129,0.26919999718666077,0.45505398511886597,19.097000122070312,0.03200000151991844,1.7740000486373901,0.03099999949336052,0.213360995054245,-0.016767000779509544,4.539999961853027,0.8309999704360962,831.5490112304688,0.35332000255584717,0.5915390253067017,0.9760000109672546,0.6899999976158142,0.21497799456119537,0.15198199450969696,1.414489984512329,3.0,0.0,0.7628570199012756,0.9819930195808411,20.111400604248047,0.25270000100135803,265.384619,43.5647603,8.67962,26.204200744628906,4.758900104206987e-06,0.02747200056910515,-0.05303749814629555,9.663040145824198e-06,t17_f5_c3,ZTF20aaiggef
2459013.8378704,2,1259337876115,20.582599639892578,/ztf/archive/sci/2020/0613/337870/ztf_20200613337870_000725_zr_c16_o_q2_scimrefdiffimg.fits.fz,TESS,1,,,,1259,61,725,,,,,,,,,,,,,,,,,,,,,,,,,,,,,,,,,,,,26.094900131225586,2.835909981513396e-06,0.021239399909973145,0.09101659804582596,5.677669832948595e-06,t17_f5_c3,ZTF20aaiggef
2459014.7625116,2,1260262514815,20.445499420166016,/ztf/archive/sci/2020/0614/262512/ztf_20200614262512_000724_zr_c13_o_q1_scimrefdiffimg.fits.fz,TESS,1,,,,1260,48,724,,,,,,,,,,,,,,,,,,,,,,,,,,,,,,,,,,,,26.111000061035156,4.760569936479442e-06,0.0285692997276783,0.06850820034742355,9.799049621506128e-06,t17_f5_c3,ZTF20aaiggef
2459014.7629861,2,1260262986115,20.495800018310547,/ztf/archive/sci/2020/0614/262986/ztf_20200614262986_000725_zr_c16_o_q2_scimrefdiffimg.fits.fz,TESS,1,,,,1260,61,725,,,,,,,,,,,,,,,,,,,,,,,,,,,,,,,,,,,,26.09269905090332,2.6978400455845986e-06,0.020665999501943588,0.07836270332336426,5.418320142780431e-06,t17_f5_c3,ZTF20aaiggef
2459014.8424884,1,1260342484815,20.890499114990234,/ztf/archive/sci/2020/0614/342442/ztf_20200614342442_000724_zg_c13_o_q1_scimrefdiffimg.fits.fz,TESS,1,1.26034248481501e+18,f,17.0,1260,48,724,2267.989990234375,2252.97998046875,265.3846638,43.564793,20.423599243164062,0.22912399470806122,1.7962299585342407,21.202800750732422,0.5322999954223633,0.17883500456809998,19.094999313354492,0.019999999552965164,0.8169999718666077,0.0010000000474974513,-0.19958099722862244,0.7792189717292786,1.5800000429153442,0.8270000219345093,804.5089721679688,-0.31231001019477844,1.5889699459075928,0.43799999356269836,0.4050000011920929,0.27721500396728516,0.2563289999961853,1.0814800262451172,9.0,0.0,0.745714008808136,0.786113977432251,20.6835994720459,0.42089998722076416,265.3845965,43.5647832,8.24408,26.2096004486084,1.0818699593073688e-05,0.043143898248672485,-0.11107700318098068,2.2309199266601354e-05,t17_f5_c3,ZTF20aaiggef
2459014.8472222,1,1260347226115,20.742900848388672,/ztf/archive/sci/2020/0614/347211/ztf_20200614347211_000725_zg_c16_o_q2_scimrefdiffimg.fits.fz,TESS,1,,,,1260,61,725,,,,,,,,,,,,,,,,,,,,,,,,,,,,,,,,,,,,26.191200256347656,5.0018597903545015e-06,0.02841069921851158,-0.055248700082302094,1.0054700396722183e-05,t17_f5_c3,ZTF20aaiggef
2459015.8262037,2,1261326204815,20.496299743652344,/ztf/archive/sci/2020/0615/326204/ztf_20200615326204_000724_zr_c13_o_q1_scimrefdiffimg.fits.fz,TESS,1,1.26132620481501e+18,f,12.0,1261,48,724,2261.169921875,2228.800048828125,265.3846437,43.5647794,20.496700286865234,0.2901960015296936,1.6410399675369263,20.992300033569336,0.6064000129699707,0.11654099822044373,18.836000442504883,0.024000000208616257,1.2430000305175781,0.09099999815225601,0.08568400144577026,0.49559199810028076,1.2961299419403076,0.7649999856948853,811.3319702148438,-0.4960150122642517,2.0,0.5239999890327454,0.45500001311302185,0.40428200364112854,0.35104599595069885,1.1516499519348145,9.0,0.0,0.8257139921188354,0.4343410134315491,20.731199264526367,0.608299970626831,265.3845988,43.5647835,5.66974,26.064699172973633,5.370320195652312e-06,0.030374800786376,0.0719304010272026,1.100289955502376e-05,t17_f5_c3,ZTF20aaiggef
2459015.8305671,2,1261330566115,20.54129981994629,/ztf/archive/sci/2020/0615/330463/ztf_20200615330463_000725_zr_c16_o_q2_scimrefdiffimg.fits.fz,TESS,1,,,,1261,61,725,,,,,,,,,,,,,,,,,,,,,,,,,,,,,,,,,,,,26.062599182128906,3.534840061547584e-06,0.023802900686860085,0.09080229699611664,7.133050075935898e-06,t17_f5_c3,ZTF20aaiggef
2459016.7658218,2,1262265824815,19.840499877929688,/ztf/archive/sci/2020/0616/265822/ztf_20200616265822_000724_zr_c13_o_q1_scimrefdiffimg.fits.fz,TESS,1,,,,1262,48,724,,,,,,,,,,,,,,,,,,,,,,,,,,,,,,,,,,,,25.60849952697754,5.205649813433411e-06,0.029863199219107628,0.07052920013666153,1.0715800272009801e-05,t17_f5_c3,ZTF20aaiggef
2459016.7662963,2,1262266296115,19.93549919128418,/ztf/archive/sci/2020/0616/266285/ztf_20200616266285_000725_zr_c16_o_q2_scimrefdiffimg.fits.fz,TESS,1,,,,1262,61,725,,,,,,,,,,,,,,,,,,,,,,,,,,,,,,,,,,,,25.60260009765625,3.989589913544478e-06,0.025234699249267578,0.08846300095319748,8.04287992650643e-06,t17_f5_c3,ZTF20aaiggef
2459016.8383681,1,1262338364815,20.731000900268555,/ztf/archive/sci/2020/0616/338322/ztf_20200616338322_000724_zg_c13_o_q1_scimrefdiffimg.fits.fz,TESS,1,1.26233836481501e+18,f,10.0,1262,48,724,2276.77001953125,2222.169921875,265.3846166,43.5647999,20.30660057067871,0.2681710124015808,1.6443300247192383,20.617900848388672,0.3662000000476837,0.0816349983215332,19.094999313354492,0.019999999552965164,0.8169999718666077,0.0010000000474974513,-0.05647699907422066,0.3113099932670593,1.2298699617385864,0.7080000042915344,795.7310180664062,0.11306700110435486,2.0,0.515999972820282,0.4440000057220459,0.41955700516700745,0.3610140085220337,1.162160038948059,9.0,0.0,0.8199999928474426,0.6281589865684509,20.50320053100586,0.41990000009536743,265.3845965,43.5647832,7.94306,25.994600296020508,1.5502899259445257e-05,0.05136299878358841,-0.1071309968829155,3.245260086259805e-05,t17_f5_c3,ZTF20aaiggef
2459016.8462963,1,1262346296115,20.72960090637207,/ztf/archive/sci/2020/0616/346285/ztf_20200616346285_000725_zg_c16_o_q2_scimrefdiffimg.fits.fz,TESS,1,,,,1262,61,725,,,,,,,,,,,,,,,,,,,,,,,,,,,,,,,,,,,,26.097900390625,4.917249952995917e-06,0.02816390059888363,-0.07529009878635406,9.88551983027719e-06,t17_f5_c3,ZTF20aaiggef
2459017.7810532,2,1263281054815,20.741300582885742,/ztf/archive/sci/2020/0617/281007/ztf_20200617281007_000724_zr_c13_o_q1_scimrefdiffimg.fits.fz,TESS,1,,,,1263,48,724,,,,,,,,,,,,,,,,,,,,,,,,,,,,,,,,,,,,26.106000900268555,6.8047697823203634e-06,0.034109100699424744,0.06282919645309448,1.3849699826096185e-05,t17_f5_c3,ZTF20aaiggef
2459017.7896644,2,1263289666115,20.756399154663086,/ztf/archive/sci/2020/0617/289664/ztf_20200617289664_000725_zr_c16_o_q2_scimrefdiffimg.fits.fz,TESS,1,,,,1263,61,725,,,,,,,,,,,,,,,,,,,,,,,,,,,,,,,,,,,,26.08769989013672,2.58378008766158e-06,0.020212100818753242,0.0823322981595993,5.2129598770989105e-06,t17_f5_c3,ZTF20aaiggef
2460461.8886227,2,2707388624815,20.514999389648438,/ztf/archive/sci/2024/0531/388611/ztf_20240531388611_000724_zr_c13_o_q1_scimrefdiffimg.fits.fz,Kulkarni,1,,,,2707,48,724,,,,,,,,,,,,,,,,,,,,,,,,,,,,,,,,,,,,26.040000915527344,3.7179599985392997e-06,0.025395499542355537,0.07395190000534058,7.621059921802953e-06,t17_f5_c3,ZTF20aaiggef
2460461.8895602,2,2707389566115,20.515899658203125,/ztf/archive/sci/2024/0531/389549/ztf_20240531389549_000725_zr_c16_o_q2_scimrefdiffimg.fits.fz,Kulkarni,1,,,,2707,61,725,,,,,,,,,,,,,,,,,,,,,,,,,,,,,,,,,,,,26.017200469970703,3.1205499908537604e-06,0.022028500214219093,0.08575409650802612,6.307900093815988e-06,t17_f5_c3,ZTF20aaiggef
2460461.941794,1,2707441796115,20.417299270629883,/ztf/archive/sci/2024/0531/441736/ztf_20240531441736_000725_zg_c16_o_q2_scimrefdiffimg.fits.fz,Kulkarni,1,,,,2707,61,725,,,,,,,,,,,,,,,,,,,,,,,,,,,,,,,,,,,,26.09429931640625,7.602629921166226e-06,0.034397900104522705,-0.06368490308523178,1.5415500456583686e-05,t17_f5_c3,ZTF20aaiggef
2460463.8194444,1,2709319446115,20.476299285888672,/ztf/archive/sci/2024/0602/319421/ztf_20240602319421_000725_zg_c16_o_q2_scimrefdiffimg.fits.fz,Kulkarni,1,,,,2709,61,725,,,,,,,,,,,,,,,,,,,,,,,,,,,,,,,,,,,,26.087200164794922,7.710589670750778e-06,0.034596700221300125,-0.05544529855251312,1.5643399819964543e-05,t17_f5_c3,ZTF20aaiggef
2460463.8425694,1,2709342564815,20.604900360107422,/ztf/archive/sci/2024/0602/342419/ztf_20240602342419_000724_zg_c13_o_q1_scimrefdiffimg.fits.fz,Kulkarni,1,,,,2709,48,724,,,,,,,,,,,,,,,,,,,,,,,,,,,,,,,,,,,,26.090200424194336,1.1335199815221131e-05,0.04390279948711395,-0.0812217965722084,2.3993899958441034e-05,t17_f5_c3,ZTF20aaiggef
2460463.8661921,2,2709366194815,20.496299743652344,/ztf/archive/sci/2024/0602/366181/ztf_20240602366181_000724_zr_c13_o_q1_scimrefdiffimg.fits.fz,Kulkarni,1,,,,2709,48,724,,,,,,,,,,,,,,,,,,,,,,,,,,,,,,,,,,,,26.02720069885254,5.346700163499918e-06,0.030470600351691246,0.07731760293245316,1.0989800102834124e-05,t17_f5_c3,ZTF20aaiggef
2460463.8728125,2,2709372816115,20.602699279785156,/ztf/archive/sci/2024/0602/372812/ztf_20240602372812_000725_zr_c16_o_q2_scimrefdiffimg.fits.fz,Kulkarni,1,,,,2709,61,725,,,,,,,,,,,,,,,,,,,,,,,,,,,,,,,,,,,,26.012300491333008,3.123909891655785e-06,0.02219559997320175,0.08740779757499695,6.242290055524791e-06,t17_f5_c3,ZTF20aaiggef
2460468.862581,2,2714362584815,20.542499542236328,/ztf/archive/sci/2024/0607/362581/ztf_20240607362581_000724_zr_c13_o_q1_scimrefdiffimg.fits.fz,Kulkarni,1,,,,2714,48,724,,,,,,,,,,,,,,,,,,,,,,,,,,,,,,,,,,,,26.009199142456055,4.741209977510152e-06,0.02866080030798912,0.07214070111513138,9.768359632289503e-06,t17_f5_c3,ZTF20aaiggef
2460468.8678588,2,2714367856115,20.566099166870117,/ztf/archive/sci/2024/0607/367847/ztf_20240607367847_000725_zr_c16_o_q2_scimrefdiffimg.fits.fz,Kulkarni,1,,,,2714,61,725,,,,,,,,,,,,,,,,,,,,,,,,,,,,,,,,,,,,26.00429916381836,3.0552700991393067e-06,0.021882299333810806,0.09208360314369202,6.120790203567594e-06,t17_f5_c3,ZTF20aaiggef
2460468.9088657,1,2714408864815,20.702199935913086,/ztf/archive/sci/2024/0607/408866/ztf_20240607408866_000724_zg_c13_o_q1_scimrefdiffimg.fits.fz,Kulkarni,1,,,,2714,48,724,,,,,,,,,,,,,,,,,,,,,,,,,,,,,,,,,,,,26.104400634765625,9.1665697254939e-06,0.03999890014529228,-0.08256790041923523,1.894389970402699e-05,t17_f5_c3,ZTF20aaiggef
2460468.9093403,1,2714409346115,20.659700393676758,/ztf/archive/sci/2024/0607/409340/ztf_20240607409340_000725_zg_c16_o_q2_scimrefdiffimg.fits.fz,Kulkarni,1,,,,2714,61,725,,,,,,,,,,,,,,,,,,,,,,,,,,,,,,,,,,,,26.074199676513672,6.272439804888563e-06,0.03145439922809601,-0.04043539986014366,1.2717699974018615e-05,t17_f5_c3,ZTF20aaiggef
2460470.844456,2,2716344454815,20.52389907836914,/ztf/archive/sci/2024/0609/344433/ztf_20240609344433_000724_zr_c13_o_q1_scimrefdiffimg.fits.fz,Kulkarni,1,,,,2716,48,724,,,,,,,,,,,,,,,,,,,,,,,,,,,,,,,,,,,,26.03459930419922,5.15233978148899e-06,0.029965899884700775,0.08035250008106232,1.0601699614198878e-05,t17_f5_c3,ZTF20aaiggef
2460470.870463,2,2716370466115,20.623600006103516,/ztf/archive/sci/2024/0609/370417/ztf_20240609370417_000725_zr_c16_o_q2_scimrefdiffimg.fits.fz,Kulkarni,1,,,,2716,61,725,,,,,,,,,,,,,,,,,,,,,,,,,,,,,,,,,,,,26.01740074157715,3.260850007791305e-06,0.022489499300718307,0.08674319833517075,6.566950105479918e-06,t17_f5_c3,ZTF20aaiggef
2460470.9051389,1,2716405134815,20.486000061035156,/ztf/archive/sci/2024/0609/405139/ztf_20240609405139_000724_zg_c13_o_q1_scimrefdiffimg.fits.fz,Kulkarni,1,,,,2716,48,724,,,,,,,,,,,,,,,,,,,,,,,,,,,,,,,,,,,,26.114599227905273,1.1130299753858708e-05,0.04341910034418106,-0.08457259833812714,2.3614800738869235e-05,t17_f5_c3,ZTF20aaiggef
2460470.9056134,1,2716405616115,20.474300384521484,/ztf/archive/sci/2024/0609/405613/ztf_20240609405613_000725_zg_c16_o_q2_scimrefdiffimg.fits.fz,Kulkarni,1,,,,2716,61,725,,,,,,,,,,,,,,,,,,,,,,,,,,,,,,,,,,,,26.099700927734375,7.414229912683368e-06,0.03402379900217056,-0.0686229020357132,1.5142400116019417e-05,t17_f5_c3,ZTF20aaiggef
2460472.8520255,2,2718352024815,20.658000946044922,/ztf/archive/sci/2024/0611/352014/ztf_20240611352014_000724_zr_c13_o_q1_scimrefdiffimg.fits.fz,Kulkarni,1,,,,2718,48,724,,,,,,,,,,,,,,,,,,,,,,,,,,,,,,,,,,,,26.036500930786133,4.879189873463474e-06,0.02914009988307953,0.07288060337305069,1.0031800229626242e-05,t17_f5_c3,ZTF20aaiggef
2460472.8616204,2,2718361626115,20.595300674438477,/ztf/archive/sci/2024/0611/361539/ztf_20240611361539_000725_zr_c16_o_q2_scimrefdiffimg.fits.fz,Kulkarni,1,,,,2718,61,725,,,,,,,,,,,,,,,,,,,,,,,,,,,,,,,,,,,,26.022199630737305,2.829020104400115e-06,0.021053899079561234,0.0822243019938469,5.67678989682463e-06,t17_f5_c3,ZTF20aaiggef
2460472.9115394,1,2718411534815,20.74139976501465,/ztf/archive/sci/2024/0611/411539/ztf_20240611411539_000724_zg_c13_o_q1_scimrefdiffimg.fits.fz,Kulkarni,1,,,,2718,48,724,,,,,,,,,,,,,,,,,,,,,,,,,,,,,,,,,,,,26.097200393676758,8.558089575672057e-06,0.038481198251247406,-0.07623030245304108,1.7815800674725324e-05,t17_f5_c3,ZTF20aaiggef
2460472.9321181,1,2718432116115,20.583099365234375,/ztf/archive/sci/2024/0611/432072/ztf_20240611432072_000725_zg_c16_o_q2_scimrefdiffimg.fits.fz,Kulkarni,1,,,,2718,61,725,,,,,,,,,,,,,,,,,,,,,,,,,,,,,,,,,,,,26.06730079650879,6.2899098338675685e-06,0.031495101749897,-0.0482294000685215,1.2615800187631976e-05,t17_f5_c3,ZTF20aaiggef
2460475.827662,2,2721327664815,20.52519989013672,/ztf/archive/sci/2024/0614/327650/ztf_20240614327650_000724_zr_c13_o_q1_scimrefdiffimg.fits.fz,Kulkarni,1,,,,2721,48,724,,,,,,,,,,,,,,,,,,,,,,,,,,,,,,,,,,,,26.075000762939453,4.4072298805986065e-06,0.02750989980995655,0.07390289753675461,9.080579729925375e-06,t17_f5_c3,ZTF20aaiggef
2460475.8305093,2,2721330506115,20.4060001373291,/ztf/archive/sci/2024/0614/330486/ztf_20240614330486_000725_zr_c16_o_q2_scimrefdiffimg.fits.fz,Kulkarni,1,,,,2721,61,725,,,,,,,,,,,,,,,,,,,,,,,,,,,,,,,,,,,,26.059099197387695,3.0495300507027423e-06,0.021770000457763672,0.081877201795578,6.155390110507142e-06,t17_f5_c3,ZTF20aaiggef
2460475.8625231,1,2721362524815,20.532400131225586,/ztf/archive/sci/2024/0614/362512/ztf_20240614362512_000724_zg_c13_o_q1_scimrefdiffimg.fits.fz,Kulkarni,1,,,,2721,48,724,,,,,,,,,,,,,,,,,,,,,,,,,,,,,,,,,,,,26.124399185180664,1.0442599887028337e-05,0.04222419857978821,-0.05818520113825798,2.2222600819077343e-05,t17_f5_c3,ZTF20aaiggef
2460475.923588,1,2721423586115,20.539199829101562,/ztf/archive/sci/2024/0614/423576/ztf_20240614423576_000725_zg_c16_o_q2_scimrefdiffimg.fits.fz,Kulkarni,1,,,,2721,61,725,,,,,,,,,,,,,,,,,,,,,,,,,,,,,,,,,,,,26.100299835205078,7.0762898758403026e-06,0.033441100269556046,-0.06534480303525925,1.419080035702791e-05,t17_f5_c3,ZTF20aaiggef
2460477.8477546,2,2723347756115,20.34469985961914,/ztf/archive/sci/2024/0616/347685/ztf_20240616347685_000725_zr_c16_o_q2_scimrefdiffimg.fits.fz,Kulkarni,1,,,,2723,61,725,,,,,,,,,,,,,,,,,,,,,,,,,,,,,,,,,,,,26.069900512695312,3.0716601031599566e-06,0.02201100066304207,0.08815719932317734,6.144220151327318e-06,t17_f5_c3,ZTF20aaiggef
2460477.8501042,2,2723350104815,20.39780044555664,/ztf/archive/sci/2024/0616/350104/ztf_20240616350104_000724_zr_c13_o_q1_scimrefdiffimg.fits.fz,Kulkarni,1,,,,2723,48,724,,,,,,,,,,,,,,,,,,,,,,,,,,,,,,,,,,,,26.08679962158203,4.241020178596955e-06,0.027141600847244263,0.07654059678316116,8.784420060692355e-06,t17_f5_c3,ZTF20aaiggef
2460477.8895602,1,2723389564815,20.70479965209961,/ztf/archive/sci/2024/0616/389560/ztf_20240616389560_000724_zg_c13_o_q1_scimrefdiffimg.fits.fz,Kulkarni,1,,,,2723,48,724,,,,,,,,,,,,,,,,,,,,,,,,,,,,,,,,,,,,26.154499053955078,8.24704966362333e-06,0.03790950030088425,-0.07048399746417999,1.7042300896719098e-05,t17_f5_c3,ZTF20aaiggef
2460477.9124421,1,2723412446115,20.56760025024414,/ztf/archive/sci/2024/0616/412396/ztf_20240616412396_000725_zg_c16_o_q2_scimrefdiffimg.fits.fz,Kulkarni,1,,,,2723,61,725,,,,,,,,,,,,,,,,,,,,,,,,,,,,,,,,,,,,26.123600006103516,6.524479886138579e-06,0.0322112999856472,-0.04981590062379837,1.301789961871691e-05,t17_f5_c3,ZTF20aaiggef
2460480.8433565,2,2726343356115,19.931699752807617,/ztf/archive/sci/2024/0619/343345/ztf_20240619343345_000725_zr_c16_o_q2_scimrefdiffimg.fits.fz,Kulkarni,1,,,,2726,61,725,,,,,,,,,,,,,,,,,,,,,,,,,,,,,,,,,,,,26.006500244140625,3.8018599752831506e-06,0.024504899978637695,0.09140989929437637,7.646170161024202e-06,t17_f5_c3,ZTF20aaiggef
2460480.843831,2,2726343834815,20.01259994506836,/ztf/archive/sci/2024/0619/343819/ztf_20240619343819_000724_zr_c13_o_q1_scimrefdiffimg.fits.fz,Kulkarni,1,,,,2726,48,724,,,,,,,,,,,,,,,,,,,,,,,,,,,,,,,,,,,,26.04170036315918,4.478600203583483e-06,0.027796300128102303,0.07872059941291809,9.24003961699782e-06,t17_f5_c3,ZTF20aaiggef
2460480.9350231,1,2726435026115,20.342300415039062,/ztf/archive/sci/2024/0619/435023/ztf_20240619435023_000725_zg_c16_o_q2_scimrefdiffimg.fits.fz,Kulkarni,1,,,,2726,61,725,,,,,,,,,,,,,,,,,,,,,,,,,,,,,,,,,,,,26.063400268554688,8.382649866689462e-06,0.036173101514577866,-0.05988309904932976,1.7132400898844935e-05,t17_f5_c3,ZTF20aaiggef
2460480.9354977,1,2726435494815,20.38920021057129,/ztf/archive/sci/2024/0619/435486/ztf_20240619435486_000724_zg_c13_o_q1_scimrefdiffimg.fits.fz,Kulkarni,1,,,,2726,48,724,,,,,,,,,,,,,,,,,,,,,,,,,,,,,,,,,,,,26.070100784301758,8.48971012601396e-06,0.03817310184240341,-0.05269860103726387,1.7983600628213026e-05,t17_f5_c3,ZTF20aaiggef
2460482.7431829,1,2728243184815,19.303800582885742,/ztf/archive/sci/2024/0621/243183/ztf_20240621243183_000724_zg_c13_o_q1_scimrefdiffimg.fits.fz,Kulkarni,1,,,,2728,48,724,,,,,,,,,,,,,,,,,,,,,,,,,,,,,,,,,,,,26.150800704956055,1.93069990928052e-05,0.045883700251579285,-0.028195200487971306,5.451479955809191e-05,t17_f5_c3,ZTF20aaiggef
2460482.8255208,2,2728325526115,19.8356990814209,/ztf/archive/sci/2024/0621/325509/ztf_20240621325509_000725_zr_c16_o_q2_scimrefdiffimg.fits.fz,Kulkarni,1,,,,2728,61,725,,,,,,,,,,,,,,,,,,,,,,,,,,,,,,,,,,,,26.06730079650879,5.358810085454024e-06,0.0291082002222538,0.09509120136499405,1.0780699994938914e-05,t17_f5_c3,ZTF20aaiggef
2460482.8946991,2,2728394694815,19.83769989013672,/ztf/archive/sci/2024/0621/394363/ztf_20240621394363_000724_zr_c13_o_q1_scimrefdiffimg.fits.fz,Kulkarni,1,,,,2728,48,724,,,,,,,,,,,,,,,,,,,,,,,,,,,,,,,,,,,,26.086999893188477,4.413609985931544e-06,0.027670500800013542,0.08135460317134857,9.095399946090765e-06,t17_f5_c3,ZTF20aaiggef
2460482.9104167,1,2728410416115,19.567699432373047,/ztf/archive/sci/2024/0621/410405/ztf_20240621410405_000725_zg_c16_o_q2_scimrefdiffimg.fits.fz,Kulkarni,1,,,,2728,61,725,,,,,,,,,,,,,,,,,,,,,,,,,,,,,,,,,,,,26.11709976196289,1.1684799574140925e-05,0.03934729844331741,-0.03427499905228615,2.8113399821450002e-05,t17_f5_c3,ZTF20aaiggef
2460484.8122917,2,2730312294815,19.89940071105957,/ztf/archive/sci/2024/0623/312280/ztf_20240623312280_000724_zr_c13_o_q1_scimrefdiffimg.fits.fz,Kulkarni,1,,,,2730,48,724,,,,,,,,,,,,,,,,,,,,,,,,,,,,,,,,,,,,26.067899703979492,4.309690211812267e-06,0.027400000020861626,0.08506210148334503,8.857599823386408e-06,t17_f5_c3,ZTF20aaiggef
2460484.8238426,2,2730323846115,19.93440055847168,/ztf/archive/sci/2024/0623/323796/ztf_20240623323796_000725_zr_c16_o_q2_scimrefdiffimg.fits.fz,Kulkarni,1,,,,2730,61,725,,,,,,,,,,,,,,,,,,,,,,,,,,,,,,,,,,,,26.045000076293945,4.510479811870027e-06,0.026634199544787407,0.08605329692363739,9.016490366775542e-06,t17_f5_c3,ZTF20aaiggef
2460484.8902315,1,2730390234815,19.734699249267578,/ztf/archive/sci/2024/0623/390220/ztf_20240623390220_000724_zg_c13_o_q1_scimrefdiffimg.fits.fz,Kulkarni,1,,,,2730,48,724,,,,,,,,,,,,,,,,,,,,,,,,,,,,,,,,,,,,26.13279914855957,9.661540389060974e-06,0.03775990009307861,-0.030612200498580933,2.363030034757685e-05,t17_f5_c3,ZTF20aaiggef
2460484.890706,1,2730390706115,19.67729949951172,/ztf/archive/sci/2024/0623/390694/ztf_20240623390694_000725_zg_c16_o_q2_scimrefdiffimg.fits.fz,Kulkarni,1,,,,2730,61,725,,,,,,,,,,,,,,,,,,,,,,,,,,,,,,,,,,,,26.104700088500977,1.2204500308143906e-05,0.040431100875139236,-0.033709701150655746,2.8787300834665075e-05,t17_f5_c3,ZTF20aaiggef
2460487.8026505,2,2733302654815,20.298200607299805,/ztf/archive/sci/2024/0626/302650/ztf_20240626302650_000724_zr_c13_o_q1_scimrefdiffimg.fits.fz,Kulkarni,1,,,,2733,48,724,,,,,,,,,,,,,,,,,,,,,,,,,,,,,,,,,,,,26.054399490356445,4.789460035681259e-06,0.028891200199723244,0.08073150366544724,9.849039997789077e-06,t17_f5_c3,ZTF20aaiggef
2460487.8207755,2,2733320776115,20.273700714111328,/ztf/archive/sci/2024/0626/320752/ztf_20240626320752_000725_zr_c16_o_q2_scimrefdiffimg.fits.fz,Kulkarni,1,,,,2733,61,725,,,,,,,,,,,,,,,,,,,,,,,,,,,,,,,,,,,,26.038700103759766,3.2355999337596586e-06,0.022498300299048424,0.08018799871206284,6.472990207839757e-06,t17_f5_c3,ZTF20aaiggef
2460489.7457176,1,2735245716115,20.57939910888672,/ztf/archive/sci/2024/0628/245718/ztf_20240628245718_000725_zg_c16_o_q2_scimrefdiffimg.fits.fz,Kulkarni,1,,,,2735,61,725,,,,,,,,,,,,,,,,,,,,,,,,,,,,,,,,,,,,26.128799438476562,6.847939857834717e-06,0.03271390125155449,-0.04593700170516968,1.382449954689946e-05,t17_f5_c3,ZTF20aaiggef
2460489.7461921,1,2735246194815,20.52199935913086,/ztf/archive/sci/2024/0628/246181/ztf_20240628246181_000724_zg_c13_o_q1_scimrefdiffimg.fits.fz,Kulkarni,1,,,,2735,48,724,,,,,,,,,,,,,,,,,,,,,,,,,,,,,,,,,,,,26.15239906311035,7.895920134615153e-06,0.036924898624420166,-0.07356060296297073,1.6451600458822213e-05,t17_f5_c3,ZTF20aaiggef
2460489.841088,2,2735341084815,20.163299560546875,/ztf/archive/sci/2024/0628/341076/ztf_20240628341076_000724_zr_c13_o_q1_scimrefdiffimg.fits.fz,Kulkarni,1,,,,2735,48,724,,,,,,,,,,,,,,,,,,,,,,,,,,,,,,,,,,,,26.082300186157227,4.2613201003405266e-06,0.027192600071430206,0.06591329723596573,8.766060091147665e-06,t17_f5_c3,ZTF20aaiggef
2460489.8415509,2,2735341556115,20.242000579833984,/ztf/archive/sci/2024/0628/341551/ztf_20240628341551_000725_zr_c16_o_q2_scimrefdiffimg.fits.fz,Kulkarni,1,,,,2735,61,725,,,,,,,,,,,,,,,,,,,,,,,,,,,,,,,,,,,,26.058000564575195,3.6287299280957086e-06,0.023880600929260254,0.08745750039815903,7.310180080821738e-06,t17_f5_c3,ZTF20aaiggef
2460491.783044,1,2737283044815,20.69809913635254,/ztf/archive/sci/2024/0630/283044/ztf_20240630283044_000724_zg_c13_o_q1_scimrefdiffimg.fits.fz,Kulkarni,1,,,,2737,48,724,,,,,,,,,,,,,,,,,,,,,,,,,,,,,,,,,,,,26.136699676513672,9.182110261463095e-06,0.03985299915075302,-0.05584679916501045,1.9111999790766276e-05,t17_f5_c3,ZTF20aaiggef
