jd,fid,pid,diffmaglim,pdiffimfilename,programpi,programid,nid,rcid,field,magzpsci,magzpsciunc,magzpscirms,clrcoeff,clrcounc,rbversion,candid,isdiffpos,tblid,xpos,ypos,ra,dec,magpsf,sigmapsf,chipsf,magap,sigmagap,distnr,magnr,sigmagnr,chinr,sharpnr,sky,magdiff,fwhm,classtar,mindtoedge,magfromlim,seeratio,aimage,bimage,aimagerat,bimagerat,elong,nneg,nbad,rb,sumrat,magapbig,sigmagapbig,ranr,decnr,scorr,obj_id
2458961.8955671,1,1207395562315,20.281400680541992,/ztf/archive/sci/2020/0422/395556/ztf_20200422395556_000585_zg_c06_o_q4_scimrefdiffimg.fits.fz,Kulkarni,1,1207,23,585,26.231700897216797,1.6294799934257753e-05,0.05987289920449257,-0.10030800104141235,3.686339914565906e-05,t17_f5_c3,,,,,,,,,,,,,,,,,,,,,,,,,,,,,,,,,,,,,,,ZTF20abaogvg
2458961.9584144,2,1207458412315,20.303699493408203,/ztf/archive/sci/2020/0422/458414/ztf_20200422458414_000585_zr_c06_o_q4_scimrefdiffimg.fits.fz,Kulkarni,1,1207,23,585,26.254499435424805,5.754890025855275e-06,0.0368707999587059,0.08740069717168808,1.228400014952058e-05,t17_f5_c3,,,,,,,,,,,,,,,,,,,,,,,,,,,,,,,,,,,,,,,ZTF20abaogvg
2458964.8805903,1,1210380592315,20.8518009185791,/ztf/archive/sci/2020/0425/380590/ztf_20200425380590_000585_zg_c06_o_q4_scimrefdiffimg.fits.fz,Kulkarni,1,1210,23,585,26.296899795532227,2.9868499495933065e-06,0.02652990072965622,-0.07759489864110947,6.359090093610575e-06,t17_f5_c3,,,,,,,,,,,,,,,,,,,,,,,,,,,,,,,,,,,,,,,ZTF20abaogvg
2458964.92,2,1210419992315,20.8218994140625,/ztf/archive/sci/2020/0425/420000/ztf_20200425420000_000585_zr_c06_o_q4_scimrefdiffimg.fits.fz,Kulkarni,1,1210,23,585,26.30739974975586,1.5685800462961197e-06,0.019130200147628784,0.089375801384449,3.3523199363116873e-06,t17_f5_c3,,,,,,,,,,,,,,,,,,,,,,,,,,,,,,,,,,,,,,,ZTF20abaogvg
2458967.8817014,2,1213381702315,20.691499710083008,/ztf/archive/sci/2020/0428/381701/ztf_20200428381701_000585_zr_c06_o_q4_scimrefdiffimg.fits.fz,Kulkarni,1,1213,23,585,26.295400619506836,5.2520599638228305e-06,0.0350457988679409,0.07975020259618759,1.123550009651808e-05,t17_f5_c3,,,,,,,,,,,,,,,,,,,,,,,,,,,,,,,,,,,,,,,ZTF20abaogvg
2458967.9367361,1,1213436732315,21.039499282836914,/ztf/archive/sci/2020/0428/436736/ztf_20200428436736_000585_zg_c06_o_q4_scimrefdiffimg.fits.fz,Kulkarni,1,1213,23,585,26.306499481201172,1.9190600141882896e-05,0.06745900213718414,-0.1701119989156723,4.1125498682959005e-05,t17_f5_c3,,,,,,,,,,,,,,,,,,,,,,,,,,,,,,,,,,,,,,,ZTF20abaogvg
2458968.9161574,2,1214416152315,20.983600616455078,/ztf/archive/sci/2020/0429/416157/ztf_20200429416157_000585_zr_c06_o_q4_scimrefdiffimg.fits.fz,Kulkarni,1,1214,23,585,26.355199813842773,6.653259788436117e-06,0.039532799273729324,0.07851090282201767,1.4251299944589846e-05,t17_f5_c3,,,,,,,,,,,,,,,,,,,,,,,,,,,,,,,,,,,,,,,ZTF20abaogvg
2458970.9157176,2,1216415712315,20.802200317382812,/ztf/archive/sci/2020/0501/415718/ztf_20200501415718_000585_zr_c06_o_q4_scimrefdiffimg.fits.fz,Kulkarni,1,1216,23,585,26.34280014038086,6.4768501033540815e-06,0.03881330043077469,0.07937780022621155,1.3965000107418746e-05,t17_f5_c3,,,,,,,,,,,,,,,,,,,,,,,,,,,,,,,,,,,,,,,ZTF20abaogvg
2458970.9435764,1,1216443572315,21.049699783325195,/ztf/archive/sci/2020/0501/443565/ztf_20200501443565_000585_zg_c06_o_q4_scimrefdiffimg.fits.fz,Kulkarni,1,1216,23,585,26.364999771118164,2.6809899281943217e-05,0.07946529984474182,-0.19993199408054352,5.743070141761564e-05,t17_f5_c3,,,,,,,,,,,,,,,,,,,,,,,,,,,,,,,,,,,,,,,ZTF20abaogvg
2458972.8741088,2,1218374102315,20.3617000579834,/ztf/archive/sci/2020/0503/374097/ztf_20200503374097_000585_zr_c06_o_q4_scimrefdiffimg.fits.fz,Kulkarni,1,1218,23,585,26.342599868774414,1.7977499737753533e-06,0.020520899444818497,0.08632809668779373,3.854720034723869e-06,t17_f5_c3,,,,,,,,,,,,,,,,,,,,,,,,,,,,,,,,,,,,,,,ZTF20abaogvg
2458973.8749537,2,1219374952315,19.980100631713867,/ztf/archive/sci/2020/0504/374954/ztf_20200504374954_000585_zr_c06_o_q4_scimrefdiffimg.fits.fz,Kulkarni,1,1219,23,585,26.343900680541992,2.059319967884221e-06,0.021869799122214317,0.09307059645652771,4.3948298298346344e-06,t17_f5_c3,,,,,,,,,,,,,,,,,,,,,,,,,,,,,,,,,,,,,,,ZTF20abaogvg
2458973.9632523,1,1219463252315,20.399700164794922,/ztf/archive/sci/2020/0504/463241/ztf_20200504463241_000585_zg_c06_o_q4_scimrefdiffimg.fits.fz,Kulkarni,1,1219,23,585,26.34910011291504,4.81945016872487e-06,0.033713798969984055,-0.08734790235757828,1.0286399628967047e-05,t17_f5_c3,,,,,,,,,,,,,,,,,,,,,,,,,,,,,,,,,,,,,,,ZTF20abaogvg
2458977.8746759,1,1223374672315,18.100799560546875,/ztf/archive/sci/2020/0508/374606/ztf_20200508374606_000585_zg_c06_o_q4_scimrefdiffimg.fits.fz,Kulkarni,1,1223,23,585,25.569799423217773,5.368209895095788e-05,0.04539800062775612,-0.0324539989233017,0.00016869200044311583,t17_f5_c3,,,,,,,,,,,,,,,,,,,,,,,,,,,,,,,,,,,,,,,ZTF20abaogvg
2458977.8991319,2,1223399132315,19.385400772094727,/ztf/archive/sci/2020/0508/399132/ztf_20200508399132_000585_zr_c06_o_q4_scimrefdiffimg.fits.fz,Kulkarni,1,1223,23,585,26.2893009185791,3.8546199903066736e-06,0.030017899349331856,0.08907809853553772,8.264580174000002e-06,t17_f5_c3,,,,,,,,,,,,,,,,,,,,,,,,,,,,,,,,,,,,,,,ZTF20abaogvg
2458980.8138889,2,1226313882315,20.104700088500977,/ztf/archive/sci/2020/0511/313877/ztf_20200511313877_000585_zr_c06_o_q4_scimrefdiffimg.fits.fz,Kulkarni,1,1226,23,585,26.328699111938477,1.926219965753262e-06,0.021307099610567093,0.08954139798879623,4.1182702261721715e-06,t17_f5_c3,,,,,,,,,,,,,,,,,,,,,,,,,,,,,,,,,,,,,,,ZTF20abaogvg
2458980.8981019,1,1226398102315,19.80389976501465,/ztf/archive/sci/2020/0511/398079/ztf_20200511398079_000585_zg_c06_o_q4_scimrefdiffimg.fits.fz,Kulkarni,1,1226,23,585,26.35110092163086,6.074159955460345e-06,0.035614799708127975,-0.06744209676980972,1.4319600268208887e-05,t17_f5_c3,,,,,,,,,,,,,,,,,,,,,,,,,,,,,,,,,,,,,,,ZTF20abaogvg
2458984.9015972,2,1230401592315,20.828800201416016,/ztf/archive/sci/2020/0515/401586/ztf_20200515401586_000585_zr_c06_o_q4_scimrefdiffimg.fits.fz,TESS,1,1230,23,585,26.333599090576172,4.870229986408958e-06,0.03375529870390892,0.07588910311460495,1.0420600119687151e-05,t17_f5_c3,,,,,,,,,,,,,,,,,,,,,,,,,,,,,,,,,,,,,,,ZTF20abaogvg
2458985.8785764,2,1231378572315,20.837799072265625,/ztf/archive/sci/2020/0516/378576/ztf_20200516378576_000585_zr_c06_o_q4_scimrefdiffimg.fits.fz,TESS,1,1231,23,585,26.330900192260742,5.436580067907926e-06,0.035700101405382156,0.07668530195951462,1.1640299817372579e-05,t17_f5_c3,,,,,,,,,,,,,,,,,,,,,,,,,,,,,,,,,,,,,,,ZTF20abaogvg
2458985.9206019,1,1231420602315,20.881500244140625,/ztf/archive/sci/2020/0516/420590/ztf_20200516420590_000585_zg_c06_o_q4_scimrefdiffimg.fits.fz,TESS,1,1231,23,585,26.32200050354004,1.3552999917010311e-05,0.05661889910697937,-0.14485999941825867,2.8839000151492655e-05,t17_f5_c3,,,,,,,,,,,,,,,,,,,,,,,,,,,,,,,,,,,,,,,ZTF20abaogvg
2458986.8098843,2,1232309882315,20.85379981994629,/ztf/archive/sci/2020/0517/309884/ztf_20200517309884_000585_zr_c06_o_q4_scimrefdiffimg.fits.fz,TESS,1,1232,23,585,26.34469985961914,4.77699995826697e-06,0.03363199904561043,0.07898259907960892,1.0216599548584782e-05,t17_f5_c3,,,,,,,,,,,,,,,,,,,,,,,,,,,,,,,,,,,,,,,ZTF20abaogvg
2458986.8821528,1,1232382152315,21.062400817871094,/ztf/archive/sci/2020/0517/382130/ztf_20200517382130_000585_zg_c06_o_q4_scimrefdiffimg.fits.fz,TESS,1,1232,23,585,26.34280014038086,1.704500027699396e-05,0.06337989866733551,-0.15466800332069397,3.649419886642136e-05,t17_f5_c3,,,,,,,,,,,,,,,,,,,,,,,,,,,,,,,,,,,,,,,ZTF20abaogvg
2460477.7284144,1,2723228412315,20.164600372314453,/ztf/archive/sci/2024/0616/228414/ztf_20240616228414_000585_zg_c06_o_q4_scimrefdiffimg.fits.fz,Kulkarni,2,2723,23,585,26.37220001220703,4.217240075377049e-06,0.031550098210573196,-0.07613290101289749,9.081380085262936e-06,t17_f5_c3,,,,,,,,,,,,,,,,,,,,,,,,,,,,,,,,,,,,,,,ZTF20abaogvg
2460477.7951389,2,2723295132315,20.37579917907715,/ztf/archive/sci/2024/0616/295139/ztf_20240616295139_000585_zr_c06_o_q4_scimrefdiffimg.fits.fz,Kulkarni,2,2723,23,585,26.388399124145508,1.8019200069829822e-06,0.02054470032453537,0.08594609797000885,3.844149887299864e-06,t17_f5_c3,,,,,,,,,,,,,,,,,,,,,,,,,,,,,,,,,,,,,,,ZTF20abaogvg
2460477.8409722,2,2723340972315,20.381900787353516,/ztf/archive/sci/2024/0616/340961/ztf_20240616340961_000585_zr_c06_o_q4_scimrefdiffimg.fits.fz,Kulkarni,2,2723,23,585,26.382400512695312,2.08480992114346e-06,0.022177500650286674,0.08925209939479828,4.442770205059787e-06,t17_f5_c3,,,,,,,,,,,,,,,,,,,,,,,,,,,,,,,,,,,,,,,ZTF20abaogvg
2460477.8788079,1,2723378802315,20.47130012512207,/ztf/archive/sci/2024/0616/378808/ztf_20240616378808_000585_zg_c06_o_q4_scimrefdiffimg.fits.fz,Kulkarni,2,2723,23,585,26.34269905090332,8.319139851664659e-06,0.044549498707056046,-0.09036049991846085,1.7689200831227936e-05,t17_f5_c3,,,,,,,,,,,,,,,,,,,,,,,,,,,,,,,,,,,,,,,ZTF20abaogvg
2460479.7519444,3,2725251942315,19.51959991455078,/ztf/archive/sci/2024/0618/251933/ztf_20240618251933_000585_zi_c06_o_q4_scimrefdiffimg.fits.fz,Kulkarni,2,2725,23,585,25.80590057373047,9.731339787322213e-07,0.021044999361038208,0.18729199469089508,8.997019904199988e-06,t17_f5_c3,,,,,,,,,,,,,,,,,,,,,,,,,,,,,,,,,,,,,,,ZTF20abaogvg
2460479.7960185,2,2725296012315,20.222999572753906,/ztf/archive/sci/2024/0618/296007/ztf_20240618296007_000585_zr_c06_o_q4_scimrefdiffimg.fits.fz,Kulkarni,1,2725,23,585,26.386600494384766,1.6446799691038905e-06,0.01967649906873703,0.08586270362138748,3.5116299841320142e-06,t17_f5_c3,,,,,,,,,,,,,,,,,,,,,,,,,,,,,,,,,,,,,,,ZTF20abaogvg
2460479.796956,2,2725296952315,20.14109992980957,/ztf/archive/sci/2024/0618/296956/ztf_20240618296956_000585_zr_c06_o_q4_scimrefdiffimg.fits.fz,Kulkarni,2,2725,23,585,26.390199661254883,1.6537200053790002e-06,0.01969750039279461,0.08588270097970963,3.523279929140699e-06,t17_f5_c3,,,,,,,,,,,,,,,,,,,,,,,,,,,,,,,,,,,,,,,ZTF20abaogvg
2460479.8947338,1,2725394732315,19.864099502563477,/ztf/archive/sci/2024/0618/394722/ztf_20240618394722_000585_zg_c06_o_q4_scimrefdiffimg.fits.fz,Kulkarni,1,2725,23,585,26.31279945373535,5.969150151940994e-06,0.035412900149822235,-0.05182339996099472,1.3930999557487667e-05,t17_f5_c3,,,,,,,,,,,,,,,,,,,,,,,,,,,,,,,,,,,,,,,ZTF20abaogvg
2460479.9072685,1,2725407262315,20.07080078125,/ztf/archive/sci/2024/0618/407176/ztf_20240618407176_000585_zg_c06_o_q4_scimrefdiffimg.fits.fz,Kulkarni,2,2725,23,585,26.286699295043945,7.433070095430594e-06,0.040208600461483,-0.0896323025226593,1.6957199477474205e-05,t17_f5_c3,,,,,,,,,,,,,,,,,,,,,,,,,,,,,,,,,,,,,,,ZTF20abaogvg
2460480.7107407,1,2726210742315,19.548900604248047,/ztf/archive/sci/2024/0619/210729/ztf_20240619210729_000585_zg_c06_o_q4_scimrefdiffimg.fits.fz,Kulkarni,2,2726,23,585,26.322200775146484,5.751439857704099e-06,0.033793799579143524,-0.06301379948854446,1.3801300156046636e-05,t17_f5_c3,,,,,,,,,,,,,,,,,,,,,,,,,,,,,,,,,,,,,,,ZTF20abaogvg
2460480.8374074,2,2726337402315,19.83370018005371,/ztf/archive/sci/2024/0619/337384/ztf_20240619337384_000585_zr_c06_o_q4_scimrefdiffimg.fits.fz,Kulkarni,2,2726,23,585,26.32080078125,2.046859890469932e-06,0.022061700001358986,0.10493399947881699,4.343060027167667e-06,t17_f5_c3,,,,,,,,,,,,,,,,,,,,,,,,,,,,,,,,,,,,,,,ZTF20abaogvg
2460480.9142593,1,2726414252315,19.898399353027344,/ztf/archive/sci/2024/0619/414248/ztf_20240619414248_000585_zg_c06_o_q4_scimrefdiffimg.fits.fz,Kulkarni,2,2726,23,585,26.263500213623047,4.850489858654328e-06,0.03291879966855049,-0.06096160039305687,1.0812100299517624e-05,t17_f5_c3,,,,,,,,,,,,,,,,,,,,,,,,,,,,,,,,,,,,,,,ZTF20abaogvg
2460481.7482523,1,2727248252315,19.37540054321289,/ztf/archive/sci/2024/0620/248252/ztf_20240620248252_000585_zg_c06_o_q4_scimrefdiffimg.fits.fz,Kulkarni,2,2727,23,585,26.385400772094727,1.1120099770778324e-05,0.04102880135178566,-0.0561348982155323,2.950000089185778e-05,t17_f5_c3,,,,,,,,,,,,,,,,,,,,,,,,,,,,,,,,,,,,,,,ZTF20abaogvg
2460481.7550116,1,2727255012315,19.5580997467041,/ztf/archive/sci/2024/0620/255000/ztf_20240620255000_000585_zg_c06_o_q4_scimrefdiffimg.fits.fz,Kulkarni,1,2727,23,585,26.376800537109375,6.897580078657484e-06,0.03560889884829521,-0.04436760023236275,1.7165000826935284e-05,t17_f5_c3,,,,,,,,,,,,,,,,,,,,,,,,,,,,,,,,,,,,,,,ZTF20abaogvg
2460481.7904745,2,2727290472315,19.957500457763672,/ztf/archive/sci/2024/0620/290463/ztf_20240620290463_000585_zr_c06_o_q4_scimrefdiffimg.fits.fz,Kulkarni,2,2727,23,585,26.384599685668945,2.241770062028081e-06,0.022906700149178505,0.08510000258684158,4.7849998736637644e-06,t17_f5_c3,,,,,,,,,,,,,,,,,,,,,,,,,,,,,,,,,,,,,,,ZTF20abaogvg
2460481.8220949,2,2727322092315,19.979000091552734,/ztf/archive/sci/2024/0620/322095/ztf_20240620322095_000585_zr_c06_o_q4_scimrefdiffimg.fits.fz,Kulkarni,1,2727,23,585,26.380599975585938,2.056940047623357e-06,0.021975699812173843,0.08795490115880966,4.396450094645843e-06,t17_f5_c3,,,,,,,,,,,,,,,,,,,,,,,,,,,,,,,,,,,,,,,ZTF20abaogvg
2460481.9224074,1,2727422402315,19.466899871826172,/ztf/archive/sci/2024/0620/422396/ztf_20240620422396_000585_zg_c06_o_q4_scimrefdiffimg.fits.fz,Kulkarni,2,2727,23,585,26.319000244140625,8.198319846997038e-06,0.03806480020284653,-0.05288650095462799,2.075689917546697e-05,t17_f5_c3,,,,,,,,,,,,,,,,,,,,,,,,,,,,,,,,,,,,,,,ZTF20abaogvg
2460482.8420023,2,2728342002315,19.912900924682617,/ztf/archive/sci/2024/0621/342002/ztf_20240621342002_000585_zr_c06_o_q4_scimrefdiffimg.fits.fz,Kulkarni,2,2728,23,585,26.384199142456055,2.486079893060378e-06,0.024182500317692757,0.08737099915742874,5.290939952828921e-06,t17_f5_c3,,,,,,,,,,,,,,,,,,,,,,,,,,,,,,,,,,,,,,,ZTF20abaogvg
2460482.8459954,2,2728345992315,19.84269905090332,/ztf/archive/sci/2024/0621/345799/ztf_20240621345799_000585_zr_c06_o_q4_scimrefdiffimg.fits.fz,Kulkarni,2,2728,23,585,26.386499404907227,1.8775499484036118e-06,0.021024400368332863,0.09051989763975143,4.011500095657539e-06,t17_f5_c3,,,,,,,,,,,,,,,,,,,,,,,,,,,,,,,,,,,,,,,ZTF20abaogvg
2460482.8520486,1,2728352042315,19.52869987487793,/ztf/archive/sci/2024/0621/351713/ztf_20240621351713_000585_zg_c06_o_q4_scimrefdiffimg.fits.fz,Kulkarni,2,2728,23,585,26.388500213623047,5.98660017203656e-06,0.03430340066552162,-0.05500650033354759,1.4560599993274081e-05,t17_f5_c3,,,,,,,,,,,,,,,,,,,,,,,,,,,,,,,,,,,,,,,ZTF20abaogvg
2460482.8558796,3,2728355872315,19.572799682617188,/ztf/archive/sci/2024/0621/355556/ztf_20240621355556_000585_zi_c06_o_q4_scimrefdiffimg.fits.fz,Kulkarni,2,2728,23,585,25.816600799560547,1.0388599775978946e-06,0.022011300548911095,0.18779900670051575,9.46497038967209e-06,t17_f5_c3,,,,,,,,,,,,,,,,,,,,,,,,,,,,,,,,,,,,,,,ZTF20abaogvg
2460482.9065856,1,2728406582315,19.362499237060547,/ztf/archive/sci/2024/0621/406574/ztf_20240621406574_000585_zg_c06_o_q4_scimrefdiffimg.fits.fz,Kulkarni,2,2728,23,585,26.3262996673584,8.894109669199679e-06,0.03941740095615387,-0.03618450090289116,2.2531099602929316e-05,t17_f5_c3,,,,,,,,,,,,,,,,,,,,,,,,,,,,,,,,,,,,,,,ZTF20abaogvg
2460483.7347917,1,2729234792315,19.591899871826172,/ztf/archive/sci/2024/0622/234780/ztf_20240622234780_000585_zg_c06_o_q4_scimrefdiffimg.fits.fz,Kulkarni,2,2729,23,585,26.383800506591797,6.882350135128945e-06,0.03695230185985565,-0.04970389977097511,1.6466599845443852e-05,t17_f5_c3,,,,,,,,,,,,,,,,,,,,,,,,,,,,,,,,,,,,,,,ZTF20abaogvg
2460483.7572106,2,2729257212315,19.811500549316406,/ztf/archive/sci/2024/0622/257199/ztf_20240622257199_000585_zr_c06_o_q4_scimrefdiffimg.fits.fz,Kulkarni,2,2729,23,585,26.395000457763672,2.3314998998102965e-06,0.02332969941198826,0.08447510004043579,4.993540187570034e-06,t17_f5_c3,,,,,,,,,,,,,,,,,,,,,,,,,,,,,,,,,,,,,,,ZTF20abaogvg
2460483.7877778,2,2729287772315,19.726200103759766,/ztf/archive/sci/2024/0622/287778/ztf_20240622287778_000585_zr_c06_o_q4_scimrefdiffimg.fits.fz,Kulkarni,1,2729,23,585,26.39389991760254,2.3776699435984483e-06,0.023647600784897804,0.09054440259933472,5.072879957879195e-06,t17_f5_c3,,,,,,,,,,,,,,,,,,,,,,,,,,,,,,,,,,,,,,,ZTF20abaogvg
2460483.8385764,2,2729338572315,19.569299697875977,/ztf/archive/sci/2024/0622/338565/ztf_20240622338565_000585_zr_c06_o_q4_scimrefdiffimg.fits.fz,Kulkarni,2,2729,23,585,26.38559913635254,2.923239890151308e-06,0.026198899373412132,0.09157790243625641,6.227639914868632e-06,t17_f5_c3,,,,,,,,,,,,,,,,,,,,,,,,,,,,,,,,,,,,,,,ZTF20abaogvg
2460483.895,1,2729394992315,19.25510025024414,/ztf/archive/sci/2024/0622/394988/ztf_20240622394988_000585_zg_c06_o_q4_scimrefdiffimg.fits.fz,Kulkarni,1,2729,23,585,26.33690071105957,9.874590432445984e-06,0.03830679878592491,-0.0411343015730381,2.6336299924878404e-05,t17_f5_c3,,,,,,,,,,,,,,,,,,,,,,,,,,,,,,,,,,,,,,,ZTF20abaogvg
2460483.9129167,1,2729412912315,19.207199096679688,/ztf/archive/sci/2024/0622/412917/ztf_20240622412917_000585_zg_c06_o_q4_scimrefdiffimg.fits.fz,Kulkarni,2,2729,23,585,26.30109977722168,1.0569399819360115e-05,0.03926609829068184,-0.01789489947259426,2.809120087476913e-05,t17_f5_c3,,,,,,,,,,,,,,,,,,,,,,,,,,,,,,,,,,,,,,,ZTF20abaogvg
2460484.7350694,1,2730235062315,19.697200775146484,/ztf/archive/sci/2024/0623/235058/ztf_20240623235058_000585_zg_c06_o_q4_scimrefdiffimg.fits.fz,Kulkarni,2,2730,23,585,26.369300842285156,5.73761008126894e-06,0.03438059985637665,-0.06879899650812149,1.3494700397131965e-05,t17_f5_c3,,,,,,,,,,,,,,,,,,,,,,,,,,,,,,,,,,,,,,,ZTF20abaogvg
2460484.7880208,2,2730288022315,19.93779945373535,/ztf/archive/sci/2024/0623/288009/ztf_20240623288009_000585_zr_c06_o_q4_scimrefdiffimg.fits.fz,Kulkarni,2,2730,23,585,26.37619972229004,2.0452000626391964e-06,0.02187190018594265,0.08846600353717804,4.3606000872387085e-06,t17_f5_c3,,,,,,,,,,,,,,,,,,,,,,,,,,,,,,,,,,,,,,,ZTF20abaogvg
2460484.839213,2,2730339212315,19.829999923706055,/ztf/archive/sci/2024/0623/339201/ztf_20240623339201_000585_zr_c06_o_q4_scimrefdiffimg.fits.fz,Kulkarni,2,2730,23,585,26.355899810791016,1.9831400095426943e-06,0.021619800478219986,0.09586770087480545,4.219150014250772e-06,t17_f5_c3,,,,,,,,,,,,,,,,,,,,,,,,,,,,,,,,,,,,,,,ZTF20abaogvg
2460484.85125,1,2730351255815,19.613399505615234,/ztf/archive/sci/2024/0623/351250/ztf_20240623351250_001581_zg_c15_o_q3_scimrefdiffimg.fits.fz,Kulkarni,2,2730,58,1581,26.34869956970215,6.714200026181061e-06,0.036347098648548126,-0.031707100570201874,1.558030089654494e-05,t17_f5_c3,,,,,,,,,,,,,,,,,,,,,,,,,,,,,,,,,,,,,,,ZTF20abaogvg
2460484.9159028,1,2730415902315,19.40519905090332,/ztf/archive/sci/2024/0623/415891/ztf_20240623415891_000585_zg_c06_o_q4_scimrefdiffimg.fits.fz,Kulkarni,2,2730,23,585,26.271799087524414,8.048289600992575e-06,0.0379428006708622,-0.03295319899916649,2.0491399482125416e-05,t17_f5_c3,,,,,,,,,,,,,,,,,,,,,,,,,,,,,,,,,,,,,,,ZTF20abaogvg
2460485.6930093,1,2731193002315,20.399900436401367,/ztf/archive/sci/2024/0624/192998/ztf_20240624192998_000585_zg_c06_o_q4_scimrefdiffimg.fits.fz,Kulkarni,2,2731,23,585,26.297800064086914,6.8579802245949395e-06,0.04021039977669716,-0.10046800225973129,1.4622400158259552e-05,t17_f5_c3,,,,,,,,,,,,,,,,,,,,,,,,,,,,,,,,,,,,,,,ZTF20abaogvg
2460485.751331,1,2731251332315,17.790800094604492,/ztf/archive/sci/2024/0624/251262/ztf_20240624251262_000585_zg_c06_o_q4_scimrefdiffimg.fits.fz,Kulkarni,1,2731,23,585,24.95210075378418,0.0011011000024154782,0.22421300411224365,0.003657599911093712,0.0033513400703668594,t17_f5_c3,,,,,,,,,,,,,,,,,,,,,,,,,,,,,,,,,,,,,,,ZTF20abaogvg
2460485.7961343,3,2731296132315,19.834699630737305,/ztf/archive/sci/2024/0624/296134/ztf_20240624296134_000585_zi_c06_o_q4_scimrefdiffimg.fits.fz,Kulkarni,2,2731,23,585,25.757699966430664,1.4652899835709832e-06,0.026073800399899483,0.1890929937362671,1.348529985989444e-05,t17_f5_c3,,,,,,,,,,,,,,,,,,,,,,,,,,,,,,,,,,,,,,,ZTF20abaogvg
2460485.8329398,2,2731332932315,20.07699966430664,/ztf/archive/sci/2024/0624/332940/ztf_20240624332940_000585_zr_c06_o_q4_scimrefdiffimg.fits.fz,Kulkarni,1,2731,23,585,26.35460090637207,2.490819952072343e-06,0.024205200374126434,0.08491110056638718,5.299979875417193e-06,t17_f5_c3,,,,,,,,,,,,,,,,,,,,,,,,,,,,,,,,,,,,,,,ZTF20abaogvg
2460485.8576852,2,2731357682315,19.901599884033203,/ztf/archive/sci/2024/0624/357674/ztf_20240624357674_000585_zr_c06_o_q4_scimrefdiffimg.fits.fz,Kulkarni,2,2731,23,585,26.33049964904785,2.410549996056943e-06,0.023878900334239006,0.08433900028467178,5.1437200454529375e-06,t17_f5_c3,,,,,,,,,,,,,,,,,,,,,,,,,,,,,,,,,,,,,,,ZTF20abaogvg
2460485.917662,1,2731417662315,19.346900939941406,/ztf/archive/sci/2024/0624/417442/ztf_20240624417442_000585_zg_c06_o_q4_scimrefdiffimg.fits.fz,Kulkarni,2,2731,23,585,26.237199783325195,1.1596400327107403e-05,0.04375369846820831,-0.04585840180516243,3.024139914487023e-05,t17_f5_c3,,,,,,,,,,,,,,,,,,,,,,,,,,,,,,,,,,,,,,,ZTF20abaogvg
2460487.7370718,1,2733237072315,20.811500549316406,/ztf/archive/sci/2024/0626/237060/ztf_20240626237060_000585_zg_c06_o_q4_scimrefdiffimg.fits.fz,Kulkarni,2,2733,23,585,26.362300872802734,7.950930012157187e-06,0.04351929947733879,-0.1328289955854416,1.6894999134819955e-05,t17_f5_c3,,,,,,,,,,,,,,,,,,,,,,,,,,,,,,,,,,,,,,,ZTF20abaogvg
2460487.8102778,2,2733310272315,20.457700729370117,/ztf/archive/sci/2024/0626/310255/ztf_20240626310255_000585_zr_c06_o_q4_scimrefdiffimg.fits.fz,Kulkarni,1,2733,23,585,26.345699310302734,1.7035799828590825e-06,0.02007940039038658,0.08896370232105255,3.6356300370243844e-06,t17_f5_c3,,,,,,,,,,,,,,,,,,,,,,,,,,,,,,,,,,,,,,,ZTF20abaogvg
2460487.8273958,2,2733327392315,18.103500366210938,/ztf/archive/sci/2024/0626/327384/ztf_20240626327384_000585_zr_c06_o_q4_scimrefdiffimg.fits.fz,Kulkarni,2,2733,23,585,24.655000686645508,0.0003734579950105399,0.23550300300121307,0.12374900281429291,0.0007992580067366362,t17_f5_c3,,,,,,,,,,,,,,,,,,,,,,,,,,,,,,,,,,,,,,,ZTF20abaogvg
2460487.9358681,2,2733435862315,19.89349937438965,/ztf/archive/sci/2024/0626/435868/ztf_20240626435868_000585_zr_c06_o_q4_scimrefdiffimg.fits.fz,Kulkarni,2,2733,23,585,26.265600204467773,1.9212700408388628e-06,0.021251799538731575,0.08734849840402603,4.124060069443658e-06,t17_f5_c3,,,,,,,,,,,,,,,,,,,,,,,,,,,,,,,,,,,,,,,ZTF20abaogvg
2460488.8,2,2734300002315,20.705299377441406,/ztf/archive/sci/2024/0627/299988/ztf_20240627299988_000585_zr_c06_o_q4_scimrefdiffimg.fits.fz,Kulkarni,2,2734,23,585,26.364500045776367,3.2678299248800613e-06,0.027574699372053146,0.08230090141296387,7.017670213826932e-06,t17_f5_c3,,,,,,,,,,,,,,,,,,,,,,,,,,,,,,,,,,,,,,,ZTF20abaogvg
2460488.8325347,2,2734332532315,20.608699798583984,/ztf/archive/sci/2024/0627/332512/ztf_20240627332512_000585_zr_c06_o_q4_scimrefdiffimg.fits.fz,Kulkarni,2,2734,23,585,26.370500564575195,2.6351799533586018e-06,0.02494480088353157,0.08353280276060104,5.6136200328182895e-06,t17_f5_c3,,,,,,,,,,,,,,,,,,,,,,,,,,,,,,,,,,,,,,,ZTF20abaogvg
2460488.8928356,3,2734392832315,19.816299438476562,/ztf/archive/sci/2024/0627/392824/ztf_20240627392824_000585_zi_c06_o_q4_scimrefdiffimg.fits.fz,Kulkarni,2,2734,23,585,25.748300552368164,1.2625799854504294e-06,0.024255000054836273,0.19697999954223633,1.1583099876588676e-05,t17_f5_c3,,,,,,,,,,,,,,,,,,,,,,,,,,,,,,,,,,,,,,,ZTF20abaogvg
2460488.9054861,1,2734405482315,20.085599899291992,/ztf/archive/sci/2024/0627/405475/ztf_20240627405475_000585_zg_c06_o_q4_scimrefdiffimg.fits.fz,Kulkarni,2,2734,23,585,26.295000076293945,3.820569872914348e-06,0.030050000175833702,-0.06522689759731293,8.253519808931742e-06,t17_f5_c3,,,,,,,,,,,,,,,,,,,,,,,,,,,,,,,,,,,,,,,ZTF20abaogvg
2460489.7106481,1,2735210642315,20.77440071105957,/ztf/archive/sci/2024/0628/210648/ztf_20240628210648_000585_zg_c06_o_q4_scimrefdiffimg.fits.fz,Kulkarni,2,2735,23,585,26.358600616455078,8.079069630184676e-06,0.043888699263334274,-0.12027399986982346,1.721840089885518e-05,t17_f5_c3,,,,,,,,,,,,,,,,,,,,,,,,,,,,,,,,,,,,,,,ZTF20abaogvg
2460489.750081,1,2735250082315,20.7406005859375,/ztf/archive/sci/2024/0628/250081/ztf_20240628250081_000585_zg_c06_o_q4_scimrefdiffimg.fits.fz,Kulkarni,1,2735,23,585,26.367900848388672,9.715339729154948e-06,0.04822079837322235,-0.12148399651050568,2.069979927910026e-05,t17_f5_c3,,,,,,,,,,,,,,,,,,,,,,,,,,,,,,,,,,,,,,,ZTF20abaogvg
2460489.7692014,1,2735269202315,20.720300674438477,/ztf/archive/sci/2024/0628/269201/ztf_20240628269201_000585_zg_c06_o_q4_scimrefdiffimg.fits.fz,Kulkarni,2,2735,23,585,26.37380027770996,9.109039638133254e-06,0.04647839814424515,-0.1271039992570877,1.943989991559647e-05,t17_f5_c3,,,,,,,,,,,,,,,,,,,,,,,,,,,,,,,,,,,,,,,ZTF20abaogvg
2460489.8314699,2,2735331462315,20.52790069580078,/ztf/archive/sci/2024/0628/331470/ztf_20240628331470_000585_zr_c06_o_q4_scimrefdiffimg.fits.fz,Kulkarni,1,2735,23,585,26.366500854492188,2.1547800770349568e-06,0.02256999909877777,0.08906160295009613,4.57777014162275e-06,t17_f5_c3,,,,,,,,,,,,,,,,,,,,,,,,,,,,,,,,,,,,,,,ZTF20abaogvg
2460489.832419,2,2735332412315,20.489299774169922,/ztf/archive/sci/2024/0628/332419/ztf_20240628332419_000585_zr_c06_o_q4_scimrefdiffimg.fits.fz,Kulkarni,2,2735,23,585,26.374300003051758,2.224750005552778e-06,0.022882800549268723,0.08410529792308807,4.739400083053624e-06,t17_f5_c3,,,,,,,,,,,,,,,,,,,,,,,,,,,,,,,,,,,,,,,ZTF20abaogvg
2460489.8681829,2,2735368182315,20.075300216674805,/ztf/archive/sci/2024/0628/368160/ztf_20240628368160_000585_zr_c06_o_q4_scimrefdiffimg.fits.fz,Kulkarni,2,2735,23,585,26.353900909423828,2.5832400751824025e-06,0.02463579922914505,0.0912507027387619,5.518500074686017e-06,t17_f5_c3,,,,,,,,,,,,,,,,,,,,,,,,,,,,,,,,,,,,,,,ZTF20abaogvg
2460490.7899421,2,2736289942315,20.693099975585938,/ztf/archive/sci/2024/0629/289931/ztf_20240629289931_000585_zr_c06_o_q4_scimrefdiffimg.fits.fz,Kulkarni,2,2736,23,585,26.387399673461914,3.292969950052793e-06,0.027876300737261772,0.07692869752645493,7.0536198109039105e-06,t17_f5_c3,,,,,,,,,,,,,,,,,,,,,,,,,,,,,,,,,,,,,,,ZTF20abaogvg
2460490.8403125,1,2736340312315,20.671600341796875,/ztf/archive/sci/2024/0629/340208/ztf_20240629340208_000585_zg_c06_o_q4_scimrefdiffimg.fits.fz,Kulkarni,2,2736,23,585,26.342599868774414,6.6770999183063395e-06,0.03995060175657272,-0.08870109915733337,1.4174699572322425e-05,t17_f5_c3,,,,,,,,,,,,,,,,,,,,,,,,,,,,,,,,,,,,,,,ZTF20abaogvg
2460491.6937847,1,2737193782315,20.70989990234375,/ztf/archive/sci/2024/0630/193773/ztf_20240630193773_000585_zg_c06_o_q4_scimrefdiffimg.fits.fz,Kulkarni,2,2737,23,585,26.35449981689453,7.889970220276155e-06,0.04335109889507294,-0.11593200266361237,1.6770200090832077e-05,t17_f5_c3,,,,,,,,,,,,,,,,,,,,,,,,,,,,,,,,,,,,,,,ZTF20abaogvg
2460491.7682292,2,2737268222315,20.90239906311035,/ztf/archive/sci/2024/0630/268218/ztf_20240630268218_000585_zr_c06_o_q4_scimrefdiffimg.fits.fz,Kulkarni,2,2737,23,585,26.3789005279541,3.93010986954323e-06,0.030428899452090263,0.07952389866113663,8.40798020362854e-06,t17_f5_c3,,,,,,,,,,,,,,,,,,,,,,,,,,,,,,,,,,,,,,,ZTF20abaogvg
2460491.789213,1,2737289212315,20.78529930114746,/ztf/archive/sci/2024/0630/289190/ztf_20240630289190_000585_zg_c06_o_q4_scimrefdiffimg.fits.fz,Kulkarni,1,2737,23,585,26.368000030517578,9.298990335082635e-06,0.04709700122475624,-0.1298609972000122,1.981350033020135e-05,t17_f5_c3,,,,,,,,,,,,,,,,,,,,,,,,,,,,,,,,,,,,,,,ZTF20abaogvg
2460491.8730671,2,2737373062315,20.55970001220703,/ztf/archive/sci/2024/0630/373067/ztf_20240630373067_000585_zr_c06_o_q4_scimrefdiffimg.fits.fz,Kulkarni,2,2737,23,585,26.35460090637207,2.424709919068846e-06,0.023825999349355698,0.08443500101566315,5.182049790164456e-06,t17_f5_c3,,,,,,,,,,,,,,,,,,,,,,,,,,,,,,,,,,,,,,,ZTF20abaogvg
2460491.8740162,2,2737374012315,20.528200149536133,/ztf/archive/sci/2024/0630/374005/ztf_20240630374005_000585_zr_c06_o_q4_scimrefdiffimg.fits.fz,Kulkarni,1,2737,23,585,26.348600387573242,2.4310600110766245e-06,0.023950599133968353,0.08795099705457687,5.176129889150616e-06,t17_f5_c3,,,,,,,,,,,,,,,,,,,,,,,,,,,,,,,,,,,,,,,ZTF20abaogvg
2460494.7547454,2,2740254742315,20.61669921875,/ztf/archive/sci/2024/0703/254745/ztf_20240703254745_000585_zr_c06_o_q4_scimrefdiffimg.fits.fz,Kulkarni,2,2740,23,585,26.38249969482422,3.497609895930509e-06,0.02867710031569004,0.07898940145969391,7.519679911638377e-06,t17_f5_c3,,,,,,,,,,,,,,,,,,,,,,,,,,,,,,,,,,,,,,,ZTF20abaogvg
2460494.7892593,1,2740289252315,20.458799362182617,/ztf/archive/sci/2024/0703/289248/ztf_20240703289248_000585_zg_c06_o_q4_scimrefdiffimg.fits.fz,Kulkarni,2,2740,23,585,26.38360023498535,8.055790203798097e-06,0.04366980120539665,-0.1432799994945526,1.7351199858239852e-05,t17_f5_c3,,,,,,,,,,,,,,,,,,,,,,,,,,,,,,,,,,,,,,,ZTF20abaogvg
2460494.7975463,1,2740297542315,20.636199951171875,/ztf/archive/sci/2024/0703/297546/ztf_20240703297546_000585_zg_c06_o_q4_scimrefdiffimg.fits.fz,Kulkarni,2,2740,23,585,26.374399185180664,8.964269909483846e-06,0.04608910158276558,-0.1330769956111908,1.9228600649512373e-05,t17_f5_c3,,,,,,,,,,,,,,,,,,,,,,,,,,,,,,,,,,,,,,,ZTF20abaogvg
2460494.8166667,3,2740316662315,20.018199920654297,/ztf/archive/sci/2024/0703/316667/ztf_20240703316667_000585_zi_c06_o_q4_scimrefdiffimg.fits.fz,Kulkarni,2,2740,23,585,25.77829933166504,2.0751299416588154e-06,0.03104420006275177,0.19369900226593018,1.9174000044586137e-05,t17_f5_c3,,,,,,,,,,,,,,,,,,,,,,,,,,,,,,,,,,,,,,,ZTF20abaogvg
2460494.8543403,2,2740354342315,20.374799728393555,/ztf/archive/sci/2024/0703/354329/ztf_20240703354329_000585_zr_c06_o_q4_scimrefdiffimg.fits.fz,Kulkarni,2,2740,23,585,26.336200714111328,2.8340100470813923e-06,0.025905700400471687,0.08785399794578552,6.069460141588934e-06,t17_f5_c3,,,,,,,,,,,,,,,,,,,,,,,,,,,,,,,,,,,,,,,ZTF20abaogvg
2460498.7181597,1,2744218152315,20.747800827026367,/ztf/archive/sci/2024/0707/218148/ztf_20240707218148_000585_zg_c06_o_q4_scimrefdiffimg.fits.fz,Kulkarni,2,2744,23,585,26.29759979248047,9.19894955586642e-06,0.04679989814758301,-0.1169859990477562,1.9670500478241593e-05,t17_f5_c3,,,,,,,,,,,,,,,,,,,,,,,,,,,,,,,,,,,,,,,ZTF20abaogvg
2460499.7078588,1,2745207852315,20.58839988708496,/ztf/archive/sci/2024/0708/207859/ztf_20240708207859_000585_zg_c06_o_q4_scimrefdiffimg.fits.fz,Kulkarni,2,2745,23,585,26.284900665283203,1.0582900358713232e-05,0.05037109926342964,-0.10461699962615967,2.2507500034407713e-05,t17_f5_c3,,,,,,,,,,,,,,,,,,,,,,,,,,,,,,,,,,,,,,,ZTF20abaogvg
2460499.714537,1,2745214532315,20.57430076599121,/ztf/archive/sci/2024/0708/214537/ztf_20240708214537_000585_zg_c06_o_q4_scimrefdiffimg.fits.fz,Kulkarni,1,2745,23,585,26.280799865722656,1.0751999980129767e-05,0.0502685010433197,-0.1075500026345253,2.2982500013313256e-05,t17_f5_c3,,,,,,,,,,,,,,,,,,,,,,,,,,,,,,,,,,,,,,,ZTF20abaogvg
2460499.7840509,2,2745284052315,20.48889923095703,/ztf/archive/sci/2024/0708/284039/ztf_20240708284039_000585_zr_c06_o_q4_scimrefdiffimg.fits.fz,Kulkarni,2,2745,23,585,26.311199188232422,4.068830094183795e-06,0.030764499679207802,0.08419860154390335,8.762490324443206e-06,t17_f5_c3,,,,,,,,,,,,,,,,,,,,,,,,,,,,,,,,,,,,,,,ZTF20abaogvg
2460499.7849884,2,2745284982315,20.54949951171875,/ztf/archive/sci/2024/0708/284988/ztf_20240708284988_000585_zr_c06_o_q4_scimrefdiffimg.fits.fz,Kulkarni,1,2745,23,585,26.30769920349121,3.900399860867765e-06,0.03011319972574711,0.08488799631595612,8.405149856116623e-06,t17_f5_c3,,,,,,,,,,,,,,,,,,,,,,,,,,,,,,,,,,,,,,,ZTF20abaogvg
2460499.8113079,2,2745311302315,20.38330078125,/ztf/archive/sci/2024/0708/311285/ztf_20240708311285_000585_zr_c06_o_q4_scimrefdiffimg.fits.fz,Kulkarni,2,2745,23,585,26.311399459838867,4.348879883764312e-06,0.03194279968738556,0.08682990074157715,9.34193030843744e-06,t17_f5_c3,,,,,,,,,,,,,,,,,,,,,,,,,,,,,,,,,,,,,,,ZTF20abaogvg
2460499.8402199,1,2745340212315,20.34160041809082,/ztf/archive/sci/2024/0708/340208/ztf_20240708340208_000585_zg_c06_o_q4_scimrefdiffimg.fits.fz,Kulkarni,2,2745,23,585,26.237600326538086,9.149839570454787e-06,0.046333398669958115,-0.09310539811849594,1.9755199900828302e-05,t17_f5_c3,,,,,,,,,,,,,,,,,,,,,,,,,,,,,,,,,,,,,,,ZTF20abaogvg
2460500.7549537,2,2746254952315,20.590099334716797,/ztf/archive/sci/2024/0709/254942/ztf_20240709254942_000585_zr_c06_o_q4_scimrefdiffimg.fits.fz,Kulkarni,2,2746,23,585,26.322200775146484,3.0981600502855144e-06,0.026969799771904945,0.08291789889335632,6.626430149481166e-06,t17_f5_c3,,,,,,,,,,,,,,,,,,,,,,,,,,,,,,,,,,,,,,,ZTF20abaogvg
2460500.7984375,2,2746298432315,20.442899703979492,/ztf/archive/sci/2024/0709/298426/ztf_20240709298426_000585_zr_c06_o_q4_scimrefdiffimg.fits.fz,Kulkarni,2,2746,23,585,26.304899215698242,3.420060011194437e-06,0.028378499671816826,0.09364409744739532,7.300000106624793e-06,t17_f5_c3,,,,,,,,,,,,,,,,,,,,,,,,,,,,,,,,,,,,,,,ZTF20abaogvg
2460500.8186111,1,2746318612315,20.447099685668945,/ztf/archive/sci/2024/0709/318600/ztf_20240709318600_000585_zg_c06_o_q4_scimrefdiffimg.fits.fz,Kulkarni,2,2746,23,585,26.226999282836914,1.0424399988551158e-05,0.05004819855093956,-0.08193620294332504,2.221489921794273e-05,t17_f5_c3,,,,,,,,,,,,,,,,,,,,,,,,,,,,,,,,,,,,,,,ZTF20abaogvg
2460501.6944676,1,2747194462315,20.67690086364746,/ztf/archive/sci/2024/0710/194456/ztf_20240710194456_000585_zg_c06_o_q4_scimrefdiffimg.fits.fz,Kulkarni,2,2747,23,585,26.288000106811523,8.824649739835877e-06,0.04543209820985794,-0.1340309977531433,1.8990000171470456e-05,t17_f5_c3,,,,,,,,,,,,,,,,,,,,,,,,,,,,,,,,,,,,,,,ZTF20abaogvg
2460501.6954051,1,2747195402315,20.645000457763672,/ztf/archive/sci/2024/0710/195405/ztf_20240710195405_000585_zg_c06_o_q4_scimrefdiffimg.fits.fz,Kulkarni,1,2747,23,585,26.28230094909668,8.247209734690841e-06,0.04403119906783104,-0.13259199261665344,1.7705899153952487e-05,t17_f5_c3,,,,,,,,,,,,,,,,,,,,,,,,,,,,,,,,,,,,,,,ZTF20abaogvg
2460501.7690856,2,2747269082315,20.76129913330078,/ztf/archive/sci/2024/0710/269074/ztf_20240710269074_000585_zr_c06_o_q4_scimrefdiffimg.fits.fz,Kulkarni,1,2747,23,585,26.320899963378906,4.030659965792438e-06,0.030713900923728943,0.08070019632577896,8.659770173835568e-06,t17_f5_c3,,,,,,,,,,,,,,,,,,,,,,,,,,,,,,,,,,,,,,,ZTF20abaogvg
2460501.7700231,2,2747270022315,20.670299530029297,/ztf/archive/sci/2024/0710/270023/ztf_20240710270023_000585_zr_c06_o_q4_scimrefdiffimg.fits.fz,Kulkarni,2,2747,23,585,26.324600219726562,3.299529907963006e-06,0.027858199551701546,0.08097639679908752,7.060440111672506e-06,t17_f5_c3,,,,,,,,,,,,,,,,,,,,,,,,,,,,,,,,,,,,,,,ZTF20abaogvg
2460501.8197569,2,2747319752315,20.622900009155273,/ztf/archive/sci/2024/0710/319745/ztf_20240710319745_000585_zr_c06_o_q4_scimrefdiffimg.fits.fz,Kulkarni,2,2747,23,585,26.285600662231445,3.090370000791154e-06,0.026836499571800232,0.08636210113763809,6.619150099140825e-06,t17_f5_c3,,,,,,,,,,,,,,,,,,,,,,,,,,,,,,,,,,,,,,,ZTF20abaogvg
2460501.847338,1,2747347332315,20.36829948425293,/ztf/archive/sci/2024/0710/347002/ztf_20240710347002_000585_zg_c06_o_q4_scimrefdiffimg.fits.fz,Kulkarni,2,2747,23,585,26.15410041809082,7.309370175789809e-06,0.04184029996395111,-0.09402550011873245,1.5576799341943115e-05,t17_f5_c3,,,,,,,,,,,,,,,,,,,,,,,,,,,,,,,,,,,,,,,ZTF20abaogvg
2460501.8517708,3,2747351772315,19.997299194335938,/ztf/archive/sci/2024/0710/351771/ztf_20240710351771_000585_zi_c06_o_q4_scimrefdiffimg.fits.fz,Kulkarni,2,2747,23,585,25.737600326538086,1.8316500245418865e-06,0.029157599434256554,0.1993740051984787,1.6942400179686956e-05,t17_f5_c3,,,,,,,,,,,,,,,,,,,,,,,,,,,,,,,,,,,,,,,ZTF20abaogvg
2460502.6740046,1,2748174002315,20.17690086364746,/ztf/archive/sci/2024/0711/174005/ztf_20240711174005_000585_zg_c06_o_q4_scimrefdiffimg.fits.fz,Kulkarni,2,2748,23,585,26.205799102783203,5.011109806218883e-06,0.033799901604652405,-0.07976490259170532,1.1037200238206424e-05,t17_f5_c3,,,,,,,,,,,,,,,,,,,,,,,,,,,,,,,,,,,,,,,ZTF20abaogvg
2460502.7908218,1,2748290822315,20.53849983215332,/ztf/archive/sci/2024/0711/290822/ztf_20240711290822_000585_zg_c06_o_q4_scimrefdiffimg.fits.fz,Kulkarni,2,2748,23,585,26.132299423217773,8.151860129146371e-06,0.0441213995218277,-0.10039699822664261,1.7439599105273373e-05,t17_f5_c3,,,,,,,,,,,,,,,,,,,,,,,,,,,,,,,,,,,,,,,ZTF20abaogvg
2460502.8157176,2,2748315712315,20.452699661254883,/ztf/archive/sci/2024/0711/315671/ztf_20240711315671_000585_zr_c06_o_q4_scimrefdiffimg.fits.fz,Kulkarni,2,2748,23,585,26.229299545288086,2.5489800918876426e-06,0.024616800248622894,0.08679450303316116,5.46807996215648e-06,t17_f5_c3,,,,,,,,,,,,,,,,,,,,,,,,,,,,,,,,,,,,,,,ZTF20abaogvg
2460502.8755671,2,2748375562315,20.044099807739258,/ztf/archive/sci/2024/0711/375370/ztf_20240711375370_000585_zr_c06_o_q4_scimrefdiffimg.fits.fz,Kulkarni,2,2748,23,585,26.16080093383789,2.3370000690192683e-06,0.023490900173783302,0.08890269696712494,5.001009867555695e-06,t17_f5_c3,,,,,,,,,,,,,,,,,,,,,,,,,,,,,,,,,,,,,,,ZTF20abaogvg
2460503.6935301,1,2749193532315,20.14349937438965,/ztf/archive/sci/2024/0712/193519/ztf_20240712193519_000585_zg_c06_o_q4_scimrefdiffimg.fits.fz,Kulkarni,2,2749,23,585,26.11319923400879,7.147550149966264e-06,0.04077669978141785,-0.08137989789247513,1.5619900295860134e-05,t17_f5_c3,,,,,,,,,,,,,,,,,,,,,,,,,,,,,,,,,,,,,,,ZTF20abaogvg
2460503.7569676,2,2749256962315,20.383399963378906,/ztf/archive/sci/2024/0712/256968/ztf_20240712256968_000585_zr_c06_o_q4_scimrefdiffimg.fits.fz,Kulkarni,1,2749,23,585,26.20490074157715,2.5866499981930247e-06,0.02456749975681305,0.09246429800987244,5.561879788729129e-06,t17_f5_c3,,,,,,,,,,,,,,,,,,,,,,,,,,,,,,,,,,,,,,,ZTF20abaogvg
2460503.7579051,2,2749257902315,20.41900062561035,/ztf/archive/sci/2024/0712/257905/ztf_20240712257905_000585_zr_c06_o_q4_scimrefdiffimg.fits.fz,Kulkarni,2,2749,23,585,26.205699920654297,2.5530700895615155e-06,0.024373700842261314,0.08739300072193146,5.49219021195313e-06,t17_f5_c3,,,,,,,,,,,,,,,,,,,,,,,,,,,,,,,,,,,,,,,ZTF20abaogvg
2460503.7920023,2,2749292002315,20.365100860595703,/ztf/archive/sci/2024/0712/292002/ztf_20240712292002_000585_zr_c06_o_q4_scimrefdiffimg.fits.fz,Kulkarni,2,2749,23,585,26.185199737548828,2.6021500616479898e-06,0.024692200124263763,0.08945299685001373,5.594500180450268e-06,t17_f5_c3,,,,,,,,,,,,,,,,,,,,,,,,,,,,,,,,,,,,,,,ZTF20abaogvg
2460503.8198727,1,2749319872315,19.984899520874023,/ztf/archive/sci/2024/0712/319861/ztf_20240712319861_000585_zg_c06_o_q4_scimrefdiffimg.fits.fz,Kulkarni,2,2749,23,585,25.916400909423828,9.798800419957843e-06,0.04614489898085594,-0.06993330270051956,2.2402200556825846e-05,t17_f5_c3,,,,,,,,,,,,,,,,,,,,,,,,,,,,,,,,,,,,,,,ZTF20abaogvg
2460503.8208102,1,2749320812315,19.85070037841797,/ztf/archive/sci/2024/0712/320810/ztf_20240712320810_000585_zg_c06_o_q4_scimrefdiffimg.fits.fz,Kulkarni,1,2749,23,585,25.910499572753906,1.0929000382020604e-05,0.04632769897580147,-0.048706699162721634,2.6540799808572046e-05,t17_f5_c3,,,,,,,,,,,,,,,,,,,,,,,,,,,,,,,,,,,,,,,ZTF20abaogvg
2460504.7973843,1,2750297382315,20.59510040283203,/ztf/archive/sci/2024/0713/297373/ztf_20240713297373_000585_zg_c06_o_q4_scimrefdiffimg.fits.fz,Kulkarni,2,2750,23,585,26.128400802612305,9.877369848254602e-06,0.04839500039815903,-0.09191890060901642,2.1194200598984025e-05,t17_f5_c3,,,,,,,,,,,,,,,,,,,,,,,,,,,,,,,,,,,,,,,ZTF20abaogvg
2460504.8182176,1,2750318212315,20.4601993560791,/ztf/archive/sci/2024/0713/318206/ztf_20240713318206_000585_zg_c06_o_q4_scimrefdiffimg.fits.fz,Kulkarni,2,2750,23,585,26.121200561523438,9.13085023057647e-06,0.04618240147829056,-0.09433150291442871,1.982329922611825e-05,t17_f5_c3,,,,,,,,,,,,,,,,,,,,,,,,,,,,,,,,,,,,,,,ZTF20abaogvg
2460504.863912,2,2750363912315,20.353300094604492,/ztf/archive/sci/2024/0713/363900/ztf_20240713363900_000585_zr_c06_o_q4_scimrefdiffimg.fits.fz,Kulkarni,2,2750,23,585,26.15239906311035,2.252269950986374e-06,0.02308100089430809,0.0896696001291275,4.834379979001824e-06,t17_f5_c3,,,,,,,,,,,,,,,,,,,,,,,,,,,,,,,,,,,,,,,ZTF20abaogvg
2460504.892662,2,2750392662315,20.104299545288086,/ztf/archive/sci/2024/0713/392662/ztf_20240713392662_000585_zr_c06_o_q4_scimrefdiffimg.fits.fz,Kulkarni,2,2750,23,585,26.111299514770508,2.0467800823098514e-06,0.021988200023770332,0.08874870091676712,4.375930075184442e-06,t17_f5_c3,,,,,,,,,,,,,,,,,,,,,,,,,,,,,,,,,,,,,,,ZTF20abaogvg
2460505.6921181,1,2751192112315,20.305999755859375,/ztf/archive/sci/2024/0714/192118/ztf_20240714192118_000585_zg_c06_o_q4_scimrefdiffimg.fits.fz,Kulkarni,2,2751,23,585,26.25860023498535,4.03418016503565e-06,0.03043540008366108,-0.06224080175161362,8.806769983493723e-06,t17_f5_c3,,,,,,,,,,,,,,,,,,,,,,,,,,,,,,,,,,,,,,,ZTF20abaogvg
2460505.7279745,2,2751227972315,20.1875,/ztf/archive/sci/2024/0714/227975/ztf_20240714227975_000585_zr_c06_o_q4_scimrefdiffimg.fits.fz,Kulkarni,1,2751,23,585,26.211999893188477,2.397860043856781e-06,0.023774800822138786,0.08615820109844208,5.126039923197823e-06,t17_f5_c3,,,,,,,,,,,,,,,,,,,,,,,,,,,,,,,,,,,,,,,ZTF20abaogvg
2460505.728912,2,2751228912315,20.153799057006836,/ztf/archive/sci/2024/0714/228912/ztf_20240714228912_000585_zr_c06_o_q4_scimrefdiffimg.fits.fz,Kulkarni,2,2751,23,585,26.1653995513916,2.925949956988916e-06,0.026182500645518303,0.0843110978603363,6.248680165299447e-06,t17_f5_c3,,,,,,,,,,,,,,,,,,,,,,,,,,,,,,,,,,,,,,,ZTF20abaogvg
2460505.8330903,1,2751333092315,20.489700317382812,/ztf/archive/sci/2024/0714/333090/ztf_20240714333090_000585_zg_c06_o_q4_scimrefdiffimg.fits.fz,Kulkarni,1,2751,23,585,26.167699813842773,7.140260095184203e-06,0.041339799761772156,-0.07907529920339584,1.5235399587254506e-05,t17_f5_c3,,,,,,,,,,,,,,,,,,,,,,,,,,,,,,,,,,,,,,,ZTF20abaogvg
2460506.693588,1,2752193582315,20.113100051879883,/ztf/archive/sci/2024/0715/193576/ztf_20240715193576_000585_zg_c06_o_q4_scimrefdiffimg.fits.fz,Kulkarni,2,2752,23,585,26.260700225830078,4.530879778030794e-06,0.03200580179691315,-0.058776501566171646,1.0051199751615059e-05,t17_f5_c3,,,,,,,,,,,,,,,,,,,,,,,,,,,,,,,,,,,,,,,ZTF20abaogvg
2460506.7338079,2,2752233802315,20.119699478149414,/ztf/archive/sci/2024/0715/233808/ztf_20240715233808_000585_zr_c06_o_q4_scimrefdiffimg.fits.fz,Kulkarni,2,2752,23,585,26.313199996948242,1.7879699498735135e-06,0.02047549933195114,0.08387789875268936,3.84167014999548e-06,t17_f5_c3,,,,,,,,,,,,,,,,,,,,,,,,,,,,,,,,,,,,,,,ZTF20abaogvg
2460507.6910185,1,2753191012315,20.0039005279541,/ztf/archive/sci/2024/0716/191007/ztf_20240716191007_000585_zg_c06_o_q4_scimrefdiffimg.fits.fz,Kulkarni,2,2753,23,585,26.330400466918945,5.157980012882035e-06,0.033993400633335114,-0.07020650058984756,1.1483300113468431e-05,t17_f5_c3,2.753191012315015e+18,1,2.0,669.135986328125,851.385986328125,254.2909391,17.7480109,19.98539924621582,0.21554000675678253,1.3078399896621704,19.765499114990234,0.3154999911785126,0.21969200670719147,19.437999725341797,0.061000000685453415,4.00600004196167,0.3580000102519989,0.9667729735374451,-0.2198919951915741,1.9800000190734863,0.9359999895095825,669.135986328125,0.2383909970521927,1.2551900148391724,0.902999997138977,0.796999990940094,0.4560610055923462,0.40252500772476196,1.1330000162124634,1.0,0.0,0.8828570246696472,1.0,19.555200576782227,0.33320000767707825,254.2909287,17.7479499,6.85802,ZTF20abaogvg
2460507.7693171,3,2753269312315,19.902599334716797,/ztf/archive/sci/2024/0716/269306/ztf_20240716269306_000585_zi_c06_o_q4_scimrefdiffimg.fits.fz,Kulkarni,2,2753,23,585,25.747299194335938,1.3908199889556272e-06,0.02539060078561306,0.1913529932498932,1.2814200090360828e-05,t17_f5_c3,,,,,,,,,,,,,,,,,,,,,,,,,,,,,,,,,,,,,,,ZTF20abaogvg
2460507.7863194,2,2753286312315,20.20599937438965,/ztf/archive/sci/2024/0716/286308/ztf_20240716286308_000585_zr_c06_o_q4_scimrefdiffimg.fits.fz,Kulkarni,2,2753,23,585,26.328500747680664,1.9332298961671768e-06,0.02128490060567856,0.08532589673995972,4.146770152146928e-06,t17_f5_c3,2.753286312315015e+18,1,1.0,655.3699951171875,836.3660278320312,254.2909103,17.7480045,19.8435001373291,0.17016799747943878,1.496440052986145,19.983299255371094,0.3693999946117401,0.3761259913444519,18.534000396728516,0.07100000232458115,4.507999897003174,0.375,-0.10476399958133698,0.13981500267982483,2.3399999141693115,0.7559999823570251,655.3699951171875,0.2227189987897873,0.9263539910316467,0.6610000133514404,0.5669999718666077,0.2824789881706238,0.24230800569057465,1.165779948234558,8.0,0.0,0.8442860245704651,0.7448390126228333,19.62540054321289,0.33970001339912415,254.2908805,17.7479064,7.61252,ZTF20abaogvg
2460507.7980556,2,2753298052315,20.284900665283203,/ztf/archive/sci/2024/0716/298044/ztf_20240716298044_000585_zr_c06_o_q4_scimrefdiffimg.fits.fz,Kulkarni,2,2753,23,585,26.32509994506836,2.158820052500232e-06,0.02249789983034134,0.08658479899168015,4.61625995740178e-06,t17_f5_c3,2.753298052315015e+18,1,2.0,657.1510009765625,842.5399780273438,254.2909106,17.7479511,19.85110092163086,0.15987899899482727,2.4218199253082275,20.106300354003906,0.39980000257492065,0.17386400699615479,18.534000396728516,0.07100000232458115,4.507999897003174,0.375,0.25467199087142944,0.2551810145378113,1.0437599420547485,0.953000009059906,657.1510009765625,0.17858600616455078,2.0,0.6899999976158142,0.5270000100135803,0.6610710024833679,0.5049049854278564,1.3092999458312988,8.0,0.0,0.74857097864151,0.7984430193901062,19.98069953918457,0.45500001311302185,254.2908805,17.7479064,6.88652,ZTF20abaogvg
2460507.6910185,1,2753191012315,20.0039005279541,/ztf/archive/sci/2024/0716/191007/ztf_20240716191007_000585_zg_c06_o_q4_scimrefdiffimg.fits.fz,Kulkarni,2,2753,23,585,26.330400466918945,5.157980012882035e-06,0.033993400633335114,-0.07020650058984756,1.1483300113468431e-05,t17_f5_c3,2.753191012315015e+18,t,2.0,669.135986328125,851.385986328125,254.2909391,17.7480109,19.98539924621582,0.21554000675678253,1.3078399896621704,19.765499114990234,0.3154999911785126,0.21969200670719147,19.437999725341797,0.061000000685453415,4.00600004196167,0.3580000102519989,0.9667729735374451,-0.2198919951915741,1.9800000190734863,0.9359999895095825,669.135986328125,0.2383909970521927,1.2551900148391724,0.902999997138977,0.796999990940094,0.4560610055923462,0.40252500772476196,1.1330000162124634,1.0,0.0,0.8828570246696472,1.0,19.555200576782227,0.33320000767707825,254.2909287,17.7479499,6.85802,ZTF20abaogvg
2460507.7863194,2,2753286312315,20.20599937438965,/ztf/archive/sci/2024/0716/286308/ztf_20240716286308_000585_zr_c06_o_q4_scimrefdiffimg.fits.fz,Kulkarni,2,2753,23,585,26.328500747680664,1.9332298961671768e-06,0.02128490060567856,0.08532589673995972,4.146770152146928e-06,t17_f5_c3,2.753286312315015e+18,t,1.0,655.3699951171875,836.3660278320312,254.2909103,17.7480045,19.8435001373291,0.17016799747943878,1.496440052986145,19.983299255371094,0.3693999946117401,0.3761259913444519,18.534000396728516,0.07100000232458115,4.507999897003174,0.375,-0.10476399958133698,0.13981500267982483,2.3399999141693115,0.7559999823570251,655.3699951171875,0.2227189987897873,0.9263539910316467,0.6610000133514404,0.5669999718666077,0.2824789881706238,0.24230800569057465,1.165779948234558,8.0,0.0,0.8442860245704651,0.7448390126228333,19.62540054321289,0.33970001339912415,254.2908805,17.7479064,7.61252,ZTF20abaogvg
2460507.7980556,2,2753298052315,20.284900665283203,/ztf/archive/sci/2024/0716/298044/ztf_20240716298044_000585_zr_c06_o_q4_scimrefdiffimg.fits.fz,Kulkarni,2,2753,23,585,26.32509994506836,2.158820052500232e-06,0.02249789983034134,0.08658479899168015,4.61625995740178e-06,t17_f5_c3,2.753298052315015e+18,t,2.0,657.1510009765625,842.5399780273438,254.2909106,17.7479511,19.85110092163086,0.15987899899482727,2.4218199253082275,20.106300354003906,0.39980000257492065,0.17386400699615479,18.534000396728516,0.07100000232458115,4.507999897003174,0.375,0.25467199087142944,0.2551810145378113,1.0437599420547485,0.953000009059906,657.1510009765625,0.17858600616455078,2.0,0.6899999976158142,0.5270000100135803,0.6610710024833679,0.5049049854278564,1.3092999458312988,8.0,0.0,0.74857097864151,0.7984430193901062,19.98069953918457,0.45500001311302185,254.2908805,17.7479064,6.88652,ZTF20abaogvg
2460507.8279051,1,2753327902315,20.17569923400879,/ztf/archive/sci/2024/0716/327905/ztf_20240716327905_000585_zg_c06_o_q4_scimrefdiffimg.fits.fz,Kulkarni,2,2753,23,585,26.274900436401367,4.158589945291169e-06,0.0315328985452652,-0.07110589742660522,8.897330189938657e-06,t17_f5_c3,2.753327902315015e+18,t,2.0,621.0059814453125,841.5059814453125,254.2909841,17.7480278,19.99690055847168,0.21429599821567535,1.1986199617385864,20.050100326538086,0.3635999858379364,0.34040001034736633,19.437999725341797,0.061000000685453415,4.00600004196167,0.3580000102519989,0.15772899985313416,0.05323899909853935,2.1500000953674316,0.9919999837875366,621.0059814453125,0.125560000538826,1.1138099431991577,0.6589999794960022,0.527999997138977,0.3065119981765747,0.2455810010433197,1.248110055923462,4.0,0.0,0.8871430158615112,0.9073529839515686,19.648700714111328,0.3222000002861023,254.2909287,17.7479499,8.19336,ZTF20abaogvg
2460508.7995139,2,2754299512315,19.715099334716797,/ztf/archive/sci/2024/0717/299502/ztf_20240717299502_000585_zr_c06_o_q4_scimrefdiffimg.fits.fz,Kulkarni,2,2754,23,585,26.300199508666992,2.484400056346203e-06,0.02418770082294941,0.0900236964225769,5.311850145517383e-06,t17_f5_c3,,,,,,,,,,,,,,,,,,,,,,,,,,,,,,,,,,,,,,,ZTF20abaogvg
2460508.8437037,1,2754343702315,18.49880027770996,/ztf/archive/sci/2024/0717/343704/ztf_20240717343704_000585_zg_c06_o_q4_scimrefdiffimg.fits.fz,Kulkarni,2,2754,23,585,25.2593994140625,0.0002898800012189895,0.13625000417232513,0.011015700176358223,0.0008430490270256996,t17_f5_c3,,,,,,,,,,,,,,,,,,,,,,,,,,,,,,,,,,,,,,,ZTF20abaogvg
2460508.8455903,1,2754345592315,18.527000427246094,/ztf/archive/sci/2024/0717/345590/ztf_20240717345590_000585_zg_c06_o_q4_scimrefdiffimg.fits.fz,Kulkarni,1,2754,23,585,25.34429931640625,3.0076200346229598e-05,0.048264000564813614,-0.042384300380945206,8.570370118832216e-05,t17_f5_c3,,,,,,,,,,,,,,,,,,,,,,,,,,,,,,,,,,,,,,,ZTF20abaogvg
2460509.6905208,1,2755190522315,19.405799865722656,/ztf/archive/sci/2024/0718/190509/ztf_20240718190509_000585_zg_c06_o_q4_scimrefdiffimg.fits.fz,Kulkarni,2,2755,23,585,26.24519920349121,9.300790225097444e-06,0.040230799466371536,-0.049086298793554306,2.36410996876657e-05,t17_f5_c3,2.755190522315015e+18,1,1.0,686.9400024414062,855.5089721679688,254.2909816,17.7479284,19.573200225830078,0.22891399264335632,1.8563100099563599,19.28179931640625,0.3393000066280365,0.19671699404716492,19.437999725341797,0.061000000685453415,4.00600004196167,0.3580000102519989,0.45166999101638794,-0.291363000869751,2.559999942779541,0.9679999947547913,686.9400024414062,0.12399899959564209,0.9972550272941589,0.8389999866485596,0.7630000114440918,0.32773399353027344,0.2980470061302185,1.0996099710464478,6.0,0.0,0.857142984867096,0.9698140025138855,19.022199630737305,0.3431999981403351,254.2909287,17.7479499,6.67056,ZTF20abaogvg
2460509.8054745,2,2755305472315,17.712900161743164,/ztf/archive/sci/2024/0718/305417/ztf_20240718305417_000585_zr_c06_o_q4_scimrefdiffimg.fits.fz,Kulkarni,2,2755,23,585,25.130599975585938,3.080099850194529e-05,0.056190598756074905,0.09838580340147018,7.1197900979314e-05,t17_f5_c3,,,,,,,,,,,,,,,,,,,,,,,,,,,,,,,,,,,,,,,ZTF20abaogvg
2460509.6905208,1,2755190522315,19.405799865722656,/ztf/archive/sci/2024/0718/190509/ztf_20240718190509_000585_zg_c06_o_q4_scimrefdiffimg.fits.fz,Kulkarni,2,2755,23,585,26.24519920349121,9.300790225097444e-06,0.040230799466371536,-0.049086298793554306,2.36410996876657e-05,t17_f5_c3,2.755190522315015e+18,t,1.0,686.9400024414062,855.5089721679688,254.2909816,17.7479284,19.573200225830078,0.22891399264335632,1.8563100099563599,19.28179931640625,0.3393000066280365,0.19671699404716492,19.437999725341797,0.061000000685453415,4.00600004196167,0.3580000102519989,0.45166999101638794,-0.291363000869751,2.559999942779541,0.9679999947547913,686.9400024414062,0.12399899959564209,0.9972550272941589,0.8389999866485596,0.7630000114440918,0.32773399353027344,0.2980470061302185,1.0996099710464478,6.0,0.0,0.857142984867096,0.9698140025138855,19.022199630737305,0.3431999981403351,254.2909287,17.7479499,6.67056,ZTF20abaogvg
2460509.8613542,1,2755361352315,19.28219985961914,/ztf/archive/sci/2024/0718/361343/ztf_20240718361343_000585_zg_c06_o_q4_scimrefdiffimg.fits.fz,Kulkarni,2,2755,23,585,26.037700653076172,9.019539902510587e-06,0.038275301456451416,-0.027385899797081947,2.3669099391554482e-05,t17_f5_c3,2.755361352315015e+18,t,1.0,617.8070068359375,837.39501953125,254.2909461,17.747929,19.273700714111328,0.18531900644302368,0.8520659804344177,19.26799964904785,0.3481000065803528,0.08669199794530869,19.437999725341797,0.061000000685453415,4.00600004196167,0.3580000102519989,0.11134199798107147,-0.00572599982842803,2.819999933242798,0.9710000157356262,617.8070068359375,0.014202999882400036,0.9770339727401733,0.9129999876022339,0.8180000185966492,0.323758989572525,0.2900710105895996,1.1161400079727173,5.0,0.0,0.942857027053833,0.9321240186691284,18.940799713134766,0.33090001344680786,254.2909287,17.7479499,8.08607,ZTF20abaogvg
2460510.74625,1,2756246242315,19.657499313354492,/ztf/archive/sci/2024/0719/246238/ztf_20240719246238_000585_zg_c06_o_q4_scimrefdiffimg.fits.fz,Kulkarni,1,2756,23,585,26.34749984741211,5.579579919867683e-06,0.034271299839019775,-0.05371139943599701,1.2978300219401717e-05,t17_f5_c3,2.756246242315015e+18,1,1.0,661.64697265625,841.6320190429688,254.2909771,17.7480319,19.350500106811523,0.19205699861049652,1.439170002937317,18.898500442504883,0.19840000569820404,0.3365840017795563,19.437999725341797,0.061000000685453415,4.00600004196167,0.3580000102519989,0.845507025718689,-0.45197299122810364,3.7799999713897705,0.9789999723434448,661.64697265625,0.7589640021324158,0.6459519863128662,1.065999984741211,0.7210000157356262,0.2820110023021698,0.19074100255966187,1.4785000085830688,4.0,0.0,0.48428601026535034,0.9476270079612732,18.95949935913086,0.26899999380111694,254.2909287,17.7479499,10.0179,ZTF20abaogvg
2460510.7487037,1,2756248702315,19.665800094604492,/ztf/archive/sci/2024/0719/248600/ztf_20240719248600_000585_zg_c06_o_q4_scimrefdiffimg.fits.fz,Kulkarni,2,2756,23,585,26.35580062866211,5.685230007657083e-06,0.0338176004588604,-0.05444519966840744,1.357749988528667e-05,t17_f5_c3,,,,,,,,,,,,,,,,,,,,,,,,,,,,,,,,,,,,,,,ZTF20abaogvg
2460510.7707755,2,2756270772315,19.833599090576172,/ztf/archive/sci/2024/0719/270764/ztf_20240719270764_000585_zr_c06_o_q4_scimrefdiffimg.fits.fz,Kulkarni,1,2756,23,585,26.35260009765625,2.220129999841447e-06,0.022890200838446617,0.08480820059776306,4.743450062960619e-06,t17_f5_c3,,,,,,,,,,,,,,,,,,,,,,,,,,,,,,,,,,,,,,,ZTF20abaogvg
2460510.7910764,2,2756291072315,19.774499893188477,/ztf/archive/sci/2024/0719/291065/ztf_20240719291065_000585_zr_c06_o_q4_scimrefdiffimg.fits.fz,Kulkarni,2,2756,23,585,26.329299926757812,2.122570094797993e-06,0.022378399968147278,0.09010820090770721,4.539559995464515e-06,t17_f5_c3,2.756291072315015e+18,1,2.0,646.9760131835938,851.7059936523438,254.2910259,17.748004,19.40730094909668,0.13023699820041656,1.3075499534606934,19.40760040283203,0.31130000948905945,0.6077399849891663,18.534000396728516,0.07100000232458115,4.507999897003174,0.375,0.10110200196504593,0.00033400001120753586,1.5700000524520874,0.9990000128746033,646.9760131835938,0.3668709993362427,1.4245200157165527,0.5559999942779541,0.4560000002384186,0.3541400134563446,0.290446013212204,1.2193000316619873,7.0,0.0,0.9028570055961609,0.9366359710693359,19.133899688720703,0.3100999891757965,254.2908805,17.7479064,8.72863,ZTF20abaogvg
2460510.8386458,2,2756338642315,19.558900833129883,/ztf/archive/sci/2024/0719/338646/ztf_20240719338646_000585_zr_c06_o_q4_scimrefdiffimg.fits.fz,Kulkarni,2,2756,23,585,26.299999237060547,2.790120106510585e-06,0.025630200281739235,0.08628640323877335,5.972350209049182e-06,t17_f5_c3,2.756338642315015e+18,1,1.0,660.4320068359375,833.2860107421875,254.2909452,17.7480019,19.256999969482422,0.13350799679756165,1.2902100086212158,19.139799118041992,0.2793000042438507,0.4159879982471466,18.534000396728516,0.07100000232458115,4.507999897003174,0.375,0.8735129833221436,-0.11718600243330002,2.9100000858306885,0.9549999833106995,660.4320068359375,0.41906601190567017,0.8156350255012512,0.6639999747276306,0.5789999961853027,0.2281789928674698,0.1989690065383911,1.1468100547790527,5.0,0.0,0.9442859888076782,0.9818080067634583,19.025400161743164,0.3221000134944916,254.2908805,17.7479064,8.3981,ZTF20abaogvg
2460510.74625,1,2756246242315,19.657499313354492,/ztf/archive/sci/2024/0719/246238/ztf_20240719246238_000585_zg_c06_o_q4_scimrefdiffimg.fits.fz,Kulkarni,1,2756,23,585,26.34749984741211,5.579579919867683e-06,0.034271299839019775,-0.05371139943599701,1.2978300219401717e-05,t17_f5_c3,2.756246242315015e+18,t,1.0,661.64697265625,841.6320190429688,254.2909771,17.7480319,19.350500106811523,0.19205699861049652,1.439170002937317,18.898500442504883,0.19840000569820404,0.3365840017795563,19.437999725341797,0.061000000685453415,4.00600004196167,0.3580000102519989,0.845507025718689,-0.45197299122810364,3.7799999713897705,0.9789999723434448,661.64697265625,0.7589640021324158,0.6459519863128662,1.065999984741211,0.7210000157356262,0.2820110023021698,0.19074100255966187,1.4785000085830688,4.0,0.0,0.48428601026535034,0.9476270079612732,18.95949935913086,0.26899999380111694,254.2909287,17.7479499,10.0179,ZTF20abaogvg
2460510.7910764,2,2756291072315,19.774499893188477,/ztf/archive/sci/2024/0719/291065/ztf_20240719291065_000585_zr_c06_o_q4_scimrefdiffimg.fits.fz,Kulkarni,2,2756,23,585,26.329299926757812,2.122570094797993e-06,0.022378399968147278,0.09010820090770721,4.539559995464515e-06,t17_f5_c3,2.756291072315015e+18,t,2.0,646.9760131835938,851.7059936523438,254.2910259,17.748004,19.40730094909668,0.13023699820041656,1.3075499534606934,19.40760040283203,0.31130000948905945,0.6077399849891663,18.534000396728516,0.07100000232458115,4.507999897003174,0.375,0.10110200196504593,0.00033400001120753586,1.5700000524520874,0.9990000128746033,646.9760131835938,0.3668709993362427,1.4245200157165527,0.5559999942779541,0.4560000002384186,0.3541400134563446,0.290446013212204,1.2193000316619873,7.0,0.0,0.9028570055961609,0.9366359710693359,19.133899688720703,0.3100999891757965,254.2908805,17.7479064,8.72863,ZTF20abaogvg
2460510.8386458,2,2756338642315,19.558900833129883,/ztf/archive/sci/2024/0719/338646/ztf_20240719338646_000585_zr_c06_o_q4_scimrefdiffimg.fits.fz,Kulkarni,2,2756,23,585,26.299999237060547,2.790120106510585e-06,0.025630200281739235,0.08628640323877335,5.972350209049182e-06,t17_f5_c3,2.756338642315015e+18,t,1.0,660.4320068359375,833.2860107421875,254.2909452,17.7480019,19.256999969482422,0.13350799679756165,1.2902100086212158,19.139799118041992,0.2793000042438507,0.4159879982471466,18.534000396728516,0.07100000232458115,4.507999897003174,0.375,0.8735129833221436,-0.11718600243330002,2.9100000858306885,0.9549999833106995,660.4320068359375,0.41906601190567017,0.8156350255012512,0.6639999747276306,0.5789999961853027,0.2281789928674698,0.1989690065383911,1.1468100547790527,5.0,0.0,0.9442859888076782,0.9818080067634583,19.025400161743164,0.3221000134944916,254.2908805,17.7479064,8.3981,ZTF20abaogvg
2460510.8898611,1,2756389862315,18.98900032043457,/ztf/archive/sci/2024/0719/389850/ztf_20240719389850_000585_zg_c06_o_q4_scimrefdiffimg.fits.fz,Kulkarni,2,2756,23,585,26.084699630737305,1.4405600268219132e-05,0.04231889918446541,-0.045101098716259,3.905970152118243e-05,t17_f5_c3,2.756389862315015e+18,t,2.0,639.0250244140625,812.8400268554688,254.2908676,17.747968,19.149700164794922,0.20379699766635895,0.9971209764480591,19.457500457763672,0.5273000001907349,0.21647700667381287,19.437999725341797,0.061000000685453415,4.00600004196167,0.3580000102519989,1.6579099893569946,0.30779701471328735,2.6700000762939453,0.9610000252723694,639.0250244140625,-0.4684939980506897,1.059880018234253,0.9990000128746033,0.7620000243186951,0.37415701150894165,0.28539299964904785,1.311020016670227,4.0,0.0,0.8057140111923218,0.957597017288208,19.148300170898438,0.5095999836921692,254.2909287,17.7479499,7.64947,ZTF20abaogvg
2460511.6895023,1,2757189502315,19.556699752807617,/ztf/archive/sci/2024/0720/189491/ztf_20240720189491_000585_zg_c06_o_q4_scimrefdiffimg.fits.fz,Kulkarni,2,2757,23,585,26.31730079650879,6.939590093679726e-06,0.03665019944310188,-0.05438010022044182,1.685539973550476e-05,t17_f5_c3,2.757189502315015e+18,t,2.0,664.3040161132812,847.4559936523438,254.290921,17.7479603,19.165300369262695,0.16927500069141388,1.7120000123977661,18.60689926147461,0.17630000412464142,0.04858100041747093,19.437999725341797,0.061000000685453415,4.00600004196167,0.3580000102519989,1.6129200458526611,-0.5583710074424744,2.2100000381469727,1.0,664.3040161132812,0.949819028377533,1.0422099828720093,0.7820000052452087,0.6840000152587891,0.35384601354599,0.3095020055770874,1.143280029296875,5.0,0.0,0.6742860078811646,0.9258610010147095,18.641300201416016,0.23330000042915344,254.2909287,17.7479499,10.1371,ZTF20abaogvg
2460511.7336227,3,2757233622315,19.3356990814209,/ztf/archive/sci/2024/0720/233611/ztf_20240720233611_000585_zi_c06_o_q4_scimrefdiffimg.fits.fz,Kulkarni,2,2757,23,585,25.741300582885742,1.267889956579893e-06,0.024183299392461777,0.1874540001153946,1.1703599739121273e-05,t17_f5_c3,,,,,,,,,,,,,,,,,,,,,,,,,,,,,,,,,,,,,,,ZTF20abaogvg
2460511.831412,2,2757331412315,19.359399795532227,/ztf/archive/sci/2024/0720/331238/ztf_20240720331238_000585_zr_c06_o_q4_scimrefdiffimg.fits.fz,Kulkarni,2,2757,23,585,26.242300033569336,3.489419896141044e-06,0.02879510074853897,0.09667850285768509,7.483250101358863e-06,t17_f5_c3,,,,,,,,,,,,,,,,,,,,,,,,,,,,,,,,,,,,,,,ZTF20abaogvg
2460511.8470718,2,2757347072315,19.270599365234375,/ztf/archive/sci/2024/0720/346921/ztf_20240720346921_000585_zr_c06_o_q4_scimrefdiffimg.fits.fz,Kulkarni,2,2757,23,585,26.221799850463867,3.6036099118064158e-06,0.029014799743890762,0.09888889640569687,7.79073980083922e-06,t17_f5_c3,,,,,,,,,,,,,,,,,,,,,,,,,,,,,,,,,,,,,,,ZTF20abaogvg
2460511.8901852,1,2757390182315,18.48900032043457,/ztf/archive/sci/2024/0720/390174/ztf_20240720390174_000585_zg_c06_o_q4_scimrefdiffimg.fits.fz,Kulkarni,2,2757,23,585,25.980199813842773,2.589389987406321e-05,0.04137669876217842,-0.05667940154671669,7.585220009787008e-05,t17_f5_c3,,,,,,,,,,,,,,,,,,,,,,,,,,,,,,,,,,,,,,,ZTF20abaogvg
2460512.7390625,1,2758239062315,19.42729949951172,/ztf/archive/sci/2024/0721/239051/ztf_20240721239051_000585_zg_c06_o_q4_scimrefdiffimg.fits.fz,Kulkarni,2,2758,23,585,26.297399520874023,6.704659881506814e-06,0.03473789989948273,-0.05594870075583458,1.6870000763447024e-05,t17_f5_c3,,,,,,,,,,,,,,,,,,,,,,,,,,,,,,,,,,,,,,,ZTF20abaogvg
2460512.7409375,1,2758240932315,19.479900360107422,/ztf/archive/sci/2024/0721/240937/ztf_20240721240937_000585_zg_c06_o_q4_scimrefdiffimg.fits.fz,Kulkarni,1,2758,23,585,26.319900512695312,6.992189810262062e-06,0.03568049892783165,-0.04661479964852333,1.747920032357797e-05,t17_f5_c3,2.758240932315015e+18,1,3.0,665.9450073242188,841.27099609375,254.290998,17.7479998,19.037900924682617,0.16343000531196594,1.5081900358200073,19.489200592041016,0.42489999532699585,0.2881160080432892,19.437999725341797,0.061000000685453415,4.00600004196167,0.3580000102519989,1.1918100118637085,0.45134401321411133,1.8899999856948853,0.9819999933242798,665.9450073242188,-0.009308000095188618,1.2186700105667114,0.6859999895095825,0.5659999847412109,0.3629629909992218,0.299470990896225,1.2120100259780884,6.0,0.0,0.9100000262260437,0.9611449837684631,19.597900390625,0.6031000018119812,254.2909287,17.7479499,10.867,ZTF20abaogvg
2460512.7409375,1,2758240932315,19.479900360107422,/ztf/archive/sci/2024/0721/240937/ztf_20240721240937_000585_zg_c06_o_q4_scimrefdiffimg.fits.fz,Kulkarni,1,2758,23,585,26.319900512695312,6.992189810262062e-06,0.03568049892783165,-0.04661479964852333,1.747920032357797e-05,t17_f5_c3,2.758240932315015e+18,t,3.0,665.9450073242188,841.27099609375,254.290998,17.7479998,19.037900924682617,0.16343000531196594,1.5081900358200073,19.489200592041016,0.42489999532699585,0.2881160080432892,19.437999725341797,0.061000000685453415,4.00600004196167,0.3580000102519989,1.1918100118637085,0.45134401321411133,1.8899999856948853,0.9819999933242798,665.9450073242188,-0.009308000095188618,1.2186700105667114,0.6859999895095825,0.5659999847412109,0.3629629909992218,0.299470990896225,1.2120100259780884,6.0,0.0,0.9100000262260437,0.9611449837684631,19.597900390625,0.6031000018119812,254.2909287,17.7479499,10.867,ZTF20abaogvg
2460512.7571875,2,2758257182315,19.43400001525879,/ztf/archive/sci/2024/0721/257188/ztf_20240721257188_000585_zr_c06_o_q4_scimrefdiffimg.fits.fz,Kulkarni,1,2758,23,585,26.261999130249023,2.4032099190662848e-06,0.023829899728298187,0.09280339628458023,5.1151100706192665e-06,t17_f5_c3,,,,,,,,,,,,,,,,,,,,,,,,,,,,,,,,,,,,,,,ZTF20abaogvg
2460512.7590741,2,2758259072315,19.55430030822754,/ztf/archive/sci/2024/0721/259062/ztf_20240721259062_000585_zr_c06_o_q4_scimrefdiffimg.fits.fz,Kulkarni,2,2758,23,585,26.32309913635254,2.649300085977302e-06,0.024951500818133354,0.0883810967206955,5.649129889206961e-06,t17_f5_c3,2.758259072315015e+18,t,0.0,671.8599853515625,840.1710205078125,254.29094,17.747985,19.1210994720459,0.13382300734519958,1.2088500261306763,19.050600051879883,0.2768000066280365,0.34081000089645386,18.534000396728516,0.07100000232458115,4.507999897003174,0.375,0.7994980216026306,-0.07045699656009674,1.649999976158142,0.9800000190734863,671.8599853515625,0.5037360191345215,1.339959979057312,0.6050000190734863,0.503000020980835,0.3666670024394989,0.30484798550605774,1.20278000831604,6.0,0.0,0.9057139754295349,0.9856209754943848,19.425899505615234,0.5012999773025513,254.2908805,17.7479064,8.6735,ZTF20abaogvg
2460513.7119213,1,2759211922315,19.802000045776367,/ztf/archive/sci/2024/0722/211921/ztf_20240722211921_000585_zg_c06_o_q4_scimrefdiffimg.fits.fz,Kulkarni,2,2759,23,585,26.294099807739258,5.5536202125949785e-06,0.03413879871368408,-0.035180799663066864,1.302619966736529e-05,t17_f5_c3,2.759211922315015e+18,1,3.0,659.0349731445312,818.7559814453125,254.2909542,17.7479912,19.063100814819336,0.11758100241422653,1.2452600002288818,19.005699157714844,0.20739999413490295,0.16752000153064728,19.437999725341797,0.061000000685453415,4.00600004196167,0.3580000102519989,0.9651859998703003,-0.05743899941444397,2.1500000953674316,0.984000027179718,659.0349731445312,0.7963190078735352,1.0506900548934937,0.7609999775886536,0.6439999938011169,0.3539530038833618,0.29953500628471375,1.1816799640655518,1.0,0.0,0.9342859983444214,1.0,18.955699920654297,0.25380000472068787,254.2909287,17.7479499,12.7765,ZTF20abaogvg
2460513.7712616,2,2759271262315,19.77720069885254,/ztf/archive/sci/2024/0722/271262/ztf_20240722271262_000585_zr_c06_o_q4_scimrefdiffimg.fits.fz,Kulkarni,2,2759,23,585,26.314899444580078,2.9955999707453884e-06,0.02659440040588379,0.08488380163908005,6.3997599681897555e-06,t17_f5_c3,2.759271262315015e+18,1,0.0,642.9609985351562,815.0250244140625,254.2909471,17.7479969,18.923900604248047,0.1055079996585846,1.3325899839401245,18.808300018310547,0.19609999656677246,0.38621801137924194,18.534000396728516,0.07100000232458115,4.507999897003174,0.375,0.5138559937477112,-0.11557400226593018,1.600000023841858,0.9829999804496765,642.9609985351562,0.9689229726791382,1.2760200500488281,0.5299999713897705,0.46299999952316284,0.33125001192092896,0.2893750071525574,1.1447099447250366,7.0,0.0,0.8728569746017456,0.9946269989013672,18.67060089111328,0.22130000591278076,254.2908805,17.7479064,10.1956,ZTF20abaogvg
2460513.7929282,2,2759292922315,19.76449966430664,/ztf/archive/sci/2024/0722/292928/ztf_20240722292928_000585_zr_c06_o_q4_scimrefdiffimg.fits.fz,Kulkarni,2,2759,23,585,26.300399780273438,2.5076699330384145e-06,0.024479400366544724,0.08868709951639175,5.356670044420753e-06,t17_f5_c3,2.759292922315015e+18,1,2.0,639.3049926757812,813.6649780273438,254.2910005,17.7479953,19.058399200439453,0.11532100290060043,2.6839799880981445,19.428300857543945,0.35920000076293945,0.5147939920425415,18.534000396728516,0.07100000232458115,4.507999897003174,0.375,1.2258399724960327,0.36991700530052185,1.7899999618530273,0.996999979019165,639.3049926757812,0.3361769914627075,1.1125799417495728,0.5680000185966492,0.5049999952316284,0.31731799244880676,0.28212299942970276,1.124750018119812,7.0,0.0,0.7814289927482605,0.7929520010948181,19.238800048828125,0.38670000433921814,254.2908805,17.7479064,10.2534,ZTF20abaogvg
2460513.7119213,1,2759211922315,19.802000045776367,/ztf/archive/sci/2024/0722/211921/ztf_20240722211921_000585_zg_c06_o_q4_scimrefdiffimg.fits.fz,Kulkarni,2,2759,23,585,26.294099807739258,5.5536202125949785e-06,0.03413879871368408,-0.035180799663066864,1.302619966736529e-05,t17_f5_c3,2.759211922315015e+18,t,3.0,659.0349731445312,818.7559814453125,254.2909542,17.7479912,19.063100814819336,0.11758100241422653,1.2452600002288818,19.005699157714844,0.20739999413490295,0.16752000153064728,19.437999725341797,0.061000000685453415,4.00600004196167,0.3580000102519989,0.9651859998703003,-0.05743899941444397,2.1500000953674316,0.984000027179718,659.0349731445312,0.7963190078735352,1.0506900548934937,0.7609999775886536,0.6439999938011169,0.3539530038833618,0.29953500628471375,1.1816799640655518,1.0,0.0,0.9342859983444214,1.0,18.955699920654297,0.25380000472068787,254.2909287,17.7479499,12.7765,ZTF20abaogvg
2460513.7712616,2,2759271262315,19.77720069885254,/ztf/archive/sci/2024/0722/271262/ztf_20240722271262_000585_zr_c06_o_q4_scimrefdiffimg.fits.fz,Kulkarni,2,2759,23,585,26.314899444580078,2.9955999707453884e-06,0.02659440040588379,0.08488380163908005,6.3997599681897555e-06,t17_f5_c3,2.759271262315015e+18,t,0.0,642.9609985351562,815.0250244140625,254.2909471,17.7479969,18.923900604248047,0.1055079996585846,1.3325899839401245,18.808300018310547,0.19609999656677246,0.38621801137924194,18.534000396728516,0.07100000232458115,4.507999897003174,0.375,0.5138559937477112,-0.11557400226593018,1.600000023841858,0.9829999804496765,642.9609985351562,0.9689229726791382,1.2760200500488281,0.5299999713897705,0.46299999952316284,0.33125001192092896,0.2893750071525574,1.1447099447250366,7.0,0.0,0.8728569746017456,0.9946269989013672,18.67060089111328,0.22130000591278076,254.2908805,17.7479064,10.1956,ZTF20abaogvg
2460513.7929282,2,2759292922315,19.76449966430664,/ztf/archive/sci/2024/0722/292928/ztf_20240722292928_000585_zr_c06_o_q4_scimrefdiffimg.fits.fz,Kulkarni,2,2759,23,585,26.300399780273438,2.5076699330384145e-06,0.024479400366544724,0.08868709951639175,5.356670044420753e-06,t17_f5_c3,2.759292922315015e+18,t,2.0,639.3049926757812,813.6649780273438,254.2910005,17.7479953,19.058399200439453,0.11532100290060043,2.6839799880981445,19.428300857543945,0.35920000076293945,0.5147939920425415,18.534000396728516,0.07100000232458115,4.507999897003174,0.375,1.2258399724960327,0.36991700530052185,1.7899999618530273,0.996999979019165,639.3049926757812,0.3361769914627075,1.1125799417495728,0.5680000185966492,0.5049999952316284,0.31731799244880676,0.28212299942970276,1.124750018119812,7.0,0.0,0.7814289927482605,0.7929520010948181,19.238800048828125,0.38670000433921814,254.2908805,17.7479064,10.2534,ZTF20abaogvg
2460513.8826157,1,2759382612315,18.81879997253418,/ztf/archive/sci/2024/0722/382477/ztf_20240722382477_000585_zg_c06_o_q4_scimrefdiffimg.fits.fz,Kulkarni,2,2759,23,585,26.052000045776367,1.5065399566083215e-05,0.040218498557806015,-0.028414100408554077,4.1455499740550295e-05,t17_f5_c3,2.759382612315015e+18,t,0.0,627.3729858398438,792.447998046875,254.2909925,17.74797,18.740999221801758,0.19169099628925323,1.191830039024353,18.586700439453125,0.30570000410079956,0.22752000391483307,19.437999725341797,0.061000000685453415,4.00600004196167,0.3580000102519989,0.32238098978996277,-0.15434899926185608,3.700000047683716,0.9729999899864197,627.3729858398438,0.2320519983768463,0.6919959783554077,0.7620000243186951,0.6140000224113464,0.20594599843025208,0.16594600677490234,1.2410399913787842,4.0,0.0,0.8342859745025635,0.9900410175323486,18.69420051574707,0.4334999918937683,254.2909287,17.7479499,8.36183,ZTF20abaogvg
2460514.6786921,1,2760178692315,20.578100204467773,/ztf/archive/sci/2024/0723/178692/ztf_20240723178692_000585_zg_c06_o_q4_scimrefdiffimg.fits.fz,Kulkarni,2,2760,23,585,26.23940086364746,5.90565014135791e-06,0.037353698164224625,-0.0953005999326706,1.2670700016315095e-05,t17_f5_c3,2.760178692315015e+18,1,5.0,690.4110107421875,848.1519775390625,254.2909123,17.7479555,18.98240089416504,0.08975499868392944,3.610909938812256,18.834800720214844,0.08900000154972076,0.07155399769544601,19.437999725341797,0.061000000685453415,4.00600004196167,0.3580000102519989,0.4201219975948334,-0.14756999909877777,2.130000114440918,0.9829999804496765,690.4110107421875,1.7433099746704102,1.0671000480651855,0.703000009059906,0.6890000104904175,0.33004701137542725,0.3234739899635315,1.0203200578689575,3.0,0.0,0.9628570079803467,0.9928479790687561,18.88909912109375,0.1185000017285347,254.2909287,17.7479499,15.5403,ZTF20abaogvg
2460514.7358565,3,2760235852315,19.621700286865234,/ztf/archive/sci/2024/0723/235845/ztf_20240723235845_000585_zi_c06_o_q4_scimrefdiffimg.fits.fz,Kulkarni,2,2760,23,585,25.713899612426758,1.5653999980713706e-06,0.026699699461460114,0.18645299971103668,1.4535999980580527e-05,t17_f5_c3,,,,,,,,,,,,,,,,,,,,,,,,,,,,,,,,,,,,,,,ZTF20abaogvg
2460514.7760764,2,2760276072315,19.615100860595703,/ztf/archive/sci/2024/0723/276076/ztf_20240723276076_000585_zr_c06_o_q4_scimrefdiffimg.fits.fz,Kulkarni,2,2760,23,585,26.263399124145508,3.002819994435413e-06,0.02655629999935627,0.10673200339078903,6.4402897805848625e-06,t17_f5_c3,2.760276072315015e+18,1,3.0,657.22900390625,813.0260009765625,254.2909969,17.7479781,19.04840087890625,0.12237600237131119,1.281209945678711,18.84119987487793,0.1965000033378601,0.467602014541626,18.534000396728516,0.07100000232458115,4.507999897003174,0.375,0.7314950227737427,-0.2071709930896759,2.380000114440918,0.9819999933242798,657.22900390625,0.7738760113716125,1.024839997291565,0.8579999804496765,0.6269999742507935,0.36050400137901306,0.2634449899196625,1.3684200048446655,5.0,0.0,0.8542860150337219,0.9329659938812256,18.749300003051758,0.23119999468326569,254.2908805,17.7479064,9.80986,ZTF20abaogvg
2460514.777963,2,2760277962315,19.60650062561035,/ztf/archive/sci/2024/0723/277951/ztf_20240723277951_000585_zr_c06_o_q4_scimrefdiffimg.fits.fz,Kulkarni,1,2760,23,585,26.253700256347656,3.8274401958915405e-06,0.03000500053167343,0.10632099956274033,8.191799679480027e-06,t17_f5_c3,2.760277962315015e+18,1,2.0,645.22900390625,817.9240112304688,254.2909628,17.7479788,18.859699249267578,0.09197799861431122,1.558709979057312,18.633100509643555,0.16410000622272491,0.3800930082798004,18.534000396728516,0.07100000232458115,4.507999897003174,0.375,-0.2341099977493286,-0.22655099630355835,2.2899999618530273,0.9990000128746033,645.22900390625,0.9733669757843018,1.0617200136184692,0.8500000238418579,0.75,0.3711790144443512,0.3275110125541687,1.13332998752594,2.0,0.0,0.942857027053833,1.0,18.681699752807617,0.21979999542236328,254.2908805,17.7479064,10.3352,ZTF20abaogvg
2460514.8215162,2,2760321512315,19.703100204467773,/ztf/archive/sci/2024/0723/321505/ztf_20240723321505_000585_zr_c06_o_q4_scimrefdiffimg.fits.fz,Kulkarni,2,2760,23,585,26.251399993896484,2.3826301003282424e-06,0.023782599717378616,0.09383390098810196,5.08641005581012e-06,t17_f5_c3,2.760321512315015e+18,1,2.0,649.2670288085938,805.7440185546875,254.2909886,17.7479516,18.96940040588379,0.12259399890899658,1.5366100072860718,19.094600677490234,0.25929999351501465,0.40053001046180725,18.534000396728516,0.07100000232458115,4.507999897003174,0.375,0.28250399231910706,0.12520700693130493,1.2899999618530273,0.9829999804496765,649.2670288085938,0.608519971370697,1.666759967803955,0.6079999804496765,0.5289999842643738,0.47131800651550293,0.4100779891014099,1.149340033531189,6.0,0.0,0.9328569769859314,0.9652119874954224,19.04400062561035,0.31700000166893005,254.2908805,17.7479064,11.5593,ZTF20abaogvg
2460514.883831,1,2760383832315,18.864500045776367,/ztf/archive/sci/2024/0723/383831/ztf_20240723383831_000585_zg_c06_o_q4_scimrefdiffimg.fits.fz,Kulkarni,1,2760,23,585,25.95789909362793,1.4300499969976954e-05,0.03994910046458244,-0.01867789961397648,3.969269891967997e-05,t17_f5_c3,2.760383832315015e+18,1,0.0,622.614013671875,788.6309814453125,254.2910849,17.7479448,18.965900421142578,0.2073020040988922,1.6184099912643433,18.716299057006836,0.32829999923706055,0.5291730165481567,19.437999725341797,0.061000000685453415,4.00600004196167,0.3580000102519989,1.7337700128555298,-0.24964599311351776,2.9200000762939453,0.9449999928474426,622.614013671875,0.14824700355529785,0.883575975894928,1.0809999704360962,0.8669999837875366,0.37020498514175415,0.29691800475120544,1.2468299865722656,6.0,0.0,0.798570990562439,0.9837089776992798,19.15290069580078,0.6295999884605408,254.2909287,17.7479499,7.35175,ZTF20abaogvg
2460514.6786921,1,2760178692315,20.578100204467773,/ztf/archive/sci/2024/0723/178692/ztf_20240723178692_000585_zg_c06_o_q4_scimrefdiffimg.fits.fz,Kulkarni,2,2760,23,585,26.23940086364746,5.90565014135791e-06,0.037353698164224625,-0.0953005999326706,1.2670700016315095e-05,t17_f5_c3,2.760178692315015e+18,t,5.0,690.4110107421875,848.1519775390625,254.2909123,17.7479555,18.98240089416504,0.08975499868392944,3.610909938812256,18.834800720214844,0.08900000154972076,0.07155399769544601,19.437999725341797,0.061000000685453415,4.00600004196167,0.3580000102519989,0.4201219975948334,-0.14756999909877777,2.130000114440918,0.9829999804496765,690.4110107421875,1.7433099746704102,1.0671000480651855,0.703000009059906,0.6890000104904175,0.33004701137542725,0.3234739899635315,1.0203200578689575,3.0,0.0,0.9628570079803467,0.9928479790687561,18.88909912109375,0.1185000017285347,254.2909287,17.7479499,15.5403,ZTF20abaogvg
2460514.7760764,2,2760276072315,19.615100860595703,/ztf/archive/sci/2024/0723/276076/ztf_20240723276076_000585_zr_c06_o_q4_scimrefdiffimg.fits.fz,Kulkarni,2,2760,23,585,26.263399124145508,3.002819994435413e-06,0.02655629999935627,0.10673200339078903,6.4402897805848625e-06,t17_f5_c3,2.760276072315015e+18,t,3.0,657.22900390625,813.0260009765625,254.2909969,17.7479781,19.04840087890625,0.12237600237131119,1.281209945678711,18.84119987487793,0.1965000033378601,0.467602014541626,18.534000396728516,0.07100000232458115,4.507999897003174,0.375,0.7314950227737427,-0.2071709930896759,2.380000114440918,0.9819999933242798,657.22900390625,0.7738760113716125,1.024839997291565,0.8579999804496765,0.6269999742507935,0.36050400137901306,0.2634449899196625,1.3684200048446655,5.0,0.0,0.8542860150337219,0.9329659938812256,18.749300003051758,0.23119999468326569,254.2908805,17.7479064,9.80986,ZTF20abaogvg
2460514.777963,2,2760277962315,19.60650062561035,/ztf/archive/sci/2024/0723/277951/ztf_20240723277951_000585_zr_c06_o_q4_scimrefdiffimg.fits.fz,Kulkarni,1,2760,23,585,26.253700256347656,3.8274401958915405e-06,0.03000500053167343,0.10632099956274033,8.191799679480027e-06,t17_f5_c3,2.760277962315015e+18,t,2.0,645.22900390625,817.9240112304688,254.2909628,17.7479788,18.859699249267578,0.09197799861431122,1.558709979057312,18.633100509643555,0.16410000622272491,0.3800930082798004,18.534000396728516,0.07100000232458115,4.507999897003174,0.375,-0.2341099977493286,-0.22655099630355835,2.2899999618530273,0.9990000128746033,645.22900390625,0.9733669757843018,1.0617200136184692,0.8500000238418579,0.75,0.3711790144443512,0.3275110125541687,1.13332998752594,2.0,0.0,0.942857027053833,1.0,18.681699752807617,0.21979999542236328,254.2908805,17.7479064,10.3352,ZTF20abaogvg
2460514.8215162,2,2760321512315,19.703100204467773,/ztf/archive/sci/2024/0723/321505/ztf_20240723321505_000585_zr_c06_o_q4_scimrefdiffimg.fits.fz,Kulkarni,2,2760,23,585,26.251399993896484,2.3826301003282424e-06,0.023782599717378616,0.09383390098810196,5.08641005581012e-06,t17_f5_c3,2.760321512315015e+18,t,2.0,649.2670288085938,805.7440185546875,254.2909886,17.7479516,18.96940040588379,0.12259399890899658,1.5366100072860718,19.094600677490234,0.25929999351501465,0.40053001046180725,18.534000396728516,0.07100000232458115,4.507999897003174,0.375,0.28250399231910706,0.12520700693130493,1.2899999618530273,0.9829999804496765,649.2670288085938,0.608519971370697,1.666759967803955,0.6079999804496765,0.5289999842643738,0.47131800651550293,0.4100779891014099,1.149340033531189,6.0,0.0,0.9328569769859314,0.9652119874954224,19.04400062561035,0.31700000166893005,254.2908805,17.7479064,11.5593,ZTF20abaogvg
2460514.883831,1,2760383832315,18.864500045776367,/ztf/archive/sci/2024/0723/383831/ztf_20240723383831_000585_zg_c06_o_q4_scimrefdiffimg.fits.fz,Kulkarni,1,2760,23,585,25.95789909362793,1.4300499969976954e-05,0.03994910046458244,-0.01867789961397648,3.969269891967997e-05,t17_f5_c3,2.760383832315015e+18,t,0.0,622.614013671875,788.6309814453125,254.2910849,17.7479448,18.965900421142578,0.2073020040988922,1.6184099912643433,18.716299057006836,0.32829999923706055,0.5291730165481567,19.437999725341797,0.061000000685453415,4.00600004196167,0.3580000102519989,1.7337700128555298,-0.24964599311351776,2.9200000762939453,0.9449999928474426,622.614013671875,0.14824700355529785,0.883575975894928,1.0809999704360962,0.8669999837875366,0.37020498514175415,0.29691800475120544,1.2468299865722656,6.0,0.0,0.798570990562439,0.9837089776992798,19.15290069580078,0.6295999884605408,254.2909287,17.7479499,7.35175,ZTF20abaogvg
2460514.890463,1,2760390462315,18.755300521850586,/ztf/archive/sci/2024/0723/390451/ztf_20240723390451_000585_zg_c06_o_q4_scimrefdiffimg.fits.fz,Kulkarni,2,2760,23,585,25.919300079345703,1.7088699678424746e-05,0.04062910005450249,-0.013797299936413765,4.7080699005164206e-05,t17_f5_c3,2.760390462315015e+18,t,2.0,604.3820190429688,784.3909912109375,254.2909666,17.7478923,18.736299514770508,0.21416300535202026,1.0121699571609497,18.611799240112305,0.3181999921798706,0.24171000719070435,19.437999725341797,0.061000000685453415,4.00600004196167,0.3580000102519989,0.6068069934844971,-0.12450899928808212,4.21999979019165,0.996999979019165,604.3820190429688,0.14353199303150177,0.6324819922447205,0.9440000057220459,0.7919999957084656,0.2236970067024231,0.1876779943704605,1.1919200420379639,3.0,0.0,0.804286003112793,1.0,18.60449981689453,0.40610000491142273,254.2909287,17.7479499,7.95047,ZTF20abaogvg
2460515.6813889,1,2761181382315,20.66950035095215,/ztf/archive/sci/2024/0724/181389/ztf_20240724181389_000585_zg_c06_o_q4_scimrefdiffimg.fits.fz,Kulkarni,2,2761,23,585,26.22330093383789,8.018439984880388e-06,0.043439701199531555,-0.10874799638986588,1.7255399143323302e-05,t17_f5_c3,2.761181382315015e+18,1,8.0,687.1019897460938,847.9240112304688,254.2909129,17.7479632,18.94529914855957,0.08604399859905243,1.6162899732589722,18.877500534057617,0.08449999988079071,0.08133400231599808,19.437999725341797,0.061000000685453415,4.00600004196167,0.3580000102519989,0.3628849983215332,-0.06779699772596359,1.9800000190734863,0.9829999804496765,687.1019897460938,1.791990041732788,1.1660399436950684,0.7229999899864197,0.6340000033378601,0.3651520013809204,0.3202019929885864,1.1403800249099731,4.0,0.0,0.9528570175170898,0.9991030097007751,18.827199935913086,0.10199999809265137,254.2909287,17.7479499,17.3703,ZTF20abaogvg
2460515.7735532,2,2761273552315,19.909799575805664,/ztf/archive/sci/2024/0724/273542/ztf_20240724273542_000585_zr_c06_o_q4_scimrefdiffimg.fits.fz,Kulkarni,2,2761,23,585,26.261199951171875,2.23230995288759e-06,0.02290469966828823,0.09978839755058289,4.76770992463571e-06,t17_f5_c3,2.761273552315015e+18,1,0.0,628.7979736328125,842.9739990234375,254.2909311,17.7479603,18.99720001220703,0.10954400151968002,1.1593300104141235,18.93160057067871,0.18080000579357147,0.2548390030860901,18.534000396728516,0.07100000232458115,4.507999897003174,0.375,-0.002317999955266714,-0.06559699773788452,1.75,0.9829999804496765,628.7979736328125,0.9782220125198364,1.2601300477981567,0.6370000243186951,0.5509999990463257,0.36399999260902405,0.31485700607299805,1.1560800075531006,4.0,0.0,0.9542859792709351,0.9795799851417542,18.96310043334961,0.23800000548362732,254.2908805,17.7479064,12.3856,ZTF20abaogvg
2460515.6813889,1,2761181382315,20.66950035095215,/ztf/archive/sci/2024/0724/181389/ztf_20240724181389_000585_zg_c06_o_q4_scimrefdiffimg.fits.fz,Kulkarni,2,2761,23,585,26.22330093383789,8.018439984880388e-06,0.043439701199531555,-0.10874799638986588,1.7255399143323302e-05,t17_f5_c3,2.761181382315015e+18,t,8.0,687.1019897460938,847.9240112304688,254.2909129,17.7479632,18.94529914855957,0.08604399859905243,1.6162899732589722,18.877500534057617,0.08449999988079071,0.08133400231599808,19.437999725341797,0.061000000685453415,4.00600004196167,0.3580000102519989,0.3628849983215332,-0.06779699772596359,1.9800000190734863,0.9829999804496765,687.1019897460938,1.791990041732788,1.1660399436950684,0.7229999899864197,0.6340000033378601,0.3651520013809204,0.3202019929885864,1.1403800249099731,4.0,0.0,0.9528570175170898,0.9991030097007751,18.827199935913086,0.10199999809265137,254.2909287,17.7479499,17.3703,ZTF20abaogvg
2460515.7735532,2,2761273552315,19.909799575805664,/ztf/archive/sci/2024/0724/273542/ztf_20240724273542_000585_zr_c06_o_q4_scimrefdiffimg.fits.fz,Kulkarni,2,2761,23,585,26.261199951171875,2.23230995288759e-06,0.02290469966828823,0.09978839755058289,4.76770992463571e-06,t17_f5_c3,2.761273552315015e+18,t,0.0,628.7979736328125,842.9739990234375,254.2909311,17.7479603,18.99720001220703,0.10954400151968002,1.1593300104141235,18.93160057067871,0.18080000579357147,0.2548390030860901,18.534000396728516,0.07100000232458115,4.507999897003174,0.375,-0.002317999955266714,-0.06559699773788452,1.75,0.9829999804496765,628.7979736328125,0.9782220125198364,1.2601300477981567,0.6370000243186951,0.5509999990463257,0.36399999260902405,0.31485700607299805,1.1560800075531006,4.0,0.0,0.9542859792709351,0.9795799851417542,18.96310043334961,0.23800000548362732,254.2908805,17.7479064,12.3856,ZTF20abaogvg
2460515.8610532,1,2761361052315,19.038799285888672,/ztf/archive/sci/2024/0724/361030/ztf_20240724361030_000585_zg_c06_o_q4_scimrefdiffimg.fits.fz,Kulkarni,2,2761,23,585,25.917299270629883,1.0487699910299852e-05,0.037745799869298935,-0.050681501626968384,2.83939007204026e-05,t17_f5_c3,2.761361052315015e+18,t,2.0,653.5759887695312,812.6530151367188,254.2909846,17.7479993,18.689300537109375,0.14314499497413635,1.6390399932861328,18.605499267578125,0.25870001316070557,0.25507399439811707,19.437999725341797,0.061000000685453415,4.00600004196167,0.3580000102519989,-0.016784999519586563,-0.08377400040626526,1.899999976158142,0.9869999885559082,653.5759887695312,0.43334001302719116,1.326640009880066,0.781000018119812,0.7310000061988831,0.41105300188064575,0.3847370147705078,1.0684000253677368,3.0,0.0,0.9685710072517395,1.0,18.6427001953125,0.3434000015258789,254.2909287,17.7479499,11.3504,ZTF20abaogvg
2460516.6913889,1,2762191382315,20.674999237060547,/ztf/archive/sci/2024/0725/191389/ztf_20240725191389_000585_zg_c06_o_q4_scimrefdiffimg.fits.fz,Kulkarni,2,2762,23,585,26.210100173950195,8.948440154199488e-06,0.045923199504613876,-0.10235700011253357,1.9201399481971748e-05,t17_f5_c3,2.762191382315015e+18,1,5.0,655.14501953125,844.697998046875,254.2909042,17.7479569,18.841100692749023,0.07792100310325623,4.093890190124512,18.78190040588379,0.07639999687671661,0.09635499864816666,19.437999725341797,0.061000000685453415,4.00600004196167,0.3580000102519989,0.08001299947500229,-0.059209998697042465,2.690000057220459,0.9829999804496765,655.14501953125,1.8931100368499756,0.8693869709968567,0.7710000276565552,0.7160000205039978,0.2866170108318329,0.26617100834846497,1.0768200159072876,1.0,0.0,0.9528570175170898,1.0,18.683000564575195,0.08810000121593475,254.2909287,17.7479499,21.5786,ZTF20abaogvg
2460516.7154051,2,2762215402315,20.56800079345703,/ztf/archive/sci/2024/0725/215405/ztf_20240725215405_000585_zr_c06_o_q4_scimrefdiffimg.fits.fz,Kulkarni,1,2762,23,585,26.292999267578125,3.626020088631776e-06,0.029171599075198174,0.07760769873857498,7.775660378683824e-06,t17_f5_c3,2.762215402315015e+18,1,5.0,693.3330078125,843.7979736328125,254.2909591,17.7479678,18.909000396728516,0.09355100244283676,5.868480205535889,18.827800750732422,0.09220000356435776,0.3429819941520691,18.534000396728516,0.07100000232458115,4.507999897003174,0.375,0.03857000172138214,-0.08124300092458725,1.7400000095367432,0.9829999804496765,693.3330078125,1.740190029144287,1.2739299535751343,0.5979999899864197,0.5210000276565552,0.34367799758911133,0.29942500591278076,1.1477899551391602,3.0,0.0,0.945713996887207,1.0,18.80500030517578,0.11410000175237656,254.2908805,17.7479064,16.3528,ZTF20abaogvg
2460516.7163542,2,2762216352315,20.570499420166016,/ztf/archive/sci/2024/0725/216343/ztf_20240725216343_000585_zr_c06_o_q4_scimrefdiffimg.fits.fz,Kulkarni,2,2762,23,585,26.2893009185791,3.3108499337686226e-06,0.027854900807142258,0.08007419854402542,7.114510026440257e-06,t17_f5_c3,2.762216352315015e+18,1,8.0,693.2169799804688,843.6619873046875,254.2909158,17.7479792,18.928300857543945,0.07921899855136871,5.2823100090026855,18.872499465942383,0.09690000116825104,0.29003798961639404,18.534000396728516,0.07100000232458115,4.507999897003174,0.375,0.37072300910949707,-0.055778998881578445,2.0399999618530273,0.9850000143051147,693.2169799804688,1.698009967803955,1.0753599405288696,0.5879999995231628,0.5720000267028809,0.28823500871658325,0.28039199113845825,1.0279699563980103,5.0,0.0,0.951429009437561,0.9753209948539734,18.8080997467041,0.1152999997138977,254.2908805,17.7479064,16.2046,ZTF20abaogvg
2460516.7784144,1,2762278412315,19.689300537109375,/ztf/archive/sci/2024/0725/278414/ztf_20240725278414_000585_zg_c06_o_q4_scimrefdiffimg.fits.fz,Kulkarni,1,2762,23,585,26.02199935913086,5.611580036202213e-06,0.03426700085401535,-0.0409230999648571,1.3153099644114263e-05,t17_f5_c3,2.762278412315015e+18,1,1.0,633.9810180664062,847.2479858398438,254.2909515,17.7479598,18.79199981689453,0.12155000120401382,1.412969946861267,18.81290054321289,0.1891999989748001,0.08099000155925751,19.437999725341797,0.061000000685453415,4.00600004196167,0.3580000102519989,0.3030810058116913,0.02091900072991848,1.7799999713897705,0.9819999933242798,633.9810180664062,0.8763840198516846,1.293969988822937,0.6480000019073486,0.5770000219345093,0.36404499411582947,0.3241569995880127,1.1230499744415283,7.0,0.0,0.9571430087089539,0.9504830241203308,18.832000732421875,0.24660000205039978,254.2909287,17.7479499,13.8752,ZTF20abaogvg
2460516.8014699,1,2762301462315,19.623600006103516,/ztf/archive/sci/2024/0725/301470/ztf_20240725301470_000585_zg_c06_o_q4_scimrefdiffimg.fits.fz,Kulkarni,2,2762,23,585,25.997299194335938,6.59691977489274e-06,0.03679310157895088,-0.05032550171017647,1.5587900634272955e-05,t17_f5_c3,2.762301462315015e+18,1,1.0,643.2490234375,829.3380126953125,254.2909536,17.7480036,18.772300720214844,0.13199500739574432,2.490410089492798,18.837900161743164,0.21220000088214874,0.21201400458812714,19.437999725341797,0.061000000685453415,4.00600004196167,0.3580000102519989,0.5346230268478394,0.06563299894332886,2.0399999618530273,1.0,643.2490234375,0.7857279777526855,1.0935499668121338,0.6480000019073486,0.574999988079071,0.3176470100879669,0.2818630039691925,1.126960039138794,4.0,0.0,0.9442859888076782,0.993511974811554,18.604400634765625,0.21950000524520874,254.2909287,17.7479499,13.7899,ZTF20abaogvg
2460516.6913889,1,2762191382315,20.674999237060547,/ztf/archive/sci/2024/0725/191389/ztf_20240725191389_000585_zg_c06_o_q4_scimrefdiffimg.fits.fz,Kulkarni,2,2762,23,585,26.210100173950195,8.948440154199488e-06,0.045923199504613876,-0.10235700011253357,1.9201399481971748e-05,t17_f5_c3,2.762191382315015e+18,t,5.0,655.14501953125,844.697998046875,254.2909042,17.7479569,18.841100692749023,0.07792100310325623,4.093890190124512,18.78190040588379,0.07639999687671661,0.09635499864816666,19.437999725341797,0.061000000685453415,4.00600004196167,0.3580000102519989,0.08001299947500229,-0.059209998697042465,2.690000057220459,0.9829999804496765,655.14501953125,1.8931100368499756,0.8693869709968567,0.7710000276565552,0.7160000205039978,0.2866170108318329,0.26617100834846497,1.0768200159072876,1.0,0.0,0.9528570175170898,1.0,18.683000564575195,0.08810000121593475,254.2909287,17.7479499,21.5786,ZTF20abaogvg
2460516.7154051,2,2762215402315,20.56800079345703,/ztf/archive/sci/2024/0725/215405/ztf_20240725215405_000585_zr_c06_o_q4_scimrefdiffimg.fits.fz,Kulkarni,1,2762,23,585,26.292999267578125,3.626020088631776e-06,0.029171599075198174,0.07760769873857498,7.775660378683824e-06,t17_f5_c3,2.762215402315015e+18,t,5.0,693.3330078125,843.7979736328125,254.2909591,17.7479678,18.909000396728516,0.09355100244283676,5.868480205535889,18.827800750732422,0.09220000356435776,0.3429819941520691,18.534000396728516,0.07100000232458115,4.507999897003174,0.375,0.03857000172138214,-0.08124300092458725,1.7400000095367432,0.9829999804496765,693.3330078125,1.740190029144287,1.2739299535751343,0.5979999899864197,0.5210000276565552,0.34367799758911133,0.29942500591278076,1.1477899551391602,3.0,0.0,0.945713996887207,1.0,18.80500030517578,0.11410000175237656,254.2908805,17.7479064,16.3528,ZTF20abaogvg
2460516.7163542,2,2762216352315,20.570499420166016,/ztf/archive/sci/2024/0725/216343/ztf_20240725216343_000585_zr_c06_o_q4_scimrefdiffimg.fits.fz,Kulkarni,2,2762,23,585,26.2893009185791,3.3108499337686226e-06,0.027854900807142258,0.08007419854402542,7.114510026440257e-06,t17_f5_c3,2.762216352315015e+18,t,8.0,693.2169799804688,843.6619873046875,254.2909158,17.7479792,18.928300857543945,0.07921899855136871,5.2823100090026855,18.872499465942383,0.09690000116825104,0.29003798961639404,18.534000396728516,0.07100000232458115,4.507999897003174,0.375,0.37072300910949707,-0.055778998881578445,2.0399999618530273,0.9850000143051147,693.2169799804688,1.698009967803955,1.0753599405288696,0.5879999995231628,0.5720000267028809,0.28823500871658325,0.28039199113845825,1.0279699563980103,5.0,0.0,0.951429009437561,0.9753209948539734,18.8080997467041,0.1152999997138977,254.2908805,17.7479064,16.2046,ZTF20abaogvg
2460516.7784144,1,2762278412315,19.689300537109375,/ztf/archive/sci/2024/0725/278414/ztf_20240725278414_000585_zg_c06_o_q4_scimrefdiffimg.fits.fz,Kulkarni,1,2762,23,585,26.02199935913086,5.611580036202213e-06,0.03426700085401535,-0.0409230999648571,1.3153099644114263e-05,t17_f5_c3,2.762278412315015e+18,t,1.0,633.9810180664062,847.2479858398438,254.2909515,17.7479598,18.79199981689453,0.12155000120401382,1.412969946861267,18.81290054321289,0.1891999989748001,0.08099000155925751,19.437999725341797,0.061000000685453415,4.00600004196167,0.3580000102519989,0.3030810058116913,0.02091900072991848,1.7799999713897705,0.9819999933242798,633.9810180664062,0.8763840198516846,1.293969988822937,0.6480000019073486,0.5770000219345093,0.36404499411582947,0.3241569995880127,1.1230499744415283,7.0,0.0,0.9571430087089539,0.9504830241203308,18.832000732421875,0.24660000205039978,254.2909287,17.7479499,13.8752,ZTF20abaogvg
2460516.8014699,1,2762301462315,19.623600006103516,/ztf/archive/sci/2024/0725/301470/ztf_20240725301470_000585_zg_c06_o_q4_scimrefdiffimg.fits.fz,Kulkarni,2,2762,23,585,25.997299194335938,6.59691977489274e-06,0.03679310157895088,-0.05032550171017647,1.5587900634272955e-05,t17_f5_c3,2.762301462315015e+18,t,1.0,643.2490234375,829.3380126953125,254.2909536,17.7480036,18.772300720214844,0.13199500739574432,2.490410089492798,18.837900161743164,0.21220000088214874,0.21201400458812714,19.437999725341797,0.061000000685453415,4.00600004196167,0.3580000102519989,0.5346230268478394,0.06563299894332886,2.0399999618530273,1.0,643.2490234375,0.7857279777526855,1.0935499668121338,0.6480000019073486,0.574999988079071,0.3176470100879669,0.2818630039691925,1.126960039138794,4.0,0.0,0.9442859888076782,0.993511974811554,18.604400634765625,0.21950000524520874,254.2909287,17.7479499,13.7899,ZTF20abaogvg
2460516.875787,2,2762375782315,19.362300872802734,/ztf/archive/sci/2024/0725/375648/ztf_20240725375648_000585_zr_c06_o_q4_scimrefdiffimg.fits.fz,Kulkarni,2,2762,23,585,26.047399520874023,3.364549911566428e-06,0.02819650061428547,0.09912619739770889,7.186939910752699e-06,t17_f5_c3,2.762375782315015e+18,t,3.0,616.5499877929688,806.3070068359375,254.2909429,17.7480024,18.84440040588379,0.15411999821662903,2.1942501068115234,18.981000900268555,0.3043999969959259,0.40139201283454895,18.534000396728516,0.07100000232458115,4.507999897003174,0.375,-0.37929201126098633,0.13658399879932404,2.2300000190734863,0.9789999723434448,616.5499877929688,0.38128501176834106,1.0092300176620483,0.6600000262260437,0.5460000038146973,0.29596400260925293,0.2448430061340332,1.2087899446487427,9.0,0.0,0.8685709834098816,0.8108980059623718,18.737600326538086,0.31209999322891235,254.2908805,17.7479064,11.4513,ZTF20abaogvg
2460517.7084144,1,2763208412315,20.678499221801758,/ztf/archive/sci/2024/0726/208403/ztf_20240726208403_000585_zg_c06_o_q4_scimrefdiffimg.fits.fz,Kulkarni,2,2763,23,585,26.213300704956055,8.814549801172689e-06,0.045842401683330536,-0.11455199867486954,1.8835400624084286e-05,t17_f5_c3,2.763208412315015e+18,1,6.0,648.5709838867188,844.677978515625,254.2908962,17.747974,18.845300674438477,0.09460700303316116,8.795049667358398,18.703399658203125,0.07109999656677246,0.1510239988565445,19.437999725341797,0.061000000685453415,4.00600004196167,0.3580000102519989,0.4070889949798584,-0.14190399646759033,3.0199999809265137,1.0,648.5709838867188,1.975059986114502,0.7725970149040222,0.746999979019165,0.6830000281333923,0.2473510056734085,0.226159006357193,1.0937000513076782,1.0,0.0,0.9200000166893005,1.0,18.750600814819336,0.09350000321865082,254.2909287,17.7479499,26.4119,ZTF20abaogvg
2460517.7261111,1,2763226112315,20.70560073852539,/ztf/archive/sci/2024/0726/226088/ztf_20240726226088_000585_zg_c06_o_q4_scimrefdiffimg.fits.fz,Kulkarni,2,2763,23,585,26.192800521850586,8.81689993548207e-06,0.045372799038887024,-0.10588099807500839,1.912660081870854e-05,t17_f5_c3,2.763226112315015e+18,1,7.0,651.0789794921875,840.8800048828125,254.2908918,17.7479853,18.8887996673584,0.07638899981975555,3.278830051422119,18.997499465942383,0.09309999644756317,0.18989500403404236,19.437999725341797,0.061000000685453415,4.00600004196167,0.3580000102519989,0.22073900699615479,0.10865200310945511,1.8200000524520874,0.9829999804496765,651.0789794921875,1.7080600261688232,1.2458000183105469,0.625,0.5889999866485596,0.34340700507164,0.32362601161003113,1.0611200332641602,4.0,0.0,0.9585710167884827,0.9692000150680542,18.969600677490234,0.11469999700784683,254.2909287,17.7479499,17.3815,ZTF20abaogvg
2460517.7317245,3,2763231722315,20.020999908447266,/ztf/archive/sci/2024/0726/231713/ztf_20240726231713_000585_zi_c06_o_q4_scimrefdiffimg.fits.fz,Kulkarni,2,2763,23,585,25.708200454711914,2.296430011483608e-06,0.032110098749399185,0.18990400433540344,2.1437399482238106e-05,t17_f5_c3,,,,,,,,,,,,,,,,,,,,,,,,,,,,,,,,,,,,,,,ZTF20abaogvg
2460517.7904745,2,2763290472315,20.1294002532959,/ztf/archive/sci/2024/0726/290475/ztf_20240726290475_000585_zr_c06_o_q4_scimrefdiffimg.fits.fz,Kulkarni,2,2763,23,585,26.24020004272461,1.9995500224467833e-06,0.021702099591493607,0.08770009875297546,4.282700047042454e-06,t17_f5_c3,2.763290472315015e+18,1,1.0,653.4550170898438,833.9509887695312,254.2909378,17.7479784,18.899200439453125,0.10361599922180176,2.9699299335479736,18.885299682617188,0.14669999480247498,0.3213129937648773,18.534000396728516,0.07100000232458115,4.507999897003174,0.375,0.534853994846344,-0.013939999975264072,1.7200000286102295,1.0,653.4550170898438,1.244070053100586,1.2449300289154053,0.6110000014305115,0.5230000019073486,0.35523301362991333,0.30406999588012695,1.1682599782943726,7.0,0.0,0.9385709762573242,0.9205729961395264,18.824800491333008,0.17710000276565552,254.2908805,17.7479064,12.9938,ZTF20abaogvg
2460517.7084144,1,2763208412315,20.678499221801758,/ztf/archive/sci/2024/0726/208403/ztf_20240726208403_000585_zg_c06_o_q4_scimrefdiffimg.fits.fz,Kulkarni,2,2763,23,585,26.213300704956055,8.814549801172689e-06,0.045842401683330536,-0.11455199867486954,1.8835400624084286e-05,t17_f5_c3,2.763208412315015e+18,t,6.0,648.5709838867188,844.677978515625,254.2908962,17.747974,18.845300674438477,0.09460700303316116,8.795049667358398,18.703399658203125,0.07109999656677246,0.1510239988565445,19.437999725341797,0.061000000685453415,4.00600004196167,0.3580000102519989,0.4070889949798584,-0.14190399646759033,3.0199999809265137,1.0,648.5709838867188,1.975059986114502,0.7725970149040222,0.746999979019165,0.6830000281333923,0.2473510056734085,0.226159006357193,1.0937000513076782,1.0,0.0,0.9200000166893005,1.0,18.750600814819336,0.09350000321865082,254.2909287,17.7479499,26.4119,ZTF20abaogvg
2460517.7261111,1,2763226112315,20.70560073852539,/ztf/archive/sci/2024/0726/226088/ztf_20240726226088_000585_zg_c06_o_q4_scimrefdiffimg.fits.fz,Kulkarni,2,2763,23,585,26.192800521850586,8.81689993548207e-06,0.045372799038887024,-0.10588099807500839,1.912660081870854e-05,t17_f5_c3,2.763226112315015e+18,t,7.0,651.0789794921875,840.8800048828125,254.2908918,17.7479853,18.8887996673584,0.07638899981975555,3.278830051422119,18.997499465942383,0.09309999644756317,0.18989500403404236,19.437999725341797,0.061000000685453415,4.00600004196167,0.3580000102519989,0.22073900699615479,0.10865200310945511,1.8200000524520874,0.9829999804496765,651.0789794921875,1.7080600261688232,1.2458000183105469,0.625,0.5889999866485596,0.34340700507164,0.32362601161003113,1.0611200332641602,4.0,0.0,0.9585710167884827,0.9692000150680542,18.969600677490234,0.11469999700784683,254.2909287,17.7479499,17.3815,ZTF20abaogvg
2460517.7904745,2,2763290472315,20.1294002532959,/ztf/archive/sci/2024/0726/290475/ztf_20240726290475_000585_zr_c06_o_q4_scimrefdiffimg.fits.fz,Kulkarni,2,2763,23,585,26.24020004272461,1.9995500224467833e-06,0.021702099591493607,0.08770009875297546,4.282700047042454e-06,t17_f5_c3,2.763290472315015e+18,t,1.0,653.4550170898438,833.9509887695312,254.2909378,17.7479784,18.899200439453125,0.10361599922180176,2.9699299335479736,18.885299682617188,0.14669999480247498,0.3213129937648773,18.534000396728516,0.07100000232458115,4.507999897003174,0.375,0.534853994846344,-0.013939999975264072,1.7200000286102295,1.0,653.4550170898438,1.244070053100586,1.2449300289154053,0.6110000014305115,0.5230000019073486,0.35523301362991333,0.30406999588012695,1.1682599782943726,7.0,0.0,0.9385709762573242,0.9205729961395264,18.824800491333008,0.17710000276565552,254.2908805,17.7479064,12.9938,ZTF20abaogvg
2460517.8026968,2,2763302692315,19.99410057067871,/ztf/archive/sci/2024/0726/302697/ztf_20240726302697_000585_zr_c06_o_q4_scimrefdiffimg.fits.fz,Kulkarni,2,2763,23,585,26.21139907836914,2.2256299416767433e-06,0.022958699613809586,0.09627269953489304,4.732669822260505e-06,t17_f5_c3,2.763302692315015e+18,t,0.0,622.4920043945312,840.2509765625,254.2909518,17.7479442,18.824399948120117,0.09512600302696228,3.2505600452423096,18.736799240112305,0.13850000500679016,0.2683750092983246,18.534000396728516,0.07100000232458115,4.507999897003174,0.375,-0.03683000057935715,-0.08760900050401688,1.9600000381469727,0.9829999804496765,622.4920043945312,1.257290005683899,1.141070008277893,0.6759999990463257,0.5950000286102295,0.344897985458374,0.3035709857940674,1.1361299753189087,6.0,0.0,0.9642860293388367,0.9794189929962158,18.606399536132812,0.15680000185966492,254.2908805,17.7479064,15.8466,ZTF20abaogvg
2460518.7359722,1,2764235972315,20.64620018005371,/ztf/archive/sci/2024/0727/235972/ztf_20240727235972_000585_zg_c06_o_q4_scimrefdiffimg.fits.fz,Kulkarni,1,2764,23,585,26.26580047607422,8.10055007605115e-06,0.043944500386714935,-0.10002800077199936,1.729359973978717e-05,t17_f5_c3,2.764235972315015e+18,1,2.0,659.9190063476562,848.0859985351562,254.2908949,17.747966,18.81279945373535,0.07260899990797043,1.6273399591445923,18.74020004272461,0.07429999858140945,0.1425749957561493,19.437999725341797,0.061000000685453415,4.00600004196167,0.3580000102519989,0.3628759980201721,-0.0725879967212677,1.9199999570846558,0.9819999933242798,659.9190063476562,1.9059699773788452,1.2348099946975708,0.7559999823570251,0.7160000205039978,0.39375001192092896,0.3729169964790344,1.0558700561523438,1.0,0.0,0.9685710072517395,1.0,18.77869987487793,0.09709999710321426,254.2909287,17.7479499,18.2229,ZTF20abaogvg
2460518.7369329,1,2764236932315,20.665700912475586,/ztf/archive/sci/2024/0727/236921/ztf_20240727236921_000585_zg_c06_o_q4_scimrefdiffimg.fits.fz,Kulkarni,2,2764,23,585,26.27389907836914,8.080920451902784e-06,0.04396969825029373,-0.11204700171947479,1.7213500541402027e-05,t17_f5_c3,2.764236932315015e+18,1,12.0,662.4509887695312,846.8469848632812,254.2909084,17.747962,18.85890007019043,0.086667999625206,5.5721001625061035,18.784799575805664,0.07599999755620956,0.09389399737119675,19.437999725341797,0.061000000685453415,4.00600004196167,0.3580000102519989,0.3823480010032654,-0.07414499670267105,2.25,0.9869999885559082,662.4509887695312,1.88086998462677,1.0548900365829468,0.7390000224113464,0.7120000123977661,0.3284440040588379,0.3164440095424652,1.0379199981689453,2.0,0.0,0.9657139778137207,0.98819500207901,18.79949951171875,0.09719999879598618,254.2909287,17.7479499,23.4625,ZTF20abaogvg
2460518.762662,1,2764262662315,20.549999237060547,/ztf/archive/sci/2024/0727/262662/ztf_20240727262662_000585_zg_c06_o_q4_scimrefdiffimg.fits.fz,Kulkarni,2,2764,23,585,26.26740074157715,6.532569841510849e-06,0.03941329941153526,-0.09485869854688644,1.400299970555352e-05,t17_f5_c3,2.764262662315015e+18,1,4.0,662.073974609375,823.0150146484375,254.2909092,17.7479691,18.82040023803711,0.061778999865055084,1.0112700462341309,18.82939910888672,0.08630000054836273,0.10371600091457367,19.437999725341797,0.061000000685453415,4.00600004196167,0.3580000102519989,0.335983008146286,0.008995000272989273,2.0399999618530273,0.9829999804496765,662.073974609375,1.720579981803894,1.1764500141143799,0.734000027179718,0.7160000205039978,0.3598040044307709,0.3509800136089325,1.0251400470733643,1.0,0.0,0.9614289999008179,1.0,18.86949920654297,0.11330000311136246,254.2909287,17.7479499,18.3895,ZTF20abaogvg
2460518.7751852,2,2764275182315,20.540000915527344,/ztf/archive/sci/2024/0727/275174/ztf_20240727275174_000585_zr_c06_o_q4_scimrefdiffimg.fits.fz,Kulkarni,2,2764,23,585,26.30739974975586,2.1833400296600303e-06,0.022680599242448807,0.0888897031545639,4.68954021926038e-06,t17_f5_c3,2.764275182315015e+18,1,5.0,648.6079711914062,830.4180297851562,254.290936,17.7479752,18.858400344848633,0.11421799659729004,8.117230415344238,18.781299591064453,0.09440000355243683,0.30546998977661133,18.534000396728516,0.07100000232458115,4.507999897003174,0.375,0.15912799537181854,-0.0771469995379448,2.140000104904175,1.0,648.6079711914062,1.7586899995803833,0.9895139932632446,0.656000018119812,0.578000009059906,0.3065420091152191,0.27009299397468567,1.134950041770935,4.0,0.0,0.9214289784431458,0.9689170122146606,18.72800064086914,0.11379999667406082,254.2908805,17.7479064,22.5589,ZTF20abaogvg
2460518.7761343,2,2764276132315,20.45669937133789,/ztf/archive/sci/2024/0727/276123/ztf_20240727276123_000585_zr_c06_o_q4_scimrefdiffimg.fits.fz,Kulkarni,1,2764,23,585,26.2992000579834,2.0091199530725135e-06,0.0217484999448061,0.09251239895820618,4.315490059525473e-06,t17_f5_c3,2.764276132315015e+18,1,8.0,647.9000244140625,830.0809936523438,254.2909051,17.7479908,18.785200119018555,0.08509600162506104,1.7029199600219727,18.688899993896484,0.08990000188350677,0.3192040026187897,18.534000396728516,0.07100000232458115,4.507999897003174,0.375,0.12220700085163116,-0.09628599882125854,1.840000033378601,0.9829999804496765,647.9000244140625,1.7678500413894653,1.1969300508499146,0.6850000023841858,0.6000000238418579,0.372283011674881,0.32608699798583984,1.1416699886322021,3.0,0.0,0.9485710263252258,0.9798439741134644,18.731700897216797,0.11840000003576279,254.2908805,17.7479064,13.5666,ZTF20abaogvg
2460518.7359722,1,2764235972315,20.64620018005371,/ztf/archive/sci/2024/0727/235972/ztf_20240727235972_000585_zg_c06_o_q4_scimrefdiffimg.fits.fz,Kulkarni,1,2764,23,585,26.26580047607422,8.10055007605115e-06,0.043944500386714935,-0.10002800077199936,1.729359973978717e-05,t17_f5_c3,2.764235972315015e+18,t,2.0,659.9190063476562,848.0859985351562,254.2908949,17.747966,18.81279945373535,0.07260899990797043,1.6273399591445923,18.74020004272461,0.07429999858140945,0.1425749957561493,19.437999725341797,0.061000000685453415,4.00600004196167,0.3580000102519989,0.3628759980201721,-0.0725879967212677,1.9199999570846558,0.9819999933242798,659.9190063476562,1.9059699773788452,1.2348099946975708,0.7559999823570251,0.7160000205039978,0.39375001192092896,0.3729169964790344,1.0558700561523438,1.0,0.0,0.9685710072517395,1.0,18.77869987487793,0.09709999710321426,254.2909287,17.7479499,18.2229,ZTF20abaogvg
2460518.7369329,1,2764236932315,20.665700912475586,/ztf/archive/sci/2024/0727/236921/ztf_20240727236921_000585_zg_c06_o_q4_scimrefdiffimg.fits.fz,Kulkarni,2,2764,23,585,26.27389907836914,8.080920451902784e-06,0.04396969825029373,-0.11204700171947479,1.7213500541402027e-05,t17_f5_c3,2.764236932315015e+18,t,12.0,662.4509887695312,846.8469848632812,254.2909084,17.747962,18.85890007019043,0.086667999625206,5.5721001625061035,18.784799575805664,0.07599999755620956,0.09389399737119675,19.437999725341797,0.061000000685453415,4.00600004196167,0.3580000102519989,0.3823480010032654,-0.07414499670267105,2.25,0.9869999885559082,662.4509887695312,1.88086998462677,1.0548900365829468,0.7390000224113464,0.7120000123977661,0.3284440040588379,0.3164440095424652,1.0379199981689453,2.0,0.0,0.9657139778137207,0.98819500207901,18.79949951171875,0.09719999879598618,254.2909287,17.7479499,23.4625,ZTF20abaogvg
2460518.762662,1,2764262662315,20.549999237060547,/ztf/archive/sci/2024/0727/262662/ztf_20240727262662_000585_zg_c06_o_q4_scimrefdiffimg.fits.fz,Kulkarni,2,2764,23,585,26.26740074157715,6.532569841510849e-06,0.03941329941153526,-0.09485869854688644,1.400299970555352e-05,t17_f5_c3,2.764262662315015e+18,t,4.0,662.073974609375,823.0150146484375,254.2909092,17.7479691,18.82040023803711,0.061778999865055084,1.0112700462341309,18.82939910888672,0.08630000054836273,0.10371600091457367,19.437999725341797,0.061000000685453415,4.00600004196167,0.3580000102519989,0.335983008146286,0.008995000272989273,2.0399999618530273,0.9829999804496765,662.073974609375,1.720579981803894,1.1764500141143799,0.734000027179718,0.7160000205039978,0.3598040044307709,0.3509800136089325,1.0251400470733643,1.0,0.0,0.9614289999008179,1.0,18.86949920654297,0.11330000311136246,254.2909287,17.7479499,18.3895,ZTF20abaogvg
2460518.7751852,2,2764275182315,20.540000915527344,/ztf/archive/sci/2024/0727/275174/ztf_20240727275174_000585_zr_c06_o_q4_scimrefdiffimg.fits.fz,Kulkarni,2,2764,23,585,26.30739974975586,2.1833400296600303e-06,0.022680599242448807,0.0888897031545639,4.68954021926038e-06,t17_f5_c3,2.764275182315015e+18,t,5.0,648.6079711914062,830.4180297851562,254.290936,17.7479752,18.858400344848633,0.11421799659729004,8.117230415344238,18.781299591064453,0.09440000355243683,0.30546998977661133,18.534000396728516,0.07100000232458115,4.507999897003174,0.375,0.15912799537181854,-0.0771469995379448,2.140000104904175,1.0,648.6079711914062,1.7586899995803833,0.9895139932632446,0.656000018119812,0.578000009059906,0.3065420091152191,0.27009299397468567,1.134950041770935,4.0,0.0,0.9214289784431458,0.9689170122146606,18.72800064086914,0.11379999667406082,254.2908805,17.7479064,22.5589,ZTF20abaogvg
2460518.7761343,2,2764276132315,20.45669937133789,/ztf/archive/sci/2024/0727/276123/ztf_20240727276123_000585_zr_c06_o_q4_scimrefdiffimg.fits.fz,Kulkarni,1,2764,23,585,26.2992000579834,2.0091199530725135e-06,0.0217484999448061,0.09251239895820618,4.315490059525473e-06,t17_f5_c3,2.764276132315015e+18,t,8.0,647.9000244140625,830.0809936523438,254.2909051,17.7479908,18.785200119018555,0.08509600162506104,1.7029199600219727,18.688899993896484,0.08990000188350677,0.3192040026187897,18.534000396728516,0.07100000232458115,4.507999897003174,0.375,0.12220700085163116,-0.09628599882125854,1.840000033378601,0.9829999804496765,647.9000244140625,1.7678500413894653,1.1969300508499146,0.6850000023841858,0.6000000238418579,0.372283011674881,0.32608699798583984,1.1416699886322021,3.0,0.0,0.9485710263252258,0.9798439741134644,18.731700897216797,0.11840000003576279,254.2908805,17.7479064,13.5666,ZTF20abaogvg
2460518.8159954,2,2764315992315,20.214500427246094,/ztf/archive/sci/2024/0727/315995/ztf_20240727315995_000585_zr_c06_o_q4_scimrefdiffimg.fits.fz,Kulkarni,2,2764,23,585,26.292800903320312,1.8869700397772249e-06,0.021230200305581093,0.09507829695940018,4.025379894301295e-06,t17_f5_c3,2.764315992315015e+18,t,1.0,623.9329833984375,812.5700073242188,254.2909226,17.7479546,18.764799118041992,0.08220700174570084,3.498929977416992,18.821800231933594,0.12210000306367874,0.21554699540138245,18.534000396728516,0.07100000232458115,4.507999897003174,0.375,-0.054409999400377274,0.05700400099158287,2.049999952316284,0.9829999804496765,623.9329833984375,1.3926700353622437,1.1005799770355225,0.6579999923706055,0.597000002861023,0.32097598910331726,0.2912200093269348,1.102180004119873,2.0,0.0,0.951429009437561,1.0,18.906200408935547,0.1678999960422516,254.2908805,17.7479064,19.4794,ZTF20abaogvg
2460519.689375,1,2765189372315,20.654800415039062,/ztf/archive/sci/2024/0728/189329/ztf_20240728189329_000585_zg_c06_o_q4_scimrefdiffimg.fits.fz,Kulkarni,2,2765,23,585,26.3710994720459,7.469569936802145e-06,0.042363498359918594,-0.11694300174713135,1.589960083947517e-05,t17_f5_c3,2.765189372315015e+18,1,8.0,639.8560180664062,853.5369873046875,254.2908887,17.7479638,18.81209945678711,0.07167000323534012,6.351240158081055,18.699899673461914,0.06650000065565109,0.1441659927368164,19.437999725341797,0.061000000685453415,4.00600004196167,0.3580000102519989,-0.019694000482559204,-0.11218699812889099,2.3499999046325684,0.9860000014305115,639.8560180664062,1.9549299478530884,1.0800399780273438,0.8169999718666077,0.7940000295639038,0.34766000509262085,0.3378719985485077,1.0289700031280518,0.0,0.0,0.9571430087089539,1.0,18.58370018005371,0.0754999965429306,254.2909287,17.7479499,30.0371,ZTF20abaogvg
2460519.7371181,1,2765237112315,20.585899353027344,/ztf/archive/sci/2024/0728/237106/ztf_20240728237106_000585_zg_c06_o_q4_scimrefdiffimg.fits.fz,Kulkarni,2,2765,23,585,26.357200622558594,7.152340003813151e-06,0.041156601160764694,-0.0925109013915062,1.5278099454008043e-05,t17_f5_c3,2.765237112315015e+18,1,7.0,670.8599853515625,850.385986328125,254.2908731,17.7479551,18.844200134277344,0.0894090011715889,3.210939884185791,18.770000457763672,0.0738999992609024,0.21579700708389282,19.437999725341797,0.061000000685453415,4.00600004196167,0.3580000102519989,0.3473629951477051,-0.07419200241565704,2.930000066757202,0.9810000061988831,670.8599853515625,1.8158899545669556,0.8822289705276489,0.8569999933242798,0.8159999847412109,0.29249098896980286,0.27849799394607544,1.0502500534057617,2.0,0.0,0.9485710263252258,0.9909480214118958,18.828899383544922,0.09839999675750732,254.2909287,17.7479499,26.7007,ZTF20abaogvg
2460519.7961343,2,2765296132315,20.470300674438477,/ztf/archive/sci/2024/0728/296123/ztf_20240728296123_000585_zr_c06_o_q4_scimrefdiffimg.fits.fz,Kulkarni,2,2765,23,585,26.357799530029297,2.2202800664672395e-06,0.02290239930152893,0.0909532979130745,4.72844021714991e-06,t17_f5_c3,2.765296132315015e+18,1,3.0,642.89599609375,848.2369995117188,254.2909281,17.7479625,18.894800186157227,0.0722379982471466,1.8786300420761108,18.825000762939453,0.09799999743700027,0.26236099004745483,18.534000396728516,0.07100000232458115,4.507999897003174,0.375,0.32619398832321167,-0.06978700309991837,1.7699999809265137,0.9829999804496765,642.89599609375,1.6452900171279907,1.2762600183486938,0.7429999709129333,0.6589999794960022,0.41977399587631226,0.37231600284576416,1.1274700164794922,2.0,0.0,0.9442859888076782,0.9979889988899231,18.836700439453125,0.12549999356269836,254.2908805,17.7479064,16.114,ZTF20abaogvg
2460519.689375,1,2765189372315,20.654800415039062,/ztf/archive/sci/2024/0728/189329/ztf_20240728189329_000585_zg_c06_o_q4_scimrefdiffimg.fits.fz,Kulkarni,2,2765,23,585,26.3710994720459,7.469569936802145e-06,0.042363498359918594,-0.11694300174713135,1.589960083947517e-05,t17_f5_c3,2.765189372315015e+18,t,8.0,639.8560180664062,853.5369873046875,254.2908887,17.7479638,18.81209945678711,0.07167000323534012,6.351240158081055,18.699899673461914,0.06650000065565109,0.1441659927368164,19.437999725341797,0.061000000685453415,4.00600004196167,0.3580000102519989,-0.019694000482559204,-0.11218699812889099,2.3499999046325684,0.9860000014305115,639.8560180664062,1.9549299478530884,1.0800399780273438,0.8169999718666077,0.7940000295639038,0.34766000509262085,0.3378719985485077,1.0289700031280518,0.0,0.0,0.9571430087089539,1.0,18.58370018005371,0.0754999965429306,254.2909287,17.7479499,30.0371,ZTF20abaogvg
2460519.7371181,1,2765237112315,20.585899353027344,/ztf/archive/sci/2024/0728/237106/ztf_20240728237106_000585_zg_c06_o_q4_scimrefdiffimg.fits.fz,Kulkarni,2,2765,23,585,26.357200622558594,7.152340003813151e-06,0.041156601160764694,-0.0925109013915062,1.5278099454008043e-05,t17_f5_c3,2.765237112315015e+18,t,7.0,670.8599853515625,850.385986328125,254.2908731,17.7479551,18.844200134277344,0.0894090011715889,3.210939884185791,18.770000457763672,0.0738999992609024,0.21579700708389282,19.437999725341797,0.061000000685453415,4.00600004196167,0.3580000102519989,0.3473629951477051,-0.07419200241565704,2.930000066757202,0.9810000061988831,670.8599853515625,1.8158899545669556,0.8822289705276489,0.8569999933242798,0.8159999847412109,0.29249098896980286,0.27849799394607544,1.0502500534057617,2.0,0.0,0.9485710263252258,0.9909480214118958,18.828899383544922,0.09839999675750732,254.2909287,17.7479499,26.7007,ZTF20abaogvg
2460519.7961343,2,2765296132315,20.470300674438477,/ztf/archive/sci/2024/0728/296123/ztf_20240728296123_000585_zr_c06_o_q4_scimrefdiffimg.fits.fz,Kulkarni,2,2765,23,585,26.357799530029297,2.2202800664672395e-06,0.02290239930152893,0.0909532979130745,4.72844021714991e-06,t17_f5_c3,2.765296132315015e+18,t,3.0,642.89599609375,848.2369995117188,254.2909281,17.7479625,18.894800186157227,0.0722379982471466,1.8786300420761108,18.825000762939453,0.09799999743700027,0.26236099004745483,18.534000396728516,0.07100000232458115,4.507999897003174,0.375,0.32619398832321167,-0.06978700309991837,1.7699999809265137,0.9829999804496765,642.89599609375,1.6452900171279907,1.2762600183486938,0.7429999709129333,0.6589999794960022,0.41977399587631226,0.37231600284576416,1.1274700164794922,2.0,0.0,0.9442859888076782,0.9979889988899231,18.836700439453125,0.12549999356269836,254.2908805,17.7479064,16.114,ZTF20abaogvg
2460519.8365625,2,2765336562315,20.224899291992188,/ztf/archive/sci/2024/0728/336551/ztf_20240728336551_000585_zr_c06_o_q4_scimrefdiffimg.fits.fz,Kulkarni,2,2765,23,585,26.327800750732422,1.8420699916532612e-06,0.020846199244260788,0.0896942988038063,3.946729975723429e-06,t17_f5_c3,2.765336562315015e+18,t,0.0,618.4860229492188,833.8469848632812,254.2909179,17.7479734,18.7898006439209,0.07367800176143646,4.158820152282715,18.7947998046875,0.1168999969959259,0.27164098620414734,18.534000396728516,0.07100000232458115,4.507999897003174,0.375,0.06397300213575363,0.004993000067770481,2.0799999237060547,0.9819999933242798,618.4860229492188,1.4300999641418457,1.095420002937317,0.6679999828338623,0.6480000019073486,0.32115399837493896,0.3115380108356476,1.0308599472045898,4.0,0.0,0.9571430087089539,0.972690999507904,18.63640022277832,0.12870000302791595,254.2908805,17.7479064,18.8433,ZTF20abaogvg
2460520.7484606,2,2766248462315,20.553499221801758,/ztf/archive/sci/2024/0729/248438/ztf_20240729248438_000585_zr_c06_o_q4_scimrefdiffimg.fits.fz,Kulkarni,2,2766,23,585,26.365299224853516,2.8627600840991363e-06,0.025920700281858444,0.08321080356836319,6.113129984441912e-06,t17_f5_c3,2.766248462315015e+18,1,11.0,652.6199951171875,864.8480224609375,254.290907,17.7479715,18.812299728393555,0.07535000145435333,4.440070152282715,18.759700775146484,0.08330000191926956,0.24931499361991882,18.534000396728516,0.07100000232458115,4.507999897003174,0.375,0.19129399955272675,-0.052595000714063644,1.850000023841858,0.9829999804496765,652.6199951171875,1.7937999963760376,1.2757600545883179,0.6970000267028809,0.6470000147819519,0.3767569959163666,0.3497300148010254,1.077280044555664,0.0,0.0,0.9485710263252258,1.0,18.714399337768555,0.1006999984383583,254.2908805,17.7479064,20.3783,ZTF20abaogvg
2460520.8051852,1,2766305182315,20.39579963684082,/ztf/archive/sci/2024/0729/305174/ztf_20240729305174_000585_zg_c06_o_q4_scimrefdiffimg.fits.fz,Kulkarni,1,2766,23,585,26.293100357055664,5.540960046346299e-06,0.03627270087599754,-0.0961190015077591,1.1861499842780177e-05,t17_f5_c3,2.766305182315015e+18,1,2.0,628.0269775390625,850.1290283203125,254.2908931,17.7479523,18.855100631713867,0.08498100191354752,1.1493500471115112,18.752500534057617,0.08789999783039093,0.12076599895954132,19.437999725341797,0.061000000685453415,4.00600004196167,0.3580000102519989,0.16318699717521667,-0.10257100313901901,2.180000066757202,0.9819999933242798,628.0269775390625,1.6433099508285522,1.1516400575637817,0.8199999928474426,0.7839999794960022,0.37614700198173523,0.3596329987049103,1.0459200143814087,3.0,0.0,0.9642860293388367,0.9998499751091003,18.802499771118164,0.11680000275373459,254.2909287,17.7479499,18.9248,ZTF20abaogvg
2460520.8061227,1,2766306122315,20.359500885009766,/ztf/archive/sci/2024/0729/306123/ztf_20240729306123_000585_zg_c06_o_q4_scimrefdiffimg.fits.fz,Kulkarni,2,2766,23,585,26.287099838256836,6.068049970053835e-06,0.03813660144805908,-0.08403220027685165,1.2914900253235828e-05,t17_f5_c3,2.766306122315015e+18,1,5.0,626.8599853515625,850.7490234375,254.2908966,17.7479459,18.83009910583496,0.08195299655199051,2.55295991897583,18.725500106811523,0.08410000056028366,0.11018799990415573,19.437999725341797,0.061000000685453415,4.00600004196167,0.3580000102519989,0.0012610000558197498,-0.1046380028128624,2.690000057220459,0.9829999804496765,626.8599853515625,1.6340099573135376,0.9860450029373169,0.8379999995231628,0.8159999847412109,0.31152400374412537,0.30334600806236267,1.026960015296936,0.0,0.0,0.9585710167884827,1.0,18.802499771118164,0.1143999993801117,254.2909287,17.7479499,25.4987,ZTF20abaogvg
2460520.7484606,2,2766248462315,20.553499221801758,/ztf/archive/sci/2024/0729/248438/ztf_20240729248438_000585_zr_c06_o_q4_scimrefdiffimg.fits.fz,Kulkarni,2,2766,23,585,26.365299224853516,2.8627600840991363e-06,0.025920700281858444,0.08321080356836319,6.113129984441912e-06,t17_f5_c3,2.766248462315015e+18,t,11.0,652.6199951171875,864.8480224609375,254.290907,17.7479715,18.812299728393555,0.07535000145435333,4.440070152282715,18.759700775146484,0.08330000191926956,0.24931499361991882,18.534000396728516,0.07100000232458115,4.507999897003174,0.375,0.19129399955272675,-0.052595000714063644,1.850000023841858,0.9829999804496765,652.6199951171875,1.7937999963760376,1.2757600545883179,0.6970000267028809,0.6470000147819519,0.3767569959163666,0.3497300148010254,1.077280044555664,0.0,0.0,0.9485710263252258,1.0,18.714399337768555,0.1006999984383583,254.2908805,17.7479064,20.3783,ZTF20abaogvg
2460520.8051852,1,2766305182315,20.39579963684082,/ztf/archive/sci/2024/0729/305174/ztf_20240729305174_000585_zg_c06_o_q4_scimrefdiffimg.fits.fz,Kulkarni,1,2766,23,585,26.293100357055664,5.540960046346299e-06,0.03627270087599754,-0.0961190015077591,1.1861499842780177e-05,t17_f5_c3,2.766305182315015e+18,t,2.0,628.0269775390625,850.1290283203125,254.2908931,17.7479523,18.855100631713867,0.08498100191354752,1.1493500471115112,18.752500534057617,0.08789999783039093,0.12076599895954132,19.437999725341797,0.061000000685453415,4.00600004196167,0.3580000102519989,0.16318699717521667,-0.10257100313901901,2.180000066757202,0.9819999933242798,628.0269775390625,1.6433099508285522,1.1516400575637817,0.8199999928474426,0.7839999794960022,0.37614700198173523,0.3596329987049103,1.0459200143814087,3.0,0.0,0.9642860293388367,0.9998499751091003,18.802499771118164,0.11680000275373459,254.2909287,17.7479499,18.9248,ZTF20abaogvg
2460520.8061227,1,2766306122315,20.359500885009766,/ztf/archive/sci/2024/0729/306123/ztf_20240729306123_000585_zg_c06_o_q4_scimrefdiffimg.fits.fz,Kulkarni,2,2766,23,585,26.287099838256836,6.068049970053835e-06,0.03813660144805908,-0.08403220027685165,1.2914900253235828e-05,t17_f5_c3,2.766306122315015e+18,t,5.0,626.8599853515625,850.7490234375,254.2908966,17.7479459,18.83009910583496,0.08195299655199051,2.55295991897583,18.725500106811523,0.08410000056028366,0.11018799990415573,19.437999725341797,0.061000000685453415,4.00600004196167,0.3580000102519989,0.0012610000558197498,-0.1046380028128624,2.690000057220459,0.9829999804496765,626.8599853515625,1.6340099573135376,0.9860450029373169,0.8379999995231628,0.8159999847412109,0.31152400374412537,0.30334600806236267,1.026960015296936,0.0,0.0,0.9585710167884827,1.0,18.802499771118164,0.1143999993801117,254.2909287,17.7479499,25.4987,ZTF20abaogvg
2460520.8629051,2,2766362902315,19.787099838256836,/ztf/archive/sci/2024/0729/362697/ztf_20240729362697_000585_zr_c06_o_q4_scimrefdiffimg.fits.fz,Kulkarni,2,2766,23,585,26.278900146484375,3.4133900044253096e-06,0.02859240025281906,0.08982150256633759,7.270330115716206e-06,t17_f5_c3,2.766362902315015e+18,t,3.0,621.947998046875,832.1090087890625,254.2910056,17.7479743,18.830900192260742,0.13222500681877136,1.312809944152832,18.7460994720459,0.13199999928474426,0.48572200536727905,18.534000396728516,0.07100000232458115,4.507999897003174,0.375,-0.784483015537262,-0.08479099720716476,3.0,0.9829999804496765,621.947998046875,1.0409899950027466,0.9543820023536682,0.9150000214576721,0.703000009059906,0.3050000071525574,0.23433299362659454,1.3015700578689575,4.0,0.0,0.9128569960594177,0.9985290169715881,18.843900680541992,0.1843000054359436,254.2908805,17.7479064,12.4049,ZTF20abaogvg
2460521.6935648,1,2767193562315,20.76140022277832,/ztf/archive/sci/2024/0730/193565/ztf_20240730193565_000585_zg_c06_o_q4_scimrefdiffimg.fits.fz,Kulkarni,2,2767,23,585,26.3617000579834,6.700539870507782e-06,0.039665501564741135,-0.1166829988360405,1.4328899851534516e-05,t17_f5_c3,2.767193562315015e+18,1,4.0,684.6099853515625,864.10400390625,254.2908961,17.7479478,18.885700225830078,0.07998599857091904,5.038330078125,18.734399795532227,0.06729999929666519,0.11644300073385239,19.437999725341797,0.061000000685453415,4.00600004196167,0.3580000102519989,0.055011000484228134,-0.15130600333213806,1.909999966621399,0.984000027179718,684.6099853515625,2.0269999504089355,1.231469988822937,0.7360000014305115,0.6769999861717224,0.38534000515937805,0.354449987411499,1.087149977684021,2.0,0.0,0.9599999785423279,1.0,18.679100036621094,0.08060000091791153,254.2909287,17.7479499,19.2068,ZTF20abaogvg
2460521.7981481,2,2767298142315,20.35409927368164,/ztf/archive/sci/2024/0730/297998/ztf_20240730297998_000585_zr_c06_o_q4_scimrefdiffimg.fits.fz,Kulkarni,2,2767,23,585,26.33489990234375,1.942549943123595e-06,0.021448399871587753,0.09035419672727585,4.1677799345052335e-06,t17_f5_c3,2.767298142315015e+18,1,4.0,649.6400146484375,847.405029296875,254.2909297,17.747978,18.848899841308594,0.09384600073099136,4.1720099449157715,18.962299346923828,0.1200999990105629,0.3066819906234741,18.534000396728516,0.07100000232458115,4.507999897003174,0.375,-0.0028929999098181725,0.11338700354099274,2.369999885559082,0.996999979019165,649.6400146484375,1.3917499780654907,0.9753109812736511,0.6949999928474426,0.6269999742507935,0.2932490110397339,0.26455700397491455,1.1084500551223755,2.0,0.0,0.9399999976158142,1.0,18.855600357055664,0.13840000331401825,254.2908805,17.7479064,21.6172,ZTF20abaogvg
2460521.6935648,1,2767193562315,20.76140022277832,/ztf/archive/sci/2024/0730/193565/ztf_20240730193565_000585_zg_c06_o_q4_scimrefdiffimg.fits.fz,Kulkarni,2,2767,23,585,26.3617000579834,6.700539870507782e-06,0.039665501564741135,-0.1166829988360405,1.4328899851534516e-05,t17_f5_c3,2.767193562315015e+18,t,4.0,684.6099853515625,864.10400390625,254.2908961,17.7479478,18.885700225830078,0.07998599857091904,5.038330078125,18.734399795532227,0.06729999929666519,0.11644300073385239,19.437999725341797,0.061000000685453415,4.00600004196167,0.3580000102519989,0.055011000484228134,-0.15130600333213806,1.909999966621399,0.984000027179718,684.6099853515625,2.0269999504089355,1.231469988822937,0.7360000014305115,0.6769999861717224,0.38534000515937805,0.354449987411499,1.087149977684021,2.0,0.0,0.9599999785423279,1.0,18.679100036621094,0.08060000091791153,254.2909287,17.7479499,19.2068,ZTF20abaogvg
2460521.7981481,2,2767298142315,20.35409927368164,/ztf/archive/sci/2024/0730/297998/ztf_20240730297998_000585_zr_c06_o_q4_scimrefdiffimg.fits.fz,Kulkarni,2,2767,23,585,26.33489990234375,1.942549943123595e-06,0.021448399871587753,0.09035419672727585,4.1677799345052335e-06,t17_f5_c3,2.767298142315015e+18,t,4.0,649.6400146484375,847.405029296875,254.2909297,17.747978,18.848899841308594,0.09384600073099136,4.1720099449157715,18.962299346923828,0.1200999990105629,0.3066819906234741,18.534000396728516,0.07100000232458115,4.507999897003174,0.375,-0.0028929999098181725,0.11338700354099274,2.369999885559082,0.996999979019165,649.6400146484375,1.3917499780654907,0.9753109812736511,0.6949999928474426,0.6269999742507935,0.2932490110397339,0.26455700397491455,1.1084500551223755,2.0,0.0,0.9399999976158142,1.0,18.855600357055664,0.13840000331401825,254.2908805,17.7479064,21.6172,ZTF20abaogvg
2460521.8301042,1,2767330102315,20.184999465942383,/ztf/archive/sci/2024/0730/330093/ztf_20240730330093_000585_zg_c06_o_q4_scimrefdiffimg.fits.fz,Kulkarni,2,2767,23,585,26.23859977722168,5.036390120949363e-06,0.0344494991004467,-0.08767440170049667,1.0896999810938723e-05,t17_f5_c3,2.767330102315015e+18,t,8.0,617.6829833984375,835.8660278320312,254.2909346,17.7479819,18.873600006103516,0.07526600360870361,1.777459979057312,18.894399642944336,0.11540000140666962,0.11548800021409988,19.437999725341797,0.061000000685453415,4.00600004196167,0.3580000102519989,0.5348650217056274,0.020750999450683594,2.3399999141693115,0.9819999933242798,617.6829833984375,1.290619969367981,1.1202199459075928,0.7559999823570251,0.7269999980926514,0.323076993227005,0.3106839954853058,1.0398900508880615,2.0,0.0,0.9657139778137207,1.0,18.915199279785156,0.14980000257492065,254.2909287,17.7479499,21.4,ZTF20abaogvg
2460522.7699306,2,2768269932315,20.377700805664062,/ztf/archive/sci/2024/0731/269919/ztf_20240731269919_000585_zr_c06_o_q4_scimrefdiffimg.fits.fz,Kulkarni,2,2768,23,585,26.277799606323242,3.13053010358999e-06,0.02699979953467846,0.09731549769639969,6.692780061712256e-06,t17_f5_c3,2.768269932315015e+18,1,10.0,657.1939697265625,871.5289916992188,254.2908962,17.7479897,18.89579963684082,0.08506499975919724,3.777909994125366,18.9689998626709,0.1111999973654747,0.2994129955768585,18.534000396728516,0.07100000232458115,4.507999897003174,0.375,0.4594460129737854,0.07321800291538239,2.069999933242798,0.9829999804496765,657.1939697265625,1.4086799621582031,1.2055200338363647,0.7379999756813049,0.656000018119812,0.35652199387550354,0.31690800189971924,1.125,4.0,0.0,0.9442859888076782,1.0,19.039400100708008,0.15000000596046448,254.2908805,17.7479064,15.3477,ZTF20abaogvg
2460522.7699306,2,2768269932315,20.377700805664062,/ztf/archive/sci/2024/0731/269919/ztf_20240731269919_000585_zr_c06_o_q4_scimrefdiffimg.fits.fz,Kulkarni,2,2768,23,585,26.277799606323242,3.13053010358999e-06,0.02699979953467846,0.09731549769639969,6.692780061712256e-06,t17_f5_c3,2.768269932315015e+18,t,10.0,657.1939697265625,871.5289916992188,254.2908962,17.7479897,18.89579963684082,0.08506499975919724,3.777909994125366,18.9689998626709,0.1111999973654747,0.2994129955768585,18.534000396728516,0.07100000232458115,4.507999897003174,0.375,0.4594460129737854,0.07321800291538239,2.069999933242798,0.9829999804496765,657.1939697265625,1.4086799621582031,1.2055200338363647,0.7379999756813049,0.656000018119812,0.35652199387550354,0.31690800189971924,1.125,4.0,0.0,0.9442859888076782,1.0,19.039400100708008,0.15000000596046448,254.2908805,17.7479064,15.3477,ZTF20abaogvg
2460522.8051389,1,2768305132315,20.286399841308594,/ztf/archive/sci/2024/0731/305139/ztf_20240731305139_000585_zg_c06_o_q4_scimrefdiffimg.fits.fz,Kulkarni,2,2768,23,585,26.11090087890625,7.147410087782191e-06,0.04124990105628967,-0.08041229844093323,1.527190033812076e-05,t17_f5_c3,2.768305132315015e+18,t,6.0,611.2080078125,844.0230102539062,254.2909128,17.7479656,18.901899337768555,0.0844469964504242,1.3987499475479126,18.85930061340332,0.10939999669790268,0.08328600227832794,19.437999725341797,0.061000000685453415,4.00600004196167,0.3580000102519989,0.16805000603199005,-0.04255500063300133,1.9900000095367432,0.9829999804496765,611.2080078125,1.4270700216293335,1.2321699857711792,0.7350000143051147,0.6919999718666077,0.3693470060825348,0.34773901104927063,1.0621399879455566,2.0,0.0,0.9685710072517395,0.9897540211677551,18.833999633789062,0.13600000739097595,254.2909287,17.7479499,16.3399,ZTF20abaogvg
2460524.7132755,2,2770213272315,20.664499282836914,/ztf/archive/sci/2024/0802/213275/ztf_20240802213275_000585_zr_c06_o_q4_scimrefdiffimg.fits.fz,Kulkarni,2,2770,23,585,26.307100296020508,3.1779300115886144e-06,0.02728860080242157,0.08203759789466858,6.819690042902948e-06,t17_f5_c3,2.770213272315015e+18,1,8.0,656.8070068359375,832.4920043945312,254.2908915,17.7479809,19.007099151611328,0.0828699991106987,5.7352399826049805,18.881399154663086,0.09130000323057175,0.2613910138607025,18.534000396728516,0.07100000232458115,4.507999897003174,0.375,0.47863200306892395,-0.12571999430656433,2.359999895095825,0.9900000095367432,656.8070068359375,1.7830599546432495,0.9172679781913757,0.6629999876022339,0.6430000066757202,0.2809320092201233,0.2724579870700836,1.0311000347137451,3.0,0.0,0.9399999976158142,0.9440860152244568,18.820199966430664,0.1088000014424324,254.2908805,17.7479064,20.5897,ZTF20abaogvg
2460524.7540741,2,2770254072315,20.355600357055664,/ztf/archive/sci/2024/0802/254062/ztf_20240802254062_000585_zr_c06_o_q4_scimrefdiffimg.fits.fz,Kulkarni,1,2770,23,585,26.28730010986328,3.2495699997525662e-06,0.027702700346708298,0.09902209788560867,6.963020041439449e-06,t17_f5_c3,2.770254072315015e+18,1,5.0,624.6649780273438,829.4879760742188,254.2908793,17.7479378,18.917299270629883,0.12531499564647675,6.492569923400879,18.773099899291992,0.09369999915361404,0.11270400136709213,18.534000396728516,0.07100000232458115,4.507999897003174,0.375,-0.13223500549793243,-0.14422300457954407,2.319999933242798,0.9819999933242798,624.6649780273438,1.582550048828125,1.0832200050354004,0.9110000133514404,0.7730000019073486,0.39267200231552124,0.333189994096756,1.1785199642181396,2.0,0.0,0.892857015132904,0.9791110157966614,18.708099365234375,0.11169999837875366,254.2908805,17.7479064,21.1752,ZTF20abaogvg
2460524.7550347,2,2770255032315,20.600000381469727,/ztf/archive/sci/2024/0802/255023/ztf_20240802255023_000585_zr_c06_o_q4_scimrefdiffimg.fits.fz,Kulkarni,2,2770,23,585,26.29439926147461,2.9516099857573863e-06,0.026369299739599228,0.09170419722795486,6.324909918475896e-06,t17_f5_c3,2.770255032315015e+18,1,7.0,632.8590087890625,820.968994140625,254.2908902,17.7479599,19.052400588989258,0.09008900076150894,2.4457499980926514,19.050199508666992,0.11050000041723251,0.2000409960746765,18.534000396728516,0.07100000232458115,4.507999897003174,0.375,0.1441980004310608,-0.002205000026151538,1.6299999952316284,0.9819999933242798,632.8590087890625,1.5497699975967407,1.351140022277832,0.5989999771118164,0.5580000281333923,0.367484986782074,0.3423309922218323,1.0734800100326538,2.0,0.0,0.951429009437561,1.0,19.07819938659668,0.14319999516010284,254.2908805,17.7479064,14.2083,ZTF20abaogvg
2460524.807037,1,2770307032315,20.400400161743164,/ztf/archive/sci/2024/0802/307037/ztf_20240802307037_000585_zg_c06_o_q4_scimrefdiffimg.fits.fz,Kulkarni,1,2770,23,585,26.187299728393555,6.012170160829555e-06,0.03799600154161453,-0.08950120210647583,1.2770599823852535e-05,t17_f5_c3,2.770307032315015e+18,1,1.0,603.5029907226562,808.5180053710938,254.2909353,17.7479812,19.06529998779297,0.11914200335741043,6.3125,18.969499588012695,0.11129999905824661,0.11411699652671814,19.437999725341797,0.061000000685453415,4.00600004196167,0.3580000102519989,-0.19888000190258026,-0.09576199948787689,2.2100000381469727,1.0,603.5029907226562,1.4309300184249878,1.0871399641036987,0.7440000176429749,0.7059999704360962,0.336652010679245,0.3194569945335388,1.053820013999939,1.0,0.0,0.9642860293388367,1.0,19.01849937438965,0.14800000190734863,254.2909287,17.7479499,21.0787,ZTF20abaogvg
2460524.7132755,2,2770213272315,20.664499282836914,/ztf/archive/sci/2024/0802/213275/ztf_20240802213275_000585_zr_c06_o_q4_scimrefdiffimg.fits.fz,Kulkarni,2,2770,23,585,26.307100296020508,3.1779300115886144e-06,0.02728860080242157,0.08203759789466858,6.819690042902948e-06,t17_f5_c3,2.770213272315015e+18,t,8.0,656.8070068359375,832.4920043945312,254.2908915,17.7479809,19.007099151611328,0.0828699991106987,5.7352399826049805,18.881399154663086,0.09130000323057175,0.2613910138607025,18.534000396728516,0.07100000232458115,4.507999897003174,0.375,0.47863200306892395,-0.12571999430656433,2.359999895095825,0.9900000095367432,656.8070068359375,1.7830599546432495,0.9172679781913757,0.6629999876022339,0.6430000066757202,0.2809320092201233,0.2724579870700836,1.0311000347137451,3.0,0.0,0.9399999976158142,0.9440860152244568,18.820199966430664,0.1088000014424324,254.2908805,17.7479064,20.5897,ZTF20abaogvg
2460524.7540741,2,2770254072315,20.355600357055664,/ztf/archive/sci/2024/0802/254062/ztf_20240802254062_000585_zr_c06_o_q4_scimrefdiffimg.fits.fz,Kulkarni,1,2770,23,585,26.28730010986328,3.2495699997525662e-06,0.027702700346708298,0.09902209788560867,6.963020041439449e-06,t17_f5_c3,2.770254072315015e+18,t,5.0,624.6649780273438,829.4879760742188,254.2908793,17.7479378,18.917299270629883,0.12531499564647675,6.492569923400879,18.773099899291992,0.09369999915361404,0.11270400136709213,18.534000396728516,0.07100000232458115,4.507999897003174,0.375,-0.13223500549793243,-0.14422300457954407,2.319999933242798,0.9819999933242798,624.6649780273438,1.582550048828125,1.0832200050354004,0.9110000133514404,0.7730000019073486,0.39267200231552124,0.333189994096756,1.1785199642181396,2.0,0.0,0.892857015132904,0.9791110157966614,18.708099365234375,0.11169999837875366,254.2908805,17.7479064,21.1752,ZTF20abaogvg
2460524.7550347,2,2770255032315,20.600000381469727,/ztf/archive/sci/2024/0802/255023/ztf_20240802255023_000585_zr_c06_o_q4_scimrefdiffimg.fits.fz,Kulkarni,2,2770,23,585,26.29439926147461,2.9516099857573863e-06,0.026369299739599228,0.09170419722795486,6.324909918475896e-06,t17_f5_c3,2.770255032315015e+18,t,7.0,632.8590087890625,820.968994140625,254.2908902,17.7479599,19.052400588989258,0.09008900076150894,2.4457499980926514,19.050199508666992,0.11050000041723251,0.2000409960746765,18.534000396728516,0.07100000232458115,4.507999897003174,0.375,0.1441980004310608,-0.002205000026151538,1.6299999952316284,0.9819999933242798,632.8590087890625,1.5497699975967407,1.351140022277832,0.5989999771118164,0.5580000281333923,0.367484986782074,0.3423309922218323,1.0734800100326538,2.0,0.0,0.951429009437561,1.0,19.07819938659668,0.14319999516010284,254.2908805,17.7479064,14.2083,ZTF20abaogvg
2460524.807037,1,2770307032315,20.400400161743164,/ztf/archive/sci/2024/0802/307037/ztf_20240802307037_000585_zg_c06_o_q4_scimrefdiffimg.fits.fz,Kulkarni,1,2770,23,585,26.187299728393555,6.012170160829555e-06,0.03799600154161453,-0.08950120210647583,1.2770599823852535e-05,t17_f5_c3,2.770307032315015e+18,t,1.0,603.5029907226562,808.5180053710938,254.2909353,17.7479812,19.06529998779297,0.11914200335741043,6.3125,18.969499588012695,0.11129999905824661,0.11411699652671814,19.437999725341797,0.061000000685453415,4.00600004196167,0.3580000102519989,-0.19888000190258026,-0.09576199948787689,2.2100000381469727,1.0,603.5029907226562,1.4309300184249878,1.0871399641036987,0.7440000176429749,0.7059999704360962,0.336652010679245,0.3194569945335388,1.053820013999939,1.0,0.0,0.9642860293388367,1.0,19.01849937438965,0.14800000190734863,254.2909287,17.7479499,21.0787,ZTF20abaogvg
2460524.830787,1,2770330782315,20.146299362182617,/ztf/archive/sci/2024/0802/330787/ztf_20240802330787_000585_zg_c06_o_q4_scimrefdiffimg.fits.fz,Kulkarni,2,2770,23,585,26.10890007019043,5.525409960682737e-06,0.036096200346946716,-0.05651089921593666,1.193329990201164e-05,t17_f5_c3,2.770330782315015e+18,t,3.0,604.6329956054688,798.4010009765625,254.2909256,17.7479522,19.02989959716797,0.11254800111055374,2.929529905319214,19.09269905090332,0.15299999713897705,0.01880200020968914,19.437999725341797,0.061000000685453415,4.00600004196167,0.3580000102519989,0.16606399416923523,0.06282400339841843,2.2899999618530273,1.0,604.6329956054688,1.053570032119751,1.06850004196167,0.722000002861023,0.7020000219345093,0.31528401374816895,0.306549996137619,1.0284899473190308,2.0,0.0,0.9599999785423279,1.0,18.975799560546875,0.17550000548362732,254.2909287,17.7479499,18.2348,ZTF20abaogvg
2460525.6915394,1,2771191532315,20.65169906616211,/ztf/archive/sci/2024/0803/191539/ztf_20240803191539_000585_zg_c06_o_q4_scimrefdiffimg.fits.fz,Kulkarni,2,2771,23,585,26.336000442504883,7.521739917137893e-06,0.0421379990875721,-0.13085199892520905,1.6102700101328082e-05,t17_f5_c3,2.771191532315015e+18,1,4.0,684.4710083007812,853.4920043945312,254.2909114,17.7479679,19.20599937438965,0.12547199428081512,6.683460235595703,19.253400802612305,0.11429999768733978,0.08815299719572067,19.437999725341797,0.061000000685453415,4.00600004196167,0.3580000102519989,0.08502399921417236,0.047412000596523285,2.640000104904175,1.0,684.4710083007812,1.3983299732208252,0.9189890027046204,0.6909999847412109,0.6230000257492065,0.2617419958114624,0.23598499596118927,1.1091500520706177,7.0,0.0,0.8985710144042969,0.9760349988937378,19.264699935913086,0.14640000462532043,254.2909287,17.7479499,23.1075,ZTF20abaogvg
2460525.7264468,1,2771226442315,20.470600128173828,/ztf/archive/sci/2024/0803/226447/ztf_20240803226447_000585_zg_c06_o_q4_scimrefdiffimg.fits.fz,Kulkarni,2,2771,23,585,26.283199310302734,7.903599907876924e-06,0.04345190152525902,-0.10817699879407883,1.6853000488481484e-05,t17_f5_c3,2.771226442315015e+18,1,3.0,647.8469848632812,839.958984375,254.2908878,17.747941,19.106199264526367,0.08160799741744995,1.5220799446105957,19.07360076904297,0.10480000078678131,0.1443769931793213,19.437999725341797,0.061000000685453415,4.00600004196167,0.3580000102519989,0.40861600637435913,-0.032611001282930374,2.1500000953674316,0.9810000061988831,647.8469848632812,1.3969899415969849,1.2303800582885742,0.8109999895095825,0.734000027179718,0.37720900774002075,0.34139499068260193,1.1049100160598755,1.0,0.0,0.9571430087089539,1.0,19.11479949951172,0.13809999823570251,254.2909287,17.7479499,19.3041,ZTF20abaogvg
2460525.7551273,2,2771255122315,20.548200607299805,/ztf/archive/sci/2024/0803/255116/ztf_20240803255116_000585_zr_c06_o_q4_scimrefdiffimg.fits.fz,Kulkarni,2,2771,23,585,26.298099517822266,2.64478990175121e-06,0.024954799562692642,0.08672930300235748,5.656800112774363e-06,t17_f5_c3,2.771255122315015e+18,1,5.0,649.8699951171875,851.1740112304688,254.290914,17.7479757,18.99410057067871,0.09412699937820435,2.1507699489593506,18.880300521850586,0.10100000351667404,0.26520100235939026,18.534000396728516,0.07100000232458115,4.507999897003174,0.375,0.27671700716018677,-0.1137629970908165,1.649999976158142,0.9829999804496765,649.8699951171875,1.667930006980896,1.3066600561141968,0.6299999952316284,0.5870000123977661,0.3818179965019226,0.35575801134109497,1.0732500553131104,3.0,0.0,0.942857027053833,0.9930750131607056,18.861299514770508,0.12549999356269836,254.2908805,17.7479064,13.7041,ZTF20abaogvg
2460525.6915394,1,2771191532315,20.65169906616211,/ztf/archive/sci/2024/0803/191539/ztf_20240803191539_000585_zg_c06_o_q4_scimrefdiffimg.fits.fz,Kulkarni,2,2771,23,585,26.336000442504883,7.521739917137893e-06,0.0421379990875721,-0.13085199892520905,1.6102700101328082e-05,t17_f5_c3,2.771191532315015e+18,t,4.0,684.4710083007812,853.4920043945312,254.2909114,17.7479679,19.20599937438965,0.12547199428081512,6.683460235595703,19.253400802612305,0.11429999768733978,0.08815299719572067,19.437999725341797,0.061000000685453415,4.00600004196167,0.3580000102519989,0.08502399921417236,0.047412000596523285,2.640000104904175,1.0,684.4710083007812,1.3983299732208252,0.9189890027046204,0.6909999847412109,0.6230000257492065,0.2617419958114624,0.23598499596118927,1.1091500520706177,7.0,0.0,0.8985710144042969,0.9760349988937378,19.264699935913086,0.14640000462532043,254.2909287,17.7479499,23.1075,ZTF20abaogvg
2460525.7264468,1,2771226442315,20.470600128173828,/ztf/archive/sci/2024/0803/226447/ztf_20240803226447_000585_zg_c06_o_q4_scimrefdiffimg.fits.fz,Kulkarni,2,2771,23,585,26.283199310302734,7.903599907876924e-06,0.04345190152525902,-0.10817699879407883,1.6853000488481484e-05,t17_f5_c3,2.771226442315015e+18,t,3.0,647.8469848632812,839.958984375,254.2908878,17.747941,19.106199264526367,0.08160799741744995,1.5220799446105957,19.07360076904297,0.10480000078678131,0.1443769931793213,19.437999725341797,0.061000000685453415,4.00600004196167,0.3580000102519989,0.40861600637435913,-0.032611001282930374,2.1500000953674316,0.9810000061988831,647.8469848632812,1.3969899415969849,1.2303800582885742,0.8109999895095825,0.734000027179718,0.37720900774002075,0.34139499068260193,1.1049100160598755,1.0,0.0,0.9571430087089539,1.0,19.11479949951172,0.13809999823570251,254.2909287,17.7479499,19.3041,ZTF20abaogvg
2460525.7551273,2,2771255122315,20.548200607299805,/ztf/archive/sci/2024/0803/255116/ztf_20240803255116_000585_zr_c06_o_q4_scimrefdiffimg.fits.fz,Kulkarni,2,2771,23,585,26.298099517822266,2.64478990175121e-06,0.024954799562692642,0.08672930300235748,5.656800112774363e-06,t17_f5_c3,2.771255122315015e+18,t,5.0,649.8699951171875,851.1740112304688,254.290914,17.7479757,18.99410057067871,0.09412699937820435,2.1507699489593506,18.880300521850586,0.10100000351667404,0.26520100235939026,18.534000396728516,0.07100000232458115,4.507999897003174,0.375,0.27671700716018677,-0.1137629970908165,1.649999976158142,0.9829999804496765,649.8699951171875,1.667930006980896,1.3066600561141968,0.6299999952316284,0.5870000123977661,0.3818179965019226,0.35575801134109497,1.0732500553131104,3.0,0.0,0.942857027053833,0.9930750131607056,18.861299514770508,0.12549999356269836,254.2908805,17.7479064,13.7041,ZTF20abaogvg
2460525.7890625,2,2771289062315,20.441999435424805,/ztf/archive/sci/2024/0803/289062/ztf_20240803289062_000585_zr_c06_o_q4_scimrefdiffimg.fits.fz,Kulkarni,2,2771,23,585,26.292200088500977,2.3211400730360765e-06,0.023362699896097183,0.08354640007019043,4.951270057063084e-06,t17_f5_c3,2.771289062315015e+18,t,2.0,647.739013671875,865.6500244140625,254.2909329,17.7479682,18.925199508666992,0.08068200200796127,4.551680088043213,18.70330047607422,0.09319999814033508,0.27018100023269653,18.534000396728516,0.07100000232458115,4.507999897003174,0.375,0.0872649997472763,-0.22185100615024567,2.0299999713897705,0.9909999966621399,647.739013671875,1.7387399673461914,1.0792399644851685,0.6800000071525574,0.6380000114440918,0.334975004196167,0.3142859935760498,1.0658299922943115,0.0,0.0,0.9357140064239502,1.0,18.580699920654297,0.10540000349283218,254.2908805,17.7479064,18.8481,ZTF20abaogvg
2460526.6950116,1,2772195012315,20.822900772094727,/ztf/archive/sci/2024/0804/195000/ztf_20240804195000_000585_zg_c06_o_q4_scimrefdiffimg.fits.fz,Kulkarni,1,2772,23,585,26.333499908447266,7.831759830878582e-06,0.04321020096540451,-0.09743359684944153,1.6746000255807303e-05,t17_f5_c3,2.772195012315015e+18,1,7.0,663.6389770507812,849.1480102539062,254.2908923,17.7479588,19.26849937438965,0.11325299739837646,3.7025399208068848,19.226600646972656,0.10050000250339508,0.12667599320411682,19.437999725341797,0.061000000685453415,4.00600004196167,0.3580000102519989,0.15492300689220428,-0.04193500056862831,2.0399999618530273,0.9819999933242798,663.6389770507812,1.5962799787521362,1.1397600173950195,0.7139999866485596,0.621999979019165,0.3499999940395355,0.30490198731422424,1.1479099988937378,2.0,0.0,0.9414290189743042,1.0,19.269399642944336,0.13210000097751617,254.2909287,17.7479499,16.6206,ZTF20abaogvg
2460526.6959491,1,2772195942315,20.789499282836914,/ztf/archive/sci/2024/0804/195949/ztf_20240804195949_000585_zg_c06_o_q4_scimrefdiffimg.fits.fz,Kulkarni,2,2772,23,585,26.361299514770508,7.520120107074035e-06,0.042231298983097076,-0.11899600178003311,1.6056199456215836e-05,t17_f5_c3,2.772195942315015e+18,1,6.0,664.1010131835938,849.0859985351562,254.2908981,17.7479313,19.253299713134766,0.08149100095033646,1.4659600257873535,19.102399826049805,0.09030000120401382,0.11428400129079819,19.437999725341797,0.061000000685453415,4.00600004196167,0.3580000102519989,0.32225900888442993,-0.15093599259853363,1.7999999523162842,0.9829999804496765,664.1010131835938,1.687059998512268,1.3230400085449219,0.7129999995231628,0.6420000195503235,0.39611101150512695,0.35666701197624207,1.1105899810791016,5.0,0.0,0.942857027053833,0.970956027507782,19.007299423217773,0.10459999740123749,254.2909287,17.7479499,14.518,ZTF20abaogvg
2460526.7147685,3,2772214762315,20.1023006439209,/ztf/archive/sci/2024/0804/214769/ztf_20240804214769_000585_zi_c06_o_q4_scimrefdiffimg.fits.fz,Kulkarni,2,2772,23,585,25.772300720214844,1.8885999679696397e-06,0.029367800801992416,0.19267399609088898,1.764350054145325e-05,t17_f5_c3,,,,,,,,,,,,,,,,,,,,,,,,,,,,,,,,,,,,,,,ZTF20abaogvg
2460526.733125,2,2772233122315,20.735700607299805,/ztf/archive/sci/2024/0804/233125/ztf_20240804233125_000585_zr_c06_o_q4_scimrefdiffimg.fits.fz,Kulkarni,2,2772,23,585,26.364900588989258,3.1560500701743877e-06,0.0272304005920887,0.08503980189561844,6.756939910701476e-06,t17_f5_c3,2.772233122315015e+18,1,5.0,659.6279907226562,846.083984375,254.2909339,17.7480186,19.037900924682617,0.08913300186395645,4.966149806976318,19.184200286865234,0.1151999980211258,0.4389770030975342,18.534000396728516,0.07100000232458115,4.507999897003174,0.375,0.5124949812889099,0.14626500010490417,1.690000057220459,1.0,659.6279907226562,1.5514500141143799,1.251230001449585,0.5879999995231628,0.503000020980835,0.3479290008544922,0.29763299226760864,1.1689900159835815,5.0,0.0,0.8971430063247681,0.972428023815155,19.0718994140625,0.13130000233650208,254.2908805,17.7479064,12.689,ZTF20abaogvg
2460526.7665162,2,2772266512315,20.688199996948242,/ztf/archive/sci/2024/0804/266505/ztf_20240804266505_000585_zr_c06_o_q4_scimrefdiffimg.fits.fz,Kulkarni,1,2772,23,585,26.353300094604492,2.491160103090806e-06,0.02427070029079914,0.08486270159482956,5.320890068105655e-06,t17_f5_c3,2.772266512315015e+18,1,4.0,626.7239990234375,833.1829833984375,254.290901,17.7479679,19.147300720214844,0.10436300188302994,3.3914599418640137,19.11639976501465,0.1128000020980835,0.23512400686740875,18.534000396728516,0.07100000232458115,4.507999897003174,0.375,0.5437120199203491,-0.030930999666452408,1.7400000095367432,0.9850000143051147,626.7239990234375,1.5717999935150146,1.2152700424194336,0.6309999823570251,0.5239999890327454,0.3626439869403839,0.30114901065826416,1.204200029373169,5.0,0.0,0.8999999761581421,0.9456949830055237,19.063800811767578,0.13580000400543213,254.2908805,17.7479064,12.8441,ZTF20abaogvg
2460526.7734259,2,2772273422315,20.454500198364258,/ztf/archive/sci/2024/0804/273368/ztf_20240804273368_000585_zr_c06_o_q4_scimrefdiffimg.fits.fz,Kulkarni,2,2772,23,585,26.34630012512207,2.3120699097489705e-06,0.023265499621629715,0.08813799917697906,4.943689873471158e-06,t17_f5_c3,2.772273422315015e+18,1,4.0,611.0120239257812,843.3259887695312,254.2909176,17.7479845,19.03529930114746,0.08260399848222733,2.1841299533843994,18.886499404907227,0.10769999772310257,0.3061630129814148,18.534000396728516,0.07100000232458115,4.507999897003174,0.375,0.3068700134754181,-0.14879199862480164,1.7100000381469727,0.984000027179718,611.0120239257812,1.5680400133132935,1.2862499952316284,0.671999990940094,0.5839999914169312,0.39298200607299805,0.3415200114250183,1.1506799459457397,7.0,0.0,0.9399999976158142,0.9615939855575562,18.98349952697754,0.1492999941110611,254.2908805,17.7479064,13.8949,ZTF20abaogvg
2460526.6950116,1,2772195012315,20.822900772094727,/ztf/archive/sci/2024/0804/195000/ztf_20240804195000_000585_zg_c06_o_q4_scimrefdiffimg.fits.fz,Kulkarni,1,2772,23,585,26.333499908447266,7.831759830878582e-06,0.04321020096540451,-0.09743359684944153,1.6746000255807303e-05,t17_f5_c3,2.772195012315015e+18,t,7.0,663.6389770507812,849.1480102539062,254.2908923,17.7479588,19.26849937438965,0.11325299739837646,3.7025399208068848,19.226600646972656,0.10050000250339508,0.12667599320411682,19.437999725341797,0.061000000685453415,4.00600004196167,0.3580000102519989,0.15492300689220428,-0.04193500056862831,2.0399999618530273,0.9819999933242798,663.6389770507812,1.5962799787521362,1.1397600173950195,0.7139999866485596,0.621999979019165,0.3499999940395355,0.30490198731422424,1.1479099988937378,2.0,0.0,0.9414290189743042,1.0,19.269399642944336,0.13210000097751617,254.2909287,17.7479499,16.6206,ZTF20abaogvg
2460526.6959491,1,2772195942315,20.789499282836914,/ztf/archive/sci/2024/0804/195949/ztf_20240804195949_000585_zg_c06_o_q4_scimrefdiffimg.fits.fz,Kulkarni,2,2772,23,585,26.361299514770508,7.520120107074035e-06,0.042231298983097076,-0.11899600178003311,1.6056199456215836e-05,t17_f5_c3,2.772195942315015e+18,t,6.0,664.1010131835938,849.0859985351562,254.2908981,17.7479313,19.253299713134766,0.08149100095033646,1.4659600257873535,19.102399826049805,0.09030000120401382,0.11428400129079819,19.437999725341797,0.061000000685453415,4.00600004196167,0.3580000102519989,0.32225900888442993,-0.15093599259853363,1.7999999523162842,0.9829999804496765,664.1010131835938,1.687059998512268,1.3230400085449219,0.7129999995231628,0.6420000195503235,0.39611101150512695,0.35666701197624207,1.1105899810791016,5.0,0.0,0.942857027053833,0.970956027507782,19.007299423217773,0.10459999740123749,254.2909287,17.7479499,14.518,ZTF20abaogvg
2460526.733125,2,2772233122315,20.735700607299805,/ztf/archive/sci/2024/0804/233125/ztf_20240804233125_000585_zr_c06_o_q4_scimrefdiffimg.fits.fz,Kulkarni,2,2772,23,585,26.364900588989258,3.1560500701743877e-06,0.0272304005920887,0.08503980189561844,6.756939910701476e-06,t17_f5_c3,2.772233122315015e+18,t,5.0,659.6279907226562,846.083984375,254.2909339,17.7480186,19.037900924682617,0.08913300186395645,4.966149806976318,19.184200286865234,0.1151999980211258,0.4389770030975342,18.534000396728516,0.07100000232458115,4.507999897003174,0.375,0.5124949812889099,0.14626500010490417,1.690000057220459,1.0,659.6279907226562,1.5514500141143799,1.251230001449585,0.5879999995231628,0.503000020980835,0.3479290008544922,0.29763299226760864,1.1689900159835815,5.0,0.0,0.8971430063247681,0.972428023815155,19.0718994140625,0.13130000233650208,254.2908805,17.7479064,12.689,ZTF20abaogvg
2460526.7665162,2,2772266512315,20.688199996948242,/ztf/archive/sci/2024/0804/266505/ztf_20240804266505_000585_zr_c06_o_q4_scimrefdiffimg.fits.fz,Kulkarni,1,2772,23,585,26.353300094604492,2.491160103090806e-06,0.02427070029079914,0.08486270159482956,5.320890068105655e-06,t17_f5_c3,2.772266512315015e+18,t,4.0,626.7239990234375,833.1829833984375,254.290901,17.7479679,19.147300720214844,0.10436300188302994,3.3914599418640137,19.11639976501465,0.1128000020980835,0.23512400686740875,18.534000396728516,0.07100000232458115,4.507999897003174,0.375,0.5437120199203491,-0.030930999666452408,1.7400000095367432,0.9850000143051147,626.7239990234375,1.5717999935150146,1.2152700424194336,0.6309999823570251,0.5239999890327454,0.3626439869403839,0.30114901065826416,1.204200029373169,5.0,0.0,0.8999999761581421,0.9456949830055237,19.063800811767578,0.13580000400543213,254.2908805,17.7479064,12.8441,ZTF20abaogvg
2460526.7734259,2,2772273422315,20.454500198364258,/ztf/archive/sci/2024/0804/273368/ztf_20240804273368_000585_zr_c06_o_q4_scimrefdiffimg.fits.fz,Kulkarni,2,2772,23,585,26.34630012512207,2.3120699097489705e-06,0.023265499621629715,0.08813799917697906,4.943689873471158e-06,t17_f5_c3,2.772273422315015e+18,t,4.0,611.0120239257812,843.3259887695312,254.2909176,17.7479845,19.03529930114746,0.08260399848222733,2.1841299533843994,18.886499404907227,0.10769999772310257,0.3061630129814148,18.534000396728516,0.07100000232458115,4.507999897003174,0.375,0.3068700134754181,-0.14879199862480164,1.7100000381469727,0.984000027179718,611.0120239257812,1.5680400133132935,1.2862499952316284,0.671999990940094,0.5839999914169312,0.39298200607299805,0.3415200114250183,1.1506799459457397,7.0,0.0,0.9399999976158142,0.9615939855575562,18.98349952697754,0.1492999941110611,254.2908805,17.7479064,13.8949,ZTF20abaogvg
2460526.798588,1,2772298582315,20.326000213623047,/ztf/archive/sci/2024/0804/298588/ztf_20240804298588_000585_zg_c06_o_q4_scimrefdiffimg.fits.fz,Kulkarni,2,2772,23,585,26.255399703979492,5.5202399380505085e-06,0.0364312008023262,-0.05202329903841019,1.1831300071207806e-05,t17_f5_c3,2.772298582315015e+18,t,3.0,620.739990234375,836.4940185546875,254.2909264,17.7480135,19.260299682617188,0.134102001786232,3.474030017852783,19.146699905395508,0.13089999556541443,0.22619199752807617,19.437999725341797,0.061000000685453415,4.00600004196167,0.3580000102519989,0.08422999829053879,-0.11364900320768356,2.869999885559082,0.984000027179718,620.739990234375,1.1792999505996704,0.8938369750976562,0.8740000128746033,0.800000011920929,0.30452999472618103,0.27874600887298584,1.0924999713897705,2.0,0.0,0.9714289903640747,1.0,19.16309928894043,0.16910000145435333,254.2909287,17.7479499,16.7979,ZTF20abaogvg
2460527.7679861,2,2773267982315,20.503400802612305,/ztf/archive/sci/2024/0805/267975/ztf_20240805267975_000585_zr_c06_o_q4_scimrefdiffimg.fits.fz,Kulkarni,2,2773,23,585,26.292800903320312,2.586330083431676e-06,0.024691300466656685,0.0846100002527237,5.545410203922074e-06,t17_f5_c3,2.773267982315015e+18,t,5.0,646.6060180664062,826.625,254.2909292,17.7479751,19.069799423217773,0.08675000071525574,5.155029773712158,19.113800048828125,0.13189999759197235,0.29663801193237305,18.534000396728516,0.07100000232458115,4.507999897003174,0.375,0.5275689959526062,0.04396799951791763,2.299999952316284,1.0,646.6060180664062,1.3896499872207642,0.9193800091743469,0.5989999771118164,0.5680000185966492,0.26043498516082764,0.24695700407028198,1.0545799732208252,4.0,0.0,0.9371430277824402,1.0,19.18280029296875,0.17820000648498535,254.2908805,17.7479064,17.9768,ZTF20abaogvg
2460528.7109375,1,2774210932315,20.601699829101562,/ztf/archive/sci/2024/0806/210891/ztf_20240806210891_000585_zg_c06_o_q4_scimrefdiffimg.fits.fz,Kulkarni,2,2774,23,585,26.248300552368164,7.814759555913042e-06,0.04320739954710007,-0.07817420363426208,1.6598800357314758e-05,t17_f5_c3,2.774210932315015e+18,1,4.0,645.1300048828125,844.60302734375,254.2908738,17.7479823,19.41029930114746,0.10878399759531021,2.1112000942230225,19.278099060058594,0.125,0.22339800000190735,19.437999725341797,0.061000000685453415,4.00600004196167,0.3580000102519989,0.10300499945878983,-0.13222600519657135,2.3299999237060547,0.9940000176429749,645.1300048828125,1.3235499858856201,1.0175299644470215,0.7300000190734863,0.6729999780654907,0.31330499053001404,0.28884100914001465,1.084689974784851,2.0,0.0,0.9728569984436035,0.9734280109405518,19.145999908447266,0.14059999585151672,254.2909287,17.7479499,15.0551,ZTF20abaogvg
2460528.7273727,1,2774227372315,20.55739974975586,/ztf/archive/sci/2024/0806/227361/ztf_20240806227361_000585_zg_c06_o_q4_scimrefdiffimg.fits.fz,Kulkarni,1,2774,23,585,26.23590087890625,6.578769898624159e-06,0.039564501494169235,-0.08582419902086258,1.4031599675945472e-05,t17_f5_c3,2.774227372315015e+18,1,4.0,636.8209838867188,839.06298828125,254.2909083,17.7479693,19.4158992767334,0.12720799446105957,1.4280799627304077,19.436599731445312,0.149399995803833,0.10742300003767014,19.437999725341797,0.061000000685453415,4.00600004196167,0.3580000102519989,0.507847011089325,0.020681999623775482,2.5299999713897705,0.9679999947547913,636.8209838867188,1.12076997756958,0.9412909746170044,0.7820000052452087,0.6579999923706055,0.3090910017490387,0.2600789964199066,1.1884499788284302,1.0,0.0,0.9571430087089539,1.0,19.511699676513672,0.20350000262260437,254.2909287,17.7479499,12.2143,ZTF20abaogvg
2460528.7346528,2,2774234652315,20.382600784301758,/ztf/archive/sci/2024/0806/234653/ztf_20240806234653_000585_zr_c06_o_q4_scimrefdiffimg.fits.fz,Kulkarni,2,2774,23,585,26.283199310302734,2.0702300389530137e-06,0.022138699889183044,0.08633329719305038,4.426140094437869e-06,t17_f5_c3,2.774234652315015e+18,1,2.0,653.1530151367188,842.947021484375,254.2909253,17.7479609,19.15220069885254,0.08718299865722656,1.5389399528503418,19.14889907836914,0.14409999549388885,0.2463890016078949,18.534000396728516,0.07100000232458115,4.507999897003174,0.375,0.14698700606822968,-0.003295999951660633,1.6200000047683716,0.9829999804496765,653.1530151367188,1.2337100505828857,1.3735599517822266,0.7549999952316284,0.6520000100135803,0.4660489857196808,0.4024690091609955,1.1579699516296387,3.0,0.0,0.9485710263252258,0.976980984210968,18.967899322509766,0.15520000457763672,254.2908805,17.7479064,10.3528,ZTF20abaogvg
2460528.7678472,2,2774267842315,20.284299850463867,/ztf/archive/sci/2024/0806/267824/ztf_20240806267824_000585_zr_c06_o_q4_scimrefdiffimg.fits.fz,Kulkarni,1,2774,23,585,26.22130012512207,2.5509100396448048e-06,0.024621199816465378,0.08843529969453812,5.430750206869561e-06,t17_f5_c3,2.774267842315015e+18,1,3.0,623.93798828125,835.9739990234375,254.290919,17.7479649,19.148300170898438,0.08001799881458282,1.1090099811553955,19.036699295043945,0.14659999310970306,0.24282899498939514,18.534000396728516,0.07100000232458115,4.507999897003174,0.375,-0.5328279733657837,-0.1116119995713234,1.8600000143051147,0.9819999933242798,623.93798828125,1.2475999593734741,1.1575499773025513,0.6309999823570251,0.5979999899864197,0.3392469882965088,0.32150501012802124,1.0551799535751343,6.0,0.0,0.9642860293388367,0.9041500091552734,19.087499618530273,0.19529999792575836,254.2908805,17.7479064,10.8683,ZTF20abaogvg
2460528.7692708,2,2774269272315,20.090099334716797,/ztf/archive/sci/2024/0806/269259/ztf_20240806269259_000585_zr_c06_o_q4_scimrefdiffimg.fits.fz,Kulkarni,2,2774,23,585,26.051599502563477,1.7421500160708092e-05,0.06413549929857254,0.08794959634542465,3.7257999792927876e-05,t17_f5_c3,2.774269272315015e+18,1,10.0,633.4559936523438,830.343017578125,254.2909665,17.747986,19.015600204467773,0.1196959987282753,4.077859878540039,19.004600524902344,0.17110000550746918,0.4060949981212616,18.534000396728516,0.07100000232458115,4.507999897003174,0.375,0.5210509896278381,-0.011049999855458736,1.940000057220459,0.9919999837875366,633.4559936523438,1.0854899883270264,1.099179983139038,0.5839999914169312,0.5460000038146973,0.3010309934616089,0.2814429998397827,1.069599986076355,5.0,0.0,0.8600000143051147,0.9350379705429077,18.9685001373291,0.2110999971628189,254.2908805,17.7479064,15.079,ZTF20abaogvg
2460528.7109375,1,2774210932315,20.601699829101562,/ztf/archive/sci/2024/0806/210891/ztf_20240806210891_000585_zg_c06_o_q4_scimrefdiffimg.fits.fz,Kulkarni,2,2774,23,585,26.248300552368164,7.814759555913042e-06,0.04320739954710007,-0.07817420363426208,1.6598800357314758e-05,t17_f5_c3,2.774210932315015e+18,t,4.0,645.1300048828125,844.60302734375,254.2908738,17.7479823,19.41029930114746,0.10878399759531021,2.1112000942230225,19.278099060058594,0.125,0.22339800000190735,19.437999725341797,0.061000000685453415,4.00600004196167,0.3580000102519989,0.10300499945878983,-0.13222600519657135,2.3299999237060547,0.9940000176429749,645.1300048828125,1.3235499858856201,1.0175299644470215,0.7300000190734863,0.6729999780654907,0.31330499053001404,0.28884100914001465,1.084689974784851,2.0,0.0,0.9728569984436035,0.9734280109405518,19.145999908447266,0.14059999585151672,254.2909287,17.7479499,15.0551,ZTF20abaogvg
2460528.7273727,1,2774227372315,20.55739974975586,/ztf/archive/sci/2024/0806/227361/ztf_20240806227361_000585_zg_c06_o_q4_scimrefdiffimg.fits.fz,Kulkarni,1,2774,23,585,26.23590087890625,6.578769898624159e-06,0.039564501494169235,-0.08582419902086258,1.4031599675945472e-05,t17_f5_c3,2.774227372315015e+18,t,4.0,636.8209838867188,839.06298828125,254.2909083,17.7479693,19.4158992767334,0.12720799446105957,1.4280799627304077,19.436599731445312,0.149399995803833,0.10742300003767014,19.437999725341797,0.061000000685453415,4.00600004196167,0.3580000102519989,0.507847011089325,0.020681999623775482,2.5299999713897705,0.9679999947547913,636.8209838867188,1.12076997756958,0.9412909746170044,0.7820000052452087,0.6579999923706055,0.3090910017490387,0.2600789964199066,1.1884499788284302,1.0,0.0,0.9571430087089539,1.0,19.511699676513672,0.20350000262260437,254.2909287,17.7479499,12.2143,ZTF20abaogvg
2460528.7346528,2,2774234652315,20.382600784301758,/ztf/archive/sci/2024/0806/234653/ztf_20240806234653_000585_zr_c06_o_q4_scimrefdiffimg.fits.fz,Kulkarni,2,2774,23,585,26.283199310302734,2.0702300389530137e-06,0.022138699889183044,0.08633329719305038,4.426140094437869e-06,t17_f5_c3,2.774234652315015e+18,t,2.0,653.1530151367188,842.947021484375,254.2909253,17.7479609,19.15220069885254,0.08718299865722656,1.5389399528503418,19.14889907836914,0.14409999549388885,0.2463890016078949,18.534000396728516,0.07100000232458115,4.507999897003174,0.375,0.14698700606822968,-0.003295999951660633,1.6200000047683716,0.9829999804496765,653.1530151367188,1.2337100505828857,1.3735599517822266,0.7549999952316284,0.6520000100135803,0.4660489857196808,0.4024690091609955,1.1579699516296387,3.0,0.0,0.9485710263252258,0.976980984210968,18.967899322509766,0.15520000457763672,254.2908805,17.7479064,10.3528,ZTF20abaogvg
2460528.7678472,2,2774267842315,20.284299850463867,/ztf/archive/sci/2024/0806/267824/ztf_20240806267824_000585_zr_c06_o_q4_scimrefdiffimg.fits.fz,Kulkarni,1,2774,23,585,26.22130012512207,2.5509100396448048e-06,0.024621199816465378,0.08843529969453812,5.430750206869561e-06,t17_f5_c3,2.774267842315015e+18,t,3.0,623.93798828125,835.9739990234375,254.290919,17.7479649,19.148300170898438,0.08001799881458282,1.1090099811553955,19.036699295043945,0.14659999310970306,0.24282899498939514,18.534000396728516,0.07100000232458115,4.507999897003174,0.375,-0.5328279733657837,-0.1116119995713234,1.8600000143051147,0.9819999933242798,623.93798828125,1.2475999593734741,1.1575499773025513,0.6309999823570251,0.5979999899864197,0.3392469882965088,0.32150501012802124,1.0551799535751343,6.0,0.0,0.9642860293388367,0.9041500091552734,19.087499618530273,0.19529999792575836,254.2908805,17.7479064,10.8683,ZTF20abaogvg
2460528.7692708,2,2774269272315,20.090099334716797,/ztf/archive/sci/2024/0806/269259/ztf_20240806269259_000585_zr_c06_o_q4_scimrefdiffimg.fits.fz,Kulkarni,2,2774,23,585,26.051599502563477,1.7421500160708092e-05,0.06413549929857254,0.08794959634542465,3.7257999792927876e-05,t17_f5_c3,2.774269272315015e+18,t,10.0,633.4559936523438,830.343017578125,254.2909665,17.747986,19.015600204467773,0.1196959987282753,4.077859878540039,19.004600524902344,0.17110000550746918,0.4060949981212616,18.534000396728516,0.07100000232458115,4.507999897003174,0.375,0.5210509896278381,-0.011049999855458736,1.940000057220459,0.9919999837875366,633.4559936523438,1.0854899883270264,1.099179983139038,0.5839999914169312,0.5460000038146973,0.3010309934616089,0.2814429998397827,1.069599986076355,5.0,0.0,0.8600000143051147,0.9350379705429077,18.9685001373291,0.2110999971628189,254.2908805,17.7479064,15.079,ZTF20abaogvg
2460528.8101852,1,2774310182315,19.916000366210938,/ztf/archive/sci/2024/0806/310174/ztf_20240806310174_000585_zg_c06_o_q4_scimrefdiffimg.fits.fz,Kulkarni,2,2774,23,585,26.038000106811523,6.247590135899372e-06,0.03736810013651848,-0.05444889888167381,1.4104200090514496e-05,t17_f5_c3,2.774310182315015e+18,t,7.0,629.3930053710938,821.9819946289062,254.2908933,17.7479445,19.263999938964844,0.15519900619983673,1.231969952583313,19.222900390625,0.19480000436306,0.11510699987411499,19.437999725341797,0.061000000685453415,4.00600004196167,0.3580000102519989,0.10928300023078918,-0.041099000722169876,3.2300000190734863,0.8799999952316284,629.3930053710938,0.6931020021438599,0.8248729705810547,0.968999981880188,0.8450000286102295,0.30000001192092896,0.2616100013256073,1.1467499732971191,3.0,0.0,0.9628570079803467,1.0,19.1564998626709,0.23430000245571136,254.2909287,17.7479499,11.8491,ZTF20abaogvg
2460529.7253935,1,2775225392315,20.603500366210938,/ztf/archive/sci/2024/0807/225382/ztf_20240807225382_000585_zg_c06_o_q4_scimrefdiffimg.fits.fz,Kulkarni,2,2775,23,585,26.252700805664062,7.083220225467812e-06,0.041084401309490204,-0.11148799955844879,1.5130800420593005e-05,t17_f5_c3,2.775225392315015e+18,1,4.0,656.35302734375,825.760009765625,254.2908365,17.7479717,19.47570037841797,0.11267600208520889,1.6370600461959839,19.23900032043457,0.11999999731779099,0.3314490020275116,19.437999725341797,0.061000000685453415,4.00600004196167,0.3580000102519989,0.055939000099897385,-0.23666200041770935,2.240000009536743,0.9810000061988831,656.35302734375,1.364490032196045,1.0631599426269531,0.7710000276565552,0.6919999718666077,0.34419599175453186,0.3089289963245392,1.1141599416732788,2.0,0.0,0.9342859983444214,0.9956459999084473,19.239599227905273,0.15230000019073486,254.2909287,17.7479499,14.6542,ZTF20abaogvg
2460529.7471759,3,2775247172315,20.113500595092773,/ztf/archive/sci/2024/0807/247164/ztf_20240807247164_000585_zi_c06_o_q4_scimrefdiffimg.fits.fz,Kulkarni,2,2775,23,585,25.71150016784668,1.8147300124837784e-06,0.02920369990170002,0.2002290040254593,1.66039008036023e-05,t17_f5_c3,,,,,,,,,,,,,,,,,,,,,,,,,,,,,,,,,,,,,,,ZTF20abaogvg
2460529.7696875,2,2775269682315,20.433700561523438,/ztf/archive/sci/2024/0807/269676/ztf_20240807269676_000585_zr_c06_o_q4_scimrefdiffimg.fits.fz,Kulkarni,2,2775,23,585,26.250600814819336,1.9877800241374644e-06,0.02169330045580864,0.08895789831876755,4.249649919074727e-06,t17_f5_c3,2.775269682315015e+18,1,2.0,636.6810302734375,820.781982421875,254.2909234,17.7479511,19.128599166870117,0.10073299705982208,3.0235800743103027,18.92460060119629,0.11729999631643295,0.21488100290298462,18.534000396728516,0.07100000232458115,4.507999897003174,0.375,0.45531898736953735,-0.20404599606990814,1.899999976158142,0.9810000061988831,636.6810302734375,1.5091099739074707,1.12076997756958,0.6600000262260437,0.5789999961853027,0.3473680019378662,0.30473700165748596,1.1398999691009521,2.0,0.0,0.9385709762573242,1.0,18.81559944152832,0.13459999859333038,254.2908805,17.7479064,14.5672,ZTF20abaogvg
2460529.7253935,1,2775225392315,20.603500366210938,/ztf/archive/sci/2024/0807/225382/ztf_20240807225382_000585_zg_c06_o_q4_scimrefdiffimg.fits.fz,Kulkarni,2,2775,23,585,26.252700805664062,7.083220225467812e-06,0.041084401309490204,-0.11148799955844879,1.5130800420593005e-05,t17_f5_c3,2.775225392315015e+18,t,4.0,656.35302734375,825.760009765625,254.2908365,17.7479717,19.47570037841797,0.11267600208520889,1.6370600461959839,19.23900032043457,0.11999999731779099,0.3314490020275116,19.437999725341797,0.061000000685453415,4.00600004196167,0.3580000102519989,0.055939000099897385,-0.23666200041770935,2.240000009536743,0.9810000061988831,656.35302734375,1.364490032196045,1.0631599426269531,0.7710000276565552,0.6919999718666077,0.34419599175453186,0.3089289963245392,1.1141599416732788,2.0,0.0,0.9342859983444214,0.9956459999084473,19.239599227905273,0.15230000019073486,254.2909287,17.7479499,14.6542,ZTF20abaogvg
2460529.7696875,2,2775269682315,20.433700561523438,/ztf/archive/sci/2024/0807/269676/ztf_20240807269676_000585_zr_c06_o_q4_scimrefdiffimg.fits.fz,Kulkarni,2,2775,23,585,26.250600814819336,1.9877800241374644e-06,0.02169330045580864,0.08895789831876755,4.249649919074727e-06,t17_f5_c3,2.775269682315015e+18,t,2.0,636.6810302734375,820.781982421875,254.2909234,17.7479511,19.128599166870117,0.10073299705982208,3.0235800743103027,18.92460060119629,0.11729999631643295,0.21488100290298462,18.534000396728516,0.07100000232458115,4.507999897003174,0.375,0.45531898736953735,-0.20404599606990814,1.899999976158142,0.9810000061988831,636.6810302734375,1.5091099739074707,1.12076997756958,0.6600000262260437,0.5789999961853027,0.3473680019378662,0.30473700165748596,1.1398999691009521,2.0,0.0,0.9385709762573242,1.0,18.81559944152832,0.13459999859333038,254.2908805,17.7479064,14.5672,ZTF20abaogvg
2460529.7743634,2,2775274362315,20.414499282836914,/ztf/archive/sci/2024/0807/274363/ztf_20240807274363_000585_zr_c06_o_q4_scimrefdiffimg.fits.fz,Kulkarni,2,2775,23,585,26.255399703979492,2.149190095224185e-06,0.02249230071902275,0.08625879883766174,4.61765012005344e-06,t17_f5_c3,2.775274362315015e+18,t,1.0,640.31201171875,824.8109741210938,254.2908964,17.7480076,19.205400466918945,0.10046400129795074,2.0190300941467285,19.012800216674805,0.12720000743865967,0.36383700370788574,18.534000396728516,0.07100000232458115,4.507999897003174,0.375,0.013497999869287014,-0.19256000220775604,1.5299999713897705,0.9819999933242798,640.31201171875,1.4017200469970703,1.4129600524902344,0.6710000038146973,0.5820000171661377,0.4385620057582855,0.3803919851779938,1.1529200077056885,2.0,0.0,0.9314290285110474,1.0,18.983200073242188,0.15729999542236328,254.2908805,17.7479064,11.0108,ZTF20abaogvg
2460530.6936111,1,2776193612315,20.59040069580078,/ztf/archive/sci/2024/0808/193600/ztf_20240808193600_000585_zg_c06_o_q4_scimrefdiffimg.fits.fz,Kulkarni,2,2776,23,585,26.276100158691406,7.003839982644422e-06,0.040749698877334595,-0.107573002576828,1.4967799870646559e-05,t17_f5_c3,2.776193612315015e+18,1,4.0,659.8619995117188,849.2479858398438,254.2908402,17.7479925,19.5841007232666,0.12424299865961075,1.817520022392273,19.525299072265625,0.15379999577999115,0.33171799778938293,19.437999725341797,0.061000000685453415,4.00600004196167,0.3580000102519989,-0.06179099902510643,-0.0588189996778965,2.0,0.9789999723434448,659.8619995117188,1.0651500225067139,1.2182600498199463,0.7179999947547913,0.6209999918937683,0.35899999737739563,0.31049999594688416,1.1562000513076782,4.0,0.0,0.9757140278816223,1.0,19.49180030822754,0.18960000574588776,254.2909287,17.7479499,13.9946,ZTF20abaogvg
2460530.6950231,1,2776195022315,20.63450050354004,/ztf/archive/sci/2024/0808/195023/ztf_20240808195023_000585_zg_c06_o_q4_scimrefdiffimg.fits.fz,Kulkarni,1,2776,23,585,26.287599563598633,6.765490070392843e-06,0.039907898753881454,-0.1116890013217926,1.4490499779640231e-05,t17_f5_c3,2.776195022315015e+18,1,7.0,658.9829711914062,849.1119995117188,254.2908553,17.747986,19.617599487304688,0.11263400316238403,1.220710039138794,19.603599548339844,0.16259999573230743,0.29374200105667114,19.437999725341797,0.061000000685453415,4.00600004196167,0.3580000102519989,0.41429999470710754,-0.013987000100314617,1.9900000095367432,0.9819999933242798,658.9829711914062,1.0309100151062012,1.1953799724578857,0.7509999871253967,0.6610000133514404,0.37738698720932007,0.332161009311676,1.1361600160598755,1.0,0.0,0.9599999785423279,1.0,19.474300384521484,0.18359999358654022,254.2909287,17.7479499,11.0396,ZTF20abaogvg
2460530.7126042,2,2776212602315,20.49970054626465,/ztf/archive/sci/2024/0808/212593/ztf_20240808212593_000585_zr_c06_o_q4_scimrefdiffimg.fits.fz,Kulkarni,2,2776,23,585,26.30340003967285,2.536550027798512e-06,0.02441590093076229,0.08212800323963165,5.418010005087126e-06,t17_f5_c3,2.776212602315015e+18,1,8.0,661.4669799804688,850.666015625,254.2908763,17.7479396,19.305400848388672,0.11789199709892273,4.086289882659912,19.16469955444336,0.1315000057220459,0.12140099704265594,18.534000396728516,0.07100000232458115,4.507999897003174,0.375,0.4394179880619049,-0.14073200523853302,2.190000057220459,0.9879999756813049,661.4669799804688,1.33502995967865,1.0212299823760986,0.7239999771118164,0.6299999952316284,0.330594003200531,0.2876709997653961,1.149209976196289,5.0,0.0,0.949999988079071,0.9863499999046326,19.09589958190918,0.15639999508857727,254.2908805,17.7479064,15.6804,ZTF20abaogvg
2460530.7135417,2,2776213542315,20.508399963378906,/ztf/archive/sci/2024/0808/213542/ztf_20240808213542_000585_zr_c06_o_q4_scimrefdiffimg.fits.fz,Kulkarni,1,2776,23,585,26.304500579833984,2.642719891809975e-06,0.024929899722337723,0.08652680367231369,5.649359991366509e-06,t17_f5_c3,2.776213542315015e+18,1,7.0,660.6950073242188,849.5659790039062,254.2908782,17.7479746,19.1875,0.11331900209188461,4.175179958343506,19.066699981689453,0.11680000275373459,0.2539040148258209,18.534000396728516,0.07100000232458115,4.507999897003174,0.375,-0.23165200650691986,-0.12077900022268295,2.5999999046325684,1.0,660.6950073242188,1.44173002243042,0.8805869817733765,0.781000018119812,0.6990000009536743,0.3003849983215332,0.2688460052013397,1.1173100471496582,1.0,0.0,0.949999988079071,1.0,19.158599853515625,0.16089999675750732,254.2908805,17.7479064,17.534,ZTF20abaogvg
2460530.6936111,1,2776193612315,20.59040069580078,/ztf/archive/sci/2024/0808/193600/ztf_20240808193600_000585_zg_c06_o_q4_scimrefdiffimg.fits.fz,Kulkarni,2,2776,23,585,26.276100158691406,7.003839982644422e-06,0.040749698877334595,-0.107573002576828,1.4967799870646559e-05,t17_f5_c3,2.776193612315015e+18,t,4.0,659.8619995117188,849.2479858398438,254.2908402,17.7479925,19.5841007232666,0.12424299865961075,1.817520022392273,19.525299072265625,0.15379999577999115,0.33171799778938293,19.437999725341797,0.061000000685453415,4.00600004196167,0.3580000102519989,-0.06179099902510643,-0.0588189996778965,2.0,0.9789999723434448,659.8619995117188,1.0651500225067139,1.2182600498199463,0.7179999947547913,0.6209999918937683,0.35899999737739563,0.31049999594688416,1.1562000513076782,4.0,0.0,0.9757140278816223,1.0,19.49180030822754,0.18960000574588776,254.2909287,17.7479499,13.9946,ZTF20abaogvg
2460530.6950231,1,2776195022315,20.63450050354004,/ztf/archive/sci/2024/0808/195023/ztf_20240808195023_000585_zg_c06_o_q4_scimrefdiffimg.fits.fz,Kulkarni,1,2776,23,585,26.287599563598633,6.765490070392843e-06,0.039907898753881454,-0.1116890013217926,1.4490499779640231e-05,t17_f5_c3,2.776195022315015e+18,t,7.0,658.9829711914062,849.1119995117188,254.2908553,17.747986,19.617599487304688,0.11263400316238403,1.220710039138794,19.603599548339844,0.16259999573230743,0.29374200105667114,19.437999725341797,0.061000000685453415,4.00600004196167,0.3580000102519989,0.41429999470710754,-0.013987000100314617,1.9900000095367432,0.9819999933242798,658.9829711914062,1.0309100151062012,1.1953799724578857,0.7509999871253967,0.6610000133514404,0.37738698720932007,0.332161009311676,1.1361600160598755,1.0,0.0,0.9599999785423279,1.0,19.474300384521484,0.18359999358654022,254.2909287,17.7479499,11.0396,ZTF20abaogvg
2460530.7126042,2,2776212602315,20.49970054626465,/ztf/archive/sci/2024/0808/212593/ztf_20240808212593_000585_zr_c06_o_q4_scimrefdiffimg.fits.fz,Kulkarni,2,2776,23,585,26.30340003967285,2.536550027798512e-06,0.02441590093076229,0.08212800323963165,5.418010005087126e-06,t17_f5_c3,2.776212602315015e+18,t,8.0,661.4669799804688,850.666015625,254.2908763,17.7479396,19.305400848388672,0.11789199709892273,4.086289882659912,19.16469955444336,0.1315000057220459,0.12140099704265594,18.534000396728516,0.07100000232458115,4.507999897003174,0.375,0.4394179880619049,-0.14073200523853302,2.190000057220459,0.9879999756813049,661.4669799804688,1.33502995967865,1.0212299823760986,0.7239999771118164,0.6299999952316284,0.330594003200531,0.2876709997653961,1.149209976196289,5.0,0.0,0.949999988079071,0.9863499999046326,19.09589958190918,0.15639999508857727,254.2908805,17.7479064,15.6804,ZTF20abaogvg
2460530.7135417,2,2776213542315,20.508399963378906,/ztf/archive/sci/2024/0808/213542/ztf_20240808213542_000585_zr_c06_o_q4_scimrefdiffimg.fits.fz,Kulkarni,1,2776,23,585,26.304500579833984,2.642719891809975e-06,0.024929899722337723,0.08652680367231369,5.649359991366509e-06,t17_f5_c3,2.776213542315015e+18,t,7.0,660.6950073242188,849.5659790039062,254.2908782,17.7479746,19.1875,0.11331900209188461,4.175179958343506,19.066699981689453,0.11680000275373459,0.2539040148258209,18.534000396728516,0.07100000232458115,4.507999897003174,0.375,-0.23165200650691986,-0.12077900022268295,2.5999999046325684,1.0,660.6950073242188,1.44173002243042,0.8805869817733765,0.781000018119812,0.6990000009536743,0.3003849983215332,0.2688460052013397,1.1173100471496582,1.0,0.0,0.949999988079071,1.0,19.158599853515625,0.16089999675750732,254.2908805,17.7479064,17.534,ZTF20abaogvg
2460530.7484375,2,2776248432315,20.512800216674805,/ztf/archive/sci/2024/0808/248426/ztf_20240808248426_000585_zr_c06_o_q4_scimrefdiffimg.fits.fz,Kulkarni,2,2776,23,585,26.28459930419922,2.4214900804508943e-06,0.023954400792717934,0.08526500314474106,5.166789833310759e-06,t17_f5_c3,2.776248432315015e+18,t,3.0,633.4869995117188,839.93701171875,254.2909005,17.7479899,19.200599670410156,0.10514800250530243,2.909140110015869,18.915300369262695,0.10580000281333923,0.31052500009536743,18.534000396728516,0.07100000232458115,4.507999897003174,0.375,0.35700300335884094,-0.2852649986743927,1.659999966621399,0.9990000128746033,633.4869995117188,1.5975199937820435,1.319790005683899,0.7609999775886536,0.6299999952316284,0.45843398571014404,0.3795180022716522,1.2079399824142456,4.0,0.0,0.8857139945030212,0.9963799715042114,18.915000915527344,0.1339000016450882,254.2908805,17.7479064,11.6695,ZTF20abaogvg
2460530.7552662,1,2776255262315,20.49049949645996,/ztf/archive/sci/2024/0808/255266/ztf_20240808255266_000585_zg_c06_o_q4_scimrefdiffimg.fits.fz,Kulkarni,2,2776,23,585,26.213199615478516,7.182749868661631e-06,0.0414808988571167,-0.06910820305347443,1.5287499991245568e-05,t17_f5_c3,2.776255262315015e+18,t,1.0,633.3060302734375,851.22802734375,254.2908944,17.7479399,19.672199249267578,0.127470001578331,1.5101900100708008,19.667200088500977,0.186599999666214,0.12995199859142303,19.437999725341797,0.061000000685453415,4.00600004196167,0.3580000102519989,0.21986299753189087,-0.005007999949157238,2.3399999141693115,0.9779999852180481,633.3060302734375,0.8233330249786377,1.0685800313949585,0.8669999837875366,0.8220000267028809,0.370512992143631,0.351282000541687,1.0547399520874023,4.0,0.0,0.949999988079071,0.9768919944763184,19.51609992980957,0.2069000005722046,254.2909287,17.7479499,10.5522,ZTF20abaogvg
2460531.6739468,1,2777173942315,20.541900634765625,/ztf/archive/sci/2024/0809/173947/ztf_20240809173947_000585_zg_c06_o_q4_scimrefdiffimg.fits.fz,Kulkarni,2,2777,23,585,26.285200119018555,6.865599971206393e-06,0.040287598967552185,-0.11808700114488602,1.4686100257677026e-05,t17_f5_c3,2.777173942315015e+18,1,4.0,684.9650268554688,853.8259887695312,254.2908116,17.7479904,19.732200622558594,0.13202500343322754,1.2815799713134766,19.76449966430664,0.20149999856948853,0.4318329989910126,19.437999725341797,0.061000000685453415,4.00600004196167,0.3580000102519989,0.42746099829673767,0.03233199939131737,2.640000104904175,0.9789999723434448,684.9650268554688,0.7774490118026733,0.9120609760284424,0.7960000038146973,0.7070000171661377,0.30151501297950745,0.26780301332473755,1.1258800029754639,4.0,0.0,0.942857027053833,0.9859430193901062,19.54990005493164,0.210999995470047,254.2909287,17.7479499,12.3722,ZTF20abaogvg
2460531.7063657,1,2777206362315,20.658599853515625,/ztf/archive/sci/2024/0809/206354/ztf_20240809206354_000585_zg_c06_o_q4_scimrefdiffimg.fits.fz,Kulkarni,2,2777,23,585,26.256399154663086,7.4224899435648695e-06,0.042135100811719894,-0.10964199900627136,1.5878600606811233e-05,t17_f5_c3,2.777206362315015e+18,1,6.0,639.9169921875,843.9450073242188,254.2908785,17.7479437,19.744400024414062,0.144896000623703,1.5171899795532227,19.722900390625,0.18129999935626984,0.18909400701522827,19.437999725341797,0.061000000685453415,4.00600004196167,0.3580000102519989,0.3246690034866333,-0.021544000133872032,2.0199999809265137,0.9750000238418579,639.9169921875,0.9357439875602722,1.1523900032043457,0.8080000281333923,0.722000002861023,0.4000000059604645,0.3574259877204895,1.1191099882125854,1.0,0.0,0.9085710048675537,1.0,19.728099822998047,0.23170000314712524,254.2909287,17.7479499,11.5498,ZTF20abaogvg
2460531.737338,2,2777237332315,20.574100494384766,/ztf/archive/sci/2024/0809/237326/ztf_20240809237326_000585_zr_c06_o_q4_scimrefdiffimg.fits.fz,Kulkarni,2,2777,23,585,26.270999908447266,2.571219965830096e-06,0.024658499285578728,0.08615359663963318,5.461330147227272e-06,t17_f5_c3,2.777237332315015e+18,1,9.0,634.4530029296875,852.8060302734375,254.2909284,17.7479443,19.329999923706055,0.10488499701023102,3.6827499866485596,19.370500564575195,0.1582999974489212,0.21298399567604065,18.534000396728516,0.07100000232458115,4.507999897003174,0.375,0.6452299952507019,0.04045499861240387,1.8799999952316284,0.9789999723434448,634.4530029296875,1.2036399841308594,1.1215900182724,0.6200000047683716,0.5609999895095825,0.3297869861125946,0.2984040081501007,1.1051700115203857,4.0,0.0,0.9399999976158142,1.0,19.258800506591797,0.1809999942779541,254.2908805,17.7479064,13.5676,ZTF20abaogvg
2460531.6739468,1,2777173942315,20.541900634765625,/ztf/archive/sci/2024/0809/173947/ztf_20240809173947_000585_zg_c06_o_q4_scimrefdiffimg.fits.fz,Kulkarni,2,2777,23,585,26.285200119018555,6.865599971206393e-06,0.040287598967552185,-0.11808700114488602,1.4686100257677026e-05,t17_f5_c3,2.777173942315015e+18,t,4.0,684.9650268554688,853.8259887695312,254.2908116,17.7479904,19.732200622558594,0.13202500343322754,1.2815799713134766,19.76449966430664,0.20149999856948853,0.4318329989910126,19.437999725341797,0.061000000685453415,4.00600004196167,0.3580000102519989,0.42746099829673767,0.03233199939131737,2.640000104904175,0.9789999723434448,684.9650268554688,0.7774490118026733,0.9120609760284424,0.7960000038146973,0.7070000171661377,0.30151501297950745,0.26780301332473755,1.1258800029754639,4.0,0.0,0.942857027053833,0.9859430193901062,19.54990005493164,0.210999995470047,254.2909287,17.7479499,12.3722,ZTF20abaogvg
2460531.7063657,1,2777206362315,20.658599853515625,/ztf/archive/sci/2024/0809/206354/ztf_20240809206354_000585_zg_c06_o_q4_scimrefdiffimg.fits.fz,Kulkarni,2,2777,23,585,26.256399154663086,7.4224899435648695e-06,0.042135100811719894,-0.10964199900627136,1.5878600606811233e-05,t17_f5_c3,2.777206362315015e+18,t,6.0,639.9169921875,843.9450073242188,254.2908785,17.7479437,19.744400024414062,0.144896000623703,1.5171899795532227,19.722900390625,0.18129999935626984,0.18909400701522827,19.437999725341797,0.061000000685453415,4.00600004196167,0.3580000102519989,0.3246690034866333,-0.021544000133872032,2.0199999809265137,0.9750000238418579,639.9169921875,0.9357439875602722,1.1523900032043457,0.8080000281333923,0.722000002861023,0.4000000059604645,0.3574259877204895,1.1191099882125854,1.0,0.0,0.9085710048675537,1.0,19.728099822998047,0.23170000314712524,254.2909287,17.7479499,11.5498,ZTF20abaogvg
2460531.737338,2,2777237332315,20.574100494384766,/ztf/archive/sci/2024/0809/237326/ztf_20240809237326_000585_zr_c06_o_q4_scimrefdiffimg.fits.fz,Kulkarni,2,2777,23,585,26.270999908447266,2.571219965830096e-06,0.024658499285578728,0.08615359663963318,5.461330147227272e-06,t17_f5_c3,2.777237332315015e+18,t,9.0,634.4530029296875,852.8060302734375,254.2909284,17.7479443,19.329999923706055,0.10488499701023102,3.6827499866485596,19.370500564575195,0.1582999974489212,0.21298399567604065,18.534000396728516,0.07100000232458115,4.507999897003174,0.375,0.6452299952507019,0.04045499861240387,1.8799999952316284,0.9789999723434448,634.4530029296875,1.2036399841308594,1.1215900182724,0.6200000047683716,0.5609999895095825,0.3297869861125946,0.2984040081501007,1.1051700115203857,4.0,0.0,0.9399999976158142,1.0,19.258800506591797,0.1809999942779541,254.2908805,17.7479064,13.5676,ZTF20abaogvg
2460531.7690509,2,2777269052315,20.540000915527344,/ztf/archive/sci/2024/0809/269051/ztf_20240809269051_000585_zr_c06_o_q4_scimrefdiffimg.fits.fz,Kulkarni,2,2777,23,585,26.26020050048828,2.791940005408833e-06,0.02574620023369789,0.08750300109386444,5.988460088701686e-06,t17_f5_c3,2.777269052315015e+18,t,6.0,640.2479858398438,828.489990234375,254.2909361,17.7479908,19.40519905090332,0.09403300285339355,3.7152199745178223,19.32819938659668,0.15809999406337738,0.35415101051330566,18.534000396728516,0.07100000232458115,4.507999897003174,0.375,-0.12284199893474579,-0.07702299952507019,1.5800000429153442,0.9819999933242798,640.2479858398438,1.2117999792099,1.315459966659546,0.6269999742507935,0.6129999756813049,0.39683499932289124,0.3879750072956085,1.0228400230407715,4.0,0.0,0.9242860078811646,1.0,19.19230079650879,0.17710000276565552,254.2908805,17.7479064,10.7975,ZTF20abaogvg
2460532.6843403,2,2778184345815,20.28890037536621,/ztf/archive/sci/2024/0810/184294/ztf_20240810184294_001581_zr_c15_o_q3_scimrefdiffimg.fits.fz,Kulkarni,2,2778,58,1581,26.185800552368164,2.063449983324972e-06,0.02169159986078739,0.08698979765176773,4.288910076866159e-06,t17_f5_c3,2.778184345815015e+18,1,36.0,429.9989929199219,1705.9200439453125,254.2909612,17.747976,19.178800582885742,0.09366299957036972,0.9408619999885559,19.346200942993164,0.18230000138282776,0.15351200103759766,18.545000076293945,0.06199999898672104,3.819999933242798,0.42399999499320984,0.314395010471344,0.16744700074195862,1.8700000047683716,0.9829999804496765,429.9989929199219,0.9426789879798889,1.2331600189208984,0.6029999852180481,0.5630000233650208,0.32245999574661255,0.3010700047016144,1.0710500478744507,7.0,0.0,0.8899999856948853,0.9540719985961914,19.350500106811523,0.23229999840259552,254.2909294,17.7479379,13.7217,ZTF20abaogvg
2460532.6983102,2,2778198312315,20.882600784301758,/ztf/archive/sci/2024/0810/198310/ztf_20240810198310_000585_zr_c06_o_q4_scimrefdiffimg.fits.fz,Kulkarni,1,2778,23,585,27.030000686645508,1.2013799732812913e-06,0.016833599656820297,0.08885619789361954,2.5647800612205174e-06,t17_f5_c3,2.778198312315015e+18,1,16.0,607.0360107421875,843.1439819335938,254.2909453,17.7479967,19.340999603271484,0.06308899819850922,1.6289900541305542,19.233400344848633,0.10329999774694443,0.3814510107040405,18.534000396728516,0.07100000232458115,4.507999897003174,0.375,0.7557770013809204,-0.10763200372457504,1.600000023841858,0.9829999804496765,607.0360107421875,1.6492400169372559,1.3272000551223755,0.5699999928474426,0.5669999718666077,0.35624998807907104,0.3543750047683716,1.0052900314331055,4.0,0.0,0.8857139945030212,0.9671139717102051,19.168800354003906,0.12359999865293503,254.2908805,17.7479064,10.7021,ZTF20abaogvg
2460532.6983102,2,2778198312315,20.882600784301758,/ztf/archive/sci/2024/0810/198310/ztf_20240810198310_000585_zr_c06_o_q4_scimrefdiffimg.fits.fz,Kulkarni,1,2778,23,585,27.030000686645508,1.2013799732812913e-06,0.016833599656820297,0.08885619789361954,2.5647800612205174e-06,t17_f5_c3,2.778198312315015e+18,t,16.0,607.0360107421875,843.1439819335938,254.2909453,17.7479967,19.340999603271484,0.06308899819850922,1.6289900541305542,19.233400344848633,0.10329999774694443,0.3814510107040405,18.534000396728516,0.07100000232458115,4.507999897003174,0.375,0.7557770013809204,-0.10763200372457504,1.600000023841858,0.9829999804496765,607.0360107421875,1.6492400169372559,1.3272000551223755,0.5699999928474426,0.5669999718666077,0.35624998807907104,0.3543750047683716,1.0052900314331055,4.0,0.0,0.8857139945030212,0.9671139717102051,19.168800354003906,0.12359999865293503,254.2908805,17.7479064,10.7021,ZTF20abaogvg
2460532.7420486,1,2778242042315,20.872600555419922,/ztf/archive/sci/2024/0810/242049/ztf_20240810242049_000585_zg_c06_o_q4_scimrefdiffimg.fits.fz,Kulkarni,1,2778,23,585,26.94569969177246,2.2392800929083023e-06,0.023151099681854248,-0.06264360249042511,4.748830178868957e-06,t17_f5_c3,2.778242042315015e+18,t,7.0,610.7249755859375,840.281005859375,254.2909065,17.7479601,19.764699935913086,0.09419199824333191,2.2599599361419678,19.643199920654297,0.13529999554157257,0.09819500148296356,19.437999725341797,0.061000000685453415,4.00600004196167,0.3580000102519989,0.6907060146331787,-0.12148299813270569,1.7300000190734863,0.9829999804496765,610.7249755859375,1.2294100522994995,1.368880033493042,0.6800000071525574,0.6539999842643738,0.3930639922618866,0.3780350089073181,1.0397499799728394,3.0,0.0,0.8857139945030212,1.0,19.691099166870117,0.17990000545978546,254.2909287,17.7479499,14.7827,ZTF20abaogvg
2460533.6937731,2,2779193772315,19.708999633789062,/ztf/archive/sci/2024/0811/193762/ztf_20240811193762_000585_zr_c06_o_q4_scimrefdiffimg.fits.fz,Kulkarni,1,2779,23,585,26.4281005859375,4.0785898818285204e-06,0.031073899939656258,0.08023220300674438,8.67239032231737e-06,t17_f5_c3,2.779193772315015e+18,1,3.0,622.5859985351562,844.85400390625,254.290967,17.7480139,19.309099197387695,0.1590380072593689,1.3387900590896606,19.241199493408203,0.2989000082015991,0.49393099546432495,18.534000396728516,0.07100000232458115,4.507999897003174,0.375,-2.4372100830078125,-0.06789799779653549,2.880000114440918,1.0,622.5859985351562,0.46778199076652527,0.7342270016670227,0.6660000085830688,0.4699999988079071,0.23125000298023224,0.16319400072097778,1.4170199632644653,8.0,0.0,0.7414289712905884,0.8447629809379578,19.339000701904297,0.4196000099182129,254.2908805,17.7479064,7.96104,ZTF20abaogvg
2460532.6843403,2,2778184345815,20.28890037536621,/ztf/archive/sci/2024/0810/184294/ztf_20240810184294_001581_zr_c15_o_q3_scimrefdiffimg.fits.fz,Kulkarni,2,2778,58,1581,26.185800552368164,2.063449983324972e-06,0.02169159986078739,0.08698979765176773,4.288910076866159e-06,t17_f5_c3,2.778184345815015e+18,t,36.0,429.9989929199219,1705.9200439453125,254.2909612,17.747976,19.178800582885742,0.09366299957036972,0.9408619999885559,19.346200942993164,0.18230000138282776,0.15351200103759766,18.545000076293945,0.06199999898672104,3.819999933242798,0.42399999499320984,0.314395010471344,0.16744700074195862,1.8700000047683716,0.9829999804496765,429.9989929199219,0.9426789879798889,1.2331600189208984,0.6029999852180481,0.5630000233650208,0.32245999574661255,0.3010700047016144,1.0710500478744507,7.0,0.0,0.8899999856948853,0.9540719985961914,19.350500106811523,0.23229999840259552,254.2909294,17.7479379,13.7217,ZTF20abaogvg
2460533.6842477,2,2779184245815,18.73740005493164,/ztf/archive/sci/2024/0811/184236/ztf_20240811184236_001581_zr_c15_o_q3_scimrefdiffimg.fits.fz,Kulkarni,2,2779,58,1581,25.16550064086914,1.0456299605721142e-05,0.046395398676395416,0.08826310187578201,2.154729918402154e-05,t17_f5_c3,,,,,,,,,,,,,,,,,,,,,,,,,,,,,,,,,,,,,,,ZTF20abaogvg
2460533.7328704,1,2779232872315,20.159099578857422,/ztf/archive/sci/2024/0811/232870/ztf_20240811232870_000585_zg_c06_o_q4_scimrefdiffimg.fits.fz,Kulkarni,1,2779,23,585,26.454099655151367,1.08876001831959e-05,0.050800301134586334,-0.05123370140790939,2.323119952052366e-05,t17_f5_c3,2.779232872315015e+18,1,1.0,629.7160034179688,840.3670043945312,254.2909122,17.7480322,19.997100830078125,0.2118529975414276,1.1386699676513672,19.939599990844727,0.35350000858306885,0.29736700654029846,19.437999725341797,0.061000000685453415,4.00600004196167,0.3580000102519989,0.9929550290107727,-0.05746399983763695,2.9100000858306885,0.9589999914169312,629.7160034179688,0.21948200464248657,0.7753199934959412,0.7239999771118164,0.6710000038146973,0.2487969994544983,0.23058399558067322,1.0789899826049805,6.0,0.0,0.7928569912910461,0.9985269904136658,19.96739959716797,0.4648999869823456,254.2909287,17.7479499,7.59659,ZTF20abaogvg
2460532.6848032,2,2778184805815,20.247699737548828,/ztf/archive/sci/2024/0810/184803/ztf_20240810184803_001581_zr_c15_o_q3_scimrefdiffimg.fits.fz,Kulkarni,3,2778,58,1581,26.1835994720459,1.9458800579741364e-06,0.021106699481606483,0.08454599976539612,4.041639840579592e-06,t17_f5_c3,2.778184805815015e+18,t,38.0,431.68701171875,1705.6700439453125,254.2909491,17.7479784,19.214599609375,0.11375900357961655,2.3041200637817383,19.03019905090332,0.14259999990463257,0.1493699997663498,18.545000076293945,0.06199999898672104,3.819999933242798,0.42399999499320984,0.6077889800071716,-0.1844020038843155,2.180000066757202,0.9869999885559082,431.68701171875,1.217519998550415,1.0489699840545654,0.6449999809265137,0.6140000224113464,0.2958720028400421,0.28165099024772644,1.0504900217056274,7.0,0.0,0.8199999928474426,0.9044860005378723,18.87809944152832,0.15770000219345093,254.2909294,17.7479379,15.2391,ZTF20abaogvg
2460533.6847106,2,2779184715815,18.79400062561035,/ztf/archive/sci/2024/0811/184711/ztf_20240811184711_001581_zr_c15_o_q3_scimrefdiffimg.fits.fz,Kulkarni,3,2779,58,1581,25.20240020751953,9.532320291327778e-06,0.04465090110898018,0.08973079919815063,1.960580084414687e-05,t17_f5_c3,,,,,,,,,,,,,,,,,,,,,,,,,,,,,,,,,,,,,,,ZTF20abaogvg
2460533.7446875,1,2779244685815,20.371999740600586,/ztf/archive/sci/2024/0811/244688/ztf_20240811244688_001581_zg_c15_o_q3_scimrefdiffimg.fits.fz,Kulkarni,2,2779,58,1581,26.13800048828125,3.20981007462251e-06,0.027310499921441078,-0.032315898686647415,6.676410066575045e-06,t17_f5_c3,2.779244685815015e+18,1,19.0,434.19500732421875,1703.9100341796875,254.2909491,17.7479997,19.93000030517578,0.21606899797916412,1.2808500528335571,20.5231990814209,0.4797999858856201,0.16650600731372833,19.475000381469727,0.07000000029802322,3.000999927520752,0.4129999876022339,0.46893399953842163,0.5931739807128906,1.590000033378601,0.968999981880188,434.19500732421875,-0.15117700397968292,1.4809999465942383,0.527999997138977,0.4690000116825104,0.33207499980926514,0.29496899247169495,1.1258000135421753,10.0,0.0,0.7442860007286072,0.7501839995384216,20.206199645996094,0.4586000144481659,254.2909223,17.7479569,10.3528,ZTF20abaogvg
2460528.7346528,2,2774234652315,20.382600784301758,/ztf/archive/sci/2024/0806/234653/ztf_20240806234653_000585_zr_c06_o_q4_scimrefdiffimg.fits.fz,Kulkarni,2,2774,23,585,26.283199310302734,2.0702300389530137e-06,0.022138699889183044,0.08633329719305038,4.426140094437869e-06,t17_f5_c3,2.774234652315025e+18,t,2.0,653.1530151367188,842.947021484375,254.2909253,17.7479609,19.15220069885254,0.08718299865722656,1.5389399528503418,19.14889907836914,0.14409999549388885,0.2463890016078949,18.534000396728516,0.07100000232458115,4.507999897003174,0.375,0.14698700606822968,-0.003295999951660633,1.6200000047683716,0.9829999804496765,653.1530151367188,1.2337100505828857,1.3735599517822266,0.7549999952316284,0.6520000100135803,0.4660489857196808,0.4024690091609955,1.1579699516296387,3.0,0.0,0.9485710263252258,0.976980984210968,18.967899322509766,0.15520000457763672,254.2908805,17.7479064,10.3528,ZTF20abaogvg
2460528.8101852,1,2774310182315,19.916000366210938,/ztf/archive/sci/2024/0806/310174/ztf_20240806310174_000585_zg_c06_o_q4_scimrefdiffimg.fits.fz,Kulkarni,2,2774,23,585,26.038000106811523,6.247590135899372e-06,0.03736810013651848,-0.05444889888167381,1.4104200090514496e-05,t17_f5_c3,2.774310182315025e+18,t,7.0,629.3930053710938,821.9819946289062,254.2908933,17.7479445,19.263999938964844,0.15519900619983673,1.231969952583313,19.222900390625,0.19480000436306,0.11510699987411499,19.437999725341797,0.061000000685453415,4.00600004196167,0.3580000102519989,0.10928300023078918,-0.041099000722169876,3.2300000190734863,0.8799999952316284,629.3930053710938,0.6931020021438599,0.8248729705810547,0.968999981880188,0.8450000286102295,0.30000001192092896,0.2616100013256073,1.1467499732971191,3.0,0.0,0.9628570079803467,1.0,19.1564998626709,0.23430000245571136,254.2909287,17.7479499,11.8491,ZTF20abaogvg
2460533.6937731,2,2779193772315,19.708999633789062,/ztf/archive/sci/2024/0811/193762/ztf_20240811193762_000585_zr_c06_o_q4_scimrefdiffimg.fits.fz,Kulkarni,1,2779,23,585,26.4281005859375,4.0785898818285204e-06,0.031073899939656258,0.08023220300674438,8.67239032231737e-06,t17_f5_c3,2.779193772315015e+18,t,3.0,622.5859985351562,844.85400390625,254.290967,17.7480139,19.309099197387695,0.1590380072593689,1.3387900590896606,19.241199493408203,0.2989000082015991,0.49393099546432495,18.534000396728516,0.07100000232458115,4.507999897003174,0.375,-2.4372100830078125,-0.06789799779653549,2.880000114440918,1.0,622.5859985351562,0.46778199076652527,0.7342270016670227,0.6660000085830688,0.4699999988079071,0.23125000298023224,0.16319400072097778,1.4170199632644653,8.0,0.0,0.7414289712905884,0.8447629809379578,19.339000701904297,0.4196000099182129,254.2908805,17.7479064,7.96104,ZTF20abaogvg
2460533.7328704,1,2779232872315,20.159099578857422,/ztf/archive/sci/2024/0811/232870/ztf_20240811232870_000585_zg_c06_o_q4_scimrefdiffimg.fits.fz,Kulkarni,1,2779,23,585,26.454099655151367,1.08876001831959e-05,0.050800301134586334,-0.05123370140790939,2.323119952052366e-05,t17_f5_c3,2.779232872315015e+18,t,1.0,629.7160034179688,840.3670043945312,254.2909122,17.7480322,19.997100830078125,0.2118529975414276,1.1386699676513672,19.939599990844727,0.35350000858306885,0.29736700654029846,19.437999725341797,0.061000000685453415,4.00600004196167,0.3580000102519989,0.9929550290107727,-0.05746399983763695,2.9100000858306885,0.9589999914169312,629.7160034179688,0.21948200464248657,0.7753199934959412,0.7239999771118164,0.6710000038146973,0.2487969994544983,0.23058399558067322,1.0789899826049805,6.0,0.0,0.7928569912910461,0.9985269904136658,19.96739959716797,0.4648999869823456,254.2909287,17.7479499,7.59659,ZTF20abaogvg
2460533.7446875,1,2779244685815,20.371999740600586,/ztf/archive/sci/2024/0811/244688/ztf_20240811244688_001581_zg_c15_o_q3_scimrefdiffimg.fits.fz,Kulkarni,2,2779,58,1581,26.13800048828125,3.20981007462251e-06,0.027310499921441078,-0.032315898686647415,6.676410066575045e-06,t17_f5_c3,2.779244685815015e+18,t,19.0,434.19500732421875,1703.9100341796875,254.2909491,17.7479997,19.93000030517578,0.21606899797916412,1.2808500528335571,20.5231990814209,0.4797999858856201,0.16650600731372833,19.475000381469727,0.07000000029802322,3.000999927520752,0.4129999876022339,0.46893399953842163,0.5931739807128906,1.590000033378601,0.968999981880188,434.19500732421875,-0.15117700397968292,1.4809999465942383,0.527999997138977,0.4690000116825104,0.33207499980926514,0.29496899247169495,1.1258000135421753,10.0,0.0,0.7442860007286072,0.7501839995384216,20.206199645996094,0.4586000144481659,254.2909223,17.7479569,10.3528,ZTF20abaogvg
2460534.7017245,2,2780201722315,17.5221004486084,/ztf/archive/sci/2024/0812/201713/ztf_20240812201713_000585_zr_c06_o_q4_scimrefdiffimg.fits.fz,Kulkarni,1,2780,23,585,24.644399642944336,4.0484999772161245e-05,0.05412190034985542,0.09107690304517746,0.0001001900018309243,t17_f5_c3,,,,,,,,,,,,,,,,,,,,,,,,,,,,,,,,,,,,,,,ZTF20abaogvg
2460534.7311806,1,2780231182315,18.854900360107422,/ztf/archive/sci/2024/0812/231169/ztf_20240812231169_000585_zg_c06_o_q4_scimrefdiffimg.fits.fz,Kulkarni,1,2780,23,585,25.554100036621094,1.977849933609832e-05,0.04660459980368614,-0.06116329878568649,5.534689989872277e-05,t17_f5_c3,,,,,,,,,,,,,,,,,,,,,,,,,,,,,,,,,,,,,,,ZTF20abaogvg
2460534.7345718,1,2780234575815,18.694299697875977,/ztf/archive/sci/2024/0812/234572/ztf_20240812234572_001581_zg_c15_o_q3_scimrefdiffimg.fits.fz,Kulkarni,2,2780,58,1581,25.095399856567383,3.256419950048439e-05,0.05549199879169464,0.004154350142925978,8.771420107223094e-05,t17_f5_c3,,,,,,,,,,,,,,,,,,,,,,,,,,,,,,,,,,,,,,,ZTF20abaogvg
2460535.6696644,3,2781169662315,20.003400802612305,/ztf/archive/sci/2024/0813/169653/ztf_20240813169653_000585_zi_c06_o_q4_scimrefdiffimg.fits.fz,Kulkarni,2,2781,23,585,25.78849983215332,1.6884799833860598e-06,0.027542399242520332,0.19544099271297455,1.579690069775097e-05,t17_f5_c3,,,,,,,,,,,,,,,,,,,,,,,,,,,,,,,,,,,,,,,ZTF20abaogvg
2460535.6939236,1,2781193922315,20.340700149536133,/ztf/archive/sci/2024/0813/193924/ztf_20240813193924_000585_zg_c06_o_q4_scimrefdiffimg.fits.fz,Kulkarni,2,2781,23,585,26.367300033569336,4.131029982090695e-06,0.030973900109529495,-0.0747596025466919,8.934470315580256e-06,t17_f5_c3,2.781193922315015e+18,1,10.0,673.8679809570312,853.43798828125,254.2908598,17.7480056,20.286300659179688,0.23554100096225739,1.2498699426651,19.959800720214844,0.29589998722076416,0.3124459981918335,19.437999725341797,0.061000000685453415,4.00600004196167,0.3580000102519989,0.23782500624656677,-0.3264850080013275,2.5199999809265137,0.8339999914169312,673.8679809570312,0.3809179961681366,0.9269639849662781,0.6779999732971191,0.5370000004768372,0.2690480053424835,0.21309499442577362,1.2625700235366821,8.0,0.0,0.7557139992713928,0.7646620273590088,19.67639923095703,0.29190000891685486,254.2909287,17.7479499,7.32688,ZTF20abaogvg
2460535.7161458,1,2781216142315,20.218000411987305,/ztf/archive/sci/2024/0813/216111/ztf_20240813216111_000585_zg_c06_o_q4_scimrefdiffimg.fits.fz,Kulkarni,2,2781,23,585,26.358800888061523,4.316359991207719e-06,0.0320127010345459,-0.07276640087366104,9.288260116591118e-06,t17_f5_c3,2.781216142315015e+18,1,1.0,645.0659790039062,849.3510131835938,254.2908228,17.7479188,20.214799880981445,0.2369910031557083,0.9004989862442017,20.34709930419922,0.4415999948978424,0.3895699977874756,19.437999725341797,0.061000000685453415,4.00600004196167,0.3580000102519989,0.20924100279808044,0.13232000172138214,3.4100000858306885,0.9620000123977661,645.0659790039062,-0.129053995013237,0.7317969799041748,0.8870000243186951,0.6850000023841858,0.2601169943809509,0.2008800059556961,1.29489004611969,5.0,0.0,0.8742859959602356,0.9547510147094727,20.33650016784668,0.5600000023841858,254.2909287,17.7479499,6.54933,ZTF20abaogvg
2460535.6939236,1,2781193922315,20.340700149536133,/ztf/archive/sci/2024/0813/193924/ztf_20240813193924_000585_zg_c06_o_q4_scimrefdiffimg.fits.fz,Kulkarni,2,2781,23,585,26.367300033569336,4.131029982090695e-06,0.030973900109529495,-0.0747596025466919,8.934470315580256e-06,t17_f5_c3,2.781193922315015e+18,t,10.0,673.8679809570312,853.43798828125,254.2908598,17.7480056,20.286300659179688,0.23554100096225739,1.2498699426651,19.959800720214844,0.29589998722076416,0.3124459981918335,19.437999725341797,0.061000000685453415,4.00600004196167,0.3580000102519989,0.23782500624656677,-0.3264850080013275,2.5199999809265137,0.8339999914169312,673.8679809570312,0.3809179961681366,0.9269639849662781,0.6779999732971191,0.5370000004768372,0.2690480053424835,0.21309499442577362,1.2625700235366821,8.0,0.0,0.7557139992713928,0.7646620273590088,19.67639923095703,0.29190000891685486,254.2909287,17.7479499,7.32688,ZTF20abaogvg
2460535.7161458,1,2781216142315,20.218000411987305,/ztf/archive/sci/2024/0813/216111/ztf_20240813216111_000585_zg_c06_o_q4_scimrefdiffimg.fits.fz,Kulkarni,2,2781,23,585,26.358800888061523,4.316359991207719e-06,0.0320127010345459,-0.07276640087366104,9.288260116591118e-06,t17_f5_c3,2.781216142315015e+18,t,1.0,645.0659790039062,849.3510131835938,254.2908228,17.7479188,20.214799880981445,0.2369910031557083,0.9004989862442017,20.34709930419922,0.4415999948978424,0.3895699977874756,19.437999725341797,0.061000000685453415,4.00600004196167,0.3580000102519989,0.20924100279808044,0.13232000172138214,3.4100000858306885,0.9620000123977661,645.0659790039062,-0.129053995013237,0.7317969799041748,0.8870000243186951,0.6850000023841858,0.2601169943809509,0.2008800059556961,1.29489004611969,5.0,0.0,0.8742859959602356,0.9547510147094727,20.33650016784668,0.5600000023841858,254.2909287,17.7479499,6.54933,ZTF20abaogvg
2460535.7469097,2,2781246902315,20.210599899291992,/ztf/archive/sci/2024/0813/246898/ztf_20240813246898_000585_zr_c06_o_q4_scimrefdiffimg.fits.fz,Kulkarni,2,2781,23,585,26.34939956665039,1.9476299257803475e-06,0.021514499559998512,0.08876679837703705,4.1392700040887576e-06,t17_f5_c3,2.781246902315015e+18,t,5.0,622.5150146484375,846.7990112304688,254.2909406,17.7479166,19.52440071105957,0.11349999904632568,2.1510000228881836,19.237300872802734,0.17640000581741333,0.19416800141334534,18.534000396728516,0.07100000232458115,4.507999897003174,0.375,0.011448999866843224,-0.28711000084877014,2.119999885559082,0.9700000286102295,622.5150146484375,0.9732840061187744,1.0825599431991577,0.6980000138282776,0.6610000133514404,0.329245001077652,0.3117919862270355,1.0559799671173096,4.0,0.0,0.9200000166893005,1.0,19.22010040283203,0.22130000591278076,254.2908805,17.7479064,11.5961,ZTF20abaogvg
2460535.7528009,2,2781252802315,20.211299896240234,/ztf/archive/sci/2024/0813/252801/ztf_20240813252801_000585_zr_c06_o_q4_scimrefdiffimg.fits.fz,Kulkarni,2,2781,23,585,26.335599899291992,2.0523400507954648e-06,0.022024700418114662,0.09264189749956131,4.373720003059134e-06,t17_f5_c3,,,,,,,,,,,,,,,,,,,,,,,,,,,,,,,,,,,,,,,ZTF20abaogvg
2460536.6928935,2,2782192892315,20.422500610351562,/ztf/archive/sci/2024/0814/192882/ztf_20240814192882_000585_zr_c06_o_q4_scimrefdiffimg.fits.fz,Kulkarni,2,2782,23,585,26.38319969177246,2.1200401079113362e-06,0.022280000150203705,0.08559460192918777,4.537980203167535e-06,t17_f5_c3,2.782192892315015e+18,t,5.0,660.2919921875,857.4110107421875,254.2909321,17.7479774,19.377199172973633,0.1152539998292923,2.5591299533843994,19.341299057006836,0.17440000176429749,0.30307599902153015,18.534000396728516,0.07100000232458115,4.507999897003174,0.375,0.25044700503349304,-0.03592099994421005,1.6799999475479126,0.9800000190734863,660.2919921875,1.0812400579452515,1.2533299922943115,0.6600000262260437,0.5920000076293945,0.39285698533058167,0.35238099098205566,1.1148600578308105,6.0,0.0,0.9214289784431458,0.979324996471405,19.399200439453125,0.23399999737739563,254.2908805,17.7479064,12.5187,ZTF20abaogvg
2460536.7323611,1,2782232362315,20.147199630737305,/ztf/archive/sci/2024/0814/232361/ztf_20240814232361_000585_zg_c06_o_q4_scimrefdiffimg.fits.fz,Kulkarni,2,2782,23,585,26.353900909423828,4.127729880565312e-06,0.031108299270272255,-0.05975110083818436,8.963310392573476e-06,t17_f5_c3,2.782232362315015e+18,t,2.0,636.822998046875,856.2750244140625,254.2908559,17.7480079,20.375900268554688,0.26470300555229187,1.1384600400924683,20.614500045776367,0.6184999942779541,0.3141469955444336,19.437999725341797,0.061000000685453415,4.00600004196167,0.3580000102519989,0.7819269895553589,0.23858200013637543,2.3499999046325684,0.9459999799728394,636.822998046875,-0.4672729969024658,1.0324000120162964,0.7269999980926514,0.6060000061988831,0.30936199426651,0.25787198543548584,1.1996699571609497,6.0,0.0,0.9071429967880249,0.9053760170936584,20.873899459838867,1.0073000192642212,254.2909287,17.7479499,5.56529,ZTF20abaogvg
2460536.7894676,1,2782289462315,19.822599411010742,/ztf/archive/sci/2024/0814/289456/ztf_20240814289456_000585_zg_c06_o_q4_scimrefdiffimg.fits.fz,Kulkarni,2,2782,23,585,26.282899856567383,5.979310117254499e-06,0.036150600761175156,-0.05720270052552223,1.3641400073538534e-05,t17_f5_c3,,,,,,,,,,,,,,,,,,,,,,,,,,,,,,,,,,,,,,,ZTF20abaogvg
2460537.6701273,1,2783170122315,20.143400192260742,/ztf/archive/sci/2024/0815/170116/ztf_20240815170116_000585_zg_c06_o_q4_scimrefdiffimg.fits.fz,Kulkarni,2,2783,23,585,26.383100509643555,4.214210093778092e-06,0.031148700043559074,-0.07128570228815079,9.1890897238045e-06,t17_f5_c3,2.783170122315015e+18,1,4.0,657.0449829101562,860.343994140625,254.290928,17.7480122,20.469100952148438,0.28413599729537964,0.7918170094490051,20.823699951171875,0.7764000296592712,0.22770799696445465,19.437999725341797,0.061000000685453415,4.00600004196167,0.3580000102519989,0.5274379849433899,0.35458099842071533,1.1747100353240967,0.9200000166893005,657.0449829101562,-0.6803439855575562,2.0,0.5809999704360962,0.5040000081062317,0.4945890009403229,0.4290409982204437,1.1527800559997559,9.0,0.0,0.8199999928474426,0.8098009824752808,20.862600326538086,1.0317000150680542,254.2909287,17.7479499,5.2024,ZTF20abaogvg
2460537.704294,1,2783204292315,19.959699630737305,/ztf/archive/sci/2024/0815/204282/ztf_20240815204282_000585_zg_c06_o_q4_scimrefdiffimg.fits.fz,Kulkarni,1,2783,23,585,26.379199981689453,4.654730219044723e-06,0.03252749890089035,-0.0700744017958641,1.0268499863741454e-05,t17_f5_c3,2.783204292315015e+18,1,5.0,638.593017578125,852.4030151367188,254.2907758,17.7479313,20.256200790405273,0.2757030129432678,1.1112799644470215,19.97480010986328,0.39320001006126404,0.5220839977264404,19.437999725341797,0.061000000685453415,4.00600004196167,0.3580000102519989,0.319472998380661,-0.2813830077648163,1.2552800178527832,0.746999979019165,638.593017578125,-0.015066999942064285,2.0,0.8949999809265137,0.8379999995231628,0.7129870057106018,0.6675789952278137,1.068019986152649,8.0,0.0,0.804286003112793,0.8878399729728699,19.917299270629883,0.47859999537467957,254.2909287,17.7479499,5.16638,ZTF20abaogvg
2460537.7123843,2,2783212382315,20.096900939941406,/ztf/archive/sci/2024/0815/212373/ztf_20240815212373_000585_zr_c06_o_q4_scimrefdiffimg.fits.fz,Kulkarni,2,2783,23,585,26.380199432373047,1.7457999774705968e-06,0.02032109908759594,0.08609919995069504,3.7300299027265282e-06,t17_f5_c3,2.783212382315015e+18,1,9.0,641.3109741210938,854.4810180664062,254.2909722,17.7479771,19.4242000579834,0.12000399827957153,1.9202899932861328,19.535900115966797,0.24779999256134033,0.39512598514556885,18.534000396728516,0.07100000232458115,4.507999897003174,0.375,-0.01608400046825409,0.11171100288629532,1.940000057220459,0.9850000143051147,641.3109741210938,0.5609610080718994,1.223449945449829,0.6650000214576721,0.6420000195503235,0.34278398752212524,0.3309279978275299,1.035830020904541,7.0,0.0,0.9328569769859314,0.9534130096435547,19.615699768066406,0.34049999713897705,254.2908805,17.7479064,11.1228,ZTF20abaogvg
2460537.7133218,2,2783213322315,20.22089958190918,/ztf/archive/sci/2024/0815/213322/ztf_20240815213322_000585_zr_c06_o_q4_scimrefdiffimg.fits.fz,Kulkarni,1,2783,23,585,26.37809944152832,2.090330099235871e-06,0.022182099521160126,0.088018499314785,4.4659400373348035e-06,t17_f5_c3,2.783213322315015e+18,1,5.0,638.7769775390625,855.489990234375,254.2909436,17.7480256,19.50309944152832,0.13072699308395386,2.061880111694336,19.315900802612305,0.1949000060558319,0.4744409918785095,18.534000396728516,0.07100000232458115,4.507999897003174,0.375,-0.02124899998307228,-0.1872040033340454,1.8700000047683716,0.9620000123977661,638.7769775390625,0.9050269722938538,1.179260015487671,0.628000020980835,0.546999990940094,0.3358289897441864,0.29251301288604736,1.1480799913406372,5.0,0.0,0.9157140254974365,0.896602988243103,18.97330093383789,0.18160000443458557,254.2908805,17.7479064,10.46,ZTF20abaogvg
2460537.6701273,1,2783170122315,20.143400192260742,/ztf/archive/sci/2024/0815/170116/ztf_20240815170116_000585_zg_c06_o_q4_scimrefdiffimg.fits.fz,Kulkarni,2,2783,23,585,26.383100509643555,4.214210093778092e-06,0.031148700043559074,-0.07128570228815079,9.1890897238045e-06,t17_f5_c3,2.783170122315015e+18,t,4.0,657.0449829101562,860.343994140625,254.290928,17.7480122,20.469100952148438,0.28413599729537964,0.7918170094490051,20.823699951171875,0.7764000296592712,0.22770799696445465,19.437999725341797,0.061000000685453415,4.00600004196167,0.3580000102519989,0.5274379849433899,0.35458099842071533,1.1747100353240967,0.9200000166893005,657.0449829101562,-0.6803439855575562,2.0,0.5809999704360962,0.5040000081062317,0.4945890009403229,0.4290409982204437,1.1527800559997559,9.0,0.0,0.8199999928474426,0.8098009824752808,20.862600326538086,1.0317000150680542,254.2909287,17.7479499,5.2024,ZTF20abaogvg
2460537.704294,1,2783204292315,19.959699630737305,/ztf/archive/sci/2024/0815/204282/ztf_20240815204282_000585_zg_c06_o_q4_scimrefdiffimg.fits.fz,Kulkarni,1,2783,23,585,26.379199981689453,4.654730219044723e-06,0.03252749890089035,-0.0700744017958641,1.0268499863741454e-05,t17_f5_c3,2.783204292315015e+18,t,5.0,638.593017578125,852.4030151367188,254.2907758,17.7479313,20.256200790405273,0.2757030129432678,1.1112799644470215,19.97480010986328,0.39320001006126404,0.5220839977264404,19.437999725341797,0.061000000685453415,4.00600004196167,0.3580000102519989,0.319472998380661,-0.2813830077648163,1.2552800178527832,0.746999979019165,638.593017578125,-0.015066999942064285,2.0,0.8949999809265137,0.8379999995231628,0.7129870057106018,0.6675789952278137,1.068019986152649,8.0,0.0,0.804286003112793,0.8878399729728699,19.917299270629883,0.47859999537467957,254.2909287,17.7479499,5.16638,ZTF20abaogvg
2460537.7123843,2,2783212382315,20.096900939941406,/ztf/archive/sci/2024/0815/212373/ztf_20240815212373_000585_zr_c06_o_q4_scimrefdiffimg.fits.fz,Kulkarni,2,2783,23,585,26.380199432373047,1.7457999774705968e-06,0.02032109908759594,0.08609919995069504,3.7300299027265282e-06,t17_f5_c3,2.783212382315015e+18,t,9.0,641.3109741210938,854.4810180664062,254.2909722,17.7479771,19.4242000579834,0.12000399827957153,1.9202899932861328,19.535900115966797,0.24779999256134033,0.39512598514556885,18.534000396728516,0.07100000232458115,4.507999897003174,0.375,-0.01608400046825409,0.11171100288629532,1.940000057220459,0.9850000143051147,641.3109741210938,0.5609610080718994,1.223449945449829,0.6650000214576721,0.6420000195503235,0.34278398752212524,0.3309279978275299,1.035830020904541,7.0,0.0,0.9328569769859314,0.9534130096435547,19.615699768066406,0.34049999713897705,254.2908805,17.7479064,11.1228,ZTF20abaogvg
2460537.7133218,2,2783213322315,20.22089958190918,/ztf/archive/sci/2024/0815/213322/ztf_20240815213322_000585_zr_c06_o_q4_scimrefdiffimg.fits.fz,Kulkarni,1,2783,23,585,26.37809944152832,2.090330099235871e-06,0.022182099521160126,0.088018499314785,4.4659400373348035e-06,t17_f5_c3,2.783213322315015e+18,t,5.0,638.7769775390625,855.489990234375,254.2909436,17.7480256,19.50309944152832,0.13072699308395386,2.061880111694336,19.315900802612305,0.1949000060558319,0.4744409918785095,18.534000396728516,0.07100000232458115,4.507999897003174,0.375,-0.02124899998307228,-0.1872040033340454,1.8700000047683716,0.9620000123977661,638.7769775390625,0.9050269722938538,1.179260015487671,0.628000020980835,0.546999990940094,0.3358289897441864,0.29251301288604736,1.1480799913406372,5.0,0.0,0.9157140254974365,0.896602988243103,18.97330093383789,0.18160000443458557,254.2908805,17.7479064,10.46,ZTF20abaogvg
2460537.7643287,2,2783264322315,19.885900497436523,/ztf/archive/sci/2024/0815/264329/ztf_20240815264329_000585_zr_c06_o_q4_scimrefdiffimg.fits.fz,Kulkarni,2,2783,23,585,26.359800338745117,2.3848299406381557e-06,0.023704400286078453,0.09279750287532806,5.103679995954735e-06,t17_f5_c3,2.783264322315015e+18,t,4.0,630.3280029296875,837.333984375,254.29095,17.7479938,19.482799530029297,0.12549099326133728,1.344190001487732,19.63050079345703,0.3095000088214874,0.3898540139198303,18.534000396728516,0.07100000232458115,4.507999897003174,0.375,-0.17719100415706635,0.14772899448871613,2.3399999141693115,0.9990000128746033,630.3280029296875,0.2553749978542328,1.069659948348999,0.6970000267028809,0.6710000038146973,0.2978630065917969,0.28675198554992676,1.0387500524520874,8.0,0.0,0.9399999976158142,0.9155110120773315,19.723899841308594,0.43140000104904175,254.2908805,17.7479064,8.96524,ZTF20abaogvg
2460537.8226852,1,2783322682315,19.467599868774414,/ztf/archive/sci/2024/0815/322685/ztf_20240815322685_000585_zg_c06_o_q4_scimrefdiffimg.fits.fz,Kulkarni,2,2783,23,585,26.18589973449707,9.31386966840364e-06,0.04114450141787529,-0.04913780093193054,2.355350079596974e-05,t17_f5_c3,2.783322682315025e+18,t,0.0,610.1820068359375,822.177978515625,254.2908669,17.7478946,20.034900665283203,0.2873010039329529,0.9153079986572266,19.792299270629883,0.45820000767707825,0.2869449853897095,19.437999725341797,0.061000000685453415,4.00600004196167,0.3580000102519989,-0.2742690145969391,-0.24258199334144592,1.4304699897766113,0.7620000243186951,610.1820068359375,-0.32468000054359436,2.0,1.0119999647140503,0.8220000267028809,0.7074599862098694,0.5746359825134277,1.2311400175094604,3.0,0.0,0.8428570032119751,1.0,19.91069984436035,0.6556000113487244,254.2909287,17.7479499,5.05216,ZTF20abaogvg
2460538.7078819,1,2784207882315,19.877700805664062,/ztf/archive/sci/2024/0816/207870/ztf_20240816207870_000585_zg_c06_o_q4_scimrefdiffimg.fits.fz,Kulkarni,2,2784,23,585,26.36280059814453,4.675180207414087e-06,0.03228149935603142,-0.05427420139312744,1.0491599823581055e-05,t17_f5_c3,,,,,,,,,,,,,,,,,,,,,,,,,,,,,,,,,,,,,,,ZTF20abaogvg
2460539.6701389,1,2785170132315,19.48940086364746,/ztf/archive/sci/2024/0817/170127/ztf_20240817170127_000585_zg_c06_o_q4_scimrefdiffimg.fits.fz,Kulkarni,1,2785,23,585,26.142200469970703,1.0816500434884802e-05,0.046705398708581924,-0.05391490086913109,2.579099964350462e-05,t17_f5_c3,,,,,,,,,,,,,,,,,,,,,,,,,,,,,,,,,,,,,,,ZTF20abaogvg
2460538.7457755,2,2784245772315,19.82509994506836,/ztf/archive/sci/2024/0816/245775/ztf_20240816245775_000585_zr_c06_o_q4_scimrefdiffimg.fits.fz,Kulkarni,2,2784,23,585,26.355300903320312,2.2694500785291893e-06,0.0232354998588562,0.09238740056753159,4.835680101678008e-06,t17_f5_c3,2.784245772315015e+18,t,9.0,620.1510009765625,846.125,254.2909535,17.7479813,19.571300506591797,0.1820710003376007,1.2464300394058228,20.117700576782227,0.4991999864578247,0.36782601475715637,18.534000396728516,0.07100000232458115,4.507999897003174,0.375,-0.27122700214385986,0.546442985534668,1.2826600074768066,0.9760000109672546,620.1510009765625,-0.29260700941085815,2.0,0.656000018119812,0.5230000019073486,0.5114390254020691,0.4077480137348175,1.2542999982833862,5.0,0.0,0.8742859959602356,0.9628959894180298,20.106700897216797,0.6327999830245972,254.2908805,17.7479064,7.30111,ZTF20abaogvg
2460538.7917824,2,2784291782315,19.472700119018555,/ztf/archive/sci/2024/0816/291771/ztf_20240816291771_000585_zr_c06_o_q4_scimrefdiffimg.fits.fz,Kulkarni,2,2784,23,585,26.310699462890625,3.7050899663881864e-06,0.02954920008778572,0.09586440026760101,7.9565797932446e-06,t17_f5_c3,,,,,,,,,,,,,,,,,,,,,,,,,,,,,,,,,,,,,,,ZTF20abaogvg
2460538.8273264,1,2784327322315,19.015300750732422,/ztf/archive/sci/2024/0816/327315/ztf_20240816327315_000585_zg_c06_o_q4_scimrefdiffimg.fits.fz,Kulkarni,2,2784,23,585,26.116300582885742,1.7070200556190684e-05,0.043428998440504074,-0.028653500601649284,4.723020174424164e-05,t17_f5_c3,,,,,,,,,,,,,,,,,,,,,,,,,,,,,,,,,,,,,,,ZTF20abaogvg
2460539.7950231,2,2785295022315,19.29949951171875,/ztf/archive/sci/2024/0817/295012/ztf_20240817295012_000585_zr_c06_o_q4_scimrefdiffimg.fits.fz,Kulkarni,2,2785,23,585,26.208900451660156,3.587640094337985e-06,0.02921370044350624,0.10065200179815292,7.667529644095339e-06,t17_f5_c3,,,,,,,,,,,,,,,,,,,,,,,,,,,,,,,,,,,,,,,ZTF20abaogvg
2460540.6704398,3,2786170432315,19.859100341796875,/ztf/archive/sci/2024/0818/170428/ztf_20240818170428_000585_zi_c06_o_q4_scimrefdiffimg.fits.fz,Kulkarni,2,2786,23,585,25.82430076599121,1.6093499652924947e-06,0.027324799448251724,0.19005300104618073,1.478000012866687e-05,t17_f5_c3,,,,,,,,,,,,,,,,,,,,,,,,,,,,,,,,,,,,,,,ZTF20abaogvg
2460540.707419,1,2786207412315,19.736099243164062,/ztf/archive/sci/2024/0818/207407/ztf_20240818207407_000585_zg_c06_o_q4_scimrefdiffimg.fits.fz,Kulkarni,2,2786,23,585,26.38610076904297,5.4737101891078055e-06,0.034469299018383026,-0.07522069662809372,1.2590099686349276e-05,t17_f5_c3,,,,,,,,,,,,,,,,,,,,,,,,,,,,,,,,,,,,,,,ZTF20abaogvg
2460540.7141898,1,2786214182315,19.773099899291992,/ztf/archive/sci/2024/0818/214190/ztf_20240818214190_000585_zg_c06_o_q4_scimrefdiffimg.fits.fz,Kulkarni,2,2786,23,585,26.348400115966797,5.095940196042648e-06,0.03310240060091019,-0.03987039998173714,1.1689499842759687e-05,t17_f5_c3,,,,,,,,,,,,,,,,,,,,,,,,,,,,,,,,,,,,,,,ZTF20abaogvg
2460540.7503588,2,2786250352315,19.73940086364746,/ztf/archive/sci/2024/0818/250359/ztf_20240818250359_000585_zr_c06_o_q4_scimrefdiffimg.fits.fz,Kulkarni,2,2786,23,585,26.369600296020508,1.937610022650915e-06,0.021400999277830124,0.08715370297431946,4.13683983424562e-06,t17_f5_c3,2.786250352315015e+18,t,6.0,610.4749755859375,847.2730102539062,254.2909707,17.7479527,19.64459991455078,0.17989599704742432,1.6830699443817139,20.602800369262695,0.9415000081062317,0.34678900241851807,18.534000396728516,0.07100000232458115,4.507999897003174,0.375,0.137131005525589,0.958171010017395,2.9200000762939453,0.9549999833106995,610.4749755859375,-0.863427996635437,0.7850279808044434,0.5889999866485596,0.5239999890327454,0.2017119973897934,0.17945200204849243,1.1240500211715698,6.0,0.0,0.7242860198020935,0.7918239831924438,20.38920021057129,0.9912999868392944,254.2908805,17.7479064,6.38747,ZTF20abaogvg
2460540.793206,2,2786293202315,19.61090087890625,/ztf/archive/sci/2024/0818/293206/ztf_20240818293206_000585_zr_c06_o_q4_scimrefdiffimg.fits.fz,Kulkarni,2,2786,23,585,26.318500518798828,2.5398398975085e-06,0.024552399292588234,0.09561429917812347,5.425759809440933e-06,t17_f5_c3,,,,,,,,,,,,,,,,,,,,,,,,,,,,,,,,,,,,,,,ZTF20abaogvg
2460543.6710648,1,2789171062315,19.9281005859375,/ztf/archive/sci/2024/0821/171053/ztf_20240821171053_000585_zg_c06_o_q4_scimrefdiffimg.fits.fz,Kulkarni,2,2789,23,585,26.355899810791016,4.1303501348011196e-06,0.03053239919245243,-0.04952219873666763,9.242769920092542e-06,t17_f5_c3,,,,,,,,,,,,,,,,,,,,,,,,,,,,,,,,,,,,,,,ZTF20abaogvg
2460543.6961574,2,2789196152315,19.979799270629883,/ztf/archive/sci/2024/0821/196146/ztf_20240821196146_000585_zr_c06_o_q4_scimrefdiffimg.fits.fz,Kulkarni,1,2789,23,585,26.371200561523438,2.290800011905958e-06,0.023169100284576416,0.08796049654483795,4.931000148644671e-06,t17_f5_c3,2.789196152315015e+18,1,1.0,657.4329833984375,824.0679931640625,254.2909551,17.7479747,19.65220069885254,0.14513300359249115,1.2826600074768066,19.632299423217773,0.3100999891757965,0.352293998003006,18.534000396728516,0.07100000232458115,4.507999897003174,0.375,-0.4683449864387512,-0.019874000921845436,1.2599999904632568,0.9990000128746033,657.4329833984375,0.34752699732780457,1.8214600086212158,0.6000000238418579,0.5630000233650208,0.4761900007724762,0.4468249976634979,1.0657199621200562,8.0,0.0,0.8971430063247681,0.8176550269126892,19.71969985961914,0.42969998717308044,254.2908805,17.7479064,7.19607,ZTF20abaogvg
2460543.6961574,2,2789196152315,19.979799270629883,/ztf/archive/sci/2024/0821/196146/ztf_20240821196146_000585_zr_c06_o_q4_scimrefdiffimg.fits.fz,Kulkarni,1,2789,23,585,26.371200561523438,2.290800011905958e-06,0.023169100284576416,0.08796049654483795,4.931000148644671e-06,t17_f5_c3,2.789196152315015e+18,t,1.0,657.4329833984375,824.0679931640625,254.2909551,17.7479747,19.65220069885254,0.14513300359249115,1.2826600074768066,19.632299423217773,0.3100999891757965,0.352293998003006,18.534000396728516,0.07100000232458115,4.507999897003174,0.375,-0.4683449864387512,-0.019874000921845436,1.2599999904632568,0.9990000128746033,657.4329833984375,0.34752699732780457,1.8214600086212158,0.6000000238418579,0.5630000233650208,0.4761900007724762,0.4468249976634979,1.0657199621200562,8.0,0.0,0.8971430063247681,0.8176550269126892,19.71969985961914,0.42969998717308044,254.2908805,17.7479064,7.19607,ZTF20abaogvg
2460543.6971065,2,2789197102315,19.890499114990234,/ztf/archive/sci/2024/0821/197095/ztf_20240821197095_000585_zr_c06_o_q4_scimrefdiffimg.fits.fz,Kulkarni,2,2789,23,585,26.364900588989258,1.8180099914388848e-06,0.020647000521421432,0.0867500975728035,3.9147398638306186e-06,t17_f5_c3,2.789197102315015e+18,t,0.0,654.4520263671875,823.885009765625,254.2909539,17.7480179,19.795900344848633,0.17118699848651886,1.172569990158081,19.99530029296875,0.44119998812675476,0.46264100074768066,18.534000396728516,0.07100000232458115,4.507999897003174,0.375,-0.08727200329303741,0.19942200183868408,2.3499999046325684,0.7020000219345093,654.4520263671875,-0.10476800054311752,1.0368200540542603,0.6340000033378601,0.5809999704360962,0.2697870135307312,0.24723400175571442,1.0912200212478638,6.0,0.0,0.951429009437561,0.9310259819030762,19.847299575805664,0.4934999942779541,254.2908805,17.7479064,6.55134,ZTF20abaogvg
2460543.7790046,2,2789279002315,19.73259925842285,/ztf/archive/sci/2024/0821/278981/ztf_20240821278981_000585_zr_c06_o_q4_scimrefdiffimg.fits.fz,Kulkarni,2,2789,23,585,26.31220054626465,2.2801900740887504e-06,0.023160599172115326,0.09391400218009949,4.879409971181303e-06,t17_f5_c3,,,,,,,,,,,,,,,,,,,,,,,,,,,,,,,,,,,,,,,ZTF20abaogvg
2460543.806875,1,2789306872315,19.047300338745117,/ztf/archive/sci/2024/0821/306875/ztf_20240821306875_000585_zg_c06_o_q4_scimrefdiffimg.fits.fz,Kulkarni,2,2789,23,585,26.152099609375,1.12687002911116e-05,0.03845969960093498,-0.02803420089185238,3.058620131923817e-05,t17_f5_c3,,,,,,,,,,,,,,,,,,,,,,,,,,,,,,,,,,,,,,,ZTF20abaogvg
2460543.8078241,1,2789307822315,19.09119987487793,/ztf/archive/sci/2024/0821/307812/ztf_20240821307812_000585_zg_c06_o_q4_scimrefdiffimg.fits.fz,Kulkarni,1,2789,23,585,26.15719985961914,1.093989976652665e-05,0.03920140117406845,-0.030148500576615334,2.9337199521251023e-05,t17_f5_c3,,,,,,,,,,,,,,,,,,,,,,,,,,,,,,,,,,,,,,,ZTF20abaogvg
2460544.6741782,1,2790174172315,20.274599075317383,/ztf/archive/sci/2024/0822/174178/ztf_20240822174178_000585_zg_c06_o_q4_scimrefdiffimg.fits.fz,Kulkarni,2,2790,23,585,26.374799728393555,3.8968200897215866e-06,0.03028089925646782,-0.08185440301895142,8.371110197913367e-06,t17_f5_c3,,,,,,,,,,,,,,,,,,,,,,,,,,,,,,,,,,,,,,,ZTF20abaogvg
2460544.7243981,1,2790224392315,19.69379997253418,/ztf/archive/sci/2024/0822/224387/ztf_20240822224387_000585_zg_c06_o_q4_scimrefdiffimg.fits.fz,Kulkarni,2,2790,23,585,26.329200744628906,5.094119842397049e-06,0.033266399055719376,-0.042346298694610596,1.1705200449796394e-05,t17_f5_c3,,,,,,,,,,,,,,,,,,,,,,,,,,,,,,,,,,,,,,,ZTF20abaogvg
2460544.7373495,2,2790237342315,20.106199264526367,/ztf/archive/sci/2024/0822/237338/ztf_20240822237338_000585_zr_c06_o_q4_scimrefdiffimg.fits.fz,Kulkarni,2,2790,23,585,26.34000015258789,1.949480065377429e-06,0.021408600732684135,0.0949682965874672,4.14890018873848e-06,t17_f5_c3,2.790237342315015e+18,1,1.0,625.655029296875,843.1900024414062,254.2909272,17.7479921,19.90999984741211,0.17208099365234375,1.1241899728775024,20.332300186157227,0.5778999924659729,0.3407739996910095,18.534000396728516,0.07100000232458115,4.507999897003174,0.375,-0.333528995513916,0.42234399914741516,2.3499999046325684,0.7860000133514404,625.655029296875,-0.22605100274085999,0.8870189785957336,0.6389999985694885,0.531000018119812,0.2719149887561798,0.2259570062160492,1.2033900022506714,7.0,0.0,0.8457139730453491,0.9914029836654663,19.755599975585938,0.4350999891757965,254.2908805,17.7479064,6.0876,ZTF20abaogvg
2460518.7751852,2,2764275182315,20.540000915527344,/ztf/archive/sci/2024/0727/275174/ztf_20240727275174_000585_zr_c06_o_q4_scimrefdiffimg.fits.fz,Kulkarni,2,2764,23,585,26.30739974975586,2.1833400296600303e-06,0.022680599242448807,0.0888897031545639,4.68954021926038e-06,t17_f5_c3,2.764275182315025e+18,t,5.0,648.6079711914062,830.4180297851562,254.290936,17.7479752,18.858400344848633,0.11421799659729004,8.117230415344238,18.781299591064453,0.09440000355243683,0.30546998977661133,18.534000396728516,0.07100000232458115,4.507999897003174,0.375,0.15912799537181854,-0.0771469995379448,2.140000104904175,1.0,648.6079711914062,1.7586899995803833,0.9895139932632446,0.656000018119812,0.578000009059906,0.3065420091152191,0.27009299397468567,1.134950041770935,4.0,0.0,0.9214289784431458,0.9689170122146606,18.72800064086914,0.11379999667406082,254.2908805,17.7479064,22.5589,ZTF20abaogvg
2460544.7373495,2,2790237342315,20.106199264526367,/ztf/archive/sci/2024/0822/237338/ztf_20240822237338_000585_zr_c06_o_q4_scimrefdiffimg.fits.fz,Kulkarni,2,2790,23,585,26.34000015258789,1.949480065377429e-06,0.021408600732684135,0.0949682965874672,4.14890018873848e-06,t17_f5_c3,2.790237342315015e+18,t,1.0,625.655029296875,843.1900024414062,254.2909272,17.7479921,19.90999984741211,0.17208099365234375,1.1241899728775024,20.332300186157227,0.5778999924659729,0.3407739996910095,18.534000396728516,0.07100000232458115,4.507999897003174,0.375,-0.333528995513916,0.42234399914741516,2.3499999046325684,0.7860000133514404,625.655029296875,-0.22605100274085999,0.8870189785957336,0.6389999985694885,0.531000018119812,0.2719149887561798,0.2259570062160492,1.2033900022506714,7.0,0.0,0.8457139730453491,0.9914029836654663,19.755599975585938,0.4350999891757965,254.2908805,17.7479064,6.0876,ZTF20abaogvg
2460544.7823264,2,2790282322315,19.71419906616211,/ztf/archive/sci/2024/0822/282303/ztf_20240822282303_000585_zr_c06_o_q4_scimrefdiffimg.fits.fz,Kulkarni,2,2790,23,585,26.31450080871582,2.371320078964345e-06,0.023674000054597855,0.08910670131444931,5.077869900560472e-06,t17_f5_c3,2.790282322315015e+18,t,1.0,610.7219848632812,815.864990234375,254.2909224,17.7479462,19.95949935913086,0.18121199309825897,0.6270440220832825,19.744400024414062,0.4244999885559082,0.20378799736499786,18.534000396728516,0.07100000232458115,4.507999897003174,0.375,0.21572299301624298,-0.2151309996843338,1.1800800561904907,0.9670000076293945,610.7219848632812,-0.030216999351978302,2.0,0.7170000076293945,0.6119999885559082,0.6075869798660278,0.5186100006103516,1.1715699434280396,6.0,0.0,0.8971430063247681,0.9007830023765564,19.66659927368164,0.506600022315979,254.2908805,17.7479064,5.89824,ZTF20abaogvg
2460545.6785417,1,2791178542315,20.60700035095215,/ztf/archive/sci/2024/0823/178542/ztf_20240823178542_000585_zg_c06_o_q4_scimrefdiffimg.fits.fz,Kulkarni,1,2791,23,585,26.371700286865234,5.94710991208558e-06,0.0377408005297184,-0.0977575033903122,1.2607500138983596e-05,t17_f5_c3,,,,,,,,,,,,,,,,,,,,,,,,,,,,,,,,,,,,,,,ZTF20abaogvg
2460545.6794907,1,2791179492315,20.6343994140625,/ztf/archive/sci/2024/0823/179479/ztf_20240823179479_000585_zg_c06_o_q4_scimrefdiffimg.fits.fz,Kulkarni,2,2791,23,585,26.375,5.013589998270618e-06,0.03465009853243828,-0.10758599638938904,1.063939998857677e-05,t17_f5_c3,,,,,,,,,,,,,,,,,,,,,,,,,,,,,,,,,,,,,,,ZTF20abaogvg
2460545.7389931,2,2791238992315,20.02680015563965,/ztf/archive/sci/2024/0823/238993/ztf_20240823238993_000585_zr_c06_o_q4_scimrefdiffimg.fits.fz,Kulkarni,1,2791,23,585,26.358200073242188,1.8329700424146722e-06,0.02080320008099079,0.0910596027970314,3.909260158252437e-06,t17_f5_c3,,,,,,,,,,,,,,,,,,,,,,,,,,,,,,,,,,,,,,,ZTF20abaogvg
2460545.7399421,2,2791239942315,19.864999771118164,/ztf/archive/sci/2024/0823/239931/ztf_20240823239931_000585_zr_c06_o_q4_scimrefdiffimg.fits.fz,Kulkarni,2,2791,23,585,26.35569953918457,2.1366199689509813e-06,0.02248919941484928,0.09436579793691635,4.549769982986618e-06,t17_f5_c3,2.791239942315015e+18,1,1.0,624.8060302734375,845.343017578125,254.2909144,17.7479623,19.836700439453125,0.1904589980840683,1.220620036125183,19.514799118041992,0.26339998841285706,0.2260340005159378,18.534000396728516,0.07100000232458115,4.507999897003174,0.375,0.08447299897670746,-0.3218660056591034,2.3499999046325684,0.6819999814033508,624.8060302734375,0.35018599033355713,1.1468000411987305,0.8970000147819519,0.7670000195503235,0.3817020058631897,0.32638299465179443,1.1694899797439575,5.0,0.0,0.9157140254974365,0.9996619820594788,19.607799530029297,0.367000013589859,254.2908805,17.7479064,7.04685,ZTF20abaogvg
2460545.7399421,2,2791239942315,19.864999771118164,/ztf/archive/sci/2024/0823/239931/ztf_20240823239931_000585_zr_c06_o_q4_scimrefdiffimg.fits.fz,Kulkarni,2,2791,23,585,26.35569953918457,2.1366199689509813e-06,0.02248919941484928,0.09436579793691635,4.549769982986618e-06,t17_f5_c3,2.791239942315015e+18,t,1.0,624.8060302734375,845.343017578125,254.2909144,17.7479623,19.836700439453125,0.1904589980840683,1.220620036125183,19.514799118041992,0.26339998841285706,0.2260340005159378,18.534000396728516,0.07100000232458115,4.507999897003174,0.375,0.08447299897670746,-0.3218660056591034,2.3499999046325684,0.6819999814033508,624.8060302734375,0.35018599033355713,1.1468000411987305,0.8970000147819519,0.7670000195503235,0.3817020058631897,0.32638299465179443,1.1694899797439575,5.0,0.0,0.9157140254974365,0.9996619820594788,19.607799530029297,0.367000013589859,254.2908805,17.7479064,7.04685,ZTF20abaogvg
2460545.7892245,2,2791289222315,19.533100128173828,/ztf/archive/sci/2024/0823/289213/ztf_20240823289213_000585_zr_c06_o_q4_scimrefdiffimg.fits.fz,Kulkarni,2,2791,23,585,26.31439971923828,3.0164299005264184e-06,0.026739899069070816,0.0917728990316391,6.441070127038984e-06,t17_f5_c3,2.791289222315015e+18,t,1.0,617.0479736328125,817.9869995117188,254.2910581,17.7481012,19.73040008544922,0.18737299740314484,1.0696300268173218,19.62779998779297,0.3790999948978424,0.916841983795166,18.534000396728516,0.07100000232458115,4.507999897003174,0.375,-0.22192199528217316,-0.10258100181818008,1.402609944343567,0.8370000123977661,617.0479736328125,-0.0946590006351471,2.0,0.7829999923706055,0.6759999990463257,0.5582470297813416,0.4819599986076355,1.1582800149917603,6.0,0.0,0.892857015132904,1.0,19.37030029296875,0.38339999318122864,254.2908805,17.7479064,5.31123,ZTF20abaogvg
2460545.8083449,3,2791308342315,19.092300415039062,/ztf/archive/sci/2024/0823/308345/ztf_20240823308345_000585_zi_c06_o_q4_scimrefdiffimg.fits.fz,Kulkarni,2,2791,23,585,25.757099151611328,3.347990059410222e-06,0.03909210115671158,0.1750980019569397,3.101570109720342e-05,t17_f5_c3,2.791308342315025e+18,t,2.0,626.1810302734375,819.948974609375,254.2909034,17.7479715,19.3080997467041,0.2293040007352829,1.469499945640564,19.41230010986328,0.4375999867916107,0.10398799926042557,18.086999893188477,0.06599999964237213,3.8989999294281006,0.515999972820282,0.34100499749183655,0.10423699766397476,2.3499999046325684,0.9419999718666077,626.1810302734375,-0.3200019896030426,1.276129961013794,0.7179999947547913,0.6240000128746033,0.3055320084095001,0.265531986951828,1.1506400108337402,8.0,0.0,0.8299999833106995,0.8240129947662354,19.809600830078125,0.8077999949455261,254.2909323,17.7479617,5.31926,ZTF20abaogvg
2460546.6578009,1,2792157802315,20.653400421142578,/ztf/archive/sci/2024/0824/157789/ztf_20240824157789_000585_zg_c06_o_q4_scimrefdiffimg.fits.fz,Kulkarni,2,2792,23,585,26.350500106811523,6.644039785896894e-06,0.03987390175461769,-0.08664440363645554,1.4130099771136884e-05,t17_f5_c3,,,,,,,,,,,,,,,,,,,,,,,,,,,,,,,,,,,,,,,ZTF20abaogvg
2460546.6935648,1,2792193562315,20.43120002746582,/ztf/archive/sci/2024/0824/193553/ztf_20240824193553_000585_zg_c06_o_q4_scimrefdiffimg.fits.fz,Kulkarni,2,2792,23,585,26.341400146484375,5.8454797908780165e-06,0.037247300148010254,-0.0872005969285965,1.2454500392777845e-05,t17_f5_c3,,,,,,,,,,,,,,,,,,,,,,,,,,,,,,,,,,,,,,,ZTF20abaogvg
2460546.7283565,2,2792228352315,19.88050079345703,/ztf/archive/sci/2024/0824/228356/ztf_20240824228356_000585_zr_c06_o_q4_scimrefdiffimg.fits.fz,Kulkarni,2,2792,23,585,26.352399826049805,2.359729933232302e-06,0.023616500198841095,0.08656209707260132,5.03113005834166e-06,t17_f5_c3,2.792228352315015e+18,1,1.0,621.1339721679688,854.7689819335938,254.2909117,17.7479342,19.8843994140625,0.16457700729370117,1.0455199480056763,19.40089988708496,0.2199999988079071,0.13571099936962128,18.534000396728516,0.07100000232458115,4.507999897003174,0.375,-0.28750699758529663,-0.48351800441741943,2.7300000190734863,0.8299999833106995,621.1339721679688,0.4796209931373596,1.0560200214385986,1.031999945640564,0.9470000267028809,0.3780219852924347,0.34688600897789,1.0897599458694458,5.0,0.0,0.7799999713897705,0.9757239818572998,19.24020004272461,0.24240000545978546,254.2908805,17.7479064,6.80698,ZTF20abaogvg
2460546.7283565,2,2792228352315,19.88050079345703,/ztf/archive/sci/2024/0824/228356/ztf_20240824228356_000585_zr_c06_o_q4_scimrefdiffimg.fits.fz,Kulkarni,2,2792,23,585,26.352399826049805,2.359729933232302e-06,0.023616500198841095,0.08656209707260132,5.03113005834166e-06,t17_f5_c3,2.792228352315015e+18,t,1.0,621.1339721679688,854.7689819335938,254.2909117,17.7479342,19.8843994140625,0.16457700729370117,1.0455199480056763,19.40089988708496,0.2199999988079071,0.13571099936962128,18.534000396728516,0.07100000232458115,4.507999897003174,0.375,-0.28750699758529663,-0.48351800441741943,2.7300000190734863,0.8299999833106995,621.1339721679688,0.4796209931373596,1.0560200214385986,1.031999945640564,0.9470000267028809,0.3780219852924347,0.34688600897789,1.0897599458694458,5.0,0.0,0.7799999713897705,0.9757239818572998,19.24020004272461,0.24240000545978546,254.2908805,17.7479064,6.80698,ZTF20abaogvg
2460546.7543056,2,2792254302315,19.738100051879883,/ztf/archive/sci/2024/0824/254294/ztf_20240824254294_000585_zr_c06_o_q4_scimrefdiffimg.fits.fz,Kulkarni,2,2792,23,585,26.282800674438477,2.430220092719537e-06,0.024006500840187073,0.093271903693676,5.174760190129746e-06,t17_f5_c3,2.792254302315015e+18,t,8.0,609.5430297851562,848.7529907226562,254.2908508,17.7480213,19.68280029296875,0.2029310017824173,1.2406400442123413,19.52519989013672,0.2964000105857849,0.416702002286911,18.534000396728516,0.07100000232458115,4.507999897003174,0.375,-0.49087798595428467,-0.15756000578403473,2.5299999713897705,0.949999988079071,609.5430297851562,0.21289099752902985,1.0762699842453003,0.8759999871253967,0.7229999899864197,0.3462449908256531,0.2857710123062134,1.2116199731826782,5.0,0.0,0.9442859888076782,0.9962300062179565,19.62220001220703,0.41440001130104065,254.2908805,17.7479064,6.97206,ZTF20abaogvg
2460547.6966898,1,2793196682315,20.569400787353516,/ztf/archive/sci/2024/0825/196678/ztf_20240825196678_000585_zg_c06_o_q4_scimrefdiffimg.fits.fz,Kulkarni,2,2793,23,585,26.34119987487793,6.22316019871505e-06,0.038190800696611404,-0.1040709987282753,1.3316999684320763e-05,t17_f5_c3,,,,,,,,,,,,,,,,,,,,,,,,,,,,,,,,,,,,,,,ZTF20abaogvg
2460547.7159375,2,2793215932315,20.359699249267578,/ztf/archive/sci/2024/0825/215938/ztf_20240825215938_000585_zr_c06_o_q4_scimrefdiffimg.fits.fz,Kulkarni,1,2793,23,585,26.352500915527344,2.210060074503417e-06,0.022779099643230438,0.090106301009655,4.699560122389812e-06,t17_f5_c3,2.793215932315015e+18,1,0.0,622.7230224609375,867.1400146484375,254.2908069,17.748012,20.287500381469727,0.18687699735164642,0.9383010268211365,20.21310043334961,0.36719998717308044,0.4536229968070984,18.534000396728516,0.07100000232458115,4.507999897003174,0.375,0.645313024520874,-0.07436800003051758,2.3499999046325684,0.8059999942779541,622.7230224609375,0.14655999839305878,1.0077300071716309,0.8560000061988831,0.8009999990463257,0.36425501108169556,0.3408510088920593,1.068660020828247,4.0,0.0,0.9100000262260437,1.0,19.912799835205078,0.35510000586509705,254.2908805,17.7479064,5.66958,ZTF20abaogvg
2460547.7159375,2,2793215932315,20.359699249267578,/ztf/archive/sci/2024/0825/215938/ztf_20240825215938_000585_zr_c06_o_q4_scimrefdiffimg.fits.fz,Kulkarni,1,2793,23,585,26.352500915527344,2.210060074503417e-06,0.022779099643230438,0.090106301009655,4.699560122389812e-06,t17_f5_c3,2.793215932315015e+18,t,0.0,622.7230224609375,867.1400146484375,254.2908069,17.748012,20.287500381469727,0.18687699735164642,0.9383010268211365,20.21310043334961,0.36719998717308044,0.4536229968070984,18.534000396728516,0.07100000232458115,4.507999897003174,0.375,0.645313024520874,-0.07436800003051758,2.3499999046325684,0.8059999942779541,622.7230224609375,0.14655999839305878,1.0077300071716309,0.8560000061988831,0.8009999990463257,0.36425501108169556,0.3408510088920593,1.068660020828247,4.0,0.0,0.9100000262260437,1.0,19.912799835205078,0.35510000586509705,254.2908805,17.7479064,5.66958,ZTF20abaogvg
2460547.7168866,2,2793216882315,20.37030029296875,/ztf/archive/sci/2024/0825/216887/ztf_20240825216887_000585_zr_c06_o_q4_scimrefdiffimg.fits.fz,Kulkarni,2,2793,23,585,26.3518009185791,2.0632799078157404e-06,0.02203040011227131,0.08681490272283554,4.374269792606356e-06,t17_f5_c3,2.793216882315015e+18,t,0.0,624.7429809570312,864.6599731445312,254.2908578,17.7478932,20.167800903320312,0.19192500412464142,1.3997000455856323,20.00320053100586,0.3005000054836273,0.1088699996471405,18.534000396728516,0.07100000232458115,4.507999897003174,0.375,0.06571800261735916,-0.16455399990081787,1.1827499866485596,0.9049999713897705,624.7429809570312,0.3671030104160309,2.0,0.8579999804496765,0.699999988079071,0.7254279851913452,0.5918409824371338,1.2257100343704224,5.0,0.0,0.9085710048675537,0.9445070028305054,19.90850067138672,0.35040000081062317,254.2908805,17.7479064,7.87645,ZTF20abaogvg
2460547.7545833,2,2793254582315,20.114700317382812,/ztf/archive/sci/2024/0825/254572/ztf_20240825254572_000585_zr_c06_o_q4_scimrefdiffimg.fits.fz,Kulkarni,2,2793,23,585,26.310800552368164,1.7467300494899973e-06,0.02031479962170124,0.09782849997282028,3.7160700685490156e-06,t17_f5_c3,2.793254582315015e+18,t,1.0,623.5499877929688,850.9180297851562,254.2908978,17.7479967,20.133800506591797,0.2612079977989197,1.2546499967575073,19.9424991607666,0.357699990272522,0.33120399713516235,18.534000396728516,0.07100000232458115,4.507999897003174,0.375,-0.3827199935913086,-0.1913360059261322,1.1760599613189697,0.8700000047683716,623.5499877929688,0.17219899594783783,2.0,0.7129999995231628,0.46799999475479126,0.6062629818916321,0.3979400098323822,1.5234999656677246,11.0,0.0,0.7599999904632568,0.7636200189590454,19.427000045776367,0.28459998965263367,254.2908805,17.7479064,5.67727,ZTF20abaogvg
2460547.7848958,1,2793284892315,19.4960994720459,/ztf/archive/sci/2024/0825/284884/ztf_20240825284884_000585_zg_c06_o_q4_scimrefdiffimg.fits.fz,Kulkarni,2,2793,23,585,26.18560028076172,7.947849553602282e-06,0.037495698779821396,-0.05682219937443733,2.0184999812045135e-05,t17_f5_c3,,,,,,,,,,,,,,,,,,,,,,,,,,,,,,,,,,,,,,,ZTF20abaogvg
2460548.6565046,1,2794156502315,20.763500213623047,/ztf/archive/sci/2024/0826/156505/ztf_20240826156505_000585_zg_c06_o_q4_scimrefdiffimg.fits.fz,Kulkarni,2,2794,23,585,26.314899444580078,7.407290013361489e-06,0.04137830063700676,-0.09466460347175598,1.6033600331866182e-05,t17_f5_c3,,,,,,,,,,,,,,,,,,,,,,,,,,,,,,,,,,,,,,,ZTF20abaogvg
2460548.6930903,2,2794193092315,20.503599166870117,/ztf/archive/sci/2024/0826/193090/ztf_20240826193090_000585_zr_c06_o_q4_scimrefdiffimg.fits.fz,Kulkarni,2,2794,23,585,26.34160041809082,2.237670059912489e-06,0.022935299202799797,0.09011329710483551,4.76278000860475e-06,t17_f5_c3,2.794193092315015e+18,1,3.0,632.1110229492188,867.801025390625,254.2908135,17.7479452,20.17959976196289,0.16893599927425385,1.0767899751663208,20.219900131225586,0.3578000068664551,0.2831000089645386,18.534000396728516,0.07100000232458115,4.507999897003174,0.375,-0.06488599628210068,0.040275998413562775,1.0735900402069092,0.9670000076293945,632.1110229492188,0.2837100028991699,2.0,0.7210000157356262,0.5989999771118164,0.6715800166130066,0.5579419732093811,1.2036700248718262,7.0,0.0,0.8899999856948853,0.9273099899291992,20.28219985961914,0.48190000653266907,254.2908805,17.7479064,6.6025,ZTF20abaogvg
2460548.6930903,2,2794193092315,20.503599166870117,/ztf/archive/sci/2024/0826/193090/ztf_20240826193090_000585_zr_c06_o_q4_scimrefdiffimg.fits.fz,Kulkarni,2,2794,23,585,26.34160041809082,2.237670059912489e-06,0.022935299202799797,0.09011329710483551,4.76278000860475e-06,t17_f5_c3,2.794193092315015e+18,t,3.0,632.1110229492188,867.801025390625,254.2908135,17.7479452,20.17959976196289,0.16893599927425385,1.0767899751663208,20.219900131225586,0.3578000068664551,0.2831000089645386,18.534000396728516,0.07100000232458115,4.507999897003174,0.375,-0.06488599628210068,0.040275998413562775,1.0735900402069092,0.9670000076293945,632.1110229492188,0.2837100028991699,2.0,0.7210000157356262,0.5989999771118164,0.6715800166130066,0.5579419732093811,1.2036700248718262,7.0,0.0,0.8899999856948853,0.9273099899291992,20.28219985961914,0.48190000653266907,254.2908805,17.7479064,6.6025,ZTF20abaogvg
2460548.7483218,2,2794248322315,20.287900924682617,/ztf/archive/sci/2024/0826/248310/ztf_20240826248310_000585_zr_c06_o_q4_scimrefdiffimg.fits.fz,Kulkarni,2,2794,23,585,26.3080997467041,1.947029886650853e-06,0.021463200449943542,0.08889859914779663,4.159860054642195e-06,t17_f5_c3,2.794248322315015e+18,t,2.0,611.7930297851562,844.8629760742188,254.2908639,17.7479616,20.204099655151367,0.20552699267864227,1.7701599597930908,19.824800491333008,0.2906999886035919,0.19254200160503387,18.534000396728516,0.07100000232458115,4.507999897003174,0.375,0.251334011554718,-0.37931498885154724,1.1083199977874756,0.890999972820282,611.7930297851562,0.46313899755477905,2.0,0.8199999928474426,0.7179999947547913,0.739857017993927,0.6478260159492493,1.1420600414276123,6.0,0.0,0.8228570222854614,0.9344710111618042,19.79669952392578,0.3614000082015991,254.2908805,17.7479064,5.52067,ZTF20abaogvg
2460548.7825231,1,2794282522315,19.68779945373535,/ztf/archive/sci/2024/0826/282523/ztf_20240826282523_000585_zg_c06_o_q4_scimrefdiffimg.fits.fz,Kulkarni,2,2794,23,585,26.131099700927734,6.665669843641808e-06,0.036845698952674866,-0.04909519851207733,1.5790399629622698e-05,t17_f5_c3,,,,,,,,,,,,,,,,,,,,,,,,,,,,,,,,,,,,,,,ZTF20abaogvg
2460549.6878356,1,2795187832315,20.51099967956543,/ztf/archive/sci/2024/0827/187836/ztf_20240827187836_000585_zg_c06_o_q4_scimrefdiffimg.fits.fz,Kulkarni,2,2795,23,585,26.309799194335938,6.3245602177630644e-06,0.038861699402332306,-0.10006099939346313,1.3443600437312853e-05,t17_f5_c3,,,,,,,,,,,,,,,,,,,,,,,,,,,,,,,,,,,,,,,ZTF20abaogvg
2460549.6938426,2,2795193842315,20.50629997253418,/ztf/archive/sci/2024/0827/193843/ztf_20240827193843_000585_zr_c06_o_q4_scimrefdiffimg.fits.fz,Kulkarni,1,2795,23,585,26.33919906616211,2.3973200313776033e-06,0.023653900250792503,0.08771300315856934,5.109679932502331e-06,t17_f5_c3,2.795193842315015e+18,1,1.0,617.22802734375,868.6510009765625,254.2908781,17.7480279,20.169200897216797,0.15472200512886047,1.5670100450515747,19.75079917907715,0.22990000247955322,0.43362799286842346,18.534000396728516,0.07100000232458115,4.507999897003174,0.375,-0.05342499911785126,-0.4184400141239166,1.0852899551391602,0.9729999899864197,617.22802734375,0.755541980266571,2.0,0.8220000267028809,0.7099999785423279,0.7574009895324707,0.6542029976844788,1.1577500104904175,3.0,0.0,0.8114290237426758,1.0,19.61079978942871,0.25699999928474426,254.2908805,17.7479064,5.36351,ZTF20abaogvg
2460533.7461111,1,2779246115815,20.39590072631836,/ztf/archive/sci/2024/0811/246100/ztf_20240811246100_001581_zg_c15_o_q3_scimrefdiffimg.fits.fz,Kulkarni,3,2779,58,1581,26.154800415039062,2.8921299417561386e-06,0.02566790021955967,-0.04593680053949356,6.10249981036759e-06,t17_f5_c3,2.779246115815015e+18,t,20.0,441.7799987792969,1699.22998046875,254.2909583,17.7480012,19.861799240112305,0.14954400062561035,0.9967129826545715,19.71419906616211,0.2273000031709671,0.19424299895763397,19.475000381469727,0.07000000029802322,3.000999927520752,0.4129999876022339,0.17297999560832977,-0.1476150006055832,2.0,0.9750000238418579,441.7799987792969,0.6816719770431519,1.1598299741744995,0.6200000047683716,0.5979999899864197,0.3100000023841858,0.29899999499320984,1.0367900133132935,4.0,0.0,0.8528569936752319,0.9753199815750122,19.639699935913086,0.2709999978542328,254.2909223,17.7479569,10.2561,ZTF20abaogvg
2460534.7359838,1,2780235985815,18.988800048828125,/ztf/archive/sci/2024/0812/235984/ztf_20240812235984_001581_zg_c15_o_q3_scimrefdiffimg.fits.fz,Kulkarni,3,2780,58,1581,25.274700164794922,1.977419924514834e-05,0.049746498465538025,-0.01976660080254078,5.2374398364918306e-05,t17_f5_c3,,,,,,,,,,,,,,,,,,,,,,,,,,,,,,,,,,,,,,,ZTF20abaogvg
2460549.6938426,2,2795193842315,20.50629997253418,/ztf/archive/sci/2024/0827/193843/ztf_20240827193843_000585_zr_c06_o_q4_scimrefdiffimg.fits.fz,Kulkarni,1,2795,23,585,26.33919906616211,2.3973200313776033e-06,0.023653900250792503,0.08771300315856934,5.109679932502331e-06,t17_f5_c3,2.795193842315015e+18,t,1.0,617.22802734375,868.6510009765625,254.2908781,17.7480279,20.169200897216797,0.15472200512886047,1.5670100450515747,19.75079917907715,0.22990000247955322,0.43362799286842346,18.534000396728516,0.07100000232458115,4.507999897003174,0.375,-0.05342499911785126,-0.4184400141239166,1.0852899551391602,0.9729999899864197,617.22802734375,0.755541980266571,2.0,0.8220000267028809,0.7099999785423279,0.7574009895324707,0.6542029976844788,1.1577500104904175,3.0,0.0,0.8114290237426758,1.0,19.61079978942871,0.25699999928474426,254.2908805,17.7479064,5.36351,ZTF20abaogvg
2460549.6947917,2,2795194792315,20.49799919128418,/ztf/archive/sci/2024/0827/194780/ztf_20240827194780_000585_zr_c06_o_q4_scimrefdiffimg.fits.fz,Kulkarni,2,2795,23,585,26.336299896240234,2.101380005115061e-06,0.02217400074005127,0.08762790262699127,4.4934599827684e-06,t17_f5_c3,2.795194792315015e+18,t,2.0,617.1480102539062,867.968994140625,254.290824,17.7480121,20.226299285888672,0.19805799424648285,1.1185599565505981,20.11199951171875,0.3221000134944916,0.41857099533081055,18.534000396728516,0.07100000232458115,4.507999897003174,0.375,0.14914900064468384,-0.11428400129079819,1.0867400169372559,0.9570000171661377,617.1480102539062,0.3859640061855316,2.0,0.6430000066757202,0.4779999852180481,0.5916759967803955,0.439846009016037,1.3451900482177734,9.0,0.0,0.8371430039405823,0.8348429799079895,19.942100524902344,0.35040000081062317,254.2908805,17.7479064,5.00447,ZTF20abaogvg
2460549.712338,2,2795212332315,20.458099365234375,/ztf/archive/sci/2024/0827/212338/ztf_20240827212338_000585_zr_c06_o_q4_scimrefdiffimg.fits.fz,Kulkarni,2,2795,23,585,26.337299346923828,2.7512899123394163e-06,0.02547590062022209,0.0887117013335228,5.84601002628915e-06,t17_f5_c3,2.795212332315015e+18,t,7.0,623.6900024414062,862.375,254.2908303,17.7479481,20.271299362182617,0.26617300510406494,2.200050115585327,19.836700439453125,0.2621999979019165,0.22632800042629242,18.534000396728516,0.07100000232458115,4.507999897003174,0.375,0.3900650143623352,-0.43463900685310364,1.0735900402069092,0.7889999747276306,623.6900024414062,0.6213560104370117,2.0,0.8960000276565552,0.7250000238418579,0.8345839977264404,0.6753050088882446,1.235859990119934,8.0,0.0,0.7271429896354675,0.8512669801712036,19.93160057067871,0.36390000581741333,254.2908805,17.7479064,5.85901,ZTF20abaogvg
2460550.6922454,2,2796192242315,20.44070053100586,/ztf/archive/sci/2024/0828/192245/ztf_20240828192245_000585_zr_c06_o_q4_scimrefdiffimg.fits.fz,Kulkarni,2,2796,23,585,26.35930061340332,2.344710082979873e-06,0.023503299802541733,0.08938390016555786,5.000089913664851e-06,t17_f5_c3,,,,,,,,,,,,,,,,,,,,,,,,,,,,,,,,,,,,,,,ZTF20abaogvg
2460550.7160995,2,2796216092315,20.3075008392334,/ztf/archive/sci/2024/0828/216088/ztf_20240828216088_000585_zr_c06_o_q4_scimrefdiffimg.fits.fz,Kulkarni,2,2796,23,585,26.34819984436035,2.9745899610134074e-06,0.02641480043530464,0.09123490005731583,6.351379852276295e-06,t17_f5_c3,2.796216092315015e+18,t,2.0,604.718994140625,856.3800048828125,254.2906776,17.7478281,20.22920036315918,0.261135995388031,1.2900899648666382,20.398700714111328,0.42899999022483826,0.7413719892501831,18.534000396728516,0.07100000232458115,4.507999897003174,0.375,-0.6591799855232239,0.16948099434375763,2.5299999713897705,0.9440000057220459,604.718994140625,-0.09117300063371658,0.9972779750823975,1.0329999923706055,0.7490000128746033,0.4083000123500824,0.29604700207710266,1.3791699409484863,5.0,0.0,0.8285710215568542,0.9800390005111694,20.166799545288086,0.4415000081062317,254.2908805,17.7479064,5.87054,ZTF20abaogvg
2460550.7543171,1,2796254312315,19.99519920349121,/ztf/archive/sci/2024/0828/254294/ztf_20240828254294_000585_zg_c06_o_q4_scimrefdiffimg.fits.fz,Kulkarni,2,2796,23,585,26.254899978637695,7.3140899985446595e-06,0.03949140012264252,-0.06254319846630096,1.698909909464419e-05,t17_f5_c3,,,,,,,,,,,,,,,,,,,,,,,,,,,,,,,,,,,,,,,ZTF20abaogvg
2460551.6341088,2,2797134105815,19.82029914855957,/ztf/archive/sci/2024/0829/133843/ztf_20240829133843_001581_zr_c15_o_q3_scimrefdiffimg.fits.fz,Kulkarni,2,2797,58,1581,26.296199798583984,2.4217999907705234e-06,0.023514699190855026,0.08660759776830673,5.005480034014909e-06,t17_f5_c3,2.797134105815015e+18,1,4.0,508.02398681640625,1722.5699462890625,254.290986,17.7479904,20.029199600219727,0.26191601157188416,0.9267100095748901,19.60409927368164,0.35109999775886536,0.24928100407123566,18.545000076293945,0.06199999898672104,3.819999933242798,0.42399999499320984,0.4166800081729889,-0.4250839948654175,1.1419999599456787,0.9559999704360962,508.02398681640625,0.21615900099277496,2.0,0.6389999985694885,0.5230000019073486,0.559544026851654,0.45796799659729004,1.2217999696731567,10.0,0.0,0.701429009437561,0.5723879933357239,19.37220001220703,0.36320000886917114,254.2909294,17.7479379,5.48082,ZTF20abaogvg
2460551.6495718,1,2797149572315,20.597700119018555,/ztf/archive/sci/2024/0829/149560/ztf_20240829149560_000585_zg_c06_o_q4_scimrefdiffimg.fits.fz,Kulkarni,1,2797,23,585,26.37179946899414,5.698950189980678e-06,0.03682209923863411,-0.08938819915056229,1.2053399586875457e-05,t17_f5_c3,,,,,,,,,,,,,,,,,,,,,,,,,,,,,,,,,,,,,,,ZTF20abaogvg
2460551.6505093,1,2797150502315,20.75469970703125,/ztf/archive/sci/2024/0829/150509/ztf_20240829150509_000585_zg_c06_o_q4_scimrefdiffimg.fits.fz,Kulkarni,2,2797,23,585,26.38629913330078,5.7254001148976386e-06,0.036921098828315735,-0.11179900169372559,1.2167999557277653e-05,t17_f5_c3,,,,,,,,,,,,,,,,,,,,,,,,,,,,,,,,,,,,,,,ZTF20abaogvg
2460551.6926042,3,2797192602315,19.938100814819336,/ztf/archive/sci/2024/0829/192604/ztf_20240829192604_000585_zi_c06_o_q4_scimrefdiffimg.fits.fz,Kulkarni,2,2797,23,585,25.804100036621094,1.411219955116394e-06,0.025520499795675278,0.19569100439548492,1.2944399713887833e-05,t17_f5_c3,,,,,,,,,,,,,,,,,,,,,,,,,,,,,,,,,,,,,,,ZTF20abaogvg
