jd,fid,pid,diffmaglim,pdiffimfilename,programpi,programid,nid,rcid,field,magzpsci,magzpsciunc,magzpscirms,clrcoeff,clrcounc,rbversion,candid,isdiffpos,tblid,xpos,ypos,ra,dec,magpsf,sigmapsf,chipsf,magap,sigmagap,distnr,magnr,sigmagnr,chinr,sharpnr,sky,magdiff,fwhm,classtar,mindtoedge,magfromlim,seeratio,aimage,bimage,aimagerat,bimagerat,elong,nneg,nbad,rb,sumrat,magapbig,sigmagapbig,ranr,decnr,scorr,obj_id
2460092.7517824,1,2338251783115,19.95829963684082,/ztf/archive/sci/2023/0528/251192/ztf_20230528251192_000752_zg_c08_o_q4_scimrefdiffimg.fits.fz,Kulkarni,1,2338,31,752,26.140499114990234,2.4927699996624142e-05,0.03276579827070236,-0.06688839942216873,3.837859912891872e-05,t17_f5_c3,,,,,,,,,,,,,,,,,,,,,,,,,,,,,,,,,,,,,,,ZTF20aavptjf
2460092.7522569,1,2338252255915,19.93589973449707,/ztf/archive/sci/2023/0528/252257/ztf_20230528252257_001751_zg_c15_o_q4_scimrefdiffimg.fits.fz,Kulkarni,1,2338,59,1751,26.19029998779297,4.120570156374015e-05,0.03832929953932762,-0.005427219904959202,6.128769746283069e-05,t17_f5_c3,,,,,,,,,,,,,,,,,,,,,,,,,,,,,,,,,,,,,,,ZTF20aavptjf
2460092.7740046,2,2338274003115,20.05419921875,/ztf/archive/sci/2023/0528/273461/ztf_20230528273461_000752_zr_c08_o_q4_scimrefdiffimg.fits.fz,Kulkarni,1,2338,31,752,26.16710090637207,2.9804999940097332e-05,0.035659998655319214,0.11209899932146072,4.2878400563495234e-05,t17_f5_c3,,,,,,,,,,,,,,,,,,,,,,,,,,,,,,,,,,,,,,,ZTF20aavptjf
2460092.7744792,2,2338274475915,20.050500869750977,/ztf/archive/sci/2023/0528/274479/ztf_20230528274479_001751_zr_c15_o_q4_scimrefdiffimg.fits.fz,Kulkarni,1,2338,59,1751,26.18709945678711,2.9380600608419627e-05,0.03339749947190285,0.11395300179719925,3.875499896821566e-05,t17_f5_c3,,,,,,,,,,,,,,,,,,,,,,,,,,,,,,,,,,,,,,,ZTF20aavptjf
2460097.6968056,2,2343196803115,19.872499465942383,/ztf/archive/sci/2023/0602/196794/ztf_20230602196794_000752_zr_c08_o_q4_scimrefdiffimg.fits.fz,Kulkarni,1,2343,31,752,26.210599899291992,2.480930015735794e-05,0.03256760165095329,0.12093300372362137,3.5365101211937144e-05,t17_f5_c3,,,,,,,,,,,,,,,,,,,,,,,,,,,,,,,,,,,,,,,ZTF20aavptjf
2460099.7220718,1,2345222073115,18.971399307250977,/ztf/archive/sci/2023/0604/222060/ztf_20230604222060_000752_zg_c08_o_q4_scimrefdiffimg.fits.fz,Kulkarni,1,2345,31,752,26.143299102783203,7.753120007691905e-05,0.04489779844880104,-0.05851469933986664,0.0001461729989387095,t17_f5_c3,,,,,,,,,,,,,,,,,,,,,,,,,,,,,,,,,,,,,,,ZTF20aavptjf
2460099.7412153,2,2345241213115,19.43630027770996,/ztf/archive/sci/2023/0604/241215/ztf_20230604241215_000752_zr_c08_o_q4_scimrefdiffimg.fits.fz,Kulkarni,1,2345,31,752,26.169599533081055,2.8833499527536333e-05,0.03494910150766373,0.12603600323200226,4.080680082552135e-05,t17_f5_c3,,,,,,,,,,,,,,,,,,,,,,,,,,,,,,,,,,,,,,,ZTF20aavptjf
2460101.7003935,1,2347200393115,20.219499588012695,/ztf/archive/sci/2023/0606/200394/ztf_20230606200394_000752_zg_c08_o_q4_scimrefdiffimg.fits.fz,Kulkarni,1,2347,31,752,26.15839958190918,2.65536000370048e-05,0.03335610032081604,-0.06809350103139877,3.9721999200992286e-05,t17_f5_c3,,,,,,,,,,,,,,,,,,,,,,,,,,,,,,,,,,,,,,,ZTF20aavptjf
2460105.6955671,3,2351195563115,19.864599227905273,/ztf/archive/sci/2023/0610/195556/ztf_20230610195556_000752_zi_c08_o_q4_scimrefdiffimg.fits.fz,Kulkarni,2,2351,31,752,25.666400909423828,7.124700005078921e-06,0.027112100273370743,0.19362199306488037,2.6460500521352515e-05,t17_f5_c3,,,,,,,,,,,,,,,,,,,,,,,,,,,,,,,,,,,,,,,ZTF20aavptjf
2460110.7029861,3,2356202983115,19.76259994506836,/ztf/archive/sci/2023/0615/202975/ztf_20230615202975_000752_zi_c08_o_q4_scimrefdiffimg.fits.fz,Kulkarni,2,2356,31,752,25.61840057373047,3.967079919675598e-06,0.02011849917471409,0.19542600214481354,1.5045499822008424e-05,t17_f5_c3,,,,,,,,,,,,,,,,,,,,,,,,,,,,,,,,,,,,,,,ZTF20aavptjf
2460111.761331,1,2357261333115,19.821300506591797,/ztf/archive/sci/2023/0616/261319/ztf_20230616261319_000752_zg_c08_o_q4_scimrefdiffimg.fits.fz,Kulkarni,1,2357,31,752,25.9325008392334,3.62782011507079e-05,0.03869190067052841,-0.049998700618743896,5.4197600547922775e-05,t17_f5_c3,,,,,,,,,,,,,,,,,,,,,,,,,,,,,,,,,,,,,,,ZTF20aavptjf
2460113.7431829,2,2359243183115,20.113100051879883,/ztf/archive/sci/2023/0618/243171/ztf_20230618243171_000752_zr_c08_o_q4_scimrefdiffimg.fits.fz,Kulkarni,1,2359,31,752,26.124099731445312,2.9601800633827224e-05,0.03500410169363022,0.1286820024251938,4.1217401303583756e-05,t17_f5_c3,,,,,,,,,,,,,,,,,,,,,,,,,,,,,,,,,,,,,,,ZTF20aavptjf
2460114.6982407,3,2360198243115,19.891300201416016,/ztf/archive/sci/2023/0619/198241/ztf_20230619198241_000752_zi_c08_o_q4_scimrefdiffimg.fits.fz,Kulkarni,2,2360,31,752,25.68090057373047,3.3280900879617548e-06,0.01829260028898716,0.1963369995355606,1.2301299648243003e-05,t17_f5_c3,,,,,,,,,,,,,,,,,,,,,,,,,,,,,,,,,,,,,,,ZTF20aavptjf
2460115.7256481,2,2361225643115,20.005599975585938,/ztf/archive/sci/2023/0620/225637/ztf_20230620225637_000752_zr_c08_o_q4_scimrefdiffimg.fits.fz,Kulkarni,1,2361,31,752,26.161300659179688,1.866750062617939e-05,0.028286000713706017,0.1321450024843216,2.69089996436378e-05,t17_f5_c3,,,,,,,,,,,,,,,,,,,,,,,,,,,,,,,,,,,,,,,ZTF20aavptjf
2460115.7365856,1,2361236583115,19.790300369262695,/ztf/archive/sci/2023/0620/236574/ztf_20230620236574_000752_zg_c08_o_q4_scimrefdiffimg.fits.fz,Kulkarni,1,2361,31,752,26.112600326538086,3.770010152948089e-05,0.03841099888086319,-0.06615100055932999,5.89933006267529e-05,t17_f5_c3,,,,,,,,,,,,,,,,,,,,,,,,,,,,,,,,,,,,,,,ZTF20aavptjf
2460117.7288889,2,2363228883115,19.983200073242188,/ztf/archive/sci/2023/0622/228889/ztf_20230622228889_000752_zr_c08_o_q4_scimrefdiffimg.fits.fz,Kulkarni,1,2363,31,752,26.152999877929688,2.327800029888749e-05,0.030835699290037155,0.1264059990644455,3.265370105509646e-05,t17_f5_c3,,,,,,,,,,,,,,,,,,,,,,,,,,,,,,,,,,,,,,,ZTF20aavptjf
2460117.7468866,3,2363246883115,19.557600021362305,/ztf/archive/sci/2023/0622/246887/ztf_20230622246887_000752_zi_c08_o_q4_scimrefdiffimg.fits.fz,Kulkarni,2,2363,31,752,25.65169906616211,4.978529887011973e-06,0.02212730050086975,0.19164200127124786,1.796200012904592e-05,t17_f5_c3,,,,,,,,,,,,,,,,,,,,,,,,,,,,,,,,,,,,,,,ZTF20aavptjf
2460122.6719676,1,2368171963115,20.284400939941406,/ztf/archive/sci/2023/0627/171493/ztf_20230627171493_000752_zg_c08_o_q4_scimrefdiffimg.fits.fz,Kulkarni/theophile-dulaz,2,2368,31,752,28.707599639892578,1.642949973756913e-05,0.026062799617648125,-0.09519059956073761,2.6318099116906524e-05,t17_f5_c3,,,,,,,,,,,,,,,,,,,,,,,,,,,,,,,,,,,,,,,ZTF20aavptjf
2460122.6992014,2,2368199203115,20.793399810791016,/ztf/archive/sci/2023/0627/198646/ztf_20230627198646_000752_zr_c08_o_q4_scimrefdiffimg.fits.fz,Kulkarni/theophile-dulaz,2,2368,31,752,28.80030059814453,2.1924899556324817e-05,0.030237099155783653,0.1290149986743927,3.101129914284684e-05,t17_f5_c3,,,,,,,,,,,,,,,,,,,,,,,,,,,,,,,,,,,,,,,ZTF20aavptjf
2460122.7266088,1,2368226603115,20.474000930786133,/ztf/archive/sci/2023/0627/225949/ztf_20230627225949_000752_zg_c08_o_q4_scimrefdiffimg.fits.fz,Kulkarni/theophile-dulaz,2,2368,31,752,28.561399459838867,2.197540015913546e-05,0.030126899480819702,-0.05991920083761215,3.1403098546434194e-05,t17_f5_c3,2.36822660311501e+18,f,20.0,625.7340087890625,851.2960205078125,154.2439535,46.5106012,20.957399368286133,0.20748400688171387,0.9201589822769165,20.771099090576172,0.37770000100135803,1.3930799961090088,18.28499984741211,0.08799999952316284,5.456999778747559,0.7049999833106995,2.2103099822998047,-0.18630099296569824,1.7007399797439575,0.8799999952316284,625.7340087890625,-0.2971380054950714,2.0,1.0989999771118164,0.9980000257492065,0.6461880207061768,0.5868020057678223,1.101199984550476,2.0,0.0,0.5628569722175598,1.0,20.365299224853516,0.33329999446868896,154.2444578,46.5107838,5.33518,ZTF20aavptjf
2460123.6707176,2,2369170713115,20.66830062866211,/ztf/archive/sci/2023/0628/170359/ztf_20230628170359_000752_zr_c08_o_q4_scimrefdiffimg.fits.fz,Kulkarni/tahumada,2,2369,31,752,28.829599380493164,2.4465200112899765e-05,0.03134189918637276,0.1216920018196106,3.417249899939634e-05,t17_f5_c3,,,,,,,,,,,,,,,,,,,,,,,,,,,,,,,,,,,,,,,ZTF20aavptjf
2458936.7609838,1,1182260983115,20.825199127197266,/ztf/archive/sci/2020/0328/260984/ztf_20200328260984_000752_zg_c08_o_q4_scimrefdiffimg.fits.fz,Kulkarni,1,1182,31,752,26.23710060119629,2.430580025247764e-05,0.032113898545503616,-0.1164880022406578,3.4964199585374445e-05,t17_f5_c3,,,,,,,,,,,,,,,,,,,,,,,,,,,,,,,,,,,,,,,ZTF20aavptjf
2458936.761875,1,1182261873115,20.843299865722656,/ztf/archive/sci/2020/0328/261875/ztf_20200328261875_000752_zg_c08_o_q4_scimrefdiffimg.fits.fz,Kulkarni,3,1182,31,752,26.23579978942871,2.837489955709316e-05,0.03449799865484238,-0.11507099866867065,4.0575101593276486e-05,t17_f5_c3,,,,,,,,,,,,,,,,,,,,,,,,,,,,,,,,,,,,,,,ZTF20aavptjf
2458939.6843519,2,1185184353115,20.417200088500977,/ztf/archive/sci/2020/0331/184352/ztf_20200331184352_000752_zr_c08_o_q4_scimrefdiffimg.fits.fz,Kulkarni,1,1185,31,752,26.16699981689453,1.5486899428651668e-05,0.025543900206685066,0.1202860027551651,2.201650022470858e-05,t17_f5_c3,,,,,,,,,,,,,,,,,,,,,,,,,,,,,,,,,,,,,,,ZTF20aavptjf
2458939.6848032,2,1185184805915,20.310300827026367,/ztf/archive/sci/2020/0331/184803/ztf_20200331184803_001751_zr_c15_o_q4_scimrefdiffimg.fits.fz,Kulkarni,2,1185,59,1751,26.170299530029297,2.2238600649870932e-05,0.029174400493502617,0.12403299659490585,2.9910799639765173e-05,t17_f5_c3,,,,,,,,,,,,,,,,,,,,,,,,,,,,,,,,,,,,,,,ZTF20aavptjf
2458939.6852546,2,1185185255915,20.363399505615234,/ztf/archive/sci/2020/0331/185243/ztf_20200331185243_001751_zr_c15_o_q4_scimrefdiffimg.fits.fz,Kulkarni,3,1185,59,1751,26.1697998046875,2.4573599148425274e-05,0.030350500717759132,0.12347099930047989,3.296359864179976e-05,t17_f5_c3,,,,,,,,,,,,,,,,,,,,,,,,,,,,,,,,,,,,,,,ZTF20aavptjf
2458939.7127315,2,1185212733115,20.52280044555664,/ztf/archive/sci/2020/0331/212720/ztf_20200331212720_000752_zr_c08_o_q4_scimrefdiffimg.fits.fz,Kulkarni,1,1185,31,752,26.195899963378906,1.854840047599282e-05,0.027906199917197227,0.113475002348423,2.5955800083465874e-05,t17_f5_c3,,,,,,,,,,,,,,,,,,,,,,,,,,,,,,,,,,,,,,,ZTF20aavptjf
2458939.7136343,2,1185213633115,20.404699325561523,/ztf/archive/sci/2020/0331/213623/ztf_20200331213623_000752_zr_c08_o_q4_scimrefdiffimg.fits.fz,Kulkarni,3,1185,31,752,26.151899337768555,1.722550041449722e-05,0.02690809965133667,0.12359199672937393,2.4069100618362427e-05,t17_f5_c3,,,,,,,,,,,,,,,,,,,,,,,,,,,,,,,,,,,,,,,ZTF20aavptjf
2458939.821713,1,1185321713115,19.83180046081543,/ztf/archive/sci/2020/0331/321713/ztf_20200331321713_000752_zg_c08_o_q4_scimrefdiffimg.fits.fz,Kulkarni,1,1185,31,752,25.779399871826172,3.377189932507463e-05,0.037081800401210785,-0.06683479994535446,5.191209857002832e-05,t17_f5_c3,,,,,,,,,,,,,,,,,,,,,,,,,,,,,,,,,,,,,,,ZTF20aavptjf
2458939.8226505,1,1185322653115,20.040800094604492,/ztf/archive/sci/2020/0331/322627/ztf_20200331322627_000752_zg_c08_o_q4_scimrefdiffimg.fits.fz,Kulkarni,3,1185,31,752,25.89349937438965,2.592189957795199e-05,0.03300639986991882,-0.0770334005355835,3.806550012086518e-05,t17_f5_c3,,,,,,,,,,,,,,,,,,,,,,,,,,,,,,,,,,,,,,,ZTF20aavptjf
2458940.7217593,2,1186221753115,19.491899490356445,/ztf/archive/sci/2020/0401/221748/ztf_20200401221748_000752_zr_c08_o_q4_scimrefdiffimg.fits.fz,Kulkarni,3,1186,31,752,25.844100952148438,2.0957799279130995e-05,0.029571300372481346,0.1273770034313202,2.9379700208664872e-05,t17_f5_c3,,,,,,,,,,,,,,,,,,,,,,,,,,,,,,,,,,,,,,,ZTF20aavptjf
2458940.8404861,1,1186340483115,16.95490074157715,/ztf/archive/sci/2020/0401/340486/ztf_20200401340486_000752_zg_c08_o_q4_scimrefdiffimg.fits.fz,Kulkarni,3,1186,31,752,23.322900772094727,0.004616439808160067,0.07145660370588303,-0.13147200644016266,0.014535199850797653,t17_f5_c3,,,,,,,,,,,,,,,,,,,,,,,,,,,,,,,,,,,,,,,ZTF20aavptjf
2458941.7217014,2,1187221703115,20.10420036315918,/ztf/archive/sci/2020/0402/221701/ztf_20200402221701_000752_zr_c08_o_q4_scimrefdiffimg.fits.fz,Kulkarni,3,1187,31,752,26.225000381469727,1.4249800187826622e-05,0.02424049936234951,0.12161800265312195,2.0138799300184473e-05,t17_f5_c3,,,,,,,,,,,,,,,,,,,,,,,,,,,,,,,,,,,,,,,ZTF20aavptjf
2458941.7552778,1,1187255273115,19.928699493408203,/ztf/archive/sci/2020/0402/255255/ztf_20200402255255_000752_zg_c08_o_q4_scimrefdiffimg.fits.fz,Kulkarni,3,1187,31,752,26.26219940185547,3.360359914950095e-05,0.03619600087404251,-0.08062270283699036,5.055779911344871e-05,t17_f5_c3,,,,,,,,,,,,,,,,,,,,,,,,,,,,,,,,,,,,,,,ZTF20aavptjf
2458944.6694907,2,1190169493115,19.653200149536133,/ztf/archive/sci/2020/0405/169468/ztf_20200405169468_000752_zr_c08_o_q4_scimrefdiffimg.fits.fz,Kulkarni,1,1190,31,752,26.183799743652344,4.147749859839678e-05,0.04106120020151138,0.11163300275802612,5.8416600950295106e-05,t17_f5_c3,,,,,,,,,,,,,,,,,,,,,,,,,,,,,,,,,,,,,,,ZTF20aavptjf
2458944.6704167,2,1190170413115,19.75629997253418,/ztf/archive/sci/2020/0405/170394/ztf_20200405170394_000752_zr_c08_o_q4_scimrefdiffimg.fits.fz,Kulkarni,3,1190,31,752,26.226499557495117,2.8197700885357335e-05,0.034107498824596405,0.11325900256633759,3.9998700231080875e-05,t17_f5_c3,,,,,,,,,,,,,,,,,,,,,,,,,,,,,,,,,,,,,,,ZTF20aavptjf
2458954.7382176,2,1200238213115,20.630300521850586,/ztf/archive/sci/2020/0415/238171/ztf_20200415238171_000752_zr_c08_o_q4_scimrefdiffimg.fits.fz,Kulkarni,3,1200,31,752,26.203800201416016,1.9111799701931886e-05,0.028403999283909798,0.12199900299310684,2.6612200599629432e-05,t17_f5_c3,,,,,,,,,,,,,,,,,,,,,,,,,,,,,,,,,,,,,,,ZTF20aavptjf
2458954.7402315,2,1200240233115,20.576400756835938,/ztf/archive/sci/2020/0415/240197/ztf_20200415240197_000752_zr_c08_o_q4_scimrefdiffimg.fits.fz,Kulkarni,1,1200,31,752,26.198699951171875,2.0194900571368635e-05,0.029183899983763695,0.12614600360393524,2.83070003206376e-05,t17_f5_c3,,,,,,,,,,,,,,,,,,,,,,,,,,,,,,,,,,,,,,,ZTF20aavptjf
2458954.7841782,1,1200284173115,20.63129997253418,/ztf/archive/sci/2020/0415/284178/ztf_20200415284178_000752_zg_c08_o_q4_scimrefdiffimg.fits.fz,Kulkarni,3,1200,31,752,26.224599838256836,2.5977700715884566e-05,0.03301050141453743,-0.11173900216817856,3.6564200854627416e-05,t17_f5_c3,,,,,,,,,,,,,,,,,,,,,,,,,,,,,,,,,,,,,,,ZTF20aavptjf
2458954.7851273,1,1200285123115,20.633699417114258,/ztf/archive/sci/2020/0415/285104/ztf_20200415285104_000752_zg_c08_o_q4_scimrefdiffimg.fits.fz,Kulkarni,1,1200,31,752,26.207300186157227,2.8918799216626212e-05,0.03503790125250816,-0.09342849999666214,4.080640064785257e-05,t17_f5_c3,,,,,,,,,,,,,,,,,,,,,,,,,,,,,,,,,,,,,,,ZTF20aavptjf
2458955.7447569,2,1201244753115,20.635799407958984,/ztf/archive/sci/2020/0416/244734/ztf_20200416244734_000752_zr_c08_o_q4_scimrefdiffimg.fits.fz,Kulkarni,3,1201,31,752,26.217199325561523,1.6666699593770318e-05,0.02637770026922226,0.1245030015707016,2.335029967071023e-05,t17_f5_c3,,,,,,,,,,,,,,,,,,,,,,,,,,,,,,,,,,,,,,,ZTF20aavptjf
2458956.7239583,1,1202223953115,20.783100128173828,/ztf/archive/sci/2020/0417/223958/ztf_20200417223958_000752_zg_c08_o_q4_scimrefdiffimg.fits.fz,Kulkarni,3,1202,31,752,26.268699645996094,2.1716999981435947e-05,0.030121000483632088,-0.11876299977302551,3.063320036744699e-05,t17_f5_c3,,,,,,,,,,,,,,,,,,,,,,,,,,,,,,,,,,,,,,,ZTF20aavptjf
2458956.7600694,2,1202260063115,20.54400062561035,/ztf/archive/sci/2020/0417/260058/ztf_20200417260058_000752_zr_c08_o_q4_scimrefdiffimg.fits.fz,Kulkarni,3,1202,31,752,26.227699279785156,1.946769953065086e-05,0.02828020043671131,0.1283469945192337,2.7304000468575396e-05,t17_f5_c3,,,,,,,,,,,,,,,,,,,,,,,,,,,,,,,,,,,,,,,ZTF20aavptjf
2458962.7268403,1,1208226843115,20.811500549316406,/ztf/archive/sci/2020/0423/226829/ztf_20200423226829_000752_zg_c08_o_q4_scimrefdiffimg.fits.fz,Kulkarni,1,1208,31,752,26.236400604248047,2.9187700420152396e-05,0.03497140109539032,-0.09116820245981216,4.120599987800233e-05,t17_f5_c3,1.208226843115015e+18,1,4.0,597.7319946289062,812.8759765625,154.2442222,46.5106969,18.221399307250977,0.05400099977850914,5.996079921722412,18.219900131225586,0.043299999088048935,0.790099024772644,18.34000015258789,0.05900000035762787,4.791999816894531,0.3070000112056732,0.3502959907054901,-0.0014750000555068254,1.899999976158142,0.9829999804496765,597.7319946289062,2.5915699005126953,1.257580041885376,0.6579999923706055,0.6370000243186951,0.34631600975990295,0.3352630138397217,1.0329699516296387,3.0,0.0,0.9671429991722107,0.9879680275917053,18.234899520874023,0.054099999368190765,154.2445132,46.5107951,38.3359,ZTF20aavptjf
2458962.7259028,1,1208225903115,20.776199340820312,/ztf/archive/sci/2020/0423/225880/ztf_20200423225880_000752_zg_c08_o_q4_scimrefdiffimg.fits.fz,Kulkarni,3,1208,31,752,26.23259925842285,2.5471599656157196e-05,0.03265229985117912,-0.08197709918022156,3.5971301258541644e-05,t17_f5_c3,1.208225903115015e+18,1,7.0,597.9569702148438,813.030029296875,154.2442302,46.5106893,18.221599578857422,0.055369000881910324,1.6889499425888062,18.194400787353516,0.04270000010728836,0.7897940278053284,18.34000015258789,0.05900000035762787,4.791999816894531,0.3070000112056732,0.1698089987039566,-0.027233999222517014,1.9600000381469727,0.9829999804496765,597.9569702148438,2.581779956817627,1.2431199550628662,0.699999988079071,0.6600000262260437,0.35714301466941833,0.3367350101470947,1.060610055923462,3.0,0.0,0.9700000286102295,0.9937080144882202,18.168800354003906,0.051500000059604645,154.2445132,46.5107951,31.7622,ZTF20aavptjf
2458962.7573148,2,1208257313115,20.66550064086914,/ztf/archive/sci/2020/0423/257303/ztf_20200423257303_000752_zr_c08_o_q4_scimrefdiffimg.fits.fz,Kulkarni,1,1208,31,752,26.21619987487793,1.40724996526842e-05,0.02401380054652691,0.11940500140190125,1.983760012080893e-05,t17_f5_c3,1.208257313115015e+18,1,3.0,611.2630004882812,807.2429809570312,154.2442587,46.5107196,18.42020034790039,0.06961700320243835,7.619289875030518,18.435100555419922,0.062199998646974564,0.633741021156311,18.302000045776367,0.06599999964237213,4.951000213623047,0.33500000834465027,0.1550769954919815,0.014907999895513058,1.659999966621399,0.9829999804496765,611.2630004882812,2.2303600311279297,1.3301700353622437,0.578000009059906,0.5690000057220459,0.3481929898262024,0.3427709937095642,1.015820026397705,4.0,0.0,0.9657139778137207,0.9901589751243591,18.378700256347656,0.07400000095367432,154.2444981,46.5107874,17.7969,ZTF20aavptjf
2458962.7259028,1,1208225903115,20.776199340820312,/ztf/archive/sci/2020/0423/225880/ztf_20200423225880_000752_zg_c08_o_q4_scimrefdiffimg.fits.fz,Kulkarni,3,1208,31,752,26.23259925842285,2.5471599656157196e-05,0.03265229985117912,-0.08197709918022156,3.5971301258541644e-05,t17_f5_c3,1.208225903115015e+18,t,7.0,597.9569702148438,813.030029296875,154.2442302,46.5106893,18.221599578857422,0.055369000881910324,1.6889499425888062,18.194400787353516,0.04270000010728836,0.7897940278053284,18.34000015258789,0.05900000035762787,4.791999816894531,0.3070000112056732,0.1698089987039566,-0.027233999222517014,1.9600000381469727,0.9829999804496765,597.9569702148438,2.581779956817627,1.2431199550628662,0.699999988079071,0.6600000262260437,0.35714301466941833,0.3367350101470947,1.060610055923462,3.0,0.0,0.9700000286102295,0.9937080144882202,18.168800354003906,0.051500000059604645,154.2445132,46.5107951,31.7622,ZTF20aavptjf
2458962.7268403,1,1208226843115,20.811500549316406,/ztf/archive/sci/2020/0423/226829/ztf_20200423226829_000752_zg_c08_o_q4_scimrefdiffimg.fits.fz,Kulkarni,1,1208,31,752,26.236400604248047,2.9187700420152396e-05,0.03497140109539032,-0.09116820245981216,4.120599987800233e-05,t17_f5_c3,1.208226843115015e+18,t,4.0,597.7319946289062,812.8759765625,154.2442222,46.5106969,18.221399307250977,0.05400099977850914,5.996079921722412,18.219900131225586,0.043299999088048935,0.790099024772644,18.34000015258789,0.05900000035762787,4.791999816894531,0.3070000112056732,0.3502959907054901,-0.0014750000555068254,1.899999976158142,0.9829999804496765,597.7319946289062,2.5915699005126953,1.257580041885376,0.6579999923706055,0.6370000243186951,0.34631600975990295,0.3352630138397217,1.0329699516296387,3.0,0.0,0.9671429991722107,0.9879680275917053,18.234899520874023,0.054099999368190765,154.2445132,46.5107951,38.3359,ZTF20aavptjf
2458962.7573148,2,1208257313115,20.66550064086914,/ztf/archive/sci/2020/0423/257303/ztf_20200423257303_000752_zr_c08_o_q4_scimrefdiffimg.fits.fz,Kulkarni,1,1208,31,752,26.21619987487793,1.40724996526842e-05,0.02401380054652691,0.11940500140190125,1.983760012080893e-05,t17_f5_c3,1.208257313115015e+18,t,3.0,611.2630004882812,807.2429809570312,154.2442587,46.5107196,18.42020034790039,0.06961700320243835,7.619289875030518,18.435100555419922,0.062199998646974564,0.633741021156311,18.302000045776367,0.06599999964237213,4.951000213623047,0.33500000834465027,0.1550769954919815,0.014907999895513058,1.659999966621399,0.9829999804496765,611.2630004882812,2.2303600311279297,1.3301700353622437,0.578000009059906,0.5690000057220459,0.3481929898262024,0.3427709937095642,1.015820026397705,4.0,0.0,0.9657139778137207,0.9901589751243591,18.378700256347656,0.07400000095367432,154.2444981,46.5107874,17.7969,ZTF20aavptjf
2458962.7624306,2,1208262433115,20.631099700927734,/ztf/archive/sci/2020/0423/262431/ztf_20200423262431_000752_zr_c08_o_q4_scimrefdiffimg.fits.fz,Kulkarni,3,1208,31,752,26.21489906311035,1.7047799701686017e-05,0.026497799903154373,0.11778900027275085,2.4106300770654343e-05,t17_f5_c3,1.208262433115015e+18,t,5.0,597.5859985351562,806.823974609375,154.2442162,46.5107037,18.385900497436523,0.061528000980615616,10.257200241088867,18.439699172973633,0.0632999986410141,0.7541499733924866,18.302000045776367,0.06599999964237213,4.951000213623047,0.33500000834465027,0.5950739979743958,0.05377800017595291,1.9199999570846558,0.9950000047683716,597.5859985351562,2.1913700103759766,1.1677800416946411,0.6119999885559082,0.5929999947547913,0.3187499940395355,0.30885401368141174,1.032039999961853,3.0,0.0,0.9671429991722107,1.0,18.414899826049805,0.07750000059604645,154.2444981,46.5107874,34.4679,ZTF20aavptjf
2458963.6990856,1,1209199083115,20.923099517822266,/ztf/archive/sci/2020/0424/199086/ztf_20200424199086_000752_zg_c08_o_q4_scimrefdiffimg.fits.fz,Kulkarni,3,1209,31,752,26.257999420166016,2.3125099687604234e-05,0.03112640045583248,-0.08587300032377243,3.285540151409805e-05,t17_f5_c3,1.209199083115015e+18,1,7.0,619.3499755859375,809.031982421875,154.2442462,46.5107019,18.18000030517578,0.052994001656770706,9.15919017791748,18.1835994720459,0.03920000046491623,0.732729971408844,18.34000015258789,0.05900000035762787,4.791999816894531,0.3070000112056732,0.26631098985671997,0.0036329999566078186,1.7999999523162842,0.9829999804496765,619.3499755859375,2.7394800186157227,1.3052400350570679,0.6240000128746033,0.6150000095367432,0.34666699171066284,0.3416669964790344,1.0146299600601196,1.0,0.0,0.9571430087089539,1.0,18.149700164794922,0.04670000076293945,154.2445132,46.5107951,24.3294,ZTF20aavptjf
2458963.6990856,1,1209199083115,20.923099517822266,/ztf/archive/sci/2020/0424/199086/ztf_20200424199086_000752_zg_c08_o_q4_scimrefdiffimg.fits.fz,Kulkarni,3,1209,31,752,26.257999420166016,2.3125099687604234e-05,0.03112640045583248,-0.08587300032377243,3.285540151409805e-05,t17_f5_c3,1.209199083115015e+18,t,7.0,619.3499755859375,809.031982421875,154.2442462,46.5107019,18.18000030517578,0.052994001656770706,9.15919017791748,18.1835994720459,0.03920000046491623,0.732729971408844,18.34000015258789,0.05900000035762787,4.791999816894531,0.3070000112056732,0.26631098985671997,0.0036329999566078186,1.7999999523162842,0.9829999804496765,619.3499755859375,2.7394800186157227,1.3052400350570679,0.6240000128746033,0.6150000095367432,0.34666699171066284,0.3416669964790344,1.0146299600601196,1.0,0.0,0.9571430087089539,1.0,18.149700164794922,0.04670000076293945,154.2445132,46.5107951,24.3294,ZTF20aavptjf
2458963.7432176,1,1209243213115,20.885799407958984,/ztf/archive/sci/2020/0424/243218/ztf_20200424243218_000752_zg_c08_o_q4_scimrefdiffimg.fits.fz,Kulkarni,3,1209,31,752,26.2362003326416,1.5537800209131092e-05,0.025242099538445473,-0.07748840004205704,2.200940070906654e-05,t17_f5_c3,1.209243213115015e+18,t,12.0,601.9310302734375,791.9869995117188,154.2442281,46.5106947,18.1742000579834,0.05071200057864189,2.058769941329956,18.188199996948242,0.04050000011920929,0.791064977645874,18.34000015258789,0.05900000035762787,4.791999816894531,0.3070000112056732,-0.004441999830305576,0.014042999595403671,1.8700000047683716,0.9819999933242798,601.9310302734375,2.6975600719451904,1.2563799619674683,0.6179999709129333,0.5960000157356262,0.33048099279403687,0.31871700286865234,1.036910057067871,3.0,0.0,0.9585710167884827,0.9880250096321106,18.159900665283203,0.048500001430511475,154.2445132,46.5107951,31.5081,ZTF20aavptjf
2458964.6951736,1,1210195173115,20.867599487304688,/ztf/archive/sci/2020/0425/195139/ztf_20200425195139_000752_zg_c08_o_q4_scimrefdiffimg.fits.fz,Kulkarni,3,1210,31,752,26.188400268554688,2.0176699763396755e-05,0.028910400345921516,-0.08232899755239487,2.8628299332922325e-05,t17_f5_c3,1.210195173115015e+18,1,6.0,612.8920288085938,801.6900024414062,154.2442182,46.5106955,18.106399536132812,0.05138599872589111,9.261899948120117,18.158899307250977,0.040300000458955765,0.8039399981498718,18.34000015258789,0.05900000035762787,4.791999816894531,0.3070000112056732,0.06812799721956253,0.05248299986124039,1.9199999570846558,0.9829999804496765,612.8920288085938,2.7086598873138428,1.2208600044250488,0.6240000128746033,0.6050000190734863,0.32499998807907104,0.31510400772094727,1.0313999652862549,2.0,0.0,0.9542859792709351,0.9790359735488892,18.16390037536621,0.04969999939203262,154.2445132,46.5107951,46.1062,ZTF20aavptjf
2458964.6951736,1,1210195173115,20.867599487304688,/ztf/archive/sci/2020/0425/195139/ztf_20200425195139_000752_zg_c08_o_q4_scimrefdiffimg.fits.fz,Kulkarni,3,1210,31,752,26.188400268554688,2.0176699763396755e-05,0.028910400345921516,-0.08232899755239487,2.8628299332922325e-05,t17_f5_c3,1.210195173115015e+18,t,6.0,612.8920288085938,801.6900024414062,154.2442182,46.5106955,18.106399536132812,0.05138599872589111,9.261899948120117,18.158899307250977,0.040300000458955765,0.8039399981498718,18.34000015258789,0.05900000035762787,4.791999816894531,0.3070000112056732,0.06812799721956253,0.05248299986124039,1.9199999570846558,0.9829999804496765,612.8920288085938,2.7086598873138428,1.2208600044250488,0.6240000128746033,0.6050000190734863,0.32499998807907104,0.31510400772094727,1.0313999652862549,2.0,0.0,0.9542859792709351,0.9790359735488892,18.16390037536621,0.04969999939203262,154.2445132,46.5107951,46.1062,ZTF20aavptjf
2458964.7452199,2,1210245213115,20.767200469970703,/ztf/archive/sci/2020/0425/245208/ztf_20200425245208_000752_zr_c08_o_q4_scimrefdiffimg.fits.fz,Kulkarni,3,1210,31,752,26.225900650024414,2.0616700567188673e-05,0.028691500425338745,0.10929899662733078,2.8849799491581507e-05,t17_f5_c3,1.210245213115015e+18,t,2.0,603.7509765625,801.02099609375,154.2442126,46.5107343,18.24690055847168,0.05553000047802925,8.45322036743164,18.29669952392578,0.05139999836683273,0.7237690091133118,18.302000045776367,0.06599999964237213,4.951000213623047,0.33500000834465027,0.1911810040473938,0.04978900030255318,1.659999966621399,0.9829999804496765,603.7509765625,2.4705400466918945,1.3163100481033325,0.5849999785423279,0.5410000085830688,0.3524099886417389,0.3259040117263794,1.0813299417495728,6.0,0.0,0.9557139873504639,0.9867039918899536,18.252899169921875,0.061500001698732376,154.2444981,46.5107874,25.229,ZTF20aavptjf
2458965.6847338,2,1211184733115,20.75909996032715,/ztf/archive/sci/2020/0426/184734/ztf_20200426184734_000752_zr_c08_o_q4_scimrefdiffimg.fits.fz,Kulkarni,3,1211,31,752,26.263399124145508,1.654270090512e-05,0.025853900238871574,0.11950799822807312,2.321479951206129e-05,t17_f5_c3,1.211184733115015e+18,1,2.0,633.197021484375,784.4539794921875,154.2442561,46.5107154,18.221399307250977,0.058448001742362976,15.978899955749512,18.283100128173828,0.049800001084804535,0.6466550230979919,18.302000045776367,0.06599999964237213,4.951000213623047,0.33500000834465027,0.40824198722839355,0.061746999621391296,1.6799999475479126,0.996999979019165,633.197021484375,2.4760000705718994,1.3362799882888794,0.5870000123977661,0.5720000267028809,0.3494049906730652,0.34047600626945496,1.0262199640274048,3.0,0.0,0.951429009437561,1.0,18.324499130249023,0.06430000066757202,154.2444981,46.5107874,27.8705,ZTF20aavptjf
2458965.6856366,2,1211185633115,20.7632999420166,/ztf/archive/sci/2020/0426/185637/ztf_20200426185637_000752_zr_c08_o_q4_scimrefdiffimg.fits.fz,Kulkarni,1,1211,31,752,26.263999938964844,1.930210055434145e-05,0.02820740081369877,0.11625999957323074,2.715640039241407e-05,t17_f5_c3,1.211185633115015e+18,1,5.0,632.7150268554688,784.5050048828125,154.2442191,46.5107125,18.236000061035156,0.05597599968314171,21.47319984436035,18.242300033569336,0.04800000041723251,0.733564019203186,18.302000045776367,0.06599999964237213,4.951000213623047,0.33500000834465027,5.6000000768108293e-05,0.006306999828666449,1.850000023841858,1.0,632.7150268554688,2.5209500789642334,1.2104400396347046,0.6010000109672546,0.593999981880188,0.3248650133609772,0.3210810124874115,1.0117900371551514,2.0,0.0,0.951429009437561,0.9836400151252747,18.27429962158203,0.061400000005960464,154.2444981,46.5107874,43.1531,ZTF20aavptjf
2458965.6847338,2,1211184733115,20.75909996032715,/ztf/archive/sci/2020/0426/184734/ztf_20200426184734_000752_zr_c08_o_q4_scimrefdiffimg.fits.fz,Kulkarni,3,1211,31,752,26.263399124145508,1.654270090512e-05,0.025853900238871574,0.11950799822807312,2.321479951206129e-05,t17_f5_c3,1.211184733115015e+18,t,2.0,633.197021484375,784.4539794921875,154.2442561,46.5107154,18.221399307250977,0.058448001742362976,15.978899955749512,18.283100128173828,0.049800001084804535,0.6466550230979919,18.302000045776367,0.06599999964237213,4.951000213623047,0.33500000834465027,0.40824198722839355,0.061746999621391296,1.6799999475479126,0.996999979019165,633.197021484375,2.4760000705718994,1.3362799882888794,0.5870000123977661,0.5720000267028809,0.3494049906730652,0.34047600626945496,1.0262199640274048,3.0,0.0,0.951429009437561,1.0,18.324499130249023,0.06430000066757202,154.2444981,46.5107874,27.8705,ZTF20aavptjf
2458965.6856366,2,1211185633115,20.7632999420166,/ztf/archive/sci/2020/0426/185637/ztf_20200426185637_000752_zr_c08_o_q4_scimrefdiffimg.fits.fz,Kulkarni,1,1211,31,752,26.263999938964844,1.930210055434145e-05,0.02820740081369877,0.11625999957323074,2.715640039241407e-05,t17_f5_c3,1.211185633115015e+18,t,5.0,632.7150268554688,784.5050048828125,154.2442191,46.5107125,18.236000061035156,0.05597599968314171,21.47319984436035,18.242300033569336,0.04800000041723251,0.733564019203186,18.302000045776367,0.06599999964237213,4.951000213623047,0.33500000834465027,5.6000000768108293e-05,0.006306999828666449,1.850000023841858,1.0,632.7150268554688,2.5209500789642334,1.2104400396347046,0.6010000109672546,0.593999981880188,0.3248650133609772,0.3210810124874115,1.0117900371551514,2.0,0.0,0.951429009437561,0.9836400151252747,18.27429962158203,0.061400000005960464,154.2444981,46.5107874,43.1531,ZTF20aavptjf
2458965.7195718,1,1211219573115,20.796899795532227,/ztf/archive/sci/2020/0426/219549/ztf_20200426219549_000752_zg_c08_o_q4_scimrefdiffimg.fits.fz,Kulkarni,3,1211,31,752,26.233400344848633,1.6744099411880597e-05,0.026365000754594803,-0.06620419770479202,2.3681499442318454e-05,t17_f5_c3,1.211219573115015e+18,t,4.0,612.0880126953125,782.4130249023438,154.2442273,46.5106936,18.11840057373047,0.049644000828266144,7.698379993438721,18.131500244140625,0.03889999911189079,0.7874209880828857,18.34000015258789,0.05900000035762787,4.791999816894531,0.3070000112056732,0.01311499997973442,0.013113000430166721,2.0799999237060547,0.9829999804496765,612.0880126953125,2.665450096130371,1.2118300199508667,0.7549999952316284,0.7239999771118164,0.36298099160194397,0.3480769991874695,1.0428199768066406,1.0,0.0,0.9599999785423279,1.0,18.143299102783203,0.04830000177025795,154.2445132,46.5107951,34.9826,ZTF20aavptjf
2458965.7273958,1,1211227393115,20.866500854492188,/ztf/archive/sci/2020/0426/227373/ztf_20200426227373_000752_zg_c08_o_q4_scimrefdiffimg.fits.fz,Kulkarni,1,1211,31,752,26.250499725341797,1.9902799976989627e-05,0.02901569940149784,-0.08161219954490662,2.820530062308535e-05,t17_f5_c3,1.211227393115015e+18,t,7.0,611.5250244140625,774.3460083007812,154.2442412,46.5106949,18.070499420166016,0.0612649992108345,25.431800842285156,18.055999755859375,0.03579999879002571,0.7641909718513489,18.34000015258789,0.05900000035762787,4.791999816894531,0.3070000112056732,0.10305099934339523,-0.014484000392258167,2.25,1.0,611.5250244140625,2.8105199337005615,1.0759600400924683,0.6800000071525574,0.6610000133514404,0.30222201347351074,0.2937780022621155,1.0287400484085083,4.0,0.0,0.942857027053833,0.984483003616333,18.08060073852539,0.04490000009536743,154.2445132,46.5107951,33.5014,ZTF20aavptjf
2458966.7037731,2,1212203773115,19.912399291992188,/ztf/archive/sci/2020/0427/203762/ztf_20200427203762_000752_zr_c08_o_q4_scimrefdiffimg.fits.fz,Kulkarni,3,1212,31,752,25.707199096679688,2.1908299459028058e-05,0.029957100749015808,0.10353899747133255,3.091890175710432e-05,t17_f5_c3,1.212203773115015e+18,1,1.0,606.5150146484375,799.1409912109375,154.2442237,46.5107283,18.188199996948242,0.08677499741315842,7.9741902351379395,18.20949935913086,0.10119999945163727,0.7036499977111816,18.302000045776367,0.06599999964237213,4.951000213623047,0.33500000834465027,-0.008779999800026417,0.021310999989509583,1.590000033378601,0.9829999804496765,606.5150146484375,1.7029000520706177,1.3052699565887451,0.5879999995231628,0.5419999957084656,0.3698109984397888,0.34088099002838135,1.0848699808120728,4.0,0.0,0.9300000071525574,0.939179003238678,18.169300079345703,0.12399999797344208,154.2444981,46.5107874,19.1489,ZTF20aavptjf
2458966.7037731,2,1212203773115,19.912399291992188,/ztf/archive/sci/2020/0427/203762/ztf_20200427203762_000752_zr_c08_o_q4_scimrefdiffimg.fits.fz,Kulkarni,3,1212,31,752,25.707199096679688,2.1908299459028058e-05,0.029957100749015808,0.10353899747133255,3.091890175710432e-05,t17_f5_c3,1.212203773115015e+18,t,1.0,606.5150146484375,799.1409912109375,154.2442237,46.5107283,18.188199996948242,0.08677499741315842,7.9741902351379395,18.20949935913086,0.10119999945163727,0.7036499977111816,18.302000045776367,0.06599999964237213,4.951000213623047,0.33500000834465027,-0.008779999800026417,0.021310999989509583,1.590000033378601,0.9829999804496765,606.5150146484375,1.7029000520706177,1.3052699565887451,0.5879999995231628,0.5419999957084656,0.3698109984397888,0.34088099002838135,1.0848699808120728,4.0,0.0,0.9300000071525574,0.939179003238678,18.169300079345703,0.12399999797344208,154.2444981,46.5107874,19.1489,ZTF20aavptjf
2458966.7477546,1,1212247753115,19.069499969482422,/ztf/archive/sci/2020/0427/247731/ztf_20200427247731_000752_zg_c08_o_q4_scimrefdiffimg.fits.fz,Kulkarni,3,1212,31,752,24.823699951171875,8.088850154308602e-05,0.049617700278759,-0.07973969727754593,0.00014456799544859678,t17_f5_c3,1.212247753115015e+18,t,4.0,612.1090087890625,791.1669921875,154.2442409,46.510684,18.077699661254883,0.12354700267314911,1.3076399564743042,18.057300567626953,0.16369999945163727,0.7746419906616211,18.34000015258789,0.05900000035762787,4.791999816894531,0.3070000112056732,-0.13448700308799744,-0.020437000319361687,1.7300000190734863,0.9800000190734863,612.1090087890625,1.0122400522232056,1.3796299695968628,0.7369999885559082,0.6480000019073486,0.4260120093822479,0.374565988779068,1.1373499631881714,3.0,0.0,0.9114289879798889,1.0,18.284900665283203,0.2574000060558319,154.2445132,46.5107951,14.1222,ZTF20aavptjf
2458966.7757292,3,1212275723115,18.385700225830078,/ztf/archive/sci/2020/0427/275532/ztf_20200427275532_000752_zi_c08_o_q4_scimrefdiffimg.fits.fz,Kulkarni,2,1212,31,752,24.24139976501465,1.6607100405963138e-05,0.03847229853272438,0.18555499613285065,5.6277000112459064e-05,t17_f5_c3,1.212275723115015e+18,t,5.0,618.8989868164062,783.760986328125,154.2442202,46.5107071,18.222400665283203,0.16078199446201324,0.7946569919586182,17.845699310302734,0.25040000677108765,0.7676529884338379,18.336000442504883,0.05700000002980232,4.138999938964844,0.23999999463558197,-0.5036910176277161,-0.37671300768852234,2.009999990463257,0.8790000081062317,618.8989868164062,0.5400429964065552,1.1861300468444824,0.7200000286102295,0.6100000143051147,0.3582090139389038,0.3034830093383789,1.1803300380706787,8.0,0.0,0.7314289808273315,0.8994699716567993,17.797500610351562,0.3068000078201294,154.2444828,46.5108222,9.92368,ZTF20aavptjf
2458967.6750116,2,1213175013115,20.552200317382812,/ztf/archive/sci/2020/0428/175012/ztf_20200428175012_000752_zr_c08_o_q4_scimrefdiffimg.fits.fz,Kulkarni,3,1213,31,752,26.214599609375,1.7361100617563352e-05,0.026882700622081757,0.11804500222206116,2.4586199288023636e-05,t17_f5_c3,1.213175013115015e+18,1,3.0,627.5399780273438,808.2689819335938,154.244224,46.5107057,18.10849952697754,0.07612600177526474,16.29990005493164,18.113100051879883,0.049300000071525574,0.732433021068573,18.302000045776367,0.06599999964237213,4.951000213623047,0.33500000834465027,0.12389999628067017,0.004550999961793423,1.850000023841858,0.984000027179718,627.5399780273438,2.4391400814056396,1.2450100183486938,0.628000020980835,0.6179999709129333,0.33945900201797485,0.33405399322509766,1.0161800384521484,4.0,0.0,0.9557139873504639,0.9821919798851013,18.047199249267578,0.057999998331069946,154.2444981,46.5107874,28.615,ZTF20aavptjf
2458967.6750116,2,1213175013115,20.552200317382812,/ztf/archive/sci/2020/0428/175012/ztf_20200428175012_000752_zr_c08_o_q4_scimrefdiffimg.fits.fz,Kulkarni,3,1213,31,752,26.214599609375,1.7361100617563352e-05,0.026882700622081757,0.11804500222206116,2.4586199288023636e-05,t17_f5_c3,1.213175013115015e+18,t,3.0,627.5399780273438,808.2689819335938,154.244224,46.5107057,18.10849952697754,0.07612600177526474,16.29990005493164,18.113100051879883,0.049300000071525574,0.732433021068573,18.302000045776367,0.06599999964237213,4.951000213623047,0.33500000834465027,0.12389999628067017,0.004550999961793423,1.850000023841858,0.984000027179718,627.5399780273438,2.4391400814056396,1.2450100183486938,0.628000020980835,0.6179999709129333,0.33945900201797485,0.33405399322509766,1.0161800384521484,4.0,0.0,0.9557139873504639,0.9821919798851013,18.047199249267578,0.057999998331069946,154.2444981,46.5107874,28.615,ZTF20aavptjf
2458967.7347454,1,1213234743115,20.49880027770996,/ztf/archive/sci/2020/0428/234722/ztf_20200428234722_000752_zg_c08_o_q4_scimrefdiffimg.fits.fz,Kulkarni,3,1213,31,752,26.221799850463867,2.5344199457322247e-05,0.032245099544525146,-0.08854039758443832,3.601250136853196e-05,t17_f5_c3,1.213234743115015e+18,t,4.0,612.2410278320312,800.9520263671875,154.2442261,46.510689,18.124799728393555,0.06894999742507935,3.4170401096343994,18.12929916381836,0.04610000178217888,0.7977799773216248,18.34000015258789,0.05900000035762787,4.791999816894531,0.3070000112056732,-0.22345200181007385,0.004472999833524227,2.0,0.9829999804496765,612.2410278320312,2.369529962539673,1.3250399827957153,0.7559999823570251,0.7289999723434448,0.3779999911785126,0.3644999861717224,1.0370399951934814,2.0,0.0,0.9700000286102295,1.0,18.101200103759766,0.05590000003576279,154.2445132,46.5107951,27.4439,ZTF20aavptjf
2458968.6909028,2,1214190903115,20.615100860595703,/ztf/archive/sci/2020/0429/190891/ztf_20200429190891_000752_zr_c08_o_q4_scimrefdiffimg.fits.fz,Kulkarni,3,1214,31,752,26.266199111938477,2.1852700228919275e-05,0.029955700039863586,0.12308599799871445,3.096209911745973e-05,t17_f5_c3,1.214190903115015e+18,1,1.0,612.8729858398438,801.4459838867188,154.244192,46.510714,18.095199584960938,0.05959000065922737,16.07029914855957,18.095399856567383,0.0471000000834465,0.795723021030426,18.302000045776367,0.06599999964237213,4.951000213623047,0.33500000834465027,0.13921700417995453,0.00019099999917671084,1.840000033378601,0.984000027179718,612.8729858398438,2.519710063934326,1.2139500379562378,0.6050000190734863,0.5929999947547913,0.32880398631095886,0.322282999753952,1.0202399492263794,5.0,0.0,0.9542859792709351,0.9898329973220825,18.080299377441406,0.05810000002384186,154.2444981,46.5107874,38.6037,ZTF20aavptjf
2458968.6918403,2,1214191843115,20.64929962158203,/ztf/archive/sci/2020/0429/191829/ztf_20200429191829_000752_zr_c08_o_q4_scimrefdiffimg.fits.fz,Kulkarni,1,1214,31,752,26.285600662231445,2.8148300771135837e-05,0.03406050056219101,0.11394800245761871,4.002129935543053e-05,t17_f5_c3,1.214191843115015e+18,1,2.0,614.6790161132812,800.3699951171875,154.2442222,46.5107162,18.101600646972656,0.05917400121688843,21.397300720214844,18.06060028076172,0.04490000009536743,0.7210500240325928,18.302000045776367,0.06599999964237213,4.951000213623047,0.33500000834465027,0.46496498584747314,-0.04101699963212013,1.809999942779541,0.9959999918937683,614.6790161132812,2.5886800289154053,1.2199300527572632,0.6129999756813049,0.574999988079071,0.33867400884628296,0.3176800012588501,1.0660899877548218,5.0,0.0,0.942857027053833,0.9940599799156189,18.040599822998047,0.054999999701976776,154.2444981,46.5107874,38.6449,ZTF20aavptjf
2458968.6909028,2,1214190903115,20.615100860595703,/ztf/archive/sci/2020/0429/190891/ztf_20200429190891_000752_zr_c08_o_q4_scimrefdiffimg.fits.fz,Kulkarni,3,1214,31,752,26.266199111938477,2.1852700228919275e-05,0.029955700039863586,0.12308599799871445,3.096209911745973e-05,t17_f5_c3,1.214190903115015e+18,t,1.0,612.8729858398438,801.4459838867188,154.244192,46.510714,18.095199584960938,0.05959000065922737,16.07029914855957,18.095399856567383,0.0471000000834465,0.795723021030426,18.302000045776367,0.06599999964237213,4.951000213623047,0.33500000834465027,0.13921700417995453,0.00019099999917671084,1.840000033378601,0.984000027179718,612.8729858398438,2.519710063934326,1.2139500379562378,0.6050000190734863,0.5929999947547913,0.32880398631095886,0.322282999753952,1.0202399492263794,5.0,0.0,0.9542859792709351,0.9898329973220825,18.080299377441406,0.05810000002384186,154.2444981,46.5107874,38.6037,ZTF20aavptjf
2458968.6918403,2,1214191843115,20.64929962158203,/ztf/archive/sci/2020/0429/191829/ztf_20200429191829_000752_zr_c08_o_q4_scimrefdiffimg.fits.fz,Kulkarni,1,1214,31,752,26.285600662231445,2.8148300771135837e-05,0.03406050056219101,0.11394800245761871,4.002129935543053e-05,t17_f5_c3,1.214191843115015e+18,t,2.0,614.6790161132812,800.3699951171875,154.2442222,46.5107162,18.101600646972656,0.05917400121688843,21.397300720214844,18.06060028076172,0.04490000009536743,0.7210500240325928,18.302000045776367,0.06599999964237213,4.951000213623047,0.33500000834465027,0.46496498584747314,-0.04101699963212013,1.809999942779541,0.9959999918937683,614.6790161132812,2.5886800289154053,1.2199300527572632,0.6129999756813049,0.574999988079071,0.33867400884628296,0.3176800012588501,1.0660899877548218,5.0,0.0,0.942857027053833,0.9940599799156189,18.040599822998047,0.054999999701976776,154.2444981,46.5107874,38.6449,ZTF20aavptjf
2458968.7376505,1,1214237653115,20.56220054626465,/ztf/archive/sci/2020/0429/237639/ztf_20200429237639_000752_zg_c08_o_q4_scimrefdiffimg.fits.fz,Kulkarni,3,1214,31,752,26.26059913635254,2.126360050169751e-05,0.029593300074338913,-0.07202140241861343,3.0280600185506046e-05,t17_f5_c3,1.214237653115015e+18,t,3.0,613.8300170898438,792.364013671875,154.2442166,46.5107122,18.07159996032715,0.05492899939417839,9.574270248413086,18.10610008239746,0.04619999974966049,0.7876150012016296,18.34000015258789,0.05900000035762787,4.791999816894531,0.3070000112056732,0.23863999545574188,0.03449000045657158,1.909999966621399,0.9850000143051147,613.8300170898438,2.456089973449707,1.266129970550537,0.6700000166893005,0.6549999713897705,0.3507849872112274,0.34293198585510254,1.0228999853134155,0.0,0.0,0.9700000286102295,1.0,18.123300552368164,0.05860000103712082,154.2445132,46.5107951,32.9026,ZTF20aavptjf
2458968.7429514,1,1214242953115,20.56049919128418,/ztf/archive/sci/2020/0429/242940/ztf_20200429242940_000752_zg_c08_o_q4_scimrefdiffimg.fits.fz,Kulkarni,1,1214,31,752,26.265199661254883,2.0249299268471077e-05,0.02884330041706562,-0.07851830124855042,2.8790700525860302e-05,t17_f5_c3,1.214242953115015e+18,t,2.0,608.0960083007812,790.8690185546875,154.2442329,46.5106966,18.06220054626465,0.05680299922823906,3.433079957962036,18.051000595092773,0.04410000145435333,0.7684839963912964,18.34000015258789,0.05900000035762787,4.791999816894531,0.3070000112056732,0.07050000131130219,-0.011176999658346176,1.8300000429153442,0.9829999804496765,608.0960083007812,2.509510040283203,1.3200500011444092,0.6449999809265137,0.6290000081062317,0.35245901346206665,0.34371599555015564,1.025439977645874,1.0,0.0,0.9714289903640747,1.0,18.040300369262695,0.054499998688697815,154.2445132,46.5107951,28.7191,ZTF20aavptjf
2458969.6823611,2,1215182363115,19.287399291992188,/ztf/archive/sci/2020/0430/182361/ztf_20200430182361_000752_zr_c08_o_q4_scimrefdiffimg.fits.fz,Kulkarni,3,1215,31,752,25.725299835205078,3.554659997462295e-05,0.03819689899682999,0.14069700241088867,5.019770105718635e-05,t17_f5_c3,1.215182363115015e+18,t,1.0,620.2210083007812,801.781982421875,154.2442685,46.510691,18.060300827026367,0.06765399873256683,1.9507999420166016,18.076000213623047,0.1412000060081482,0.6621050238609314,18.302000045776367,0.06599999964237213,4.951000213623047,0.33500000834465027,1.1890900135040283,0.015652000904083252,1.940000057220459,0.9929999709129333,620.2210083007812,1.2113699913024902,1.1758899688720703,0.6660000085830688,0.6359999775886536,0.343299001455307,0.32783499360084534,1.0471700429916382,3.0,0.0,0.9542859792709351,1.0,18.070199966430664,0.17980000376701355,154.2444981,46.5107874,19.778,ZTF20aavptjf
2458971.6814931,2,1217181493115,20.081300735473633,/ztf/archive/sci/2020/0502/181481/ztf_20200502181481_000752_zr_c08_o_q4_scimrefdiffimg.fits.fz,Kulkarni,1,1217,31,752,26.25349998474121,2.4042899894993752e-05,0.031559500843286514,0.1314529925584793,3.374009975232184e-05,t17_f5_c3,1.217181493115015e+18,1,0.0,626.083984375,777.6790161132812,154.2442399,46.5106951,18.063499450683594,0.057374998927116394,5.70989990234375,18.036399841308594,0.06769999861717224,0.7119179964065552,18.302000045776367,0.06599999964237213,4.951000213623047,0.33500000834465027,0.7191460132598877,-0.02710600011050701,1.8300000429153442,0.984000027179718,626.083984375,2.044919967651367,1.2405099868774414,0.6759999990463257,0.6349999904632568,0.3693990111351013,0.3469949960708618,1.0645699501037598,1.0,0.0,0.9628570079803467,1.0,18.073200225830078,0.08889999985694885,154.2444981,46.5107874,30.5266,ZTF20aavptjf
2458970.7255787,1,1216225573115,20.121400833129883,/ztf/archive/sci/2020/0501/225567/ztf_20200501225567_000752_zg_c08_o_q4_scimrefdiffimg.fits.fz,Kulkarni,3,1216,31,752,26.28499984741211,2.4353199478355236e-05,0.03156119957566261,-0.08318819850683212,3.509909947752021e-05,t17_f5_c3,1.216225573115015e+18,t,1.0,604.197998046875,779.6719970703125,154.2442156,46.5107017,18.155000686645508,0.06428500264883041,5.617879867553711,18.07379913330078,0.06129999831318855,0.8004850149154663,18.34000015258789,0.05900000035762787,4.791999816894531,0.3070000112056732,0.04680800065398216,-0.08122500032186508,1.8899999856948853,0.9850000143051147,604.197998046875,2.0476300716400146,1.3323299884796143,0.7099999785423279,0.6650000214576721,0.3756609857082367,0.3518519997596741,1.0676699876785278,0.0,0.0,0.9757140278816223,1.0,18.07430076599121,0.07769999653100967,154.2445132,46.5107951,32.29,ZTF20aavptjf
2458971.7054051,2,1217205403115,19.867599487304688,/ztf/archive/sci/2020/0502/205394/ztf_20200502205394_000752_zr_c08_o_q4_scimrefdiffimg.fits.fz,Kulkarni,1,1217,31,752,26.240400314331055,2.0461500753299333e-05,0.029128599911928177,0.12710799276828766,2.860489985323511e-05,t17_f5_c3,1.217205403115015e+18,1,4.0,632.3920288085938,772.6920166015625,154.2442356,46.5107043,18.0664005279541,0.06677699834108353,5.439770221710205,18.072599411010742,0.07429999858140945,0.7072290182113647,18.302000045776367,0.06599999964237213,4.951000213623047,0.33500000834465027,0.039806999266147614,0.006171999964863062,2.319999933242798,0.9959999918937683,632.3920288085938,1.7950400114059448,1.1162999868392944,0.7730000019073486,0.7319999933242798,0.333189994096756,0.31551700830459595,1.0560100078582764,1.0,0.0,0.9599999785423279,1.0,17.966800689697266,0.08579999953508377,154.2444981,46.5107874,28.5468,ZTF20aavptjf
2458971.7063773,2,1217206373115,20.032699584960938,/ztf/archive/sci/2020/0502/206354/ztf_20200502206354_000752_zr_c08_o_q4_scimrefdiffimg.fits.fz,Kulkarni,3,1217,31,752,26.249900817871094,2.0399300410645083e-05,0.02915080077946186,0.13115400075912476,2.881299951695837e-05,t17_f5_c3,1.217206373115015e+18,1,1.0,631.927978515625,773.5079956054688,154.2442389,46.5107113,18.04290008544922,0.05958700180053711,8.81091022491455,18.045000076293945,0.06939999759197235,0.6916170120239258,18.302000045776367,0.06599999964237213,4.951000213623047,0.33500000834465027,0.7879869937896729,0.002093000104650855,1.809999942779541,0.9829999804496765,631.927978515625,1.9876600503921509,1.2890900373458862,0.6819999814033508,0.6420000195503235,0.37679600715637207,0.35469600558280945,1.0622999668121338,2.0,0.0,0.9585710167884827,1.0,18.02359962463379,0.08640000224113464,154.2444981,46.5107874,33.2885,ZTF20aavptjf
2458971.7456713,1,1217245673115,19.850400924682617,/ztf/archive/sci/2020/0502/245648/ztf_20200502245648_000752_zg_c08_o_q4_scimrefdiffimg.fits.fz,Kulkarni,1,1217,31,752,26.261199951171875,2.6296400392311625e-05,0.033073101192712784,-0.0711326003074646,3.903980177710764e-05,t17_f5_c3,1.217245673115015e+18,1,0.0,620.0670166015625,770.864990234375,154.244231,46.5107036,18.075199127197266,0.06071599945425987,1.480389952659607,18.11039924621582,0.07750000059604645,0.7633090019226074,18.34000015258789,0.05900000035762787,4.791999816894531,0.3070000112056732,0.41137999296188354,0.03515300154685974,2.140000104904175,0.984000027179718,620.0670166015625,1.740049958229065,1.213610053062439,0.7179999947547913,0.6980000138282776,0.33551400899887085,0.3261680006980896,1.0286500453948975,2.0,0.0,0.9742860198020935,1.0,18.153600692749023,0.10270000249147415,154.2445132,46.5107951,30.196,ZTF20aavptjf
2458971.6814931,2,1217181493115,20.081300735473633,/ztf/archive/sci/2020/0502/181481/ztf_20200502181481_000752_zr_c08_o_q4_scimrefdiffimg.fits.fz,Kulkarni,1,1217,31,752,26.25349998474121,2.4042899894993752e-05,0.031559500843286514,0.1314529925584793,3.374009975232184e-05,t17_f5_c3,1.217181493115015e+18,t,0.0,626.083984375,777.6790161132812,154.2442399,46.5106951,18.063499450683594,0.057374998927116394,5.70989990234375,18.036399841308594,0.06769999861717224,0.7119179964065552,18.302000045776367,0.06599999964237213,4.951000213623047,0.33500000834465027,0.7191460132598877,-0.02710600011050701,1.8300000429153442,0.984000027179718,626.083984375,2.044919967651367,1.2405099868774414,0.6759999990463257,0.6349999904632568,0.3693990111351013,0.3469949960708618,1.0645699501037598,1.0,0.0,0.9628570079803467,1.0,18.073200225830078,0.08889999985694885,154.2444981,46.5107874,30.5266,ZTF20aavptjf
2458971.7054051,2,1217205403115,19.867599487304688,/ztf/archive/sci/2020/0502/205394/ztf_20200502205394_000752_zr_c08_o_q4_scimrefdiffimg.fits.fz,Kulkarni,1,1217,31,752,26.240400314331055,2.0461500753299333e-05,0.029128599911928177,0.12710799276828766,2.860489985323511e-05,t17_f5_c3,1.217205403115015e+18,t,4.0,632.3920288085938,772.6920166015625,154.2442356,46.5107043,18.0664005279541,0.06677699834108353,5.439770221710205,18.072599411010742,0.07429999858140945,0.7072290182113647,18.302000045776367,0.06599999964237213,4.951000213623047,0.33500000834465027,0.039806999266147614,0.006171999964863062,2.319999933242798,0.9959999918937683,632.3920288085938,1.7950400114059448,1.1162999868392944,0.7730000019073486,0.7319999933242798,0.333189994096756,0.31551700830459595,1.0560100078582764,1.0,0.0,0.9599999785423279,1.0,17.966800689697266,0.08579999953508377,154.2444981,46.5107874,28.5468,ZTF20aavptjf
2458971.7063773,2,1217206373115,20.032699584960938,/ztf/archive/sci/2020/0502/206354/ztf_20200502206354_000752_zr_c08_o_q4_scimrefdiffimg.fits.fz,Kulkarni,3,1217,31,752,26.249900817871094,2.0399300410645083e-05,0.02915080077946186,0.13115400075912476,2.881299951695837e-05,t17_f5_c3,1.217206373115015e+18,t,1.0,631.927978515625,773.5079956054688,154.2442389,46.5107113,18.04290008544922,0.05958700180053711,8.81091022491455,18.045000076293945,0.06939999759197235,0.6916170120239258,18.302000045776367,0.06599999964237213,4.951000213623047,0.33500000834465027,0.7879869937896729,0.002093000104650855,1.809999942779541,0.9829999804496765,631.927978515625,1.9876600503921509,1.2890900373458862,0.6819999814033508,0.6420000195503235,0.37679600715637207,0.35469600558280945,1.0622999668121338,2.0,0.0,0.9585710167884827,1.0,18.02359962463379,0.08640000224113464,154.2444981,46.5107874,33.2885,ZTF20aavptjf
2458971.7408912,1,1217240893115,19.843399047851562,/ztf/archive/sci/2020/0502/240891/ztf_20200502240891_000752_zg_c08_o_q4_scimrefdiffimg.fits.fz,Kulkarni,3,1217,31,752,26.26609992980957,3.4501001209719107e-05,0.03772599995136261,-0.06727969646453857,5.20054018124938e-05,t17_f5_c3,1.217240893115015e+18,t,3.0,615.135009765625,778.9660034179688,154.2442339,46.5106802,18.199100494384766,0.06252700090408325,1.7390700578689575,18.163999557495117,0.08160000294446945,0.8049399852752686,18.34000015258789,0.05900000035762787,4.791999816894531,0.3070000112056732,-0.05467899888753891,-0.035100001841783524,2.0399999618530273,0.9829999804496765,615.135009765625,1.6794099807739258,1.2778600454330444,0.7310000061988831,0.7020000219345093,0.3583329916000366,0.34411799907684326,1.0413099527359009,4.0,0.0,0.9700000286102295,0.9947239756584167,18.0585994720459,0.09430000185966492,154.2445132,46.5107951,26.7093,ZTF20aavptjf
2458971.7456713,1,1217245673115,19.850400924682617,/ztf/archive/sci/2020/0502/245648/ztf_20200502245648_000752_zg_c08_o_q4_scimrefdiffimg.fits.fz,Kulkarni,1,1217,31,752,26.261199951171875,2.6296400392311625e-05,0.033073101192712784,-0.0711326003074646,3.903980177710764e-05,t17_f5_c3,1.217245673115015e+18,t,0.0,620.0670166015625,770.864990234375,154.244231,46.5107036,18.075199127197266,0.06071599945425987,1.480389952659607,18.11039924621582,0.07750000059604645,0.7633090019226074,18.34000015258789,0.05900000035762787,4.791999816894531,0.3070000112056732,0.41137999296188354,0.03515300154685974,2.140000104904175,0.984000027179718,620.0670166015625,1.740049958229065,1.213610053062439,0.7179999947547913,0.6980000138282776,0.33551400899887085,0.3261680006980896,1.0286500453948975,2.0,0.0,0.9742860198020935,1.0,18.153600692749023,0.10270000249147415,154.2445132,46.5107951,30.196,ZTF20aavptjf
2458971.8261921,3,1217326193115,19.350900650024414,/ztf/archive/sci/2020/0502/326042/ztf_20200502326042_000752_zi_c08_o_q4_scimrefdiffimg.fits.fz,Kulkarni,2,1217,31,752,25.632999420166016,5.221450010139961e-06,0.023072199895977974,0.18388999998569489,1.8637700122781098e-05,t17_f5_c3,1.217326193115015e+18,t,5.0,616.7739868164062,742.541015625,154.2443096,46.5107035,18.2189998626709,0.09791699796915054,3.113539934158325,18.312000274658203,0.15870000422000885,0.6073369979858398,18.336000442504883,0.05700000002980232,4.138999938964844,0.23999999463558197,0.4125789999961853,0.09299200028181076,2.390000104904175,0.996999979019165,616.7739868164062,1.0388699769973755,0.9997529983520508,0.6890000104904175,0.6259999871253967,0.2882849872112274,0.26192501187324524,1.100640058517456,2.0,0.0,0.9214289784431458,1.0,18.280500411987305,0.1972000002861023,154.2444828,46.5108222,18.265,ZTF20aavptjf
2458972.7013426,2,1218201343115,19.776500701904297,/ztf/archive/sci/2020/0503/201262/ztf_20200503201262_000752_zr_c08_o_q4_scimrefdiffimg.fits.fz,Kulkarni,3,1218,31,752,26.240699768066406,2.2171599994180724e-05,0.030163399875164032,0.12596100568771362,3.11699986923486e-05,t17_f5_c3,1.218201343115015e+18,1,2.0,616.7349853515625,783.3259887695312,154.2442377,46.5107085,18.044700622558594,0.06711000204086304,3.7713000774383545,18.092300415039062,0.0820000022649765,0.7003960013389587,18.302000045776367,0.06599999964237213,4.951000213623047,0.33500000834465027,0.5907660126686096,0.0475739985704422,2.319999933242798,0.984000027179718,616.7349853515625,1.684209942817688,1.1131399869918823,0.7979999780654907,0.7020000219345093,0.343966007232666,0.30258598923683167,1.1367499828338623,2.0,0.0,0.9585710167884827,0.9980909824371338,17.975099563598633,0.09380000084638596,154.2444981,46.5107874,30.2446,ZTF20aavptjf
2458972.7033333,2,1218203333115,19.994400024414062,/ztf/archive/sci/2020/0503/203322/ztf_20200503203322_000752_zr_c08_o_q4_scimrefdiffimg.fits.fz,Kulkarni,1,1218,31,752,26.26460075378418,2.363050043641124e-05,0.03134319931268692,0.1195869967341423,3.3191998227266595e-05,t17_f5_c3,1.218203333115015e+18,1,2.0,619.3170166015625,782.3330078125,154.2442244,46.5107248,18.1205997467041,0.06231199949979782,6.29718017578125,18.027999877929688,0.07289999723434448,0.7106450200080872,18.302000045776367,0.06599999964237213,4.951000213623047,0.33500000834465027,0.6057230234146118,-0.09258200228214264,1.7100000381469727,0.984000027179718,619.3170166015625,1.9663599729537964,1.3161300420761108,0.6610000133514404,0.6209999918937683,0.38655000925064087,0.3631579875946045,1.0644099712371826,3.0,0.0,0.9671429991722107,0.9991869926452637,17.993200302124023,0.08980000019073486,154.2444981,46.5107874,24.077,ZTF20aavptjf
2458972.7013426,2,1218201343115,19.776500701904297,/ztf/archive/sci/2020/0503/201262/ztf_20200503201262_000752_zr_c08_o_q4_scimrefdiffimg.fits.fz,Kulkarni,3,1218,31,752,26.240699768066406,2.2171599994180724e-05,0.030163399875164032,0.12596100568771362,3.11699986923486e-05,t17_f5_c3,1.218201343115015e+18,t,2.0,616.7349853515625,783.3259887695312,154.2442377,46.5107085,18.044700622558594,0.06711000204086304,3.7713000774383545,18.092300415039062,0.0820000022649765,0.7003960013389587,18.302000045776367,0.06599999964237213,4.951000213623047,0.33500000834465027,0.5907660126686096,0.0475739985704422,2.319999933242798,0.984000027179718,616.7349853515625,1.684209942817688,1.1131399869918823,0.7979999780654907,0.7020000219345093,0.343966007232666,0.30258598923683167,1.1367499828338623,2.0,0.0,0.9585710167884827,0.9980909824371338,17.975099563598633,0.09380000084638596,154.2444981,46.5107874,30.2446,ZTF20aavptjf
2458972.7033333,2,1218203333115,19.994400024414062,/ztf/archive/sci/2020/0503/203322/ztf_20200503203322_000752_zr_c08_o_q4_scimrefdiffimg.fits.fz,Kulkarni,1,1218,31,752,26.26460075378418,2.363050043641124e-05,0.03134319931268692,0.1195869967341423,3.3191998227266595e-05,t17_f5_c3,1.218203333115015e+18,t,2.0,619.3170166015625,782.3330078125,154.2442244,46.5107248,18.1205997467041,0.06231199949979782,6.29718017578125,18.027999877929688,0.07289999723434448,0.7106450200080872,18.302000045776367,0.06599999964237213,4.951000213623047,0.33500000834465027,0.6057230234146118,-0.09258200228214264,1.7100000381469727,0.984000027179718,619.3170166015625,1.9663599729537964,1.3161300420761108,0.6610000133514404,0.6209999918937683,0.38655000925064087,0.3631579875946045,1.0644099712371826,3.0,0.0,0.9671429991722107,0.9991869926452637,17.993200302124023,0.08980000019073486,154.2444981,46.5107874,24.077,ZTF20aavptjf
2458972.7257176,1,1218225713115,19.8164005279541,/ztf/archive/sci/2020/0503/225706/ztf_20200503225706_000752_zg_c08_o_q4_scimrefdiffimg.fits.fz,Kulkarni,3,1218,31,752,26.262699127197266,3.804029984166846e-05,0.038829099386930466,-0.07633010298013687,5.676320142811164e-05,t17_f5_c3,1.218225713115015e+18,t,0.0,610.5609741210938,781.9110107421875,154.2442432,46.5107098,18.114700317382812,0.06982800364494324,4.916600227355957,18.123600006103516,0.08380000293254852,0.730417013168335,18.34000015258789,0.05900000035762787,4.791999816894531,0.3070000112056732,-0.12761400640010834,0.008874000050127506,2.0899999141693115,0.9829999804496765,610.5609741210938,1.6928000450134277,1.1964000463485718,0.6809999942779541,0.6430000066757202,0.32583698630332947,0.3076559901237488,1.0591000318527222,3.0,0.0,0.9742860198020935,1.0,18.15019989013672,0.10939999669790268,154.2445132,46.5107951,30.2367,ZTF20aavptjf
2458973.6804167,2,1219180413115,19.57939910888672,/ztf/archive/sci/2020/0504/180417/ztf_20200504180417_000752_zr_c08_o_q4_scimrefdiffimg.fits.fz,Kulkarni,3,1219,31,752,26.241199493408203,2.404649967502337e-05,0.030897600576281548,0.12075100094079971,3.37232013407629e-05,t17_f5_c3,1.219180413115015e+18,t,2.0,612.4650268554688,807.343017578125,154.2442455,46.5106773,18.145200729370117,0.08304499834775925,2.7618799209594727,18.204999923706055,0.09690000116825104,0.7382649779319763,18.302000045776367,0.06599999964237213,4.951000213623047,0.33500000834465027,-0.3276360034942627,0.05979900062084198,2.740000009536743,0.9829999804496765,612.4650268554688,1.3743599653244019,1.0545599460601807,0.9020000100135803,0.8289999961853027,0.3291969895362854,0.30255499482154846,1.0880600214004517,1.0,0.0,0.9542859792709351,1.0,18.17300033569336,0.1200999990105629,154.2444981,46.5107874,22.8349,ZTF20aavptjf
2458974.6754514,1,1220175453115,19.856199264526367,/ztf/archive/sci/2020/0505/175451/ztf_20200505175451_000752_zg_c08_o_q4_scimrefdiffimg.fits.fz,Kulkarni,1,1220,31,752,26.23579978942871,2.7987000066787004e-05,0.03369849920272827,-0.05760740116238594,4.2639101593522355e-05,t17_f5_c3,1.220175453115015e+18,1,1.0,620.8150024414062,798.7429809570312,154.2442094,46.5106935,18.190799713134766,0.05913800001144409,3.289489984512329,18.08340072631836,0.08860000222921371,0.8334450125694275,18.34000015258789,0.05900000035762787,4.791999816894531,0.3070000112056732,0.04287999868392944,-0.10743699967861176,1.6799999475479126,0.9980000257492065,620.8150024414062,1.772760033607483,1.3006399869918823,0.6039999723434448,0.5979999899864197,0.3595240116119385,0.3559519946575165,1.0100300312042236,6.0,0.0,0.9728569984436035,0.9804959893226624,18.007999420166016,0.1054999977350235,154.2445132,46.5107951,30.3373,ZTF20aavptjf
2458974.6763889,1,1220176383115,19.815000534057617,/ztf/archive/sci/2020/0505/176389/ztf_20200505176389_000752_zg_c08_o_q4_scimrefdiffimg.fits.fz,Kulkarni,3,1220,31,752,26.239500045776367,4.295579856261611e-05,0.041551198810338974,-0.07144259661436081,6.56178017379716e-05,t17_f5_c3,1.220176383115015e+18,1,1.0,621.4149780273438,799.0499877929688,154.2442471,46.510717,18.184499740600586,0.07383900135755539,4.975200176239014,18.110200881958008,0.09229999780654907,0.7083849906921387,18.34000015258789,0.05900000035762787,4.791999816894531,0.3070000112056732,0.04294399917125702,-0.07428699731826782,1.559999942779541,0.9869999885559082,621.4149780273438,1.704800009727478,1.431839942932129,0.6159999966621399,0.5680000185966492,0.3948720097541809,0.3641029894351959,1.0845099687576294,5.0,0.0,0.9714289903640747,0.9705229997634888,17.987199783325195,0.10520000010728836,154.2445132,46.5107951,19.3812,ZTF20aavptjf
2458974.6754514,1,1220175453115,19.856199264526367,/ztf/archive/sci/2020/0505/175451/ztf_20200505175451_000752_zg_c08_o_q4_scimrefdiffimg.fits.fz,Kulkarni,1,1220,31,752,26.23579978942871,2.7987000066787004e-05,0.03369849920272827,-0.05760740116238594,4.2639101593522355e-05,t17_f5_c3,1.220175453115015e+18,t,1.0,620.8150024414062,798.7429809570312,154.2442094,46.5106935,18.190799713134766,0.05913800001144409,3.289489984512329,18.08340072631836,0.08860000222921371,0.8334450125694275,18.34000015258789,0.05900000035762787,4.791999816894531,0.3070000112056732,0.04287999868392944,-0.10743699967861176,1.6799999475479126,0.9980000257492065,620.8150024414062,1.772760033607483,1.3006399869918823,0.6039999723434448,0.5979999899864197,0.3595240116119385,0.3559519946575165,1.0100300312042236,6.0,0.0,0.9728569984436035,0.9804959893226624,18.007999420166016,0.1054999977350235,154.2445132,46.5107951,30.3373,ZTF20aavptjf
2458974.6763889,1,1220176383115,19.815000534057617,/ztf/archive/sci/2020/0505/176389/ztf_20200505176389_000752_zg_c08_o_q4_scimrefdiffimg.fits.fz,Kulkarni,3,1220,31,752,26.239500045776367,4.295579856261611e-05,0.041551198810338974,-0.07144259661436081,6.56178017379716e-05,t17_f5_c3,1.220176383115015e+18,t,1.0,621.4149780273438,799.0499877929688,154.2442471,46.510717,18.184499740600586,0.07383900135755539,4.975200176239014,18.110200881958008,0.09229999780654907,0.7083849906921387,18.34000015258789,0.05900000035762787,4.791999816894531,0.3070000112056732,0.04294399917125702,-0.07428699731826782,1.559999942779541,0.9869999885559082,621.4149780273438,1.704800009727478,1.431839942932129,0.6159999966621399,0.5680000185966492,0.3948720097541809,0.3641029894351959,1.0845099687576294,5.0,0.0,0.9714289903640747,0.9705229997634888,17.987199783325195,0.10520000010728836,154.2445132,46.5107951,19.3812,ZTF20aavptjf
2458974.7262731,2,1220226273115,19.98430061340332,/ztf/archive/sci/2020/0505/226273/ztf_20200505226273_000752_zr_c08_o_q4_scimrefdiffimg.fits.fz,Kulkarni,3,1220,31,752,26.223600387573242,1.995029924728442e-05,0.028487399220466614,0.1174049973487854,2.802090057230089e-05,t17_f5_c3,1.220226273115015e+18,t,2.0,625.4530029296875,787.1580200195312,154.2442486,46.5107229,18.101600646972656,0.061813998967409134,10.238200187683105,18.265499114990234,0.09889999777078629,0.6521250009536743,18.302000045776367,0.06599999964237213,4.951000213623047,0.33500000834465027,-0.3683060109615326,0.16385500133037567,1.4700000286102295,0.984000027179718,625.4530029296875,1.7187600135803223,1.4055999517440796,0.5590000152587891,0.5189999938011169,0.3802720010280609,0.3530609905719757,1.0770699977874756,5.0,0.0,0.942857027053833,0.9727709889411926,18.2273006439209,0.121799997985363,154.2444981,46.5107874,18.2825,ZTF20aavptjf
2458974.7272106,2,1220227213115,20.02079963684082,/ztf/archive/sci/2020/0505/227211/ztf_20200505227211_000752_zr_c08_o_q4_scimrefdiffimg.fits.fz,Kulkarni,1,1220,31,752,26.241600036621094,3.231750088161789e-05,0.036209799349308014,0.10370100289583206,4.522719973465428e-05,t17_f5_c3,1.220227213115015e+18,t,0.0,624.6309814453125,786.708984375,154.244217,46.5106998,18.140600204467773,0.06749700009822845,9.928019523620605,18.12980079650879,0.08529999852180481,0.7597140073776245,18.302000045776367,0.06599999964237213,4.951000213623047,0.33500000834465027,0.1304370015859604,-0.010805999860167503,1.7200000286102295,1.0,624.6309814453125,1.8909900188446045,1.1923799514770508,0.574999988079071,0.5550000071525574,0.33430200815200806,0.3226740062236786,1.03603994846344,4.0,0.0,0.949999988079071,0.989434003829956,18.12529945373535,0.10819999873638153,154.2444981,46.5107874,32.6354,ZTF20aavptjf
2458975.7269329,1,1221226933115,19.646400451660156,/ztf/archive/sci/2020/0506/226887/ztf_20200506226887_000752_zg_c08_o_q4_scimrefdiffimg.fits.fz,Kulkarni,3,1221,31,752,26.282100677490234,3.5606000892585143e-05,0.037670399993658066,-0.07938239723443985,5.49869000678882e-05,t17_f5_c3,1.221226933115015e+18,t,1.0,618.468017578125,774.5390014648438,154.2442422,46.5107003,18.302099227905273,0.09448699653148651,5.768060207366943,18.1643009185791,0.10329999774694443,0.7532129883766174,18.34000015258789,0.05900000035762787,4.791999816894531,0.3070000112056732,-0.1346070021390915,-0.13784100115299225,2.109999895095825,1.0,618.468017578125,1.4820599555969238,1.1547499895095825,0.6990000009536743,0.6740000247955322,0.331279993057251,0.31943100690841675,1.0370899438858032,3.0,0.0,0.9728569984436035,0.9917309880256653,18.055200576782227,0.11959999799728394,154.2445132,46.5107951,20.6115,ZTF20aavptjf
2458975.8232407,3,1221323243115,19.507400512695312,/ztf/archive/sci/2020/0506/323090/ztf_20200506323090_000752_zi_c08_o_q4_scimrefdiffimg.fits.fz,Kulkarni,2,1221,31,752,25.66029930114746,5.743790097767487e-06,0.02433600090444088,0.19417999684810638,2.0549699911498465e-05,t17_f5_c3,1.221323243115015e+18,t,2.0,619.7169799804688,737.7030029296875,154.2442137,46.5107041,18.275299072265625,0.09879700094461441,3.936379909515381,18.461000442504883,0.16609999537467957,0.7865380048751831,18.336000442504883,0.05700000002980232,4.138999938964844,0.23999999463558197,0.2993209958076477,0.18565599620342255,1.8799999952316284,0.9959999918937683,619.7169799804688,1.0464500188827515,1.2104699611663818,0.5389999747276306,0.5170000195503235,0.2867020070552826,0.2750000059604645,1.042549967765808,11.0,0.0,0.8242859840393066,0.8591060042381287,18.66699981689453,0.2563000023365021,154.2444828,46.5108222,21.2558,ZTF20aavptjf
2458977.6628819,1,1223162883115,19.283899307250977,/ztf/archive/sci/2020/0508/162870/ztf_20200508162870_000752_zg_c08_o_q4_scimrefdiffimg.fits.fz,Kulkarni,1,1223,31,752,25.786399841308594,5.0550999731058255e-05,0.04018320143222809,-0.06083279848098755,8.712529961485416e-05,t17_f5_c3,1.223162883115015e+18,1,1.0,606.8699951171875,804.948974609375,154.2442153,46.5107222,18.278400421142578,0.09567700326442719,1.2965099811553955,18.24810028076172,0.1695999950170517,0.773792028427124,18.34000015258789,0.05900000035762787,4.791999816894531,0.3070000112056732,1.621899962425232,-0.030345000326633453,1.7899999618530273,0.9819999933242798,606.8699951171875,1.035789966583252,1.243109941482544,0.6349999904632568,0.5740000009536743,0.35474899411201477,0.3206700086593628,1.1062699556350708,5.0,0.0,0.951429009437561,0.9704340100288391,18.312299728393555,0.2303999960422516,154.2445132,46.5107951,18.0469,ZTF20aavptjf
2458977.6619329,1,1223161933115,19.1830997467041,/ztf/archive/sci/2020/0508/161933/ztf_20200508161933_000752_zg_c08_o_q4_scimrefdiffimg.fits.fz,Kulkarni,3,1223,31,752,25.713600158691406,6.558850145665929e-05,0.04512789845466614,-0.06763730198144913,0.0001133010009652935,t17_f5_c3,1.223161933115015e+18,1,2.0,605.2899780273438,805.405029296875,154.2442203,46.5107139,18.464599609375,0.15698499977588654,2.1187400817871094,18.361499786376953,0.20730000734329224,0.7793390154838562,18.34000015258789,0.05900000035762787,4.791999816894531,0.3070000112056732,-1.399590015411377,-0.10311900079250336,1.7699999809265137,0.9819999933242798,605.2899780273438,0.8216279745101929,1.2491199970245361,0.6129999756813049,0.5490000247955322,0.3463279902935028,0.3101690113544464,1.1165800094604492,7.0,0.0,0.8771430253982544,0.805171012878418,18.36910057067871,0.26750001311302185,154.2445132,46.5107951,11.2683,ZTF20aavptjf
2458977.725463,2,1223225463115,19.04990005493164,/ztf/archive/sci/2020/0508/225463/ztf_20200508225463_000752_zr_c08_o_q4_scimrefdiffimg.fits.fz,Kulkarni,1,1223,31,752,25.90290069580078,4.3107200326630846e-05,0.04108180105686188,0.13002699613571167,6.061730164219625e-05,t17_f5_c3,1.223225463115015e+18,1,2.0,612.6619873046875,786.052978515625,154.2442529,46.5106859,18.045900344848633,0.08090600371360779,1.690500020980835,17.94230079650879,0.14990000426769257,0.7000929713249207,18.302000045776367,0.06599999964237213,4.951000213623047,0.33500000834465027,1.607699990272522,-0.10360199958086014,2.4000000953674316,0.9829999804496765,612.6619873046875,1.1075899600982666,0.9778069853782654,0.8799999952316284,0.7379999756813049,0.3666670024394989,0.3075000047683716,1.1924099922180176,1.0,0.0,0.9228569865226746,1.0,17.942100524902344,0.19210000336170197,154.2444981,46.5107874,17.9182,ZTF20aavptjf
2458977.6619329,1,1223161933115,19.1830997467041,/ztf/archive/sci/2020/0508/161933/ztf_20200508161933_000752_zg_c08_o_q4_scimrefdiffimg.fits.fz,Kulkarni,3,1223,31,752,25.713600158691406,6.558850145665929e-05,0.04512789845466614,-0.06763730198144913,0.0001133010009652935,t17_f5_c3,1.223161933115015e+18,t,2.0,605.2899780273438,805.405029296875,154.2442203,46.5107139,18.464599609375,0.15698499977588654,2.1187400817871094,18.361499786376953,0.20730000734329224,0.7793390154838562,18.34000015258789,0.05900000035762787,4.791999816894531,0.3070000112056732,-1.399590015411377,-0.10311900079250336,1.7699999809265137,0.9819999933242798,605.2899780273438,0.8216279745101929,1.2491199970245361,0.6129999756813049,0.5490000247955322,0.3463279902935028,0.3101690113544464,1.1165800094604492,7.0,0.0,0.8771430253982544,0.805171012878418,18.36910057067871,0.26750001311302185,154.2445132,46.5107951,11.2683,ZTF20aavptjf
2458977.6628819,1,1223162883115,19.283899307250977,/ztf/archive/sci/2020/0508/162870/ztf_20200508162870_000752_zg_c08_o_q4_scimrefdiffimg.fits.fz,Kulkarni,1,1223,31,752,25.786399841308594,5.0550999731058255e-05,0.04018320143222809,-0.06083279848098755,8.712529961485416e-05,t17_f5_c3,1.223162883115015e+18,t,1.0,606.8699951171875,804.948974609375,154.2442153,46.5107222,18.278400421142578,0.09567700326442719,1.2965099811553955,18.24810028076172,0.1695999950170517,0.773792028427124,18.34000015258789,0.05900000035762787,4.791999816894531,0.3070000112056732,1.621899962425232,-0.030345000326633453,1.7899999618530273,0.9819999933242798,606.8699951171875,1.035789966583252,1.243109941482544,0.6349999904632568,0.5740000009536743,0.35474899411201477,0.3206700086593628,1.1062699556350708,5.0,0.0,0.951429009437561,0.9704340100288391,18.312299728393555,0.2303999960422516,154.2445132,46.5107951,18.0469,ZTF20aavptjf
2458977.725463,2,1223225463115,19.04990005493164,/ztf/archive/sci/2020/0508/225463/ztf_20200508225463_000752_zr_c08_o_q4_scimrefdiffimg.fits.fz,Kulkarni,1,1223,31,752,25.90290069580078,4.3107200326630846e-05,0.04108180105686188,0.13002699613571167,6.061730164219625e-05,t17_f5_c3,1.223225463115015e+18,t,2.0,612.6619873046875,786.052978515625,154.2442529,46.5106859,18.045900344848633,0.08090600371360779,1.690500020980835,17.94230079650879,0.14990000426769257,0.7000929713249207,18.302000045776367,0.06599999964237213,4.951000213623047,0.33500000834465027,1.607699990272522,-0.10360199958086014,2.4000000953674316,0.9829999804496765,612.6619873046875,1.1075899600982666,0.9778069853782654,0.8799999952316284,0.7379999756813049,0.3666670024394989,0.3075000047683716,1.1924099922180176,1.0,0.0,0.9228569865226746,1.0,17.942100524902344,0.19210000336170197,154.2444981,46.5107874,17.9182,ZTF20aavptjf
2458977.726412,2,1223226413115,19.084199905395508,/ztf/archive/sci/2020/0508/226400/ztf_20200508226400_000752_zr_c08_o_q4_scimrefdiffimg.fits.fz,Kulkarni,3,1223,31,752,25.89389991760254,5.947659883531742e-05,0.04853919893503189,0.12161599844694138,8.347389666596428e-05,t17_f5_c3,1.223226413115015e+18,t,5.0,613.0759887695312,785.2249755859375,154.2442179,46.5107079,17.97089958190918,0.06580399721860886,1.2709599733352661,18.22960090637207,0.20659999549388885,0.746940016746521,18.302000045776367,0.06599999964237213,4.951000213623047,0.33500000834465027,-2.774709939956665,0.2587429881095886,1.5199999809265137,0.9829999804496765,613.0759887695312,0.8546010255813599,1.412619948387146,0.6060000061988831,0.5580000281333923,0.39868399500846863,0.36710500717163086,1.0860199928283691,5.0,0.0,0.9128569960594177,0.9750149846076965,18.21419906616211,0.2612000107765198,154.2444981,46.5107874,15.6863,ZTF20aavptjf
2458978.6761111,1,1224176113115,20.805599212646484,/ztf/archive/sci/2020/0509/176100/ztf_20200509176100_000752_zg_c08_o_q4_scimrefdiffimg.fits.fz,Kulkarni,3,1224,31,752,26.283199310302734,2.015750033024233e-05,0.028753599151968956,-0.09887269884347916,2.8717600798700005e-05,t17_f5_c3,1.224176113115015e+18,1,2.0,638.7119750976562,798.3629760742188,154.2442221,46.5106982,18.34320068359375,0.06546299904584885,12.268099784851074,18.372400283813477,0.04919999837875366,0.7978349924087524,18.34000015258789,0.05900000035762787,4.791999816894531,0.3070000112056732,0.030570000410079956,0.02916800044476986,1.9600000381469727,1.0,638.7119750976562,2.4332199096679688,1.2177400588989258,0.6299999952316284,0.6159999966621399,0.3214290142059326,0.3142859935760498,1.0227299928665161,4.0,0.0,0.9528570175170898,0.9540809988975525,18.390300750732422,0.06199999898672104,154.2445132,46.5107951,28.2094,ZTF20aavptjf
2458978.6761111,1,1224176113115,20.805599212646484,/ztf/archive/sci/2020/0509/176100/ztf_20200509176100_000752_zg_c08_o_q4_scimrefdiffimg.fits.fz,Kulkarni,3,1224,31,752,26.283199310302734,2.015750033024233e-05,0.028753599151968956,-0.09887269884347916,2.8717600798700005e-05,t17_f5_c3,1.224176113115015e+18,t,2.0,638.7119750976562,798.3629760742188,154.2442221,46.5106982,18.34320068359375,0.06546299904584885,12.268099784851074,18.372400283813477,0.04919999837875366,0.7978349924087524,18.34000015258789,0.05900000035762787,4.791999816894531,0.3070000112056732,0.030570000410079956,0.02916800044476986,1.9600000381469727,1.0,638.7119750976562,2.4332199096679688,1.2177400588989258,0.6299999952316284,0.6159999966621399,0.3214290142059326,0.3142859935760498,1.0227299928665161,4.0,0.0,0.9528570175170898,0.9540809988975525,18.390300750732422,0.06199999898672104,154.2445132,46.5107951,28.2094,ZTF20aavptjf
2458978.7449421,2,1224244943115,20.12470054626465,/ztf/archive/sci/2020/0509/244850/ztf_20200509244850_000752_zr_c08_o_q4_scimrefdiffimg.fits.fz,Kulkarni,3,1224,31,752,26.213499069213867,1.9966999388998374e-05,0.029046300798654556,0.11514999717473984,2.8247399313841015e-05,t17_f5_c3,1.224244943115015e+18,t,3.0,614.6300048828125,748.4530029296875,154.2442376,46.5107186,18.120500564575195,0.0839880034327507,16.002399444580078,18.111000061035156,0.0746999979019165,0.6903809905052185,18.302000045776367,0.06599999964237213,4.951000213623047,0.33500000834465027,0.24638499319553375,-0.009511999785900116,2.069999933242798,1.0,614.6300048828125,2.0136899948120117,1.0200899839401245,0.5989999771118164,0.5289999842643738,0.2893719971179962,0.25555598735809326,1.1323299407958984,6.0,0.0,0.9214289784431458,0.9318000078201294,18.22369956970215,0.10530000180006027,154.2444981,46.5107874,30.1631,ZTF20aavptjf
2458979.7343981,1,1225234393115,20.427000045776367,/ztf/archive/sci/2020/0510/234306/ztf_20200510234306_000752_zg_c08_o_q4_scimrefdiffimg.fits.fz,Kulkarni,3,1225,31,752,26.155000686645508,2.4795299395918846e-05,0.0317642018198967,-0.06967300176620483,3.514430136419833e-05,t17_f5_c3,1.225234393115015e+18,t,2.0,598.2520141601562,788.89599609375,154.2442491,46.5107032,18.423999786376953,0.07000499963760376,2.6898200511932373,18.47570037841797,0.07259999960660934,0.7279109954833984,18.34000015258789,0.05900000035762787,4.791999816894531,0.3070000112056732,0.10452699661254883,0.05171399936079979,1.7599999904632568,0.9829999804496765,598.2520141601562,1.9513499736785889,1.3531099557876587,0.6620000004768372,0.6010000109672546,0.37613600492477417,0.34147700667381287,1.1015000343322754,1.0,0.0,0.9742860198020935,1.0,18.497900009155273,0.0934000015258789,154.2445132,46.5107951,23.8613,ZTF20aavptjf
2458980.6830208,1,1226183023115,20.84480094909668,/ztf/archive/sci/2020/0511/183009/ztf_20200511183009_000752_zg_c08_o_q4_scimrefdiffimg.fits.fz,Kulkarni,1,1226,31,752,26.237499237060547,2.0614799723261967e-05,0.028949400410056114,-0.0949999988079071,2.8956099413335323e-05,t17_f5_c3,1.226183023115015e+18,1,8.0,622.8410034179688,799.3060302734375,154.2442288,46.5106943,18.417499542236328,0.07027000188827515,4.532299995422363,18.470300674438477,0.04899999871850014,0.7862330079078674,18.34000015258789,0.05900000035762787,4.791999816894531,0.3070000112056732,0.10792399942874908,0.05281800031661987,2.0299999713897705,0.984000027179718,622.8410034179688,2.3744900226593018,1.291290044784546,0.7149999737739563,0.6909999847412109,0.3522169888019562,0.340393990278244,1.0347299575805664,3.0,0.0,0.9700000286102295,0.994621992111206,18.491100311279297,0.061400000005960464,154.2445132,46.5107951,28.0894,ZTF20aavptjf
2458980.6764468,1,1226176443115,20.961200714111328,/ztf/archive/sci/2020/0511/176447/ztf_20200511176447_000752_zg_c08_o_q4_scimrefdiffimg.fits.fz,Kulkarni,3,1226,31,752,26.231000900268555,2.1322899556253105e-05,0.02973409928381443,-0.07923830300569534,3.018380084540695e-05,t17_f5_c3,1.226176443115015e+18,1,6.0,625.0889892578125,805.8820190429688,154.2442267,46.5106898,18.422000885009766,0.0488240011036396,1.9738199710845947,18.37820053100586,0.04430000111460686,0.7975929975509644,18.34000015258789,0.05900000035762787,4.791999816894531,0.3070000112056732,0.32846599817276,-0.04382200166583061,1.9199999570846558,0.9819999933242798,625.0889892578125,2.583009958267212,1.2676700353622437,0.6800000071525574,0.6690000295639038,0.35416701436042786,0.34843799471855164,1.0164400339126587,3.0,0.0,0.9614289999008179,0.9991049766540527,18.33650016784668,0.052299998700618744,154.2445132,46.5107951,29.9435,ZTF20aavptjf
2458980.7410648,2,1226241063115,20.83060073852539,/ztf/archive/sci/2020/0511/241065/ztf_20200511241065_000752_zr_c08_o_q4_scimrefdiffimg.fits.fz,Kulkarni,1,1226,31,752,26.230499267578125,1.3350199878914282e-05,0.023363599553704262,0.12249399721622467,1.88470003195107e-05,t17_f5_c3,1.226241063115015e+18,1,0.0,607.0399780273438,793.718994140625,154.2442393,46.5107022,18.154499053955078,0.04943700134754181,8.374309539794922,18.230899810791016,0.04529999941587448,0.7026969790458679,18.302000045776367,0.06599999964237213,4.951000213623047,0.33500000834465027,0.0006270000012591481,0.07640299946069717,1.8899999856948853,0.9829999804496765,607.0399780273438,2.5997300148010254,1.1922600269317627,0.6050000190734863,0.5860000252723694,0.32010599970817566,0.3100529909133911,1.032420039176941,1.0,0.0,0.9585710167884827,1.0,18.265300750732422,0.05770000070333481,154.2444981,46.5107874,36.2767,ZTF20aavptjf
2458980.6764468,1,1226176443115,20.961200714111328,/ztf/archive/sci/2020/0511/176447/ztf_20200511176447_000752_zg_c08_o_q4_scimrefdiffimg.fits.fz,Kulkarni,3,1226,31,752,26.231000900268555,2.1322899556253105e-05,0.02973409928381443,-0.07923830300569534,3.018380084540695e-05,t17_f5_c3,1.226176443115015e+18,t,6.0,625.0889892578125,805.8820190429688,154.2442267,46.5106898,18.422000885009766,0.0488240011036396,1.9738199710845947,18.37820053100586,0.04430000111460686,0.7975929975509644,18.34000015258789,0.05900000035762787,4.791999816894531,0.3070000112056732,0.32846599817276,-0.04382200166583061,1.9199999570846558,0.9819999933242798,625.0889892578125,2.583009958267212,1.2676700353622437,0.6800000071525574,0.6690000295639038,0.35416701436042786,0.34843799471855164,1.0164400339126587,3.0,0.0,0.9614289999008179,0.9991049766540527,18.33650016784668,0.052299998700618744,154.2445132,46.5107951,29.9435,ZTF20aavptjf
2458980.6830208,1,1226183023115,20.84480094909668,/ztf/archive/sci/2020/0511/183009/ztf_20200511183009_000752_zg_c08_o_q4_scimrefdiffimg.fits.fz,Kulkarni,1,1226,31,752,26.237499237060547,2.0614799723261967e-05,0.028949400410056114,-0.0949999988079071,2.8956099413335323e-05,t17_f5_c3,1.226183023115015e+18,t,8.0,622.8410034179688,799.3060302734375,154.2442288,46.5106943,18.417499542236328,0.07027000188827515,4.532299995422363,18.470300674438477,0.04899999871850014,0.7862330079078674,18.34000015258789,0.05900000035762787,4.791999816894531,0.3070000112056732,0.10792399942874908,0.05281800031661987,2.0299999713897705,0.984000027179718,622.8410034179688,2.3744900226593018,1.291290044784546,0.7149999737739563,0.6909999847412109,0.3522169888019562,0.340393990278244,1.0347299575805664,3.0,0.0,0.9700000286102295,0.994621992111206,18.491100311279297,0.061400000005960464,154.2445132,46.5107951,28.0894,ZTF20aavptjf
2458980.7410648,2,1226241063115,20.83060073852539,/ztf/archive/sci/2020/0511/241065/ztf_20200511241065_000752_zr_c08_o_q4_scimrefdiffimg.fits.fz,Kulkarni,1,1226,31,752,26.230499267578125,1.3350199878914282e-05,0.023363599553704262,0.12249399721622467,1.88470003195107e-05,t17_f5_c3,1.226241063115015e+18,t,0.0,607.0399780273438,793.718994140625,154.2442393,46.5107022,18.154499053955078,0.04943700134754181,8.374309539794922,18.230899810791016,0.04529999941587448,0.7026969790458679,18.302000045776367,0.06599999964237213,4.951000213623047,0.33500000834465027,0.0006270000012591481,0.07640299946069717,1.8899999856948853,0.9829999804496765,607.0399780273438,2.5997300148010254,1.1922600269317627,0.6050000190734863,0.5860000252723694,0.32010599970817566,0.3100529909133911,1.032420039176941,1.0,0.0,0.9585710167884827,1.0,18.265300750732422,0.05770000070333481,154.2444981,46.5107874,36.2767,ZTF20aavptjf
2458980.7420023,2,1226242003115,20.846900939941406,/ztf/archive/sci/2020/0511/242002/ztf_20200511242002_000752_zr_c08_o_q4_scimrefdiffimg.fits.fz,Kulkarni,3,1226,31,752,26.227699279785156,1.7065800420823507e-05,0.026516500860452652,0.11714400351047516,2.419439988443628e-05,t17_f5_c3,1.226242003115015e+18,t,4.0,607.4099731445312,793.1950073242188,154.2442433,46.5107182,18.16670036315918,0.06962200254201889,16.193199157714844,18.255599975585938,0.04600000008940697,0.6693419814109802,18.302000045776367,0.06599999964237213,4.951000213623047,0.33500000834465027,0.3829540014266968,0.08891600370407104,1.7799999713897705,0.9829999804496765,607.4099731445312,2.5912699699401855,1.2580499649047852,0.5899999737739563,0.5600000023841858,0.33146101236343384,0.31460699439048767,1.053570032119751,4.0,0.0,0.9542859792709351,0.9911940097808838,18.191299438476562,0.053700000047683716,154.2444981,46.5107874,23.413,ZTF20aavptjf
2458980.8432755,3,1226343273115,19.27120018005371,/ztf/archive/sci/2020/0511/343160/ztf_20200511343160_000752_zi_c08_o_q4_scimrefdiffimg.fits.fz,Kulkarni,2,1226,31,752,25.627700805664062,7.270919923030306e-06,0.026776600629091263,0.1980459988117218,2.6535299184615724e-05,t17_f5_c3,1.226343273115015e+18,t,2.0,599.4400024414062,745.9130249023438,154.2442236,46.5106976,18.308700561523438,0.11291699856519699,2.1008999347686768,18.490699768066406,0.1695999950170517,0.7731239795684814,18.336000442504883,0.05700000002980232,4.138999938964844,0.23999999463558197,0.4098939895629883,0.18197199702262878,2.5299999713897705,0.9819999933242798,599.4400024414062,0.7804890275001526,1.123810052871704,0.7900000214576721,0.734000027179718,0.3122529983520508,0.2901189923286438,1.0762900114059448,4.0,0.0,0.9171429872512817,0.950439989566803,18.51180076599121,0.22100000083446503,154.2444828,46.5108222,16.2428,ZTF20aavptjf
2458981.6763426,1,1227176343115,20.877399444580078,/ztf/archive/sci/2020/0512/176331/ztf_20200512176331_000752_zg_c08_o_q4_scimrefdiffimg.fits.fz,Kulkarni,3,1227,31,752,26.273700714111328,2.7923000743612647e-05,0.034109100699424744,-0.09357929974794388,3.9566300984006375e-05,t17_f5_c3,1.227176343115015e+18,1,3.0,623.447021484375,810.4910278320312,154.2442413,46.5107107,18.540700912475586,0.08427199721336365,12.018400192260742,18.55299949645996,0.05350000038743019,0.7358030080795288,18.34000015258789,0.05900000035762787,4.791999816894531,0.3070000112056732,0.10501399636268616,0.01231900043785572,2.119999885559082,1.0,623.447021484375,2.3244400024414062,1.1650899648666382,0.6899999976158142,0.6600000262260437,0.32547199726104736,0.3113209903240204,1.04544997215271,6.0,0.0,0.9614289999008179,0.9848250150680542,18.574800491333008,0.0674000009894371,154.2445132,46.5107951,23.1703,ZTF20aavptjf
2458981.6763426,1,1227176343115,20.877399444580078,/ztf/archive/sci/2020/0512/176331/ztf_20200512176331_000752_zg_c08_o_q4_scimrefdiffimg.fits.fz,Kulkarni,3,1227,31,752,26.273700714111328,2.7923000743612647e-05,0.034109100699424744,-0.09357929974794388,3.9566300984006375e-05,t17_f5_c3,1.227176343115015e+18,t,3.0,623.447021484375,810.4910278320312,154.2442413,46.5107107,18.540700912475586,0.08427199721336365,12.018400192260742,18.55299949645996,0.05350000038743019,0.7358030080795288,18.34000015258789,0.05900000035762787,4.791999816894531,0.3070000112056732,0.10501399636268616,0.01231900043785572,2.119999885559082,1.0,623.447021484375,2.3244400024414062,1.1650899648666382,0.6899999976158142,0.6600000262260437,0.32547199726104736,0.3113209903240204,1.04544997215271,6.0,0.0,0.9614289999008179,0.9848250150680542,18.574800491333008,0.0674000009894371,154.2445132,46.5107951,23.1703,ZTF20aavptjf
2458981.7359838,2,1227235983115,20.381500244140625,/ztf/archive/sci/2020/0512/235984/ztf_20200512235984_000752_zr_c08_o_q4_scimrefdiffimg.fits.fz,Kulkarni,3,1227,31,752,26.2268009185791,1.3780600056634285e-05,0.023734200745821,0.12515699863433838,1.927499943121802e-05,t17_f5_c3,1.227235983115015e+18,t,0.0,612.3469848632812,816.2340087890625,154.2442469,46.5107221,18.111799240112305,0.06167399883270264,4.767809867858887,18.1200008392334,0.04989999905228615,0.654604971408844,18.302000045776367,0.06599999964237213,4.951000213623047,0.33500000834465027,0.3390350043773651,0.00824899971485138,2.259999990463257,0.9829999804496765,612.3469848632812,2.261509895324707,1.1810100078582764,0.7829999923706055,0.7689999938011169,0.3464600145816803,0.3402650058269501,1.0182100534439087,0.0,0.0,0.9557139873504639,1.0,18.153900146484375,0.06440000236034393,154.2444981,46.5107874,26.8707,ZTF20aavptjf
2458985.6628472,1,1231162845915,20.59280014038086,/ztf/archive/sci/2020/0516/162836/ztf_20200516162836_001751_zg_c15_o_q4_scimrefdiffimg.fits.fz,Kulkarni,2,1231,59,1751,26.312400817871094,2.370149923081044e-05,0.03035309910774231,-0.05969110131263733,3.164260124322027e-05,t17_f5_c3,1.231162845915015e+18,1,12.0,1920.010009765625,1781.77001953125,154.2442186,46.5107049,18.593399047851562,0.07370799779891968,3.0510499477386475,18.652999877929688,0.0763000026345253,0.7890580296516418,18.336999893188477,0.07000000029802322,5.24399995803833,0.4819999933242798,0.01270699966698885,0.0596419982612133,1.940000057220459,0.9829999804496765,1152.489990234375,1.939769983291626,1.1801700592041016,0.6349999904632568,0.5789999961853027,0.32732000946998596,0.2984539866447449,1.0967199802398682,4.0,0.0,0.9614289999008179,0.9973459839820862,18.63360023498535,0.09430000185966492,154.2444658,46.5108475,33.4386,ZTF20aavptjf
2458985.6633102,1,1231163315915,20.63170051574707,/ztf/archive/sci/2020/0516/163310/ztf_20200516163310_001751_zg_c15_o_q4_scimrefdiffimg.fits.fz,Kulkarni,3,1231,59,1751,26.324199676513672,2.117670010193251e-05,0.028582600876688957,-0.052614301443099976,2.845739982149098e-05,t17_f5_c3,1.231163315915015e+18,1,12.0,1919.949951171875,1781.1800537109375,154.2442439,46.5107066,18.647199630737305,0.07797200232744217,2.454629898071289,18.70560073852539,0.07800000160932541,0.7387530207633972,18.336999893188477,0.07000000029802322,5.24399995803833,0.4819999933242798,0.10454100370407104,0.058389000594615936,1.7799999713897705,0.9829999804496765,1152.550048828125,1.9260900020599365,1.2753599882125854,0.6460000276565552,0.593999981880188,0.36292099952697754,0.3337079882621765,1.0875400304794312,8.0,0.0,0.947143018245697,0.9980300068855286,18.67729949951172,0.0957999974489212,154.2444658,46.5108475,24.7069,ZTF20aavptjf
2458985.6751389,1,1231175133115,20.81049919128418,/ztf/archive/sci/2020/0516/175139/ztf_20200516175139_000752_zg_c08_o_q4_scimrefdiffimg.fits.fz,Kulkarni,1,1231,31,752,26.23870086669922,1.832650013966486e-05,0.027763599529862404,-0.09779209643602371,2.589840005384758e-05,t17_f5_c3,1.231175133115015e+18,1,6.0,616.25,826.2479858398438,154.2442525,46.5107065,18.603700637817383,0.0800200030207634,6.290689945220947,18.631500244140625,0.06289999932050705,0.7108049988746643,18.34000015258789,0.05900000035762787,4.791999816894531,0.3070000112056732,0.019819999113678932,0.027793999761343002,1.6399999856948853,0.9959999918937683,616.25,2.1789801120758057,1.427649974822998,0.574999988079071,0.5699999928474426,0.35060998797416687,0.3475610017776489,1.0087699890136719,4.0,0.0,0.9557139873504639,0.9502779841423035,18.67799949645996,0.08160000294446945,154.2445132,46.5107951,15.0928,ZTF20aavptjf
2458985.6628472,1,1231162845915,20.59280014038086,/ztf/archive/sci/2020/0516/162836/ztf_20200516162836_001751_zg_c15_o_q4_scimrefdiffimg.fits.fz,Kulkarni,2,1231,59,1751,26.312400817871094,2.370149923081044e-05,0.03035309910774231,-0.05969110131263733,3.164260124322027e-05,t17_f5_c3,1.231162845915015e+18,t,12.0,1920.010009765625,1781.77001953125,154.2442186,46.5107049,18.593399047851562,0.07370799779891968,3.0510499477386475,18.652999877929688,0.0763000026345253,0.7890580296516418,18.336999893188477,0.07000000029802322,5.24399995803833,0.4819999933242798,0.01270699966698885,0.0596419982612133,1.940000057220459,0.9829999804496765,1152.489990234375,1.939769983291626,1.1801700592041016,0.6349999904632568,0.5789999961853027,0.32732000946998596,0.2984539866447449,1.0967199802398682,4.0,0.0,0.9614289999008179,0.9973459839820862,18.63360023498535,0.09430000185966492,154.2444658,46.5108475,33.4386,ZTF20aavptjf
2458985.6633102,1,1231163315915,20.63170051574707,/ztf/archive/sci/2020/0516/163310/ztf_20200516163310_001751_zg_c15_o_q4_scimrefdiffimg.fits.fz,Kulkarni,3,1231,59,1751,26.324199676513672,2.117670010193251e-05,0.028582600876688957,-0.052614301443099976,2.845739982149098e-05,t17_f5_c3,1.231163315915015e+18,t,12.0,1919.949951171875,1781.1800537109375,154.2442439,46.5107066,18.647199630737305,0.07797200232744217,2.454629898071289,18.70560073852539,0.07800000160932541,0.7387530207633972,18.336999893188477,0.07000000029802322,5.24399995803833,0.4819999933242798,0.10454100370407104,0.058389000594615936,1.7799999713897705,0.9829999804496765,1152.550048828125,1.9260900020599365,1.2753599882125854,0.6460000276565552,0.593999981880188,0.36292099952697754,0.3337079882621765,1.0875400304794312,8.0,0.0,0.947143018245697,0.9980300068855286,18.67729949951172,0.0957999974489212,154.2444658,46.5108475,24.7069,ZTF20aavptjf
2458985.6751389,1,1231175133115,20.81049919128418,/ztf/archive/sci/2020/0516/175139/ztf_20200516175139_000752_zg_c08_o_q4_scimrefdiffimg.fits.fz,Kulkarni,1,1231,31,752,26.23870086669922,1.832650013966486e-05,0.027763599529862404,-0.09779209643602371,2.589840005384758e-05,t17_f5_c3,1.231175133115015e+18,t,6.0,616.25,826.2479858398438,154.2442525,46.5107065,18.603700637817383,0.0800200030207634,6.290689945220947,18.631500244140625,0.06289999932050705,0.7108049988746643,18.34000015258789,0.05900000035762787,4.791999816894531,0.3070000112056732,0.019819999113678932,0.027793999761343002,1.6399999856948853,0.9959999918937683,616.25,2.1789801120758057,1.427649974822998,0.574999988079071,0.5699999928474426,0.35060998797416687,0.3475610017776489,1.0087699890136719,4.0,0.0,0.9557139873504639,0.9502779841423035,18.67799949645996,0.08160000294446945,154.2445132,46.5107951,15.0928,ZTF20aavptjf
2458985.6812384,1,1231181233115,20.816999435424805,/ztf/archive/sci/2020/0516/181238/ztf_20200516181238_000752_zg_c08_o_q4_scimrefdiffimg.fits.fz,Kulkarni,3,1231,31,752,26.223600387573242,1.9680099285324104e-05,0.02872850000858307,-0.0758616030216217,2.7800000680144876e-05,t17_f5_c3,1.231181233115015e+18,t,1.0,606.197998046875,827.1079711914062,154.2442073,46.5106981,18.623600006103516,0.06810799986124039,3.315459966659546,18.568199157714844,0.05920000001788139,0.8223109841346741,18.34000015258789,0.05900000035762787,4.791999816894531,0.3070000112056732,-0.010936000384390354,-0.05544999986886978,1.8799999952316284,0.9829999804496765,606.197998046875,2.248840093612671,1.2453999519348145,0.609000027179718,0.6069999933242798,0.32393598556518555,0.32287201285362244,1.003290057182312,6.0,0.0,0.9585710167884827,0.9493240118026733,18.537500381469727,0.07150000333786011,154.2445132,46.5107951,19.851,ZTF20aavptjf
2458986.683125,1,1232183123115,20.809600830078125,/ztf/archive/sci/2020/0517/183113/ztf_20200517183113_000752_zg_c08_o_q4_scimrefdiffimg.fits.fz,Kulkarni,3,1232,31,752,26.246299743652344,1.942249946296215e-05,0.02856690064072609,-0.07173679769039154,2.7585700081544928e-05,t17_f5_c3,1.232183123115015e+18,1,6.0,610.02001953125,778.7550048828125,154.24421,46.5106913,18.66629981994629,0.07525800168514252,3.1323800086975098,18.754100799560547,0.07010000199079514,0.8324660062789917,18.34000015258789,0.05900000035762787,4.791999816894531,0.3070000112056732,-0.11683399975299835,0.08783300220966339,1.7999999523162842,0.9829999804496765,610.02001953125,2.055540084838867,1.2992500066757202,0.6100000143051147,0.578000009059906,0.3388890027999878,0.3211109936237335,1.055359959602356,3.0,0.0,0.9671429991722107,0.9928699731826782,18.747699737548828,0.0869000032544136,154.2445132,46.5107951,31.7418,ZTF20aavptjf
2458986.683125,1,1232183123115,20.809600830078125,/ztf/archive/sci/2020/0517/183113/ztf_20200517183113_000752_zg_c08_o_q4_scimrefdiffimg.fits.fz,Kulkarni,3,1232,31,752,26.246299743652344,1.942249946296215e-05,0.02856690064072609,-0.07173679769039154,2.7585700081544928e-05,t17_f5_c3,1.232183123115015e+18,t,6.0,610.02001953125,778.7550048828125,154.24421,46.5106913,18.66629981994629,0.07525800168514252,3.1323800086975098,18.754100799560547,0.07010000199079514,0.8324660062789917,18.34000015258789,0.05900000035762787,4.791999816894531,0.3070000112056732,-0.11683399975299835,0.08783300220966339,1.7999999523162842,0.9829999804496765,610.02001953125,2.055540084838867,1.2992500066757202,0.6100000143051147,0.578000009059906,0.3388890027999878,0.3211109936237335,1.055359959602356,3.0,0.0,0.9671429991722107,0.9928699731826782,18.747699737548828,0.0869000032544136,154.2445132,46.5107951,31.7418,ZTF20aavptjf
2458986.7364468,2,1232236443115,20.587400436401367,/ztf/archive/sci/2020/0517/236447/ztf_20200517236447_000752_zr_c08_o_q4_scimrefdiffimg.fits.fz,Kulkarni,3,1232,31,752,26.216100692749023,1.6609099475317635e-05,0.026265200227499008,0.11779999732971191,2.3259699446498416e-05,t17_f5_c3,1.232236443115015e+18,t,2.0,617.3820190429688,822.7239990234375,154.2442595,46.5106875,18.206100463867188,0.05132799968123436,15.495100021362305,18.225500106811523,0.0560000017285347,0.6835039854049683,18.302000045776367,0.06599999964237213,4.951000213623047,0.33500000834465027,0.11161299794912338,0.01936200074851513,1.7400000095367432,0.9980000257492065,617.3820190429688,2.3619298934936523,1.235700011253357,0.5680000185966492,0.5569999814033508,0.32643699645996094,0.32011500000953674,1.0197499990463257,1.0,0.0,0.9585710167884827,1.0,18.28019905090332,0.07370000332593918,154.2444981,46.5107874,30.6846,ZTF20aavptjf
2458987.6757176,2,1233175713115,20.72599983215332,/ztf/archive/sci/2020/0518/175718/ztf_20200518175718_000752_zr_c08_o_q4_scimrefdiffimg.fits.fz,Kulkarni,3,1233,31,752,26.272499084472656,1.6144500477821566e-05,0.026079999282956123,0.12322299927473068,2.2625499696005136e-05,t17_f5_c3,1.233175713115015e+18,1,2.0,618.7940063476562,834.7509765625,154.2442156,46.5107001,18.16950035095215,0.052285000681877136,8.473389625549316,18.208099365234375,0.04699999839067459,0.7568690180778503,18.302000045776367,0.06599999964237213,4.951000213623047,0.33500000834465027,0.16166800260543823,0.038589999079704285,1.809999942779541,0.984000027179718,618.7940063476562,2.517940044403076,1.2679699659347534,0.6169999837875366,0.5849999785423279,0.3408840000629425,0.32320401072502136,1.0547000169754028,3.0,0.0,0.9614289999008179,0.987401008605957,18.13629913330078,0.05480000004172325,154.2444981,46.5107874,44.8828,ZTF20aavptjf
2458987.6757176,2,1233175713115,20.72599983215332,/ztf/archive/sci/2020/0518/175718/ztf_20200518175718_000752_zr_c08_o_q4_scimrefdiffimg.fits.fz,Kulkarni,3,1233,31,752,26.272499084472656,1.6144500477821566e-05,0.026079999282956123,0.12322299927473068,2.2625499696005136e-05,t17_f5_c3,1.233175713115015e+18,t,2.0,618.7940063476562,834.7509765625,154.2442156,46.5107001,18.16950035095215,0.052285000681877136,8.473389625549316,18.208099365234375,0.04699999839067459,0.7568690180778503,18.302000045776367,0.06599999964237213,4.951000213623047,0.33500000834465027,0.16166800260543823,0.038589999079704285,1.809999942779541,0.984000027179718,618.7940063476562,2.517940044403076,1.2679699659347534,0.6169999837875366,0.5849999785423279,0.3408840000629425,0.32320401072502136,1.0547000169754028,3.0,0.0,0.9614289999008179,0.987401008605957,18.13629913330078,0.05480000004172325,154.2444981,46.5107874,44.8828,ZTF20aavptjf
2458987.7164815,1,1233216483115,20.70170021057129,/ztf/archive/sci/2020/0518/216470/ztf_20200518216470_000752_zg_c08_o_q4_scimrefdiffimg.fits.fz,Kulkarni,3,1233,31,752,26.266599655151367,2.2735899619874544e-05,0.03087479993700981,-0.09873980283737183,3.2034200557973236e-05,t17_f5_c3,1.233216483115015e+18,t,3.0,620.8170166015625,820.6389770507812,154.244246,46.5106838,18.733600616455078,0.06939499825239182,3.789900064468384,18.783100128173828,0.07039999961853027,0.7667700052261353,18.34000015258789,0.05900000035762787,4.791999816894531,0.3070000112056732,-0.1041179969906807,0.04954100027680397,2.2699999809265137,0.9829999804496765,620.8170166015625,1.9185899496078491,1.1663899421691895,0.75,0.718999981880188,0.33039599657058716,0.3167400062084198,1.04312002658844,1.0,0.0,0.9742860198020935,1.0,18.769800186157227,0.08669999986886978,154.2445132,46.5107951,29.7647,ZTF20aavptjf
2458991.6781713,1,1237178173115,20.750499725341797,/ztf/archive/sci/2020/0522/178160/ztf_20200522178160_000752_zg_c08_o_q4_scimrefdiffimg.fits.fz,Kulkarni,3,1237,31,752,26.24530029296875,2.1297799321473576e-05,0.02941730059683323,-0.09472259879112244,3.0158200388541445e-05,t17_f5_c3,1.237178173115015e+18,1,2.0,613.3920288085938,798.6939697265625,154.2442438,46.5106923,18.83530044555664,0.08251900225877762,5.844620227813721,18.809999465942383,0.07599999755620956,0.7537599802017212,18.34000015258789,0.05900000035762787,4.791999816894531,0.3070000112056732,0.19803699851036072,-0.02530599944293499,1.8799999952316284,0.9900000095367432,613.3920288085938,1.9405299425125122,1.2639100551605225,0.6230000257492065,0.6000000238418579,0.33138298988342285,0.319148987531662,1.0383299589157104,1.0,0.0,0.9685710072517395,1.0,18.78730010986328,0.09300000220537186,154.2445132,46.5107951,20.5454,ZTF20aavptjf
2458991.6781713,1,1237178173115,20.750499725341797,/ztf/archive/sci/2020/0522/178160/ztf_20200522178160_000752_zg_c08_o_q4_scimrefdiffimg.fits.fz,Kulkarni,3,1237,31,752,26.24530029296875,2.1297799321473576e-05,0.02941730059683323,-0.09472259879112244,3.0158200388541445e-05,t17_f5_c3,1.237178173115015e+18,t,2.0,613.3920288085938,798.6939697265625,154.2442438,46.5106923,18.83530044555664,0.08251900225877762,5.844620227813721,18.809999465942383,0.07599999755620956,0.7537599802017212,18.34000015258789,0.05900000035762787,4.791999816894531,0.3070000112056732,0.19803699851036072,-0.02530599944293499,1.8799999952316284,0.9900000095367432,613.3920288085938,1.9405299425125122,1.2639100551605225,0.6230000257492065,0.6000000238418579,0.33138298988342285,0.319148987531662,1.0383299589157104,1.0,0.0,0.9685710072517395,1.0,18.78730010986328,0.09300000220537186,154.2445132,46.5107951,20.5454,ZTF20aavptjf
2458991.7062384,2,1237206233115,20.641000747680664,/ztf/archive/sci/2020/0522/206238/ztf_20200522206238_000752_zr_c08_o_q4_scimrefdiffimg.fits.fz,Kulkarni,3,1237,31,752,26.22719955444336,1.714529935270548e-05,0.026649000123143196,0.1150280013680458,2.4123599359882064e-05,t17_f5_c3,1.237206233115015e+18,t,2.0,620.3560180664062,787.1950073242188,154.2442387,46.5107303,18.233200073242188,0.05905099958181381,10.905200004577637,18.19580078125,0.05139999836683273,0.6729350090026855,18.302000045776367,0.06599999964237213,4.951000213623047,0.33500000834465027,0.2642419934272766,-0.03742700070142746,1.7999999523162842,0.984000027179718,620.3560180664062,2.4452099800109863,1.2203400135040283,0.5910000205039978,0.5830000042915344,0.3283329904079437,0.32388898730278015,1.0137200355529785,3.0,0.0,0.9599999785423279,0.9677649736404419,18.125999450683594,0.06030000001192093,154.2444981,46.5107874,20.213,ZTF20aavptjf
2458992.6791435,1,1238179143115,20.776599884033203,/ztf/archive/sci/2020/0523/179132/ztf_20200523179132_000752_zg_c08_o_q4_scimrefdiffimg.fits.fz,Kulkarni,1,1238,31,752,26.234699249267578,1.7705000573187135e-05,0.027035700157284737,-0.09568709880113602,2.4868100808816962e-05,t17_f5_c3,1.238179143115015e+18,1,8.0,612.6929931640625,822.7139892578125,154.2442221,46.5106873,18.922700881958008,0.07672200351953506,3.385740041732788,18.930700302124023,0.08100000023841858,0.8124480247497559,18.34000015258789,0.05900000035762787,4.791999816894531,0.3070000112056732,0.07124000042676926,0.008008000440895557,2.0799999237060547,0.9869999885559082,612.6929931640625,1.8458600044250488,1.1776200532913208,0.671999990940094,0.6359999775886536,0.323076993227005,0.3057689964771271,1.0565999746322632,3.0,0.0,0.9757140278816223,0.999858021736145,18.978200912475586,0.10559999942779541,154.2445132,46.5107951,25.7421,ZTF20aavptjf
2458992.6805556,1,1238180553115,20.793899536132812,/ztf/archive/sci/2020/0523/180544/ztf_20200523180544_000752_zg_c08_o_q4_scimrefdiffimg.fits.fz,Kulkarni,3,1238,31,752,26.2362003326416,1.7195299733430147e-05,0.02695930004119873,-0.08711080253124237,2.4447999749099836e-05,t17_f5_c3,1.238180553115015e+18,1,2.0,611.6420288085938,821.5430297851562,154.2442235,46.510691,18.87420082092285,0.09284999966621399,6.686089992523193,18.906999588012695,0.07859999686479568,0.8047209978103638,18.34000015258789,0.05900000035762787,4.791999816894531,0.3070000112056732,0.16645100712776184,0.03279700130224228,2.140000104904175,1.0,611.6420288085938,1.886929988861084,1.1397700309753418,0.6859999895095825,0.6309999823570251,0.3205609917640686,0.29486000537872314,1.0871599912643433,2.0,0.0,0.9685710072517395,0.9985899925231934,18.939199447631836,0.10090000182390213,154.2445132,46.5107951,23.7489,ZTF20aavptjf
2458992.6791435,1,1238179143115,20.776599884033203,/ztf/archive/sci/2020/0523/179132/ztf_20200523179132_000752_zg_c08_o_q4_scimrefdiffimg.fits.fz,Kulkarni,1,1238,31,752,26.234699249267578,1.7705000573187135e-05,0.027035700157284737,-0.09568709880113602,2.4868100808816962e-05,t17_f5_c3,1.238179143115015e+18,t,8.0,612.6929931640625,822.7139892578125,154.2442221,46.5106873,18.922700881958008,0.07672200351953506,3.385740041732788,18.930700302124023,0.08100000023841858,0.8124480247497559,18.34000015258789,0.05900000035762787,4.791999816894531,0.3070000112056732,0.07124000042676926,0.008008000440895557,2.0799999237060547,0.9869999885559082,612.6929931640625,1.8458600044250488,1.1776200532913208,0.671999990940094,0.6359999775886536,0.323076993227005,0.3057689964771271,1.0565999746322632,3.0,0.0,0.9757140278816223,0.999858021736145,18.978200912475586,0.10559999942779541,154.2445132,46.5107951,25.7421,ZTF20aavptjf
2458992.6805556,1,1238180553115,20.793899536132812,/ztf/archive/sci/2020/0523/180544/ztf_20200523180544_000752_zg_c08_o_q4_scimrefdiffimg.fits.fz,Kulkarni,3,1238,31,752,26.2362003326416,1.7195299733430147e-05,0.02695930004119873,-0.08711080253124237,2.4447999749099836e-05,t17_f5_c3,1.238180553115015e+18,t,2.0,611.6420288085938,821.5430297851562,154.2442235,46.510691,18.87420082092285,0.09284999966621399,6.686089992523193,18.906999588012695,0.07859999686479568,0.8047209978103638,18.34000015258789,0.05900000035762787,4.791999816894531,0.3070000112056732,0.16645100712776184,0.03279700130224228,2.140000104904175,1.0,611.6420288085938,1.886929988861084,1.1397700309753418,0.6859999895095825,0.6309999823570251,0.3205609917640686,0.29486000537872314,1.0871599912643433,2.0,0.0,0.9685710072517395,0.9985899925231934,18.939199447631836,0.10090000182390213,154.2445132,46.5107951,23.7489,ZTF20aavptjf
2458992.728669,2,1238228663115,20.59950065612793,/ztf/archive/sci/2020/0523/228657/ztf_20200523228657_000752_zr_c08_o_q4_scimrefdiffimg.fits.fz,Kulkarni,3,1238,31,752,26.198999404907227,1.6093399608507752e-05,0.025916699320077896,0.12396100163459778,2.2631500542047434e-05,t17_f5_c3,1.238228663115015e+18,t,2.0,598.4769897460938,811.6010131835938,154.2442325,46.5107064,18.246000289916992,0.06632299721240997,17.265499114990234,18.28350067138672,0.05559999868273735,0.7191169857978821,18.302000045776367,0.06599999964237213,4.951000213623047,0.33500000834465027,0.17545899748802185,0.03749600052833557,1.850000023841858,1.0,598.4769897460938,2.3159799575805664,1.2345900535583496,0.6230000257492065,0.5929999947547913,0.33675700426101685,0.32054099440574646,1.0505900382995605,1.0,0.0,0.9614289999008179,1.0,18.21579933166504,0.06549999862909317,154.2444981,46.5107874,34.9377,ZTF20aavptjf
2458994.7367824,1,1240236783115,20.6289005279541,/ztf/archive/sci/2020/0525/236771/ztf_20200525236771_000752_zg_c08_o_q4_scimrefdiffimg.fits.fz,Kulkarni,3,1240,31,752,26.17259979248047,1.8297199858352542e-05,0.027690399438142776,-0.08008930087089539,2.5678200472611934e-05,t17_f5_c3,1.240236783115015e+18,t,3.0,607.927001953125,765.864990234375,154.2442135,46.5106955,18.984600067138672,0.08154000341892242,1.5871000289916992,19.222000122070312,0.12280000001192093,0.8197389841079712,18.34000015258789,0.05900000035762787,4.791999816894531,0.3070000112056732,0.012861000373959541,0.23736900091171265,1.8799999952316284,0.9819999933242798,607.927001953125,1.40693998336792,1.2439600229263306,0.5979999899864197,0.5680000185966492,0.3180850148200989,0.30212798714637756,1.0528199672698975,6.0,0.0,0.9628570079803467,0.9743189811706543,19.316200256347656,0.16850000619888306,154.2445132,46.5107951,24.6473,ZTF20aavptjf
2458995.6846759,1,1241184673115,20.70210075378418,/ztf/archive/sci/2020/0526/184676/ztf_20200526184676_000752_zg_c08_o_q4_scimrefdiffimg.fits.fz,Kulkarni,1,1241,31,752,26.213300704956055,2.3706399588263594e-05,0.03135149925947189,-0.06844180077314377,3.359200127306394e-05,t17_f5_c3,1.241184673115015e+18,1,4.0,618.9920043945312,803.0029907226562,154.2442205,46.5106834,18.981300354003906,0.08171000331640244,1.1564500331878662,19.000099182128906,0.09489999711513519,0.820950984954834,18.34000015258789,0.05900000035762787,4.791999816894531,0.3070000112056732,-0.12851199507713318,0.018789999186992645,1.7799999713897705,0.9829999804496765,618.9920043945312,1.7020200490951538,1.3123300075531006,0.6119999885559082,0.5730000138282776,0.3438200056552887,0.32190999388694763,1.068060040473938,6.0,0.0,0.9685710072517395,0.9612169861793518,18.989099502563477,0.11789999902248383,154.2445132,46.5107951,22.0265,ZTF20aavptjf
2458995.6799537,1,1241179953115,20.626800537109375,/ztf/archive/sci/2020/0526/179954/ztf_20200526179954_000752_zg_c08_o_q4_scimrefdiffimg.fits.fz,Kulkarni,3,1241,31,752,26.215599060058594,2.6398500267532654e-05,0.03298639878630638,-0.07751079648733139,3.745410140254535e-05,t17_f5_c3,1.241179953115015e+18,1,2.0,616.2329711914062,807.166015625,154.2442421,46.5106971,18.978599548339844,0.09027700126171112,2.5949699878692627,19.00480079650879,0.09769999980926514,0.7511320114135742,18.34000015258789,0.05900000035762787,4.791999816894531,0.3070000112056732,-0.27340200543403625,0.026201000437140465,2.0,0.9829999804496765,616.2329711914062,1.6219899654388428,1.213070034980774,0.6840000152587891,0.6179999709129333,0.34200000762939453,0.3089999854564667,1.1067999601364136,5.0,0.0,0.9685710072517395,0.9493380188941956,18.86400032043457,0.10819999873638153,154.2445132,46.5107951,17.4276,ZTF20aavptjf
2458995.7242245,2,1241224223115,20.450000762939453,/ztf/archive/sci/2020/0526/224225/ztf_20200526224225_000752_zr_c08_o_q4_scimrefdiffimg.fits.fz,Kulkarni,1,1241,31,752,26.203699111938477,2.0658899302361533e-05,0.028822600841522217,0.12345899641513824,2.9037799322395585e-05,t17_f5_c3,1.241224223115015e+18,1,2.0,592.6900024414062,791.4010009765625,154.2442317,46.5107066,18.297700881958008,0.0691550001502037,9.868300437927246,18.25790023803711,0.06040000170469284,0.721077024936676,18.302000045776367,0.06599999964237213,4.951000213623047,0.33500000834465027,0.27723100781440735,-0.039767999202013016,1.9199999570846558,0.9940000176429749,592.6900024414062,2.19212007522583,1.201050043106079,0.6549999713897705,0.6240000128746033,0.34114599227905273,0.32499998807907104,1.0496799945831299,4.0,0.0,0.9628570079803467,0.9856449961662292,18.278200149536133,0.07739999890327454,154.2444981,46.5107874,29.9018,ZTF20aavptjf
2458995.6799537,1,1241179953115,20.626800537109375,/ztf/archive/sci/2020/0526/179954/ztf_20200526179954_000752_zg_c08_o_q4_scimrefdiffimg.fits.fz,Kulkarni,3,1241,31,752,26.215599060058594,2.6398500267532654e-05,0.03298639878630638,-0.07751079648733139,3.745410140254535e-05,t17_f5_c3,1.241179953115015e+18,t,2.0,616.2329711914062,807.166015625,154.2442421,46.5106971,18.978599548339844,0.09027700126171112,2.5949699878692627,19.00480079650879,0.09769999980926514,0.7511320114135742,18.34000015258789,0.05900000035762787,4.791999816894531,0.3070000112056732,-0.27340200543403625,0.026201000437140465,2.0,0.9829999804496765,616.2329711914062,1.6219899654388428,1.213070034980774,0.6840000152587891,0.6179999709129333,0.34200000762939453,0.3089999854564667,1.1067999601364136,5.0,0.0,0.9685710072517395,0.9493380188941956,18.86400032043457,0.10819999873638153,154.2445132,46.5107951,17.4276,ZTF20aavptjf
2458995.6846759,1,1241184673115,20.70210075378418,/ztf/archive/sci/2020/0526/184676/ztf_20200526184676_000752_zg_c08_o_q4_scimrefdiffimg.fits.fz,Kulkarni,1,1241,31,752,26.213300704956055,2.3706399588263594e-05,0.03135149925947189,-0.06844180077314377,3.359200127306394e-05,t17_f5_c3,1.241184673115015e+18,t,4.0,618.9920043945312,803.0029907226562,154.2442205,46.5106834,18.981300354003906,0.08171000331640244,1.1564500331878662,19.000099182128906,0.09489999711513519,0.820950984954834,18.34000015258789,0.05900000035762787,4.791999816894531,0.3070000112056732,-0.12851199507713318,0.018789999186992645,1.7799999713897705,0.9829999804496765,618.9920043945312,1.7020200490951538,1.3123300075531006,0.6119999885559082,0.5730000138282776,0.3438200056552887,0.32190999388694763,1.068060040473938,6.0,0.0,0.9685710072517395,0.9612169861793518,18.989099502563477,0.11789999902248383,154.2445132,46.5107951,22.0265,ZTF20aavptjf
2458995.7242245,2,1241224223115,20.450000762939453,/ztf/archive/sci/2020/0526/224225/ztf_20200526224225_000752_zr_c08_o_q4_scimrefdiffimg.fits.fz,Kulkarni,1,1241,31,752,26.203699111938477,2.0658899302361533e-05,0.028822600841522217,0.12345899641513824,2.9037799322395585e-05,t17_f5_c3,1.241224223115015e+18,t,2.0,592.6900024414062,791.4010009765625,154.2442317,46.5107066,18.297700881958008,0.0691550001502037,9.868300437927246,18.25790023803711,0.06040000170469284,0.721077024936676,18.302000045776367,0.06599999964237213,4.951000213623047,0.33500000834465027,0.27723100781440735,-0.039767999202013016,1.9199999570846558,0.9940000176429749,592.6900024414062,2.19212007522583,1.201050043106079,0.6549999713897705,0.6240000128746033,0.34114599227905273,0.32499998807907104,1.0496799945831299,4.0,0.0,0.9628570079803467,0.9856449961662292,18.278200149536133,0.07739999890327454,154.2444981,46.5107874,29.9018,ZTF20aavptjf
2458995.7251736,2,1241225173115,20.505699157714844,/ztf/archive/sci/2020/0526/225162/ztf_20200526225162_000752_zr_c08_o_q4_scimrefdiffimg.fits.fz,Kulkarni,3,1241,31,752,26.196199417114258,1.5893800082267262e-05,0.025444600731134415,0.11853300034999847,2.2491800336865708e-05,t17_f5_c3,1.241225173115015e+18,t,3.0,592.989990234375,790.7529907226562,154.244223,46.51072,18.26219940185547,0.06207999959588051,4.923220157623291,18.371200561523438,0.065700002014637,0.7165279984474182,18.302000045776367,0.06599999964237213,4.951000213623047,0.33500000834465027,0.32756999135017395,0.10903800278902054,1.6200000047683716,0.9819999933242798,592.989990234375,2.13454008102417,1.3840399980545044,0.5740000009536743,0.5519999861717224,0.3543210029602051,0.34074100852012634,1.0398600101470947,4.0,0.0,0.9585710167884827,0.9768409729003906,18.33919906616211,0.08020000159740448,154.2444981,46.5107874,33.0071,ZTF20aavptjf
2458996.6806713,1,1242180673115,20.582399368286133,/ztf/archive/sci/2020/0527/180671/ztf_20200527180671_000752_zg_c08_o_q4_scimrefdiffimg.fits.fz,Kulkarni,3,1242,31,752,26.22089958190918,1.8855600501410663e-05,0.027785999700427055,-0.07312759757041931,2.6741799956653267e-05,t17_f5_c3,1.242180673115015e+18,1,8.0,605.3400268554688,798.5289916992188,154.2442316,46.5107039,19.050899505615234,0.10269899666309357,4.447850227355957,19.04290008544922,0.10729999840259552,0.7681379914283752,18.34000015258789,0.05900000035762787,4.791999816894531,0.3070000112056732,0.15316200256347656,-0.007958999834954739,1.9600000381469727,1.0,605.3400268554688,1.539520025253296,1.2028000354766846,0.6179999709129333,0.593999981880188,0.31530600786209106,0.30306100845336914,1.0404000282287598,2.0,0.0,0.9728569984436035,1.0,19.12689971923828,0.1459999978542328,154.2445132,46.5107951,17.4486,ZTF20aavptjf
2458996.6806713,1,1242180673115,20.582399368286133,/ztf/archive/sci/2020/0527/180671/ztf_20200527180671_000752_zg_c08_o_q4_scimrefdiffimg.fits.fz,Kulkarni,3,1242,31,752,26.22089958190918,1.8855600501410663e-05,0.027785999700427055,-0.07312759757041931,2.6741799956653267e-05,t17_f5_c3,1.242180673115015e+18,t,8.0,605.3400268554688,798.5289916992188,154.2442316,46.5107039,19.050899505615234,0.10269899666309357,4.447850227355957,19.04290008544922,0.10729999840259552,0.7681379914283752,18.34000015258789,0.05900000035762787,4.791999816894531,0.3070000112056732,0.15316200256347656,-0.007958999834954739,1.9600000381469727,1.0,605.3400268554688,1.539520025253296,1.2028000354766846,0.6179999709129333,0.593999981880188,0.31530600786209106,0.30306100845336914,1.0404000282287598,2.0,0.0,0.9728569984436035,1.0,19.12689971923828,0.1459999978542328,154.2445132,46.5107951,17.4486,ZTF20aavptjf
2458996.744213,2,1242244213115,20.280000686645508,/ztf/archive/sci/2020/0527/244213/ztf_20200527244213_000752_zr_c08_o_q4_scimrefdiffimg.fits.fz,Kulkarni,3,1242,31,752,26.179100036621094,1.820599936763756e-05,0.027420200407505035,0.12735700607299805,2.5634000849095173e-05,t17_f5_c3,1.242244213115015e+18,t,1.0,573.8389892578125,811.3989868164062,154.2442062,46.5107034,18.329099655151367,0.07171300053596497,5.836390018463135,18.556299209594727,0.08889999985694885,0.7740740180015564,18.302000045776367,0.06599999964237213,4.951000213623047,0.33500000834465027,0.38697099685668945,0.22718699276447296,1.9299999475479126,0.9829999804496765,573.8389892578125,1.7237099409103394,1.2228800058364868,0.6439999938011169,0.6000000238418579,0.3336789906024933,0.31088098883628845,1.073330044746399,5.0,0.0,0.9599999785423279,0.9812150001525879,18.603099822998047,0.11739999800920486,154.2444981,46.5107874,28.9077,ZTF20aavptjf
2458997.6825694,1,1243182563115,20.495399475097656,/ztf/archive/sci/2020/0528/182569/ztf_20200528182569_000752_zg_c08_o_q4_scimrefdiffimg.fits.fz,Kulkarni,3,1243,31,752,26.21489906311035,1.946279917319771e-05,0.02873319946229458,-0.08386749774217606,2.7576199499890208e-05,t17_f5_c3,1.243182563115015e+18,1,3.0,630.7449951171875,759.0560302734375,154.2441854,46.5107135,19.085899353027344,0.08396299928426743,1.936900019645691,19.2406005859375,0.14100000262260437,0.853564977645874,18.34000015258789,0.05900000035762787,4.791999816894531,0.3070000112056732,-0.05382300168275833,0.1547120064496994,1.9500000476837158,0.9810000061988831,630.7449951171875,1.2547800540924072,1.175529956817627,0.6079999804496765,0.593999981880188,0.3117949962615967,0.30461499094963074,1.023569941520691,7.0,0.0,0.9671429991722107,0.9698879718780518,19.288999557495117,0.1867000013589859,154.2445132,46.5107951,16.4418,ZTF20aavptjf
2458997.6825694,1,1243182563115,20.495399475097656,/ztf/archive/sci/2020/0528/182569/ztf_20200528182569_000752_zg_c08_o_q4_scimrefdiffimg.fits.fz,Kulkarni,3,1243,31,752,26.21489906311035,1.946279917319771e-05,0.02873319946229458,-0.08386749774217606,2.7576199499890208e-05,t17_f5_c3,1.243182563115015e+18,t,3.0,630.7449951171875,759.0560302734375,154.2441854,46.5107135,19.085899353027344,0.08396299928426743,1.936900019645691,19.2406005859375,0.14100000262260437,0.853564977645874,18.34000015258789,0.05900000035762787,4.791999816894531,0.3070000112056732,-0.05382300168275833,0.1547120064496994,1.9500000476837158,0.9810000061988831,630.7449951171875,1.2547800540924072,1.175529956817627,0.6079999804496765,0.593999981880188,0.3117949962615967,0.30461499094963074,1.023569941520691,7.0,0.0,0.9671429991722107,0.9698879718780518,19.288999557495117,0.1867000013589859,154.2445132,46.5107951,16.4418,ZTF20aavptjf
2458997.7362616,2,1243236263115,20.341999053955078,/ztf/archive/sci/2020/0528/236262/ztf_20200528236262_000752_zr_c08_o_q4_scimrefdiffimg.fits.fz,Kulkarni,3,1243,31,752,26.15489959716797,1.7609399947104976e-05,0.027162600308656693,0.12452699989080429,2.4890099666663446e-05,t17_f5_c3,1.243236263115015e+18,t,3.0,621.0390014648438,752.1799926757812,154.2442071,46.5107241,18.347900390625,0.0691479966044426,3.861759901046753,18.476299285888672,0.08380000293254852,0.7486220002174377,18.302000045776367,0.06599999964237213,4.951000213623047,0.33500000834465027,0.6230409741401672,0.12838800251483917,1.5499999523162842,0.9829999804496765,621.0390014648438,1.8656799793243408,1.4208699464797974,0.5519999861717224,0.527999997138977,0.356128990650177,0.3406449854373932,1.04544997215271,6.0,0.0,0.9571430087089539,0.9259880185127258,18.437400817871094,0.1023000031709671,154.2444981,46.5107874,18.8151,ZTF20aavptjf
2458998.7083681,1,1244208363115,20.282699584960938,/ztf/archive/sci/2020/0529/208368/ztf_20200529208368_000752_zg_c08_o_q4_scimrefdiffimg.fits.fz,Kulkarni,3,1244,31,752,26.19659996032715,3.108990131295286e-05,0.03602910041809082,-0.0793130025267601,4.4640401029028e-05,t17_f5_c3,1.244208363115015e+18,1,3.0,603.4000244140625,779.10400390625,154.2442173,46.5106906,19.098600387573242,0.1068509966135025,2.2935900688171387,19.093799591064453,0.14259999990463257,0.8172640204429626,18.34000015258789,0.05900000035762787,4.791999816894531,0.3070000112056732,0.04160900041460991,-0.004809999838471413,1.590000033378601,0.9990000128746033,603.4000244140625,1.1888699531555176,1.496109962463379,0.6150000095367432,0.5979999899864197,0.38679200410842896,0.37610098719596863,1.0284299850463867,5.0,0.0,0.9642860293388367,0.9853280186653137,19.00320053100586,0.16670000553131104,154.2445132,46.5107951,12.8731,ZTF20aavptjf
2458998.7444444,2,1244244443115,20.13990020751953,/ztf/archive/sci/2020/0529/244444/ztf_20200529244444_000752_zr_c08_o_q4_scimrefdiffimg.fits.fz,Kulkarni,1,1244,31,752,26.167200088500977,2.3755199435981922e-05,0.031172199174761772,0.12825100123882294,3.33757016051095e-05,t17_f5_c3,1.244244443115015e+18,1,1.0,585.0659790039062,767.864990234375,154.2442279,46.5107004,18.323200225830078,0.06962300091981888,2.9193999767303467,18.3927001953125,0.08540000021457672,0.7298070192337036,18.302000045776367,0.06599999964237213,4.951000213623047,0.33500000834465027,0.2509720027446747,0.06949599832296371,1.9900000095367432,0.9829999804496765,585.0659790039062,1.7471599578857422,1.196720004081726,0.652999997138977,0.6269999742507935,0.3281410038471222,0.31507501006126404,1.0414700508117676,2.0,0.0,0.9657139778137207,1.0,18.33930015563965,0.10320000350475311,154.2444981,46.5107874,27.1559,ZTF20aavptjf
2458998.7083681,1,1244208363115,20.282699584960938,/ztf/archive/sci/2020/0529/208368/ztf_20200529208368_000752_zg_c08_o_q4_scimrefdiffimg.fits.fz,Kulkarni,3,1244,31,752,26.19659996032715,3.108990131295286e-05,0.03602910041809082,-0.0793130025267601,4.4640401029028e-05,t17_f5_c3,1.244208363115015e+18,t,3.0,603.4000244140625,779.10400390625,154.2442173,46.5106906,19.098600387573242,0.1068509966135025,2.2935900688171387,19.093799591064453,0.14259999990463257,0.8172640204429626,18.34000015258789,0.05900000035762787,4.791999816894531,0.3070000112056732,0.04160900041460991,-0.004809999838471413,1.590000033378601,0.9990000128746033,603.4000244140625,1.1888699531555176,1.496109962463379,0.6150000095367432,0.5979999899864197,0.38679200410842896,0.37610098719596863,1.0284299850463867,5.0,0.0,0.9642860293388367,0.9853280186653137,19.00320053100586,0.16670000553131104,154.2445132,46.5107951,12.8731,ZTF20aavptjf
2458998.7444444,2,1244244443115,20.13990020751953,/ztf/archive/sci/2020/0529/244444/ztf_20200529244444_000752_zr_c08_o_q4_scimrefdiffimg.fits.fz,Kulkarni,1,1244,31,752,26.167200088500977,2.3755199435981922e-05,0.031172199174761772,0.12825100123882294,3.33757016051095e-05,t17_f5_c3,1.244244443115015e+18,t,1.0,585.0659790039062,767.864990234375,154.2442279,46.5107004,18.323200225830078,0.06962300091981888,2.9193999767303467,18.3927001953125,0.08540000021457672,0.7298070192337036,18.302000045776367,0.06599999964237213,4.951000213623047,0.33500000834465027,0.2509720027446747,0.06949599832296371,1.9900000095367432,0.9829999804496765,585.0659790039062,1.7471599578857422,1.196720004081726,0.652999997138977,0.6269999742507935,0.3281410038471222,0.31507501006126404,1.0414700508117676,2.0,0.0,0.9657139778137207,1.0,18.33930015563965,0.10320000350475311,154.2444981,46.5107874,27.1559,ZTF20aavptjf
2458998.7453819,2,1244245383115,20.23539924621582,/ztf/archive/sci/2020/0529/245382/ztf_20200529245382_000752_zr_c08_o_q4_scimrefdiffimg.fits.fz,Kulkarni,3,1244,31,752,26.19300079345703,2.0060999304405414e-05,0.028947599232196808,0.12885400652885437,2.8304799343459308e-05,t17_f5_c3,1.244245383115015e+18,t,4.0,585.5499877929688,767.1099853515625,154.2442346,46.5107127,18.385000228881836,0.07305800169706345,6.445030212402344,18.496299743652344,0.09030000120401382,0.6973789930343628,18.302000045776367,0.06599999964237213,4.951000213623047,0.33500000834465027,-0.07426600158214569,0.11128400266170502,1.9700000286102295,0.9829999804496765,585.5499877929688,1.7391200065612793,1.1537599563598633,0.6420000195503235,0.6019999980926514,0.3258880078792572,0.30558401346206665,1.0664399862289429,5.0,0.0,0.9628570079803467,0.9763420224189758,18.475500106811523,0.11230000108480453,154.2444981,46.5107874,21.905,ZTF20aavptjf
2458999.7222222,1,1245222223115,19.77829933166504,/ztf/archive/sci/2020/0530/222222/ztf_20200530222222_000752_zg_c08_o_q4_scimrefdiffimg.fits.fz,Kulkarni,3,1245,31,752,26.223600387573242,3.862040102831088e-05,0.03810479864478111,-0.07651370018720627,6.093760021030903e-05,t17_f5_c3,1.245222223115015e+18,1,1.0,606.739013671875,750.7230224609375,154.2442028,46.5107632,19.0846004486084,0.1388459950685501,1.2424700260162354,19.114599227905273,0.17260000109672546,0.7679479718208313,18.34000015258789,0.05900000035762787,4.791999816894531,0.3070000112056732,0.15979400277137756,0.029961999505758286,3.3499999046325684,0.9789999723434448,606.739013671875,0.6636649966239929,0.9357640147209167,1.0720000267028809,0.9909999966621399,0.3199999928474426,0.29582101106643677,1.0817400217056274,0.0,0.0,0.9557139873504639,1.0,18.846900939941406,0.17229999601840973,154.2445132,46.5107951,13.8026,ZTF20aavptjf
2458999.7222222,1,1245222223115,19.77829933166504,/ztf/archive/sci/2020/0530/222222/ztf_20200530222222_000752_zg_c08_o_q4_scimrefdiffimg.fits.fz,Kulkarni,3,1245,31,752,26.223600387573242,3.862040102831088e-05,0.03810479864478111,-0.07651370018720627,6.093760021030903e-05,t17_f5_c3,1.245222223115015e+18,t,1.0,606.739013671875,750.7230224609375,154.2442028,46.5107632,19.0846004486084,0.1388459950685501,1.2424700260162354,19.114599227905273,0.17260000109672546,0.7679479718208313,18.34000015258789,0.05900000035762787,4.791999816894531,0.3070000112056732,0.15979400277137756,0.029961999505758286,3.3499999046325684,0.9789999723434448,606.739013671875,0.6636649966239929,0.9357640147209167,1.0720000267028809,0.9909999966621399,0.3199999928474426,0.29582101106643677,1.0817400217056274,0.0,0.0,0.9557139873504639,1.0,18.846900939941406,0.17229999601840973,154.2445132,46.5107951,13.8026,ZTF20aavptjf
2458999.7762269,2,1245276223115,19.729900360107422,/ztf/archive/sci/2020/0530/276227/ztf_20200530276227_000752_zr_c08_o_q4_scimrefdiffimg.fits.fz,Kulkarni,3,1245,31,752,26.155399322509766,2.4473099983879365e-05,0.03178010135889053,0.1325940042734146,3.4239001251989976e-05,t17_f5_c3,1.245276223115015e+18,t,0.0,616.7410278320312,729.6810302734375,154.2442587,46.510727,18.29439926147461,0.07358299940824509,2.1165599822998047,18.33099937438965,0.09749999642372131,0.6236810088157654,18.302000045776367,0.06599999964237213,4.951000213623047,0.33500000834465027,0.22226400673389435,0.036587998270988464,2.5,0.9819999933242798,616.7410278320312,1.398900032043457,1.1328400373458862,0.8410000205039978,0.8119999766349792,0.33640000224113464,0.3248000144958496,1.0357099771499634,2.0,0.0,0.9614289999008179,1.0,18.382400512695312,0.12999999523162842,154.2444981,46.5107874,26.9463,ZTF20aavptjf
2459001.6830787,1,1247183073115,19.63170051574707,/ztf/archive/sci/2020/0601/183079/ztf_20200601183079_000752_zg_c08_o_q4_scimrefdiffimg.fits.fz,Kulkarni,1,1247,31,752,25.98940086364746,5.593609967036173e-05,0.046115800738334656,-0.056564800441265106,8.765669917920604e-05,t17_f5_c3,,,,,,,,,,,,,,,,,,,,,,,,,,,,,,,,,,,,,,,ZTF20aavptjf
2459004.7471875,2,1250247183115,19.566099166870117,/ztf/archive/sci/2020/0604/247188/ztf_20200604247188_000752_zr_c08_o_q4_scimrefdiffimg.fits.fz,Kulkarni,1,1250,31,752,26.161399841308594,2.4414699510089122e-05,0.03186250105500221,0.13318400084972382,3.429469870752655e-05,t17_f5_c3,1.250247183115015e+18,t,0.0,611.1929931640625,733.5130004882812,154.2442593,46.5107031,18.39539909362793,0.0853860005736351,3.2427000999450684,18.294099807739258,0.13120000064373016,0.6570109724998474,18.302000045776367,0.06599999964237213,4.951000213623047,0.33500000834465027,0.46800801157951355,-0.10127899795770645,1.8799999952316284,0.9829999804496765,611.1929931640625,1.2719899415969849,1.2353099584579468,0.6230000257492065,0.5849999785423279,0.33138298988342285,0.3111700117588043,1.06496000289917,4.0,0.0,0.9642860293388367,0.9909129738807678,18.159000396728516,0.14839999377727509,154.2444981,46.5107874,17.2513,ZTF20aavptjf
2459011.7077662,1,1257207763115,20.36009979248047,/ztf/archive/sci/2020/0611/207766/ztf_20200611207766_000752_zg_c08_o_q4_scimrefdiffimg.fits.fz,Kulkarni,1,1257,31,752,26.00510025024414,2.2052699932828546e-05,0.030583100393414497,-0.05205009877681732,3.1735500670038164e-05,t17_f5_c3,1.257207763115015e+18,1,7.0,619.031005859375,754.8170166015625,154.2443328,46.5106717,19.35610008239746,0.11722400039434433,1.231819987297058,19.025100708007812,0.1264999955892563,0.6222040057182312,18.34000015258789,0.05900000035762787,4.791999816894531,0.3070000112056732,0.1266469955444336,-0.33095499873161316,1.909999966621399,0.9990000128746033,619.031005859375,1.3350000381469727,1.2496099472045898,0.7559999823570251,0.6949999928474426,0.3958120048046112,0.36387398838996887,1.0877699851989746,3.0,0.0,0.9485710263252258,0.9856340289115906,19.032400131225586,0.16110000014305115,154.2445132,46.5107951,13.9102,ZTF20aavptjf
2459011.7077662,1,1257207763115,20.36009979248047,/ztf/archive/sci/2020/0611/207766/ztf_20200611207766_000752_zg_c08_o_q4_scimrefdiffimg.fits.fz,Kulkarni,1,1257,31,752,26.00510025024414,2.2052699932828546e-05,0.030583100393414497,-0.05205009877681732,3.1735500670038164e-05,t17_f5_c3,1.257207763115015e+18,t,7.0,619.031005859375,754.8170166015625,154.2443328,46.5106717,19.35610008239746,0.11722400039434433,1.231819987297058,19.025100708007812,0.1264999955892563,0.6222040057182312,18.34000015258789,0.05900000035762787,4.791999816894531,0.3070000112056732,0.1266469955444336,-0.33095499873161316,1.909999966621399,0.9990000128746033,619.031005859375,1.3350000381469727,1.2496099472045898,0.7559999823570251,0.6949999928474426,0.3958120048046112,0.36387398838996887,1.0877699851989746,3.0,0.0,0.9485710263252258,0.9856340289115906,19.032400131225586,0.16110000014305115,154.2445132,46.5107951,13.9102,ZTF20aavptjf
2459011.7420255,2,1257242023115,20.124399185180664,/ztf/archive/sci/2020/0611/242025/ztf_20200611242025_000752_zr_c08_o_q4_scimrefdiffimg.fits.fz,Kulkarni,1,1257,31,752,26.08530044555664,2.2212099793250673e-05,0.030692199245095253,0.13406099379062653,3.143820140394382e-05,t17_f5_c3,1.257242023115015e+18,t,3.0,614.7009887695312,740.0780029296875,154.2442241,46.5107198,18.53730010986328,0.0670270025730133,2.6417899131774902,18.68440055847168,0.11580000072717667,0.7020879983901978,18.302000045776367,0.06599999964237213,4.951000213623047,0.33500000834465027,0.1957170069217682,0.14711999893188477,1.8300000429153442,0.984000027179718,614.7009887695312,1.440000057220459,1.269070029258728,0.6449999809265137,0.6259999871253967,0.35245901346206665,0.34207698702812195,1.0303499698638916,4.0,0.0,0.9657139778137207,1.0,18.680299758911133,0.14650000631809235,154.2444981,46.5107874,21.0795,ZTF20aavptjf
2459014.7059606,1,1260205963115,20.41939926147461,/ztf/archive/sci/2020/0614/205949/ztf_20200614205949_000752_zg_c08_o_q4_scimrefdiffimg.fits.fz,Kulkarni,1,1260,31,752,26.215900421142578,1.9374700059415773e-05,0.028232799842953682,-0.07402919977903366,2.7947300623054616e-05,t17_f5_c3,1.260205963115015e+18,1,1.0,625.4299926757812,792.1010131835938,154.2441948,46.5106669,19.390899658203125,0.12853099405765533,1.9181300401687622,19.37820053100586,0.15839999914169312,0.9023039937019348,18.34000015258789,0.05900000035762787,4.791999816894531,0.3070000112056732,0.10081599652767181,-0.01268799975514412,1.649999976158142,0.9739999771118164,625.4299926757812,1.041200041770935,1.5062299966812134,0.671999990940094,0.628000020980835,0.40727299451828003,0.3806059956550598,1.0700600147247314,2.0,0.0,0.9714289903640747,1.0,19.1643009185791,0.16500000655651093,154.2445132,46.5107951,10.6959,ZTF20aavptjf
2459014.7059606,1,1260205963115,20.41939926147461,/ztf/archive/sci/2020/0614/205949/ztf_20200614205949_000752_zg_c08_o_q4_scimrefdiffimg.fits.fz,Kulkarni,1,1260,31,752,26.215900421142578,1.9374700059415773e-05,0.028232799842953682,-0.07402919977903366,2.7947300623054616e-05,t17_f5_c3,1.260205963115015e+18,t,1.0,625.4299926757812,792.1010131835938,154.2441948,46.5106669,19.390899658203125,0.12853099405765533,1.9181300401687622,19.37820053100586,0.15839999914169312,0.9023039937019348,18.34000015258789,0.05900000035762787,4.791999816894531,0.3070000112056732,0.10081599652767181,-0.01268799975514412,1.649999976158142,0.9739999771118164,625.4299926757812,1.041200041770935,1.5062299966812134,0.671999990940094,0.628000020980835,0.40727299451828003,0.3806059956550598,1.0700600147247314,2.0,0.0,0.9714289903640747,1.0,19.1643009185791,0.16500000655651093,154.2445132,46.5107951,10.6959,ZTF20aavptjf
2459014.7235532,2,1260223553115,20.164400100708008,/ztf/archive/sci/2020/0614/223553/ztf_20200614223553_000752_zr_c08_o_q4_scimrefdiffimg.fits.fz,Kulkarni,1,1260,31,752,26.20490074157715,1.4260400348575786e-05,0.02444400079548359,0.12850800156593323,2.012510049098637e-05,t17_f5_c3,1.260223553115015e+18,t,0.0,619.8189697265625,782.760009765625,154.2442489,46.510716,18.604900360107422,0.06391599774360657,2.1264400482177734,18.700700759887695,0.10809999704360962,0.6604359745979309,18.302000045776367,0.06599999964237213,4.951000213623047,0.33500000834465027,-0.33150601387023926,0.09580200165510178,1.9500000476837158,0.9900000095367432,619.8189697265625,1.4636499881744385,1.250830054283142,0.6650000214576721,0.6470000147819519,0.3410260081291199,0.33179500699043274,1.0278199911117554,1.0,0.0,0.9671429991722107,1.0,18.722700119018555,0.14000000059604645,154.2444981,46.5107874,27.4063,ZTF20aavptjf
2459021.7166551,1,1267216653115,20.37619972229004,/ztf/archive/sci/2020/0621/216655/ztf_20200621216655_000752_zg_c08_o_q4_scimrefdiffimg.fits.fz,Kulkarni,1,1267,31,752,26.12339973449707,1.883970071503427e-05,0.028369199484586716,-0.054059699177742004,2.7073399905930273e-05,t17_f5_c3,1.267216653115015e+18,1,6.0,626.7119750976562,756.989990234375,154.2442091,46.5106641,19.619400024414062,0.15124699473381042,0.947808027267456,19.5531005859375,0.18469999730587006,0.8816260099411011,18.34000015258789,0.05900000035762787,4.791999816894531,0.3070000112056732,0.2343830019235611,-0.06627999991178513,2.2100000381469727,0.9750000238418579,626.7119750976562,0.8231139779090881,1.1817500591278076,0.8220000267028809,0.6840000152587891,0.3719460070133209,0.3095020055770874,1.2017500400543213,1.0,0.0,0.9785709977149963,1.0,19.6023006439209,0.24469999969005585,154.2445132,46.5107951,11.6172,ZTF20aavptjf
2459021.7166551,1,1267216653115,20.37619972229004,/ztf/archive/sci/2020/0621/216655/ztf_20200621216655_000752_zg_c08_o_q4_scimrefdiffimg.fits.fz,Kulkarni,1,1267,31,752,26.12339973449707,1.883970071503427e-05,0.028369199484586716,-0.054059699177742004,2.7073399905930273e-05,t17_f5_c3,1.267216653115015e+18,t,6.0,626.7119750976562,756.989990234375,154.2442091,46.5106641,19.619400024414062,0.15124699473381042,0.947808027267456,19.5531005859375,0.18469999730587006,0.8816260099411011,18.34000015258789,0.05900000035762787,4.791999816894531,0.3070000112056732,0.2343830019235611,-0.06627999991178513,2.2100000381469727,0.9750000238418579,626.7119750976562,0.8231139779090881,1.1817500591278076,0.8220000267028809,0.6840000152587891,0.3719460070133209,0.3095020055770874,1.2017500400543213,1.0,0.0,0.9785709977149963,1.0,19.6023006439209,0.24469999969005585,154.2445132,46.5107951,11.6172,ZTF20aavptjf
2459021.7461921,2,1267246193115,19.896799087524414,/ztf/archive/sci/2020/0621/246192/ztf_20200621246192_000752_zr_c08_o_q4_scimrefdiffimg.fits.fz,Kulkarni,1,1267,31,752,26.081300735473633,2.5752899091457948e-05,0.032816000282764435,0.13657699525356293,3.621860014391132e-05,t17_f5_c3,1.267246193115015e+18,t,2.0,592.64599609375,740.1329956054688,154.2443035,46.5107236,18.762300491333008,0.12025299668312073,1.3958899974822998,18.666000366210938,0.11940000206232071,0.5269259810447693,18.302000045776367,0.06599999964237213,4.951000213623047,0.33500000834465027,-0.46091198921203613,-0.09632900357246399,3.2899999618530273,0.9829999804496765,592.64599609375,1.2308000326156616,0.8255280256271362,0.8830000162124634,0.7590000033378601,0.2683889865875244,0.23069900274276733,1.1633700132369995,2.0,0.0,0.9528570175170898,0.9882720112800598,18.729000091552734,0.16099999845027924,154.2444981,46.5107874,18.0053,ZTF20aavptjf
2459024.7082292,1,1270208223115,19.659799575805664,/ztf/archive/sci/2020/0624/208229/ztf_20200624208229_000752_zg_c08_o_q4_scimrefdiffimg.fits.fz,Kulkarni,1,1270,31,752,25.635799407958984,3.557839954737574e-05,0.03780579939484596,-0.06573610007762909,5.620680167339742e-05,t17_f5_c3,1.270208223115015e+18,1,4.0,611.5399780273438,755.843017578125,154.244207,46.5106069,19.690799713134766,0.2268259972333908,1.2273900508880615,19.67650032043457,0.4325000047683716,1.0092099905014038,18.34000015258789,0.05900000035762787,4.791999816894531,0.3070000112056732,-0.8788620233535767,-0.014303999952971935,2.3499999046325684,0.7360000014305115,611.5399780273438,-0.016704000532627106,0.9859340190887451,0.6449999809265137,0.5320000052452087,0.27446800470352173,0.2263830006122589,1.2124099731445312,9.0,0.0,0.8342859745025635,0.685329020023346,19.285600662231445,0.38659998774528503,154.2445132,46.5107951,6.43714,ZTF20aavptjf
2459024.7082292,1,1270208223115,19.659799575805664,/ztf/archive/sci/2020/0624/208229/ztf_20200624208229_000752_zg_c08_o_q4_scimrefdiffimg.fits.fz,Kulkarni,1,1270,31,752,25.635799407958984,3.557839954737574e-05,0.03780579939484596,-0.06573610007762909,5.620680167339742e-05,t17_f5_c3,1.270208223115015e+18,t,4.0,611.5399780273438,755.843017578125,154.244207,46.5106069,19.690799713134766,0.2268259972333908,1.2273900508880615,19.67650032043457,0.4325000047683716,1.0092099905014038,18.34000015258789,0.05900000035762787,4.791999816894531,0.3070000112056732,-0.8788620233535767,-0.014303999952971935,2.3499999046325684,0.7360000014305115,611.5399780273438,-0.016704000532627106,0.9859340190887451,0.6449999809265137,0.5320000052452087,0.27446800470352173,0.2263830006122589,1.2124099731445312,9.0,0.0,0.8342859745025635,0.685329020023346,19.285600662231445,0.38659998774528503,154.2445132,46.5107951,6.43714,ZTF20aavptjf
2459024.7254282,2,1270225423115,19.936100006103516,/ztf/archive/sci/2020/0624/225428/ztf_20200624225428_000752_zr_c08_o_q4_scimrefdiffimg.fits.fz,Kulkarni,1,1270,31,752,26.019100189208984,2.08964993362315e-05,0.029447199776768684,0.11923100054264069,2.93119992420543e-05,t17_f5_c3,1.270225423115015e+18,t,1.0,600.7570190429688,745.7360229492188,154.2441894,46.5107128,18.714099884033203,0.0898900032043457,3.1870999336242676,18.63330078125,0.14319999516010284,0.8043820261955261,18.302000045776367,0.06599999964237213,4.951000213623047,0.33500000834465027,-0.27020999789237976,-0.08079800009727478,2.6600000858306885,0.9959999918937683,600.7570190429688,1.3028299808502197,0.7870540022850037,0.6389999985694885,0.5860000252723694,0.24022600054740906,0.22030100226402283,1.090440034866333,5.0,0.0,0.947143018245697,1.0,18.618799209594727,0.18019999563694,154.2444981,46.5107874,19.5669,ZTF20aavptjf
2459021.6819676,3,1267181963115,19.673500061035156,/ztf/archive/sci/2020/0621/181968/ztf_20200621181968_000752_zi_c08_o_q4_scimrefdiffimg.fits.fz,Kulkarni,2,1267,31,752,25.692699432373047,4.722589892480755e-06,0.021730300039052963,0.1949319988489151,1.7023599866661243e-05,t17_f5_c3,1.267181963115015e+18,t,0.0,626.7230224609375,765.10498046875,154.2442396,46.5107242,18.750699996948242,0.11383400112390518,2.0202300548553467,18.78219985961914,0.19220000505447388,0.6865789890289307,18.336000442504883,0.05700000002980232,4.138999938964844,0.23999999463558197,-0.5376780033111572,0.03146800026297569,2.450000047683716,0.9760000109672546,626.7230224609375,0.891340970993042,0.9288529753684998,0.6230000257492065,0.5339999794960022,0.254285991191864,0.21795900166034698,1.1666699647903442,5.0,0.0,0.9014289975166321,0.9486939907073975,19.123600006103516,0.3353999853134155,154.2444828,46.5108222,10.834,ZTF20aavptjf
2459027.6750231,2,1273175023115,19.57939910888672,/ztf/archive/sci/2020/0627/175023/ztf_20200627175023_000752_zr_c08_o_q4_scimrefdiffimg.fits.fz,Kulkarni,1,1273,31,752,26.074399948120117,2.608030081319157e-05,0.032947100698947906,0.1262339949607849,3.667100099846721e-05,t17_f5_c3,1.273175023115015e+18,t,0.0,633.3809814453125,771.2570190429688,154.2442553,46.5107308,18.70439910888672,0.1145000010728836,1.7850300073623657,18.702899932861328,0.18780000507831573,0.6310529708862305,18.302000045776367,0.06599999964237213,4.951000213623047,0.33500000834465027,-0.3285749852657318,-0.001471000025048852,1.850000023841858,0.9919999837875366,633.3809814453125,0.8765429854393005,1.2612099647521973,0.6399999856948853,0.5920000076293945,0.3459460139274597,0.3199999928474426,1.0810799598693848,4.0,0.0,0.9528570175170898,0.9676010012626648,18.66670036315918,0.23260000348091125,154.2444981,46.5107874,12.1621,ZTF20aavptjf
2459027.6995833,1,1273199583115,19.556900024414062,/ztf/archive/sci/2020/0627/199583/ztf_20200627199583_000752_zg_c08_o_q4_scimrefdiffimg.fits.fz,Kulkarni,1,1273,31,752,25.904300689697266,4.1540199163137004e-05,0.03949379920959473,-0.04410159960389137,6.670250149909407e-05,t17_f5_c3,,,,,,,,,,,,,,,,,,,,,,,,,,,,,,,,,,,,,,,ZTF20aavptjf
2459029.680162,3,1275180163115,18.893999099731445,/ztf/archive/sci/2020/0629/180150/ztf_20200629180150_000752_zi_c08_o_q4_scimrefdiffimg.fits.fz,Kulkarni,2,1275,31,752,25.612199783325195,1.1361399629095104e-05,0.032864999026060104,0.19831399619579315,4.0312199416803196e-05,t17_f5_c3,1.2751801631150152e+18,t,102.0,621.0180053710938,763.7890014648438,154.2441499,46.5105806,18.940200805664062,0.18944500386714935,1.4027800559997559,18.950199127197266,0.33799999952316284,1.1798900365829468,18.336000442504883,0.05700000002980232,4.138999938964844,0.23999999463558197,-1.605080008506775,0.01003200002014637,1.520359992980957,0.7480000257492065,621.0180053710938,-0.05618299916386604,2.0,0.7720000147819519,0.6510000228881836,0.5077739953994751,0.4281879961490631,1.1858700513839722,7.0,0.0,0.5842859745025635,0.9806690216064453,19.080699920654297,0.48919999599456787,154.2444828,46.5108222,6.67105,ZTF20aavptjf
2459032.6740046,2,1278174003115,19.25670051574707,/ztf/archive/sci/2020/0702/174005/ztf_20200702174005_000752_zr_c08_o_q4_scimrefdiffimg.fits.fz,Prince,2,1278,31,752,26.175600051879883,3.843149897875264e-05,0.03930779919028282,0.12142899632453918,5.389360012486577e-05,t17_f5_c3,1.278174003115015e+18,1,1.0,600.97900390625,777.0900268554688,154.2442304,46.5106999,18.82159996032715,0.10697700083255768,0.9196900129318237,18.66990089416504,0.21140000224113464,0.7249100208282471,18.302000045776367,0.06599999964237213,4.951000213623047,0.33500000834465027,-1.8318699598312378,-0.15164999663829803,2.2699999809265137,0.9800000190734863,600.97900390625,0.5868430137634277,1.1861799955368042,0.8100000023841858,0.734000027179718,0.3568280041217804,0.3233479857444763,1.1035399436950684,2.0,0.0,0.9571430087089539,0.9780330061912537,18.450199127197266,0.22139999270439148,154.2444981,46.5107874,11.9944,ZTF20aavptjf
2459032.6790741,2,1278179073115,19.325899124145508,/ztf/archive/sci/2020/0702/179062/ztf_20200702179062_000752_zr_c08_o_q4_scimrefdiffimg.fits.fz,Prince,2,1278,31,752,26.152799606323242,4.950409856974147e-05,0.04489529877901077,0.1269340068101883,6.942769687157124e-05,t17_f5_c3,1.278179073115015e+18,1,1.0,593.1580200195312,773.3660278320312,154.2442567,46.510734,18.93280029296875,0.1533920019865036,1.1904900074005127,18.94569969177246,0.23579999804496765,0.6203669905662537,18.302000045776367,0.06599999964237213,4.951000213623047,0.33500000834465027,-0.31514400243759155,0.012910000048577785,3.259999990463257,0.9789999723434448,593.1580200195312,0.3802359998226166,0.8989970088005066,0.9959999918937683,0.8119999766349792,0.30552101135253906,0.24908000230789185,1.2266000509262085,4.0,0.0,0.9342859983444214,0.976294994354248,19.231300354003906,0.3928999900817871,154.2444981,46.5107874,10.334,ZTF20aavptjf
2459032.6841204,2,1278184123115,19.36709976196289,/ztf/archive/sci/2020/0702/184120/ztf_20200702184120_000752_zr_c08_o_q4_scimrefdiffimg.fits.fz,Prince,2,1278,31,752,26.145999908447266,3.460339939920232e-05,0.03754189983010292,0.13186800479888916,4.859959881287068e-05,t17_f5_c3,1.278184123115015e+18,1,2.0,586.3369750976562,770.0280151367188,154.2442407,46.5107131,18.7810001373291,0.1384429931640625,1.6410499811172485,18.73509979248047,0.1843000054359436,0.6881999969482422,18.302000045776367,0.06599999964237213,4.951000213623047,0.33500000834465027,-0.7737169861793518,-0.04593899846076965,2.4600000381469727,0.9819999933242798,586.3369750976562,0.6319890022277832,1.2113300561904907,0.8939999938011169,0.7730000019073486,0.363415002822876,0.31422799825668335,1.1565300226211548,4.0,0.0,0.9542859792709351,0.9867439866065979,18.87579917907715,0.2685000002384186,154.2444981,46.5107874,12.5093,ZTF20aavptjf
2459032.6740046,2,1278174003115,19.25670051574707,/ztf/archive/sci/2020/0702/174005/ztf_20200702174005_000752_zr_c08_o_q4_scimrefdiffimg.fits.fz,Prince,2,1278,31,752,26.175600051879883,3.843149897875264e-05,0.03930779919028282,0.12142899632453918,5.389360012486577e-05,t17_f5_c3,1.278174003115015e+18,t,1.0,600.97900390625,777.0900268554688,154.2442304,46.5106999,18.82159996032715,0.10697700083255768,0.9196900129318237,18.66990089416504,0.21140000224113464,0.7249100208282471,18.302000045776367,0.06599999964237213,4.951000213623047,0.33500000834465027,-1.8318699598312378,-0.15164999663829803,2.2699999809265137,0.9800000190734863,600.97900390625,0.5868430137634277,1.1861799955368042,0.8100000023841858,0.734000027179718,0.3568280041217804,0.3233479857444763,1.1035399436950684,2.0,0.0,0.9571430087089539,0.9780330061912537,18.450199127197266,0.22139999270439148,154.2444981,46.5107874,11.9944,ZTF20aavptjf
2459032.6790741,2,1278179073115,19.325899124145508,/ztf/archive/sci/2020/0702/179062/ztf_20200702179062_000752_zr_c08_o_q4_scimrefdiffimg.fits.fz,Prince,2,1278,31,752,26.152799606323242,4.950409856974147e-05,0.04489529877901077,0.1269340068101883,6.942769687157124e-05,t17_f5_c3,1.278179073115015e+18,t,1.0,593.1580200195312,773.3660278320312,154.2442567,46.510734,18.93280029296875,0.1533920019865036,1.1904900074005127,18.94569969177246,0.23579999804496765,0.6203669905662537,18.302000045776367,0.06599999964237213,4.951000213623047,0.33500000834465027,-0.31514400243759155,0.012910000048577785,3.259999990463257,0.9789999723434448,593.1580200195312,0.3802359998226166,0.8989970088005066,0.9959999918937683,0.8119999766349792,0.30552101135253906,0.24908000230789185,1.2266000509262085,4.0,0.0,0.9342859983444214,0.976294994354248,19.231300354003906,0.3928999900817871,154.2444981,46.5107874,10.334,ZTF20aavptjf
2459032.6841204,2,1278184123115,19.36709976196289,/ztf/archive/sci/2020/0702/184120/ztf_20200702184120_000752_zr_c08_o_q4_scimrefdiffimg.fits.fz,Prince,2,1278,31,752,26.145999908447266,3.460339939920232e-05,0.03754189983010292,0.13186800479888916,4.859959881287068e-05,t17_f5_c3,1.278184123115015e+18,t,2.0,586.3369750976562,770.0280151367188,154.2442407,46.5107131,18.7810001373291,0.1384429931640625,1.6410499811172485,18.73509979248047,0.1843000054359436,0.6881999969482422,18.302000045776367,0.06599999964237213,4.951000213623047,0.33500000834465027,-0.7737169861793518,-0.04593899846076965,2.4600000381469727,0.9819999933242798,586.3369750976562,0.6319890022277832,1.2113300561904907,0.8939999938011169,0.7730000019073486,0.363415002822876,0.31422799825668335,1.1565300226211548,4.0,0.0,0.9542859792709351,0.9867439866065979,18.87579917907715,0.2685000002384186,154.2444981,46.5107874,12.5093,ZTF20aavptjf
2459032.6891667,2,1278189163115,19.34320068359375,/ztf/archive/sci/2020/0702/189167/ztf_20200702189167_000752_zr_c08_o_q4_scimrefdiffimg.fits.fz,Prince,2,1278,31,752,26.13640022277832,8.101000275928527e-05,0.05690950155258179,0.12381599843502045,0.00011356100003467873,t17_f5_c3,1.278189163115015e+18,t,2.0,577.4819946289062,767.5260009765625,154.2442589,46.5105799,19.07040023803711,0.15358999371528625,1.5301300287246704,18.878599166870117,0.20990000665187836,0.9460849761962891,18.302000045776367,0.06599999964237213,4.951000213623047,0.33500000834465027,-0.35336899757385254,-0.191771000623703,5.090000152587891,0.9900000095367432,577.4819946289062,0.46457400918006897,0.6002410054206848,1.0789999961853027,1.0540000200271606,0.21198399364948273,0.20707300305366516,1.0237200260162354,2.0,0.0,0.8257139921188354,1.0,18.766300201416016,0.24220000207424164,154.2444981,46.5107874,8.7531,ZTF20aavptjf
2459034.6766088,2,1280176603115,19.156099319458008,/ztf/archive/sci/2020/0704/176597/ztf_20200704176597_000752_zr_c08_o_q4_scimrefdiffimg.fits.fz,Prince,2,1280,31,752,26.13949966430664,5.071129999123514e-05,0.04505470022559166,0.13451799750328064,7.080619980115443e-05,t17_f5_c3,1.280176603115015e+18,1,1.0,604.8720092773438,768.2839965820312,154.2443886,46.5107222,18.750499725341797,0.10597699880599976,1.0628900527954102,18.855600357055664,0.2705000042915344,0.35410699248313904,18.302000045776367,0.06599999964237213,4.951000213623047,0.33500000834465027,-0.494161993265152,0.10506600141525269,2.3299999237060547,0.9760000109672546,604.8720092773438,0.30052098631858826,1.1736199855804443,0.7599999904632568,0.7120000123977661,0.32618001103401184,0.3055790066719055,1.0674200057983398,5.0,0.0,0.9557139873504639,0.9767979979515076,18.76849937438965,0.32030001282691956,154.2444981,46.5107874,10.425,ZTF20aavptjf
2459034.6815046,2,1280181503115,19.28070068359375,/ztf/archive/sci/2020/0704/181505/ztf_20200704181505_000752_zr_c08_o_q4_scimrefdiffimg.fits.fz,Prince,2,1280,31,752,26.160200119018555,4.1996700019808486e-05,0.04138140007853508,0.13044099509716034,5.819740181323141e-05,t17_f5_c3,1.280181503115015e+18,1,3.0,594.9110107421875,764.5919799804688,154.2443345,46.5106688,19.066200256347656,0.2027360051870346,1.6004799604415894,19.115999221801758,0.3172999918460846,0.581341028213501,18.302000045776367,0.06599999964237213,4.951000213623047,0.33500000834465027,-0.5961530208587646,0.04976300150156021,4.349999904632568,0.9750000238418579,594.9110107421875,0.1647060066461563,0.6075680255889893,0.9700000286102295,0.7239999771118164,0.22298899292945862,0.16643700003623962,1.3397799730300903,5.0,0.0,0.7699999809265137,0.9292420148849487,19.064699172973633,0.38850000500679016,154.2444981,46.5107874,8.9104,ZTF20aavptjf
2459034.686412,2,1280186413115,19.21619987487793,/ztf/archive/sci/2020/0704/186400/ztf_20200704186400_000752_zr_c08_o_q4_scimrefdiffimg.fits.fz,Prince,2,1280,31,752,26.12070083618164,4.5586999476654455e-05,0.04264489933848381,0.13845600187778473,6.362130079651251e-05,t17_f5_c3,1.280186413115015e+18,1,2.0,588.1259765625,761.4080200195312,154.2441314,46.5106451,19.00670051574707,0.1643580049276352,1.0636800527572632,19.301799774169922,0.3880999982357025,1.038699984550476,18.302000045776367,0.06599999964237213,4.951000213623047,0.33500000834465027,-0.2419700026512146,0.2951129972934723,2.700000047683716,0.9990000128746033,588.1259765625,-0.08557900041341782,1.0084999799728394,0.8529999852180481,0.7200000286102295,0.3159259855747223,0.2666670083999634,1.1847200393676758,3.0,0.0,0.9442859888076782,1.0,19.31760025024414,0.5048999786376953,154.2444981,46.5107874,9.08498,ZTF20aavptjf
2459034.6766088,2,1280176603115,19.156099319458008,/ztf/archive/sci/2020/0704/176597/ztf_20200704176597_000752_zr_c08_o_q4_scimrefdiffimg.fits.fz,Prince,2,1280,31,752,26.13949966430664,5.071129999123514e-05,0.04505470022559166,0.13451799750328064,7.080619980115443e-05,t17_f5_c3,1.280176603115015e+18,t,1.0,604.8720092773438,768.2839965820312,154.2443886,46.5107222,18.750499725341797,0.10597699880599976,1.0628900527954102,18.855600357055664,0.2705000042915344,0.35410699248313904,18.302000045776367,0.06599999964237213,4.951000213623047,0.33500000834465027,-0.494161993265152,0.10506600141525269,2.3299999237060547,0.9760000109672546,604.8720092773438,0.30052098631858826,1.1736199855804443,0.7599999904632568,0.7120000123977661,0.32618001103401184,0.3055790066719055,1.0674200057983398,5.0,0.0,0.9557139873504639,0.9767979979515076,18.76849937438965,0.32030001282691956,154.2444981,46.5107874,10.425,ZTF20aavptjf
2459034.6815046,2,1280181503115,19.28070068359375,/ztf/archive/sci/2020/0704/181505/ztf_20200704181505_000752_zr_c08_o_q4_scimrefdiffimg.fits.fz,Prince,2,1280,31,752,26.160200119018555,4.1996700019808486e-05,0.04138140007853508,0.13044099509716034,5.819740181323141e-05,t17_f5_c3,1.280181503115015e+18,t,3.0,594.9110107421875,764.5919799804688,154.2443345,46.5106688,19.066200256347656,0.2027360051870346,1.6004799604415894,19.115999221801758,0.3172999918460846,0.581341028213501,18.302000045776367,0.06599999964237213,4.951000213623047,0.33500000834465027,-0.5961530208587646,0.04976300150156021,4.349999904632568,0.9750000238418579,594.9110107421875,0.1647060066461563,0.6075680255889893,0.9700000286102295,0.7239999771118164,0.22298899292945862,0.16643700003623962,1.3397799730300903,5.0,0.0,0.7699999809265137,0.9292420148849487,19.064699172973633,0.38850000500679016,154.2444981,46.5107874,8.9104,ZTF20aavptjf
2459034.686412,2,1280186413115,19.21619987487793,/ztf/archive/sci/2020/0704/186400/ztf_20200704186400_000752_zr_c08_o_q4_scimrefdiffimg.fits.fz,Prince,2,1280,31,752,26.12070083618164,4.5586999476654455e-05,0.04264489933848381,0.13845600187778473,6.362130079651251e-05,t17_f5_c3,1.280186413115015e+18,t,2.0,588.1259765625,761.4080200195312,154.2441314,46.5106451,19.00670051574707,0.1643580049276352,1.0636800527572632,19.301799774169922,0.3880999982357025,1.038699984550476,18.302000045776367,0.06599999964237213,4.951000213623047,0.33500000834465027,-0.2419700026512146,0.2951129972934723,2.700000047683716,0.9990000128746033,588.1259765625,-0.08557900041341782,1.0084999799728394,0.8529999852180481,0.7200000286102295,0.3159259855747223,0.2666670083999634,1.1847200393676758,3.0,0.0,0.9442859888076782,1.0,19.31760025024414,0.5048999786376953,154.2444981,46.5107874,9.08498,ZTF20aavptjf
2459034.6913079,2,1280191303115,19.35759925842285,/ztf/archive/sci/2020/0704/191308/ztf_20200704191308_000752_zr_c08_o_q4_scimrefdiffimg.fits.fz,Prince,2,1280,31,752,26.14109992980957,4.14120004279539e-05,0.04108219966292381,0.13128499686717987,5.861690078745596e-05,t17_f5_c3,1.280191303115015e+18,t,0.0,580.2579956054688,757.4669799804688,154.2442073,46.51071,18.94610023498535,0.1393290013074875,1.477720022201538,19.065000534057617,0.3041999936103821,0.7624830007553101,18.302000045776367,0.06599999964237213,4.951000213623047,0.33500000834465027,0.036114998161792755,0.11887899786233902,2.130000114440918,0.9679999947547913,580.2579956054688,0.29256099462509155,1.1511900424957275,0.7070000171661377,0.6129999756813049,0.33192500472068787,0.28779301047325134,1.1533399820327759,6.0,0.0,0.9614289999008179,0.9251289963722229,18.60460090637207,0.2554999887943268,154.2444981,46.5107874,9.58336,ZTF20aavptjf
2459036.6723958,2,1282172393115,19.15369987487793,/ztf/archive/sci/2020/0706/172396/ztf_20200706172396_000752_zr_c08_o_q4_scimrefdiffimg.fits.fz,Prince,2,1282,31,752,26.17770004272461,2.871899960155133e-05,0.034014198929071426,0.1223749965429306,4.028300099889748e-05,t17_f5_c3,1.282172393115015e+18,1,3.0,609.8189697265625,761.864990234375,154.2442724,46.5106786,19.04170036315918,0.15272100269794464,0.870514988899231,19.212799072265625,0.3977000117301941,0.6740229725837708,18.302000045776367,0.06599999964237213,4.951000213623047,0.33500000834465027,-1.3545900583267212,0.1711059957742691,2.259999990463257,0.9200000166893005,609.8189697265625,-0.059112001210451126,1.1437699794769287,0.7519999742507935,0.6859999895095825,0.33274298906326294,0.3035399913787842,1.09621000289917,10.0,0.0,0.9242860078811646,0.8697010278701782,19.272199630737305,0.5390999913215637,154.2444981,46.5107874,9.21907,ZTF20aavptjf
2459036.6772917,2,1282177293115,19.322200775146484,/ztf/archive/sci/2020/0706/177292/ztf_20200706177292_000752_zr_c08_o_q4_scimrefdiffimg.fits.fz,Prince,2,1282,31,752,26.172100067138672,4.5517801481764764e-05,0.04303799942135811,0.12139099836349487,6.386679888237268e-05,t17_f5_c3,1.282177293115015e+18,1,3.0,598.593017578125,758.5230102539062,154.2442932,46.5107168,18.941099166870117,0.15693099796772003,1.8051799535751343,18.602100372314453,0.18880000710487366,0.558118999004364,18.302000045776367,0.06599999964237213,4.951000213623047,0.33500000834465027,-0.4041149914264679,-0.33900201320648193,2.6500000953674316,0.9990000128746033,598.593017578125,0.720088005065918,1.0089800357818604,1.1009999513626099,1.003999948501587,0.41547200083732605,0.3788680136203766,1.0966099500656128,4.0,0.0,0.9128569960594177,1.0,18.61720085144043,0.2451999932527542,154.2444981,46.5107874,10.009,ZTF20aavptjf
2459036.6821875,2,1282182183115,19.476299285888672,/ztf/archive/sci/2020/0706/182188/ztf_20200706182188_000752_zr_c08_o_q4_scimrefdiffimg.fits.fz,Prince,2,1282,31,752,26.151500701904297,2.9500899472623132e-05,0.034904301166534424,0.12812599539756775,4.195830115349963e-05,t17_f5_c3,1.282182183115015e+18,1,3.0,590.0380249023438,754.5159912109375,154.2442762,46.5107471,19.004499435424805,0.13563799858093262,1.7698500156402588,19.370399475097656,0.3630000054836273,0.5612819790840149,18.302000045776367,0.06599999964237213,4.951000213623047,0.33500000834465027,-0.275081992149353,0.3659439980983734,2.0799999237060547,0.9789999723434448,590.0380249023438,0.10591199994087219,1.1763800382614136,0.6320000290870667,0.6010000109672546,0.30384600162506104,0.28894200921058655,1.0515799522399902,5.0,0.0,0.9657139778137207,0.9582509994506836,19.34709930419922,0.4551999866962433,154.2444981,46.5107874,11.6453,ZTF20aavptjf
2459036.6723958,2,1282172393115,19.15369987487793,/ztf/archive/sci/2020/0706/172396/ztf_20200706172396_000752_zr_c08_o_q4_scimrefdiffimg.fits.fz,Prince,2,1282,31,752,26.17770004272461,2.871899960155133e-05,0.034014198929071426,0.1223749965429306,4.028300099889748e-05,t17_f5_c3,1.282172393115015e+18,t,3.0,609.8189697265625,761.864990234375,154.2442724,46.5106786,19.04170036315918,0.15272100269794464,0.870514988899231,19.212799072265625,0.3977000117301941,0.6740229725837708,18.302000045776367,0.06599999964237213,4.951000213623047,0.33500000834465027,-1.3545900583267212,0.1711059957742691,2.259999990463257,0.9200000166893005,609.8189697265625,-0.059112001210451126,1.1437699794769287,0.7519999742507935,0.6859999895095825,0.33274298906326294,0.3035399913787842,1.09621000289917,10.0,0.0,0.9242860078811646,0.8697010278701782,19.272199630737305,0.5390999913215637,154.2444981,46.5107874,9.21907,ZTF20aavptjf
2459036.6772917,2,1282177293115,19.322200775146484,/ztf/archive/sci/2020/0706/177292/ztf_20200706177292_000752_zr_c08_o_q4_scimrefdiffimg.fits.fz,Prince,2,1282,31,752,26.172100067138672,4.5517801481764764e-05,0.04303799942135811,0.12139099836349487,6.386679888237268e-05,t17_f5_c3,1.282177293115015e+18,t,3.0,598.593017578125,758.5230102539062,154.2442932,46.5107168,18.941099166870117,0.15693099796772003,1.8051799535751343,18.602100372314453,0.18880000710487366,0.558118999004364,18.302000045776367,0.06599999964237213,4.951000213623047,0.33500000834465027,-0.4041149914264679,-0.33900201320648193,2.6500000953674316,0.9990000128746033,598.593017578125,0.720088005065918,1.0089800357818604,1.1009999513626099,1.003999948501587,0.41547200083732605,0.3788680136203766,1.0966099500656128,4.0,0.0,0.9128569960594177,1.0,18.61720085144043,0.2451999932527542,154.2444981,46.5107874,10.009,ZTF20aavptjf
2459036.6821875,2,1282182183115,19.476299285888672,/ztf/archive/sci/2020/0706/182188/ztf_20200706182188_000752_zr_c08_o_q4_scimrefdiffimg.fits.fz,Prince,2,1282,31,752,26.151500701904297,2.9500899472623132e-05,0.034904301166534424,0.12812599539756775,4.195830115349963e-05,t17_f5_c3,1.282182183115015e+18,t,3.0,590.0380249023438,754.5159912109375,154.2442762,46.5107471,19.004499435424805,0.13563799858093262,1.7698500156402588,19.370399475097656,0.3630000054836273,0.5612819790840149,18.302000045776367,0.06599999964237213,4.951000213623047,0.33500000834465027,-0.275081992149353,0.3659439980983734,2.0799999237060547,0.9789999723434448,590.0380249023438,0.10591199994087219,1.1763800382614136,0.6320000290870667,0.6010000109672546,0.30384600162506104,0.28894200921058655,1.0515799522399902,5.0,0.0,0.9657139778137207,0.9582509994506836,19.34709930419922,0.4551999866962433,154.2444981,46.5107874,11.6453,ZTF20aavptjf
2459036.6870949,2,1282187093115,19.439599990844727,/ztf/archive/sci/2020/0706/187095/ztf_20200706187095_000752_zr_c08_o_q4_scimrefdiffimg.fits.fz,Prince,2,1282,31,752,26.159700393676758,3.4947501262649894e-05,0.03828810155391693,0.12383999675512314,4.934530079481192e-05,t17_f5_c3,1.282187093115015e+18,t,1.0,582.0020141601562,751.6900024414062,154.2442769,46.5107072,18.943700790405273,0.12410400062799454,1.3223600387573242,18.912500381469727,0.23880000412464142,0.611661970615387,18.302000045776367,0.06599999964237213,4.951000213623047,0.33500000834465027,-1.4861700534820557,-0.03123999945819378,2.2799999713897705,0.9789999723434448,582.0020141601562,0.5270670056343079,1.1077300310134888,0.7630000114440918,0.6579999923706055,0.334648996591568,0.2885960042476654,1.1595699787139893,8.0,0.0,0.9442859888076782,0.9753040075302124,19.00830078125,0.33399999141693115,154.2444981,46.5107874,12.3303,ZTF20aavptjf
2459038.6721065,2,1284172103115,19.46809959411621,/ztf/archive/sci/2020/0708/172060/ztf_20200708172060_000752_zr_c08_o_q4_scimrefdiffimg.fits.fz,Prince,2,1284,31,752,26.173099517822266,3.3123400498880073e-05,0.036906998604536057,0.13647200167179108,4.6492001274600625e-05,t17_f5_c3,1.284172103115015e+18,1,1.0,611.1790161132812,763.2410278320312,154.2441809,46.5106843,19.00309944152832,0.16402000188827515,1.5830600261688232,19.0846004486084,0.29170000553131104,0.8584229946136475,18.302000045776367,0.06599999964237213,4.951000213623047,0.33500000834465027,-0.5349360108375549,0.08146999776363373,1.9900000095367432,1.0,611.1790161132812,0.3834950029850006,1.1819700002670288,0.6639999747276306,0.4440000057220459,0.3336679935455322,0.22311599552631378,1.4954899549484253,7.0,0.0,0.8014289736747742,0.9089530110359192,19.120399475097656,0.38679999113082886,154.2444981,46.5107874,11.4325,ZTF20aavptjf
2459038.6769676,2,1284176963115,19.79129981994629,/ztf/archive/sci/2020/0708/176921/ztf_20200708176921_000752_zr_c08_o_q4_scimrefdiffimg.fits.fz,Prince,2,1284,31,752,26.152000427246094,3.0872000934323296e-05,0.03573630005121231,0.13908299803733826,4.337180143920705e-05,t17_f5_c3,1.284176963115015e+18,1,1.0,600.1799926757812,759.9019775390625,154.244201,46.5107209,18.909000396728516,0.10564900189638138,1.1639699935913086,19.063600540161133,0.2167000025510788,0.7668910026550293,18.302000045776367,0.06599999964237213,4.951000213623047,0.33500000834465027,-0.028152000159025192,0.15460200607776642,1.809999942779541,0.9819999933242798,600.1799926757812,0.7277039885520935,1.2875900268554688,0.5979999899864197,0.5820000171661377,0.3303869962692261,0.3215470016002655,1.0274900197982788,5.0,0.0,0.9585710167884827,0.9514399766921997,19.117700576782227,0.2913999855518341,154.2444981,46.5107874,15.4868,ZTF20aavptjf
2459038.6818519,2,1284181853115,19.900100708007812,/ztf/archive/sci/2020/0708/181806/ztf_20200708181806_000752_zr_c08_o_q4_scimrefdiffimg.fits.fz,Prince,2,1284,31,752,26.15220069885254,2.657410004758276e-05,0.03312709927558899,0.13482500612735748,3.774710057768971e-05,t17_f5_c3,1.284181853115015e+18,1,2.0,590.7239990234375,756.093994140625,154.2442402,46.5107332,19.063199996948242,0.13496999442577362,2.2663800716400146,19.275999069213867,0.23160000145435333,0.65972900390625,18.302000045776367,0.06599999964237213,4.951000213623047,0.33500000834465027,-0.001832999987527728,0.21275900304317474,1.7799999713897705,0.9980000257492065,590.7239990234375,0.6240720152854919,1.3571300506591797,0.6669999957084656,0.5770000219345093,0.3747189939022064,0.3241569995880127,1.1559799909591675,7.0,0.0,0.949999988079071,0.8573610186576843,19.138700485229492,0.2606000006198883,154.2444981,46.5107874,14.2746,ZTF20aavptjf
2459038.6721065,2,1284172103115,19.46809959411621,/ztf/archive/sci/2020/0708/172060/ztf_20200708172060_000752_zr_c08_o_q4_scimrefdiffimg.fits.fz,Prince,2,1284,31,752,26.173099517822266,3.3123400498880073e-05,0.036906998604536057,0.13647200167179108,4.6492001274600625e-05,t17_f5_c3,1.284172103115015e+18,t,1.0,611.1790161132812,763.2410278320312,154.2441809,46.5106843,19.00309944152832,0.16402000188827515,1.5830600261688232,19.0846004486084,0.29170000553131104,0.8584229946136475,18.302000045776367,0.06599999964237213,4.951000213623047,0.33500000834465027,-0.5349360108375549,0.08146999776363373,1.9900000095367432,1.0,611.1790161132812,0.3834950029850006,1.1819700002670288,0.6639999747276306,0.4440000057220459,0.3336679935455322,0.22311599552631378,1.4954899549484253,7.0,0.0,0.8014289736747742,0.9089530110359192,19.120399475097656,0.38679999113082886,154.2444981,46.5107874,11.4325,ZTF20aavptjf
2459038.6769676,2,1284176963115,19.79129981994629,/ztf/archive/sci/2020/0708/176921/ztf_20200708176921_000752_zr_c08_o_q4_scimrefdiffimg.fits.fz,Prince,2,1284,31,752,26.152000427246094,3.0872000934323296e-05,0.03573630005121231,0.13908299803733826,4.337180143920705e-05,t17_f5_c3,1.284176963115015e+18,t,1.0,600.1799926757812,759.9019775390625,154.244201,46.5107209,18.909000396728516,0.10564900189638138,1.1639699935913086,19.063600540161133,0.2167000025510788,0.7668910026550293,18.302000045776367,0.06599999964237213,4.951000213623047,0.33500000834465027,-0.028152000159025192,0.15460200607776642,1.809999942779541,0.9819999933242798,600.1799926757812,0.7277039885520935,1.2875900268554688,0.5979999899864197,0.5820000171661377,0.3303869962692261,0.3215470016002655,1.0274900197982788,5.0,0.0,0.9585710167884827,0.9514399766921997,19.117700576782227,0.2913999855518341,154.2444981,46.5107874,15.4868,ZTF20aavptjf
2459038.6818519,2,1284181853115,19.900100708007812,/ztf/archive/sci/2020/0708/181806/ztf_20200708181806_000752_zr_c08_o_q4_scimrefdiffimg.fits.fz,Prince,2,1284,31,752,26.15220069885254,2.657410004758276e-05,0.03312709927558899,0.13482500612735748,3.774710057768971e-05,t17_f5_c3,1.284181853115015e+18,t,2.0,590.7239990234375,756.093994140625,154.2442402,46.5107332,19.063199996948242,0.13496999442577362,2.2663800716400146,19.275999069213867,0.23160000145435333,0.65972900390625,18.302000045776367,0.06599999964237213,4.951000213623047,0.33500000834465027,-0.001832999987527728,0.21275900304317474,1.7799999713897705,0.9980000257492065,590.7239990234375,0.6240720152854919,1.3571300506591797,0.6669999957084656,0.5770000219345093,0.3747189939022064,0.3241569995880127,1.1559799909591675,7.0,0.0,0.949999988079071,0.8573610186576843,19.138700485229492,0.2606000006198883,154.2444981,46.5107874,14.2746,ZTF20aavptjf
2459038.686713,2,1284186713115,19.76959991455078,/ztf/archive/sci/2020/0708/186667/ztf_20200708186667_000752_zr_c08_o_q4_scimrefdiffimg.fits.fz,Prince,2,1284,31,752,26.145999908447266,2.1362200641306117e-05,0.02983810007572174,0.13821999728679657,3.0379500458366238e-05,t17_f5_c3,1.284186713115015e+18,t,3.0,584.2680053710938,752.9429931640625,154.2442032,46.5107055,18.979999542236328,0.11728599667549133,1.3394500017166138,19.029399871826172,0.18150000274181366,0.7776709794998169,18.302000045776367,0.06599999964237213,4.951000213623047,0.33500000834465027,-0.37060800194740295,0.04941299930214882,2.259999990463257,0.9810000061988831,584.2680053710938,0.740149974822998,1.2262099981307983,0.7590000033378601,0.6919999718666077,0.33584100008010864,0.3061949908733368,1.0968199968338013,4.0,0.0,0.9628570079803467,0.9771450161933899,18.81439971923828,0.19040000438690186,154.2444981,46.5107874,14.2786,ZTF20aavptjf
2459040.6815394,2,1286181533115,19.72439956665039,/ztf/archive/sci/2020/0710/181505/ztf_20200710181505_000752_zr_c08_o_q4_scimrefdiffimg.fits.fz,Prince,2,1286,31,752,26.179399490356445,3.0223700377973728e-05,0.03559910133481026,0.1247820034623146,4.270450153853744e-05,t17_f5_c3,1.286181533115015e+18,1,1.0,605.1380004882812,751.3619995117188,154.2441952,46.5106593,19.028400421142578,0.11688700318336487,1.479349970817566,19.0039005279541,0.19220000505447388,0.8548340201377869,18.302000045776367,0.06599999964237213,4.951000213623047,0.33500000834465027,0.3357059955596924,-0.024545999243855476,2.450000047683716,0.9810000061988831,605.1380004882812,0.7205309867858887,1.0826400518417358,0.7649999856948853,0.7310000061988831,0.3122450113296509,0.2983669936656952,1.0465099811553955,5.0,0.0,0.947143018245697,0.879302978515625,18.996000289916992,0.24379999935626984,154.2444981,46.5107874,13.3642,ZTF20aavptjf
2459040.6865162,2,1286186513115,19.553499221801758,/ztf/archive/sci/2020/0710/186470/ztf_20200710186470_000752_zr_c08_o_q4_scimrefdiffimg.fits.fz,Prince,2,1286,31,752,26.159299850463867,3.9530601497972384e-05,0.04011150076985359,0.13236300647258759,5.5530199460918084e-05,t17_f5_c3,1.286186513115015e+18,1,6.0,588.89501953125,746.9669799804688,154.2441781,46.5107179,19.073299407958984,0.10981900244951248,1.0446699857711792,19.195899963378906,0.22939999401569366,0.8202940225601196,18.302000045776367,0.06599999964237213,4.951000213623047,0.33500000834465027,0.2765420079231262,0.12258800119161606,2.4700000286102295,0.9700000286102295,588.89501953125,0.3575589954853058,1.255210041999817,0.8859999775886536,0.828000009059906,0.35870400071144104,0.335222989320755,1.0700500011444092,2.0,0.0,0.9414290189743042,0.9988250136375427,19.09480094909668,0.2671999931335449,154.2444981,46.5107874,11.8073,ZTF20aavptjf
2459040.6815394,2,1286181533115,19.72439956665039,/ztf/archive/sci/2020/0710/181505/ztf_20200710181505_000752_zr_c08_o_q4_scimrefdiffimg.fits.fz,Prince,2,1286,31,752,26.179399490356445,3.0223700377973728e-05,0.03559910133481026,0.1247820034623146,4.270450153853744e-05,t17_f5_c3,1.286181533115015e+18,t,1.0,605.1380004882812,751.3619995117188,154.2441952,46.5106593,19.028400421142578,0.11688700318336487,1.479349970817566,19.0039005279541,0.19220000505447388,0.8548340201377869,18.302000045776367,0.06599999964237213,4.951000213623047,0.33500000834465027,0.3357059955596924,-0.024545999243855476,2.450000047683716,0.9810000061988831,605.1380004882812,0.7205309867858887,1.0826400518417358,0.7649999856948853,0.7310000061988831,0.3122450113296509,0.2983669936656952,1.0465099811553955,5.0,0.0,0.947143018245697,0.879302978515625,18.996000289916992,0.24379999935626984,154.2444981,46.5107874,13.3642,ZTF20aavptjf
2459040.6865162,2,1286186513115,19.553499221801758,/ztf/archive/sci/2020/0710/186470/ztf_20200710186470_000752_zr_c08_o_q4_scimrefdiffimg.fits.fz,Prince,2,1286,31,752,26.159299850463867,3.9530601497972384e-05,0.04011150076985359,0.13236300647258759,5.5530199460918084e-05,t17_f5_c3,1.286186513115015e+18,t,6.0,588.89501953125,746.9669799804688,154.2441781,46.5107179,19.073299407958984,0.10981900244951248,1.0446699857711792,19.195899963378906,0.22939999401569366,0.8202940225601196,18.302000045776367,0.06599999964237213,4.951000213623047,0.33500000834465027,0.2765420079231262,0.12258800119161606,2.4700000286102295,0.9700000286102295,588.89501953125,0.3575589954853058,1.255210041999817,0.8859999775886536,0.828000009059906,0.35870400071144104,0.335222989320755,1.0700500011444092,2.0,0.0,0.9414290189743042,0.9988250136375427,19.09480094909668,0.2671999931335449,154.2444981,46.5107874,11.8073,ZTF20aavptjf
2459040.6914815,2,1286191483115,19.52440071105957,/ztf/archive/sci/2020/0710/191435/ztf_20200710191435_000752_zr_c08_o_q4_scimrefdiffimg.fits.fz,Prince,2,1286,31,752,26.161800384521484,4.502620140556246e-05,0.04330550134181976,0.12940600514411926,6.347380258375779e-05,t17_f5_c3,1.286191483115015e+18,t,1.0,572.1069946289062,743.3839721679688,154.2440755,46.5106708,18.929800033569336,0.13937200605869293,1.1353800296783447,18.846500396728516,0.16290000081062317,1.1133099794387817,18.302000045776367,0.06599999964237213,4.951000213623047,0.33500000834465027,-0.12609200179576874,-0.08331099897623062,2.799999952316284,0.9750000238418579,572.1069946289062,0.6778759956359863,1.1647100448608398,0.9440000057220459,0.8659999966621399,0.3371430039405823,0.3092859983444214,1.0900700092315674,2.0,0.0,0.9685710072517395,1.0,18.98780059814453,0.23690000176429749,154.2444981,46.5107874,12.14,ZTF20aavptjf
2459041.6804977,3,1287180493115,19.468000411987305,/ztf/archive/sci/2020/0711/180428/ztf_20200711180428_000752_zi_c08_o_q4_scimrefdiffimg.fits.fz,Kulkarni,2,1287,31,752,25.503700256347656,5.382660219765967e-06,0.02328840084373951,0.20145000517368317,1.974969927687198e-05,t17_f5_c3,1.287180493115015e+18,t,1.0,604.8259887695312,732.9240112304688,154.2443621,46.5107668,19.18269920349121,0.1845339983701706,1.2962900400161743,19.5132999420166,0.4424000084400177,0.35482099652290344,18.336000442504883,0.05700000002980232,4.138999938964844,0.23999999463558197,0.24836499989032745,0.33062800765037537,2.5399999618530273,0.8669999837875366,604.8259887695312,-0.04525500163435936,0.9143270254135132,0.7369999885559082,0.5720000267028809,0.2901569902896881,0.22519700229167938,1.2884600162506104,8.0,0.0,0.8414289951324463,0.8213080167770386,19.47570037841797,0.5472999811172485,154.2444828,46.5108222,8.46772,ZTF20aavptjf
2459042.6726042,2,1288172603115,19.422100067138672,/ztf/archive/sci/2020/0712/172604/ztf_20200712172604_000752_zr_c08_o_q4_scimrefdiffimg.fits.fz,Prince,2,1288,31,752,26.07859992980957,4.951770097250119e-05,0.04548479989171028,0.11566399782896042,6.928329821676016e-05,t17_f5_c3,1.288172603115015e+18,1,0.0,617.1710205078125,742.2369995117188,154.2441381,46.5107121,19.125600814819336,0.12608100473880768,1.028499960899353,19.241199493408203,0.37880000472068787,0.9200479984283447,18.302000045776367,0.06599999964237213,4.951000213623047,0.33500000834465027,-0.8345479965209961,0.11563000082969666,1.08965003490448,0.9660000205039978,617.1710205078125,0.18092100322246552,2.0,0.6230000257492065,0.5509999990463257,0.5717459917068481,0.5056689977645874,1.1306699514389038,9.0,0.0,0.8799999952316284,0.791225016117096,19.342100143432617,0.5333999991416931,154.2444981,46.5107874,9.28765,ZTF20aavptjf
2459042.6775347,2,1288177533115,19.679800033569336,/ztf/archive/sci/2020/0712/177535/ztf_20200712177535_000752_zr_c08_o_q4_scimrefdiffimg.fits.fz,Prince,2,1288,31,752,26.060400009155273,2.4100700102280825e-05,0.03204670175909996,0.12385000288486481,3.369210025994107e-05,t17_f5_c3,,,,,,,,,,,,,,,,,,,,,,,,,,,,,,,,,,,,,,,ZTF20aavptjf
2459042.6824537,2,1288182453115,19.781299591064453,/ztf/archive/sci/2020/0712/182442/ztf_20200712182442_000752_zr_c08_o_q4_scimrefdiffimg.fits.fz,Prince,2,1288,31,752,26.047500610351562,2.5214500055881217e-05,0.03233540058135986,0.13422399759292603,3.560150071280077e-05,t17_f5_c3,1.288182453115015e+18,1,0.0,584.7319946289062,733.9359741210938,154.2442763,46.5107211,19.04949951171875,0.11924400180578232,1.2073999643325806,19.01259994506836,0.2231999933719635,0.5771399736404419,18.302000045776367,0.06599999964237213,4.951000213623047,0.33500000834465027,-0.37524500489234924,-0.03692400082945824,1.7400000095367432,0.9679999947547913,584.7319946289062,0.7687050104141235,1.2508000135421753,0.6420000195503235,0.5960000157356262,0.3689660131931305,0.3425289988517761,1.077180027961731,5.0,0.0,0.9614289999008179,0.9573779702186584,18.86949920654297,0.25029999017715454,154.2444981,46.5107874,13.3853,ZTF20aavptjf
2459042.6726042,2,1288172603115,19.422100067138672,/ztf/archive/sci/2020/0712/172604/ztf_20200712172604_000752_zr_c08_o_q4_scimrefdiffimg.fits.fz,Prince,2,1288,31,752,26.07859992980957,4.951770097250119e-05,0.04548479989171028,0.11566399782896042,6.928329821676016e-05,t17_f5_c3,1.288172603115015e+18,t,0.0,617.1710205078125,742.2369995117188,154.2441381,46.5107121,19.125600814819336,0.12608100473880768,1.028499960899353,19.241199493408203,0.37880000472068787,0.9200479984283447,18.302000045776367,0.06599999964237213,4.951000213623047,0.33500000834465027,-0.8345479965209961,0.11563000082969666,1.08965003490448,0.9660000205039978,617.1710205078125,0.18092100322246552,2.0,0.6230000257492065,0.5509999990463257,0.5717459917068481,0.5056689977645874,1.1306699514389038,9.0,0.0,0.8799999952316284,0.791225016117096,19.342100143432617,0.5333999991416931,154.2444981,46.5107874,9.28765,ZTF20aavptjf
2459042.6824537,2,1288182453115,19.781299591064453,/ztf/archive/sci/2020/0712/182442/ztf_20200712182442_000752_zr_c08_o_q4_scimrefdiffimg.fits.fz,Prince,2,1288,31,752,26.047500610351562,2.5214500055881217e-05,0.03233540058135986,0.13422399759292603,3.560150071280077e-05,t17_f5_c3,1.288182453115015e+18,t,0.0,584.7319946289062,733.9359741210938,154.2442763,46.5107211,19.04949951171875,0.11924400180578232,1.2073999643325806,19.01259994506836,0.2231999933719635,0.5771399736404419,18.302000045776367,0.06599999964237213,4.951000213623047,0.33500000834465027,-0.37524500489234924,-0.03692400082945824,1.7400000095367432,0.9679999947547913,584.7319946289062,0.7687050104141235,1.2508000135421753,0.6420000195503235,0.5960000157356262,0.3689660131931305,0.3425289988517761,1.077180027961731,5.0,0.0,0.9614289999008179,0.9573779702186584,18.86949920654297,0.25029999017715454,154.2444981,46.5107874,13.3853,ZTF20aavptjf
2459042.6873611,2,1288187363115,19.580400466918945,/ztf/archive/sci/2020/0712/187361/ztf_20200712187361_000752_zr_c08_o_q4_scimrefdiffimg.fits.fz,Prince,2,1288,31,752,26.025699615478516,2.4805600332911126e-05,0.031902700662612915,0.13541899621486664,3.4961998608196154e-05,t17_f5_c3,1.288187363115015e+18,t,0.0,573.6370239257812,730.5889892578125,154.2442219,46.5106509,19.08769989013672,0.14691099524497986,1.3862099647521973,19.264299392700195,0.2897000014781952,0.8313999772071838,18.302000045776367,0.06599999964237213,4.951000213623047,0.33500000834465027,-0.03784799948334694,0.17660599946975708,1.7300000190734863,0.9990000128746033,573.6370239257812,0.316089004278183,1.4685399532318115,0.6740000247955322,0.6150000095367432,0.38959500193595886,0.3554910123348236,1.0959299802780151,2.0,0.0,0.9700000286102295,0.9733260273933411,19.039600372314453,0.30169999599456787,154.2444981,46.5107874,10.447,ZTF20aavptjf
2459044.6721991,2,1290172193115,19.215999603271484,/ztf/archive/sci/2020/0714/172188/ztf_20200714172188_000752_zr_c08_o_q4_scimrefdiffimg.fits.fz,Prince,2,1290,31,752,26.14539909362793,4.616919977706857e-05,0.042741600424051285,0.13294999301433563,6.399230187525973e-05,t17_f5_c3,1.290172193115015e+18,1,0.0,603.552978515625,719.0440063476562,154.2442096,46.5107872,19.01740074157715,0.15006199479103088,1.1081199645996094,18.846099853515625,0.25360000133514404,0.7375509738922119,18.302000045776367,0.06599999964237213,4.951000213623047,0.33500000834465027,0.2717970013618469,-0.17134299874305725,3.5,0.9639999866485596,603.552978515625,0.3699280023574829,0.7826120257377625,0.8610000014305115,0.7269999980926514,0.2460000067949295,0.2077140063047409,1.1843199729919434,6.0,0.0,0.9371430277824402,1.0,18.955299377441406,0.3596999943256378,154.2444981,46.5107874,8.70864,ZTF20aavptjf
2459044.6771759,2,1290177173115,19.5487003326416,/ztf/archive/sci/2020/0714/177176/ztf_20200714177176_000752_zr_c08_o_q4_scimrefdiffimg.fits.fz,Prince,2,1290,31,752,26.131799697875977,2.8382099117152393e-05,0.03378000110387802,0.142412006855011,3.957860099035315e-05,t17_f5_c3,1.290177173115015e+18,1,3.0,580.9730224609375,716.0059814453125,154.2441824,46.5106513,19.34980010986328,0.15202000737190247,0.7250710129737854,19.085500717163086,0.24959999322891235,0.9108350276947021,18.302000045776367,0.06599999964237213,4.951000213623047,0.33500000834465027,-0.29238399863243103,-0.26432499289512634,2.0999999046325684,0.9710000157356262,580.9730224609375,0.4631969928741455,1.2250900268554688,0.8650000095367432,0.6990000009536743,0.4119049906730652,0.33285701274871826,1.2374800443649292,5.0,0.0,0.9614289999008179,0.9652490019798279,19.18320083618164,0.34929999709129333,154.2444981,46.5107874,9.42325,ZTF20aavptjf
2459044.6821528,2,1290182153115,19.63479995727539,/ztf/archive/sci/2020/0714/182153/ztf_20200714182153_000752_zr_c08_o_q4_scimrefdiffimg.fits.fz,Prince,2,1290,31,752,26.141700744628906,2.3618000341230072e-05,0.03086869977414608,0.12855100631713867,3.307790029793978e-05,t17_f5_c3,1.290182153115015e+18,1,0.0,566.4990234375,711.9080200195312,154.2442961,46.5107794,19.468700408935547,0.16178500652313232,1.2657699584960938,19.814599990844727,0.4334999918937683,0.5131369829177856,18.302000045776367,0.06599999964237213,4.951000213623047,0.33500000834465027,-0.4216560125350952,0.34591200947761536,3.130000114440918,0.9860000014305115,566.4990234375,-0.17983800172805786,0.855758011341095,0.6949999928474426,0.6620000004768372,0.22204500436782837,0.21150200068950653,1.0498499870300293,6.0,0.0,0.949999988079071,0.9915909767150879,19.447500228881836,0.39629998803138733,154.2444981,46.5107874,8.107,ZTF20aavptjf
2459044.6721991,2,1290172193115,19.215999603271484,/ztf/archive/sci/2020/0714/172188/ztf_20200714172188_000752_zr_c08_o_q4_scimrefdiffimg.fits.fz,Prince,2,1290,31,752,26.14539909362793,4.616919977706857e-05,0.042741600424051285,0.13294999301433563,6.399230187525973e-05,t17_f5_c3,1.290172193115015e+18,t,0.0,603.552978515625,719.0440063476562,154.2442096,46.5107872,19.01740074157715,0.15006199479103088,1.1081199645996094,18.846099853515625,0.25360000133514404,0.7375509738922119,18.302000045776367,0.06599999964237213,4.951000213623047,0.33500000834465027,0.2717970013618469,-0.17134299874305725,3.5,0.9639999866485596,603.552978515625,0.3699280023574829,0.7826120257377625,0.8610000014305115,0.7269999980926514,0.2460000067949295,0.2077140063047409,1.1843199729919434,6.0,0.0,0.9371430277824402,1.0,18.955299377441406,0.3596999943256378,154.2444981,46.5107874,8.70864,ZTF20aavptjf
2459044.6771759,2,1290177173115,19.5487003326416,/ztf/archive/sci/2020/0714/177176/ztf_20200714177176_000752_zr_c08_o_q4_scimrefdiffimg.fits.fz,Prince,2,1290,31,752,26.131799697875977,2.8382099117152393e-05,0.03378000110387802,0.142412006855011,3.957860099035315e-05,t17_f5_c3,1.290177173115015e+18,t,3.0,580.9730224609375,716.0059814453125,154.2441824,46.5106513,19.34980010986328,0.15202000737190247,0.7250710129737854,19.085500717163086,0.24959999322891235,0.9108350276947021,18.302000045776367,0.06599999964237213,4.951000213623047,0.33500000834465027,-0.29238399863243103,-0.26432499289512634,2.0999999046325684,0.9710000157356262,580.9730224609375,0.4631969928741455,1.2250900268554688,0.8650000095367432,0.6990000009536743,0.4119049906730652,0.33285701274871826,1.2374800443649292,5.0,0.0,0.9614289999008179,0.9652490019798279,19.18320083618164,0.34929999709129333,154.2444981,46.5107874,9.42325,ZTF20aavptjf
2459044.6821528,2,1290182153115,19.63479995727539,/ztf/archive/sci/2020/0714/182153/ztf_20200714182153_000752_zr_c08_o_q4_scimrefdiffimg.fits.fz,Prince,2,1290,31,752,26.141700744628906,2.3618000341230072e-05,0.03086869977414608,0.12855100631713867,3.307790029793978e-05,t17_f5_c3,1.290182153115015e+18,t,0.0,566.4990234375,711.9080200195312,154.2442961,46.5107794,19.468700408935547,0.16178500652313232,1.2657699584960938,19.814599990844727,0.4334999918937683,0.5131369829177856,18.302000045776367,0.06599999964237213,4.951000213623047,0.33500000834465027,-0.4216560125350952,0.34591200947761536,3.130000114440918,0.9860000014305115,566.4990234375,-0.17983800172805786,0.855758011341095,0.6949999928474426,0.6620000004768372,0.22204500436782837,0.21150200068950653,1.0498499870300293,6.0,0.0,0.949999988079071,0.9915909767150879,19.447500228881836,0.39629998803138733,154.2444981,46.5107874,8.107,ZTF20aavptjf
2459044.6871412,2,1290187143115,19.69260025024414,/ztf/archive/sci/2020/0714/187141/ztf_20200714187141_000752_zr_c08_o_q4_scimrefdiffimg.fits.fz,Prince,2,1290,31,752,26.125,3.2914798794081435e-05,0.03632060065865517,0.14044199883937836,4.5933600631542504e-05,t17_f5_c3,1.290187143115015e+18,t,0.0,553.7990112304688,709.0170288085938,154.2441392,46.5107128,19.150999069213867,0.11036799848079681,0.9567509889602661,19.1835994720459,0.23810000717639923,0.9167270064353943,18.302000045776367,0.06599999964237213,4.951000213623047,0.33500000834465027,0.40043801069259644,0.03260499984025955,2.4700000286102295,0.9739999771118164,553.7990112304688,0.50901198387146,1.0524499416351318,0.7350000143051147,0.6769999861717224,0.29757100343704224,0.2740890085697174,1.085669994354248,3.0,0.0,0.9685710072517395,1.0,19.237300872802734,0.319599986076355,154.2444981,46.5107874,11.5294,ZTF20aavptjf
2459045.6804282,3,1291180423115,19.508699417114258,/ztf/archive/sci/2020/0715/180359/ztf_20200715180359_000752_zi_c08_o_q4_scimrefdiffimg.fits.fz,Kulkarni,2,1291,31,752,25.6564998626709,5.907870217924938e-06,0.02396159991621971,0.1962990015745163,2.1728099454776384e-05,t17_f5_c3,1.291180423115015e+18,t,2.0,603.5590209960938,726.8150024414062,154.2442792,46.5107382,19.160499572753906,0.19290299713611603,1.5344799757003784,19.45680046081543,0.38589999079704285,0.5804049968719482,18.336000442504883,0.05700000002980232,4.138999938964844,0.23999999463558197,-0.0012169999536126852,0.29631900787353516,1.2182600498199463,0.9900000095367432,603.5590209960938,0.051913000643253326,2.0,0.6579999923706055,0.5070000290870667,0.5401139855384827,0.4161669909954071,1.2978299856185913,4.0,0.0,0.8728569746017456,0.9759839773178101,19.7632999420166,0.6549000144004822,154.2444828,46.5108222,9.58033,ZTF20aavptjf
2459046.6679282,2,1292167923115,18.992399215698242,/ztf/archive/sci/2020/0716/167917/ztf_20200716167917_000752_zr_c08_o_q4_scimrefdiffimg.fits.fz,Prince,2,1292,31,752,26.171600341796875,3.752429984160699e-05,0.03803279995918274,0.14426399767398834,5.202270040172152e-05,t17_f5_c3,,,,,,,,,,,,,,,,,,,,,,,,,,,,,,,,,,,,,,,ZTF20aavptjf
2459046.6728704,2,1292172873115,19.32990074157715,/ztf/archive/sci/2020/0716/172859/ztf_20200716172859_000752_zr_c08_o_q4_scimrefdiffimg.fits.fz,Prince,2,1292,31,752,26.157499313354492,3.7203200918156654e-05,0.03913690149784088,0.12990699708461761,5.238359881332144e-05,t17_f5_c3,1.292172873115015e+18,1,2.0,586.4080200195312,741.7000122070312,154.2442654,46.510705,19.300500869750977,0.1711069941520691,0.8591949939727783,19.691999435424805,0.5153999924659729,0.6397050023078918,18.302000045776367,0.06599999964237213,4.951000213623047,0.33500000834465027,-1.47121000289917,0.39151498675346375,1.3226499557495117,0.8889999985694885,586.4080200195312,-0.36208298802375793,2.0,0.6909999847412109,0.6669999957084656,0.5224339962005615,0.5042889714241028,1.035979986190796,3.0,0.0,0.9371430277824402,0.9985479712486267,19.24169921875,0.4368000030517578,154.2444981,46.5107874,6.9388,ZTF20aavptjf
2459046.6778009,2,1292177803115,19.499900817871094,/ztf/archive/sci/2020/0716/177801/ztf_20200716177801_000752_zr_c08_o_q4_scimrefdiffimg.fits.fz,Prince,2,1292,31,752,26.1560001373291,9.55657014856115e-05,0.06261999905109406,0.13187900185585022,0.00013353799295146018,t17_f5_c3,,,,,,,,,,,,,,,,,,,,,,,,,,,,,,,,,,,,,,,ZTF20aavptjf
