jd,fid,pid,diffmaglim,pdiffimfilename,programpi,programid,candid,isdiffpos,tblid,nid,rcid,field,xpos,ypos,ra,dec,magpsf,sigmapsf,chipsf,magap,sigmagap,distnr,magnr,sigmagnr,chinr,sharpnr,sky,magdiff,fwhm,classtar,mindtoedge,magfromlim,seeratio,aimage,bimage,aimagerat,bimagerat,elong,nneg,nbad,rb,sumrat,magapbig,sigmagapbig,ranr,decnr,scorr,magzpsci,magzpsciunc,magzpscirms,clrcoeff,clrcounc,rbversion,obj_id
2460193.959537,2,2439459534015,20.094499588012695,/ztf/archive/sci/2023/0906/459537/ztf_20230906459537_000251_zr_c11_o_q1_scimrefdiffimg.fits.fz,Kulkarni,1,2.439459534015015e+18,t,6.0,2439,40,251,948.1799926757812,2313.85009765625,45.1985661,-23.0511853,19.069499969482422,0.09865699708461761,1.2516100406646729,19.20050048828125,0.16590000689029694,0.15950800478458405,18.13599967956543,0.032999999821186066,2.927000045776367,0.1469999998807907,0.041568998247385025,0.13103799521923065,1.8700000047683716,0.972000002861023,766.6530151367188,0.8940349817276001,1.4146000146865845,0.7350000143051147,0.7039999961853027,0.3930479884147644,0.37647101283073425,1.044029951095581,2.0,0.0,0.9571430087089539,1.0,19.100099563598633,0.1923999935388565,45.1986134,-23.0511963,8.69579,26.3435001373291,2.3059099476085976e-05,0.02918040007352829,0.13652299344539642,3.2081799872685224e-05,t17_f5_c3,ZTF20abxyayj
2460193.9815741,1,2439481574015,19.830799102783203,/ztf/archive/sci/2023/0906/481562/ztf_20230906481562_000251_zg_c11_o_q1_scimrefdiffimg.fits.fz,Kulkarni,1,2.439481574015015e+18,t,11.0,2439,40,251,966.0280151367188,2316.9599609375,45.19857,-23.0512105,19.068599700927734,0.09522099792957306,0.5178660154342651,19.035600662231445,0.17090000212192535,0.1159449964761734,18.625999450683594,0.020999999716877937,1.2009999752044678,0.05999999865889549,-0.5578410029411316,-0.03295600041747093,2.609999895095825,0.9810000061988831,763.5380249023438,0.7952309846878052,1.061769962310791,0.8690000176429749,0.7730000019073486,0.33294999599456787,0.2961690127849579,1.1241899728775024,2.0,4.0,0.33142900466918945,1.0,19.174800872802734,0.24819999933242798,45.1986008,-23.0511944,11.5905,26.2716007232666,3.654769898275845e-05,0.03616970032453537,-0.035027798265218735,5.5202199291670695e-05,t17_f5_c3,ZTF20abxyayj
2460196.9389931,2,2442438994015,20.07699966430664,/ztf/archive/sci/2023/0909/438993/ztf_20230909438993_000251_zr_c11_o_q1_scimrefdiffimg.fits.fz,Kulkarni,1,2.442438994015015e+18,t,12.0,2442,40,251,960.1610107421875,2298.3798828125,45.1985819,-23.0512601,19.096099853515625,0.11266499757766724,1.255020022392273,19.177600860595703,0.163100004196167,0.24900799989700317,18.13599967956543,0.032999999821186066,2.927000045776367,0.1469999998807907,0.1682319939136505,0.08147600293159485,2.9000000953674316,0.8970000147819519,782.1190185546875,0.8994420170783997,0.9260650277137756,0.8169999718666077,0.753000020980835,0.2817240059375763,0.2596549987792969,1.0849900245666504,4.0,0.0,0.9557139873504639,0.977528989315033,19.272600173950195,0.22609999775886536,45.1986134,-23.0511963,9.66726,26.260099411010742,2.5938199541997164e-05,0.03144489973783493,0.1320980042219162,3.609949999372475e-05,t17_f5_c3,ZTF20abxyayj
2460196.9740509,1,2442474054015,19.990800857543945,/ztf/archive/sci/2023/0909/474051/ztf_20230909474051_000251_zg_c11_o_q1_scimrefdiffimg.fits.fz,Kulkarni,1,2.442474054015015e+18,t,10.0,2442,40,251,971.031005859375,2298.56005859375,45.1985818,-23.0511876,19.253599166870117,0.11756099760532379,1.5470600128173828,19.35059928894043,0.19750000536441803,0.06655699759721756,18.625999450683594,0.020999999716877937,1.2009999752044678,0.05999999865889549,-0.060846999287605286,0.09698499739170074,3.4000000953674316,0.9739999771118164,781.9420166015625,0.6402279734611511,0.8190810084342957,0.8320000171661377,0.7710000276565552,0.24470600485801697,0.2267650067806244,1.0791200399398804,2.0,0.0,0.9585710167884827,1.0,19.09670066833496,0.1995999962091446,45.1986008,-23.0511944,10.1683,26.165599822998047,4.839240136789158e-05,0.04211829975247383,-0.027886800467967987,7.274629751918837e-05,t17_f5_c3,ZTF20abxyayj
2460199.9905556,1,2445490554015,20.000600814819336,/ztf/archive/sci/2023/0912/490544/ztf_20230912490544_000251_zg_c11_o_q1_scimrefdiffimg.fits.fz,Kulkarni,1,2.445490554015015e+18,t,7.0,2445,40,251,996.4860229492188,2307.0,45.1986434,-23.0512259,19.079700469970703,0.10507900267839432,1.2940800189971924,19.17620086669922,0.14560000598430634,0.17886899411678314,18.625999450683594,0.020999999716877937,1.2009999752044678,0.05999999865889549,0.022299999371170998,0.09654299914836884,3.6700000762939453,0.968999981880188,773.5,0.824442982673645,0.8737099766731262,0.9750000238418579,0.9150000214576721,0.26566800475120544,0.24931900203227997,1.0655699968338013,1.0,0.0,0.9442859888076782,1.0,19.369600296020508,0.22130000591278076,45.1986008,-23.0511944,15.0748,26.28070068359375,3.403269874979742e-05,0.03489470109343529,-0.03876740112900734,5.229900125414133e-05,t17_f5_c3,ZTF20abxyayj
2460201.9388657,2,2447438864015,20.43440055847168,/ztf/archive/sci/2023/0914/438866/ztf_20230914438866_000251_zr_c11_o_q1_scimrefdiffimg.fits.fz,Kulkarni,1,2.447438864015015e+18,t,9.0,2447,40,251,955.4630126953125,2310.8701171875,45.1985848,-23.0511846,19.18440055847168,0.09674199670553207,1.8759900331497192,19.242300033569336,0.13019999861717224,0.10241399705410004,18.13599967956543,0.032999999821186066,2.927000045776367,0.1469999998807907,-0.1754080057144165,0.057851001620292664,2.1600000858306885,0.9190000295639038,769.6270141601562,1.1920700073242188,1.215809941291809,0.7689999938011169,0.6759999990463257,0.356018990278244,0.31296300888061523,1.1375700235366821,2.0,0.0,0.9628570079803467,1.0,19.15839958190918,0.15209999680519104,45.1986134,-23.0511963,10.5915,26.337499618530273,1.8427899703965522e-05,0.026227399706840515,0.11860399693250656,2.5607700081309304e-05,t17_f5_c3,ZTF20abxyayj
2460201.9808102,1,2447480814015,20.44890022277832,/ztf/archive/sci/2023/0914/480799/ztf_20230914480799_000251_zg_c11_o_q1_scimrefdiffimg.fits.fz,Kulkarni,1,2.447480814015015e+18,t,17.0,2447,40,251,957.8920288085938,2314.14990234375,45.1985623,-23.0511957,19.146699905395508,0.09071999788284302,1.40215003490448,19.395299911499023,0.13580000400543213,0.12603500485420227,18.625999450683594,0.020999999716877937,1.2009999752044678,0.05999999865889549,0.13765999674797058,0.2486020028591156,2.4100000858306885,0.9769999980926514,766.3460083007812,1.053629994392395,1.1806800365447998,0.7770000100135803,0.7129999995231628,0.3224070072174072,0.2958509922027588,1.0897599458694458,1.0,3.0,0.4585709869861603,1.0,19.427400588989258,0.17659999430179596,45.1986008,-23.0511944,14.0537,26.239700317382812,2.705269980651792e-05,0.0318651981651783,-0.06203100085258484,3.837850090349093e-05,t17_f5_c3,ZTF20abxyayj
2460203.9178704,1,2449417874015,20.557899475097656,/ztf/archive/sci/2023/0916/417870/ztf_20230916417870_000251_zg_c11_o_q1_scimrefdiffimg.fits.fz,Kulkarni,1,2.449417874015035e+18,t,8.0,2449,40,251,956.125,2272.1201171875,45.1985152,-23.0511542,19.19529914855957,0.09006799757480621,1.0081599950790405,19.136499404907227,0.09849999845027924,0.3141779899597168,18.625999450683594,0.020999999716877937,1.2009999752044678,0.05999999865889549,-0.7380520105361938,-0.05881299823522568,2.9100000858306885,0.9769999980926514,808.375,1.4213600158691406,0.9770529866218567,0.8360000252723694,0.800000011920929,0.2872850000858307,0.2749139964580536,1.0449999570846558,0.0,0.0,0.9585710167884827,1.0,19.080699920654297,0.11749999970197678,45.1986008,-23.0511944,13.2841,26.228300094604492,2.932499955932144e-05,0.03335430100560188,-0.07722820341587067,4.103440005565062e-05,t17_f5_c3,ZTF20abxyayj
2460203.9807986,2,2449480794015,20.483600616455078,/ztf/archive/sci/2023/0916/480787/ztf_20230916480787_000251_zr_c11_o_q1_scimrefdiffimg.fits.fz,Kulkarni,1,2.449480794015015e+18,t,6.0,2449,40,251,956.0289916992188,2278.659912109375,45.1985245,-23.051233,19.089599609375,0.08868599683046341,1.6567399501800537,19.13789939880371,0.10849999636411667,0.31869301199913025,18.13599967956543,0.032999999821186066,2.927000045776367,0.1469999998807907,-0.356332004070282,0.04828700050711632,2.6600000858306885,0.972000002861023,801.843994140625,1.3457399606704712,1.0443799495697021,0.8109999895095825,0.7549999952316284,0.30488699674606323,0.2838349938392639,1.0741699934005737,2.0,0.0,0.9528570175170898,0.9757300019264221,19.0625,0.12720000743865967,45.1986134,-23.0511963,14.8958,26.32159996032715,2.4660699637024663e-05,0.03018219955265522,0.12860499322414398,3.403950177016668e-05,t17_f5_c3,ZTF20abxyayj
2460205.9181134,2,2451418114015,20.597900390625,/ztf/archive/sci/2023/0918/418113/ztf_20230918418113_000251_zr_c11_o_q1_scimrefdiffimg.fits.fz,Kulkarni,1,,,,2451,40,251,,,,,,,,,,,,,,,,,,,,,,,,,,,,,,,,,,,,26.37809944152832,2.075910015264526e-05,0.027795299887657166,0.10980299860239029,2.8779000786016695e-05,t17_f5_c3,ZTF20abxyayj
2460205.97875,1,2451478754015,20.625900268554688,/ztf/archive/sci/2023/0918/478727/ztf_20230918478727_000251_zg_c11_o_q1_scimrefdiffimg.fits.fz,Kulkarni,1,2.451478754015015e+18,t,9.0,2451,40,251,977.9860229492188,2306.1201171875,45.1985585,-23.0511996,19.153799057006836,0.09164100140333176,1.6034200191497803,19.11090087890625,0.09220000356435776,0.13962000608444214,18.625999450683594,0.020999999716877937,1.2009999752044678,0.05999999865889549,-0.16855399310588837,-0.04292299970984459,3.2100000381469727,0.9779999852180481,774.3770141601562,1.5149500370025635,0.8752989768981934,0.9279999732971191,0.8849999904632568,0.28909701108932495,0.27570098638534546,1.0485899448394775,0.0,0.0,0.9542859792709351,1.0,19.106000900268555,0.11500000208616257,45.1986008,-23.0511944,13.5641,26.260799407958984,2.640509956108872e-05,0.031475700438022614,-0.055817700922489166,3.7273199268383905e-05,t17_f5_c3,ZTF20abxyayj
2460208.9619213,1,2454461924015,20.166900634765625,/ztf/archive/sci/2023/0921/461910/ztf_20230921461910_000251_zg_c11_o_q1_scimrefdiffimg.fits.fz,Kulkarni,1,2.454461924015015e+18,t,7.0,2454,40,251,957.5050048828125,2325.949951171875,45.198599,-23.051201,19.103099822998047,0.11056900024414062,1.9059799909591675,19.18910026550293,0.12759999930858612,0.024304000660777092,18.625999450683594,0.020999999716877937,1.2009999752044678,0.05999999865889549,0.1602189987897873,0.08602099865674973,3.5999999046325684,0.9629999995231628,754.551025390625,0.9777929782867432,0.8950650095939636,0.9539999961853027,0.8880000114440918,0.26499998569488525,0.24666699767112732,1.0743199586868286,2.0,0.0,0.945713996887207,1.0,19.171499252319336,0.1590999960899353,45.1986008,-23.0511944,16.311,26.250099182128906,3.449989890214056e-05,0.03541789948940277,-0.06635259836912155,5.0153601478086784e-05,t17_f5_c3,ZTF20abxyayj
2460208.9880671,2,2454488064015,20.29680061340332,/ztf/archive/sci/2023/0921/488056/ztf_20230921488056_000251_zr_c11_o_q1_scimrefdiffimg.fits.fz,Kulkarni,1,2.454488064015015e+18,t,6.0,2454,40,251,949.2059936523438,2330.179931640625,45.1985494,-23.05122,19.181900024414062,0.12598100304603577,1.1977699995040894,19.369699478149414,0.1607999950647354,0.22550199925899506,18.13599967956543,0.032999999821186066,2.927000045776367,0.1469999998807907,-0.16470199823379517,0.18777400255203247,2.9200000762939453,0.9049999713897705,750.3159790039062,0.9271119832992554,0.9205269813537598,0.7009999752044678,0.6389999985694885,0.2400680035352707,0.2188359946012497,1.0970300436019897,5.0,0.0,0.9485710263252258,0.9668729901313782,19.422399520874023,0.21359999477863312,45.1986134,-23.0511963,8.13308,26.317899703979492,1.82347994268639e-05,0.025895800441503525,0.1260720044374466,2.517319990147371e-05,t17_f5_c3,ZTF20abxyayj
2460212.9395833,2,2458439584015,20.401399612426758,/ztf/archive/sci/2023/0925/439421/ztf_20230925439421_000251_zr_c11_o_q1_scimrefdiffimg.fits.fz,Kulkarni,1,2.458439584015015e+18,t,2.0,2458,40,251,962.073974609375,2316.169921875,45.1985427,-23.0511804,19.20639991760254,0.11020199954509735,1.1477199792861938,19.315900802612305,0.14890000224113464,0.23803600668907166,18.13599967956543,0.032999999821186066,2.927000045776367,0.1469999998807907,-0.1609259992837906,0.10948000103235245,1.5499999523162842,0.949999988079071,764.3350219726562,1.0855000019073486,1.6197199821472168,0.7480000257492065,0.675000011920929,0.4825809895992279,0.43548399209976196,1.1081500053405762,5.0,0.0,0.947143018245697,0.9896199703216553,19.578399658203125,0.23970000445842743,45.1986134,-23.0511963,8.45932,26.363399505615234,1.5102200450201053e-05,0.023713799193501472,0.12626299262046814,2.1003599613322876e-05,t17_f5_c3,ZTF20abxyayj
2460215.9180903,2,2461418094015,19.641399383544922,/ztf/archive/sci/2023/0928/418090/ztf_20230928418090_000251_zr_c11_o_q1_scimrefdiffimg.fits.fz,Kulkarni,1,2.461418094015015e+18,t,4.0,2461,40,251,972.9019775390625,2308.22998046875,45.1985039,-23.0512182,19.199199676513672,0.17055900394916534,1.1458200216293335,18.858999252319336,0.20640000700950623,0.36658599972724915,18.13599967956543,0.032999999821186066,2.927000045776367,0.1469999998807907,-0.15472200512886047,-0.34015899896621704,2.3499999046325684,0.734000027179718,772.2659912109375,0.7824299931526184,0.9801170229911804,0.7620000243186951,0.6150000095367432,0.32425498962402344,0.2617020010948181,1.2390199899673462,5.0,0.0,0.9028570055961609,0.9376320242881775,18.80620002746582,0.25189998745918274,45.1986134,-23.0511963,6.86013,26.37420082092285,2.4961000235634856e-05,0.03046249970793724,0.12307199835777283,3.499390004435554e-05,t17_f5_c3,ZTF20abxyayj
2460215.9608565,1,2461460854015,19.12969970703125,/ztf/archive/sci/2023/0928/460856/ztf_20230928460856_000251_zg_c11_o_q1_scimrefdiffimg.fits.fz,Kulkarni,1,,,,2461,40,251,,,,,,,,,,,,,,,,,,,,,,,,,,,,,,,,,,,,26.24340057373047,5.526389941223897e-05,0.041046999394893646,-0.011006399989128113,9.781240078154951e-05,t17_f5_c3,ZTF20abxyayj
2460217.9176852,2,2463417684015,18.99449920654297,/ztf/archive/sci/2023/0930/417674/ztf_20230930417674_000251_zr_c11_o_q1_scimrefdiffimg.fits.fz,Kulkarni,1,2.463417684015015e+18,t,4.0,2463,40,251,962.4149780273438,2313.590087890625,45.198502,-23.0510787,19.18079948425293,0.2553110122680664,1.0559699535369873,19.45949935913086,0.5295000076293945,0.5543519854545593,18.13599967956543,0.032999999821186066,2.927000045776367,0.1469999998807907,-1.219349980354309,0.2787129878997803,2.3499999046325684,0.9890000224113464,766.906982421875,-0.4649679958820343,1.1965800523757935,0.8159999847412109,0.6710000038146973,0.34723401069641113,0.28553199768066406,1.2160899639129639,7.0,0.0,0.9157140254974365,0.8906689882278442,19.554800033569336,0.7423999905586243,45.1986134,-23.0511963,5.3476,26.348800659179688,4.293689926271327e-05,0.03923569992184639,0.12485499680042267,5.9876001614611596e-05,t17_f5_c3,ZTF20abxyayj
2460221.8972569,1,2467397254015,18.95840072631836,/ztf/archive/sci/2023/1004/397257/ztf_20231004397257_000251_zg_c11_o_q1_scimrefdiffimg.fits.fz,Kulkarni,1,,,,2467,40,251,,,,,,,,,,,,,,,,,,,,,,,,,,,,,,,,,,,,26.290599822998047,0.00014914899657014757,0.05020679906010628,-0.06724639981985092,0.00035907598794437945,t17_f5_c3,ZTF20abxyayj
2460223.8971412,1,2469397144015,19.720399856567383,/ztf/archive/sci/2023/1006/396528/ztf_20231006396528_000251_zg_c11_o_q1_scimrefdiffimg.fits.fz,Kulkarni,1,,,,2469,40,251,,,,,,,,,,,,,,,,,,,,,,,,,,,,,,,,,,,,26.24329948425293,3.246269989176653e-05,0.03329719975590706,-0.04296639934182167,5.172079909243621e-05,t17_f5_c3,ZTF20abxyayj
2460223.9775579,2,2469477554015,19.64240074157715,/ztf/archive/sci/2023/1006/477558/ztf_20231006477558_000251_zr_c11_o_q1_scimrefdiffimg.fits.fz,Kulkarni,1,2.469477554015015e+18,t,7.0,2469,40,251,952.2639770507812,2303.2900390625,45.1985948,-23.0512064,19.125099182128906,0.14135700464248657,1.0617899894714355,19.23200035095215,0.22509999573230743,0.07061900198459625,18.13599967956543,0.032999999821186066,2.927000045776367,0.1469999998807907,0.09779900312423706,0.10690200328826904,2.9100000858306885,0.8119999766349792,777.2069702148438,0.4103640019893646,1.0312700271606445,0.9169999957084656,0.8059999942779541,0.31512001156806946,0.27697598934173584,1.137719988822937,4.0,0.0,0.9685710072517395,1.0,19.31290054321289,0.3098999857902527,45.1986134,-23.0511963,9.48784,26.31209945678711,3.27734014717862e-05,0.035038601607084274,0.1299470067024231,4.564629853121005e-05,t17_f5_c3,ZTF20abxyayj
2460225.8803356,1,2471380334015,20.012699127197266,/ztf/archive/sci/2023/1008/380174/ztf_20231008380174_000251_zg_c11_o_q1_scimrefdiffimg.fits.fz,Kulkarni,1,2.471380334015015e+18,1,12.0,2471,40,251,969.6939697265625,2314.929931640625,45.1986237,-23.0512387,18.9783992767334,0.11778199672698975,1.6354700326919556,19.155799865722656,0.16110000014305115,0.17424100637435913,18.625999450683594,0.020999999716877937,1.2009999752044678,0.05999999865889549,0.3232089877128601,0.17739799618721008,2.690000057220459,0.9819999933242798,765.5679931640625,0.8569219708442688,1.0411499738693237,0.7910000085830688,0.7089999914169312,0.29405200481414795,0.2635689973831177,1.1156599521636963,2.0,0.0,0.9528570175170898,0.9833739995956421,19.107900619506836,0.1965000033378601,45.1986008,-23.0511944,15.1038,26.21139907836914,3.0695999157615006e-05,0.03349729999899864,-0.029952000826597214,4.5971701183589175e-05,t17_f5_c3,ZTF20abxyayj
2460193.959537,2,2439459534015,20.094499588012695,/ztf/archive/sci/2023/0906/459537/ztf_20230906459537_000251_zr_c11_o_q1_scimrefdiffimg.fits.fz,Kulkarni,1,2.439459534015015e+18,1,6.0,2439,40,251,948.1799926757812,2313.85009765625,45.1985661,-23.0511853,19.069499969482422,0.09865699708461761,1.2516100406646729,19.20050048828125,0.16590000689029694,0.15950800478458405,18.13599967956543,0.032999999821186066,2.927000045776367,0.1469999998807907,0.041568998247385025,0.13103799521923065,1.8700000047683716,0.972000002861023,766.6530151367188,0.8940349817276001,1.4146000146865845,0.7350000143051147,0.7039999961853027,0.3930479884147644,0.37647101283073425,1.044029951095581,2.0,0.0,0.9571430087089539,1.0,19.100099563598633,0.1923999935388565,45.1986134,-23.0511963,8.69579,26.3435001373291,2.3059099476085976e-05,0.02918040007352829,0.13652299344539642,3.2081799872685224e-05,t17_f5_c3,ZTF20abxyayj
2460225.8803356,1,2471380334015,20.012699127197266,/ztf/archive/sci/2023/1008/380174/ztf_20231008380174_000251_zg_c11_o_q1_scimrefdiffimg.fits.fz,Kulkarni,1,2.471380334015015e+18,t,12.0,2471,40,251,969.6939697265625,2314.929931640625,45.1986237,-23.0512387,18.9783992767334,0.11778199672698975,1.6354700326919556,19.155799865722656,0.16110000014305115,0.17424100637435913,18.625999450683594,0.020999999716877937,1.2009999752044678,0.05999999865889549,0.3232089877128601,0.17739799618721008,2.690000057220459,0.9819999933242798,765.5679931640625,0.8569219708442688,1.0411499738693237,0.7910000085830688,0.7089999914169312,0.29405200481414795,0.2635689973831177,1.1156599521636963,2.0,0.0,0.9528570175170898,0.9833739995956421,19.107900619506836,0.1965000033378601,45.1986008,-23.0511944,15.1038,26.21139907836914,3.0695999157615006e-05,0.03349729999899864,-0.029952000826597214,4.5971701183589175e-05,t17_f5_c3,ZTF20abxyayj
2460225.9391551,2,2471439154015,20.108699798583984,/ztf/archive/sci/2023/1008/438993/ztf_20231008438993_000251_zr_c11_o_q1_scimrefdiffimg.fits.fz,Kulkarni,1,2.471439154015015e+18,t,13.0,2471,40,251,970.416015625,2309.610107421875,45.198572,-23.0512423,19.14299964904785,0.1310579925775528,2.322690010070801,19.347999572753906,0.1981000006198883,0.21214799582958221,18.13599967956543,0.032999999821186066,2.927000045776367,0.1469999998807907,0.41053399443626404,0.2050440013408661,2.430000066757202,0.996999979019165,770.8909912109375,0.7607210278511047,1.0279699563980103,0.6470000147819519,0.5889999866485596,0.2662549912929535,0.24238699674606323,1.0984699726104736,7.0,0.0,0.9614289999008179,0.9063599705696106,19.241500854492188,0.2287999987602234,45.1986134,-23.0511963,13.0459,26.31999969482422,1.972619975276757e-05,0.027010800316929817,0.13245099782943726,2.7533500542631373e-05,t17_f5_c3,ZTF20abxyayj
2460228.8976042,1,2474397604015,20.19379997253418,/ztf/archive/sci/2023/1011/397581/ztf_20231011397581_000251_zg_c11_o_q1_scimrefdiffimg.fits.fz,Kulkarni,1,,,,2474,40,251,,,,,,,,,,,,,,,,,,,,,,,,,,,,,,,,,,,,26.289400100708008,3.361859853612259e-05,0.03520670160651207,-0.06354150176048279,4.952180097461678e-05,t17_f5_c3,ZTF20abxyayj
2460231.8656944,2,2477365694015,20.057600021362305,/ztf/archive/sci/2023/1014/365694/ztf_20231014365694_000251_zr_c11_o_q1_scimrefdiffimg.fits.fz,Kulkarni,1,2.477365694015015e+18,t,11.0,2477,40,251,946.22900390625,2300.89990234375,45.1986159,-23.0512367,19.082599639892578,0.09844599664211273,1.3158400058746338,19.089500427246094,0.14800000190734863,0.1438550055027008,18.13599967956543,0.032999999821186066,2.927000045776367,0.1469999998807907,0.32877400517463684,0.00686099985614419,3.0299999713897705,0.9710000157356262,779.6019897460938,0.9681010246276855,0.9161019921302795,0.8709999918937683,0.8029999732971191,0.28745898604393005,0.26501700282096863,1.0846799612045288,2.0,0.0,0.9542859792709351,1.0,19.077899932861328,0.1860000044107437,45.1986134,-23.0511963,11.7715,26.332599639892578,2.311910066055134e-05,0.02951269969344139,0.138947993516922,3.205590110155754e-05,t17_f5_c3,ZTF20abxyayj
2460232.8571065,2,2478357104015,20.241899490356445,/ztf/archive/sci/2023/1015/357106/ztf_20231015357106_000251_zr_c11_o_q1_scimrefdiffimg.fits.fz,Kulkarni,1,,,,2478,40,251,,,,,,,,,,,,,,,,,,,,,,,,,,,,,,,,,,,,26.347900390625,1.7352500435663387e-05,0.02547449991106987,0.12780499458312988,2.4120699890772812e-05,t17_f5_c3,ZTF20abxyayj
2460232.8979398,1,2478397934015,20.243999481201172,/ztf/archive/sci/2023/1015/397928/ztf_20231015397928_000251_zg_c11_o_q1_scimrefdiffimg.fits.fz,Kulkarni,1,2.478397934015015e+18,t,11.0,2478,40,251,955.97802734375,2318.889892578125,45.1986395,-23.0511871,19.136899948120117,0.10165899991989136,1.214959979057312,19.123699188232422,0.133200004696846,0.12909400463104248,18.625999450683594,0.020999999716877937,1.2009999752044678,0.05999999865889549,-0.07964800298213959,-0.013248000293970108,2.940000057220459,0.9679999947547913,761.614990234375,1.1203099489212036,0.914264976978302,0.7110000252723694,0.6119999885559082,0.24183699488639832,0.20816299319267273,1.1617599725723267,4.0,5.0,0.19285699725151062,0.9603229761123657,19.234699249267578,0.18709999322891235,45.1986008,-23.0511944,9.81489,26.27589988708496,3.1445000786334276e-05,0.034538500010967255,-0.048719801008701324,4.48200007667765e-05,t17_f5_c3,ZTF20abxyayj
2460234.8351968,1,2480335194015,20.16670036315918,/ztf/archive/sci/2023/1017/335197/ztf_20231017335197_000251_zg_c11_o_q1_scimrefdiffimg.fits.fz,Kulkarni,1,2.480335194015015e+18,1,10.0,2480,40,251,966.593017578125,2304.080078125,45.1985544,-23.0511253,19.079999923706055,0.12603500485420227,2.115920066833496,18.976200103759766,0.11599999666213989,0.288688987493515,18.625999450683594,0.020999999716877937,1.2009999752044678,0.05999999865889549,-0.020795000717043877,-0.1038379967212677,3.6500000953674316,0.9750000238418579,776.4180297851562,1.1905399560928345,0.7922409772872925,1.0210000276565552,0.8730000257492065,0.2797259986400604,0.23917800188064575,1.1695300340652466,0.0,0.0,0.9414290189743042,1.0,18.971799850463867,0.14669999480247498,45.1986008,-23.0511944,15.845,26.2450008392334,2.8785500035155565e-05,0.03261119872331619,-0.04044890031218529,4.1834198782453313e-05,t17_f5_c3,ZTF20abxyayj
2460234.8351968,1,2480335194015,20.16670036315918,/ztf/archive/sci/2023/1017/335197/ztf_20231017335197_000251_zg_c11_o_q1_scimrefdiffimg.fits.fz,Kulkarni,1,2.480335194015015e+18,t,10.0,2480,40,251,966.593017578125,2304.080078125,45.1985544,-23.0511253,19.079999923706055,0.12603500485420227,2.115920066833496,18.976200103759766,0.11599999666213989,0.288688987493515,18.625999450683594,0.020999999716877937,1.2009999752044678,0.05999999865889549,-0.020795000717043877,-0.1038379967212677,3.6500000953674316,0.9750000238418579,776.4180297851562,1.1905399560928345,0.7922409772872925,1.0210000276565552,0.8730000257492065,0.2797259986400604,0.23917800188064575,1.1695300340652466,0.0,0.0,0.9414290189743042,1.0,18.971799850463867,0.14669999480247498,45.1986008,-23.0511944,15.845,26.2450008392334,2.8785500035155565e-05,0.03261119872331619,-0.04044890031218529,4.1834198782453313e-05,t17_f5_c3,ZTF20abxyayj
2460234.879456,2,2480379454015,20.14739990234375,/ztf/archive/sci/2023/1017/379444/ztf_20231017379444_000251_zr_c11_o_q1_scimrefdiffimg.fits.fz,Kulkarni,1,2.480379454015015e+18,t,8.0,2480,40,251,972.7150268554688,2311.469970703125,45.1985246,-23.0512304,19.08799934387207,0.10242599993944168,2.411489963531494,19.116899490356445,0.15039999783039093,0.31456100940704346,18.13599967956543,0.032999999821186066,2.927000045776367,0.1469999998807907,-0.8404539823532104,0.02887200005352497,2.3499999046325684,0.8080000281333923,769.0260009765625,1.0304499864578247,1.09893000125885,0.6819999814033508,0.6579999923706055,0.2902129888534546,0.2800000011920929,1.0364700555801392,3.0,0.0,0.9599999785423279,0.994022011756897,19.076400756835938,0.18410000205039978,45.1986134,-23.0511963,16.1424,26.261999130249023,5.180529842618853e-05,0.04380770027637482,0.10590299963951111,7.237609679577872e-05,t17_f5_c3,ZTF20abxyayj
2460236.848912,2,2482348914015,20.234100341796875,/ztf/archive/sci/2023/1019/348866/ztf_20231019348866_000251_zr_c11_o_q1_scimrefdiffimg.fits.fz,Kulkarni,1,2.482348914015015e+18,1,21.0,2482,40,251,960.4439697265625,2302.719970703125,45.1985539,-23.0512601,19.13290023803711,0.0996050015091896,1.9898799657821655,18.941499710083008,0.11479999870061874,0.2989580035209656,18.13599967956543,0.032999999821186066,2.927000045776367,0.1469999998807907,-0.1031859964132309,-0.19144900143146515,2.509999990463257,0.9649999737739563,777.781982421875,1.2925699949264526,1.068079948425293,0.7689999938011169,0.7590000033378601,0.30637499690055847,0.3023900091648102,1.0131800174713135,2.0,0.0,0.9585710167884827,1.0,19.04210090637207,0.15940000116825104,45.1986134,-23.0511963,14.7418,26.355899810791016,2.0448400391614996e-05,0.027777599170804024,0.12504300475120544,2.8280399419600144e-05,t17_f5_c3,ZTF20abxyayj
2460236.848912,2,2482348914015,20.234100341796875,/ztf/archive/sci/2023/1019/348866/ztf_20231019348866_000251_zr_c11_o_q1_scimrefdiffimg.fits.fz,Kulkarni,1,2.482348914015015e+18,t,21.0,2482,40,251,960.4439697265625,2302.719970703125,45.1985539,-23.0512601,19.13290023803711,0.0996050015091896,1.9898799657821655,18.941499710083008,0.11479999870061874,0.2989580035209656,18.13599967956543,0.032999999821186066,2.927000045776367,0.1469999998807907,-0.1031859964132309,-0.19144900143146515,2.509999990463257,0.9649999737739563,777.781982421875,1.2925699949264526,1.068079948425293,0.7689999938011169,0.7590000033378601,0.30637499690055847,0.3023900091648102,1.0131800174713135,2.0,0.0,0.9585710167884827,1.0,19.04210090637207,0.15940000116825104,45.1986134,-23.0511963,14.7418,26.355899810791016,2.0448400391614996e-05,0.027777599170804024,0.12504300475120544,2.8280399419600144e-05,t17_f5_c3,ZTF20abxyayj
2460236.8896181,1,2482389614015,20.207000732421875,/ztf/archive/sci/2023/1019/389618/ztf_20231019389618_000251_zg_c11_o_q1_scimrefdiffimg.fits.fz,Kulkarni,1,2.482389614015015e+18,t,11.0,2482,40,251,984.2730102539062,2304.949951171875,45.1985797,-23.0511754,19.16230010986328,0.11219999939203262,1.1128400564193726,19.442399978637695,0.17560000717639923,0.09658800065517426,18.625999450683594,0.020999999716877937,1.2009999752044678,0.05999999865889549,0.1159060001373291,0.2800700068473816,2.6700000762939453,0.9779999852180481,775.5469970703125,0.7645559906959534,1.0548499822616577,0.7960000038146973,0.6980000138282776,0.2981269955635071,0.2614229917526245,1.1404000520706177,2.0,0.0,0.9557139873504639,1.0,19.392900466918945,0.2134000062942505,45.1986008,-23.0511944,12.1573,26.27429962158203,2.1464100427692756e-05,0.027905000373721123,-0.05823240056633949,3.0283699743449688e-05,t17_f5_c3,ZTF20abxyayj
2460238.8686458,2,2484368644015,20.336299896240234,/ztf/archive/sci/2023/1021/368646/ztf_20231021368646_000251_zr_c11_o_q1_scimrefdiffimg.fits.fz,Kulkarni,1,2.484368644015015e+18,1,7.0,2484,40,251,974.6220092773438,2301.820068359375,45.1985292,-23.051198,19.15559959411621,0.1006930023431778,1.891070008277893,19.066600799560547,0.12479999661445618,0.2754260003566742,18.13599967956543,0.032999999821186066,2.927000045776367,0.1469999998807907,0.4150199890136719,-0.0890360027551651,2.259999990463257,0.949999988079071,778.6799926757812,1.2696499824523926,1.116420030593872,0.6449999809265137,0.6039999723434448,0.285398006439209,0.2672570049762726,1.0678800344467163,3.0,0.0,0.9542859792709351,0.9866920113563538,18.910400390625,0.13689999282360077,45.1986134,-23.0511963,11.9761,26.362600326538086,1.5265799447661266e-05,0.02377139963209629,0.12132900208234787,2.1335899873520248e-05,t17_f5_c3,ZTF20abxyayj
2460238.8686458,2,2484368644015,20.336299896240234,/ztf/archive/sci/2023/1021/368646/ztf_20231021368646_000251_zr_c11_o_q1_scimrefdiffimg.fits.fz,Kulkarni,1,2.484368644015015e+18,t,7.0,2484,40,251,974.6220092773438,2301.820068359375,45.1985292,-23.051198,19.15559959411621,0.1006930023431778,1.891070008277893,19.066600799560547,0.12479999661445618,0.2754260003566742,18.13599967956543,0.032999999821186066,2.927000045776367,0.1469999998807907,0.4150199890136719,-0.0890360027551651,2.259999990463257,0.949999988079071,778.6799926757812,1.2696499824523926,1.116420030593872,0.6449999809265137,0.6039999723434448,0.285398006439209,0.2672570049762726,1.0678800344467163,3.0,0.0,0.9542859792709351,0.9866920113563538,18.910400390625,0.13689999282360077,45.1986134,-23.0511963,11.9761,26.362600326538086,1.5265799447661266e-05,0.02377139963209629,0.12132900208234787,2.1335899873520248e-05,t17_f5_c3,ZTF20abxyayj
2460238.8992014,1,2484399204015,20.24880027770996,/ztf/archive/sci/2023/1021/399201/ztf_20231021399201_000251_zg_c11_o_q1_scimrefdiffimg.fits.fz,Kulkarni,1,2.484399204015015e+18,t,9.0,2484,40,251,973.6849975585938,2302.739990234375,45.1986205,-23.0511648,19.152000427246094,0.11184599995613098,2.0025699138641357,19.20400047302246,0.1485999971628189,0.12354300171136856,18.625999450683594,0.020999999716877937,1.2009999752044678,0.05999999865889549,-0.33684200048446655,0.052003998309373856,2.700000047683716,0.9819999933242798,777.7639770507812,1.04475998878479,0.9519370198249817,0.8330000042915344,0.7649999856948853,0.30851900577545166,0.2833330035209656,1.0888899564743042,2.0,0.0,0.9557139873504639,1.0,19.417999267578125,0.23000000417232513,45.1986008,-23.0511944,13.6117,26.22800064086914,2.6010100555140525e-05,0.031228700652718544,-0.028241600841283798,3.7673398765036836e-05,t17_f5_c3,ZTF20abxyayj
2460203.9178704,1,2449417874015,20.557899475097656,/ztf/archive/sci/2023/0916/417870/ztf_20230916417870_000251_zg_c11_o_q1_scimrefdiffimg.fits.fz,Kulkarni,1,2.449417874015015e+18,t,8.0,2449,40,251,956.125,2272.1201171875,45.1985152,-23.0511542,19.19529914855957,0.09006799757480621,1.0081599950790405,19.136499404907227,0.09849999845027924,0.3141779899597168,18.625999450683594,0.020999999716877937,1.2009999752044678,0.05999999865889549,-0.7380520105361938,-0.05881299823522568,2.9100000858306885,0.9769999980926514,808.375,1.4213600158691406,0.9770529866218567,0.8360000252723694,0.800000011920929,0.2872850000858307,0.2749139964580536,1.0449999570846558,0.0,0.0,0.9585710167884827,1.0,19.080699920654297,0.11749999970197678,45.1986008,-23.0511944,13.2841,26.228300094604492,2.932499955932144e-05,0.03335430100560188,-0.07722820341587067,4.103440005565062e-05,t17_f5_c3,ZTF20abxyayj
2460208.9619213,1,2454461924015,20.166900634765625,/ztf/archive/sci/2023/0921/461910/ztf_20230921461910_000251_zg_c11_o_q1_scimrefdiffimg.fits.fz,Kulkarni,1,2.454461924015015e+18,1,7.0,2454,40,251,957.5050048828125,2325.949951171875,45.198599,-23.051201,19.103099822998047,0.11056900024414062,1.9059799909591675,19.18910026550293,0.12759999930858612,0.024304000660777092,18.625999450683594,0.020999999716877937,1.2009999752044678,0.05999999865889549,0.1602189987897873,0.08602099865674973,3.5999999046325684,0.9629999995231628,754.551025390625,0.9777929782867432,0.8950650095939636,0.9539999961853027,0.8880000114440918,0.26499998569488525,0.24666699767112732,1.0743199586868286,2.0,0.0,0.945713996887207,1.0,19.171499252319336,0.1590999960899353,45.1986008,-23.0511944,16.311,26.250099182128906,3.449989890214056e-05,0.03541789948940277,-0.06635259836912155,5.0153601478086784e-05,t17_f5_c3,ZTF20abxyayj
2460241.8985417,2,2487398544015,19.731199264526367,/ztf/archive/sci/2023/1024/398530/ztf_20231024398530_000251_zr_c11_o_q1_scimrefdiffimg.fits.fz,Kulkarni,1,2.487398544015015e+18,t,8.0,2487,40,251,945.7509765625,2305.639892578125,45.1985625,-23.0511809,19.095800399780273,0.12852099537849426,0.8863289952278137,19.272899627685547,0.19619999825954437,0.1753939986228943,18.13599967956543,0.032999999821186066,2.927000045776367,0.1469999998807907,-0.11627800017595291,0.17707499861717224,3.109999895095825,0.9710000157356262,774.8560180664062,0.458281010389328,1.0665199756622314,0.9639999866485596,0.8740000128746033,0.3099679946899414,0.28102898597717285,1.1029800176620483,2.0,0.0,0.9542859792709351,1.0,19.364500045776367,0.2718999981880188,45.1986134,-23.0511963,12.5606,26.306800842285156,2.2998900021775626e-05,0.029577000066637993,0.13001100718975067,3.1879000744083896e-05,t17_f5_c3,ZTF20abxyayj
2459953.6129745,1,2199112974015,19.81920051574707,/ztf/archive/sci/2023/0109/112975/ztf_20230109112975_000251_zg_c11_o_q1_scimrefdiffimg.fits.fz,Kulkarni,1,2.199112974015015e+18,t,4.0,2199,40,251,935.4149780273438,2343.409912109375,45.1985885,-23.0512026,19.56410026550293,0.20444099605083466,1.5296299457550049,19.80340003967285,0.34700000286102295,0.04972400143742561,18.625999450683594,0.020999999716877937,1.2009999752044678,0.05999999865889549,-0.9843710064888,0.2392529994249344,2.9000000953674316,0.9950000047683716,737.0910034179688,0.01575399935245514,0.9610829949378967,0.7639999985694885,0.6629999876022339,0.26344799995422363,0.2286210060119629,1.152340054512024,8.0,0.0,0.9314290285110474,0.7645679712295532,19.911300659179688,0.49070000648498535,45.1986008,-23.0511944,8.27219,26.228099822998047,2.983289959956892e-05,0.03343639895319939,-0.028272800147533417,4.607810114976019e-05,t17_f5_c3,ZTF20abxyayj
2459957.6189468,1,2203118944015,18.6564998626709,/ztf/archive/sci/2023/0113/118947/ztf_20230113118947_000251_zg_c11_o_q1_scimrefdiffimg.fits.fz,Kulkarni,1,,,,2203,40,251,,,,,,,,,,,,,,,,,,,,,,,,,,,,,,,,,,,,25.450700759887695,0.00010096099867951125,0.043010398745536804,-0.07332339882850647,0.00022933499712962657,t17_f5_c3,ZTF20abxyayj
2459957.6679051,2,2203167904015,18.998699188232422,/ztf/archive/sci/2023/0113/167905/ztf_20230113167905_000251_zr_c11_o_q1_scimrefdiffimg.fits.fz,Kulkarni,1,,,,2203,40,251,,,,,,,,,,,,,,,,,,,,,,,,,,,,,,,,,,,,25.939899444580078,4.6666900743730366e-05,0.041145700961351395,0.1433030068874359,6.531729741254821e-05,t17_f5_c3,ZTF20abxyayj
2459965.6698611,2,2211169864015,19.534799575805664,/ztf/archive/sci/2023/0121/169850/ztf_20230121169850_000251_zr_c11_o_q1_scimrefdiffimg.fits.fz,Kulkarni,1,2.211169864015015e+18,t,14.0,2211,40,251,930.844970703125,2359.31005859375,45.1985526,-23.0512428,19.155899047851562,0.1661120057106018,0.964290976524353,19.063100814819336,0.1737000048160553,0.25855401158332825,18.13599967956543,0.032999999821186066,2.927000045776367,0.1469999998807907,-1.0427600145339966,-0.0927949994802475,3.180000066757202,0.9020000100135803,721.1859741210938,0.47171100974082947,1.159850001335144,1.069000005722046,0.972000002861023,0.3361639976501465,0.3056600093841553,1.0997899770736694,4.0,0.0,0.8514289855957031,0.9894809722900391,18.91230010986328,0.1931000053882599,45.1986134,-23.0511963,9.08099,26.337900161743164,3.7378198612714186e-05,0.03744380176067352,0.1372389942407608,5.147980118636042e-05,t17_f5_c3,ZTF20abxyayj
2459968.6265162,1,2214126514015,19.661399841308594,/ztf/archive/sci/2023/0124/126516/ztf_20230124126516_000251_zg_c11_o_q1_scimrefdiffimg.fits.fz,Kulkarni,1,2.214126514015015e+18,t,6.0,2214,40,251,931.27099609375,2358.919921875,45.1984485,-23.0511602,19.226699829101562,0.14656800031661987,1.1522599458694458,19.447999954223633,0.21969999372959137,0.5127109885215759,18.625999450683594,0.020999999716877937,1.2009999752044678,0.05999999865889549,0.26077699661254883,0.22130100429058075,3.4700000286102295,0.9539999961853027,721.5850219726562,0.21341300010681152,1.0643999576568604,1.1039999723434448,0.9539999961853027,0.31815600395202637,0.2749280035495758,1.157230019569397,0.0,0.0,0.8842859864234924,1.0,19.436599731445312,0.2777000069618225,45.1986008,-23.0511944,10.224,26.261699676513672,4.246080061420798e-05,0.03771350160241127,-0.03317499905824661,6.955079879844561e-05,t17_f5_c3,ZTF20abxyayj
2459968.6901852,2,2214190184015,19.30299949645996,/ztf/archive/sci/2023/0124/190174/ztf_20230124190174_000251_zr_c11_o_q1_scimrefdiffimg.fits.fz,Kulkarni,1,2.214190184015015e+18,t,4.0,2214,40,251,922.5900268554688,2346.820068359375,45.1985111,-23.0511439,19.430200576782227,0.2773669958114624,1.153939962387085,19.391700744628906,0.2483000010251999,0.3828830122947693,18.13599967956543,0.032999999821186066,2.927000045776367,0.1469999998807907,-0.020291000604629517,-0.03850099816918373,2.5299999713897705,0.49799999594688416,733.677978515625,-0.08870100229978561,1.7049100399017334,1.3630000352859497,1.1729999780654907,0.5387349724769592,0.46363601088523865,1.1619800329208374,3.0,0.0,0.6285709738731384,1.0,19.313499450683594,0.29510000348091125,45.1986134,-23.0511963,6.23622,26.326200485229492,5.222580148256384e-05,0.04403049871325493,0.1398250013589859,7.237370300572366e-05,t17_f5_c3,ZTF20abxyayj
2459969.6265856,2,2215126584015,19.42289924621582,/ztf/archive/sci/2023/0125/126551/ztf_20230125126551_000251_zr_c11_o_q1_scimrefdiffimg.fits.fz,Kulkarni,1,2.215126584015015e+18,t,5.0,2215,40,251,943.5360107421875,2411.06005859375,45.1984999,-23.0512346,19.429100036621094,0.22866599261760712,1.0302900075912476,19.907400131225586,0.365200012922287,0.3953939974308014,18.13599967956543,0.032999999821186066,2.927000045776367,0.1469999998807907,0.13823199272155762,0.47829100489616394,2.9100000858306885,0.6230000257492065,669.43701171875,-0.4844749867916107,1.4517699480056763,1.2020000219345093,0.9900000095367432,0.41305801272392273,0.34020599722862244,1.2141400575637817,4.0,0.0,0.699999988079071,1.0,19.92799949645996,0.47530001401901245,45.1986134,-23.0511963,6.68886,26.36009979248047,4.3138999899383634e-05,0.039809700101614,0.13870400190353394,5.884490019525401e-05,t17_f5_c3,ZTF20abxyayj
2459969.6704514,1,2215170454015,19.38319969177246,/ztf/archive/sci/2023/0125/170440/ztf_20230125170440_000251_zg_c11_o_q1_scimrefdiffimg.fits.fz,Kulkarni,1,2.215170454015015e+18,t,6.0,2215,40,251,933.3469848632812,2397.31005859375,45.1987089,-23.051163,19.466400146484375,0.20527300238609314,1.1512700319290161,19.49220085144043,0.26019999384880066,0.37084901332855225,18.625999450683594,0.020999999716877937,1.2009999752044678,0.05999999865889549,-0.4979580044746399,0.025760000571608543,4.079999923706055,0.5699999928474426,683.1859741210938,-0.10896699875593185,1.0221799612045288,1.4910000562667847,1.1430000066757202,0.3654409945011139,0.280146986246109,1.304460048675537,3.0,0.0,0.5457140207290649,1.0,19.675899505615234,0.3944000005722046,45.1986008,-23.0511944,6.65193,26.246400833129883,6.50768997729756e-05,0.04340929910540581,-0.035843901336193085,0.00011974300286965445,t17_f5_c3,ZTF20abxyayj
2459970.6876042,2,2216187604015,18.99090003967285,/ztf/archive/sci/2023/0126/187604/ztf_20230126187604_000251_zr_c11_o_q1_scimrefdiffimg.fits.fz,Kulkarni,1,2.216187604015015e+18,t,14.0,2216,40,251,933.916015625,2325.0,45.1986154,-23.0512834,19.164400100708008,0.2895219922065735,1.0807100534439087,19.726900100708008,0.3718999922275543,0.3096269965171814,18.13599967956543,0.032999999821186066,2.927000045776367,0.1469999998807907,-0.1358170062303543,0.5624679923057556,2.5965099334716797,0.7129999995231628,755.4990234375,-0.7359870076179504,2.0,0.925000011920929,0.7730000019073486,0.3562470078468323,0.2977069914340973,1.1966400146484375,5.0,0.0,0.6542860269546509,0.9947959780693054,19.44499969482422,0.36730000376701355,45.1986134,-23.0511963,5.101,26.319400787353516,8.695360156707466e-05,0.04999310150742531,0.12819600105285645,0.0001236709940712899,t17_f5_c3,ZTF20abxyayj
2459972.6485069,2,2218148504015,19.532100677490234,/ztf/archive/sci/2023/0128/148507/ztf_20230128148507_000251_zr_c11_o_q1_scimrefdiffimg.fits.fz,Kulkarni,1,2.218148504015015e+18,t,11.0,2218,40,251,940.8839721679688,2374.31005859375,45.1985292,-23.0511458,19.231000900268555,0.1760459989309311,1.3786300420761108,19.646699905395508,0.3481999933719635,0.3289240002632141,18.13599967956543,0.032999999821186066,2.927000045776367,0.1469999998807907,-0.020560000091791153,0.4157150089740753,2.3299999237060547,0.9789999723434448,706.1859741210938,-0.11456699669361115,1.3445500135421753,0.7889999747276306,0.6539999842643738,0.33862701058387756,0.28068700432777405,1.2064199447631836,7.0,0.0,0.9328569769859314,0.9309099912643433,19.491100311279297,0.38600000739097595,45.1986134,-23.0511963,9.45625,26.336999893188477,2.913530079240445e-05,0.03336989879608154,0.1404220014810562,4.035930032841861e-05,t17_f5_c3,ZTF20abxyayj
2459978.6272569,1,2224127254015,18.47960090637207,/ztf/archive/sci/2023/0203/127257/ztf_20230203127257_000251_zg_c11_o_q1_scimrefdiffimg.fits.fz,Kulkarni,1,,,,2224,40,251,,,,,,,,,,,,,,,,,,,,,,,,,,,,,,,,,,,,25.95039939880371,0.00022368799545802176,0.05653329938650131,0.01815189979970455,0.0005102960276417434,t17_f5_c3,ZTF20abxyayj
2459978.6699769,2,2224169974015,17.16710090637207,/ztf/archive/sci/2023/0203/169965/ztf_20230203169965_000251_zr_c11_o_q1_scimrefdiffimg.fits.fz,Kulkarni,1,,,,2224,40,251,,,,,,,,,,,,,,,,,,,,,,,,,,,,,,,,,,,,25.211999893188477,0.00048785199760459363,0.04969890043139458,0.1335960030555725,0.0009338670060969889,t17_f5_c3,ZTF20abxyayj
2459980.62875,1,2226128754015,19.215499877929688,/ztf/archive/sci/2023/0205/128750/ztf_20230205128750_000251_zg_c11_o_q1_scimrefdiffimg.fits.fz,Kulkarni,1,2.226128754015015e+18,t,4.0,2226,40,251,949.1339721679688,2335.47998046875,45.1986636,-23.0511515,19.35379981994629,0.1992180049419403,0.9805200099945068,19.256999969482422,0.39879998564720154,0.25590500235557556,18.625999450683594,0.020999999716877937,1.2009999752044678,0.05999999865889549,0.427949994802475,-0.09677799791097641,1.2653100490570068,0.968999981880188,745.0180053710938,-0.04153899848461151,2.0,0.7440000176429749,0.5960000157356262,0.5879999995231628,0.4710330069065094,1.2483199834823608,8.0,0.0,0.945713996887207,0.9407560229301453,19.366500854492188,0.566100001335144,45.1986008,-23.0511944,5.19764,26.242799758911133,6.498690345324576e-05,0.04471660032868385,0.0022925599478185177,0.00011487399751786143,t17_f5_c3,ZTF20abxyayj
2459982.6093403,1,2228109344015,19.11199951171875,/ztf/archive/sci/2023/0207/109340/ztf_20230207109340_000251_zg_c11_o_q1_scimrefdiffimg.fits.fz,Kulkarni,1,2.228109344015015e+18,1,3.0,2228,40,251,942.6669921875,2348.860107421875,45.1984615,-23.0512765,19.060199737548828,0.213795006275177,1.0427900552749634,18.755199432373047,0.16769999265670776,0.541018009185791,18.625999450683594,0.020999999716877937,1.2009999752044678,0.05999999865889549,0.05764500051736832,-0.30497199296951294,6.489999771118164,0.9110000133514404,731.635009765625,0.3568449914455414,0.648410975933075,1.7599999904632568,1.6019999980926514,0.2711859941482544,0.24684099853038788,1.0986299514770508,1.0,0.0,0.377142995595932,1.0,18.63159942626953,0.1915999948978424,45.1986008,-23.0511944,8.9024,26.248199462890625,6.894140096846968e-05,0.04133649915456772,-0.0007979869842529297,0.00013326900079846382,t17_f5_c3,ZTF20abxyayj
2459968.6265162,1,2214126514015,19.661399841308594,/ztf/archive/sci/2023/0124/126516/ztf_20230124126516_000251_zg_c11_o_q1_scimrefdiffimg.fits.fz,Kulkarni,1,,,,2214,40,251,,,,,,,,,,,,,,,,,,,,,,,,,,,,,,,,,,,,26.261699676513672,4.246080061420798e-05,0.03771350160241127,-0.03317499905824661,6.955079879844561e-05,t17_f5_c3,ZTF20abxyayj
2459969.6265856,2,2215126584015,19.42289924621582,/ztf/archive/sci/2023/0125/126551/ztf_20230125126551_000251_zr_c11_o_q1_scimrefdiffimg.fits.fz,Kulkarni,1,,,,2215,40,251,,,,,,,,,,,,,,,,,,,,,,,,,,,,,,,,,,,,26.36009979248047,4.3138999899383634e-05,0.039809700101614,0.13870400190353394,5.884490019525401e-05,t17_f5_c3,ZTF20abxyayj
2459982.6093403,1,2228109344015,19.11199951171875,/ztf/archive/sci/2023/0207/109340/ztf_20230207109340_000251_zg_c11_o_q1_scimrefdiffimg.fits.fz,Kulkarni,1,,,,2228,40,251,,,,,,,,,,,,,,,,,,,,,,,,,,,,,,,,,,,,26.248199462890625,6.894140096846968e-05,0.04133649915456772,-0.0007979869842529297,0.00013326900079846382,t17_f5_c3,ZTF20abxyayj
2459982.6271528,2,2228127154015,19.21299934387207,/ztf/archive/sci/2023/0207/126991/ztf_20230207126991_000251_zr_c11_o_q1_scimrefdiffimg.fits.fz,Kulkarni,1,2.228127154015015e+18,t,2.0,2228,40,251,934.3200073242188,2345.8701171875,45.1986377,-23.0512946,18.94580078125,0.16984599828720093,1.2124199867248535,19.14550018310547,0.2669000029563904,0.35822299122810364,18.13599967956543,0.032999999821186066,2.927000045776367,0.1469999998807907,-0.7973960041999817,0.1996760070323944,2.0799999237060547,0.9169999957084656,734.6300048828125,0.06753899902105331,1.6548500061035156,0.9950000047683716,0.8370000123977661,0.4783650040626526,0.4024040102958679,1.188770055770874,3.0,0.0,0.8799999952316284,0.9992910027503967,19.01420021057129,0.3028999865055084,45.1986134,-23.0511963,9.29552,26.34079933166504,4.7761601308593526e-05,0.042917899787425995,0.14715400338172913,6.638470222242177e-05,t17_f5_c3,ZTF20abxyayj
2459982.6093403,1,2228109344015,19.11199951171875,/ztf/archive/sci/2023/0207/109340/ztf_20230207109340_000251_zg_c11_o_q1_scimrefdiffimg.fits.fz,Kulkarni,1,2.228109344015015e+18,t,3.0,2228,40,251,942.6669921875,2348.860107421875,45.1984615,-23.0512765,19.060199737548828,0.213795006275177,1.0427900552749634,18.755199432373047,0.16769999265670776,0.541018009185791,18.625999450683594,0.020999999716877937,1.2009999752044678,0.05999999865889549,0.05764500051736832,-0.30497199296951294,6.489999771118164,0.9110000133514404,731.635009765625,0.3568449914455414,0.648410975933075,1.7599999904632568,1.6019999980926514,0.2711859941482544,0.24684099853038788,1.0986299514770508,1.0,0.0,0.377142995595932,1.0,18.63159942626953,0.1915999948978424,45.1986008,-23.0511944,8.9024,26.248199462890625,6.894140096846968e-05,0.04133649915456772,-0.0007979869842529297,0.00013326900079846382,t17_f5_c3,ZTF20abxyayj
2459984.6278356,1,2230127834015,19.408700942993164,/ztf/archive/sci/2023/0209/127824/ztf_20230209127824_000251_zg_c11_o_q1_scimrefdiffimg.fits.fz,Kulkarni,1,2.230127834015015e+18,1,5.0,2230,40,251,941.5830078125,2337.050048828125,45.1988801,-23.0509893,19.07539939880371,0.15380600094795227,1.1777199506759644,19.139999389648438,0.19429999589920044,1.1687500476837158,18.625999450683594,0.020999999716877937,1.2009999752044678,0.05999999865889549,-0.239314004778862,0.06460600346326828,4.630000114440918,0.9490000009536743,743.448974609375,0.26873600482940674,0.8537390232086182,1.2589999437332153,1.0880000591278076,0.2719219923019409,0.2349890023469925,1.157170057296753,1.0,0.0,0.6557139754295349,1.0,19.10610008239746,0.24079999327659607,45.1986008,-23.0511944,8.31564,26.225400924682617,0.00010375100100645795,0.05820339918136597,-0.032481398433446884,0.00018420399283058941,t17_f5_c3,ZTF20abxyayj
2459936.7309144,2,2182230914015,20.203800201416016,/ztf/archive/sci/2022/1223/230914/ztf_20221223230914_000251_zr_c11_o_q1_scimrefdiffimg.fits.fz,Kulkarni,1,2.182230914015015e+18,t,4.0,2182,40,251,949.1439819335938,2328.050048828125,45.1985579,-23.0512085,19.55229949951172,0.13196499645709991,0.9146260023117065,19.572900772094727,0.22139999270439148,0.1855269968509674,18.13599967956543,0.032999999821186066,2.927000045776367,0.1469999998807907,0.2074030041694641,0.020628999918699265,1.2640600204467773,0.9449999928474426,752.4539794921875,0.6309040188789368,2.0,0.6700000166893005,0.5879999995231628,0.5300390124320984,0.4651690125465393,1.1394599676132202,6.0,0.0,0.9585710167884827,0.9731670022010803,19.697500228881836,0.3154999911785126,45.1986134,-23.0511963,6.21723,26.37030029296875,1.9661099941004068e-05,0.027156900614500046,0.12379299849271774,2.729250081756618e-05,t17_f5_c3,ZTF20abxyayj
2459940.7421181,2,2186242114015,19.363500595092773,/ztf/archive/sci/2022/1227/241956/ztf_20221227241956_000251_zr_c11_o_q1_scimrefdiffimg.fits.fz,Kulkarni,1,2.186242114015015e+18,t,12.0,2186,40,251,953.2260131835938,2328.800048828125,45.1985305,-23.0511197,19.528499603271484,0.24471500515937805,1.2080700397491455,19.950000762939453,0.6402000188827515,0.3844360113143921,18.13599967956543,0.032999999821186066,2.927000045776367,0.1469999998807907,3.5462899208068848,0.42145198583602905,1.3094600439071655,0.8949999809265137,751.7039794921875,-0.5864710211753845,2.0,0.7599999904632568,0.6710000038146973,0.5803930163383484,0.5124260187149048,1.13264000415802,6.0,0.0,0.8799999952316284,0.9193490147590637,19.66119956970215,0.6291000247001648,45.1986134,-23.0511963,5.18593,26.028499603271484,5.266000152914785e-05,0.044177599251270294,0.14716100692749023,7.252710202010348e-05,t17_f5_c3,ZTF20abxyayj
2459867.8763657,2,2113376364015,19.41860008239746,/ztf/archive/sci/2022/1015/376366/ztf_20221015376366_000251_zr_c11_o_q1_scimrefdiffimg.fits.fz,Kulkarni,1,2.113376364015015e+18,t,10.0,2113,40,251,972.5089721679688,2313.27001953125,45.1985576,-23.0512426,19.097299575805664,0.18628300726413727,1.3944900035858154,19.17259979248047,0.2833000123500824,0.24574899673461914,18.13599967956543,0.032999999821186066,2.927000045776367,0.1469999998807907,-0.8230199813842773,0.07528000324964523,1.3764699697494507,0.9169999957084656,767.2269897460938,0.24600499868392944,2.0,0.7289999723434448,0.7080000042915344,0.5296149849891663,0.5143589973449707,1.0296599864959717,6.0,0.0,0.949999988079071,0.979017972946167,18.967500686645508,0.3005000054836273,45.1986134,-23.0511963,8.44194,26.17530059814453,3.1460200261790305e-05,0.03410039842128754,0.13976900279521942,4.3711999751394615e-05,t17_f5_c3,ZTF20abxyayj
2459867.9195023,1,2113419504015,19.305500030517578,/ztf/archive/sci/2022/1015/419502/ztf_20221015419502_000251_zg_c11_o_q1_scimrefdiffimg.fits.fz,Kulkarni,1,2.113419504015015e+18,t,7.0,2113,40,251,977.0170288085938,2309.47998046875,45.1985832,-23.051206,19.236600875854492,0.17738200724124908,1.3310600519180298,19.225299835205078,0.3124000132083893,0.07065399736166,18.625999450683594,0.020999999716877937,1.2009999752044678,0.05999999865889549,-0.021827999502420425,-0.011314000003039837,2.309999942779541,0.9449999928474426,771.0189819335938,0.08018500357866287,1.2555899620056152,1.031999945640564,0.9959999918937683,0.44675299525260925,0.4311690032482147,1.036139965057373,5.0,0.0,0.9257140159606934,1.0,19.436899185180664,0.48649999499320984,45.1986008,-23.0511944,7.56757,26.108600616455078,5.9041900385636836e-05,0.04455539956688881,-0.021154500544071198,0.00010069899872178212,t17_f5_c3,ZTF20abxyayj
2459870.8557639,1,2116355764015,19.97570037841797,/ztf/archive/sci/2022/1018/355752/ztf_20221018355752_000251_zg_c11_o_q1_scimrefdiffimg.fits.fz,Kulkarni,1,2.116355764015015e+18,t,5.0,2116,40,251,949.1959838867188,2310.159912109375,45.1986012,-23.0511547,19.364299774169922,0.13114899396896362,1.158769965171814,19.605300903320312,0.24889999628067017,0.14088700711727142,18.625999450683594,0.020999999716877937,1.2009999752044678,0.05999999865889549,-0.34018799662590027,0.24095700681209564,3.740000009536743,0.9649999737739563,770.3400268554688,0.3703629970550537,0.7548570036888123,0.8600000143051147,0.7289999723434448,0.22994700074195862,0.19492000341415405,1.1797000169754028,2.0,0.0,0.9599999785423279,1.0,19.35140037536621,0.2517000138759613,45.1986008,-23.0511944,9.43856,26.25830078125,2.493419924576301e-05,0.030103599652647972,-0.03926520049571991,3.6666599044110626e-05,t17_f5_c3,ZTF20abxyayj
2459870.8771181,2,2116377114015,20.11370086669922,/ztf/archive/sci/2022/1018/377118/ztf_20221018377118_000251_zr_c11_o_q1_scimrefdiffimg.fits.fz,Kulkarni,1,2.116377114015015e+18,t,5.0,2116,40,251,965.9459838867188,2314.52001953125,45.1985544,-23.0511392,19.416500091552734,0.1525059938430786,1.5834699869155884,20.02589988708496,0.34540000557899475,0.2800309956073761,18.13599967956543,0.032999999821186066,2.927000045776367,0.1469999998807907,0.39278700947761536,0.6094059944152832,2.319999933242798,0.9909999966621399,765.9840087890625,0.08781199902296066,1.1463799476623535,0.6000000238418579,0.5809999704360962,0.2586210072040558,0.25043100118637085,1.0326999425888062,5.0,0.0,0.9057139754295349,0.995136022567749,20.152999877929688,0.4943999946117401,45.1986134,-23.0511963,9.65014,26.344499588012695,1.8113500118488446e-05,0.02624169923365116,0.13196100294589996,2.5206900318153203e-05,t17_f5_c3,ZTF20abxyayj
2459872.8349074,1,2118334904015,19.984699249267578,/ztf/archive/sci/2022/1020/334907/ztf_20221020334907_000251_zg_c11_o_q1_scimrefdiffimg.fits.fz,Kulkarni,1,,,,2118,40,251,,,,,,,,,,,,,,,,,,,,,,,,,,,,,,,,,,,,26.257699966430664,3.096439832006581e-05,0.03353029862046242,-0.032684601843357086,4.6125300286803395e-05,t17_f5_c3,ZTF20abxyayj
2459872.8743866,2,2118374384015,20.243499755859375,/ztf/archive/sci/2022/1020/374375/ztf_20221020374375_000251_zr_c11_o_q1_scimrefdiffimg.fits.fz,Kulkarni,1,2.118374384015015e+18,t,6.0,2118,40,251,971.72900390625,2299.14990234375,45.1985349,-23.051181,19.253400802612305,0.12459400296211243,1.5775699615478516,19.282800674438477,0.1673000007867813,0.26260998845100403,18.13599967956543,0.032999999821186066,2.927000045776367,0.1469999998807907,-0.03758800029754639,0.029411999508738518,2.3399999141693115,0.6890000104904175,781.3489990234375,0.9606689810752869,1.057729959487915,0.6909999847412109,0.5950000286102295,0.2952989935874939,0.25427401065826416,1.1613500118255615,8.0,0.0,0.9628570079803467,0.919717013835907,19.29490089416504,0.21490000188350677,45.1986134,-23.0511963,10.4778,26.34939956665039,1.9022600099560805e-05,0.026499899104237556,0.1270270049571991,2.6481000531930476e-05,t17_f5_c3,ZTF20abxyayj
2459874.8556019,2,2120355604015,20.368999481201172,/ztf/archive/sci/2022/1022/355590/ztf_20221022355590_000251_zr_c11_o_q1_scimrefdiffimg.fits.fz,Kulkarni,1,2.120355604015015e+18,t,9.0,2120,40,251,973.0780029296875,2314.72998046875,45.1985182,-23.0511844,19.401899337768555,0.10263899713754654,1.7749500274658203,19.67020034790039,0.20170000195503235,0.31366100907325745,18.13599967956543,0.032999999821186066,2.927000045776367,0.1469999998807907,-0.5185570120811462,0.26833000779151917,1.7100000381469727,0.8009999990463257,765.7680053710938,0.6987550258636475,1.5441700220108032,0.722000002861023,0.6510000228881836,0.42222198843955994,0.3807019889354706,1.1090600490570068,3.0,0.0,0.9485710263252258,1.0,19.52829933166504,0.22419999539852142,45.1986134,-23.0511963,9.83264,26.353900909423828,1.5141699805099051e-05,0.02367449924349785,0.11283700168132782,2.101909922203049e-05,t17_f5_c3,ZTF20abxyayj
2459874.8773958,1,2120377394015,20.57229995727539,/ztf/archive/sci/2022/1022/377384/ztf_20221022377384_000251_zg_c11_o_q1_scimrefdiffimg.fits.fz,Kulkarni,1,2.120377394015015e+18,t,10.0,2120,40,251,971.0830078125,2316.10009765625,45.1985829,-23.0511634,19.357799530029297,0.09052500128746033,1.3749899864196777,19.49720001220703,0.14229999482631683,0.12465900182723999,18.625999450683594,0.020999999716877937,1.2009999752044678,0.05999999865889549,-0.1568170040845871,0.13942299783229828,2.9800000190734863,0.9710000157356262,764.3980102539062,1.0751399993896484,0.8972499966621399,0.7649999856948853,0.675000011920929,0.2567110061645508,0.22651000320911407,1.13332998752594,4.0,0.0,0.9485710263252258,0.9831129908561707,19.685100555419922,0.21310000121593475,45.1986008,-23.0511944,9.81742,26.26180076599121,2.3443299141945317e-05,0.02970840036869049,-0.06456410139799118,3.323900091345422e-05,t17_f5_c3,ZTF20abxyayj
2459877.8763889,2,2123376384015,20.175199508666992,/ztf/archive/sci/2022/1025/376377/ztf_20221025376377_000251_zr_c11_o_q1_scimrefdiffimg.fits.fz,Kulkarni,1,2.123376384015015e+18,t,11.0,2123,40,251,966.2329711914062,2316.889892578125,45.1985572,-23.0512237,19.390499114990234,0.10946299880743027,1.5185099840164185,19.464799880981445,0.20010000467300415,0.20795099437236786,18.13599967956543,0.032999999821186066,2.927000045776367,0.1469999998807907,-1.3523399829864502,0.0743279978632927,2.3499999046325684,0.9900000095367432,763.6099853515625,0.7103660106658936,1.1041200160980225,0.7829999923706055,0.718999981880188,0.33319100737571716,0.30595698952674866,1.0890100002288818,3.0,0.0,0.9585710167884827,0.9932659864425659,19.43549919128418,0.24789999425411224,45.1986134,-23.0511963,7.44305,26.357500076293945,1.839320066210348e-05,0.026079799979925156,0.12634100019931793,2.5553399609634653e-05,t17_f5_c3,ZTF20abxyayj
2459877.8981366,1,2123398134015,19.957300186157227,/ztf/archive/sci/2022/1025/398125/ztf_20221025398125_000251_zg_c11_o_q1_scimrefdiffimg.fits.fz,Kulkarni,1,2.123398134015015e+18,t,19.0,2123,40,251,955.6920166015625,2315.080078125,45.198606,-23.0512408,19.275400161743164,0.11900000274181366,0.9589679837226868,19.365800857543945,0.18889999389648438,0.1656620055437088,18.625999450683594,0.020999999716877937,1.2009999752044678,0.05999999865889549,-0.3449710011482239,0.09040699899196625,2.809999942779541,0.9800000190734863,765.4199829101562,0.591467022895813,1.0850600004196167,0.8949999809265137,0.8410000205039978,0.3185049891471863,0.2992880046367645,1.064210057258606,2.0,2.0,0.5857139825820923,0.9975500106811523,19.4158992767334,0.25209999084472656,45.1986008,-23.0511944,12.2326,26.245399475097656,2.862979999918025e-05,0.03254440054297447,-0.027597200125455856,4.299580177757889e-05,t17_f5_c3,ZTF20abxyayj
2459879.8138773,1,2125313874015,20.10140037536621,/ztf/archive/sci/2022/1027/313877/ztf_20221027313877_000251_zg_c11_o_q1_scimrefdiffimg.fits.fz,Kulkarni,1,2.125313874015015e+18,t,7.0,2125,40,251,945.4619750976562,2344.669921875,45.1986198,-23.0511575,19.267900466918945,0.15944699943065643,1.473889946937561,19.191200256347656,0.1379999965429306,0.12987400591373444,18.625999450683594,0.020999999716877937,1.2009999752044678,0.05999999865889549,0.15439899265766144,-0.07671499997377396,3.5,0.9750000238418579,735.8330078125,0.9101709723472595,0.8996800184249878,1.0579999685287476,0.9330000281333923,0.3022859990596771,0.2665709853172302,1.1339800357818604,1.0,0.0,0.9542859792709351,1.0,19.281700134277344,0.19040000438690186,45.1986008,-23.0511944,14.2223,26.234899520874023,3.3576001442270353e-05,0.035598598420619965,-0.04622349888086319,4.9735601351130754e-05,t17_f5_c3,ZTF20abxyayj
2459881.8347917,1,2127334794015,20.261899948120117,/ztf/archive/sci/2022/1029/334780/ztf_20221029334780_000251_zg_c11_o_q1_scimrefdiffimg.fits.fz,Kulkarni,1,2.127334794015015e+18,t,8.0,2127,40,251,944.4819946289062,2329.47998046875,45.1985946,-23.0512013,19.265399932861328,0.13905400037765503,2.5098700523376465,18.992799758911133,0.1160999983549118,0.039225999265909195,18.625999450683594,0.020999999716877937,1.2009999752044678,0.05999999865889549,-1.3841999769210815,-0.27265000343322754,2.5399999618530273,0.9990000128746033,751.02001953125,1.2691500186920166,1.0582400560379028,0.890999972820282,0.781000018119812,0.3507870137691498,0.30748000741004944,1.1408400535583496,4.0,0.0,0.9442859888076782,0.9729059934616089,18.965099334716797,0.1437000036239624,45.1986008,-23.0511944,15.2459,26.265399932861328,2.6100000468431972e-05,0.031571801751852036,-0.06907220184803009,3.709330121637322e-05,t17_f5_c3,ZTF20abxyayj
2459883.8349653,2,2129334964015,20.03580093383789,/ztf/archive/sci/2022/1031/334965/ztf_20221031334965_000251_zr_c11_o_q1_scimrefdiffimg.fits.fz,Kulkarni,1,2.129334964015015e+18,t,3.0,2129,40,251,954.5969848632812,2321.699951171875,45.1985201,-23.0512232,19.218900680541992,0.12752200663089752,1.589110016822815,19.604400634765625,0.22759999334812164,0.3204759955406189,18.13599967956543,0.032999999821186066,2.927000045776367,0.1469999998807907,-0.3740209937095642,0.38550999760627747,2.9200000762939453,0.996999979019165,758.7969970703125,0.43140101432800293,1.0124900341033936,0.828000009059906,0.8040000200271606,0.2835620045661926,0.2753419876098633,1.0298500061035156,2.0,0.0,0.9314290285110474,1.0,19.544700622558594,0.27390000224113464,45.1986134,-23.0511963,13.32,26.346900939941406,2.1682799342670478e-05,0.02845030091702938,0.13592100143432617,3.0012599381734617e-05,t17_f5_c3,ZTF20abxyayj
2459888.8554745,2,2134355474015,18.481199264526367,/ztf/archive/sci/2022/1105/355475/ztf_20221105355475_000251_zr_c11_o_q1_scimrefdiffimg.fits.fz,Kulkarni,1,,,,2134,40,251,,,,,,,,,,,,,,,,,,,,,,,,,,,,,,,,,,,,25.958499908447266,9.504309855401516e-05,0.0525255985558033,0.13193899393081665,0.00014062700211070478,t17_f5_c3,ZTF20abxyayj
2459894.8776273,1,2140377624015,18.261499404907227,/ztf/archive/sci/2022/1111/377569/ztf_20221111377569_000251_zg_c11_o_q1_scimrefdiffimg.fits.fz,Kulkarni,1,,,,2140,40,251,,,,,,,,,,,,,,,,,,,,,,,,,,,,,,,,,,,,26.194499969482422,0.0016569800209254026,0.0814243033528328,0.09307839721441269,0.004716389812529087,t17_f5_c3,ZTF20abxyayj
2459895.7911227,1,2141291124015,19.424800872802734,/ztf/archive/sci/2022/1112/291123/ztf_20221112291123_000251_zg_c11_o_q1_scimrefdiffimg.fits.fz,Kulkarni,1,2.141291124015015e+18,t,5.0,2141,40,251,937.3150024414062,2317.7900390625,45.1985251,-23.0511646,19.603599548339844,0.20475399494171143,1.0538899898529053,19.69770050048828,0.4377000033855438,0.2691879868507385,18.625999450683594,0.020999999716877937,1.2009999752044678,0.05999999865889549,0.08910199999809265,0.09414199739694595,2.3499999046325684,0.9810000061988831,762.7059936523438,-0.27291300892829895,1.2155400514602661,0.8130000233650208,0.7110000252723694,0.3459570109844208,0.3025529980659485,1.1434600353240967,5.0,0.0,0.951429009437561,0.9619609713554382,19.99970054626465,0.7422000169754028,45.1986008,-23.0511944,5.96976,26.26259994506836,4.859689943259582e-05,0.04093850031495094,-0.02157530002295971,8.15367020550184e-05,t17_f5_c3,ZTF20abxyayj
2459897.7959144,2,2143295914015,19.829599380493164,/ztf/archive/sci/2022/1114/295903/ztf_20221114295903_000251_zr_c11_o_q1_scimrefdiffimg.fits.fz,Kulkarni,1,2.143295914015015e+18,t,8.0,2143,40,251,937.3599853515625,2347.830078125,45.1985371,-23.0512255,19.428300857543945,0.14007599651813507,1.3567299842834473,19.10260009765625,0.17890000343322754,0.27053898572921753,18.13599967956543,0.032999999821186066,2.927000045776367,0.1469999998807907,-0.7588229775428772,-0.3256720006465912,2.319999933242798,0.9729999899864197,732.6669921875,0.7269769906997681,1.2197699546813965,1.0460000038146973,0.8859999775886536,0.45086199045181274,0.3818970024585724,1.180590033531189,4.0,0.0,0.9142860174179077,1.0,18.957199096679688,0.19990000128746033,45.1986134,-23.0511963,8.06553,26.354299545288086,2.269449942104984e-05,0.029550399631261826,0.1194859966635704,3.1654100894229487e-05,t17_f5_c3,ZTF20abxyayj
2459898.8095833,1,2144309584015,19.69420051574707,/ztf/archive/sci/2022/1115/309583/ztf_20221115309583_000251_zg_c11_o_q1_scimrefdiffimg.fits.fz,Kulkarni,1,2.144309584015015e+18,t,10.0,2144,40,251,941.6820068359375,2348.27001953125,45.1986083,-23.0511079,19.497900009155273,0.14434799551963806,1.31673002243042,19.66670036315918,0.3345000147819519,0.30841800570487976,18.625999450683594,0.020999999716877937,1.2009999752044678,0.05999999865889549,0.44973400235176086,0.16875000298023224,2.7899999618530273,0.9409999847412109,732.22802734375,0.027489999309182167,1.0246299505233765,0.828000009059906,0.7559999823570251,0.2967739999294281,0.2709679901599884,1.0952399969100952,3.0,0.0,0.9728569984436035,1.0,19.6156005859375,0.40849998593330383,45.1986008,-23.0511944,8.74463,26.206899642944336,3.327040030853823e-05,0.03468979895114899,-0.05881670117378235,5.219750164542347e-05,t17_f5_c3,ZTF20abxyayj
2459898.8310648,2,2144331064015,20.051300048828125,/ztf/archive/sci/2022/1115/331065/ztf_20221115331065_000251_zr_c11_o_q1_scimrefdiffimg.fits.fz,Kulkarni,1,2.144331064015015e+18,t,9.0,2144,40,251,943.1649780273438,2346.159912109375,45.1985953,-23.0511959,19.534299850463867,0.19446000456809998,2.364190101623535,20.246000289916992,0.4715999960899353,0.059112001210451126,18.13599967956543,0.032999999821186066,2.927000045776367,0.1469999998807907,-0.6332420110702515,0.7117069959640503,2.9200000762939453,0.9419999718666077,734.3389892578125,-0.19471800327301025,0.8597829937934875,0.5669999718666077,0.5130000114440918,0.1941780000925064,0.17568500339984894,1.1052600145339966,13.0,0.0,0.7442860007286072,0.7220020294189453,20.2810001373291,0.6215000152587891,45.1986134,-23.0511963,5.48014,26.360300064086914,2.3387699911836535e-05,0.029745399951934814,0.1319359987974167,3.2412099244538695e-05,t17_f5_c3,ZTF20abxyayj
2459899.7513426,1,2145251344015,19.455299377441406,/ztf/archive/sci/2022/1116/251343/ztf_20221116251343_000251_zg_c11_o_q1_scimrefdiffimg.fits.fz,Kulkarni,1,2.145251344015015e+18,t,32.0,2145,40,251,929.9310302734375,2329.3701171875,45.1986644,-23.0511742,19.51180076599121,0.2562200129032135,1.272879958152771,19.645299911499023,0.24060000479221344,0.2200009971857071,18.625999450683594,0.020999999716877937,1.2009999752044678,0.05999999865889549,-0.4754439890384674,0.1334570050239563,2.9200000762939453,0.4090000092983246,751.1309814453125,-0.19002899527549744,1.6772600412368774,1.253999948501587,1.1399999856948853,0.42945200204849243,0.39041098952293396,1.100000023841858,5.0,0.0,0.6171429753303528,0.9486240148544312,19.791200637817383,0.3513000011444092,45.1986008,-23.0511944,5.8813,26.25979995727539,6.637380283791572e-05,0.04243149980902672,-0.050155699253082275,0.0001231259957421571,t17_f5_c3,ZTF20abxyayj
2459899.8141088,2,2145314104015,19.11039924621582,/ztf/archive/sci/2022/1116/314109/ztf_20221116314109_000251_zr_c11_o_q1_scimrefdiffimg.fits.fz,Kulkarni,1,2.145314104015015e+18,t,22.0,2145,40,251,943.8179931640625,2325.610107421875,45.1984778,-23.0513593,19.425199508666992,0.37329599261283875,1.2953599691390991,19.320600509643555,0.21639999747276306,0.7292330265045166,18.13599967956543,0.032999999821186066,2.927000045776367,0.1469999998807907,-0.15624700486660004,-0.10455600172281265,2.767810106277466,0.5979999899864197,754.8930053710938,-0.21019099652767181,2.0,0.8859999775886536,0.527999997138977,0.32010799646377563,0.19076399505138397,1.678030014038086,6.0,0.0,0.4728569984436035,0.9349790215492249,19.317100524902344,0.27559998631477356,45.1986134,-23.0511963,5.22775,26.345199584960938,8.426600106758997e-05,0.05039580166339874,0.13747599720954895,0.00012036700354656205,t17_f5_c3,ZTF20abxyayj
2459900.7897338,1,2146289734015,19.27989959716797,/ztf/archive/sci/2022/1117/289734/ztf_20221117289734_000251_zg_c11_o_q1_scimrefdiffimg.fits.fz,Kulkarni,1,2.1462897340150152e+18,t,47.0,2146,40,251,939.8909912109375,2313.389892578125,45.1985653,-23.0511425,19.330799102783203,0.35426801443099976,1.2218199968338013,19.33370018005371,0.1728000044822693,0.21764400601387024,18.625999450683594,0.020999999716877937,1.2009999752044678,0.05999999865889549,-0.4895859956741333,0.00291300006210804,4.480000019073486,0.39899998903274536,767.1090087890625,-0.053787000477313995,1.3474600315093994,2.1540000438690186,1.7569999694824219,0.4808039963245392,0.39218801259994507,1.225950002670288,3.0,0.0,0.35714301466941833,0.9787219762802124,19.422000885009766,0.23890000581741333,45.1986008,-23.0511944,7.00956,26.295799255371094,0.00016031399718485773,0.05004569888114929,-0.049984898418188095,0.0003873799869325012,t17_f5_c3,ZTF20abxyayj
2459901.7867708,2,2147286774015,20.174299240112305,/ztf/archive/sci/2022/1118/286771/ztf_20221118286771_000251_zr_c11_o_q1_scimrefdiffimg.fits.fz,Kulkarni,1,2.147286774015015e+18,t,8.0,2147,40,251,951.6480102539062,2305.949951171875,45.1985176,-23.0512074,19.42530059814453,0.12328200042247772,1.1455999612808228,19.652299880981445,0.23149999976158142,0.3157449960708618,18.13599967956543,0.032999999821186066,2.927000045776367,0.1469999998807907,-0.30222898721694946,0.22701400518417358,2.440000057220459,0.8970000147819519,774.552978515625,0.5220149755477905,1.094849944114685,0.6589999794960022,0.6309999823570251,0.2700819969177246,0.25860700011253357,1.0443700551986694,3.0,0.0,0.9671429991722107,0.9825140237808228,19.838300704956055,0.3490999937057495,45.1986134,-23.0511963,10.2501,26.36829948425293,2.2059199181967415e-05,0.02877119928598404,0.13177399337291718,3.0492899895762093e-05,t17_f5_c3,ZTF20abxyayj
2459901.8097801,1,2147309784015,20.05780029296875,/ztf/archive/sci/2022/1118/309769/ztf_20221118309769_000251_zg_c11_o_q1_scimrefdiffimg.fits.fz,Kulkarni,1,2.147309784015015e+18,t,12.0,2147,40,251,950.9910278320312,2342.389892578125,45.1985622,-23.0511508,19.34910011291504,0.11671800166368484,0.9977899789810181,19.550500869750977,0.21709999442100525,0.19987499713897705,18.625999450683594,0.020999999716877937,1.2009999752044678,0.05999999865889549,-0.35081401467323303,0.20143599808216095,2.880000114440918,0.9769999980926514,738.1129760742188,0.5073050260543823,0.9949139952659607,0.8159999847412109,0.7099999785423279,0.2833330035209656,0.2465279996395111,1.1492999792099,4.0,0.0,0.9585710167884827,0.9913640022277832,19.427099227905273,0.24709999561309814,45.1986008,-23.0511944,11.1302,26.274099349975586,2.917870006058365e-05,0.032722800970077515,-0.04147990047931671,4.255880048731342e-05,t17_f5_c3,ZTF20abxyayj
2459902.8141551,1,2148314154015,19.191600799560547,/ztf/archive/sci/2022/1119/314155/ztf_20221119314155_000251_zg_c11_o_q1_scimrefdiffimg.fits.fz,Kulkarni,1,2.1483141540150152e+18,t,73.0,2148,40,251,942.9860229492188,2327.889892578125,45.1985715,-23.0509224,19.333599090576172,0.2921229898929596,1.136970043182373,19.280099868774414,0.16680000722408295,0.9707480072975159,18.625999450683594,0.020999999716877937,1.2009999752044678,0.05999999865889549,-0.43522199988365173,-0.053502000868320465,4.809999942779541,0.3720000088214874,752.614013671875,-0.08847200125455856,1.3406200408935547,2.319999933242798,2.0160000324249268,0.48232799768447876,0.4191269874572754,1.1507899761199951,4.0,0.0,0.318571001291275,1.0,19.121400833129883,0.18400000035762787,45.1986008,-23.0511944,6.24946,26.290599822998047,0.00018083500617649406,0.05079760029911995,-0.07614679634571075,0.00044615499791689217,t17_f5_c3,ZTF20abxyayj
2459903.7515394,1,2149251534015,19.809900283813477,/ztf/archive/sci/2022/1120/251539/ztf_20221120251539_000251_zg_c11_o_q1_scimrefdiffimg.fits.fz,Kulkarni,1,2.149251534015015e+18,t,23.0,2149,40,251,938.4509887695312,2332.14990234375,45.1985805,-23.0511345,19.46299934387207,0.18734300136566162,0.8429700136184692,19.39940071105957,0.19419999420642853,0.22313900291919708,18.625999450683594,0.020999999716877937,1.2009999752044678,0.05999999865889549,0.43830400705337524,-0.06355699896812439,4.989999771118164,0.9340000152587891,748.3510131835938,0.4105049967765808,0.7014660239219666,1.253999948501587,1.0449999570846558,0.2513029873371124,0.20941899716854095,1.2000000476837158,3.0,0.0,0.7585710287094116,1.0,19.32360076904297,0.23100000619888306,45.1986008,-23.0511944,9.36091,26.257999420166016,3.714279955602251e-05,0.036364100873470306,-0.044266100972890854,5.9834899730049074e-05,t17_f5_c3,ZTF20abxyayj
2459903.7932292,2,2149293224015,19.96500015258789,/ztf/archive/sci/2022/1120/293229/ztf_20221120293229_000251_zr_c11_o_q1_scimrefdiffimg.fits.fz,Kulkarni,1,2.149293224015015e+18,t,5.0,2149,40,251,941.4760131835938,2317.77001953125,45.1984651,-23.0511138,19.615800857543945,0.20494399964809418,1.6770199537277222,19.736400604248047,0.2768999934196472,0.5669749975204468,18.13599967956543,0.032999999821186066,2.927000045776367,0.1469999998807907,-1.7371000051498413,0.12061499804258347,1.45455002784729,0.7279999852180481,762.7269897460938,0.22865000367164612,2.0,0.9509999752044678,0.6740000247955322,0.6538100242614746,0.46337300539016724,1.410979986190796,4.0,0.0,0.8728569746017456,1.0,19.755399703979492,0.35899999737739563,45.1986134,-23.0511963,6.45172,26.357799530029297,2.47349998971913e-05,0.03081360086798668,0.13244499266147614,3.450829899520613e-05,t17_f5_c3,ZTF20abxyayj
2459904.7856829,1,2150285684015,19.82670021057129,/ztf/archive/sci/2022/1121/285671/ztf_20221121285671_000251_zg_c11_o_q1_scimrefdiffimg.fits.fz,Kulkarni,1,2.150285684015015e+18,t,10.0,2150,40,251,941.9400024414062,2329.47998046875,45.1986136,-23.0512179,19.470600128173828,0.14426100254058838,0.9987229704856873,19.564800262451172,0.24580000340938568,0.0933540016412735,18.625999450683594,0.020999999716877937,1.2009999752044678,0.05999999865889549,0.14601700007915497,0.0942389965057373,3.059999942779541,0.9200000166893005,751.02099609375,0.2619459927082062,1.0316599607467651,0.9269999861717224,0.8339999914169312,0.3029409945011139,0.27254900336265564,1.1115100383758545,4.0,0.0,0.9628570079803467,0.9863309860229492,19.429000854492188,0.27720001339912415,45.1986008,-23.0511944,9.64709,26.219600677490234,3.3002299460349604e-05,0.03458639979362488,-0.0746401995420456,5.0860999181168154e-05,t17_f5_c3,ZTF20abxyayj
2459904.8148495,2,2150314844015,19.822999954223633,/ztf/archive/sci/2022/1121/314850/ztf_20221121314850_000251_zr_c11_o_q1_scimrefdiffimg.fits.fz,Kulkarni,1,2.150314844015015e+18,t,7.0,2150,40,251,946.6829833984375,2329.64990234375,45.1985479,-23.0512479,19.260799407958984,0.14271099865436554,1.5433499813079834,19.337799072265625,0.19859999418258667,0.28187400102615356,18.13599967956543,0.032999999821186066,2.927000045776367,0.1469999998807907,-0.2860249876976013,0.07696200162172318,4.010000228881836,0.906000018119812,750.85400390625,0.4852379858493805,0.7986469864845276,1.0,0.9440000057220459,0.24937699735164642,0.23541100323200226,1.0593199729919434,2.0,0.0,0.9314290285110474,1.0,19.21430015563965,0.22589999437332153,45.1986134,-23.0511963,11.4405,26.33880043029785,3.1389499781653285e-05,0.03412209823727608,0.12975899875164032,4.329110015532933e-05,t17_f5_c3,ZTF20abxyayj
2459906.7515625,1,2152251564015,20.080699920654297,/ztf/archive/sci/2022/1123/251400/ztf_20221123251400_000251_zg_c11_o_q1_scimrefdiffimg.fits.fz,Kulkarni,1,2.152251564015015e+18,t,32.0,2152,40,251,940.3519897460938,2305.429931640625,45.1985766,-23.0511698,19.443899154663086,0.15720100700855255,1.5176500082015991,19.335599899291992,0.16689999401569366,0.11651899665594101,18.625999450683594,0.020999999716877937,1.2009999752044678,0.05999999865889549,-0.5395410060882568,-0.10829000174999237,3.309999942779541,0.9620000123977661,775.0700073242188,0.745140016078949,0.9085519909858704,0.984000027179718,0.8149999976158142,0.2972809970378876,0.24622400104999542,1.207360029220581,3.0,0.0,0.9542859792709351,0.9812219738960266,19.143199920654297,0.17810000479221344,45.1986008,-23.0511944,10.3852,26.276899337768555,2.8361400836729445e-05,0.03274590149521828,-0.03451159968972206,4.197120142634958e-05,t17_f5_c3,ZTF20abxyayj
2459906.793831,2,2152293834015,20.037500381469727,/ztf/archive/sci/2022/1123/293831/ztf_20221123293831_000251_zr_c11_o_q1_scimrefdiffimg.fits.fz,Kulkarni,1,2.152293834015015e+18,t,16.0,2152,40,251,950.4869995117188,2306.8798828125,45.1985595,-23.0512944,19.36829948425293,0.13060599565505981,1.5248899459838867,19.466899871826172,0.20489999651908875,0.39062198996543884,18.13599967956543,0.032999999821186066,2.927000045776367,0.1469999998807907,-0.3109529912471771,0.09855999797582626,2.430000066757202,0.718999981880188,773.625,0.5705699920654297,1.1854900121688843,0.878000020980835,0.7009999752044678,0.3613170087337494,0.28847700357437134,1.252500057220459,3.0,0.0,0.9614289999008179,0.9937450289726257,19.36210060119629,0.2370000034570694,45.1986134,-23.0511963,11.5249,26.35930061340332,2.529660014261026e-05,0.03050749935209751,0.13645200431346893,3.499229933368042e-05,t17_f5_c3,ZTF20abxyayj
2459909.7326389,2,2155232634015,20.078800201416016,/ztf/archive/sci/2022/1126/232627/ztf_20221126232627_000251_zr_c11_o_q1_scimrefdiffimg.fits.fz,Kulkarni,1,2.155232634015015e+18,t,8.0,2155,40,251,938.8829956054688,2311.68994140625,45.1985134,-23.0512374,19.320999145507812,0.14466600120067596,1.8125,19.229299545288086,0.16920000314712524,0.3581950068473816,18.13599967956543,0.032999999821186066,2.927000045776367,0.1469999998807907,-0.015413000248372555,-0.09168200194835663,2.5999999046325684,0.8840000033378601,768.8070068359375,0.8495320081710815,1.0383299589157104,0.9049999713897705,0.7160000205039978,0.3480769991874695,0.2753849923610687,1.2639700174331665,3.0,0.0,0.9571430087089539,1.0,19.30739974975586,0.23109999299049377,45.1986134,-23.0511963,13.0441,26.367000579833984,2.0742199922096916e-05,0.028200700879096985,0.12269800156354904,2.910759940277785e-05,t17_f5_c3,ZTF20abxyayj
2459909.7730903,1,2155273094015,20.002500534057617,/ztf/archive/sci/2022/1126/273079/ztf_20221126273079_000251_zg_c11_o_q1_scimrefdiffimg.fits.fz,Kulkarni,1,2.155273094015015e+18,t,5.0,2155,40,251,952.8870239257812,2313.110107421875,45.1986116,-23.0511271,19.287099838256836,0.11965499818325043,1.3112000226974487,19.243200302124023,0.16830000281333923,0.24158699810504913,18.625999450683594,0.020999999716877937,1.2009999752044678,0.05999999865889549,-0.5548589825630188,-0.04389199987053871,4.96999979019165,0.9779999852180481,767.3889770507812,0.7593219876289368,0.589684009552002,0.9769999980926514,0.8489999771118164,0.1965789943933487,0.17082500457763672,1.1507699489593506,4.0,0.0,0.8185709714889526,0.9971920251846313,19.319700241088867,0.23010000586509705,45.1986008,-23.0511944,10.4152,26.28510093688965,3.243399987695739e-05,0.0346686989068985,-0.0333453007042408,4.8018300731200725e-05,t17_f5_c3,ZTF20abxyayj
2459910.7728472,2,2156272844015,20.026599884033203,/ztf/archive/sci/2022/1127/272836/ztf_20221127272836_000251_zr_c11_o_q1_scimrefdiffimg.fits.fz,Kulkarni,1,2.156272844015015e+18,t,9.0,2156,40,251,954.260009765625,2314.280029296875,45.1985559,-23.0512333,19.4689998626709,0.14565199613571167,1.315060019493103,19.488399505615234,0.21410000324249268,0.22954699397087097,18.13599967956543,0.032999999821186066,2.927000045776367,0.1469999998807907,-0.07040999829769135,0.01938300020992756,2.9100000858306885,0.8100000023841858,766.218994140625,0.5381699800491333,0.9747610092163086,0.9639999866485596,0.8100000023841858,0.3312709927558899,0.2783510088920593,1.190119981765747,3.0,0.0,0.9671429991722107,1.0,19.405799865722656,0.2526000142097473,45.1986134,-23.0511963,7.97666,26.385000228881836,2.0845700419158675e-05,0.0280505008995533,0.11682099848985672,2.9103799533913843e-05,t17_f5_c3,ZTF20abxyayj
2459903.7515394,1,2149251534015,19.809900283813477,/ztf/archive/sci/2022/1120/251539/ztf_20221120251539_000251_zg_c11_o_q1_scimrefdiffimg.fits.fz,Kulkarni,1,2.149251534015015e+18,1,23.0,2149,40,251,938.4509887695312,2332.14990234375,45.1985805,-23.0511345,19.46299934387207,0.18734300136566162,0.8429700136184692,19.39940071105957,0.19419999420642853,0.22313900291919708,18.625999450683594,0.020999999716877937,1.2009999752044678,0.05999999865889549,0.43830400705337524,-0.06355699896812439,4.989999771118164,0.9340000152587891,748.3510131835938,0.4105049967765808,0.7014660239219666,1.253999948501587,1.0449999570846558,0.2513029873371124,0.20941899716854095,1.2000000476837158,3.0,0.0,0.7585710287094116,1.0,19.32360076904297,0.23100000619888306,45.1986008,-23.0511944,9.36091,26.257999420166016,3.714279955602251e-05,0.036364100873470306,-0.044266100972890854,5.9834899730049074e-05,t17_f5_c3,ZTF20abxyayj
2459840.9563889,1,2086456384015,20.07830047607422,/ztf/archive/sci/2022/0918/456377/ztf_20220918456377_000251_zg_c11_o_q1_scimrefdiffimg.fits.fz,Kulkarni,1,2.086456384015015e+18,t,5.0,2086,40,251,963.5659790039062,2308.929931640625,45.1985562,-23.0512123,18.950300216674805,0.10967899858951569,1.8072099685668945,18.819900512695312,0.10970000177621841,0.15926000475883484,18.625999450683594,0.020999999716877937,1.2009999752044678,0.05999999865889549,-0.45609501004219055,-0.1304139941930771,3.1600000858306885,0.9860000014305115,771.5650024414062,1.258370041847229,0.903963029384613,0.9829999804496765,0.843999981880188,0.31107598543167114,0.26708900928497314,1.1646900177001953,1.0,0.0,0.9528570175170898,1.0,18.718399047851562,0.12720000743865967,45.1986008,-23.0511944,18.5273,26.295299530029297,2.6410500140627846e-05,0.031369298696517944,-0.062276601791381836,3.839430064545013e-05,t17_f5_c3,ZTF20abxyayj
2459840.9805208,1,2086480524015,20.17140007019043,/ztf/archive/sci/2022/0918/480521/ztf_20220918480521_000251_zg_c11_o_q1_scimrefdiffimg.fits.fz,Kulkarni,1,2.086480524015015e+18,t,10.0,2086,40,251,973.8179931640625,2310.300048828125,45.1986253,-23.0511711,18.933000564575195,0.09259500354528427,1.9161399602890015,18.876399993896484,0.11699999868869781,0.11493899673223495,18.625999450683594,0.020999999716877937,1.2009999752044678,0.05999999865889549,-0.3027850091457367,-0.05657700076699257,2.859999895095825,0.9819999933242798,770.2000122070312,1.2950199842453003,0.9063820242881775,0.8050000071525574,0.7730000019073486,0.2814689874649048,0.27028000354766846,1.0413999557495117,0.0,0.0,0.9585710167884827,1.0,18.842199325561523,0.14409999549388885,45.1986008,-23.0511944,15.1358,26.264999389648438,1.987229916267097e-05,0.027156099677085876,-0.03598650172352791,2.8507500246632844e-05,t17_f5_c3,ZTF20abxyayj
2459842.9297106,2,2088429714015,20.200300216674805,/ztf/archive/sci/2022/0920/429699/ztf_20220920429699_000251_zr_c11_o_q1_scimrefdiffimg.fits.fz,Kulkarni,1,2.088429714015015e+18,t,8.0,2088,40,251,956.0800170898438,2311.75,45.1986129,-23.0512041,19.074600219726562,0.0948759987950325,1.776550054550171,19.14109992980957,0.14219999313354492,0.027705000713467598,18.13599967956543,0.032999999821186066,2.927000045776367,0.1469999998807907,-0.6361920237541199,0.06645199656486511,2.309999942779541,0.9779999852180481,768.7449951171875,1.0591700077056885,1.154420018196106,0.6850000023841858,0.6549999713897705,0.29653701186180115,0.2835499942302704,1.045799970626831,5.0,0.0,0.9542859792709351,0.9946320056915283,18.904199600219727,0.1454000025987625,45.1986134,-23.0511963,10.1934,26.366600036621094,2.0225199477863498e-05,0.027473900467157364,0.12891100347042084,2.7956000849371776e-05,t17_f5_c3,ZTF20abxyayj
2459842.9396759,1,2088439674015,20.00320053100586,/ztf/archive/sci/2022/0920/439664/ztf_20220920439664_000251_zg_c11_o_q1_scimrefdiffimg.fits.fz,Kulkarni,1,,,,2088,40,251,,,,,,,,,,,,,,,,,,,,,,,,,,,,,,,,,,,,26.28459930419922,2.7760099328588694e-05,0.031553398817777634,-0.03595370054244995,4.24585014116019e-05,t17_f5_c3,ZTF20abxyayj
2459844.9397222,1,2090439724015,20.083900451660156,/ztf/archive/sci/2022/0922/439560/ztf_20220922439560_000251_zg_c11_o_q1_scimrefdiffimg.fits.fz,Kulkarni,1,2.090439724015015e+18,t,6.0,2090,40,251,974.31201171875,2290.159912109375,45.1986083,-23.0511928,19.111900329589844,0.1075109988451004,1.066480040550232,19.123899459838867,0.13429999351501465,0.02603599987924099,18.625999450683594,0.020999999716877937,1.2009999752044678,0.05999999865889549,-0.17427800595760345,0.011958999559283257,2.859999895095825,0.9810000061988831,790.3400268554688,0.959971010684967,1.0754599571228027,0.9589999914169312,0.8539999723434448,0.3353149890899658,0.2986010015010834,1.1229499578475952,1.0,0.0,0.9542859792709351,1.0,19.096399307250977,0.1665000021457672,45.1986008,-23.0511944,13.8438,26.29490089416504,2.7575699277804233e-05,0.03188269957900047,-0.055931899696588516,4.0172199078369886e-05,t17_f5_c3,ZTF20abxyayj
2459844.9816782,2,2090481674015,20.111099243164062,/ztf/archive/sci/2022/0922/481667/ztf_20220922481667_000251_zr_c11_o_q1_scimrefdiffimg.fits.fz,Kulkarni,1,2.090481674015015e+18,t,9.0,2090,40,251,967.5780029296875,2289.889892578125,45.1985522,-23.0511553,19.18939971923828,0.11964800208806992,2.06673002243042,19.461700439453125,0.20080000162124634,0.24751000106334686,18.13599967956543,0.032999999821186066,2.927000045776367,0.1469999998807907,0.42112499475479126,0.272350013256073,2.509999990463257,0.8610000014305115,790.6110229492188,0.6493600010871887,1.09128999710083,0.7229999899864197,0.7110000252723694,0.28804799914360046,0.28326699137687683,1.0168800354003906,2.0,0.0,0.9557139873504639,1.0,19.8164005279541,0.35370001196861267,45.1986134,-23.0511963,10.2498,26.364299774169922,1.9367600543773733e-05,0.02675819955766201,0.12868300080299377,2.68437997874571e-05,t17_f5_c3,ZTF20abxyayj
2459847.9191782,2,2093419174015,20.212799072265625,/ztf/archive/sci/2022/0925/419178/ztf_20220925419178_000251_zr_c11_o_q1_scimrefdiffimg.fits.fz,Kulkarni,1,2.093419174015015e+18,t,8.0,2093,40,251,979.7869873046875,2296.340087890625,45.1985616,-23.0511764,19.217500686645508,0.126119002699852,2.049499988555908,19.249799728393555,0.16459999978542328,0.1834920048713684,18.13599967956543,0.032999999821186066,2.927000045776367,0.1469999998807907,0.36938101053237915,0.032345000654459,2.309999942779541,0.9950000047683716,784.1630249023438,0.9630169868469238,1.0868300199508667,0.6370000243186951,0.6159999966621399,0.2757579982280731,0.2666670083999634,1.0340900421142578,6.0,0.0,0.9685710072517395,0.8934710025787354,19.12689971923828,0.1868000030517578,45.1986134,-23.0511963,13.1445,26.335500717163086,2.2118500055512413e-05,0.028515800833702087,0.1281059980392456,3.0800700187683105e-05,t17_f5_c3,ZTF20abxyayj
2459847.9808218,1,2093480824015,20.04520034790039,/ztf/archive/sci/2022/0925/480660/ztf_20220925480660_000251_zg_c11_o_q1_scimrefdiffimg.fits.fz,Kulkarni,1,2.093480824015015e+18,t,9.0,2093,40,251,973.7570190429688,2296.159912109375,45.1986188,-23.0512095,19.118200302124023,0.10764999687671661,1.1108900308609009,19.135799407958984,0.15379999577999115,0.07979299873113632,18.625999450683594,0.020999999716877937,1.2009999752044678,0.05999999865889549,-0.10119400173425674,0.017552999779582024,3.1600000858306885,0.9980000257492065,784.3410034179688,0.9093790054321289,0.8862990140914917,0.949999988079071,0.7760000228881836,0.3006330132484436,0.24557000398635864,1.2242300510406494,1.0,0.0,0.9528570175170898,1.0,19.115400314331055,0.1923000067472458,45.1986008,-23.0511944,11.8789,26.22719955444336,2.8712300263578072e-05,0.03236149996519089,-0.023622900247573853,4.2585899791447446e-05,t17_f5_c3,ZTF20abxyayj
2459849.9398958,1,2095439894015,20.149700164794922,/ztf/archive/sci/2022/0927/439896/ztf_20220927439896_000251_zg_c11_o_q1_scimrefdiffimg.fits.fz,Kulkarni,1,2.095439894015015e+18,t,9.0,2095,40,251,980.9140014648438,2292.93994140625,45.1985961,-23.0511956,19.088499069213867,0.10448499768972397,1.0786099433898926,19.14459991455078,0.13850000500679016,0.015845999121665955,18.625999450683594,0.020999999716877937,1.2009999752044678,0.05999999865889549,-0.32160401344299316,0.056102998554706573,3.049999952316284,0.9789999723434448,787.5560302734375,1.0051100254058838,0.9394599795341492,0.9240000247955322,0.7609999775886536,0.30295100808143616,0.24950799345970154,1.2141900062561035,2.0,0.0,0.9485710263252258,1.0,19.03689956665039,0.15960000455379486,45.1986008,-23.0511944,13.6107,26.250499725341797,2.6034600523416884e-05,0.030581200495362282,-0.03451250120997429,3.7257199437590316e-05,t17_f5_c3,ZTF20abxyayj
2459849.9818287,2,2095481824015,20.01259994506836,/ztf/archive/sci/2022/0927/481817/ztf_20220927481817_000251_zr_c11_o_q1_scimrefdiffimg.fits.fz,Kulkarni,1,2.095481824015015e+18,t,5.0,2095,40,251,983.4730224609375,2289.81005859375,45.1985295,-23.0511736,19.2731990814209,0.13797299563884735,1.6895999908447266,19.370399475097656,0.19509999454021454,0.2859709858894348,18.13599967956543,0.032999999821186066,2.927000045776367,0.1469999998807907,-0.26257801055908203,0.09715999662876129,3.009999990463257,0.9520000219345093,790.6909790039062,0.6421759724617004,0.940155029296875,0.8149999976158142,0.7509999871253967,0.27076399326324463,0.2495020031929016,1.0852199792861938,3.0,0.0,0.9614289999008179,1.0,19.32270050048828,0.23770000040531158,45.1986134,-23.0511963,9.89209,26.331199645996094,3.2082200050354004e-05,0.034245699644088745,0.13516199588775635,4.4318399886833504e-05,t17_f5_c3,ZTF20abxyayj
2459851.9182639,2,2097418264015,20.336200714111328,/ztf/archive/sci/2022/0929/418102/ztf_20220929418102_000251_zr_c11_o_q1_scimrefdiffimg.fits.fz,Kulkarni,1,2.097418264015015e+18,t,12.0,2097,40,251,984.8070068359375,2297.929931640625,45.1985707,-23.0512192,19.184900283813477,0.10803800076246262,1.4071199893951416,19.447500228881836,0.18639999628067017,0.16397200524806976,18.13599967956543,0.032999999821186066,2.927000045776367,0.1469999998807907,0.0385809987783432,0.26258400082588196,1.7799999713897705,0.9269999861717224,782.572021484375,0.8887190222740173,1.3393900394439697,0.5899999737739563,0.5490000247955322,0.33146101236343384,0.30842700600624084,1.074679970741272,8.0,0.0,0.9557139873504639,0.9404770135879517,19.5492000579834,0.2597000002861023,45.1986134,-23.0511963,10.8056,26.289899826049805,1.812170012271963e-05,0.025801699608564377,0.12274400144815445,2.520280031603761e-05,t17_f5_c3,ZTF20abxyayj
2459851.9603472,1,2097460344015,20.195899963378906,/ztf/archive/sci/2022/0929/460347/ztf_20220929460347_000251_zg_c11_o_q1_scimrefdiffimg.fits.fz,Kulkarni,1,2.097460344015015e+18,t,12.0,2097,40,251,974.8820190429688,2297.389892578125,45.1986279,-23.0511312,19.22719955444336,0.10785400122404099,1.9149199724197388,19.12380027770996,0.13680000603199005,0.23344799876213074,18.625999450683594,0.020999999716877937,1.2009999752044678,0.05999999865889549,-0.0755390003323555,-0.10338500142097473,3.0799999237060547,0.9779999852180481,783.1079711914062,1.0721499919891357,0.8885830044746399,0.9520000219345093,0.8240000009536743,0.3090910017490387,0.26753199100494385,1.1553399562835693,2.0,0.0,0.9657139778137207,1.0,19.055500030517578,0.163100004196167,45.1986008,-23.0511944,11.1478,26.184200286865234,2.6351499400334433e-05,0.03157290071249008,-0.02970289997756481,3.749100142158568e-05,t17_f5_c3,ZTF20abxyayj
2459852.8983796,1,2098398374015,20.5,/ztf/archive/sci/2022/0930/398380/ztf_20220930398380_000251_zg_c11_o_q1_scimrefdiffimg.fits.fz,Kulkarni,1,2.098398374015015e+18,t,11.0,2098,40,251,978.6409912109375,2297.739990234375,45.1985658,-23.0511814,19.155099868774414,0.11116600036621094,2.7785298824310303,19.28459930419922,0.12559999525547028,0.12331700325012207,18.625999450683594,0.020999999716877937,1.2009999752044678,0.05999999865889549,-0.3390769958496094,0.1295360028743744,2.640000104904175,0.9789999723434448,782.7589721679688,1.2154200077056885,1.0038199424743652,0.7390000224113464,0.7120000123977661,0.2799240052700043,0.26969701051712036,1.0379199981689453,1.0,0.0,0.9571430087089539,1.0,19.336000442504883,0.1662999987602234,45.1986008,-23.0511944,18.7033,26.260099411010742,2.1327299691620283e-05,0.02824769914150238,-0.05199680104851723,2.957640026579611e-05,t17_f5_c3,ZTF20abxyayj
2459852.9833912,2,2098483394015,20.406400680541992,/ztf/archive/sci/2022/0930/483380/ztf_20220930483380_000251_zr_c11_o_q1_scimrefdiffimg.fits.fz,Kulkarni,1,2.098483394015015e+18,t,8.0,2098,40,251,979.2000122070312,2299.2099609375,45.1985572,-23.0512425,19.24220085144043,0.1081480011343956,1.6324100494384766,19.143800735473633,0.12399999797344208,0.2464739978313446,18.13599967956543,0.032999999821186066,2.927000045776367,0.1469999998807907,-0.19913500547409058,-0.09844399988651276,2.9200000762939453,0.9179999828338623,781.2890014648438,1.262619972229004,0.883575975894928,0.7559999823570251,0.6740000247955322,0.25890401005744934,0.23082199692726135,1.1216599941253662,4.0,0.0,0.9585710167884827,0.9838269948959351,19.253999710083008,0.17309999465942383,45.1986134,-23.0511963,7.93329,26.336200714111328,1.8737799109658226e-05,0.02658030018210411,0.1280220001935959,2.617129939608276e-05,t17_f5_c3,ZTF20abxyayj
2459854.9396412,2,2100439644015,20.372600555419922,/ztf/archive/sci/2022/1002/439630/ztf_20221002439630_000251_zr_c11_o_q1_scimrefdiffimg.fits.fz,Kulkarni,1,,,,2100,40,251,,,,,,,,,,,,,,,,,,,,,,,,,,,,,,,,,,,,26.390300750732422,3.580759948818013e-05,0.036038901656866074,0.13960899412631989,5.006849823985249e-05,t17_f5_c3,ZTF20abxyayj
2459856.9189236,1,2102418924015,20.28820037841797,/ztf/archive/sci/2022/1004/418924/ztf_20221004418924_000251_zg_c11_o_q1_scimrefdiffimg.fits.fz,Kulkarni,1,2.102418924015015e+18,t,9.0,2102,40,251,976.0089721679688,2325.830078125,45.1985039,-23.0512123,19.21339988708496,0.10446900129318237,1.372230052947998,19.08300018310547,0.11999999731779099,0.3234350085258484,18.625999450683594,0.020999999716877937,1.2009999752044678,0.05999999865889549,-0.08440600335597992,-0.13036100566387177,2.7200000286102295,0.9810000061988831,754.6680297851562,1.2051899433135986,1.020509958267212,0.8870000243186951,0.8550000190734863,0.32610300183296204,0.31433799862861633,1.0374300479888916,0.0,0.0,0.9614289999008179,1.0,19.086000442504883,0.15240000188350677,45.1986008,-23.0511944,14.6962,26.23940086364746,2.5249499230994843e-05,0.03066590055823326,-0.03048669919371605,3.6409601307241246e-05,t17_f5_c3,ZTF20abxyayj
2459858.9178472,1,2104417844015,20.159700393676758,/ztf/archive/sci/2022/1006/417847/ztf_20221006417847_000251_zg_c11_o_q1_scimrefdiffimg.fits.fz,Kulkarni,1,2.104417844015015e+18,t,8.0,2104,40,251,992.6519775390625,2303.18994140625,45.1986117,-23.0512287,19.187700271606445,0.11574000120162964,1.5861999988555908,19.263399124145508,0.16429999470710754,0.12697899341583252,18.625999450683594,0.020999999716877937,1.2009999752044678,0.05999999865889549,-0.4474630057811737,0.07574400305747986,2.140000104904175,0.9990000128746033,777.31201171875,0.8963459730148315,1.2405799627304077,0.7250000238418579,0.6690000295639038,0.33878499269485474,0.3126170039176941,1.083709955215454,2.0,0.0,0.9642860293388367,1.0,19.17959976196289,0.19380000233650208,45.1986008,-23.0511944,12.5472,26.2367000579834,1.8097900465363637e-05,0.025802599266171455,-0.05140170082449913,2.5953799195121974e-05,t17_f5_c3,ZTF20abxyayj
2459860.898125,2,2106398124015,19.408599853515625,/ztf/archive/sci/2022/1008/398113/ztf_20221008398113_000251_zr_c11_o_q1_scimrefdiffimg.fits.fz,Kulkarni,1,2.106398124015015e+18,t,1.0,2106,40,251,974.4400024414062,2277.570068359375,45.1985636,-23.0511916,19.308900833129883,0.225150004029274,1.4917800426483154,19.228300094604492,0.33329999446868896,0.16358500719070435,18.13599967956543,0.032999999821186066,2.927000045776367,0.1469999998807907,0.8550050258636475,-0.08055199682712555,2.5199999809265137,0.996999979019165,802.9320068359375,0.18029600381851196,0.9831929802894592,0.7599999904632568,0.5860000252723694,0.30158698558807373,0.23253999650478363,1.296929955482483,5.0,0.0,0.9200000166893005,0.902646005153656,19.19409942626953,0.4142000079154968,45.1986134,-23.0511963,7.26138,26.319900512695312,2.8530299459816888e-05,0.03251269832253456,0.1278180032968521,3.956820000894368e-05,t17_f5_c3,ZTF20abxyayj
2459860.9620949,1,2106462094015,19.122699737548828,/ztf/archive/sci/2022/1008/462083/ztf_20221008462083_000251_zg_c11_o_q1_scimrefdiffimg.fits.fz,Kulkarni,1,2.106462094015015e+18,t,1.0,2106,40,251,966.8359985351562,2272.969970703125,45.1987152,-23.0511488,19.32390022277832,0.21166899800300598,0.7272120118141174,18.90019989013672,0.3116999864578247,0.40767401456832886,18.625999450683594,0.020999999716877937,1.2009999752044678,0.05999999865889549,-0.029942000284790993,-0.4237160086631775,1.2690399885177612,0.9800000190734863,807.5339965820312,0.22245000302791595,2.0,0.8360000252723694,0.6370000243186951,0.6587640047073364,0.5019530057907104,1.312399983406067,2.0,0.0,0.8199999928474426,1.0,18.668399810791016,0.32330000400543213,45.1986008,-23.0511944,5.42469,26.19890022277832,5.212250107433647e-05,0.04092499986290932,-0.029511399567127228,8.933409844757989e-05,t17_f5_c3,ZTF20abxyayj
2459862.9435532,2,2108443554015,19.132400512695312,/ztf/archive/sci/2022/1010/443542/ztf_20221010443542_000251_zr_c11_o_q1_scimrefdiffimg.fits.fz,Kulkarni,1,2.108443554015015e+18,t,4.0,2108,40,251,990.3930053710938,2326.860107421875,45.1985476,-23.0512631,19.009199142456055,0.1766269952058792,1.475100040435791,18.87150001525879,0.3012000024318695,0.32036200165748596,18.13599967956543,0.032999999821186066,2.927000045776367,0.1469999998807907,-1.6825799942016602,-0.13772599399089813,2.640000104904175,0.9990000128746033,753.6430053710938,0.2609260082244873,0.9613959789276123,0.8349999785423279,0.6589999794960022,0.3162879943847656,0.24962100386619568,1.2670700550079346,9.0,0.0,0.8914290070533752,0.8798789978027344,18.645999908447266,0.3140999972820282,45.1986134,-23.0511963,7.4265,26.331199645996094,4.543269824353047e-05,0.04081470146775246,0.14198799431324005,6.33433010079898e-05,t17_f5_c3,ZTF20abxyayj
2459864.910625,1,2110410624015,18.920900344848633,/ztf/archive/sci/2022/1012/410613/ztf_20221012410613_000251_zg_c11_o_q1_scimrefdiffimg.fits.fz,Kulkarni,1,,,,2110,40,251,,,,,,,,,,,,,,,,,,,,,,,,,,,,,,,,,,,,26.19770050048828,7.209020259324461e-05,0.04265369847416878,-0.00868459977209568,0.00013452500570565462,t17_f5_c3,ZTF20abxyayj
2459870.8557639,1,2116355764015,19.97570037841797,/ztf/archive/sci/2022/1018/355752/ztf_20221018355752_000251_zg_c11_o_q1_scimrefdiffimg.fits.fz,Kulkarni,1,2.116355764015015e+18,1,5.0,2116,40,251,949.1959838867188,2310.159912109375,45.1986012,-23.0511547,19.364299774169922,0.13114899396896362,1.158769965171814,19.605300903320312,0.24889999628067017,0.14088700711727142,18.625999450683594,0.020999999716877937,1.2009999752044678,0.05999999865889549,-0.34018799662590027,0.24095700681209564,3.740000009536743,0.9649999737739563,770.3400268554688,0.3703629970550537,0.7548570036888123,0.8600000143051147,0.7289999723434448,0.22994700074195862,0.19492000341415405,1.1797000169754028,2.0,0.0,0.9599999785423279,1.0,19.35140037536621,0.2517000138759613,45.1986008,-23.0511944,9.43856,26.25830078125,2.493419924576301e-05,0.030103599652647972,-0.03926520049571991,3.6666599044110626e-05,t17_f5_c3,ZTF20abxyayj
2459913.75125,2,2159251254015,19.648799896240234,/ztf/archive/sci/2022/1130/251238/ztf_20221130251238_000251_zr_c11_o_q1_scimrefdiffimg.fits.fz,Kulkarni,1,2.159251254015015e+18,1,5.0,2159,40,251,939.364990234375,2319.89990234375,45.1987108,-23.0511631,19.60580062866211,0.19344699382781982,0.8903350234031677,19.495800018310547,0.25200000405311584,0.33994099497795105,18.13599967956543,0.032999999821186066,2.927000045776367,0.1469999998807907,0.28360798954963684,-0.10998599976301193,1.7007399797439575,0.7179999947547913,760.60400390625,0.1530030071735382,2.0,1.100000023841858,0.8999999761581421,0.646776020526886,0.5291799902915955,1.2222199440002441,4.0,0.0,0.8528569936752319,0.9855599999427795,19.55120086669922,0.3386000096797943,45.1986134,-23.0511963,6.32316,26.357799530029297,4.078779966221191e-05,0.039174798876047134,0.12493900209665298,5.697859887732193e-05,t17_f5_c3,ZTF20abxyayj
2459877.8763889,2,2123376384015,20.175199508666992,/ztf/archive/sci/2022/1025/376377/ztf_20221025376377_000251_zr_c11_o_q1_scimrefdiffimg.fits.fz,Kulkarni,1,2.123376384015015e+18,1,11.0,2123,40,251,966.2329711914062,2316.889892578125,45.1985572,-23.0512237,19.390499114990234,0.10946299880743027,1.5185099840164185,19.464799880981445,0.20010000467300415,0.20795099437236786,18.13599967956543,0.032999999821186066,2.927000045776367,0.1469999998807907,-1.3523399829864502,0.0743279978632927,2.3499999046325684,0.9900000095367432,763.6099853515625,0.7103660106658936,1.1041200160980225,0.7829999923706055,0.718999981880188,0.33319100737571716,0.30595698952674866,1.0890100002288818,3.0,0.0,0.9585710167884827,0.9932659864425659,19.43549919128418,0.24789999425411224,45.1986134,-23.0511963,7.44305,26.357500076293945,1.839320066210348e-05,0.026079799979925156,0.12634100019931793,2.5553399609634653e-05,t17_f5_c3,ZTF20abxyayj
2459969.6265856,2,2215126584015,19.42289924621582,/ztf/archive/sci/2023/0125/126551/ztf_20230125126551_000251_zr_c11_o_q1_scimrefdiffimg.fits.fz,Kulkarni,1,2.215126584015015e+18,1,5.0,2215,40,251,943.5360107421875,2411.06005859375,45.1984999,-23.0512346,19.429100036621094,0.22866599261760712,1.0302900075912476,19.907400131225586,0.365200012922287,0.3953939974308014,18.13599967956543,0.032999999821186066,2.927000045776367,0.1469999998807907,0.13823199272155762,0.47829100489616394,2.9100000858306885,0.6230000257492065,669.43701171875,-0.4844749867916107,1.4517699480056763,1.2020000219345093,0.9900000095367432,0.41305801272392273,0.34020599722862244,1.2141400575637817,4.0,0.0,0.699999988079071,1.0,19.92799949645996,0.47530001401901245,45.1986134,-23.0511963,6.68886,26.36009979248047,4.3138999899383634e-05,0.039809700101614,0.13870400190353394,5.884490019525401e-05,t17_f5_c3,ZTF20abxyayj
2459904.7856829,1,2150285684015,19.82670021057129,/ztf/archive/sci/2022/1121/285671/ztf_20221121285671_000251_zg_c11_o_q1_scimrefdiffimg.fits.fz,Kulkarni,1,2.150285684015015e+18,1,10.0,2150,40,251,941.9400024414062,2329.47998046875,45.1986136,-23.0512179,19.470600128173828,0.14426100254058838,0.9987229704856873,19.564800262451172,0.24580000340938568,0.0933540016412735,18.625999450683594,0.020999999716877937,1.2009999752044678,0.05999999865889549,0.14601700007915497,0.0942389965057373,3.059999942779541,0.9200000166893005,751.02099609375,0.2619459927082062,1.0316599607467651,0.9269999861717224,0.8339999914169312,0.3029409945011139,0.27254900336265564,1.1115100383758545,4.0,0.0,0.9628570079803467,0.9863309860229492,19.429000854492188,0.27720001339912415,45.1986008,-23.0511944,9.64709,26.219600677490234,3.3002299460349604e-05,0.03458639979362488,-0.0746401995420456,5.0860999181168154e-05,t17_f5_c3,ZTF20abxyayj
2459829.9598843,2,2075459884015,20.34440040588379,/ztf/archive/sci/2022/0907/459873/ztf_20220907459873_000251_zr_c11_o_q1_scimrefdiffimg.fits.fz,Kulkarni,1,2.075459884015015e+18,t,11.0,2075,40,251,944.9530029296875,2282.820068359375,45.1985632,-23.0511834,19.034700393676758,0.08902499824762344,1.2174999713897705,19.20870018005371,0.1453000009059906,0.16935400664806366,18.13599967956543,0.032999999821186066,2.927000045776367,0.1469999998807907,-0.2913390100002289,0.17396999895572662,2.1500000953674316,0.9700000286102295,797.6829833984375,1.1356600522994995,1.1404800415039062,0.6520000100135803,0.5910000205039978,0.30325600504875183,0.2748839855194092,1.1032099723815918,2.0,0.0,0.9585710167884827,1.0,19.087099075317383,0.16449999809265137,45.1986134,-23.0511963,11.2539,26.275699615478516,1.5600200640619732e-05,0.024237599223852158,0.12514500319957733,2.1715699404012412e-05,t17_f5_c3,ZTF20abxyayj
2459829.9812963,1,2075481294015,20.13629913330078,/ztf/archive/sci/2022/0907/481296/ztf_20220907481296_000251_zg_c11_o_q1_scimrefdiffimg.fits.fz,Kulkarni,1,2.075481294015015e+18,t,5.0,2075,40,251,986.406005859375,2285.3798828125,45.1986101,-23.0511799,18.9143009185791,0.11086799949407578,2.2392098903656006,18.911699295043945,0.11789999902248383,0.05981399863958359,18.625999450683594,0.020999999716877937,1.2009999752044678,0.05999999865889549,-0.17767299711704254,-0.002558999927714467,2.5999999046325684,0.9819999933242798,795.1229858398438,1.2246299982070923,1.0597100257873535,0.8949999809265137,0.7360000014305115,0.3442310094833374,0.2830770015716553,1.2160300016403198,4.0,0.0,0.951429009437561,0.9720330238342285,18.98419952392578,0.1599999964237213,45.1986008,-23.0511944,18.3047,26.15329933166504,3.180219937348738e-05,0.03434029966592789,-0.024554399773478508,4.595459904521704e-05,t17_f5_c3,ZTF20abxyayj
2459913.75125,2,2159251254015,19.648799896240234,/ztf/archive/sci/2022/1130/251238/ztf_20221130251238_000251_zr_c11_o_q1_scimrefdiffimg.fits.fz,Kulkarni,1,2.159251254015015e+18,t,5.0,2159,40,251,939.364990234375,2319.89990234375,45.1987108,-23.0511631,19.60580062866211,0.19344699382781982,0.8903350234031677,19.495800018310547,0.25200000405311584,0.33994099497795105,18.13599967956543,0.032999999821186066,2.927000045776367,0.1469999998807907,0.28360798954963684,-0.10998599976301193,1.7007399797439575,0.7179999947547913,760.60400390625,0.1530030071735382,2.0,1.100000023841858,0.8999999761581421,0.646776020526886,0.5291799902915955,1.2222199440002441,4.0,0.0,0.8528569936752319,0.9855599999427795,19.55120086669922,0.3386000096797943,45.1986134,-23.0511963,6.32316,26.357799530029297,4.078779966221191e-05,0.039174798876047134,0.12493900209665298,5.697859887732193e-05,t17_f5_c3,ZTF20abxyayj
2459913.8153125,1,2159315314015,19.79330062866211,/ztf/archive/sci/2022/1130/315312/ztf_20221130315312_000251_zg_c11_o_q1_scimrefdiffimg.fits.fz,Kulkarni,1,2.159315314015015e+18,t,5.0,2159,40,251,940.0989990234375,2336.139892578125,45.1985917,-23.0511491,19.181900024414062,0.16509799659252167,0.9607170224189758,19.2549991607666,0.1777999997138977,0.16389000415802002,18.625999450683594,0.020999999716877937,1.2009999752044678,0.05999999865889549,0.34231001138687134,0.0730929970741272,4.170000076293945,0.9700000286102295,744.3560180664062,0.5382829904556274,0.8139219880104065,1.1030000448226929,0.8700000047683716,0.2645080089569092,0.20863300561904907,1.2678200006484985,2.0,0.0,0.8657140135765076,1.0,19.398799896240234,0.258899986743927,45.1986008,-23.0511944,10.8961,26.24090003967285,3.868400017381646e-05,0.03697419911623001,-0.0205726008862257,6.157669849926606e-05,t17_f5_c3,ZTF20abxyayj
2459914.7487731,2,2160248774015,19.90489959716797,/ztf/archive/sci/2022/1201/248762/ztf_20221201248762_000251_zr_c11_o_q1_scimrefdiffimg.fits.fz,Kulkarni,1,2.160248774015015e+18,t,6.0,2160,40,251,939.6599731445312,2327.659912109375,45.1986177,-23.0511797,19.614500045776367,0.14731299877166748,1.2526500225067139,19.858200073242188,0.3314000070095062,0.060642000287771225,18.13599967956543,0.032999999821186066,2.927000045776367,0.1469999998807907,-1.2269200086593628,0.24365000426769257,1.4293700456619263,0.9350000023841858,752.8369750976562,0.04665200039744377,2.0,0.7929999828338623,0.7149999737739563,0.5547909736633301,0.5002220273017883,1.109089970588684,4.0,0.0,0.951429009437561,0.9924939870834351,19.724899291992188,0.374099999666214,45.1986134,-23.0511963,7.97985,26.366600036621094,2.1348700101953e-05,0.028472900390625,0.13151299953460693,2.9760900360997766e-05,t17_f5_c3,ZTF20abxyayj
2459923.7056019,2,2169205604015,19.691699981689453,/ztf/archive/sci/2022/1210/205463/ztf_20221210205463_000251_zr_c11_o_q1_scimrefdiffimg.fits.fz,Kulkarni,1,,,,2169,40,251,,,,,,,,,,,,,,,,,,,,,,,,,,,,,,,,,,,,26.35260009765625,1.912200059450697e-05,0.027147000655531883,0.13030099868774414,2.668630077096168e-05,t17_f5_c3,ZTF20abxyayj
2459906.7515625,1,2152251564015,20.080699920654297,/ztf/archive/sci/2022/1123/251400/ztf_20221123251400_000251_zg_c11_o_q1_scimrefdiffimg.fits.fz,Kulkarni,1,2.152251564015015e+18,1,32.0,2152,40,251,940.3519897460938,2305.429931640625,45.1985766,-23.0511698,19.443899154663086,0.15720100700855255,1.5176500082015991,19.335599899291992,0.16689999401569366,0.11651899665594101,18.625999450683594,0.020999999716877937,1.2009999752044678,0.05999999865889549,-0.5395410060882568,-0.10829000174999237,3.309999942779541,0.9620000123977661,775.0700073242188,0.745140016078949,0.9085519909858704,0.984000027179718,0.8149999976158142,0.2972809970378876,0.24622400104999542,1.207360029220581,3.0,0.0,0.9542859792709351,0.9812219738960266,19.143199920654297,0.17810000479221344,45.1986008,-23.0511944,10.3852,26.276899337768555,2.8361400836729445e-05,0.03274590149521828,-0.03451159968972206,4.197120142634958e-05,t17_f5_c3,ZTF20abxyayj
2459928.7557639,1,2174255764015,19.266599655151367,/ztf/archive/sci/2022/1215/255764/ztf_20221215255764_000251_zg_c11_o_q1_scimrefdiffimg.fits.fz,Kulkarni,1,2.174255764015015e+18,t,5.0,2174,40,251,930.822998046875,2371.330078125,45.1987391,-23.0511038,19.112300872802734,0.2055470049381256,0.8969780206680298,19.007699966430664,0.17329999804496765,0.5551210045814514,18.625999450683594,0.020999999716877937,1.2009999752044678,0.05999999865889549,-0.44751501083374023,-0.10462799668312073,7.0,0.7799999713897705,709.1740112304688,0.25893598794937134,0.6402090191841125,1.659000039100647,1.5499999523162842,0.2370000034570694,0.2214290052652359,1.0703200101852417,0.0,0.0,0.4142859876155853,1.0,18.906299591064453,0.20180000364780426,45.1986008,-23.0511944,8.21133,26.101299285888672,7.685660239076242e-05,0.04438300058245659,-0.0341109000146389,0.00014786800602450967,t17_f5_c3,ZTF20abxyayj
2459932.6898727,1,2178189874015,20.087900161743164,/ztf/archive/sci/2022/1219/189861/ztf_20221219189861_000251_zg_c11_o_q1_scimrefdiffimg.fits.fz,Kulkarni,1,2.178189874015015e+18,t,10.0,2178,40,251,930.2219848632812,2344.889892578125,45.1985836,-23.0511932,19.086000442504883,0.10091900080442429,1.3963199853897095,19.12779998779297,0.1453000009059906,0.056478001177310944,18.625999450683594,0.020999999716877937,1.2009999752044678,0.05999999865889549,-0.06196799874305725,0.041763000190258026,3.0799999237060547,0.9800000190734863,735.6060180664062,0.9601389765739441,0.9202359914779663,0.8389999866485596,0.8069999814033508,0.2724030017852783,0.2620129883289337,1.0396499633789062,1.0,0.0,0.949999988079071,1.0,19.26959991455078,0.21060000360012054,45.1986008,-23.0511944,12.3132,26.26300048828125,2.52642003033543e-05,0.03109459951519966,-0.03807219862937927,3.740609827218577e-05,t17_f5_c3,ZTF20abxyayj
2459932.7305903,2,2178230594015,20.06719970703125,/ztf/archive/sci/2022/1219/230579/ztf_20221219230579_000251_zr_c11_o_q1_scimrefdiffimg.fits.fz,Kulkarni,1,2.178230594015015e+18,t,5.0,2178,40,251,947.8499755859375,2345.1201171875,45.1986181,-23.0512454,19.3085994720459,0.1206049993634224,0.9884349703788757,19.611000061035156,0.2361000031232834,0.17523500323295593,18.13599967956543,0.032999999821186066,2.927000045776367,0.1469999998807907,-0.311599999666214,0.302374005317688,2.7799999713897705,0.9190000295639038,735.3829956054688,0.4562020003795624,0.9984850287437439,0.8420000076293945,0.7350000143051147,0.3028779923915863,0.26438799500465393,1.1455800533294678,4.0,0.0,0.949999988079071,0.9898130297660828,19.647899627685547,0.3109000027179718,45.1986134,-23.0511963,8.77517,26.349599838256836,2.843229958671145e-05,0.032551899552345276,0.13783299922943115,3.901989839505404e-05,t17_f5_c3,ZTF20abxyayj
2459934.6678009,1,2180167804015,20.04829978942871,/ztf/archive/sci/2022/1221/167269/ztf_20221221167269_000251_zg_c11_o_q1_scimrefdiffimg.fits.fz,Kulkarni,1,2.180167804015015e+18,t,12.0,2180,40,251,933.56298828125,2372.22998046875,45.1985764,-23.0511813,19.271499633789062,0.14893999695777893,1.5779000520706177,19.306900024414062,0.17339999973773956,0.09226299822330475,18.625999450683594,0.020999999716877937,1.2009999752044678,0.05999999865889549,-0.10354100167751312,0.03540299832820892,2.880000114440918,0.9760000109672546,708.2730102539062,0.7414479851722717,1.0070799589157104,0.8740000128746033,0.7509999871253967,0.30347201228141785,0.2607640027999878,1.1637799739837646,2.0,0.0,0.9685710072517395,0.9835309982299805,19.160999298095703,0.1932000070810318,45.1986008,-23.0511944,12.6921,26.24049949645996,2.8322900107013993e-05,0.03223880007863045,-0.01977119967341423,4.245409945724532e-05,t17_f5_c3,ZTF20abxyayj
2459934.7795602,2,2180279564015,19.704299926757812,/ztf/archive/sci/2022/1221/279560/ztf_20221221279560_000251_zr_c11_o_q1_scimrefdiffimg.fits.fz,Kulkarni,1,2.180279564015015e+18,t,7.0,2180,40,251,935.43701171875,2320.929931640625,45.198699,-23.0511599,19.28820037841797,0.1462009996175766,1.2761399745941162,19.458200454711914,0.24799999594688416,0.3083589971065521,18.13599967956543,0.032999999821186066,2.927000045776367,0.1469999998807907,-1.3312900066375732,0.1700199991464615,2.5299999713897705,0.7540000081062317,759.5689697265625,0.2461169958114624,1.2548799514770508,0.8600000143051147,0.7749999761581421,0.3399209976196289,0.3063240051269531,1.1096800565719604,3.0,0.0,0.9585710167884827,0.9993399977684021,19.387500762939453,0.29679998755455017,45.1986134,-23.0511963,8.18712,26.31719970703125,2.5338600607938133e-05,0.03126469999551773,0.12839199602603912,3.551649933797307e-05,t17_f5_c3,ZTF20abxyayj
2459874.8556019,2,2120355604015,20.368999481201172,/ztf/archive/sci/2022/1022/355590/ztf_20221022355590_000251_zr_c11_o_q1_scimrefdiffimg.fits.fz,Kulkarni,1,2.120355604015015e+18,1,9.0,2120,40,251,973.0780029296875,2314.72998046875,45.1985182,-23.0511844,19.401899337768555,0.10263899713754654,1.7749500274658203,19.67020034790039,0.20170000195503235,0.31366100907325745,18.13599967956543,0.032999999821186066,2.927000045776367,0.1469999998807907,-0.5185570120811462,0.26833000779151917,1.7100000381469727,0.8009999990463257,765.7680053710938,0.6987550258636475,1.5441700220108032,0.722000002861023,0.6510000228881836,0.42222198843955994,0.3807019889354706,1.1090600490570068,3.0,0.0,0.9485710263252258,1.0,19.52829933166504,0.22419999539852142,45.1986134,-23.0511963,9.83264,26.353900909423828,1.5141699805099051e-05,0.02367449924349785,0.11283700168132782,2.101909922203049e-05,t17_f5_c3,ZTF20abxyayj
2459901.7867708,2,2147286774015,20.174299240112305,/ztf/archive/sci/2022/1118/286771/ztf_20221118286771_000251_zr_c11_o_q1_scimrefdiffimg.fits.fz,Kulkarni,1,2.147286774015015e+18,1,8.0,2147,40,251,951.6480102539062,2305.949951171875,45.1985176,-23.0512074,19.42530059814453,0.12328200042247772,1.1455999612808228,19.652299880981445,0.23149999976158142,0.3157449960708618,18.13599967956543,0.032999999821186066,2.927000045776367,0.1469999998807907,-0.30222898721694946,0.22701400518417358,2.440000057220459,0.8970000147819519,774.552978515625,0.5220149755477905,1.094849944114685,0.6589999794960022,0.6309999823570251,0.2700819969177246,0.25860700011253357,1.0443700551986694,3.0,0.0,0.9671429991722107,0.9825140237808228,19.838300704956055,0.3490999937057495,45.1986134,-23.0511963,10.2501,26.36829948425293,2.2059199181967415e-05,0.02877119928598404,0.13177399337291718,3.0492899895762093e-05,t17_f5_c3,ZTF20abxyayj
2459867.8763657,2,2113376364015,19.41860008239746,/ztf/archive/sci/2022/1015/376366/ztf_20221015376366_000251_zr_c11_o_q1_scimrefdiffimg.fits.fz,Kulkarni,1,2.113376364015015e+18,1,10.0,2113,40,251,972.5089721679688,2313.27001953125,45.1985576,-23.0512426,19.097299575805664,0.18628300726413727,1.3944900035858154,19.17259979248047,0.2833000123500824,0.24574899673461914,18.13599967956543,0.032999999821186066,2.927000045776367,0.1469999998807907,-0.8230199813842773,0.07528000324964523,1.3764699697494507,0.9169999957084656,767.2269897460938,0.24600499868392944,2.0,0.7289999723434448,0.7080000042915344,0.5296149849891663,0.5143589973449707,1.0296599864959717,6.0,0.0,0.949999988079071,0.979017972946167,18.967500686645508,0.3005000054836273,45.1986134,-23.0511963,8.44194,26.17530059814453,3.1460200261790305e-05,0.03410039842128754,0.13976900279521942,4.3711999751394615e-05,t17_f5_c3,ZTF20abxyayj
2459898.8095833,1,2144309584015,19.69420051574707,/ztf/archive/sci/2022/1115/309583/ztf_20221115309583_000251_zg_c11_o_q1_scimrefdiffimg.fits.fz,Kulkarni,1,2.144309584015015e+18,1,10.0,2144,40,251,941.6820068359375,2348.27001953125,45.1986083,-23.0511079,19.497900009155273,0.14434799551963806,1.31673002243042,19.66670036315918,0.3345000147819519,0.30841800570487976,18.625999450683594,0.020999999716877937,1.2009999752044678,0.05999999865889549,0.44973400235176086,0.16875000298023224,2.7899999618530273,0.9409999847412109,732.22802734375,0.027489999309182167,1.0246299505233765,0.828000009059906,0.7559999823570251,0.2967739999294281,0.2709679901599884,1.0952399969100952,3.0,0.0,0.9728569984436035,1.0,19.6156005859375,0.40849998593330383,45.1986008,-23.0511944,8.74463,26.206899642944336,3.327040030853823e-05,0.03468979895114899,-0.05881670117378235,5.219750164542347e-05,t17_f5_c3,ZTF20abxyayj
2459852.8983796,1,2098398374015,20.5,/ztf/archive/sci/2022/0930/398380/ztf_20220930398380_000251_zg_c11_o_q1_scimrefdiffimg.fits.fz,Kulkarni,1,2.098398374015015e+18,1,11.0,2098,40,251,978.6409912109375,2297.739990234375,45.1985658,-23.0511814,19.155099868774414,0.11116600036621094,2.7785298824310303,19.28459930419922,0.12559999525547028,0.12331700325012207,18.625999450683594,0.020999999716877937,1.2009999752044678,0.05999999865889549,-0.3390769958496094,0.1295360028743744,2.640000104904175,0.9789999723434448,782.7589721679688,1.2154200077056885,1.0038199424743652,0.7390000224113464,0.7120000123977661,0.2799240052700043,0.26969701051712036,1.0379199981689453,1.0,0.0,0.9571430087089539,1.0,19.336000442504883,0.1662999987602234,45.1986008,-23.0511944,18.7033,26.260099411010742,2.1327299691620283e-05,0.02824769914150238,-0.05199680104851723,2.957640026579611e-05,t17_f5_c3,ZTF20abxyayj
2459829.9598843,2,2075459884015,20.34440040588379,/ztf/archive/sci/2022/0907/459873/ztf_20220907459873_000251_zr_c11_o_q1_scimrefdiffimg.fits.fz,Kulkarni,1,2.075459884015015e+18,1,11.0,2075,40,251,944.9530029296875,2282.820068359375,45.1985632,-23.0511834,19.034700393676758,0.08902499824762344,1.2174999713897705,19.20870018005371,0.1453000009059906,0.16935400664806366,18.13599967956543,0.032999999821186066,2.927000045776367,0.1469999998807907,-0.2913390100002289,0.17396999895572662,2.1500000953674316,0.9700000286102295,797.6829833984375,1.1356600522994995,1.1404800415039062,0.6520000100135803,0.5910000205039978,0.30325600504875183,0.2748839855194092,1.1032099723815918,2.0,0.0,0.9585710167884827,1.0,19.087099075317383,0.16449999809265137,45.1986134,-23.0511963,11.2539,26.275699615478516,1.5600200640619732e-05,0.024237599223852158,0.12514500319957733,2.1715699404012412e-05,t17_f5_c3,ZTF20abxyayj
2459844.9397222,1,2090439724015,20.083900451660156,/ztf/archive/sci/2022/0922/439560/ztf_20220922439560_000251_zg_c11_o_q1_scimrefdiffimg.fits.fz,Kulkarni,1,2.090439724015015e+18,1,6.0,2090,40,251,974.31201171875,2290.159912109375,45.1986083,-23.0511928,19.111900329589844,0.1075109988451004,1.066480040550232,19.123899459838867,0.13429999351501465,0.02603599987924099,18.625999450683594,0.020999999716877937,1.2009999752044678,0.05999999865889549,-0.17427800595760345,0.011958999559283257,2.859999895095825,0.9810000061988831,790.3400268554688,0.959971010684967,1.0754599571228027,0.9589999914169312,0.8539999723434448,0.3353149890899658,0.2986010015010834,1.1229499578475952,1.0,0.0,0.9542859792709351,1.0,19.096399307250977,0.1665000021457672,45.1986008,-23.0511944,13.8438,26.29490089416504,2.7575699277804233e-05,0.03188269957900047,-0.055931899696588516,4.0172199078369886e-05,t17_f5_c3,ZTF20abxyayj
2459851.9182639,2,2097418264015,20.336200714111328,/ztf/archive/sci/2022/0929/418102/ztf_20220929418102_000251_zr_c11_o_q1_scimrefdiffimg.fits.fz,Kulkarni,1,2.097418264015015e+18,1,12.0,2097,40,251,984.8070068359375,2297.929931640625,45.1985707,-23.0512192,19.184900283813477,0.10803800076246262,1.4071199893951416,19.447500228881836,0.18639999628067017,0.16397200524806976,18.13599967956543,0.032999999821186066,2.927000045776367,0.1469999998807907,0.0385809987783432,0.26258400082588196,1.7799999713897705,0.9269999861717224,782.572021484375,0.8887190222740173,1.3393900394439697,0.5899999737739563,0.5490000247955322,0.33146101236343384,0.30842700600624084,1.074679970741272,8.0,0.0,0.9557139873504639,0.9404770135879517,19.5492000579834,0.2597000002861023,45.1986134,-23.0511963,10.8056,26.289899826049805,1.812170012271963e-05,0.025801699608564377,0.12274400144815445,2.520280031603761e-05,t17_f5_c3,ZTF20abxyayj
2459849.9398958,1,2095439894015,20.149700164794922,/ztf/archive/sci/2022/0927/439896/ztf_20220927439896_000251_zg_c11_o_q1_scimrefdiffimg.fits.fz,Kulkarni,1,2.095439894015015e+18,1,9.0,2095,40,251,980.9140014648438,2292.93994140625,45.1985961,-23.0511956,19.088499069213867,0.10448499768972397,1.0786099433898926,19.14459991455078,0.13850000500679016,0.015845999121665955,18.625999450683594,0.020999999716877937,1.2009999752044678,0.05999999865889549,-0.32160401344299316,0.056102998554706573,3.049999952316284,0.9789999723434448,787.5560302734375,1.0051100254058838,0.9394599795341492,0.9240000247955322,0.7609999775886536,0.30295100808143616,0.24950799345970154,1.2141900062561035,2.0,0.0,0.9485710263252258,1.0,19.03689956665039,0.15960000455379486,45.1986008,-23.0511944,13.6107,26.250499725341797,2.6034600523416884e-05,0.030581200495362282,-0.03451250120997429,3.7257199437590316e-05,t17_f5_c3,ZTF20abxyayj
2459847.9191782,2,2093419174015,20.212799072265625,/ztf/archive/sci/2022/0925/419178/ztf_20220925419178_000251_zr_c11_o_q1_scimrefdiffimg.fits.fz,Kulkarni,1,2.093419174015015e+18,1,8.0,2093,40,251,979.7869873046875,2296.340087890625,45.1985616,-23.0511764,19.217500686645508,0.126119002699852,2.049499988555908,19.249799728393555,0.16459999978542328,0.1834920048713684,18.13599967956543,0.032999999821186066,2.927000045776367,0.1469999998807907,0.36938101053237915,0.032345000654459,2.309999942779541,0.9950000047683716,784.1630249023438,0.9630169868469238,1.0868300199508667,0.6370000243186951,0.6159999966621399,0.2757579982280731,0.2666670083999634,1.0340900421142578,6.0,0.0,0.9685710072517395,0.8934710025787354,19.12689971923828,0.1868000030517578,45.1986134,-23.0511963,13.1445,26.335500717163086,2.2118500055512413e-05,0.028515800833702087,0.1281059980392456,3.0800700187683105e-05,t17_f5_c3,ZTF20abxyayj
2459840.9563889,1,2086456384015,20.07830047607422,/ztf/archive/sci/2022/0918/456377/ztf_20220918456377_000251_zg_c11_o_q1_scimrefdiffimg.fits.fz,Kulkarni,1,2.086456384015015e+18,1,5.0,2086,40,251,963.5659790039062,2308.929931640625,45.1985562,-23.0512123,18.950300216674805,0.10967899858951569,1.8072099685668945,18.819900512695312,0.10970000177621841,0.15926000475883484,18.625999450683594,0.020999999716877937,1.2009999752044678,0.05999999865889549,-0.45609501004219055,-0.1304139941930771,3.1600000858306885,0.9860000014305115,771.5650024414062,1.258370041847229,0.903963029384613,0.9829999804496765,0.843999981880188,0.31107598543167114,0.26708900928497314,1.1646900177001953,1.0,0.0,0.9528570175170898,1.0,18.718399047851562,0.12720000743865967,45.1986008,-23.0511944,18.5273,26.295299530029297,2.6410500140627846e-05,0.031369298696517944,-0.062276601791381836,3.839430064545013e-05,t17_f5_c3,ZTF20abxyayj
2460244.8132292,2,2490313224015,19.33180046081543,/ztf/archive/sci/2023/1027/313218/ztf_20231027313218_000251_zr_c11_o_q1_scimrefdiffimg.fits.fz,Kulkarni,1,2.490313224015015e+18,t,4.0,2490,40,251,926.3259887695312,2320.18994140625,45.1985388,-23.0512007,19.21579933166504,0.18678399920463562,1.133389949798584,19.469999313354492,0.4332999885082245,0.24455800652503967,18.13599967956543,0.032999999821186066,2.927000045776367,0.1469999998807907,-0.824317991733551,0.25422799587249756,2.9200000762939453,0.9459999799728394,760.3079833984375,-0.13822700083255768,0.8743060231208801,0.8500000238418579,0.7070000171661377,0.2910960018634796,0.24212299287319183,1.2022600173950195,3.0,0.0,0.9557139873504639,1.0,19.66939926147461,0.667900025844574,45.1986134,-23.0511963,5.42363,26.34280014038086,2.704150028876029e-05,0.03202499821782112,0.13224700093269348,3.79111006623134e-05,t17_f5_c3,ZTF20abxyayj
2460244.8566319,1,2490356634015,18.98419952392578,/ztf/archive/sci/2023/1027/356620/ztf_20231027356620_000251_zg_c11_o_q1_scimrefdiffimg.fits.fz,Kulkarni,1,,,,2490,40,251,,,,,,,,,,,,,,,,,,,,,,,,,,,,,,,,,,,,26.30579948425293,6.951399700483307e-05,0.04331190139055252,-0.04870200157165527,0.0001290159998461604,t17_f5_c3,ZTF20abxyayj
2460246.8334722,2,2492333474015,18.92020034790039,/ztf/archive/sci/2023/1029/333472/ztf_20231029333472_000251_zr_c11_o_q1_scimrefdiffimg.fits.fz,Kulkarni,1,2.492333474015015e+18,t,4.0,2492,40,251,941.7529907226562,2331.1201171875,45.1986571,-23.0513017,19.17180061340332,0.22239099442958832,0.7109330296516418,18.749099731445312,0.2896000146865845,0.40072500705718994,18.13599967956543,0.032999999821186066,2.927000045776367,0.1469999998807907,-1.641260027885437,-0.42267298698425293,1.431570053100586,0.9330000281333923,749.3779907226562,0.1710519939661026,2.0,0.8109999895095825,0.7400000095367432,0.5665090084075928,0.5169140100479126,1.0959500074386597,6.0,0.0,0.8299999833106995,0.994038999080658,18.876800537109375,0.4180000126361847,45.1986134,-23.0511963,5.65549,26.346799850463867,5.200160012464039e-05,0.04344429820775986,0.1378690004348755,7.295470277313143e-05,t17_f5_c3,ZTF20abxyayj
2460246.8781019,1,2492378104015,18.414600372314453,/ztf/archive/sci/2023/1029/378090/ztf_20231029378090_000251_zg_c11_o_q1_scimrefdiffimg.fits.fz,Kulkarni,1,,,,2492,40,251,,,,,,,,,,,,,,,,,,,,,,,,,,,,,,,,,,,,26.248600006103516,0.00020685899653472006,0.046021100133657455,-0.007338420022279024,0.0004950420116074383,t17_f5_c3,ZTF20abxyayj
2460249.8225,1,2495322504015,17.757600784301758,/ztf/archive/sci/2023/1101/322361/ztf_20231101322361_000251_zg_c11_o_q1_scimrefdiffimg.fits.fz,Kulkarni,1,,,,2495,40,251,,,,,,,,,,,,,,,,,,,,,,,,,,,,,,,,,,,,25.104799270629883,0.0007546389824710786,0.05655959993600845,0.0670131966471672,0.0024544300977140665,t17_f5_c3,ZTF20abxyayj
2460249.9043981,2,2495404394015,17.953699111938477,/ztf/archive/sci/2023/1101/404387/ztf_20231101404387_000251_zr_c11_o_q1_scimrefdiffimg.fits.fz,Kulkarni,1,,,,2495,40,251,,,,,,,,,,,,,,,,,,,,,,,,,,,,,,,,,,,,25.693599700927734,9.663950186222792e-05,0.04069770127534866,0.11397600173950195,0.00014099699910730124,t17_f5_c3,ZTF20abxyayj
2460251.8350926,1,2497335094015,19.641300201416016,/ztf/archive/sci/2023/1103/335093/ztf_20231103335093_000251_zg_c11_o_q1_scimrefdiffimg.fits.fz,Kulkarni,1,2.497335094015015e+18,1,7.0,2497,40,251,945.8300170898438,2321.800048828125,45.1986097,-23.0511825,19.199800491333008,0.13836100697517395,0.8284519910812378,19.122400283813477,0.2029999941587448,0.051396001130342484,18.625999450683594,0.020999999716877937,1.2009999752044678,0.05999999865889549,-0.332845002412796,-0.07740999758243561,2.4000000953674316,0.9760000109672546,758.7009887695312,0.5189210176467896,1.2486599683761597,0.9459999799728394,0.781000018119812,0.3941670060157776,0.32541701197624207,1.2112699747085571,4.0,0.0,0.9671429991722107,0.9980679750442505,19.244300842285156,0.2903999984264374,45.1986008,-23.0511944,10.5874,26.269800186157227,4.4411201088223606e-05,0.0396931990981102,-0.029274800792336464,7.156939682317898e-05,t17_f5_c3,ZTF20abxyayj
2459471.9401852,2,1717440184015,20.081100463867188,/ztf/archive/sci/2021/0914/440174/ztf_20210914440174_000251_zr_c11_o_q1_scimrefdiffimg.fits.fz,Kulkarni,1,1.717440184015015e+18,t,3.0,1717,40,251,943.5910034179688,2308.27001953125,45.1985685,-23.0511844,19.250600814819336,0.13689999282360077,1.5387099981307983,19.42099952697754,0.21410000324249268,0.1529739946126938,18.13599967956543,0.032999999821186066,2.927000045776367,0.1469999998807907,-0.14105500280857086,0.1704390048980713,1.9199999570846558,0.9509999752044678,772.2269897460938,0.6600559949874878,1.3335299491882324,0.6990000009536743,0.6669999957084656,0.36406299471855164,0.34739598631858826,1.0479799509048462,3.0,0.0,0.9700000286102295,1.0,19.553499221801758,0.3066999912261963,45.1986134,-23.0511963,11.2863,25.997600555419922,2.6786399757838808e-05,0.03187419846653938,0.1376730054616928,3.724589987541549e-05,t17_f5_c3,ZTF20abxyayj
2459471.9817245,1,1717481724015,19.80120086669922,/ztf/archive/sci/2021/0914/481713/ztf_20210914481713_000251_zg_c11_o_q1_scimrefdiffimg.fits.fz,Kulkarni,1,1.717481724015015e+18,t,15.0,1717,40,251,972.3469848632812,2313.06005859375,45.1985437,-23.0512185,19.061199188232422,0.13091999292373657,0.8616319894790649,19.003799438476562,0.16660000383853912,0.20556899905204773,18.625999450683594,0.020999999716877937,1.2009999752044678,0.05999999865889549,-0.2274170070886612,-0.0573979988694191,3.0299999713897705,0.972000002861023,767.4429931640625,0.7973960041999817,0.9500150084495544,0.8949999809265137,0.824999988079071,0.29537999629974365,0.27227699756622314,1.0848499536514282,2.0,0.0,0.9585710167884827,1.0,19.03499984741211,0.21799999475479126,45.1986008,-23.0511944,12.1903,25.713199615478516,3.8907401176402345e-05,0.03759549930691719,-0.034240901470184326,5.9425601648399606e-05,t17_f5_c3,ZTF20abxyayj
2459474.9182407,1,1720418244015,20.43709945678711,/ztf/archive/sci/2021/0917/418241/ztf_20210917418241_000251_zg_c11_o_q1_scimrefdiffimg.fits.fz,Kulkarni,1,1.720418244015015e+18,t,13.0,1720,40,251,957.7429809570312,2287.360107421875,45.1985672,-23.0511794,18.961299896240234,0.08870899677276611,2.1890299320220947,19.125999450683594,0.11710000038146973,0.12197700142860413,18.625999450683594,0.020999999716877937,1.2009999752044678,0.05999999865889549,0.20961999893188477,0.16465799510478973,2.5299999713897705,0.9829999804496765,793.1409912109375,1.3111000061035156,1.0294100046157837,0.75,0.7129999995231628,0.29644298553466797,0.2818180024623871,1.0518900156021118,1.0,0.0,0.9614289999008179,1.0,19.20509910583496,0.1589999943971634,45.1986008,-23.0511944,21.247,26.183300018310547,1.926990080391988e-05,0.027262799441814423,-0.07285469770431519,2.682699960132595e-05,t17_f5_c3,ZTF20abxyayj
2459474.9607755,2,1720460774015,20.468399047851562,/ztf/archive/sci/2021/0917/460764/ztf_20210917460764_000251_zr_c11_o_q1_scimrefdiffimg.fits.fz,Kulkarni,1,1.720460774015015e+18,t,13.0,1720,40,251,969.6220092773438,2296.72998046875,45.1985907,-23.0512371,19.026599884033203,0.08852700144052505,3.1390299797058105,19.01580047607422,0.10790000110864639,0.1679539978504181,18.13599967956543,0.032999999821186066,2.927000045776367,0.1469999998807907,0.20797200500965118,-0.01081399992108345,2.3299999237060547,0.9869999885559082,783.7659912109375,1.4525699615478516,1.0753400325775146,0.7070000171661377,0.6669999957084656,0.30343300104141235,0.2862659990787506,1.0599700212478638,4.0,0.0,0.9585710167884827,1.0,18.95840072631836,0.1289999932050705,45.1986134,-23.0511963,19.69,26.287599563598633,2.006290014833212e-05,0.027445800602436066,0.12306699901819229,2.7929299903917126e-05,t17_f5_c3,ZTF20abxyayj
2459477.9178472,2,1723417844015,19.529300689697266,/ztf/archive/sci/2021/0920/417836/ztf_20210920417836_000251_zr_c11_o_q1_scimrefdiffimg.fits.fz,Kulkarni,1,1.723417844015015e+18,t,2.0,1723,40,251,954.4240112304688,2295.760009765625,45.1985243,-23.051196,19.139799118041992,0.15383900701999664,1.255660057067871,19.27519989013672,0.3199999928474426,0.29154399037361145,18.13599967956543,0.032999999821186066,2.927000045776367,0.1469999998807907,0.7951310276985168,0.1354130059480667,2.509999990463257,0.9980000257492065,784.7369995117188,0.25407999753952026,0.9624289870262146,0.6549999713897705,0.6150000095367432,0.2609559893608093,0.24502000212669373,1.0650399923324585,8.0,0.0,0.9257140159606934,0.9393330216407776,19.64310073852539,0.574999988079071,45.1986134,-23.0511963,8.28658,26.363800048828125,2.9293199986568652e-05,0.03310609981417656,0.12841999530792236,4.0448900108458474e-05,t17_f5_c3,ZTF20abxyayj
2459477.961088,1,1723461084015,19.098100662231445,/ztf/archive/sci/2021/0920/461088/ztf_20210920461088_000251_zg_c11_o_q1_scimrefdiffimg.fits.fz,Kulkarni,1,1.723461084015015e+18,t,3.0,1723,40,251,963.531005859375,2301.429931640625,45.1985702,-23.0511747,19.13010025024414,0.23406000435352325,1.2173800468444824,19.175199508666992,0.3878999948501587,0.1220719963312149,18.625999450683594,0.020999999716877937,1.2009999752044678,0.05999999865889549,0.3392220139503479,0.045111000537872314,1.3439699411392212,0.9509999752044678,779.0750122070312,-0.0771460011601448,2.0,0.6549999713897705,0.5889999866485596,0.48736199736595154,0.4382539987564087,1.1120500564575195,7.0,0.0,0.8999999761581421,0.7207819819450378,19.347400665283203,0.5835000276565552,45.1986008,-23.0511944,7.45197,26.302099227905273,4.8732701543485746e-05,0.03928869962692261,-0.04501970112323761,8.919659740058705e-05,t17_f5_c3,ZTF20abxyayj
2459479.9185648,2,1725418564015,19.25,/ztf/archive/sci/2021/0922/418565/ztf_20210922418565_000251_zr_c11_o_q1_scimrefdiffimg.fits.fz,Kulkarni,1,1.725418564015015e+18,t,5.0,1725,40,251,962.6179809570312,2288.5,45.1985801,-23.0512218,18.931499481201172,0.19220399856567383,1.6658300161361694,19.29949951171875,0.40849998593330383,0.14184099435806274,18.13599967956543,0.032999999821186066,2.927000045776367,0.1469999998807907,-1.2003400325775146,0.3680169880390167,1.2464499473571777,0.9509999752044678,792.0,-0.04945899918675423,2.0,0.6850000023841858,0.5640000104904175,0.5495619773864746,0.4524860084056854,1.2145400047302246,7.0,0.0,0.8999999761581421,0.8904060125350952,19.284700393676758,0.5167999863624573,45.1986134,-23.0511963,9.78215,26.29450035095215,5.284769940772094e-05,0.04497630149126053,0.13293500244617462,7.322710007429123e-05,t17_f5_c3,ZTF20abxyayj
2459479.9607639,1,1725460764015,18.859699249267578,/ztf/archive/sci/2021/0922/460764/ztf_20210922460764_000251_zg_c11_o_q1_scimrefdiffimg.fits.fz,Kulkarni,1,1.725460764015015e+18,t,4.0,1725,40,251,967.7260131835938,2293.530029296875,45.1986043,-23.0512056,18.80430030822754,0.1712370067834854,1.07492995262146,19.14459991455078,0.4327000081539154,0.041446998715400696,18.625999450683594,0.020999999716877937,1.2009999752044678,0.05999999865889549,-1.2852799892425537,0.3403390049934387,2.5799999237060547,0.9679999947547913,786.9669799804688,-0.2848989963531494,1.1292400360107422,0.7760000228881836,0.699999988079071,0.3007749915122986,0.2713179886341095,1.1085699796676636,5.0,0.0,0.9228569865226746,0.9266510009765625,19.045900344848633,0.5077000260353088,45.1986008,-23.0511944,8.29065,26.239299774169922,8.026030263863504e-05,0.043318599462509155,-0.04026539996266365,0.00016482299542985857,t17_f5_c3,ZTF20abxyayj
2459484.8974769,1,1730397474015,19.654800415039062,/ztf/archive/sci/2021/0927/397465/ztf_20210927397465_000251_zg_c11_o_q1_scimrefdiffimg.fits.fz,Kulkarni,1,1.730397474015015e+18,t,6.0,1730,40,251,939.8889770507812,2293.60009765625,45.1985916,-23.0512031,18.91010093688965,0.1028359979391098,1.250249981880188,18.785900115966797,0.1738000065088272,0.043101999908685684,18.625999450683594,0.020999999716877937,1.2009999752044678,0.05999999865889549,-0.048367999494075775,-0.12420900166034698,2.2799999713897705,0.9819999933242798,786.8980102539062,0.8688920140266418,1.111009955406189,0.7739999890327454,0.7379999756813049,0.33947399258613586,0.3236840069293976,1.0487799644470215,3.0,0.0,0.9614289999008179,1.0,18.91029930114746,0.24950000643730164,45.1986008,-23.0511944,13.5257,26.157100677490234,4.4493401219369844e-05,0.040202800184488297,-0.04122760146856308,7.193010242190212e-05,t17_f5_c3,ZTF20abxyayj
2459484.962037,2,1730462034015,19.83769989013672,/ztf/archive/sci/2021/0927/462025/ztf_20210927462025_000251_zr_c11_o_q1_scimrefdiffimg.fits.fz,Kulkarni,1,1.730462034015015e+18,t,6.0,1730,40,251,960.6890258789062,2302.75,45.1986236,-23.0512109,19.008800506591797,0.10783799737691879,1.5142300128936768,19.128000259399414,0.21070000529289246,0.06174800172448158,18.13599967956543,0.032999999821186066,2.927000045776367,0.1469999998807907,-0.9402220249176025,0.11921899765729904,2.069999933242798,0.9879999756813049,777.7529907226562,0.7097319960594177,1.1758099794387817,0.7170000076293945,0.6740000247955322,0.3463769853115082,0.32560399174690247,1.0637999773025513,4.0,0.0,0.9557139873504639,0.9698579907417297,19.206899642944336,0.28940001130104065,45.1986134,-23.0511963,12.3701,26.247800827026367,2.7960499210166745e-05,0.032342199236154556,0.13761800527572632,3.8628801121376455e-05,t17_f5_c3,ZTF20abxyayj
2459487.8994907,1,1733399494015,19.84869956970215,/ztf/archive/sci/2021/0930/399491/ztf_20210930399491_000251_zg_c11_o_q1_scimrefdiffimg.fits.fz,Kulkarni,1,1.733399494015015e+18,t,6.0,1733,40,251,945.4149780273438,2306.9599609375,45.1986164,-23.0512369,19.056699752807617,0.1330150067806244,1.5098600387573242,19.110300064086914,0.1573999971151352,0.15917299687862396,18.625999450683594,0.020999999716877937,1.2009999752044678,0.05999999865889549,-0.4015679955482483,0.053557999432086945,3.609999895095825,0.9779999852180481,773.5430297851562,0.7383570075035095,0.8849520087242126,1.1239999532699585,0.9309999942779541,0.3113569915294647,0.25789499282836914,1.2072999477386475,1.0,0.0,0.9357140064239502,1.0,19.04319953918457,0.18860000371932983,45.1986008,-23.0511944,14.1894,26.20870018005371,4.4600001274375245e-05,0.040484800934791565,-0.041633300483226776,7.037899922579527e-05,t17_f5_c3,ZTF20abxyayj
2459489.8757755,1,1735375774015,20.180200576782227,/ztf/archive/sci/2021/1002/375764/ztf_20211002375764_000251_zg_c11_o_q1_scimrefdiffimg.fits.fz,Kulkarni,1,1.7353757740150351e+18,t,10.0,1735,40,251,944.0360107421875,2297.590087890625,45.1986054,-23.0512162,19.018600463867188,0.10065499693155289,1.9202500581741333,18.965200424194336,0.11710000038146973,0.07910200208425522,18.625999450683594,0.020999999716877937,1.2009999752044678,0.05999999865889549,-0.35204198956489563,-0.05342800170183182,3.0899999141693115,0.9810000061988831,782.9130249023438,1.2150100469589233,0.9071059823036194,0.9089999794960022,0.875,0.29417499899864197,0.28317201137542725,1.0388599634170532,2.0,0.0,0.9642860293388367,1.0,18.921499252319336,0.1428000032901764,45.1986008,-23.0511944,15.4864,26.202600479125977,2.8159400244476274e-05,0.03289169818162918,-0.04104990139603615,4.10448010370601e-05,t17_f5_c3,ZTF20abxyayj
2459489.918044,2,1735418044015,20.166799545288086,/ztf/archive/sci/2021/1002/418044/ztf_20211002418044_000251_zr_c11_o_q1_scimrefdiffimg.fits.fz,Kulkarni,1,1.735418044015035e+18,t,3.0,1735,40,251,941.9600219726562,2301.7900390625,45.1985945,-23.0512236,19.135000228881836,0.08144500106573105,1.3129299879074097,19.3439998626709,0.18160000443458557,0.11515200138092041,18.13599967956543,0.032999999821186066,2.927000045776367,0.1469999998807907,-0.44021499156951904,0.20902100205421448,2.3399999141693115,0.9760000109672546,778.7059936523438,0.8228440284729004,1.1046700477600098,0.7009999752044678,0.6779999732971191,0.29957300424575806,0.28974398970603943,1.0339200496673584,4.0,0.0,0.9571430087089539,0.9971609711647034,19.307199478149414,0.22310000658035278,45.1986134,-23.0511963,12.6549,26.34600067138672,2.2682999770040624e-05,0.02937689982354641,0.12404800206422806,3.145110167679377e-05,t17_f5_c3,ZTF20abxyayj
2459496.856169,1,1742356164015,19.99340057373047,/ztf/archive/sci/2021/1009/356007/ztf_20211009356007_000251_zg_c11_o_q1_scimrefdiffimg.fits.fz,Kulkarni,1,1.742356164015015e+18,t,8.0,1742,40,251,943.7449951171875,2320.070068359375,45.1985942,-23.051173,19.008399963378906,0.11009799689054489,1.5736700296401978,19.114099502563477,0.13249999284744263,0.0792360007762909,18.625999450683594,0.020999999716877937,1.2009999752044678,0.05999999865889549,-0.24955299496650696,0.10572600364685059,3.880000114440918,0.9710000157356262,760.4320068359375,0.8793050050735474,0.8694649934768677,1.062999963760376,1.0069999694824219,0.27396899461746216,0.2595359981060028,1.055609941482544,1.0,0.0,0.9214289784431458,1.0,19.24329948425293,0.18940000236034393,45.1986008,-23.0511944,15.5839,26.17840003967285,3.37091987603344e-05,0.035257600247859955,-0.05116419866681099,5.203959881328046e-05,t17_f5_c3,ZTF20abxyayj
2459496.8982986,2,1742398294015,18.64940071105957,/ztf/archive/sci/2021/1009/398299/ztf_20211009398299_000251_zr_c11_o_q1_scimrefdiffimg.fits.fz,Kulkarni,1,1.7423982940150152e+18,t,58.0,1742,40,251,945.85400390625,2324.669921875,45.198484,-23.0513006,18.78190040588379,0.19914600253105164,0.945697009563446,18.674299240112305,0.3490999937057495,0.5627040266990662,18.13599967956543,0.032999999821186066,2.927000045776367,0.1469999998807907,-0.8289530277252197,-0.10760500282049179,2.859999895095825,0.7269999980926514,755.8350219726562,-0.02485400065779686,0.9972370266914368,0.9599999785423279,0.7770000100135803,0.3356640040874481,0.27167800068855286,1.2355200052261353,5.0,0.0,0.8285710215568542,0.9852619767189026,18.80620002746582,0.5056999921798706,45.1986134,-23.0511963,7.1068,25.324899673461914,0.00045252099516801536,0.12324299663305283,0.06350219994783401,0.0006414270028471947,t17_f5_c3,ZTF20abxyayj
2459501.8905787,2,1747390574015,20.28499984741211,/ztf/archive/sci/2021/1014/390567/ztf_20211014390567_000251_zr_c11_o_q1_scimrefdiffimg.fits.fz,Kulkarni,1,1.747390574015015e+18,t,5.0,1747,40,251,939.9739990234375,2329.260009765625,45.1985989,-23.0511874,18.967599868774414,0.10398399829864502,2.032819986343384,19.118999481201172,0.14010000228881836,0.05728000029921532,18.13599967956543,0.032999999821186066,2.927000045776367,0.1469999998807907,-0.5340719819068909,0.15136100351810455,1.899999976158142,0.9789999723434448,751.2440185546875,1.1660499572753906,1.2932499647140503,0.6129999756813049,0.5979999899864197,0.3226320147514343,0.3147369921207428,1.0250799655914307,8.0,0.0,0.9542859792709351,0.9385550022125244,19.079599380493164,0.17139999568462372,45.1986134,-23.0511963,12.3174,26.349599838256836,2.1313500838004984e-05,0.02842409908771515,0.12796999514102936,2.9665699912584387e-05,t17_f5_c3,ZTF20abxyayj
2459503.8352083,1,1749335204015,19.19499969482422,/ztf/archive/sci/2021/1016/335208/ztf_20211016335208_000251_zg_c11_o_q1_scimrefdiffimg.fits.fz,Kulkarni,1,1.749335204015015e+18,t,5.0,1749,40,251,930.1439819335938,2309.27001953125,45.1986375,-23.0511489,18.870100021362305,0.15260499715805054,0.878184974193573,18.756799697875977,0.18970000743865967,0.20138099789619446,18.625999450683594,0.020999999716877937,1.2009999752044678,0.05999999865889549,0.03410699963569641,-0.1133119985461235,3.5199999809265137,0.9739999771118164,771.2249755859375,0.43814900517463684,0.9768249988555908,1.284999966621399,1.0089999437332153,0.36505699157714844,0.2866480052471161,1.2735400199890137,1.0,0.0,0.754285991191864,1.0,18.749300003051758,0.24140000343322754,45.1986008,-23.0511944,9.21332,26.20509910583496,6.618459883611649e-05,0.043574798852205276,-0.011876200325787067,0.00011920699762413278,t17_f5_c3,ZTF20abxyayj
2459503.8598958,2,1749359894015,19.466899871826172,/ztf/archive/sci/2021/1016/359896/ztf_20211016359896_000251_zr_c11_o_q1_scimrefdiffimg.fits.fz,Kulkarni,1,1.749359894015015e+18,t,7.0,1749,40,251,939.7769775390625,2313.75,45.1985686,-23.0511782,18.859100341796875,0.1247510015964508,1.4278299808502197,19.058799743652344,0.2143000066280365,0.15997199714183807,18.13599967956543,0.032999999821186066,2.927000045776367,0.1469999998807907,-0.2828100025653839,0.1997160017490387,3.069999933242798,0.9769999980926514,766.7520141601562,0.40806400775909424,1.0243899822235107,0.8870000243186951,0.8299999833106995,0.2889249920845032,0.27035799622535706,1.0686800479888916,0.0,0.0,0.9485710263252258,1.0,19.040199279785156,0.2694999873638153,45.1986134,-23.0511963,12.7574,26.31410026550293,3.363989890203811e-05,0.03572029992938042,0.15039800107479095,4.68418984382879e-05,t17_f5_c3,ZTF20abxyayj
2459504.8975347,1,1750397534015,19.398399353027344,/ztf/archive/sci/2021/1017/397373/ztf_20211017397373_000251_zg_c11_o_q1_scimrefdiffimg.fits.fz,Kulkarni,1,,,,1750,40,251,,,,,,,,,,,,,,,,,,,,,,,,,,,,,,,,,,,,26.214099884033203,5.208950096857734e-05,0.042059898376464844,-0.03032430075109005,8.71976008056663e-05,t17_f5_c3,ZTF20abxyayj
2459511.8781019,2,1757378104015,19.188899993896484,/ztf/archive/sci/2021/1024/378079/ztf_20211024378079_000251_zr_c11_o_q1_scimrefdiffimg.fits.fz,Kulkarni,1,1.757378104015015e+18,t,26.0,1757,40,251,948.0289916992188,2297.800048828125,45.1986477,-23.0511788,19.05389976501465,0.12663300335407257,1.4042799472808838,19.16699981689453,0.3765000104904175,0.12838800251483917,18.13599967956543,0.032999999821186066,2.927000045776367,0.1469999998807907,-2.877110004425049,0.11308000236749649,1.3799999952316284,0.8479999899864197,782.7030029296875,0.021862000226974487,1.8373899459838867,0.7269999980926514,0.7080000042915344,0.5268120169639587,0.5130429863929749,1.0268399715423584,6.0,0.0,0.8842859864234924,0.9645320177078247,18.841100692749023,0.357699990272522,45.1986134,-23.0511963,7.08913,26.11590003967285,3.4773198422044516e-05,0.035843901336193085,0.14769600331783295,4.7896701289573684e-05,t17_f5_c3,ZTF20abxyayj
2459518.813831,2,1764313834015,20.565399169921875,/ztf/archive/sci/2021/1031/313819/ztf_20211031313819_000251_zr_c11_o_q1_scimrefdiffimg.fits.fz,Kulkarni,1,1.764313834015015e+18,t,13.0,1764,40,251,931.3740234375,2300.239990234375,45.1985926,-23.0511932,18.912900924682617,0.08785799890756607,3.2418999671936035,18.97920036315918,0.09560000151395798,0.06954099982976913,18.13599967956543,0.032999999821186066,2.927000045776367,0.1469999998807907,0.1275469958782196,0.06634300202131271,2.0399999618530273,0.9819999933242798,780.2579956054688,1.5862300395965576,1.2343599796295166,0.6610000133514404,0.656000018119812,0.32401999831199646,0.3215689957141876,1.0076199769973755,5.0,0.0,0.9628570079803467,0.9339380264282227,19.097900390625,0.13379999995231628,45.1986134,-23.0511963,17.0217,26.385900497436523,1.6919400877668522e-05,0.02541170082986355,0.12407699972391129,2.3591699573444203e-05,t17_f5_c3,ZTF20abxyayj
2459518.8363657,1,1764336364015,20.543800354003906,/ztf/archive/sci/2021/1031/336366/ztf_20211031336366_000251_zg_c11_o_q1_scimrefdiffimg.fits.fz,Kulkarni,1,1.764336364015015e+18,t,13.0,1764,40,251,950.614990234375,2302.169921875,45.1985702,-23.0512133,18.872800827026367,0.08926399797201157,2.523789882659912,18.8341007232666,0.07649999856948853,0.12067800015211105,18.625999450683594,0.020999999716877937,1.2009999752044678,0.05999999865889549,-0.2886269986629486,-0.03872999921441078,2.7899999618530273,0.9819999933242798,778.3350219726562,1.7096999883651733,1.0086699724197388,0.8840000033378601,0.8389999866485596,0.31684601306915283,0.30071699619293213,1.0536400079727173,0.0,0.0,0.9599999785423279,1.0,18.857200622558594,0.09799999743700027,45.1986008,-23.0511944,21.7239,26.29680061340332,2.521239912312012e-05,0.030991200357675552,-0.06397999823093414,3.491120151011273e-05,t17_f5_c3,ZTF20abxyayj
2459521.7962731,1,1767296274015,20.46299934387207,/ztf/archive/sci/2021/1103/296262/ztf_20211103296262_000251_zg_c11_o_q1_scimrefdiffimg.fits.fz,Kulkarni,1,1.767296274015015e+18,t,11.0,1767,40,251,941.2639770507812,2304.469970703125,45.1985951,-23.0512069,18.87459945678711,0.09286899864673615,3.7833199501037598,18.818899154663086,0.08659999817609787,0.05075899884104729,18.625999450683594,0.020999999716877937,1.2009999752044678,0.05999999865889549,-0.1716119945049286,-0.055744998157024384,2.930000066757202,0.9860000014305115,776.0269775390625,1.6440600156784058,0.8863890171051025,0.7860000133514404,0.7549999952316284,0.2682589888572693,0.2576789855957031,1.041059970855713,1.0,0.0,0.9599999785423279,1.0,18.748300552368164,0.10249999910593033,45.1986008,-23.0511944,19.2729,26.28860092163086,2.0595100068021566e-05,0.028414100408554077,-0.053217701613903046,2.901480002037715e-05,t17_f5_c3,ZTF20abxyayj
2459521.8562037,2,1767356204015,20.452299118041992,/ztf/archive/sci/2021/1103/356192/ztf_20211103356192_000251_zr_c11_o_q1_scimrefdiffimg.fits.fz,Kulkarni,1,1.767356204015015e+18,t,14.0,1767,40,251,947.3980102539062,2308.110107421875,45.1985951,-23.0511922,18.96269989013672,0.09642499685287476,2.6579198837280273,19.19499969482422,0.1315000057220459,0.061560001224279404,18.13599967956543,0.032999999821186066,2.927000045776367,0.1469999998807907,0.19692499935626984,0.23226399719715118,1.8700000047683716,0.9789999723434448,772.3909912109375,1.2573200464248657,1.3029500246047974,0.6579999923706055,0.5809999704360962,0.3518719971179962,0.31069499254226685,1.1325299739837646,5.0,0.0,0.9542859792709351,0.9736400246620178,19.26849937438965,0.1776999980211258,45.1986134,-23.0511963,12.0346,26.37070083618164,1.9560700820875354e-05,0.027043400332331657,0.12918299436569214,2.7258400223217905e-05,t17_f5_c3,ZTF20abxyayj
2459524.8139005,1,1770313904015,20.622299194335938,/ztf/archive/sci/2021/1106/313889/ztf_20211106313889_000251_zg_c11_o_q1_scimrefdiffimg.fits.fz,Kulkarni,1,1.770313904015015e+18,t,7.0,1770,40,251,926.9630126953125,2296.320068359375,45.1985837,-23.0511725,18.93199920654297,0.09133899956941605,2.3824100494384766,18.936599731445312,0.08579999953508377,0.09581100195646286,18.625999450683594,0.020999999716877937,1.2009999752044678,0.05999999865889549,0.31325000524520874,0.0045900000259280205,2.5299999713897705,0.9819999933242798,784.1810302734375,1.6857199668884277,1.0110299587249756,0.7459999918937683,0.7239999771118164,0.2948620021343231,0.2861660122871399,1.0303900241851807,1.0,0.0,0.9628570079803467,1.0,18.875499725341797,0.10199999809265137,45.1986008,-23.0511944,18.4635,26.295000076293945,1.9374099792912602e-05,0.0275627002120018,-0.06512980163097382,2.7177000447409227e-05,t17_f5_c3,ZTF20abxyayj
2459524.8563542,2,1770356354015,20.468299865722656,/ztf/archive/sci/2021/1106/356343/ztf_20211106356343_000251_zr_c11_o_q1_scimrefdiffimg.fits.fz,Kulkarni,1,1.770356354015015e+18,t,5.0,1770,40,251,943.2919921875,2297.35009765625,45.1985823,-23.0511841,18.9507999420166,0.1050800010561943,4.388899803161621,19.17169952392578,0.1274999976158142,0.1110209971666336,18.13599967956543,0.032999999821186066,2.927000045776367,0.1469999998807907,0.16760799288749695,0.220892995595932,2.359999895095825,0.9919999837875366,783.1500244140625,1.2966200113296509,1.026919960975647,0.6169999837875366,0.5709999799728394,0.2614409923553467,0.24194900691509247,1.0805599689483643,7.0,0.0,0.9371430277824402,0.8880839943885803,19.3164005279541,0.18389999866485596,45.1986134,-23.0511963,14.6485,26.38279914855957,1.8078200810123235e-05,0.026142699643969536,0.13166700303554535,2.503580071788747e-05,t17_f5_c3,ZTF20abxyayj
2459525.7938773,2,1771293874015,20.436899185180664,/ztf/archive/sci/2021/1107/293877/ztf_20211107293877_000251_zr_c11_o_q1_scimrefdiffimg.fits.fz,Kulkarni,1,1.771293874015015e+18,t,8.0,1771,40,251,943.3569946289062,2299.659912109375,45.1985783,-23.0512217,19.000900268554688,0.08022899925708771,3.6770401000976562,19.044300079345703,0.11490000039339066,0.1413619965314865,18.13599967956543,0.032999999821186066,2.927000045776367,0.1469999998807907,0.13670200109481812,0.04339300096035004,2.0299999713897705,1.0,780.8369750976562,1.392590045928955,1.2116899490356445,0.6949999928474426,0.6790000200271606,0.34236499667167664,0.33448299765586853,1.0235600471496582,2.0,0.0,0.9571430087089539,1.0,19.066499710083008,0.14820000529289246,45.1986134,-23.0511963,16.7526,26.392900466918945,1.634170075703878e-05,0.024926699697971344,0.12570799887180328,2.264059912704397e-05,t17_f5_c3,ZTF20abxyayj
2459525.8171759,1,1771317174015,20.532800674438477,/ztf/archive/sci/2021/1107/317176/ztf_20211107317176_000251_zg_c11_o_q1_scimrefdiffimg.fits.fz,Kulkarni,1,1.771317174015015e+18,t,12.0,1771,40,251,943.4550170898438,2300.3798828125,45.1986047,-23.0511977,18.874300003051758,0.09289900213479996,3.936800003051758,18.7908992767334,0.07720000296831131,0.01739400066435337,18.625999450683594,0.020999999716877937,1.2009999752044678,0.05999999865889549,0.011087000370025635,-0.08342599868774414,2.7100000381469727,0.9900000095367432,780.1209716796875,1.7419099807739258,0.9927260279655457,0.8199999928474426,0.8059999942779541,0.3025830090045929,0.297417014837265,1.0173699855804443,0.0,0.0,0.9628570079803467,1.0,18.885000228881836,0.10570000112056732,45.1986008,-23.0511944,23.742,26.303300857543945,2.133189991582185e-05,0.028811300173401833,-0.06233790144324303,3.038139948330354e-05,t17_f5_c3,ZTF20abxyayj
2459527.7933565,1,1773293354015,19.35260009765625,/ztf/archive/sci/2021/1109/293194/ztf_20211109293194_000251_zg_c11_o_q1_scimrefdiffimg.fits.fz,Kulkarni,1,1.773293354015015e+18,t,11.0,1773,40,251,934.8480224609375,2305.580078125,45.1985999,-23.051187,18.775299072265625,0.14438599348068237,1.1702300310134888,18.837400436401367,0.2272000014781952,0.02627599984407425,18.625999450683594,0.020999999716877937,1.2009999752044678,0.05999999865889549,-0.3112269937992096,0.062105998396873474,3.059999942779541,0.9620000123977661,774.9249877929688,0.5152480006217957,0.8814769983291626,0.8410000205039978,0.7570000290870667,0.2748369872570038,0.24738599359989166,1.1109600067138672,3.0,0.0,0.9542859792709351,1.0,18.903200149536133,0.3084000051021576,45.1986008,-23.0511944,12.1445,25.474300384521484,5.4753600124968216e-05,0.04326099902391434,-0.040786001831293106,9.148070239461958e-05,t17_f5_c3,ZTF20abxyayj
2459530.7880903,1,1776288094015,19.63290023803711,/ztf/archive/sci/2021/1112/288079/ztf_20211112288079_000251_zg_c11_o_q1_scimrefdiffimg.fits.fz,Kulkarni,1,1.776288094015015e+18,t,2.0,1776,40,251,946.1959838867188,2274.580078125,45.1986227,-23.0511522,18.92959976196289,0.12820599973201752,1.7375600337982178,19.049999237060547,0.16779999434947968,0.16595900058746338,18.625999450683594,0.020999999716877937,1.2009999752044678,0.05999999865889549,0.233364999294281,0.12035699933767319,4.050000190734863,0.9789999723434448,805.9149780273438,0.582912027835846,0.8480859994888306,1.024999976158142,0.8980000019073486,0.25308600068092346,0.22172799706459045,1.1414300203323364,2.0,0.0,0.9228569865226746,1.0,19.034000396728516,0.21119999885559082,45.1986008,-23.0511944,12.9817,26.294599533081055,4.4512700696941465e-05,0.03955040127038956,-0.030320100486278534,7.332619861699641e-05,t17_f5_c3,ZTF20abxyayj
2459530.8356597,2,1776335654015,19.844900131225586,/ztf/archive/sci/2021/1112/335648/ztf_20211112335648_000251_zr_c11_o_q1_scimrefdiffimg.fits.fz,Kulkarni,1,1.776335654015015e+18,t,7.0,1776,40,251,946.93701171875,2277.300048828125,45.1986569,-23.0511978,19.107999801635742,0.12290100008249283,1.3775399923324585,19.20829963684082,0.16200000047683716,0.1423870027065277,18.13599967956543,0.032999999821186066,2.927000045776367,0.1469999998807907,-0.3053160011768341,0.10028800368309021,3.5899999141693115,0.9750000238418579,803.198974609375,0.6365659832954407,0.956242024898529,1.003000020980835,0.9179999828338623,0.2793869972229004,0.25571000576019287,1.0925899744033813,3.0,0.0,0.9399999976158142,0.9888889789581299,19.1466007232666,0.19470000267028809,45.1986134,-23.0511963,10.9705,26.3799991607666,3.0146100471029058e-05,0.0334709994494915,0.12745900452136993,4.1597901144996285e-05,t17_f5_c3,ZTF20abxyayj
2459503.8352083,1,1749335204015,19.19499969482422,/ztf/archive/sci/2021/1016/335208/ztf_20211016335208_000251_zg_c11_o_q1_scimrefdiffimg.fits.fz,Kulkarni,1,1.749335204015015e+18,1,5.0,1749,40,251,930.1439819335938,2309.27001953125,45.1986375,-23.0511489,18.870100021362305,0.15260499715805054,0.878184974193573,18.756799697875977,0.18970000743865967,0.20138099789619446,18.625999450683594,0.020999999716877937,1.2009999752044678,0.05999999865889549,0.03410699963569641,-0.1133119985461235,3.5199999809265137,0.9739999771118164,771.2249755859375,0.43814900517463684,0.9768249988555908,1.284999966621399,1.0089999437332153,0.36505699157714844,0.2866480052471161,1.2735400199890137,1.0,0.0,0.754285991191864,1.0,18.749300003051758,0.24140000343322754,45.1986008,-23.0511944,9.21332,26.20509910583496,6.618459883611649e-05,0.043574798852205276,-0.011876200325787067,0.00011920699762413278,t17_f5_c3,ZTF20abxyayj
2459532.7730787,1,1778273074015,19.293699264526367,/ztf/archive/sci/2021/1114/273079/ztf_20211114273079_000251_zg_c11_o_q1_scimrefdiffimg.fits.fz,Kulkarni,1,1.778273074015015e+18,t,3.0,1778,40,251,950.4539794921875,2294.60009765625,45.1986543,-23.0512272,18.856199264526367,0.1625179946422577,1.3469300270080566,18.986099243164062,0.22100000083446503,0.21040500700473785,18.625999450683594,0.020999999716877937,1.2009999752044678,0.05999999865889549,0.06258600205183029,0.12990400195121765,3.2100000381469727,0.996999979019165,785.89697265625,0.3076150119304657,1.0374399423599243,1.0779999494552612,1.0420000553131104,0.33582600951194763,0.32461100816726685,1.0345499515533447,1.0,0.0,0.9185709953308105,1.0,19.02589988708496,0.29350000619888306,45.1986008,-23.0511944,11.4895,26.289199829101562,5.498919927049428e-05,0.042177099734544754,-0.04092390090227127,9.717499779071659e-05,t17_f5_c3,ZTF20abxyayj
2459532.8356481,2,1778335644015,19.760299682617188,/ztf/archive/sci/2021/1114/335637/ztf_20211114335637_000251_zr_c11_o_q1_scimrefdiffimg.fits.fz,Kulkarni,1,1.778335644015015e+18,t,1.0,1778,40,251,946.1640014648438,2297.52001953125,45.1985648,-23.0511738,19.01810073852539,0.1182280033826828,2.569730043411255,19.30150032043457,0.24770000576972961,0.17810200154781342,18.13599967956543,0.032999999821186066,2.927000045776367,0.1469999998807907,0.07160700112581253,0.28339800238609314,2.359999895095825,0.9769999980926514,782.9819946289062,0.4588409960269928,1.1025300025939941,0.621999979019165,0.5920000076293945,0.2635590136051178,0.2508470118045807,1.0506800413131714,9.0,0.0,0.9357140064239502,0.8656489849090576,19.17490005493164,0.28189998865127563,45.1986134,-23.0511963,10.9414,26.37310028076172,2.0329100152594037e-05,0.027915600687265396,0.1275320053100586,2.8259299142519012e-05,t17_f5_c3,ZTF20abxyayj
2459537.7725347,1,1783272534015,18.16349983215332,/ztf/archive/sci/2021/1119/272535/ztf_20211119272535_000251_zg_c11_o_q1_scimrefdiffimg.fits.fz,Kulkarni,1,,,,1783,40,251,,,,,,,,,,,,,,,,,,,,,,,,,,,,,,,,,,,,25.809900283813477,0.0004660479899030179,0.07320070266723633,-0.011361000128090382,0.001083289971575141,t17_f5_c3,ZTF20abxyayj
2459538.8149653,1,1784314964015,18.868499755859375,/ztf/archive/sci/2021/1120/314954/ztf_20211120314954_000251_zg_c11_o_q1_scimrefdiffimg.fits.fz,Kulkarni,1,1.7843149640150152e+18,t,75.0,1784,40,251,945.552978515625,2306.050048828125,45.1985663,-23.0511285,18.982799530029297,0.16696900129318237,0.8564839959144592,19.016700744628906,0.39800000190734863,0.2598220109939575,18.625999450683594,0.020999999716877937,1.2009999752044678,0.05999999865889549,1.287410020828247,0.033900998532772064,2.950000047683716,0.9639999866485596,774.4509887695312,-0.14816899597644806,0.9455609917640686,0.8489999771118164,0.7689999938011169,0.2877970039844513,0.2606779932975769,1.1040300130844116,2.0,0.0,0.804286003112793,1.0,19.243200302124023,0.6299999952316284,45.1986008,-23.0511944,6.866,26.280799865722656,7.209710020106286e-05,0.043783798813819885,-0.02636829949915409,0.0001388020027661696,t17_f5_c3,ZTF20abxyayj
2459532.7730787,1,1778273074015,19.293699264526367,/ztf/archive/sci/2021/1114/273079/ztf_20211114273079_000251_zg_c11_o_q1_scimrefdiffimg.fits.fz,Kulkarni,1,1.778273074015015e+18,1,3.0,1778,40,251,950.4539794921875,2294.60009765625,45.1986543,-23.0512272,18.856199264526367,0.1625179946422577,1.3469300270080566,18.986099243164062,0.22100000083446503,0.21040500700473785,18.625999450683594,0.020999999716877937,1.2009999752044678,0.05999999865889549,0.06258600205183029,0.12990400195121765,3.2100000381469727,0.996999979019165,785.89697265625,0.3076150119304657,1.0374399423599243,1.0779999494552612,1.0420000553131104,0.33582600951194763,0.32461100816726685,1.0345499515533447,1.0,0.0,0.9185709953308105,1.0,19.02589988708496,0.29350000619888306,45.1986008,-23.0511944,11.4895,26.289199829101562,5.498919927049428e-05,0.042177099734544754,-0.04092390090227127,9.717499779071659e-05,t17_f5_c3,ZTF20abxyayj
2459518.813831,2,1764313834015,20.565399169921875,/ztf/archive/sci/2021/1031/313819/ztf_20211031313819_000251_zr_c11_o_q1_scimrefdiffimg.fits.fz,Kulkarni,1,1.764313834015015e+18,1,13.0,1764,40,251,931.3740234375,2300.239990234375,45.1985926,-23.0511932,18.912900924682617,0.08785799890756607,3.2418999671936035,18.97920036315918,0.09560000151395798,0.06954099982976913,18.13599967956543,0.032999999821186066,2.927000045776367,0.1469999998807907,0.1275469958782196,0.06634300202131271,2.0399999618530273,0.9819999933242798,780.2579956054688,1.5862300395965576,1.2343599796295166,0.6610000133514404,0.656000018119812,0.32401999831199646,0.3215689957141876,1.0076199769973755,5.0,0.0,0.9628570079803467,0.9339380264282227,19.097900390625,0.13379999995231628,45.1986134,-23.0511963,17.0217,26.385900497436523,1.6919400877668522e-05,0.02541170082986355,0.12407699972391129,2.3591699573444203e-05,t17_f5_c3,ZTF20abxyayj
2459530.7880903,1,1776288094015,19.63290023803711,/ztf/archive/sci/2021/1112/288079/ztf_20211112288079_000251_zg_c11_o_q1_scimrefdiffimg.fits.fz,Kulkarni,1,1.776288094015015e+18,1,2.0,1776,40,251,946.1959838867188,2274.580078125,45.1986227,-23.0511522,18.92959976196289,0.12820599973201752,1.7375600337982178,19.049999237060547,0.16779999434947968,0.16595900058746338,18.625999450683594,0.020999999716877937,1.2009999752044678,0.05999999865889549,0.233364999294281,0.12035699933767319,4.050000190734863,0.9789999723434448,805.9149780273438,0.582912027835846,0.8480859994888306,1.024999976158142,0.8980000019073486,0.25308600068092346,0.22172799706459045,1.1414300203323364,2.0,0.0,0.9228569865226746,1.0,19.034000396728516,0.21119999885559082,45.1986008,-23.0511944,12.9817,26.294599533081055,4.4512700696941465e-05,0.03955040127038956,-0.030320100486278534,7.332619861699641e-05,t17_f5_c3,ZTF20abxyayj
2459525.7938773,2,1771293874015,20.436899185180664,/ztf/archive/sci/2021/1107/293877/ztf_20211107293877_000251_zr_c11_o_q1_scimrefdiffimg.fits.fz,Kulkarni,1,1.771293874015015e+18,1,8.0,1771,40,251,943.3569946289062,2299.659912109375,45.1985783,-23.0512217,19.000900268554688,0.08022899925708771,3.6770401000976562,19.044300079345703,0.11490000039339066,0.1413619965314865,18.13599967956543,0.032999999821186066,2.927000045776367,0.1469999998807907,0.13670200109481812,0.04339300096035004,2.0299999713897705,1.0,780.8369750976562,1.392590045928955,1.2116899490356445,0.6949999928474426,0.6790000200271606,0.34236499667167664,0.33448299765586853,1.0235600471496582,2.0,0.0,0.9571430087089539,1.0,19.066499710083008,0.14820000529289246,45.1986134,-23.0511963,16.7526,26.392900466918945,1.634170075703878e-05,0.024926699697971344,0.12570799887180328,2.264059912704397e-05,t17_f5_c3,ZTF20abxyayj
2459521.7962731,1,1767296274015,20.46299934387207,/ztf/archive/sci/2021/1103/296262/ztf_20211103296262_000251_zg_c11_o_q1_scimrefdiffimg.fits.fz,Kulkarni,1,1.767296274015015e+18,1,11.0,1767,40,251,941.2639770507812,2304.469970703125,45.1985951,-23.0512069,18.87459945678711,0.09286899864673615,3.7833199501037598,18.818899154663086,0.08659999817609787,0.05075899884104729,18.625999450683594,0.020999999716877937,1.2009999752044678,0.05999999865889549,-0.1716119945049286,-0.055744998157024384,2.930000066757202,0.9860000014305115,776.0269775390625,1.6440600156784058,0.8863890171051025,0.7860000133514404,0.7549999952316284,0.2682589888572693,0.2576789855957031,1.041059970855713,1.0,0.0,0.9599999785423279,1.0,18.748300552368164,0.10249999910593033,45.1986008,-23.0511944,19.2729,26.28860092163086,2.0595100068021566e-05,0.028414100408554077,-0.053217701613903046,2.901480002037715e-05,t17_f5_c3,ZTF20abxyayj
2459524.8139005,1,1770313904015,20.622299194335938,/ztf/archive/sci/2021/1106/313889/ztf_20211106313889_000251_zg_c11_o_q1_scimrefdiffimg.fits.fz,Kulkarni,1,1.770313904015015e+18,1,7.0,1770,40,251,926.9630126953125,2296.320068359375,45.1985837,-23.0511725,18.93199920654297,0.09133899956941605,2.3824100494384766,18.936599731445312,0.08579999953508377,0.09581100195646286,18.625999450683594,0.020999999716877937,1.2009999752044678,0.05999999865889549,0.31325000524520874,0.0045900000259280205,2.5299999713897705,0.9819999933242798,784.1810302734375,1.6857199668884277,1.0110299587249756,0.7459999918937683,0.7239999771118164,0.2948620021343231,0.2861660122871399,1.0303900241851807,1.0,0.0,0.9628570079803467,1.0,18.875499725341797,0.10199999809265137,45.1986008,-23.0511944,18.4635,26.295000076293945,1.9374099792912602e-05,0.0275627002120018,-0.06512980163097382,2.7177000447409227e-05,t17_f5_c3,ZTF20abxyayj
2459466.9382523,1,1712438254015,20.273399353027344,/ztf/archive/sci/2021/0909/438137/ztf_20210909438137_000251_zg_c11_o_q1_scimrefdiffimg.fits.fz,Kulkarni,1,1.712438254015015e+18,t,7.0,1712,40,251,948.47802734375,2274.469970703125,45.198572,-23.0511613,18.98579978942871,0.12987999618053436,3.6208999156951904,18.83530044555664,0.09929999709129333,0.1507440060377121,18.625999450683594,0.020999999716877937,1.2009999752044678,0.05999999865889549,-0.18993200361728668,-0.15045900642871857,2.8299999237060547,0.9990000128746033,806.0280151367188,1.4381200075149536,0.9605339765548706,0.878000020980835,0.8009999990463257,0.310247004032135,0.28303900361061096,1.0961300134658813,3.0,0.0,0.9685710072517395,1.0,18.905799865722656,0.1340000033378601,45.1986008,-23.0511944,19.1906,26.161800384521484,3.050210034416523e-05,0.0342135988175869,-0.04016219824552536,4.32404012826737e-05,t17_f5_c3,ZTF20abxyayj
2459466.9604861,2,1712460484015,20.1018009185791,/ztf/archive/sci/2021/0909/460324/ztf_20210909460324_000251_zr_c11_o_q1_scimrefdiffimg.fits.fz,Kulkarni,1,1.712460484015015e+18,t,4.0,1712,40,251,974.3300170898438,2280.919921875,45.1985854,-23.0511973,19.00040054321289,0.10018099844455719,1.9239000082015991,19.069700241088867,0.13600000739097595,0.09158100187778473,18.13599967956543,0.032999999821186066,2.927000045776367,0.1469999998807907,-0.16586700081825256,0.06930399686098099,3.009999990463257,0.9580000042915344,799.5789794921875,1.0320899486541748,0.954138994216919,0.7870000004768372,0.6970000267028809,0.26146200299263,0.23156100511550903,1.1291199922561646,2.0,0.0,0.947143018245697,1.0,19.066099166870117,0.17190000414848328,45.1986134,-23.0511963,10.9409,26.253400802612305,2.437210059724748e-05,0.02977149933576584,0.13932600617408752,3.36835983034689e-05,t17_f5_c3,ZTF20abxyayj
2459468.9393171,1,1714439314015,20.41390037536621,/ztf/archive/sci/2021/0911/439306/ztf_20210911439306_000251_zg_c11_o_q1_scimrefdiffimg.fits.fz,Kulkarni,1,1.714439314015015e+18,t,4.0,1714,40,251,942.031005859375,2278.02001953125,45.1985859,-23.0511851,19.02359962463379,0.08201999962329865,1.60725998878479,19.04520034790039,0.11630000174045563,0.053842999041080475,18.625999450683594,0.020999999716877937,1.2009999752044678,0.05999999865889549,0.12382200360298157,0.021587999537587166,2.609999895095825,0.9810000061988831,802.4810180664062,1.3687399625778198,0.9483129978179932,0.7390000224113464,0.6890000104904175,0.28314200043678284,0.2639850080013275,1.0725699663162231,1.0,0.0,0.9628570079803467,1.0,19.10759925842285,0.15569999814033508,45.1986008,-23.0511944,13.3662,26.188600540161133,2.3620699721504934e-05,0.030314700677990913,-0.04794539883732796,3.365809971000999e-05,t17_f5_c3,ZTF20abxyayj
2459468.9814236,2,1714481424015,20.396699905395508,/ztf/archive/sci/2021/0911/481424/ztf_20210911481424_000251_zr_c11_o_q1_scimrefdiffimg.fits.fz,Kulkarni,1,1.714481424015015e+18,t,5.0,1714,40,251,971.39599609375,2285.31005859375,45.1985765,-23.0512182,19.02239990234375,0.11752600222826004,3.736449956893921,19.0802001953125,0.12359999865293503,0.14366599917411804,18.13599967956543,0.032999999821186066,2.927000045776367,0.1469999998807907,-0.3831869959831238,0.05783100053668022,2.009999990463257,0.9879999756813049,795.1859741210938,1.316540002822876,1.2211899757385254,0.6460000276565552,0.5830000042915344,0.3213930130004883,0.2900499999523163,1.1080600023269653,7.0,0.0,0.9585710167884827,0.9014440178871155,18.945100784301758,0.1379999965429306,45.1986134,-23.0511963,14.1478,26.29840087890625,1.991849967453163e-05,0.027232499793171883,0.12719599902629852,2.769049933704082e-05,t17_f5_c3,ZTF20abxyayj
2459496.856169,1,1742356164015,19.99340057373047,/ztf/archive/sci/2021/1009/356007/ztf_20211009356007_000251_zg_c11_o_q1_scimrefdiffimg.fits.fz,Kulkarni,1,1.742356164015015e+18,1,8.0,1742,40,251,943.7449951171875,2320.070068359375,45.1985942,-23.051173,19.008399963378906,0.11009799689054489,1.5736700296401978,19.114099502563477,0.13249999284744263,0.0792360007762909,18.625999450683594,0.020999999716877937,1.2009999752044678,0.05999999865889549,-0.24955299496650696,0.10572600364685059,3.880000114440918,0.9710000157356262,760.4320068359375,0.8793050050735474,0.8694649934768677,1.062999963760376,1.0069999694824219,0.27396899461746216,0.2595359981060028,1.055609941482544,1.0,0.0,0.9214289784431458,1.0,19.24329948425293,0.18940000236034393,45.1986008,-23.0511944,15.5839,26.17840003967285,3.37091987603344e-05,0.035257600247859955,-0.05116419866681099,5.203959881328046e-05,t17_f5_c3,ZTF20abxyayj
2459464.9602431,1,1710460244015,20.307600021362305,/ztf/archive/sci/2021/0907/460243/ztf_20210907460243_000251_zg_c11_o_q1_scimrefdiffimg.fits.fz,Kulkarni,1,1.710460244015025e+18,t,8.0,1710,40,251,958.81201171875,2273.7900390625,45.1985801,-23.0512055,18.997299194335938,0.08568199723958969,1.8531999588012695,19.063400268554688,0.12309999763965607,0.07830800116062164,18.625999450683594,0.020999999716877937,1.2009999752044678,0.05999999865889549,-0.16825200617313385,0.06610900163650513,2.440000057220459,0.9800000190734863,806.7109985351562,1.2442400455474854,1.0723400115966797,0.734000027179718,0.7139999866485596,0.300819993019104,0.29262301325798035,1.0280100107192993,2.0,0.0,0.9671429991722107,1.0,19.082799911499023,0.15870000422000885,45.1986008,-23.0511944,18.1035,26.095300674438477,2.6552899726084433e-05,0.031883299350738525,-0.0371628999710083,3.770429975702427e-05,t17_f5_c3,ZTF20abxyayj
2459464.9814699,2,1710481464015,20.386199951171875,/ztf/archive/sci/2021/0907/481470/ztf_20210907481470_000251_zr_c11_o_q1_scimrefdiffimg.fits.fz,Kulkarni,1,1.710481464015025e+18,t,7.0,1710,40,251,965.1719970703125,2281.090087890625,45.1985574,-23.0511339,19.023500442504883,0.08338800072669983,1.381700038909912,19.10219955444336,0.12759999930858612,0.29409199953079224,18.13599967956543,0.032999999821186066,2.927000045776367,0.1469999998807907,0.0760980024933815,0.07868999987840652,1.9199999570846558,0.9810000061988831,799.4119873046875,1.2839499711990356,1.278439998626709,0.6600000262260437,0.6389999985694885,0.34375,0.33281299471855164,1.0328600406646729,4.0,0.0,0.9599999785423279,0.9065579771995544,18.994699478149414,0.1459999978542328,45.1986134,-23.0511963,10.1148,26.22450065612793,2.1242800357867964e-05,0.027935199439525604,0.13369600474834442,2.9236900445539504e-05,t17_f5_c3,ZTF20abxyayj
2459484.8974769,1,1730397474015,19.654800415039062,/ztf/archive/sci/2021/0927/397465/ztf_20210927397465_000251_zg_c11_o_q1_scimrefdiffimg.fits.fz,Kulkarni,1,1.730397474015015e+18,1,6.0,1730,40,251,939.8889770507812,2293.60009765625,45.1985916,-23.0512031,18.91010093688965,0.1028359979391098,1.250249981880188,18.785900115966797,0.1738000065088272,0.043101999908685684,18.625999450683594,0.020999999716877937,1.2009999752044678,0.05999999865889549,-0.048367999494075775,-0.12420900166034698,2.2799999713897705,0.9819999933242798,786.8980102539062,0.8688920140266418,1.111009955406189,0.7739999890327454,0.7379999756813049,0.33947399258613586,0.3236840069293976,1.0487799644470215,3.0,0.0,0.9614289999008179,1.0,18.91029930114746,0.24950000643730164,45.1986008,-23.0511944,13.5257,26.157100677490234,4.4493401219369844e-05,0.040202800184488297,-0.04122760146856308,7.193010242190212e-05,t17_f5_c3,ZTF20abxyayj
2459489.8757755,1,1735375774015,20.180200576782227,/ztf/archive/sci/2021/1002/375764/ztf_20211002375764_000251_zg_c11_o_q1_scimrefdiffimg.fits.fz,Kulkarni,1,1.735375774015015e+18,1,10.0,1735,40,251,944.0360107421875,2297.590087890625,45.1986054,-23.0512162,19.018600463867188,0.10065499693155289,1.9202500581741333,18.965200424194336,0.11710000038146973,0.07910200208425522,18.625999450683594,0.020999999716877937,1.2009999752044678,0.05999999865889549,-0.35204198956489563,-0.05342800170183182,3.0899999141693115,0.9810000061988831,782.9130249023438,1.2150100469589233,0.9071059823036194,0.9089999794960022,0.875,0.29417499899864197,0.28317201137542725,1.0388599634170532,2.0,0.0,0.9642860293388367,1.0,18.921499252319336,0.1428000032901764,45.1986008,-23.0511944,15.4864,26.202600479125977,2.8159400244476274e-05,0.03289169818162918,-0.04104990139603615,4.10448010370601e-05,t17_f5_c3,ZTF20abxyayj
2459474.9182407,1,1720418244015,20.43709945678711,/ztf/archive/sci/2021/0917/418241/ztf_20210917418241_000251_zg_c11_o_q1_scimrefdiffimg.fits.fz,Kulkarni,1,1.720418244015015e+18,1,13.0,1720,40,251,957.7429809570312,2287.360107421875,45.1985672,-23.0511794,18.961299896240234,0.08870899677276611,2.1890299320220947,19.125999450683594,0.11710000038146973,0.12197700142860413,18.625999450683594,0.020999999716877937,1.2009999752044678,0.05999999865889549,0.20961999893188477,0.16465799510478973,2.5299999713897705,0.9829999804496765,793.1409912109375,1.3111000061035156,1.0294100046157837,0.75,0.7129999995231628,0.29644298553466797,0.2818180024623871,1.0518900156021118,1.0,0.0,0.9614289999008179,1.0,19.20509910583496,0.1589999943971634,45.1986008,-23.0511944,21.247,26.183300018310547,1.926990080391988e-05,0.027262799441814423,-0.07285469770431519,2.682699960132595e-05,t17_f5_c3,ZTF20abxyayj
2459471.9401852,2,1717440184015,20.081100463867188,/ztf/archive/sci/2021/0914/440174/ztf_20210914440174_000251_zr_c11_o_q1_scimrefdiffimg.fits.fz,Kulkarni,1,1.717440184015015e+18,1,3.0,1717,40,251,943.5910034179688,2308.27001953125,45.1985685,-23.0511844,19.250600814819336,0.13689999282360077,1.5387099981307983,19.42099952697754,0.21410000324249268,0.1529739946126938,18.13599967956543,0.032999999821186066,2.927000045776367,0.1469999998807907,-0.14105500280857086,0.1704390048980713,1.9199999570846558,0.9509999752044678,772.2269897460938,0.6600559949874878,1.3335299491882324,0.6990000009536743,0.6669999957084656,0.36406299471855164,0.34739598631858826,1.0479799509048462,3.0,0.0,0.9700000286102295,1.0,19.553499221801758,0.3066999912261963,45.1986134,-23.0511963,11.2863,25.997600555419922,2.6786399757838808e-05,0.03187419846653938,0.1376730054616928,3.724589987541549e-05,t17_f5_c3,ZTF20abxyayj
2459464.9602431,1,1710460244015,20.307600021362305,/ztf/archive/sci/2021/0907/460243/ztf_20210907460243_000251_zg_c11_o_q1_scimrefdiffimg.fits.fz,Kulkarni,1,1.710460244015015e+18,t,8.0,1710,40,251,958.81201171875,2273.7900390625,45.1985801,-23.0512055,18.997299194335938,0.08568199723958969,1.8531999588012695,19.063400268554688,0.12309999763965607,0.07830800116062164,18.625999450683594,0.020999999716877937,1.2009999752044678,0.05999999865889549,-0.16825200617313385,0.06610900163650513,2.440000057220459,0.9800000190734863,806.7109985351562,1.2442400455474854,1.0723400115966797,0.734000027179718,0.7139999866485596,0.300819993019104,0.29262301325798035,1.0280100107192993,2.0,0.0,0.9671429991722107,1.0,19.082799911499023,0.15870000422000885,45.1986008,-23.0511944,18.1035,26.095300674438477,2.6552899726084433e-05,0.031883299350738525,-0.0371628999710083,3.770429975702427e-05,t17_f5_c3,ZTF20abxyayj
2459464.9814699,2,1710481464015,20.386199951171875,/ztf/archive/sci/2021/0907/481470/ztf_20210907481470_000251_zr_c11_o_q1_scimrefdiffimg.fits.fz,Kulkarni,1,1.710481464015015e+18,t,7.0,1710,40,251,965.1719970703125,2281.090087890625,45.1985574,-23.0511339,19.023500442504883,0.08338800072669983,1.381700038909912,19.10219955444336,0.12759999930858612,0.29409199953079224,18.13599967956543,0.032999999821186066,2.927000045776367,0.1469999998807907,0.0760980024933815,0.07868999987840652,1.9199999570846558,0.9810000061988831,799.4119873046875,1.2839499711990356,1.278439998626709,0.6600000262260437,0.6389999985694885,0.34375,0.33281299471855164,1.0328600406646729,4.0,0.0,0.9599999785423279,0.9065579771995544,18.994699478149414,0.1459999978542328,45.1986134,-23.0511963,10.1148,26.22450065612793,2.1242800357867964e-05,0.027935199439525604,0.13369600474834442,2.9236900445539504e-05,t17_f5_c3,ZTF20abxyayj
2459466.9382523,1,1712438254015,20.273399353027344,/ztf/archive/sci/2021/0909/438137/ztf_20210909438137_000251_zg_c11_o_q1_scimrefdiffimg.fits.fz,Kulkarni,1,1.712438254015015e+18,1,7.0,1712,40,251,948.47802734375,2274.469970703125,45.198572,-23.0511613,18.98579978942871,0.12987999618053436,3.6208999156951904,18.83530044555664,0.09929999709129333,0.1507440060377121,18.625999450683594,0.020999999716877937,1.2009999752044678,0.05999999865889549,-0.18993200361728668,-0.15045900642871857,2.8299999237060547,0.9990000128746033,806.0280151367188,1.4381200075149536,0.9605339765548706,0.878000020980835,0.8009999990463257,0.310247004032135,0.28303900361061096,1.0961300134658813,3.0,0.0,0.9685710072517395,1.0,18.905799865722656,0.1340000033378601,45.1986008,-23.0511944,19.1906,26.161800384521484,3.050210034416523e-05,0.0342135988175869,-0.04016219824552536,4.32404012826737e-05,t17_f5_c3,ZTF20abxyayj
2459468.9393171,1,1714439314015,20.41390037536621,/ztf/archive/sci/2021/0911/439306/ztf_20210911439306_000251_zg_c11_o_q1_scimrefdiffimg.fits.fz,Kulkarni,1,1.714439314015015e+18,1,4.0,1714,40,251,942.031005859375,2278.02001953125,45.1985859,-23.0511851,19.02359962463379,0.08201999962329865,1.60725998878479,19.04520034790039,0.11630000174045563,0.053842999041080475,18.625999450683594,0.020999999716877937,1.2009999752044678,0.05999999865889549,0.12382200360298157,0.021587999537587166,2.609999895095825,0.9810000061988831,802.4810180664062,1.3687399625778198,0.9483129978179932,0.7390000224113464,0.6890000104904175,0.28314200043678284,0.2639850080013275,1.0725699663162231,1.0,0.0,0.9628570079803467,1.0,19.10759925842285,0.15569999814033508,45.1986008,-23.0511944,13.3662,26.188600540161133,2.3620699721504934e-05,0.030314700677990913,-0.04794539883732796,3.365809971000999e-05,t17_f5_c3,ZTF20abxyayj
2459464.9602431,1,1710460244015,20.307600021362305,/ztf/archive/sci/2021/0907/460243/ztf_20210907460243_000251_zg_c11_o_q1_scimrefdiffimg.fits.fz,Kulkarni,1,1.710460244015015e+18,1,8.0,1710,40,251,958.81201171875,2273.7900390625,45.1985801,-23.0512055,18.997299194335938,0.08568199723958969,1.8531999588012695,19.063400268554688,0.12309999763965607,0.07830800116062164,18.625999450683594,0.020999999716877937,1.2009999752044678,0.05999999865889549,-0.16825200617313385,0.06610900163650513,2.440000057220459,0.9800000190734863,806.7109985351562,1.2442400455474854,1.0723400115966797,0.734000027179718,0.7139999866485596,0.300819993019104,0.29262301325798035,1.0280100107192993,2.0,0.0,0.9671429991722107,1.0,19.082799911499023,0.15870000422000885,45.1986008,-23.0511944,18.1035,26.095300674438477,2.6552899726084433e-05,0.031883299350738525,-0.0371628999710083,3.770429975702427e-05,t17_f5_c3,ZTF20abxyayj
2460251.8350926,1,2497335094015,19.641300201416016,/ztf/archive/sci/2023/1103/335093/ztf_20231103335093_000251_zg_c11_o_q1_scimrefdiffimg.fits.fz,Kulkarni,1,2.497335094015015e+18,t,7.0,2497,40,251,945.8300170898438,2321.800048828125,45.1986097,-23.0511825,19.199800491333008,0.13836100697517395,0.8284519910812378,19.122400283813477,0.2029999941587448,0.051396001130342484,18.625999450683594,0.020999999716877937,1.2009999752044678,0.05999999865889549,-0.332845002412796,-0.07740999758243561,2.4000000953674316,0.9760000109672546,758.7009887695312,0.5189210176467896,1.2486599683761597,0.9459999799728394,0.781000018119812,0.3941670060157776,0.32541701197624207,1.2112699747085571,4.0,0.0,0.9671429991722107,0.9980679750442505,19.244300842285156,0.2903999984264374,45.1986008,-23.0511944,10.5874,26.269800186157227,4.4411201088223606e-05,0.0396931990981102,-0.029274800792336464,7.156939682317898e-05,t17_f5_c3,ZTF20abxyayj
2460251.8783102,2,2497378314015,19.746599197387695,/ztf/archive/sci/2023/1103/378299/ztf_20231103378299_000251_zr_c11_o_q1_scimrefdiffimg.fits.fz,Kulkarni,1,2.497378314015025e+18,t,7.0,2497,40,251,953.6279907226562,2323.0400390625,45.1986386,-23.0511575,19.083499908447266,0.13297800719738007,1.4739999771118164,19.301700592041016,0.22339999675750732,0.16082799434661865,18.13599967956543,0.032999999821186066,2.927000045776367,0.1469999998807907,-0.5324190258979797,0.21815499663352966,2.4000000953674316,0.9179999828338623,757.4609985351562,0.44488900899887085,1.2229299545288086,0.8889999985694885,0.8090000152587891,0.3704169988632202,0.33708301186561584,1.098889946937561,2.0,0.0,0.9614289999008179,1.0,19.40530014038086,0.31369999051094055,45.1986134,-23.0511963,9.14798,26.35849952697754,3.379350164323114e-05,0.03511910140514374,0.12447000294923782,4.6855300752213225e-05,t17_f5_c3,ZTF20abxyayj
2460253.8067477,2,2499306744015,20.17060089111328,/ztf/archive/sci/2023/1105/306736/ztf_20231105306736_000251_zr_c11_o_q1_scimrefdiffimg.fits.fz,Kulkarni,1,,,,2499,40,251,,,,,,,,,,,,,,,,,,,,,,,,,,,,,,,,,,,,26.361499786376953,2.020250030909665e-05,0.027320800349116325,0.12363100051879883,2.8330499844742008e-05,t17_f5_c3,ZTF20abxyayj
2460254.8103935,2,2500310394015,20.2101993560791,/ztf/archive/sci/2023/1106/310382/ztf_20231106310382_000251_zr_c11_o_q1_scimrefdiffimg.fits.fz,Kulkarni,1,2.500310394015015e+18,1,7.0,2500,40,251,965.1890258789062,2313.330078125,45.1985645,-23.0511674,19.196399688720703,0.11344800144433975,1.7289799451828003,19.667699813842773,0.2362000048160553,0.19002799689769745,18.13599967956543,0.032999999821186066,2.927000045776367,0.1469999998807907,-0.3720090091228485,0.47126099467277527,2.9000000953674316,0.968999981880188,767.1710205078125,0.5425300002098083,0.8854389786720276,0.6570000052452087,0.6349999904632568,0.22655199468135834,0.21896600723266602,1.0346499681472778,7.0,0.0,0.8957139849662781,0.8930730223655701,19.553300857543945,0.27070000767707825,45.1986134,-23.0511963,9.01286,26.369400024414062,2.1190700863371603e-05,0.027943100780248642,0.12679000198841095,2.9415299650281668e-05,t17_f5_c3,ZTF20abxyayj
2459194.7089815,1,1440208984015,19.84819984436035,/ztf/archive/sci/2020/1211/208819/ztf_20201211208819_000251_zg_c11_o_q1_scimrefdiffimg.fits.fz,Kulkarni,1,1.440208984015015e+18,t,11.0,1440,40,251,892.4199829101562,2302.530029296875,45.1985873,-23.051253,18.55150032043457,0.1285559982061386,2.104059934616089,18.567399978637695,0.06689999997615814,0.21267400681972504,18.625999450683594,0.020999999716877937,1.2009999752044678,0.05999999865889549,-0.03376900032162666,0.01594099961221218,6.989999771118164,0.5849999785423279,777.9669799804688,1.2808300256729126,0.679302990436554,1.7020000219345093,1.5540000200271606,0.24349099397659302,0.22231799364089966,1.0952399969100952,0.0,0.0,0.5028570294380188,1.0,18.512399673461914,0.08009999990463257,45.1986008,-23.0511944,21.3942,26.237499237060547,4.4737098505720496e-05,0.03837659955024719,-0.048370201140642166,7.743600144749507e-05,t17_f5_c3,ZTF20abxyayj
2459194.7559954,2,1440255994015,19.957399368286133,/ztf/archive/sci/2020/1211/255984/ztf_20201211255984_000251_zr_c11_o_q1_scimrefdiffimg.fits.fz,Kulkarni,1,1.440255994015015e+18,t,10.0,1440,40,251,918.322998046875,2306.68994140625,45.198611,-23.0512359,18.68429946899414,0.09347400069236755,1.459030032157898,18.58919906616211,0.07779999822378159,0.14098699390888214,18.13599967956543,0.032999999821186066,2.927000045776367,0.1469999998807907,-0.3507699966430664,-0.09514400362968445,4.329999923706055,0.9700000286102295,773.8150024414062,1.368209958076477,0.86319899559021,1.3389999866485596,1.1649999618530273,0.3092379868030548,0.26905301213264465,1.149359941482544,1.0,0.0,0.7214289903640747,1.0,18.552400588989258,0.09489999711513519,45.1986134,-23.0511963,20.8632,26.364299774169922,3.2222600566456094e-05,0.03522910177707672,0.1278509944677353,4.495160101214424e-05,t17_f5_c3,ZTF20abxyayj
2459196.7888542,2,1442288854015,19.076499938964844,/ztf/archive/sci/2020/1213/288854/ztf_20201213288854_000251_zr_c11_o_q1_scimrefdiffimg.fits.fz,Kulkarni,1,1.442288854015015e+18,t,3.0,1442,40,251,916.6589965820312,2304.219970703125,45.1985043,-23.0513074,18.866600036621094,0.18423700332641602,1.185379981994629,18.938499450683594,0.14139999449253082,0.5318440198898315,18.13599967956543,0.032999999821186066,2.927000045776367,0.1469999998807907,-0.09985999763011932,0.07195000350475311,6.119999885559082,0.5299999713897705,776.2839965820312,0.13798600435256958,1.012030005455017,1.8849999904632568,1.777999997138977,0.30800700187683105,0.2905229926109314,1.0601799488067627,1.0,0.0,0.4442859888076782,1.0,19.013200759887695,0.19290000200271606,45.1986134,-23.0511963,9.15028,26.33650016784668,8.443209662800655e-05,0.047491200268268585,0.13501699268817902,0.0001229049958055839,t17_f5_c3,ZTF20abxyayj
2459198.7102546,2,1444210254015,18.747499465942383,/ztf/archive/sci/2020/1215/210255/ztf_20201215210255_000251_zr_c11_o_q1_scimrefdiffimg.fits.fz,Kulkarni,1,1.444210254015025e+18,t,21.0,1444,40,251,898.5540161132812,2284.659912109375,45.1985894,-23.0512993,18.431400299072266,0.17930099368095398,1.0647399425506592,18.210500717163086,0.1607999950647354,0.37440499663352966,18.13599967956543,0.032999999821186066,2.927000045776367,0.1469999998807907,-2.1291399002075195,-0.2209240049123764,5.869999885559082,0.9700000286102295,795.8389892578125,0.5370410084724426,0.63298499584198,1.3899999856948853,1.2940000295639038,0.2367970049381256,0.220442995429039,1.0741900205612183,1.0,0.0,0.5699999928474426,1.0,18.270299911499023,0.21739999949932098,45.1986134,-23.0511963,9.98326,25.779399871826172,9.135469736065716e-05,0.05321260169148445,0.15120600163936615,0.00013069200213067234,t17_f5_c3,ZTF20abxyayj
2459198.7997801,1,1444299784015,19.682100296020508,/ztf/archive/sci/2020/1215/299780/ztf_20201215299780_000251_zg_c11_o_q1_scimrefdiffimg.fits.fz,Kulkarni,1,1.444299784015025e+18,t,7.0,1444,40,251,897.7570190429688,2275.25,45.19866,-23.0512161,18.649900436401367,0.10394100099802017,1.332110047340393,18.59239959716797,0.10159999877214432,0.20834000408649445,18.625999450683594,0.020999999716877937,1.2009999752044678,0.05999999865889549,-0.35954201221466064,-0.05748499929904938,4.389999866485596,0.9559999704360962,805.2540283203125,1.0896799564361572,0.8188319802284241,1.24399995803833,1.1699999570846558,0.2833710014820099,0.26651498675346375,1.063249945640564,0.0,0.0,0.8785709738731384,1.0,18.494400024414062,0.11829999834299088,45.1986008,-23.0511944,17.0547,26.221900939941406,4.747059938381426e-05,0.040557101368904114,-0.034921299666166306,7.767749775666744e-05,t17_f5_c3,ZTF20abxyayj
2459200.6712731,1,1446171274015,19.451200485229492,/ztf/archive/sci/2020/1217/171273/ztf_20201217171273_000251_zg_c11_o_q1_scimrefdiffimg.fits.fz,Kulkarni,1,1.446171274015015e+18,t,2.0,1446,40,251,908.4080200195312,2307.929931640625,45.1985619,-23.0511932,18.663299560546875,0.1073869988322258,1.2879400253295898,18.449499130249023,0.15440000593662262,0.12719500064849854,18.625999450683594,0.020999999716877937,1.2009999752044678,0.05999999865889549,0.4379059970378876,-0.21381600201129913,2.3399999141693115,0.9980000257492065,772.5679931640625,1.001729965209961,1.083590030670166,0.8389999866485596,0.7329999804496765,0.35854700207710266,0.31324800848960876,1.144610047340393,4.0,0.0,0.9528570175170898,0.9921330213546753,18.538700103759766,0.2143000066280365,45.1986008,-23.0511944,14.4291,25.65329933166504,5.357819827622734e-05,0.04330360144376755,-0.026869699358940125,8.676900324644521e-05,t17_f5_c3,ZTF20abxyayj
2459200.7342014,2,1446234204015,20.120399475097656,/ztf/archive/sci/2020/1217/234190/ztf_20201217234190_000251_zr_c11_o_q1_scimrefdiffimg.fits.fz,Kulkarni,1,1.446234204015015e+18,t,7.0,1446,40,251,926.5540161132812,2307.10009765625,45.1985957,-23.0511908,18.609100341796875,0.08436000347137451,4.306580066680908,18.65239906311035,0.1039000004529953,0.06123200058937073,18.13599967956543,0.032999999821186066,2.927000045776367,0.1469999998807907,-0.7024829983711243,0.043264999985694885,2.1600000858306885,0.9829999804496765,773.3980102539062,1.4679700136184692,1.1576299667358398,0.7170000076293945,0.6380000114440918,0.33194398880004883,0.2953700125217438,1.1238199472427368,3.0,0.0,0.949999988079071,1.0,18.674100875854492,0.13459999859333038,45.1986134,-23.0511963,17.0003,26.320100784301758,2.7781599783338606e-05,0.03276149928569794,0.12872500717639923,3.880729855154641e-05,t17_f5_c3,ZTF20abxyayj
2459202.746088,1,1448246084015,19.62190055847168,/ztf/archive/sci/2020/1219/245984/ztf_20201219245984_000251_zg_c11_o_q1_scimrefdiffimg.fits.fz,Kulkarni,1,1.448246084015015e+18,t,0.0,1448,40,251,914.8330078125,2298.169921875,45.1985941,-23.0512106,18.680299758911133,0.10589999705553055,1.2347999811172485,18.62150001525879,0.094200000166893,0.06169600039720535,18.625999450683594,0.020999999716877937,1.2009999752044678,0.05999999865889549,-0.03522299975156784,-0.05878400057554245,6.480000019073486,0.5519999861717224,782.3330078125,1.0004500150680542,0.6531069874763489,1.503999948501587,1.4550000429153442,0.2320989966392517,0.22453700006008148,1.0336799621582031,1.0,0.0,0.6171429753303528,1.0,18.63170051574707,0.12080000340938568,45.1986008,-23.0511944,16.13,26.26930046081543,6.380939885275438e-05,0.045084599405527115,-0.035189900547266006,0.00011231799726374447,t17_f5_c3,ZTF20abxyayj
2459202.7559722,2,1448255974015,19.700899124145508,/ztf/archive/sci/2020/1219/255972/ztf_20201219255972_000251_zr_c11_o_q1_scimrefdiffimg.fits.fz,Kulkarni,1,1.448255974015015e+18,t,8.0,1448,40,251,913.9249877929688,2299.02001953125,45.1986483,-23.0512223,18.598499298095703,0.13657400012016296,1.8182799816131592,18.941299438476562,0.13930000364780426,0.14701500535011292,18.13599967956543,0.032999999821186066,2.927000045776367,0.1469999998807907,-0.25213098526000977,0.34282100200653076,4.119999885559082,0.9810000061988831,781.4749755859375,0.7595580220222473,0.8626289963722229,0.9229999780654907,0.7870000004768372,0.22402900457382202,0.1910189986228943,1.1728099584579468,1.0,0.0,0.8271430134773254,1.0,18.99519920349121,0.18629999458789825,45.1986134,-23.0511963,14.6431,26.36050033569336,3.707719952217303e-05,0.03750229999423027,0.13702699542045593,5.175370097276755e-05,t17_f5_c3,ZTF20abxyayj
2459204.688831,2,1450188834015,19.675600051879883,/ztf/archive/sci/2020/1221/188831/ztf_20201221188831_000251_zr_c11_o_q1_scimrefdiffimg.fits.fz,Kulkarni,1,1.450188834015015e+18,t,6.0,1450,40,251,912.8729858398438,2299.719970703125,45.198614,-23.0511824,18.593900680541992,0.09194499999284744,1.2346500158309937,18.53569984436035,0.10409999638795853,0.04927099868655205,18.13599967956543,0.032999999821186066,2.927000045776367,0.1469999998807907,-0.2539069950580597,-0.05818900093436241,3.2899999618530273,0.9829999804496765,780.7839965820312,1.1398799419403076,1.0179599523544312,1.0509999990463257,1.0180000066757202,0.31945300102233887,0.30942198634147644,1.032420039176941,0.0,0.0,0.947143018245697,1.0,18.526100158691406,0.131400004029274,45.1986134,-23.0511963,16.8937,26.354900360107422,2.913530079240445e-05,0.0334944985806942,0.1354759931564331,4.092590097570792e-05,t17_f5_c3,ZTF20abxyayj
2459204.7310301,1,1450231034015,19.653799057006836,/ztf/archive/sci/2020/1221/231030/ztf_20201221231030_000251_zg_c11_o_q1_scimrefdiffimg.fits.fz,Kulkarni,1,1.450231034015015e+18,t,2.0,1450,40,251,909.3729858398438,2299.93994140625,45.198615,-23.0512164,18.470199584960938,0.07838600128889084,1.748289942741394,18.431499481201172,0.09719999879598618,0.09097199887037277,18.625999450683594,0.020999999716877937,1.2009999752044678,0.05999999865889549,-0.30048200488090515,-0.038686998188495636,3.6500000953674316,0.9810000061988831,780.5570068359375,1.2223399877548218,0.907692015171051,1.0829999446868896,1.0180000066757202,0.2967120110988617,0.278903990983963,1.0638500452041626,1.0,0.0,0.949999988079071,1.0,18.395999908447266,0.11980000138282776,45.1986008,-23.0511944,20.5191,26.25819969177246,3.9338399801636115e-05,0.03761430084705353,-0.014958299696445465,6.492719694506377e-05,t17_f5_c3,ZTF20abxyayj
2459206.7310301,2,1452231034015,17.20949935913086,/ztf/archive/sci/2020/1223/231030/ztf_20201223231030_000251_zr_c11_o_q1_scimrefdiffimg.fits.fz,Kulkarni,1,,,,1452,40,251,,,,,,,,,,,,,,,,,,,,,,,,,,,,,,,,,,,,24.816600799560547,0.00027121600578539073,0.046557001769542694,0.14370499551296234,0.0004535480111371726,t17_f5_c3,ZTF20abxyayj
2459210.7756829,2,1456275684015,19.202499389648438,/ztf/archive/sci/2020/1227/275683/ztf_20201227275683_000251_zr_c11_o_q1_scimrefdiffimg.fits.fz,Kulkarni,1,1.456275684015015e+18,t,5.0,1456,40,251,925.093994140625,2295.389892578125,45.1985891,-23.0512361,18.690399169921875,0.11630100011825562,1.4631400108337402,18.534000396728516,0.17890000343322754,0.16227799654006958,18.13599967956543,0.032999999821186066,2.927000045776367,0.1469999998807907,-2.0759799480438232,-0.15636399388313293,2.799999952316284,0.9819999933242798,785.1090087890625,0.6684690117835999,1.0528299808502197,0.9369999766349792,0.859000027179718,0.33464300632476807,0.3067860007286072,1.0908000469207764,3.0,0.0,0.949999988079071,1.0,18.3356990814209,0.19110000133514404,45.1986134,-23.0511963,11.0197,26.322399139404297,3.992040001321584e-05,0.039123501628637314,0.13776500523090363,5.573279850068502e-05,t17_f5_c3,ZTF20abxyayj
2459216.6904861,1,1462190484015,17.913799285888672,/ztf/archive/sci/2021/0102/190486/ztf_20210102190486_000251_zg_c11_o_q1_scimrefdiffimg.fits.fz,Kulkarni,1,1.462190484015015e+18,t,13.0,1462,40,251,932.3259887695312,2316.64990234375,45.1986547,-23.0514187,18.01609992980957,0.18010200560092926,0.9517750144004822,18.03890037536621,0.35929998755455017,0.8160719871520996,18.625999450683594,0.020999999716877937,1.2009999752044678,0.05999999865889549,0.03992599993944168,0.02283399924635887,2.6700000762939453,0.9449999928474426,763.8499755859375,-0.12509700655937195,1.1341700553894043,1.0110000371932983,0.7689999938011169,0.37865200638771057,0.2880150079727173,1.3146899938583374,5.0,0.0,0.7671430110931396,0.9940969944000244,18.439599990844727,0.6675000190734863,45.1986008,-23.0511944,7.16918,25.138099670410156,0.0008419699734076858,0.08550009876489639,-0.026764800772070885,0.0023251099046319723,t17_f5_c3,ZTF20abxyayj
2459216.7108102,2,1462210814015,19.593799591064453,/ztf/archive/sci/2021/0102/210799/ztf_20210102210799_000251_zr_c11_o_q1_scimrefdiffimg.fits.fz,Kulkarni,1,1.462210814015015e+18,t,7.0,1462,40,251,926.052001953125,2313.969970703125,45.1986168,-23.051191,18.584999084472656,0.08887899667024612,1.581760048866272,18.625699996948242,0.15690000355243683,0.021839000284671783,18.13599967956543,0.032999999821186066,2.927000045776367,0.1469999998807907,1.4829000234603882,0.040738001465797424,2.5799999237060547,0.9829999804496765,766.5280151367188,0.9681119918823242,0.995261013507843,0.7760000228881836,0.7059999704360962,0.3007749915122986,0.27364298701286316,1.0991499423980713,2.0,0.0,0.9414290189743042,1.0,18.734600067138672,0.22190000116825104,45.1986134,-23.0511963,13.8758,26.263999938964844,3.9999900764087215e-05,0.0393436998128891,0.13904699683189392,5.5824799346737564e-05,t17_f5_c3,ZTF20abxyayj
2459218.6696875,2,1464169684015,19.79010009765625,/ztf/archive/sci/2021/0104/169676/ztf_20210104169676_000251_zr_c11_o_q1_scimrefdiffimg.fits.fz,Kulkarni,1,1.464169684015015e+18,t,7.0,1464,40,251,927.3870239257812,2319.610107421875,45.1985849,-23.0512216,18.5669002532959,0.10242100059986115,1.9808900356292725,18.626800537109375,0.09570000320672989,0.12933099269866943,18.13599967956543,0.032999999821186066,2.927000045776367,0.1469999998807907,-0.06072299927473068,0.05994800105690956,3.5199999809265137,0.9819999933242798,760.8880004882812,1.1633100509643555,1.0247000455856323,1.1299999952316284,1.097000002861023,0.32102298736572266,0.31164801120758057,1.030079960823059,2.0,0.0,0.8857139945030212,1.0,18.56760025024414,0.11500000208616257,45.1986134,-23.0511963,18.4591,26.341899871826172,2.553060039645061e-05,0.031392499804496765,0.12668000161647797,3.570139961084351e-05,t17_f5_c3,ZTF20abxyayj
2459218.6902778,1,1464190274015,20.056400299072266,/ztf/archive/sci/2021/0104/190278/ztf_20210104190278_000251_zg_c11_o_q1_scimrefdiffimg.fits.fz,Kulkarni,1,,,,1464,40,251,,,,,,,,,,,,,,,,,,,,,,,,,,,,,,,,,,,,26.286699295043945,3.552919952198863e-05,0.036731600761413574,-0.05396590009331703,5.411800157162361e-05,t17_f5_c3,ZTF20abxyayj
2459187.7904398,2,1433290434015,19.377199172973633,/ztf/archive/sci/2020/1204/290440/ztf_20201204290440_000251_zr_c11_o_q1_scimrefdiffimg.fits.fz,Kulkarni,1,1.433290434015015e+18,t,8.0,1433,40,251,917.760009765625,2305.719970703125,45.198692,-23.0511475,18.882099151611328,0.1302410066127777,1.2270400524139404,18.854400634765625,0.17010000348091125,0.31002599000930786,18.13599967956543,0.032999999821186066,2.927000045776367,0.1469999998807907,-0.5299080014228821,-0.02770400047302246,3.6500000953674316,0.9779999852180481,774.7780151367188,0.522832989692688,0.9785640239715576,1.1399999856948853,1.0449999570846558,0.3123289942741394,0.28630098700523376,1.0909099578857422,1.0,0.0,0.8714290261268616,1.0,18.905099868774414,0.22779999673366547,45.1986134,-23.0511963,11.1155,26.3710994720459,3.7396199331851676e-05,0.03762270137667656,0.132764995098114,5.257809971226379e-05,t17_f5_c3,ZTF20abxyayj
2459187.8421528,1,1433342154015,18.853599548339844,/ztf/archive/sci/2020/1204/342141/ztf_20201204342141_000251_zg_c11_o_q1_scimrefdiffimg.fits.fz,Kulkarni,1,1.433342154015015e+18,t,2.0,1433,40,251,908.156005859375,2295.7099609375,45.1987382,-23.0511167,18.861600875854492,0.18192200362682343,1.054900050163269,18.535400390625,0.17389999330043793,0.5273839831352234,18.625999450683594,0.020999999716877937,1.2009999752044678,0.05999999865889549,-0.14205500483512878,-0.3261620104312897,4.960000038146973,0.796999990940094,784.7919921875,0.318246990442276,0.8432660102844238,2.0959999561309814,1.4709999561309814,0.4225809872150421,0.2965730130672455,1.424880027770996,7.0,0.0,0.23999999463558197,0.9418560266494751,18.48859977722168,0.21359999477863312,45.1986008,-23.0511944,7.27533,26.197599411010742,0.00010105899855261669,0.04248129948973656,-0.039192501455545425,0.0002268230018671602,t17_f5_c3,ZTF20abxyayj
2459189.8080324,1,1435308034015,19.6382999420166,/ztf/archive/sci/2020/1206/308032/ztf_20201206308032_000251_zg_c11_o_q1_scimrefdiffimg.fits.fz,Kulkarni,1,1.435308034015015e+18,t,4.0,1435,40,251,908.8770141601562,2281.110107421875,45.1986599,-23.0511747,18.53510093688965,0.08258700370788574,1.158310055732727,18.487499237060547,0.11919999867677689,0.20552900433540344,18.625999450683594,0.020999999716877937,1.2009999752044678,0.05999999865889549,-0.21439099311828613,-0.04763999953866005,2.740000009536743,0.9829999804496765,799.385009765625,1.1508100032806396,1.0449399948120117,0.8539999723434448,0.7710000276565552,0.31167900562286377,0.28138700127601624,1.1076500415802002,0.0,0.0,0.9557139873504639,1.0,18.446800231933594,0.14669999480247498,45.1986008,-23.0511944,16.8518,26.26110076904297,4.3294799979776144e-05,0.03975579887628555,-0.04918630048632622,6.842910079285502e-05,t17_f5_c3,ZTF20abxyayj
2459216.6904861,1,1462190484015,17.913799285888672,/ztf/archive/sci/2021/0102/190486/ztf_20210102190486_000251_zg_c11_o_q1_scimrefdiffimg.fits.fz,Kulkarni,1,1.462190484015015e+18,1,13.0,1462,40,251,932.3259887695312,2316.64990234375,45.1986547,-23.0514187,18.01609992980957,0.18010200560092926,0.9517750144004822,18.03890037536621,0.35929998755455017,0.8160719871520996,18.625999450683594,0.020999999716877937,1.2009999752044678,0.05999999865889549,0.03992599993944168,0.02283399924635887,2.6700000762939453,0.9449999928474426,763.8499755859375,-0.12509700655937195,1.1341700553894043,1.0110000371932983,0.7689999938011169,0.37865200638771057,0.2880150079727173,1.3146899938583374,5.0,0.0,0.7671430110931396,0.9940969944000244,18.439599990844727,0.6675000190734863,45.1986008,-23.0511944,7.16918,25.138099670410156,0.0008419699734076858,0.08550009876489639,-0.026764800772070885,0.0023251099046319723,t17_f5_c3,ZTF20abxyayj
2459170.7712153,2,1416271214015,20.194799423217773,/ztf/archive/sci/2020/1117/271215/ztf_20201117271215_000251_zr_c11_o_q1_scimrefdiffimg.fits.fz,Kulkarni,1,1.416271214015015e+18,t,5.0,1416,40,251,924.6820068359375,2268.0,45.198608,-23.0512157,18.83060073852539,0.09829699993133545,1.6987899541854858,18.772600173950195,0.10520000010728836,0.07938200235366821,18.13599967956543,0.032999999821186066,2.927000045776367,0.1469999998807907,-0.49801498651504517,-0.05800100043416023,1.9800000190734863,0.9829999804496765,812.5,1.4222099781036377,1.3055200576782227,0.7170000076293945,0.656000018119812,0.36212098598480225,0.33131301403045654,1.0929900407791138,2.0,0.0,0.9642860293388367,0.9847800135612488,18.721399307250977,0.12729999423027039,45.1986134,-23.0511963,17.9877,26.362600326538086,1.760160012054257e-05,0.026048600673675537,0.12273299694061279,2.4462500732624903e-05,t17_f5_c3,ZTF20abxyayj
2459171.8071759,1,1417307174015,20.2189998626709,/ztf/archive/sci/2020/1118/307176/ztf_20201118307176_000251_zg_c11_o_q1_scimrefdiffimg.fits.fz,Kulkarni,1,1.417307174015015e+18,t,7.0,1417,40,251,930.97900390625,2273.830078125,45.1985876,-23.0511853,18.631799697875977,0.0735199972987175,1.359320044517517,18.50779914855957,0.07569999992847443,0.054092999547719955,18.625999450683594,0.020999999716877937,1.2009999752044678,0.05999999865889549,-0.26235198974609375,-0.12396900355815887,2.5399999618530273,0.9829999804496765,806.6740112304688,1.7112300395965576,1.091040015220642,0.8899999856948853,0.7860000133514404,0.35039401054382324,0.3094489872455597,1.1323200464248657,0.0,0.0,0.9685710072517395,1.0,18.544300079345703,0.09889999777078629,45.1986008,-23.0511944,23.7311,26.278799057006836,2.4201999622164294e-05,0.030589599162340164,-0.039220698177814484,3.5385201044846326e-05,t17_f5_c3,ZTF20abxyayj
2459171.8233796,2,1417323374015,20.029600143432617,/ztf/archive/sci/2020/1118/323380/ztf_20201118323380_000251_zr_c11_o_q1_scimrefdiffimg.fits.fz,Kulkarni,1,1.417323374015015e+18,t,10.0,1417,40,251,923.7260131835938,2278.239990234375,45.1985857,-23.0512136,18.813100814819336,0.09621100127696991,1.9356199502944946,19.041000366210938,0.15489999949932098,0.10938400030136108,18.13599967956543,0.032999999821186066,2.927000045776367,0.1469999998807907,0.5874450206756592,0.2278829962015152,2.3499999046325684,0.9819999933242798,802.2620239257812,0.9885820150375366,1.1051599979400635,0.703000009059906,0.671999990940094,0.2991490066051483,0.285957008600235,1.0461299419403076,6.0,0.0,0.9628570079803467,0.9821209907531738,18.963600158691406,0.1834000051021576,45.1986134,-23.0511963,16.5044,26.263099670410156,2.128810046997387e-05,0.028301900252699852,0.13714799284934998,2.9423299565678462e-05,t17_f5_c3,ZTF20abxyayj
2459174.8175463,1,1420317544015,18.65060043334961,/ztf/archive/sci/2020/1121/317407/ztf_20201121317407_000251_zg_c11_o_q1_scimrefdiffimg.fits.fz,Kulkarni,1,,,,1420,40,251,,,,,,,,,,,,,,,,,,,,,,,,,,,,,,,,,,,,24.777999877929688,0.00016551600128877908,0.05896870046854019,-0.04786999896168709,0.000343724008416757,t17_f5_c3,ZTF20abxyayj
2459176.7593519,1,1422259354015,19.548200607299805,/ztf/archive/sci/2020/1123/259352/ztf_20201123259352_000251_zg_c11_o_q1_scimrefdiffimg.fits.fz,Kulkarni,1,1.422259354015015e+18,t,4.0,1422,40,251,934.4819946289062,2272.1201171875,45.198657,-23.0512237,18.697599411010742,0.09015599638223648,1.1503599882125854,18.524099349975586,0.13259999454021454,0.21135300397872925,18.625999450683594,0.020999999716877937,1.2009999752044678,0.05999999865889549,-0.39244699478149414,-0.17353500425815582,2.809999942779541,0.9819999933242798,808.3790283203125,1.024090051651001,1.026729941368103,0.9179999828338623,0.8820000290870667,0.3266899883747101,0.31387901306152344,1.0408200025558472,2.0,0.0,0.9657139778137207,0.9902240037918091,18.34630012512207,0.14409999549388885,45.1986008,-23.0511944,15.6591,26.13159942626953,4.205519871902652e-05,0.03859980031847954,-0.04597330093383789,6.706950080115348e-05,t17_f5_c3,ZTF20abxyayj
2459176.7929977,2,1422292994015,19.81719970703125,/ztf/archive/sci/2020/1123/292986/ztf_20201123292986_000251_zr_c11_o_q1_scimrefdiffimg.fits.fz,Kulkarni,1,1.422292994015015e+18,t,5.0,1422,40,251,913.8350219726562,2278.550048828125,45.1986048,-23.0512233,18.726499557495117,0.08892499655485153,1.8465900421142578,18.65220069885254,0.11949999630451202,0.09987200051546097,18.13599967956543,0.032999999821186066,2.927000045776367,0.1469999998807907,-0.6134510040283203,-0.07429700344800949,3.4700000286102295,0.9810000061988831,801.9509887695312,1.1649800539016724,0.8187329769134521,0.8920000195503235,0.8600000143051147,0.2570610046386719,0.24783900380134583,1.0372099876403809,2.0,0.0,0.947143018245697,1.0,18.766300201416016,0.16920000314712524,45.1986134,-23.0511963,17.1755,26.359500885009766,2.452000080666039e-05,0.030346300452947617,0.13102300465106964,3.423129965085536e-05,t17_f5_c3,ZTF20abxyayj
2459178.7961343,2,1424296134015,19.639799118041992,/ztf/archive/sci/2020/1125/295718/ztf_20201125295718_000251_zr_c11_o_q1_scimrefdiffimg.fits.fz,Kulkarni,1,1.424296134015015e+18,t,8.0,1424,40,251,903.8809814453125,2333.219970703125,45.198574,-23.0512147,18.92639923095703,0.11557400226593018,1.0212299823760986,18.760000228881836,0.15790000557899475,0.14460299909114838,18.13599967956543,0.032999999821186066,2.927000045776367,0.1469999998807907,-0.33577099442481995,-0.16637800633907318,3.0,0.984000027179718,747.2839965820312,0.8798279762268066,0.9245039820671082,0.9039999842643738,0.8450000286102295,0.3013330101966858,0.28166699409484863,1.0698200464248657,2.0,0.0,0.9414290189743042,1.0,18.740999221801758,0.19830000400543213,45.1986134,-23.0511963,12.0007,26.377399444580078,2.6958499802276492e-05,0.03180890157818794,0.12195300310850143,3.764560096897185e-05,t17_f5_c3,ZTF20abxyayj
2459180.7690278,2,1426269024015,18.395000457763672,/ztf/archive/sci/2020/1127/268866/ztf_20201127268866_000251_zr_c11_o_q1_scimrefdiffimg.fits.fz,Kulkarni,1,,,,1426,40,251,,,,,,,,,,,,,,,,,,,,,,,,,,,,,,,,,,,,26.344900131225586,0.00015840200649108738,0.04894530028104782,0.15751299262046814,0.00023000099463388324,t17_f5_c3,ZTF20abxyayj
2459182.7296759,1,1428229674015,18.910600662231445,/ztf/archive/sci/2020/1129/229676/ztf_20201129229676_000251_zg_c11_o_q1_scimrefdiffimg.fits.fz,Kulkarni,1,1.428229674015015e+18,t,6.0,1428,40,251,900.4219970703125,2303.909912109375,45.1985674,-23.0511538,18.57270050048828,0.11132200062274933,1.3025699853897095,18.44059944152832,0.21729999780654907,0.1810240000486374,18.625999450683594,0.020999999716877937,1.2009999752044678,0.05999999865889549,-0.49580100178718567,-0.13207900524139404,2.799999952316284,0.9810000061988831,776.5889892578125,0.46999800205230713,1.0358599424362183,0.9760000109672546,0.8500000238418579,0.3485710024833679,0.3035709857940674,1.148229956626892,3.0,0.0,0.9399999976158142,0.9982669949531555,18.43239974975586,0.2768000066280365,45.1986008,-23.0511944,10.5735,26.287700653076172,7.420260226354003e-05,0.04287390038371086,-0.03572880104184151,0.00013984400720801204,t17_f5_c3,ZTF20abxyayj
2459184.7433102,1,1430243314015,18.971399307250977,/ztf/archive/sci/2020/1201/243310/ztf_20201201243310_000251_zg_c11_o_q1_scimrefdiffimg.fits.fz,Kulkarni,1,1.430243314015015e+18,t,5.0,1430,40,251,912.7509765625,2298.110107421875,45.1986022,-23.051209,18.559099197387695,0.12085799872875214,1.0082299709320068,18.57900047302246,0.22869999706745148,0.052028998732566833,18.625999450683594,0.020999999716877937,1.2009999752044678,0.05999999865889549,0.7512590289115906,0.019869999960064888,2.6700000762939453,0.9829999804496765,782.3870239257812,0.3923510015010834,1.1088900566101074,0.8840000033378601,0.8100000023841858,0.33108600974082947,0.30337101221084595,1.0913599729537964,3.0,0.0,0.9371430277824402,1.0,18.528400421142578,0.28029999136924744,45.1986008,-23.0511944,11.4827,26.296100616455078,8.5015497461427e-05,0.04781169816851616,-0.02887989953160286,0.00015924200124572963,t17_f5_c3,ZTF20abxyayj
2459184.8467708,2,1430346774015,19.08609962463379,/ztf/archive/sci/2020/1201/346771/ztf_20201201346771_000251_zr_c11_o_q1_scimrefdiffimg.fits.fz,Kulkarni,1,1.4303467740150152e+18,t,288.0,1430,40,251,917.7540283203125,2286.989990234375,45.1986131,-23.0512609,18.797800064086914,0.13527899980545044,1.36381995677948,19.354999542236328,0.48429998755455017,0.23082700371742249,18.13599967956543,0.032999999821186066,2.927000045776367,0.1469999998807907,-1.3233200311660767,0.5572469830513,1.9900000095367432,0.9779999852180481,793.5079956054688,-0.26885899901390076,1.2903399467468262,0.6800000071525574,0.6119999885559082,0.3417089879512787,0.3075380027294159,1.111109972000122,6.0,0.0,0.6242859959602356,0.9467949867248535,19.017000198364258,0.4555000066757202,45.1986134,-23.0511963,10.3127,26.359800338745117,4.470870044315234e-05,0.04107870161533356,0.1315470039844513,6.20991995674558e-05,t17_f5_c3,ZTF20abxyayj
2459185.7531019,2,1431253104015,19.474000930786133,/ztf/archive/sci/2020/1202/253102/ztf_20201202253102_000251_zr_c11_o_q1_scimrefdiffimg.fits.fz,Kulkarni,1,1.431253104015015e+18,t,3.0,1431,40,251,921.3300170898438,2297.47998046875,45.1986366,-23.0511969,18.834800720214844,0.13223500549793243,1.667639970779419,18.790700912475586,0.18619999289512634,0.07600799947977066,18.13599967956543,0.032999999821186066,2.927000045776367,0.1469999998807907,0.35697999596595764,-0.04413200169801712,2.319999933242798,1.0,783.02099609375,0.6833140254020691,1.2081700563430786,0.8949999809265137,0.8019999861717224,0.38577601313591003,0.3456900119781494,1.1159600019454956,2.0,0.0,0.9542859792709351,1.0,18.647499084472656,0.20890000462532043,45.1986134,-23.0511963,12.4098,26.369800567626953,2.8277900128159672e-05,0.03303910046815872,0.12401700019836426,3.951949838665314e-05,t17_f5_c3,ZTF20abxyayj
2459185.8055903,1,1431305594015,19.08919906616211,/ztf/archive/sci/2020/1202/305590/ztf_20201202305590_000251_zg_c11_o_q1_scimrefdiffimg.fits.fz,Kulkarni,1,1.431305594015015e+18,t,5.0,1431,40,251,916.2410278320312,2292.830078125,45.1985624,-23.0512268,18.680200576782227,0.11648000031709671,0.903249979019165,18.454500198364258,0.18279999494552612,0.17060700058937073,18.625999450683594,0.020999999716877937,1.2009999752044678,0.05999999865889549,-0.2573710083961487,-0.2257470041513443,2.9600000381469727,0.9819999933242798,787.6719970703125,0.6346719861030579,1.003849983215332,1.0119999647140503,0.9330000281333923,0.3418920040130615,0.3152030110359192,1.0846699476242065,2.0,0.0,0.945713996887207,0.9920340180397034,18.402700424194336,0.22339999675750732,45.1986008,-23.0511944,11.1782,26.256200790405273,6.560269684996456e-05,0.04418880119919777,-0.03494570031762123,0.00012163400242570788,t17_f5_c3,ZTF20abxyayj
2459198.7102546,2,1444210254015,18.747499465942383,/ztf/archive/sci/2020/1215/210255/ztf_20201215210255_000251_zr_c11_o_q1_scimrefdiffimg.fits.fz,Kulkarni,1,1.444210254015015e+18,t,21.0,1444,40,251,898.5540161132812,2284.659912109375,45.1985894,-23.0512993,18.431400299072266,0.17930099368095398,1.0647399425506592,18.210500717163086,0.1607999950647354,0.37440499663352966,18.13599967956543,0.032999999821186066,2.927000045776367,0.1469999998807907,-2.1291399002075195,-0.2209240049123764,5.869999885559082,0.9700000286102295,795.8389892578125,0.5370410084724426,0.63298499584198,1.3899999856948853,1.2940000295639038,0.2367970049381256,0.220442995429039,1.0741900205612183,1.0,0.0,0.5699999928474426,1.0,18.270299911499023,0.21739999949932098,45.1986134,-23.0511963,9.98326,25.779399871826172,9.135469736065716e-05,0.05321260169148445,0.15120600163936615,0.00013069200213067234,t17_f5_c3,ZTF20abxyayj
2459198.7997801,1,1444299784015,19.682100296020508,/ztf/archive/sci/2020/1215/299780/ztf_20201215299780_000251_zg_c11_o_q1_scimrefdiffimg.fits.fz,Kulkarni,1,1.444299784015015e+18,t,7.0,1444,40,251,897.7570190429688,2275.25,45.19866,-23.0512161,18.649900436401367,0.10394100099802017,1.332110047340393,18.59239959716797,0.10159999877214432,0.20834000408649445,18.625999450683594,0.020999999716877937,1.2009999752044678,0.05999999865889549,-0.35954201221466064,-0.05748499929904938,4.389999866485596,0.9559999704360962,805.2540283203125,1.0896799564361572,0.8188319802284241,1.24399995803833,1.1699999570846558,0.2833710014820099,0.26651498675346375,1.063249945640564,0.0,0.0,0.8785709738731384,1.0,18.494400024414062,0.11829999834299088,45.1986008,-23.0511944,17.0547,26.221900939941406,4.747059938381426e-05,0.040557101368904114,-0.034921299666166306,7.767749775666744e-05,t17_f5_c3,ZTF20abxyayj
2459200.6712731,1,1446171274015,19.451200485229492,/ztf/archive/sci/2020/1217/171273/ztf_20201217171273_000251_zg_c11_o_q1_scimrefdiffimg.fits.fz,Kulkarni,1,1.446171274015015e+18,1,2.0,1446,40,251,908.4080200195312,2307.929931640625,45.1985619,-23.0511932,18.663299560546875,0.1073869988322258,1.2879400253295898,18.449499130249023,0.15440000593662262,0.12719500064849854,18.625999450683594,0.020999999716877937,1.2009999752044678,0.05999999865889549,0.4379059970378876,-0.21381600201129913,2.3399999141693115,0.9980000257492065,772.5679931640625,1.001729965209961,1.083590030670166,0.8389999866485596,0.7329999804496765,0.35854700207710266,0.31324800848960876,1.144610047340393,4.0,0.0,0.9528570175170898,0.9921330213546753,18.538700103759766,0.2143000066280365,45.1986008,-23.0511944,14.4291,25.65329933166504,5.357819827622734e-05,0.04330360144376755,-0.026869699358940125,8.676900324644521e-05,t17_f5_c3,ZTF20abxyayj
2459168.7712847,1,1414271284015,20.27199935913086,/ztf/archive/sci/2020/1115/271285/ztf_20201115271285_000251_zg_c11_o_q1_scimrefdiffimg.fits.fz,Kulkarni,1,1.414271284015015e+18,t,4.0,1414,40,251,920.5239868164062,2294.360107421875,45.1985843,-23.0512136,18.669200897216797,0.08309800177812576,4.51338005065918,18.703100204467773,0.0877000018954277,0.08705800026655197,18.625999450683594,0.020999999716877937,1.2009999752044678,0.05999999865889549,0.21682000160217285,0.03393299877643585,2.509999990463257,0.9909999966621399,786.1439819335938,1.5688600540161133,1.0848400592803955,0.7879999876022339,0.7580000162124634,0.313944011926651,0.3019919991493225,1.03957998752594,2.0,0.0,0.9614289999008179,1.0,18.635099411010742,0.10429999977350235,45.1986008,-23.0511944,26.0063,26.29319953918457,3.000330070790369e-05,0.03418780118227005,-0.059787798672914505,4.262729999027215e-05,t17_f5_c3,ZTF20abxyayj
2459168.7934722,2,1414293474015,20.076900482177734,/ztf/archive/sci/2020/1115/293472/ztf_20201115293472_000251_zr_c11_o_q1_scimrefdiffimg.fits.fz,Kulkarni,1,1.414293474015015e+18,t,8.0,1414,40,251,910.2529907226562,2297.760009765625,45.1985834,-23.0512277,18.799100875854492,0.07508499920368195,2.1456799507141113,18.867399215698242,0.12070000171661377,0.1485150009393692,18.13599967956543,0.032999999821186066,2.927000045776367,0.1469999998807907,-0.282817006111145,0.06827100366353989,2.680000066757202,1.0,782.7410278320312,1.2094899415969849,1.016890048980713,0.7599999904632568,0.7260000109672546,0.28358200192451477,0.27089598774909973,1.0468300580978394,1.0,0.0,0.9642860293388367,1.0,18.839599609375,0.14949999749660492,45.1986134,-23.0511963,17.3112,26.383100509643555,2.0512399714789353e-05,0.027994800359010696,0.12529000639915466,2.8871199901914224e-05,t17_f5_c3,ZTF20abxyayj
2459169.7722338,2,1415272234015,19.967100143432617,/ztf/archive/sci/2020/1116/272234/ztf_20201116272234_000251_zr_c11_o_q1_scimrefdiffimg.fits.fz,Kulkarni,1,1.415272234015015e+18,t,10.0,1415,40,251,918.0360107421875,2282.260009765625,45.1985909,-23.0511939,18.750699996948242,0.09178300201892853,1.0747699737548828,18.75160026550293,0.1071000024676323,0.07400000095367432,18.13599967956543,0.032999999821186066,2.927000045776367,0.1469999998807907,0.21999900043010712,0.0008629999938420951,2.869999885559082,0.9829999804496765,798.2379760742188,1.2154699563980103,1.0681300163269043,0.9430000185966492,0.8920000195503235,0.32857099175453186,0.3108009994029999,1.0571800470352173,1.0,0.0,0.9585710167884827,1.0,18.8031005859375,0.14249999821186066,45.1986134,-23.0511963,15.3253,26.367700576782227,2.272040001116693e-05,0.02937999926507473,0.13696399331092834,3.1720799597678706e-05,t17_f5_c3,ZTF20abxyayj
2459169.8337037,1,1415333704015,19.89259910583496,/ztf/archive/sci/2020/1116/333704/ztf_20201116333704_000251_zg_c11_o_q1_scimrefdiffimg.fits.fz,Kulkarni,1,1.415333704015015e+18,t,4.0,1415,40,251,921.0919799804688,2277.889892578125,45.1986687,-23.0511787,18.683900833129883,0.08416999876499176,0.9837239980697632,18.748899459838867,0.09960000216960907,0.2271759957075119,18.625999450683594,0.020999999716877937,1.2009999752044678,0.05999999865889549,-0.10701599717140198,0.0649930015206337,4.179999828338623,0.9649999737739563,802.6069946289062,1.1436799764633179,0.8404120206832886,1.1130000352859497,1.027999997138977,0.2662679851055145,0.24593299627304077,1.0826799869537354,0.0,0.0,0.9285709857940674,1.0,18.798500061035156,0.13230000436306,45.1986008,-23.0511944,19.1366,26.285900115966797,4.1955798224080354e-05,0.03919219970703125,-0.034735798835754395,6.661019870080054e-05,t17_f5_c3,ZTF20abxyayj
2459166.7935185,2,1412293514015,20.16469955444336,/ztf/archive/sci/2020/1113/293518/ztf_20201113293518_000251_zr_c11_o_q1_scimrefdiffimg.fits.fz,Kulkarni,1,1.412293514015015e+18,t,5.0,1412,40,251,907.218017578125,2313.0400390625,45.1985668,-23.0511479,18.796899795532227,0.0889120027422905,1.4170199632644653,18.73509979248047,0.10090000182390213,0.22974200546741486,18.13599967956543,0.032999999821186066,2.927000045776367,0.1469999998807907,-0.5686129927635193,-0.06176599860191345,2.200000047683716,0.9810000061988831,767.4600219726562,1.4295899868011475,1.2207200527191162,0.7670000195503235,0.7229999899864197,0.3486360013484955,0.3286359906196594,1.06086003780365,0.0,0.0,0.9642860293388367,1.0,18.65060043334961,0.11829999834299088,45.1986134,-23.0511963,12.1879,26.337900161743164,2.4329299776582047e-05,0.030716700479388237,0.13484099507331848,3.4461099858162925e-05,t17_f5_c3,ZTF20abxyayj
2459166.8824537,1,1412382454015,19.98740005493164,/ztf/archive/sci/2020/1113/382454/ztf_20201113382454_000251_zg_c11_o_q1_scimrefdiffimg.fits.fz,Kulkarni,1,1.412382454015015e+18,t,8.0,1412,40,251,920.0139770507812,2294.7099609375,45.1986251,-23.0511822,18.739299774169922,0.08387599885463715,1.7446199655532837,18.682100296020508,0.10260000079870224,0.09057799726724625,18.625999450683594,0.020999999716877937,1.2009999752044678,0.05999999865889549,-0.3586199879646301,-0.05722999945282936,2.299999952316284,0.9829999804496765,785.791015625,1.3052899837493896,1.2732900381088257,0.8640000224113464,0.781000018119812,0.3756519854068756,0.3395650088787079,1.1062699556350708,2.0,0.0,0.9700000286102295,1.0,18.595800399780273,0.12060000002384186,45.1986008,-23.0511944,19.3661,26.207300186157227,3.280609962530434e-05,0.03522130101919174,-0.050311699509620667,4.913959855912253e-05,t17_f5_c3,ZTF20abxyayj
2459198.7102546,2,1444210254015,18.747499465942383,/ztf/archive/sci/2020/1215/210255/ztf_20201215210255_000251_zr_c11_o_q1_scimrefdiffimg.fits.fz,Kulkarni,1,1.444210254015015e+18,1,21.0,1444,40,251,898.5540161132812,2284.659912109375,45.1985894,-23.0512993,18.431400299072266,0.17930099368095398,1.0647399425506592,18.210500717163086,0.1607999950647354,0.37440499663352966,18.13599967956543,0.032999999821186066,2.927000045776367,0.1469999998807907,-2.1291399002075195,-0.2209240049123764,5.869999885559082,0.9700000286102295,795.8389892578125,0.5370410084724426,0.63298499584198,1.3899999856948853,1.2940000295639038,0.2367970049381256,0.220442995429039,1.0741900205612183,1.0,0.0,0.5699999928474426,1.0,18.270299911499023,0.21739999949932098,45.1986134,-23.0511963,9.98326,25.779399871826172,9.135469736065716e-05,0.05321260169148445,0.15120600163936615,0.00013069200213067234,t17_f5_c3,ZTF20abxyayj
2459165.8115162,1,1411311514015,20.31730079650879,/ztf/archive/sci/2020/1112/311505/ztf_20201112311505_000251_zg_c11_o_q1_scimrefdiffimg.fits.fz,Kulkarni,1,1.411311514015015e+18,t,3.0,1411,40,251,914.239990234375,2290.989990234375,45.198588,-23.0511388,18.690500259399414,0.06622699648141861,1.5777599811553955,18.65850067138672,0.07980000227689743,0.1956920027732849,18.625999450683594,0.020999999716877937,1.2009999752044678,0.05999999865889549,-0.43248099088668823,-0.03200799971818924,2.7100000381469727,0.9829999804496765,789.510986328125,1.6587799787521362,1.0209100246429443,0.828000009059906,0.7870000004768372,0.3055349886417389,0.2904059886932373,1.0520999431610107,1.0,0.0,0.9628570079803467,1.0,18.709400177001953,0.10559999942779541,45.1986008,-23.0511944,21.9851,26.305500030517578,2.9506600185413845e-05,0.03379030153155327,-0.06364160031080246,4.218050162307918e-05,t17_f5_c3,ZTF20abxyayj
2459165.8337847,2,1411333784015,20.293399810791016,/ztf/archive/sci/2020/1112/333785/ztf_20201112333785_000251_zr_c11_o_q1_scimrefdiffimg.fits.fz,Kulkarni,1,1.411333784015015e+18,t,10.0,1411,40,251,914.3140258789062,2290.2099609375,45.1986086,-23.0512034,18.740299224853516,0.08217000216245651,3.109869956970215,18.70509910583496,0.09109999984502792,0.025414999574422836,18.13599967956543,0.032999999821186066,2.927000045776367,0.1469999998807907,-0.3241260051727295,-0.03524500131607056,2.3299999237060547,0.9829999804496765,790.2860107421875,1.5882600545883179,1.1104600429534912,0.7070000171661377,0.6990000009536743,0.30343300104141235,0.30000001192092896,1.0114500522613525,1.0,0.0,0.9599999785423279,1.0,18.621299743652344,0.10660000145435333,45.1986134,-23.0511963,17.5692,26.365299224853516,2.008139927056618e-05,0.027867600321769714,0.13083100318908691,2.8130300051998347e-05,t17_f5_c3,ZTF20abxyayj
2459194.7089815,1,1440208984015,19.84819984436035,/ztf/archive/sci/2020/1211/208819/ztf_20201211208819_000251_zg_c11_o_q1_scimrefdiffimg.fits.fz,Kulkarni,1,1.440208984015015e+18,1,11.0,1440,40,251,892.4199829101562,2302.530029296875,45.1985873,-23.051253,18.55150032043457,0.1285559982061386,2.104059934616089,18.567399978637695,0.06689999997615814,0.21267400681972504,18.625999450683594,0.020999999716877937,1.2009999752044678,0.05999999865889549,-0.03376900032162666,0.01594099961221218,6.989999771118164,0.5849999785423279,777.9669799804688,1.2808300256729126,0.679302990436554,1.7020000219345093,1.5540000200271606,0.24349099397659302,0.22231799364089966,1.0952399969100952,0.0,0.0,0.5028570294380188,1.0,18.512399673461914,0.08009999990463257,45.1986008,-23.0511944,21.3942,26.237499237060547,4.4737098505720496e-05,0.03837659955024719,-0.048370201140642166,7.743600144749507e-05,t17_f5_c3,ZTF20abxyayj
2459204.688831,2,1450188834015,19.675600051879883,/ztf/archive/sci/2020/1221/188831/ztf_20201221188831_000251_zr_c11_o_q1_scimrefdiffimg.fits.fz,Kulkarni,1,1.450188834015015e+18,1,6.0,1450,40,251,912.8729858398438,2299.719970703125,45.198614,-23.0511824,18.593900680541992,0.09194499999284744,1.2346500158309937,18.53569984436035,0.10409999638795853,0.04927099868655205,18.13599967956543,0.032999999821186066,2.927000045776367,0.1469999998807907,-0.2539069950580597,-0.05818900093436241,3.2899999618530273,0.9829999804496765,780.7839965820312,1.1398799419403076,1.0179599523544312,1.0509999990463257,1.0180000066757202,0.31945300102233887,0.30942198634147644,1.032420039176941,0.0,0.0,0.947143018245697,1.0,18.526100158691406,0.131400004029274,45.1986134,-23.0511963,16.8937,26.354900360107422,2.913530079240445e-05,0.0334944985806942,0.1354759931564331,4.092590097570792e-05,t17_f5_c3,ZTF20abxyayj
2459202.746088,1,1448246084015,19.62190055847168,/ztf/archive/sci/2020/1219/245984/ztf_20201219245984_000251_zg_c11_o_q1_scimrefdiffimg.fits.fz,Kulkarni,1,1.448246084015015e+18,1,0.0,1448,40,251,914.8330078125,2298.169921875,45.1985941,-23.0512106,18.680299758911133,0.10589999705553055,1.2347999811172485,18.62150001525879,0.094200000166893,0.06169600039720535,18.625999450683594,0.020999999716877937,1.2009999752044678,0.05999999865889549,-0.03522299975156784,-0.05878400057554245,6.480000019073486,0.5519999861717224,782.3330078125,1.0004500150680542,0.6531069874763489,1.503999948501587,1.4550000429153442,0.2320989966392517,0.22453700006008148,1.0336799621582031,1.0,0.0,0.6171429753303528,1.0,18.63170051574707,0.12080000340938568,45.1986008,-23.0511944,16.13,26.26930046081543,6.380939885275438e-05,0.045084599405527115,-0.035189900547266006,0.00011231799726374447,t17_f5_c3,ZTF20abxyayj
2459220.6469444,1,1466146944015,20.17639923095703,/ztf/archive/sci/2021/0106/146944/ztf_20210106146944_000251_zg_c11_o_q1_scimrefdiffimg.fits.fz,Kulkarni,1,1.466146944015015e+18,t,6.0,1466,40,251,895.052978515625,2308.719970703125,45.1986043,-23.0511925,18.541400909423828,0.0656839981675148,2.075670003890991,18.516799926757812,0.0786999985575676,0.013371000066399574,18.625999450683594,0.020999999716877937,1.2009999752044678,0.05999999865889549,-0.278439998626709,-0.02455100044608116,2.4000000953674316,0.9829999804496765,771.7839965820312,1.659559965133667,1.16225004196167,0.8479999899864197,0.8100000023841858,0.3533329963684082,0.3375000059604645,1.046910047531128,1.0,0.0,0.9671429991722107,1.0,18.540300369262695,0.10180000215768814,45.1986008,-23.0511944,22.2709,26.246400833129883,2.341169965802692e-05,0.029424099251627922,-0.050610799342393875,3.387880133232102e-05,t17_f5_c3,ZTF20abxyayj
2459222.6677546,1,1468167754015,17.761499404907227,/ztf/archive/sci/2021/0108/167743/ztf_20210108167743_000251_zg_c11_o_q1_scimrefdiffimg.fits.fz,Kulkarni,1,1.4681677540150152e+18,t,77.0,1468,40,251,921.6619873046875,2303.14990234375,45.1986119,-23.0511571,17.900400161743164,0.20292800664901733,1.3886799812316895,17.566699981689453,0.3003000020980835,0.13736100494861603,18.625999450683594,0.020999999716877937,1.2009999752044678,0.05999999865889549,-0.14906199276447296,-0.3336949944496155,1.7999999523162842,0.9769999980926514,777.35400390625,0.19475699961185455,1.5049999952316284,1.2580000162124634,0.6980000138282776,0.6988890171051025,0.38777801394462585,1.8022899627685547,5.0,0.0,0.4128569960594177,0.9627630114555359,17.52359962463379,0.37040001153945923,45.1986008,-23.0511944,6.7708,24.24340057373047,0.013612399809062481,0.33646300435066223,0.11196599900722504,0.03392710164189339,t17_f5_c3,ZTF20abxyayj
2459224.6697569,1,1470169754015,19.770700454711914,/ztf/archive/sci/2021/0110/169757/ztf_20210110169757_000251_zg_c11_o_q1_scimrefdiffimg.fits.fz,Kulkarni,1,1.470169754015015e+18,t,7.0,1470,40,251,917.468994140625,2304.239990234375,45.1986205,-23.0511546,18.505599975585938,0.11782599985599518,1.734179973602295,18.63450050354004,0.09260000288486481,0.15078400075435638,18.625999450683594,0.020999999716877937,1.2009999752044678,0.05999999865889549,0.15193399786949158,0.12888899445533752,4.380000114440918,0.9769999980926514,776.2639770507812,1.1361700296401978,0.869018018245697,1.2929999828338623,1.1640000343322754,0.2952049970626831,0.26575300097465515,1.1108200550079346,0.0,0.0,0.8514289855957031,1.0,18.562700271606445,0.11010000109672546,45.1986008,-23.0511944,20.6452,26.28059959411621,4.8811798478709534e-05,0.04117970168590546,-0.03934689983725548,8.214609988499433e-05,t17_f5_c3,ZTF20abxyayj
2459224.7120602,2,1470212064015,19.46980094909668,/ztf/archive/sci/2021/0110/212060/ztf_20210110212060_000251_zr_c11_o_q1_scimrefdiffimg.fits.fz,Kulkarni,1,1.470212064015015e+18,t,2.0,1470,40,251,922.2150268554688,2300.080078125,45.198572,-23.0512571,18.634199142456055,0.10715699940919876,1.1021499633789062,18.694000244140625,0.12219999730587006,0.2550030052661896,18.13599967956543,0.032999999821186066,2.927000045776367,0.1469999998807907,-0.16478300094604492,0.059824999421834946,4.820000171661377,0.9800000190734863,780.416015625,0.7757710218429565,0.8257020115852356,1.2869999408721924,1.121999979019165,0.26701200008392334,0.23277999460697174,1.1470600366592407,0.0,0.0,0.7599999904632568,1.0,18.701799392700195,0.15680000185966492,45.1986134,-23.0511963,14.0533,26.345199584960938,4.311150041758083e-05,0.04058799892663956,0.12192100286483765,6.059970110072754e-05,t17_f5_c3,ZTF20abxyayj
2459226.6483796,2,1472148374015,19.316600799560547,/ztf/archive/sci/2021/0112/148368/ztf_20210112148368_000251_zr_c11_o_q1_scimrefdiffimg.fits.fz,Kulkarni,1,1.472148374015015e+18,t,4.0,1472,40,251,921.9349975585938,2324.219970703125,45.1986838,-23.0512344,18.62540054321289,0.14805200695991516,1.443750023841858,18.614099502563477,0.10360000282526016,0.2672320008277893,18.13599967956543,0.032999999821186066,2.927000045776367,0.1469999998807907,-0.7025750279426575,-0.011345000006258488,5.630000114440918,0.9490000009536743,756.281982421875,0.702472984790802,0.8967540264129639,1.9839999675750732,1.8609999418258667,0.35239800810813904,0.33055099844932556,1.0660899877548218,0.0,0.0,0.47857099771499634,1.0,18.582500457763672,0.12800000607967377,45.1986134,-23.0511963,11.4334,26.33639907836914,6.0880600358359516e-05,0.04507090151309967,0.12726199626922607,8.754280133871362e-05,t17_f5_c3,ZTF20abxyayj
2459226.690081,1,1472190084015,18.965700149536133,/ztf/archive/sci/2021/0112/190081/ztf_20210112190081_000251_zg_c11_o_q1_scimrefdiffimg.fits.fz,Kulkarni,1,1.472190084015015e+18,t,1.0,1472,40,251,902.3679809570312,2287.47998046875,45.1986388,-23.051087,18.510900497436523,0.18529100716114044,1.3030699491500854,18.653600692749023,0.15610000491142273,0.4012700021266937,18.625999450683594,0.020999999716877937,1.2009999752044678,0.05999999865889549,0.1167600005865097,0.14267100393772125,7.880000114440918,0.9440000057220459,793.0170288085938,0.312063992023468,0.6007199883460999,1.4769999980926514,1.1749999523162842,0.1874369978904724,0.14911200106143951,1.2570199966430664,3.0,0.0,0.4585709869861603,0.9951760172843933,18.756000518798828,0.2190999984741211,45.1986008,-23.0511944,11.3862,25.92490005493164,0.0001625159929972142,0.05711299926042557,-0.028486600145697594,0.00035123698762618005,t17_f5_c3,ZTF20abxyayj
2459228.6264699,2,1474126464015,18.443500518798828,/ztf/archive/sci/2021/0114/126470/ztf_20210114126470_000251_zr_c11_o_q1_scimrefdiffimg.fits.fz,Kulkarni,1,,,,1474,40,251,,,,,,,,,,,,,,,,,,,,,,,,,,,,,,,,,,,,25.29829978942871,0.00010822899639606476,0.05884769931435585,0.1169930025935173,0.00015815500228200108,t17_f5_c3,ZTF20abxyayj
2459228.667963,1,1474167964015,19.417200088500977,/ztf/archive/sci/2021/0114/167963/ztf_20210114167963_000251_zg_c11_o_q1_scimrefdiffimg.fits.fz,Kulkarni,1,1.474167964015015e+18,t,2.0,1474,40,251,908.0880126953125,2284.169921875,45.1986305,-23.0512056,18.544200897216797,0.11005599796772003,0.9002479910850525,18.292400360107422,0.11410000175237656,0.10495000332593918,18.625999450683594,0.020999999716877937,1.2009999752044678,0.05999999865889549,-0.06302999705076218,-0.2517549991607666,3.5,0.9829999804496765,796.3280029296875,1.1247999668121338,0.8776339888572693,1.2059999704360962,1.0570000410079956,0.34457099437713623,0.3019999861717224,1.1409599781036377,1.0,0.0,0.8514289855957031,1.0,18.28380012512207,0.1445000022649765,45.1986008,-23.0511944,14.8635,25.90220069885254,6.415000098058954e-05,0.0467245988547802,-0.03002209961414337,0.00010826699872268364,t17_f5_c3,ZTF20abxyayj
2459230.6698958,1,1476169894015,19.674100875854492,/ztf/archive/sci/2021/0116/169896/ztf_20210116169896_000251_zg_c11_o_q1_scimrefdiffimg.fits.fz,Kulkarni,1,1.476169894015015e+18,t,10.0,1476,40,251,911.6489868164062,2287.77001953125,45.1986007,-23.0512031,18.433399200439453,0.0947050005197525,1.905809998512268,18.52630043029785,0.1103999987244606,0.03096500039100647,18.625999450683594,0.020999999716877937,1.2009999752044678,0.05999999865889549,0.2262749969959259,0.09285199642181396,3.930000066757202,0.9819999933242798,792.7310180664062,1.147779941558838,0.7961220145225525,0.984000027179718,0.9150000214576721,0.2503820061683655,0.23282399773597717,1.075410008430481,1.0,0.0,0.949999988079071,1.0,18.423200607299805,0.12800000607967377,45.1986008,-23.0511944,21.7369,26.104400634765625,3.9654500142205507e-05,0.03809700161218643,-0.03559830039739609,6.433520320570096e-05,t17_f5_c3,ZTF20abxyayj
2459232.6473611,2,1478147364015,20.27519989013672,/ztf/archive/sci/2021/0118/147350/ztf_20210118147350_000251_zr_c11_o_q1_scimrefdiffimg.fits.fz,Kulkarni,1,1.478147364015015e+18,t,8.0,1478,40,251,923.8070068359375,2291.409912109375,45.1985893,-23.0511876,18.72010040283203,0.0693570002913475,3.986769914627075,18.645999908447266,0.09309999644756317,0.08479099720716476,18.13599967956543,0.032999999821186066,2.927000045776367,0.1469999998807907,0.10973300039768219,-0.07406499981880188,1.9700000286102295,0.9829999804496765,789.093994140625,1.6291899681091309,1.2288899421691895,0.6790000200271606,0.6660000085830688,0.34466999769210815,0.33807098865509033,1.0195200443267822,5.0,0.0,0.9628570079803467,1.0,18.704500198364258,0.12439999729394913,45.1986134,-23.0511963,20.1798,26.3710994720459,2.085539927065838e-05,0.028003299608826637,0.13090099394321442,2.8913000278407708e-05,t17_f5_c3,ZTF20abxyayj
2459232.6938542,1,1478193854015,20.0585994720459,/ztf/archive/sci/2021/0118/193843/ztf_20210118193843_000251_zg_c11_o_q1_scimrefdiffimg.fits.fz,Kulkarni,1,1.478193854015015e+18,t,10.0,1478,40,251,932.3209838867188,2256.5,45.1986517,-23.0511956,18.554100036621094,0.08361300081014633,4.827459812164307,18.487499237060547,0.0917000025510788,0.1667100042104721,18.625999450683594,0.020999999716877937,1.2009999752044678,0.05999999865889549,-0.038297999650239944,-0.06657999753952026,2.359999895095825,1.0,823.9979858398438,1.5710899829864502,1.0849100351333618,0.7459999918937683,0.6959999799728394,0.316101998090744,0.29491499066352844,1.0718400478363037,2.0,0.0,0.9728569984436035,1.0,18.611799240112305,0.1307000070810318,45.1986008,-23.0511944,23.9352,26.250099182128906,2.4294600734720007e-05,0.03075850009918213,-0.057504501193761826,3.581180135370232e-05,t17_f5_c3,ZTF20abxyayj
2459248.6268634,1,1494126864015,19.39579963684082,/ztf/archive/sci/2021/0203/126701/ztf_20210203126701_000251_zg_c11_o_q1_scimrefdiffimg.fits.fz,Kulkarni,1,1.494126864015015e+18,t,6.0,1494,40,251,931.1539916992188,2310.1298828125,45.1986216,-23.0511567,18.473899841308594,0.08299200236797333,1.1705199480056763,18.283899307250977,0.12620000541210175,0.15020500123500824,18.625999450683594,0.020999999716877937,1.2009999752044678,0.05999999865889549,-0.19814200699329376,-0.1899619996547699,2.450000047683716,0.9810000061988831,770.3660278320312,1.1118899583816528,1.1440600156784058,0.8539999723434448,0.8130000233650208,0.3485710024833679,0.331836998462677,1.0504300594329834,4.0,0.0,0.9528570175170898,1.0,18.143699645996094,0.14180000126361847,45.1986008,-23.0511944,14.0706,25.82390022277832,7.64462020015344e-05,0.05198280140757561,-0.033447399735450745,0.000129060004837811,t17_f5_c3,ZTF20abxyayj
2459248.6479282,2,1494147924015,19.750099182128906,/ztf/archive/sci/2021/0203/147743/ztf_20210203147743_000251_zr_c11_o_q1_scimrefdiffimg.fits.fz,Kulkarni,1,1.494147924015015e+18,t,1.0,1494,40,251,927.4450073242188,2305.409912109375,45.1986214,-23.0511796,18.501100540161133,0.11427699774503708,2.988179922103882,18.58049964904785,0.12110000103712082,0.064799003303051,18.13599967956543,0.032999999821186066,2.927000045776367,0.1469999998807907,0.8424500226974487,0.07942099869251251,3.4600000381469727,0.9769999980926514,775.094970703125,1.1695499420166016,0.8068410158157349,0.859000027179718,0.6840000152587891,0.24826599657535553,0.1976879984140396,1.2558499574661255,4.0,0.0,0.8985710144042969,0.9776189923286438,18.608600616455078,0.15839999914169312,45.1986134,-23.0511963,19.9368,26.26110076904297,2.835160012182314e-05,0.033276598900556564,0.13471899926662445,3.99784003093373e-05,t17_f5_c3,ZTF20abxyayj
2459250.6260648,1,1496126064015,19.70490074157715,/ztf/archive/sci/2021/0205/125891/ztf_20210205125891_000251_zg_c11_o_q1_scimrefdiffimg.fits.fz,Kulkarni,1,1.496126064015015e+18,t,8.0,1496,40,251,925.1480102539062,2310.110107421875,45.1986876,-23.0511968,18.485200881958008,0.08723200112581253,0.8908730149269104,18.43670082092285,0.08590000122785568,0.2842719852924347,18.625999450683594,0.020999999716877937,1.2009999752044678,0.05999999865889549,-0.2799440026283264,-0.048475999385118484,4.75,0.8629999756813049,770.3930053710938,1.2682299613952637,0.7619339823722839,1.2430000305175781,1.1759999990463257,0.26168400049209595,0.24757899343967438,1.0569700002670288,0.0,0.0,0.8500000238418579,1.0,18.4773006439209,0.11330000311136246,45.1986008,-23.0511944,19.9662,26.248199462890625,4.5275399315869436e-05,0.04044029861688614,-0.017754899337887764,7.35889989300631e-05,t17_f5_c3,ZTF20abxyayj
2459250.6477546,2,1496147754015,19.376699447631836,/ztf/archive/sci/2021/0205/147569/ztf_20210205147569_000251_zr_c11_o_q1_scimrefdiffimg.fits.fz,Kulkarni,1,1.496147754015015e+18,t,0.0,1496,40,251,919.5670166015625,2304.7900390625,45.1985559,-23.0511963,18.525999069213867,0.11694099754095078,1.3113399744033813,18.569400787353516,0.10700000077486038,0.18812799453735352,18.13599967956543,0.032999999821186066,2.927000045776367,0.1469999998807907,-0.9026229977607727,0.043352000415325165,5.71999979019165,0.9769999980926514,775.7119750976562,0.8073390126228333,0.7738040089607239,1.468000054359436,1.3259999752044678,0.25664299726486206,0.23181800544261932,1.1070899963378906,0.0,0.0,0.6557139754295349,1.0,18.46430015563965,0.12370000034570694,45.1986134,-23.0511963,15.4229,26.332000732421875,5.7913701311917976e-05,0.046755000948905945,0.13617800176143646,8.142000297084451e-05,t17_f5_c3,ZTF20abxyayj
2459232.6473611,2,1478147364015,20.27519989013672,/ztf/archive/sci/2021/0118/147350/ztf_20210118147350_000251_zr_c11_o_q1_scimrefdiffimg.fits.fz,Kulkarni,1,1.478147364015015e+18,1,8.0,1478,40,251,923.8070068359375,2291.409912109375,45.1985893,-23.0511876,18.72010040283203,0.0693570002913475,3.986769914627075,18.645999908447266,0.09309999644756317,0.08479099720716476,18.13599967956543,0.032999999821186066,2.927000045776367,0.1469999998807907,0.10973300039768219,-0.07406499981880188,1.9700000286102295,0.9829999804496765,789.093994140625,1.6291899681091309,1.2288899421691895,0.6790000200271606,0.6660000085830688,0.34466999769210815,0.33807098865509033,1.0195200443267822,5.0,0.0,0.9628570079803467,1.0,18.704500198364258,0.12439999729394913,45.1986134,-23.0511963,20.1798,26.3710994720459,2.085539927065838e-05,0.028003299608826637,0.13090099394321442,2.8913000278407708e-05,t17_f5_c3,ZTF20abxyayj
2459252.6258333,1,1498125834015,19.919200897216797,/ztf/archive/sci/2021/0207/125718/ztf_20210207125718_000251_zg_c11_o_q1_scimrefdiffimg.fits.fz,Kulkarni,1,1.498125834015015e+18,1,6.0,1498,40,251,923.0989990234375,2304.169921875,45.1986132,-23.0512088,18.505699157714844,0.07980400323867798,1.3148499727249146,18.46809959411621,0.08500000089406967,0.06536900252103806,18.625999450683594,0.020999999716877937,1.2009999752044678,0.05999999865889549,-0.2303999960422516,-0.0375789999961853,4.150000095367432,0.9760000109672546,776.3259887695312,1.4511100053787231,0.7475680112838745,1.003000020980835,0.9729999899864197,0.24168699979782104,0.23445799946784973,1.0308300256729126,0.0,0.0,0.9385709762573242,1.0,18.439800262451172,0.10509999841451645,45.1986008,-23.0511944,20.6093,26.252700805664062,3.646259938250296e-05,0.03649640083312988,-0.04895630106329918,5.624789991998114e-05,t17_f5_c3,ZTF20abxyayj
2459252.6258333,1,1498125834015,19.919200897216797,/ztf/archive/sci/2021/0207/125718/ztf_20210207125718_000251_zg_c11_o_q1_scimrefdiffimg.fits.fz,Kulkarni,1,1.498125834015015e+18,t,6.0,1498,40,251,923.0989990234375,2304.169921875,45.1986132,-23.0512088,18.505699157714844,0.07980400323867798,1.3148499727249146,18.46809959411621,0.08500000089406967,0.06536900252103806,18.625999450683594,0.020999999716877937,1.2009999752044678,0.05999999865889549,-0.2303999960422516,-0.0375789999961853,4.150000095367432,0.9760000109672546,776.3259887695312,1.4511100053787231,0.7475680112838745,1.003000020980835,0.9729999899864197,0.24168699979782104,0.23445799946784973,1.0308300256729126,0.0,0.0,0.9385709762573242,1.0,18.439800262451172,0.10509999841451645,45.1986008,-23.0511944,20.6093,26.252700805664062,3.646259938250296e-05,0.03649640083312988,-0.04895630106329918,5.624789991998114e-05,t17_f5_c3,ZTF20abxyayj
2459252.6474769,2,1498147474015,19.76889991760254,/ztf/archive/sci/2021/0207/147280/ztf_20210207147280_000251_zr_c11_o_q1_scimrefdiffimg.fits.fz,Kulkarni,1,1.498147474015015e+18,t,8.0,1498,40,251,921.2169799804688,2298.89990234375,45.1985426,-23.05122,18.513200759887695,0.08734700083732605,1.9221099615097046,18.654399871826172,0.1136000007390976,0.24643200635910034,18.13599967956543,0.032999999821186066,2.927000045776367,0.1469999998807907,-0.166362002491951,0.14121000468730927,2.8499999046325684,0.9810000061988831,781.6019897460938,1.1145100593566895,1.1041699647903442,0.9369999766349792,0.8270000219345093,0.32877200841903687,0.2901749908924103,1.1330100297927856,1.0,0.0,0.9100000262260437,1.0,18.57990074157715,0.13510000705718994,45.1986134,-23.0511963,12.3228,26.30620002746582,4.120430094189942e-05,0.03959190100431442,0.1539659947156906,5.75240992475301e-05,t17_f5_c3,ZTF20abxyayj
2459254.6271644,1,1500127164015,20.011199951171875,/ztf/archive/sci/2021/0209/127164/ztf_20210209127164_000251_zg_c11_o_q1_scimrefdiffimg.fits.fz,Kulkarni,1,1.500127164015015e+18,1,8.0,1500,40,251,923.7039794921875,2300.989990234375,45.1986124,-23.0511898,18.436899185180664,0.06847299635410309,1.811650037765503,18.464000701904297,0.08659999817609787,0.04130300134420395,18.625999450683594,0.020999999716877937,1.2009999752044678,0.05999999865889549,-0.41784700751304626,0.027065999805927277,2.680000066757202,0.9829999804496765,779.5130004882812,1.5471800565719604,1.0374399423599243,0.8190000057220459,0.7850000262260437,0.3055970072746277,0.29291000962257385,1.0433100461959839,0.0,0.0,0.9657139778137207,1.0,18.429800033569336,0.10670000314712524,45.1986008,-23.0511944,26.5674,26.230899810791016,2.8289499823586084e-05,0.03263720124959946,-0.05481439828872681,4.196960071567446e-05,t17_f5_c3,ZTF20abxyayj
2459250.6260648,1,1496126064015,19.70490074157715,/ztf/archive/sci/2021/0205/125891/ztf_20210205125891_000251_zg_c11_o_q1_scimrefdiffimg.fits.fz,Kulkarni,1,1.496126064015015e+18,1,8.0,1496,40,251,925.1480102539062,2310.110107421875,45.1986876,-23.0511968,18.485200881958008,0.08723200112581253,0.8908730149269104,18.43670082092285,0.08590000122785568,0.2842719852924347,18.625999450683594,0.020999999716877937,1.2009999752044678,0.05999999865889549,-0.2799440026283264,-0.048475999385118484,4.75,0.8629999756813049,770.3930053710938,1.2682299613952637,0.7619339823722839,1.2430000305175781,1.1759999990463257,0.26168400049209595,0.24757899343967438,1.0569700002670288,0.0,0.0,0.8500000238418579,1.0,18.4773006439209,0.11330000311136246,45.1986008,-23.0511944,19.9662,26.248199462890625,4.5275399315869436e-05,0.04044029861688614,-0.017754899337887764,7.35889989300631e-05,t17_f5_c3,ZTF20abxyayj
2459248.6268634,1,1494126864015,19.39579963684082,/ztf/archive/sci/2021/0203/126701/ztf_20210203126701_000251_zg_c11_o_q1_scimrefdiffimg.fits.fz,Kulkarni,1,1.494126864015015e+18,1,6.0,1494,40,251,931.1539916992188,2310.1298828125,45.1986216,-23.0511567,18.473899841308594,0.08299200236797333,1.1705199480056763,18.283899307250977,0.12620000541210175,0.15020500123500824,18.625999450683594,0.020999999716877937,1.2009999752044678,0.05999999865889549,-0.19814200699329376,-0.1899619996547699,2.450000047683716,0.9810000061988831,770.3660278320312,1.1118899583816528,1.1440600156784058,0.8539999723434448,0.8130000233650208,0.3485710024833679,0.331836998462677,1.0504300594329834,4.0,0.0,0.9528570175170898,1.0,18.143699645996094,0.14180000126361847,45.1986008,-23.0511944,14.0706,25.82390022277832,7.64462020015344e-05,0.05198280140757561,-0.033447399735450745,0.000129060004837811,t17_f5_c3,ZTF20abxyayj
2459224.6697569,1,1470169754015,19.770700454711914,/ztf/archive/sci/2021/0110/169757/ztf_20210110169757_000251_zg_c11_o_q1_scimrefdiffimg.fits.fz,Kulkarni,1,1.470169754015015e+18,1,7.0,1470,40,251,917.468994140625,2304.239990234375,45.1986205,-23.0511546,18.505599975585938,0.11782599985599518,1.734179973602295,18.63450050354004,0.09260000288486481,0.15078400075435638,18.625999450683594,0.020999999716877937,1.2009999752044678,0.05999999865889549,0.15193399786949158,0.12888899445533752,4.380000114440918,0.9769999980926514,776.2639770507812,1.1361700296401978,0.869018018245697,1.2929999828338623,1.1640000343322754,0.2952049970626831,0.26575300097465515,1.1108200550079346,0.0,0.0,0.8514289855957031,1.0,18.562700271606445,0.11010000109672546,45.1986008,-23.0511944,20.6452,26.28059959411621,4.8811798478709534e-05,0.04117970168590546,-0.03934689983725548,8.214609988499433e-05,t17_f5_c3,ZTF20abxyayj
2460254.8103935,2,2500310394015,20.2101993560791,/ztf/archive/sci/2023/1106/310382/ztf_20231106310382_000251_zr_c11_o_q1_scimrefdiffimg.fits.fz,Kulkarni,1,2.500310394015015e+18,t,7.0,2500,40,251,965.1890258789062,2313.330078125,45.1985645,-23.0511674,19.196399688720703,0.11344800144433975,1.7289799451828003,19.667699813842773,0.2362000048160553,0.19002799689769745,18.13599967956543,0.032999999821186066,2.927000045776367,0.1469999998807907,-0.3720090091228485,0.47126099467277527,2.9000000953674316,0.968999981880188,767.1710205078125,0.5425300002098083,0.8854389786720276,0.6570000052452087,0.6349999904632568,0.22655199468135834,0.21896600723266602,1.0346499681472778,7.0,0.0,0.8957139849662781,0.8930730223655701,19.553300857543945,0.27070000767707825,45.1986134,-23.0511963,9.01286,26.369400024414062,2.1190700863371603e-05,0.027943100780248642,0.12679000198841095,2.9415299650281668e-05,t17_f5_c3,ZTF20abxyayj
2460254.8326505,1,2500332654015,20.115699768066406,/ztf/archive/sci/2023/1106/332639/ztf_20231106332639_000251_zg_c11_o_q1_scimrefdiffimg.fits.fz,Kulkarni,1,2.500332654015015e+18,t,8.0,2500,40,251,969.718017578125,2315.7099609375,45.1986164,-23.0512163,19.201000213623047,0.10699500143527985,1.5277299880981445,19.332799911499023,0.17440000176429749,0.09315499663352966,18.625999450683594,0.020999999716877937,1.2009999752044678,0.05999999865889549,0.5211319923400879,0.13180899620056152,2.7899999618530273,0.9800000190734863,764.7940063476562,0.7829310297966003,0.9949060082435608,0.8019999861717224,0.75,0.2874549925327301,0.2688170075416565,1.0693299770355225,2.0,0.0,0.951429009437561,1.0,19.574800491333008,0.27720001339912415,45.1986008,-23.0511944,14.7251,26.290000915527344,2.741659955063369e-05,0.031607501208782196,-0.04973459988832474,4.0124901715898886e-05,t17_f5_c3,ZTF20abxyayj
2460258.778287,2,2504278284015,19.95210075378418,/ztf/archive/sci/2023/1110/278275/ztf_20231110278275_000251_zr_c11_o_q1_scimrefdiffimg.fits.fz,Kulkarni,1,2.504278284015015e+18,1,6.0,2504,40,251,933.5549926757812,2334.280029296875,45.1985329,-23.0512401,19.181699752807617,0.14083999395370483,1.434499979019165,19.476499557495117,0.2224999964237213,0.3058289885520935,18.13599967956543,0.032999999821186066,2.927000045776367,0.1469999998807907,-0.13107900321483612,0.29478201270103455,3.359999895095825,0.9980000257492065,746.2249755859375,0.47562700510025024,0.8599690198898315,0.8550000190734863,0.7129999995231628,0.2544640004634857,0.21220199763774872,1.1991599798202515,2.0,0.0,0.9628570079803467,1.0,19.403099060058594,0.2648000121116638,45.1986134,-23.0511963,10.9159,26.327699661254883,1.8133499906980433e-05,0.026279399171471596,0.1295350044965744,2.5304600058007054e-05,t17_f5_c3,ZTF20abxyayj
2459196.7441435,1,1442244141315,19.144800186157227,/ztf/archive/sci/2020/1213/244144/ztf_20201213244144_001293_zg_c04_o_q2_scimrefdiffimg.fits.fz,Kulkarni,2,,,,1442,13,1293,,,,,,,,,,,,,,,,,,,,,,,,,,,,,,,,,,,,26.11949920654297,0.00020044599659740925,0.05618729814887047,0.003311089938506484,0.0004591589968185872,t17_f5_c3,ZTF20abxyayj
2459198.7036921,1,1444203691315,19.4591007232666,/ztf/archive/sci/2020/1215/203681/ztf_20201215203681_001293_zg_c04_o_q2_scimrefdiffimg.fits.fz,Kulkarni,2,,,,1444,13,1293,,,,,,,,,,,,,,,,,,,,,,,,,,,,,,,,,,,,26.027799606323242,6.834139639977366e-05,0.0470006987452507,-0.056810200214385986,0.00012252099986653775,t17_f5_c3,ZTF20abxyayj
2460258.778287,2,2504278284015,19.95210075378418,/ztf/archive/sci/2023/1110/278275/ztf_20231110278275_000251_zr_c11_o_q1_scimrefdiffimg.fits.fz,Kulkarni,1,2.504278284015015e+18,t,6.0,2504,40,251,933.5549926757812,2334.280029296875,45.1985329,-23.0512401,19.181699752807617,0.14083999395370483,1.434499979019165,19.476499557495117,0.2224999964237213,0.3058289885520935,18.13599967956543,0.032999999821186066,2.927000045776367,0.1469999998807907,-0.13107900321483612,0.29478201270103455,3.359999895095825,0.9980000257492065,746.2249755859375,0.47562700510025024,0.8599690198898315,0.8550000190734863,0.7129999995231628,0.2544640004634857,0.21220199763774872,1.1991599798202515,2.0,0.0,0.9628570079803467,1.0,19.403099060058594,0.2648000121116638,45.1986134,-23.0511963,10.9159,26.327699661254883,1.8133499906980433e-05,0.026279399171471596,0.1295350044965744,2.5304600058007054e-05,t17_f5_c3,ZTF20abxyayj
2460258.8279167,1,2504327914015,19.764799118041992,/ztf/archive/sci/2023/1110/327905/ztf_20231110327905_000251_zg_c11_o_q1_scimrefdiffimg.fits.fz,Kulkarni,1,2.504327914015015e+18,t,14.0,2504,40,251,936.4450073242188,2335.2099609375,45.1986359,-23.0511312,19.1023006439209,0.1518539935350418,1.4820899963378906,19.208499908447266,0.1703999936580658,0.25225698947906494,18.625999450683594,0.020999999716877937,1.2009999752044678,0.05999999865889549,0.048955000936985016,0.10617800056934357,3.990000009536743,0.9760000109672546,745.2940063476562,0.5563480257987976,0.8736469745635986,1.0740000009536743,0.9160000085830688,0.2691729962825775,0.22957399487495422,1.1724900007247925,3.0,0.0,0.9100000262260437,0.999468982219696,19.310100555419922,0.23849999904632568,45.1986008,-23.0511944,11.7846,26.23430061340332,4.5849399612052366e-05,0.040386300534009933,-0.0285653006285429,7.388529775198549e-05,t17_f5_c3,ZTF20abxyayj
2460260.7718056,1,2506271804015,19.938199996948242,/ztf/archive/sci/2023/1112/271794/ztf_20231112271794_000251_zg_c11_o_q1_scimrefdiffimg.fits.fz,Kulkarni,1,2.506271804015015e+18,1,13.0,2506,40,251,929.5079956054688,2331.4599609375,45.198654,-23.0512134,19.13129997253418,0.1604740023612976,1.693310022354126,19.17020034790039,0.15039999783039093,0.18679000437259674,18.625999450683594,0.020999999716877937,1.2009999752044678,0.05999999865889549,-0.21945300698280334,0.03891599923372269,3.7699999809265137,0.9480000138282776,749.041015625,0.768028974533081,0.8655530214309692,1.0549999475479126,1.003999948501587,0.27984100580215454,0.26631298661231995,1.0507999658584595,1.0,0.0,0.9385709762573242,1.0,19.20800018310547,0.19830000400543213,45.1986008,-23.0511944,14.0492,26.268299102783203,3.752579868887551e-05,0.0368180014193058,-0.04282590001821518,5.901520125917159e-05,t17_f5_c3,ZTF20abxyayj
2460260.7718056,1,2506271804015,19.938199996948242,/ztf/archive/sci/2023/1112/271794/ztf_20231112271794_000251_zg_c11_o_q1_scimrefdiffimg.fits.fz,Kulkarni,1,2.506271804015015e+18,t,13.0,2506,40,251,929.5079956054688,2331.4599609375,45.198654,-23.0512134,19.13129997253418,0.1604740023612976,1.693310022354126,19.17020034790039,0.15039999783039093,0.18679000437259674,18.625999450683594,0.020999999716877937,1.2009999752044678,0.05999999865889549,-0.21945300698280334,0.03891599923372269,3.7699999809265137,0.9480000138282776,749.041015625,0.768028974533081,0.8655530214309692,1.0549999475479126,1.003999948501587,0.27984100580215454,0.26631298661231995,1.0507999658584595,1.0,0.0,0.9385709762573242,1.0,19.20800018310547,0.19830000400543213,45.1986008,-23.0511944,14.0492,26.268299102783203,3.752579868887551e-05,0.0368180014193058,-0.04282590001821518,5.901520125917159e-05,t17_f5_c3,ZTF20abxyayj
2460260.8573843,2,2506357384015,20.01740074157715,/ztf/archive/sci/2023/1112/357373/ztf_20231112357373_000251_zr_c11_o_q1_scimrefdiffimg.fits.fz,Kulkarni,1,2.506357384015015e+18,t,15.0,2506,40,251,946.3729858398438,2329.929931640625,45.1985746,-23.0511669,19.11199951171875,0.10692399740219116,1.510640025138855,19.130399703979492,0.15680000185966492,0.1622450053691864,18.13599967956543,0.032999999821186066,2.927000045776367,0.1469999998807907,-0.559224009513855,0.018408000469207764,1.9600000381469727,0.9660000205039978,750.573974609375,0.8870300054550171,1.4358199834823608,0.8980000019073486,0.8560000061988831,0.45816299319267273,0.43673500418663025,1.0490599870681763,2.0,0.0,0.9442859888076782,1.0,18.925500869750977,0.16529999673366547,45.1986134,-23.0511963,10.2068,26.358999252319336,1.900770075735636e-05,0.026654399931430817,0.12761199474334717,2.6379400878795423e-05,t17_f5_c3,ZTF20abxyayj
2459092.9704051,1,1338470404015,19.591100692749023,/ztf/archive/sci/2020/0831/470394/ztf_20200831470394_000251_zg_c11_o_q1_scimrefdiffimg.fits.fz,Kulkarni,1,1.338470404015015e+18,t,4.0,1338,40,251,889.875,2483.489990234375,45.1986868,-23.0512128,19.0487003326416,0.15029999613761902,1.3451100587844849,19.09760093688965,0.22210000455379486,0.28885000944137573,18.625999450683594,0.020999999716877937,1.2009999752044678,0.05999999865889549,-0.4673379957675934,0.048927001655101776,3.059999942779541,0.9810000061988831,597.010009765625,0.4934769868850708,0.9152629971504211,0.9169999957084656,0.796999990940094,0.2996729910373688,0.26045799255371094,1.150570034980774,2.0,0.0,0.9714289903640747,1.0,19.006200790405273,0.2614000141620636,45.1986008,-23.0511944,11.4171,26.189699172973633,5.575030081672594e-05,0.04341280087828636,-0.047658100724220276,8.843669638736174e-05,t17_f5_c3,ZTF20abxyayj
2459095.9598495,2,1341459844015,19.11280059814453,/ztf/archive/sci/2020/0903/459850/ztf_20200903459850_000251_zr_c11_o_q1_scimrefdiffimg.fits.fz,SRG,1,,,,1341,40,251,,,,,,,,,,,,,,,,,,,,,,,,,,,,,,,,,,,,26.258499145507812,4.715930117527023e-05,0.04125950112938881,0.12825100123882294,6.473150278907269e-05,t17_f5_c3,ZTF20abxyayj
2459096.9578819,2,1342457884015,19.314800262451172,/ztf/archive/sci/2020/0904/457870/ztf_20200904457870_000251_zr_c11_o_q1_scimrefdiffimg.fits.fz,Kulkarni,1,1.342457884015015e+18,t,2.0,1342,40,251,943.8800048828125,2434.719970703125,45.1985518,-23.0511727,19.147899627685547,0.16187900304794312,0.9440379738807678,19.19420051574707,0.32350000739097595,0.21977299451828003,18.13599967956543,0.032999999821186066,2.927000045776367,0.1469999998807907,-1.5773500204086304,0.04632499814033508,1.840000033378601,0.9610000252723694,645.7780151367188,0.12059800326824188,1.4646600484848022,0.7020000219345093,0.6980000138282776,0.381521999835968,0.3793480098247528,1.0057300329208374,7.0,0.0,0.9314290285110474,0.8817750215530396,19.183300018310547,0.4108000099658966,45.1986134,-23.0511963,8.88146,26.307899475097656,3.4739001421257854e-05,0.035902198404073715,0.1350100040435791,4.689169873017818e-05,t17_f5_c3,ZTF20abxyayj
2459117.8972569,2,1363397254015,20.505300521850586,/ztf/archive/sci/2020/0925/396667/ztf_20200925396667_000251_zr_c11_o_q1_scimrefdiffimg.fits.fz,Kulkarni,1,1.363397254015015e+18,1,11.0,1363,40,251,915.7319946289062,2213.6201171875,45.1985732,-23.0512074,18.791000366210938,0.07590100169181824,4.381700038909912,18.878799438476562,0.09359999746084213,0.13732099533081055,18.13599967956543,0.032999999821186066,2.927000045776367,0.1469999998807907,-0.06946700066328049,0.08783700317144394,2.140000104904175,0.9879999756813049,866.875,1.6265300512313843,1.148210048675537,0.6690000295639038,0.6349999904632568,0.3126170039176941,0.2967289984226227,1.0535399913787842,3.0,0.0,0.9628570079803467,1.0,18.87969970703125,0.11789999902248383,45.1986134,-23.0511963,24.5799,26.30500030517578,1.748790054989513e-05,0.026183100417256355,0.13191400468349457,2.4651999410707504e-05,t17_f5_c3,ZTF20abxyayj
2459117.8972569,2,1363397254015,20.505300521850586,/ztf/archive/sci/2020/0925/396667/ztf_20200925396667_000251_zr_c11_o_q1_scimrefdiffimg.fits.fz,Kulkarni,1,1.363397254015015e+18,t,11.0,1363,40,251,915.7319946289062,2213.6201171875,45.1985732,-23.0512074,18.791000366210938,0.07590100169181824,4.381700038909912,18.878799438476562,0.09359999746084213,0.13732099533081055,18.13599967956543,0.032999999821186066,2.927000045776367,0.1469999998807907,-0.06946700066328049,0.08783700317144394,2.140000104904175,0.9879999756813049,866.875,1.6265300512313843,1.148210048675537,0.6690000295639038,0.6349999904632568,0.3126170039176941,0.2967289984226227,1.0535399913787842,3.0,0.0,0.9628570079803467,1.0,18.87969970703125,0.11789999902248383,45.1986134,-23.0511963,24.5799,26.30500030517578,1.748790054989513e-05,0.026183100417256355,0.13191400468349457,2.4651999410707504e-05,t17_f5_c3,ZTF20abxyayj
2459117.918669,1,1363418664015,20.473100662231445,/ztf/archive/sci/2020/0925/418507/ztf_20200925418507_000251_zg_c11_o_q1_scimrefdiffimg.fits.fz,Kulkarni,1,1.363418664015015e+18,t,6.0,1363,40,251,930.3829956054688,2221.22998046875,45.1986165,-23.0511819,18.709299087524414,0.06972800195217133,3.485260009765625,18.75349998474121,0.07689999788999557,0.06797900050878525,18.625999450683594,0.020999999716877937,1.2009999752044678,0.05999999865889549,-0.21427200734615326,0.04424099996685982,2.430000066757202,0.9819999933242798,859.2689819335938,1.7196300029754639,1.1376099586486816,0.7699999809265137,0.7149999737739563,0.3168720006942749,0.29423901438713074,1.0769200325012207,1.0,0.0,0.9700000286102295,1.0,18.692100524902344,0.09139999747276306,45.1986008,-23.0511944,23.9358,26.21430015563965,2.538700027798768e-05,0.03144900128245354,-0.08575219660997391,3.5919700167141855e-05,t17_f5_c3,ZTF20abxyayj
2459124.9184606,2,1370418464015,19.223100662231445,/ztf/archive/sci/2020/1002/418461/ztf_20201002418461_000251_zr_c11_o_q1_scimrefdiffimg.fits.fz,Kulkarni,1,1.370418464015015e+18,1,4.0,1370,40,251,941.8079833984375,2342.25,45.1986137,-23.0512166,18.85700035095215,0.13739199936389923,0.8335869908332825,18.91230010986328,0.3122999966144562,0.07222700119018555,18.13599967956543,0.032999999821186066,2.927000045776367,0.1469999998807907,-0.8672980070114136,0.05530500039458275,1.1679699420928955,0.9649999737739563,738.25,0.31078800559043884,2.0,0.6700000166893005,0.6230000257492065,0.5736430287361145,0.5334020256996155,1.0754400491714478,8.0,0.0,0.8700000047683716,0.7107809782028198,18.80660057067871,0.36390000581741333,45.1986134,-23.0511963,8.0883,26.320999145507812,3.469179864623584e-05,0.036456700414419174,0.12666000425815582,4.836290099774487e-05,t17_f5_c3,ZTF20abxyayj
2459124.9333102,2,1370433314015,18.98740005493164,/ztf/archive/sci/2020/1002/433299/ztf_20201002433299_000251_zr_c11_o_q1_scimrefdiffimg.fits.fz,Kulkarni,1,,,,1370,40,251,,,,,,,,,,,,,,,,,,,,,,,,,,,,,,,,,,,,26.30030059814453,4.130999877816066e-05,0.03936240077018738,0.12707599997520447,5.703109854948707e-05,t17_f5_c3,ZTF20abxyayj
2459124.9184606,2,1370418464015,19.223100662231445,/ztf/archive/sci/2020/1002/418461/ztf_20201002418461_000251_zr_c11_o_q1_scimrefdiffimg.fits.fz,Kulkarni,1,1.370418464015015e+18,t,4.0,1370,40,251,941.8079833984375,2342.25,45.1986137,-23.0512166,18.85700035095215,0.13739199936389923,0.8335869908332825,18.91230010986328,0.3122999966144562,0.07222700119018555,18.13599967956543,0.032999999821186066,2.927000045776367,0.1469999998807907,-0.8672980070114136,0.05530500039458275,1.1679699420928955,0.9649999737739563,738.25,0.31078800559043884,2.0,0.6700000166893005,0.6230000257492065,0.5736430287361145,0.5334020256996155,1.0754400491714478,8.0,0.0,0.8700000047683716,0.7107809782028198,18.80660057067871,0.36390000581741333,45.1986134,-23.0511963,8.0883,26.320999145507812,3.469179864623584e-05,0.036456700414419174,0.12666000425815582,4.836290099774487e-05,t17_f5_c3,ZTF20abxyayj
2459124.9811227,1,1370481124015,18.57819938659668,/ztf/archive/sci/2020/1002/480949/ztf_20201002480949_000251_zg_c11_o_q1_scimrefdiffimg.fits.fz,Kulkarni,1,1.370481124015015e+18,t,2.0,1370,40,251,909.4639892578125,2336.360107421875,45.1985957,-23.0512571,18.688600540161133,0.19947999715805054,0.8149510025978088,18.7460994720459,0.37229999899864197,0.22356000542640686,18.625999450683594,0.020999999716877937,1.2009999752044678,0.05999999865889549,2.298830032348633,0.05752899870276451,3.4000000953674316,0.921999990940094,744.1380004882812,-0.1679150015115738,0.8937190175056458,0.9340000152587891,0.8730000257492065,0.27470600605010986,0.2567650079727173,1.0698699951171875,3.0,0.0,0.8700000047683716,1.0,18.649499893188477,0.4375,45.1986008,-23.0511944,7.31946,26.17060089111328,0.00012909999350085855,0.04580619931221008,-0.042856499552726746,0.00031674999627284706,t17_f5_c3,ZTF20abxyayj
2459126.9007292,2,1372400724015,19.13680076599121,/ztf/archive/sci/2020/1004/400706/ztf_20201004400706_000251_zr_c11_o_q1_scimrefdiffimg.fits.fz,Kulkarni,1,1.372400724015015e+18,t,3.0,1372,40,251,970.447021484375,2593.909912109375,45.1985962,-23.0512044,18.664899826049805,0.11303199827671051,0.9688810110092163,18.608200073242188,0.23420000076293945,0.06310000270605087,18.13599967956543,0.032999999821186066,2.927000045776367,0.1469999998807907,-1.4480899572372437,-0.056745998561382294,2.2200000286102295,0.9779999852180481,486.59100341796875,0.5286139845848083,1.1488699913024902,0.7250000238418579,0.6930000185966492,0.32657700777053833,0.31216201186180115,1.046180009841919,5.0,0.0,0.9214289784431458,0.938323974609375,18.888700485229492,0.3889000117778778,45.1986134,-23.0511963,10.2174,26.30389976501465,5.913709901506081e-05,0.043949298560619354,0.10490699857473373,7.911789725767449e-05,t17_f5_c3,ZTF20abxyayj
2459128.9073958,2,1374407394015,18.689199447631836,/ztf/archive/sci/2020/1006/407396/ztf_20201006407396_000251_zr_c11_o_q1_scimrefdiffimg.fits.fz,Kulkarni,1,,,,1374,40,251,,,,,,,,,,,,,,,,,,,,,,,,,,,,,,,,,,,,25.94070053100586,4.975080082658678e-05,0.04231080040335655,0.10179600119590759,7.03348996466957e-05,t17_f5_c3,ZTF20abxyayj
2459128.9187269,1,1374418724015,18.05139923095703,/ztf/archive/sci/2020/1006/418727/ztf_20201006418727_000251_zg_c11_o_q1_scimrefdiffimg.fits.fz,Kulkarni,1,1.374418724015015e+18,t,4.0,1374,40,251,960.447998046875,2351.719970703125,45.1986288,-23.0510834,18.503000259399414,0.216062992811203,0.7808539867401123,18.220500946044922,0.36390000581741333,0.4048289954662323,18.625999450683594,0.020999999716877937,1.2009999752044678,0.05999999865889549,-3.1644198894500732,-0.2825390100479126,1.5552699565887451,0.9010000228881836,728.781982421875,-0.16905200481414795,2.0,0.9129999876022339,0.8370000123977661,0.5870360136032104,0.5381699800491333,1.0908000469207764,9.0,0.0,0.7442860007286072,0.9483129978179932,18.261699676513672,0.48559999465942383,45.1986008,-23.0511944,5.44696,25.43899917602539,0.00036367899156175554,0.05654900148510933,-0.1004360020160675,0.0010160800302401185,t17_f5_c3,ZTF20abxyayj
2459130.8723727,1,1376372374015,19.728500366210938,/ztf/archive/sci/2020/1008/372373/ztf_20201008372373_000251_zg_c11_o_q1_scimrefdiffimg.fits.fz,Kulkarni,1,1.376372374015015e+18,1,12.0,1376,40,251,917.239013671875,2262.60009765625,45.1985965,-23.0511747,18.6210994720459,0.0822950005531311,1.8877400159835815,18.744699478149414,0.13729999959468842,0.07147400081157684,18.625999450683594,0.020999999716877937,1.2009999752044678,0.05999999865889549,0.514864981174469,0.12362699955701828,2.7699999809265137,0.9829999804496765,817.9039916992188,0.9837579727172852,1.049430012702942,0.8579999804496765,0.8410000205039978,0.30974701046943665,0.3036099970340729,1.0202100276947021,0.0,0.0,0.9585710167884827,1.0,18.858800888061523,0.19460000097751617,45.1986008,-23.0511944,18.4399,26.245100021362305,4.3344698497094214e-05,0.040340401232242584,-0.03622030094265938,6.653709715465084e-05,t17_f5_c3,ZTF20abxyayj
2459130.8723727,1,1376372374015,19.728500366210938,/ztf/archive/sci/2020/1008/372373/ztf_20201008372373_000251_zg_c11_o_q1_scimrefdiffimg.fits.fz,Kulkarni,1,1.376372374015015e+18,t,12.0,1376,40,251,917.239013671875,2262.60009765625,45.1985965,-23.0511747,18.6210994720459,0.0822950005531311,1.8877400159835815,18.744699478149414,0.13729999959468842,0.07147400081157684,18.625999450683594,0.020999999716877937,1.2009999752044678,0.05999999865889549,0.514864981174469,0.12362699955701828,2.7699999809265137,0.9829999804496765,817.9039916992188,0.9837579727172852,1.049430012702942,0.8579999804496765,0.8410000205039978,0.30974701046943665,0.3036099970340729,1.0202100276947021,0.0,0.0,0.9585710167884827,1.0,18.858800888061523,0.19460000097751617,45.1986008,-23.0511944,18.4399,26.245100021362305,4.3344698497094214e-05,0.040340401232242584,-0.03622030094265938,6.653709715465084e-05,t17_f5_c3,ZTF20abxyayj
2459130.9364931,2,1376436494015,20.103099822998047,/ztf/archive/sci/2020/1008/436493/ztf_20201008436493_000251_zr_c11_o_q1_scimrefdiffimg.fits.fz,Kulkarni,1,1.376436494015015e+18,t,7.0,1376,40,251,934.9530029296875,2263.52001953125,45.1985873,-23.0511785,18.749799728393555,0.08186899870634079,3.5530099868774414,18.875,0.1274999976158142,0.10356699675321579,18.13599967956543,0.032999999821186066,2.927000045776367,0.1469999998807907,0.1434749960899353,0.1251700073480606,2.2699999809265137,0.9829999804496765,816.9810180664062,1.2281299829483032,1.1159100532531738,0.7480000257492065,0.6909999847412109,0.3295150101184845,0.30440500378608704,1.0824899673461914,2.0,0.0,0.9599999785423279,0.9841300249099731,18.834999084472656,0.15620000660419464,45.1986134,-23.0511963,18.5272,26.34079933166504,2.2342599550029263e-05,0.02917890064418316,0.13186700642108917,3.1145700631896034e-05,t17_f5_c3,ZTF20abxyayj
2459134.9188773,2,1380418874015,19.773300170898438,/ztf/archive/sci/2020/1012/418877/ztf_20201012418877_000251_zr_c11_o_q1_scimrefdiffimg.fits.fz,Kulkarni,1,1.380418874015015e+18,t,8.0,1380,40,251,927.780029296875,2343.25,45.1986399,-23.0512782,18.6112003326416,0.08056499809026718,0.7891539931297302,18.66710090637207,0.11029999703168869,0.3036389946937561,18.13599967956543,0.032999999821186066,2.927000045776367,0.1469999998807907,-0.45958301424980164,0.055879998952150345,3.640000104904175,0.9819999933242798,737.2529907226562,1.1061700582504272,0.8991199731826782,1.0119999647140503,0.9449999928474426,0.27802199125289917,0.2596150040626526,1.0708999633789062,0.0,0.0,0.9442859888076782,1.0,18.62929916381836,0.1354999989271164,45.1986134,-23.0511963,17.2081,26.294200897216797,2.6549299946054816e-05,0.03212689980864525,0.1246969997882843,3.686709897010587e-05,t17_f5_c3,ZTF20abxyayj
2459136.8770486,1,1382377044015,20.40850067138672,/ztf/archive/sci/2020/1014/377049/ztf_20201014377049_000251_zg_c11_o_q1_scimrefdiffimg.fits.fz,Kulkarni,1,1.382377044015015e+18,t,9.0,1382,40,251,952.875,2189.739990234375,45.1986124,-23.0512316,18.551000595092773,0.06956800073385239,2.7557899951934814,18.54800033569336,0.07119999825954437,0.14143399894237518,18.625999450683594,0.020999999716877937,1.2009999752044678,0.05999999865889549,0.10285399854183197,-0.0030249999836087227,2.450000047683716,0.9829999804496765,890.7650146484375,1.8604600429534912,1.0580600500106812,0.7749999761581421,0.75,0.3163270056247711,0.3061220049858093,1.033329963684082,0.0,0.0,0.9657139778137207,1.0,18.55459976196289,0.09019999951124191,45.1986008,-23.0511944,26.5652,26.25200080871582,2.394680086581502e-05,0.030249999836087227,-0.040459901094436646,3.369239857420325e-05,t17_f5_c3,ZTF20abxyayj
2459138.8343519,2,1384334354015,20.02359962463379,/ztf/archive/sci/2020/1016/334352/ztf_20201016334352_000251_zr_c11_o_q1_scimrefdiffimg.fits.fz,Kulkarni,1,1.384334354015015e+18,t,3.0,1384,40,251,924.9719848632812,2188.989990234375,45.1986069,-23.0512272,18.687000274658203,0.07765500247478485,1.0600199699401855,18.701000213623047,0.09799999743700027,0.11204499751329422,18.13599967956543,0.032999999821186066,2.927000045776367,0.1469999998807907,0.07276199758052826,0.014022000133991241,3.2699999809265137,0.9800000190734863,891.5050048828125,1.3225699663162231,0.9317880272865295,0.949999988079071,0.8880000114440918,0.2905200123786926,0.27156001329421997,1.0698200464248657,1.0,0.0,0.9585710167884827,1.0,18.582300186157227,0.11140000075101852,45.1986134,-23.0511963,15.8517,26.270000457763672,2.5891000404953957e-05,0.03156080096960068,0.13728100061416626,3.6232300772098824e-05,t17_f5_c3,ZTF20abxyayj
2459140.8969676,1,1386396964015,20.200700759887695,/ztf/archive/sci/2020/1018/396968/ztf_20201018396968_000251_zg_c11_o_q1_scimrefdiffimg.fits.fz,Kulkarni,1,1.386396964015015e+18,t,8.0,1386,40,251,920.0590209960938,2057.9599609375,45.1985943,-23.0512344,18.54680061340332,0.06166199967265129,1.1714500188827515,18.44409942626953,0.06920000165700912,0.14374400675296783,18.625999450683594,0.020999999716877937,1.2009999752044678,0.05999999865889549,-0.18807299435138702,-0.10267499834299088,3.25,0.9829999804496765,920.0590209960938,1.75655996799469,0.8977760076522827,0.9700000286102295,0.9089999794960022,0.29846200346946716,0.27969199419021606,1.0671099424362183,0.0,0.0,0.9700000286102295,1.0,18.36709976196289,0.08150000125169754,45.1986008,-23.0511944,23.3528,26.216800689697266,2.6835599783225916e-05,0.03144970163702965,-0.05584089830517769,3.884670150000602e-05,t17_f5_c3,ZTF20abxyayj
2459142.8968056,1,1388396804015,20.4606990814209,/ztf/archive/sci/2020/1020/396736/ztf_20201020396736_000251_zg_c11_o_q1_scimrefdiffimg.fits.fz,Kulkarni,1,1.388396804015025e+18,t,13.0,1388,40,251,920.1500244140625,2169.7099609375,45.1985734,-23.0511989,18.564599990844727,0.07228299975395203,2.681380033493042,18.730899810791016,0.07460000365972519,0.09091799706220627,18.625999450683594,0.020999999716877937,1.2009999752044678,0.05999999865889549,-0.014852999709546566,0.16634799540042877,2.240000009536743,0.9829999804496765,910.7940063476562,1.7298200130462646,1.2573399543762207,0.7839999794960022,0.7649999856948853,0.3499999940395355,0.34151801466941833,1.024839997291565,0.0,0.0,0.9628570079803467,1.0,18.720500946044922,0.09279999881982803,45.1986008,-23.0511944,25.6696,26.239599227905273,2.2274900402408093e-05,0.029385799542069435,-0.055618900805711746,3.172449942212552e-05,t17_f5_c3,ZTF20abxyayj
2459144.8411458,1,1390341144015,20.791799545288086,/ztf/archive/sci/2020/1022/341146/ztf_20201022341146_000251_zg_c11_o_q1_scimrefdiffimg.fits.fz,Kulkarni,1,1.390341144015015e+18,1,4.0,1390,40,251,921.9869995117188,2256.929931640625,45.1985863,-23.0511764,18.582399368286133,0.05015400052070618,1.5329999923706055,18.518400192260742,0.051500000059604645,0.07956399768590927,18.625999450683594,0.020999999716877937,1.2009999752044678,0.05999999865889549,-0.22480599582195282,-0.06402099877595901,2.319999933242798,0.9819999933242798,823.5670166015625,2.273400068283081,1.1225899457931519,0.7680000066757202,0.7459999918937683,0.33103400468826294,0.32155200839042664,1.0294899940490723,0.0,0.0,0.9742860198020935,1.0,18.50480079650879,0.06289999932050705,45.1986008,-23.0511944,24.7896,26.205400466918945,2.50806006079074e-05,0.031301099807024,-0.07173970341682434,3.5070301237283275e-05,t17_f5_c3,ZTF20abxyayj
2459144.8411458,1,1390341144015,20.791799545288086,/ztf/archive/sci/2020/1022/341146/ztf_20201022341146_000251_zg_c11_o_q1_scimrefdiffimg.fits.fz,Kulkarni,1,1.390341144015015e+18,t,4.0,1390,40,251,921.9869995117188,2256.929931640625,45.1985863,-23.0511764,18.582399368286133,0.05015400052070618,1.5329999923706055,18.518400192260742,0.051500000059604645,0.07956399768590927,18.625999450683594,0.020999999716877937,1.2009999752044678,0.05999999865889549,-0.22480599582195282,-0.06402099877595901,2.319999933242798,0.9819999933242798,823.5670166015625,2.273400068283081,1.1225899457931519,0.7680000066757202,0.7459999918937683,0.33103400468826294,0.32155200839042664,1.0294899940490723,0.0,0.0,0.9742860198020935,1.0,18.50480079650879,0.06289999932050705,45.1986008,-23.0511944,24.7896,26.205400466918945,2.50806006079074e-05,0.031301099807024,-0.07173970341682434,3.5070301237283275e-05,t17_f5_c3,ZTF20abxyayj
2459144.8979167,2,1390397914015,20.512500762939453,/ztf/archive/sci/2020/1022/397917/ztf_20201022397917_000251_zr_c11_o_q1_scimrefdiffimg.fits.fz,Kulkarni,1,1.390397914015015e+18,t,7.0,1390,40,251,929.7009887695312,2262.1298828125,45.1985673,-23.0512002,18.66029930114746,0.07275500148534775,3.056260108947754,18.638099670410156,0.07339999824762344,0.1525229960680008,18.13599967956543,0.032999999821186066,2.927000045776367,0.1469999998807907,-0.42186200618743896,-0.02218399941921234,2.259999990463257,0.9829999804496765,818.3660278320312,1.874400019645691,1.1230499744415283,0.7360000014305115,0.6899999976158142,0.3256640136241913,0.3053100109100342,1.0666699409484863,3.0,0.0,0.9599999785423279,1.0,18.523500442504883,0.0828000009059906,45.1986134,-23.0511963,20.6913,26.306299209594727,2.2601199816563167e-05,0.029347199946641922,0.14005699753761292,3.145300070173107e-05,t17_f5_c3,ZTF20abxyayj
2459145.7676852,1,1391267681315,20.280799865722656,/ztf/archive/sci/2020/1023/267685/ztf_20201023267685_001293_zg_c04_o_q2_scimrefdiffimg.fits.fz,Kulkarni,2,,,,1391,13,1293,,,,,,,,,,,,,,,,,,,,,,,,,,,,,,,,,,,,26.073699951171875,2.4755699996603653e-05,0.03041199967265129,-0.0498879998922348,3.519449819577858e-05,t17_f5_c3,ZTF20abxyayj
2459146.8773148,2,1392377314015,16.367300033569336,/ztf/archive/sci/2020/1024/377303/ztf_20201024377303_000251_zr_c11_o_q1_scimrefdiffimg.fits.fz,Kulkarni,1,,,,1392,40,251,,,,,,,,,,,,,,,,,,,,,,,,,,,,,,,,,,,,22.87929916381836,0.0030292998999357224,0.06567080318927765,0.027685999870300293,0.007880710065364838,t17_f5_c3,ZTF20abxyayj
2459150.8780324,1,1396378034015,19.177900314331055,/ztf/archive/sci/2020/1028/378032/ztf_20201028378032_000251_zg_c11_o_q1_scimrefdiffimg.fits.fz,Kulkarni,1,1.396378034015015e+18,t,5.0,1396,40,251,908.156005859375,2287.39990234375,45.1986074,-23.0512216,18.56279945373535,0.1291150003671646,1.3083000183105469,18.520599365234375,0.16609999537467957,0.09900400042533875,18.625999450683594,0.020999999716877937,1.2009999752044678,0.05999999865889549,-0.34856900572776794,-0.04219000041484833,3.2899999618530273,0.9819999933242798,793.0980224609375,0.657289981842041,0.9740260243415833,1.0140000581741333,0.9010000228881836,0.3082070052623749,0.27386000752449036,1.1254199743270874,3.0,0.0,0.9285709857940674,1.0,18.597900390625,0.22869999706745148,45.1986008,-23.0511944,11.626,26.280799865722656,7.625939906574786e-05,0.04659280180931091,-0.022153500467538834,0.00014288599777501076,t17_f5_c3,ZTF20abxyayj
2459151.8148611,1,1397314864015,18.859500885009766,/ztf/archive/sci/2020/1029/314861/ztf_20201029314861_000251_zg_c11_o_q1_scimrefdiffimg.fits.fz,Kulkarni,1,1.397314864015015e+18,1,4.0,1397,40,251,911.6010131835938,2287.14990234375,45.1986112,-23.0511218,18.6919002532959,0.1759600043296814,1.0572600364685059,18.945899963378906,0.28790000081062317,0.2601050138473511,18.625999450683594,0.020999999716877937,1.2009999752044678,0.05999999865889549,-0.1293340027332306,0.2540169954299927,4.570000171661377,0.9800000190734863,793.3510131835938,-0.08635299652814865,0.7999230027198792,1.218000054359436,1.0470000505447388,0.26652100682258606,0.2291029989719391,1.1633199453353882,1.0,0.0,0.7657139897346497,1.0,18.81559944152832,0.3278000056743622,45.1986008,-23.0511944,8.77947,26.291900634765625,9.067809878615662e-05,0.042320698499679565,-0.037963300943374634,0.0001871150016086176,t17_f5_c3,ZTF20abxyayj
2459151.8148611,1,1397314864015,18.859500885009766,/ztf/archive/sci/2020/1029/314861/ztf_20201029314861_000251_zg_c11_o_q1_scimrefdiffimg.fits.fz,Kulkarni,1,1.397314864015015e+18,t,4.0,1397,40,251,911.6010131835938,2287.14990234375,45.1986112,-23.0511218,18.6919002532959,0.1759600043296814,1.0572600364685059,18.945899963378906,0.28790000081062317,0.2601050138473511,18.625999450683594,0.020999999716877937,1.2009999752044678,0.05999999865889549,-0.1293340027332306,0.2540169954299927,4.570000171661377,0.9800000190734863,793.3510131835938,-0.08635299652814865,0.7999230027198792,1.218000054359436,1.0470000505447388,0.26652100682258606,0.2291029989719391,1.1633199453353882,1.0,0.0,0.7657139897346497,1.0,18.81559944152832,0.3278000056743622,45.1986008,-23.0511944,8.77947,26.291900634765625,9.067809878615662e-05,0.042320698499679565,-0.037963300943374634,0.0001871150016086176,t17_f5_c3,ZTF20abxyayj
2459151.8518056,2,1397351804015,19.200000762939453,/ztf/archive/sci/2020/1029/351806/ztf_20201029351806_000251_zr_c11_o_q1_scimrefdiffimg.fits.fz,Kulkarni,1,1.397351804015015e+18,t,4.0,1397,40,251,922.1079711914062,2290.14990234375,45.1986624,-23.051133,18.716100692749023,0.12386199831962585,0.8753269910812378,18.944599151611328,0.23800000548362732,0.2762719988822937,18.13599967956543,0.032999999821186066,2.927000045776367,0.1469999998807907,-0.2741050124168396,0.22851499915122986,3.4600000381469727,0.996999979019165,790.3469848632812,0.25541698932647705,0.9363660216331482,0.9039999842643738,0.781000018119812,0.26127201318740845,0.225722998380661,1.1574900150299072,4.0,0.0,0.9242860078811646,0.9933350086212158,18.9955997467041,0.3197999894618988,45.1986134,-23.0511963,9.74651,26.399099349975586,4.303179957787506e-05,0.04066409915685654,0.12654100358486176,6.041609958629124e-05,t17_f5_c3,ZTF20abxyayj
2459152.8168287,1,1398316824015,18.736400604248047,/ztf/archive/sci/2020/1030/316817/ztf_20201030316817_000251_zg_c11_o_q1_scimrefdiffimg.fits.fz,Kulkarni,1,1.398316824015015e+18,1,6.0,1398,40,251,930.093017578125,2284.590087890625,45.1984861,-23.0512355,18.591899871826172,0.15474000573158264,1.260390043258667,18.35700035095215,0.1875,0.4026060104370117,18.625999450683594,0.020999999716877937,1.2009999752044678,0.05999999865889549,-0.2594810128211975,-0.23487800359725952,3.200000047683716,0.9710000157356262,795.9140014648438,0.37943899631500244,1.1418499946594238,1.562000036239624,1.2790000438690186,0.4881249964237213,0.3996869921684265,1.221269965171814,1.0,0.0,0.5414289832115173,1.0,18.186500549316406,0.20569999516010284,45.1986008,-23.0511944,9.03449,26.335899353027344,0.00014333600120153278,0.049299098551273346,-0.058397699147462845,0.000327059009578079,t17_f5_c3,ZTF20abxyayj
2459152.8168287,1,1398316824015,18.736400604248047,/ztf/archive/sci/2020/1030/316817/ztf_20201030316817_000251_zg_c11_o_q1_scimrefdiffimg.fits.fz,Kulkarni,1,1.398316824015015e+18,t,6.0,1398,40,251,930.093017578125,2284.590087890625,45.1984861,-23.0512355,18.591899871826172,0.15474000573158264,1.260390043258667,18.35700035095215,0.1875,0.4026060104370117,18.625999450683594,0.020999999716877937,1.2009999752044678,0.05999999865889549,-0.2594810128211975,-0.23487800359725952,3.200000047683716,0.9710000157356262,795.9140014648438,0.37943899631500244,1.1418499946594238,1.562000036239624,1.2790000438690186,0.4881249964237213,0.3996869921684265,1.221269965171814,1.0,0.0,0.5414289832115173,1.0,18.186500549316406,0.20569999516010284,45.1986008,-23.0511944,9.03449,26.335899353027344,0.00014333600120153278,0.049299098551273346,-0.058397699147462845,0.000327059009578079,t17_f5_c3,ZTF20abxyayj
2459152.8788773,2,1398378874015,19.127399444580078,/ztf/archive/sci/2020/1030/378866/ztf_20201030378866_000251_zr_c11_o_q1_scimrefdiffimg.fits.fz,Kulkarni,1,1.398378874015015e+18,t,6.0,1398,40,251,927.041015625,2283.5,45.1986258,-23.0511439,18.733600616455078,0.14034800231456757,1.5980000495910645,18.552600860595703,0.1923999935388565,0.1905680000782013,18.13599967956543,0.032999999821186066,2.927000045776367,0.1469999998807907,-0.4475710093975067,-0.1810079962015152,2.8499999046325684,0.9810000061988831,796.9949951171875,0.5747759938240051,1.0470600128173828,1.0199999809265137,1.0019999742507935,0.35789498686790466,0.3515790104866028,1.0179599523544312,3.0,0.0,0.9142860174179077,1.0,18.205400466918945,0.179299995303154,45.1986134,-23.0511963,9.6908,26.38360023498535,5.507360037881881e-05,0.0460876002907753,0.12474700063467026,7.695789827266708e-05,t17_f5_c3,ZTF20abxyayj
2459153.8344444,2,1399334444015,19.081100463867188,/ztf/archive/sci/2020/1031/334444/ztf_20201031334444_000251_zr_c11_o_q1_scimrefdiffimg.fits.fz,Kulkarni,1,1.399334444015015e+18,1,6.0,1399,40,251,913.6370239257812,2279.429931640625,45.19868,-23.0511656,18.817399978637695,0.1776839941740036,1.2853599786758423,18.816499710083008,0.2718000113964081,0.24363000690937042,18.13599967956543,0.032999999821186066,2.927000045776367,0.1469999998807907,-0.9420589804649353,-0.00088900001719594,2.200000047683716,0.9789999723434448,801.073974609375,0.26456698775291443,1.275089979171753,0.828000009059906,0.7630000114440918,0.37636399269104004,0.3468180000782013,1.0851900577545166,7.0,0.0,0.9399999976158142,0.9095460176467896,18.609100341796875,0.288100004196167,45.1986134,-23.0511963,9.66207,26.394399642944336,4.827520024264231e-05,0.042219601571559906,0.12310200184583664,6.679930083919317e-05,t17_f5_c3,ZTF20abxyayj
2459145.7681597,1,1391268151315,20.271400451660156,/ztf/archive/sci/2020/1023/268160/ztf_20201023268160_001293_zg_c04_o_q2_scimrefdiffimg.fits.fz,Kulkarni,3,1.391268151315015e+18,t,1.0,1391,13,1293,743.322998046875,1521.239990234375,45.198647,-23.0512779,20.312400817871094,0.19181999564170837,0.7257509827613831,20.466899871826172,0.45100000500679016,0.32959800958633423,18.014999389648438,0.028999999165534973,1.5989999771118164,0.0820000022649765,-0.0013040000339969993,0.15454499423503876,1.3498300313949585,0.6589999794960022,743.322998046875,-0.19546300172805786,2.0,0.8579999804496765,0.7649999856948853,0.6356350183486938,0.5667380094528198,1.1215699911117554,3.0,0.0,0.9314290285110474,1.0,20.29949951171875,0.48980000615119934,45.1986211,-23.0511882,5.10955,26.073400497436523,3.237390046706423e-05,0.034725699573755264,-0.04215089976787567,4.6594599552918226e-05,t17_f5_c3,ZTF20abxyayj
2459149.7718634,1,1395271861315,18.5393009185791,/ztf/archive/sci/2020/1027/271863/ztf_20201027271863_001293_zg_c04_o_q2_scimrefdiffimg.fits.fz,Kulkarni,2,,,,1395,13,1293,,,,,,,,,,,,,,,,,,,,,,,,,,,,,,,,,,,,26.0226993560791,0.0001644849980948493,0.04132220149040222,-0.0003910659870598465,0.0004081650113221258,t17_f5_c3,ZTF20abxyayj
2459149.7723264,1,1395272321315,18.547500610351562,/ztf/archive/sci/2020/1027/272326/ztf_20201027272326_001293_zg_c04_o_q2_scimrefdiffimg.fits.fz,Kulkarni,3,,,,1395,13,1293,,,,,,,,,,,,,,,,,,,,,,,,,,,,,,,,,,,,26.027099609375,0.00016654499631840736,0.043977800756692886,-0.02578119933605194,0.000413108995417133,t17_f5_c3,ZTF20abxyayj
2459151.783287,1,1397283281315,18.918899536132812,/ztf/archive/sci/2020/1029/283287/ztf_20201029283287_001293_zg_c04_o_q2_scimrefdiffimg.fits.fz,Kulkarni,2,,,,1397,13,1293,,,,,,,,,,,,,,,,,,,,,,,,,,,,,,,,,,,,26.17959976196289,0.0001227830071002245,0.05380129814147949,-0.05434200167655945,0.0002477309899404645,t17_f5_c3,ZTF20abxyayj
2459151.7875,1,1397287491315,18.96809959411621,/ztf/archive/sci/2020/1029/287500/ztf_20201029287500_001293_zg_c04_o_q2_scimrefdiffimg.fits.fz,Kulkarni,3,,,,1397,13,1293,,,,,,,,,,,,,,,,,,,,,,,,,,,,,,,,,,,,26.179500579833984,7.547169661847875e-05,0.04368169978260994,-0.03985239937901497,0.00015019200509414077,t17_f5_c3,ZTF20abxyayj
2459153.8344444,2,1399334444015,19.081100463867188,/ztf/archive/sci/2020/1031/334444/ztf_20201031334444_000251_zr_c11_o_q1_scimrefdiffimg.fits.fz,Kulkarni,1,1.399334444015015e+18,t,6.0,1399,40,251,913.6370239257812,2279.429931640625,45.19868,-23.0511656,18.817399978637695,0.1776839941740036,1.2853599786758423,18.816499710083008,0.2718000113964081,0.24363000690937042,18.13599967956543,0.032999999821186066,2.927000045776367,0.1469999998807907,-0.9420589804649353,-0.00088900001719594,2.200000047683716,0.9789999723434448,801.073974609375,0.26456698775291443,1.275089979171753,0.828000009059906,0.7630000114440918,0.37636399269104004,0.3468180000782013,1.0851900577545166,7.0,0.0,0.9399999976158142,0.9095460176467896,18.609100341796875,0.288100004196167,45.1986134,-23.0511963,9.66207,26.394399642944336,4.827520024264231e-05,0.042219601571559906,0.12310200184583664,6.679930083919317e-05,t17_f5_c3,ZTF20abxyayj
2459153.8979282,1,1399397924015,18.648700714111328,/ztf/archive/sci/2020/1031/397928/ztf_20201031397928_000251_zg_c11_o_q1_scimrefdiffimg.fits.fz,Kulkarni,1,1.399397924015015e+18,t,5.0,1399,40,251,939.1279907226562,2275.080078125,45.1986949,-23.0511792,18.63759994506836,0.13944000005722046,1.003749966621399,18.415199279785156,0.2590000033378601,0.31255701184272766,18.625999450683594,0.020999999716877937,1.2009999752044678,0.05999999865889549,-1.3047000169754028,-0.22242599725723267,2.9200000762939453,0.996999979019165,805.4210205078125,0.2334669977426529,1.034209966659546,0.9490000009536743,0.8190000057220459,0.32499998807907104,0.2804790139198303,1.1587300300598145,4.0,0.0,0.9085710048675537,1.0,18.55430030822754,0.3781000077724457,45.1986008,-23.0511944,7.71103,26.265600204467773,9.138780296780169e-05,0.04150820150971413,-0.030815400183200836,0.00020464400586206466,t17_f5_c3,ZTF20abxyayj
2459154.8188889,1,1400318884015,18.78420066833496,/ztf/archive/sci/2020/1101/318877/ztf_20201101318877_000251_zg_c11_o_q1_scimrefdiffimg.fits.fz,Kulkarni,1,1.400318884015015e+18,1,1.0,1400,40,251,924.7990112304688,2277.489990234375,45.1986436,-23.0510949,18.60580062866211,0.14372499287128448,0.8220099806785583,18.724300384521484,0.3012999892234802,0.38020700216293335,18.625999450683594,0.020999999716877937,1.2009999752044678,0.05999999865889549,-0.3996819853782654,0.11854799836874008,2.7699999809265137,0.9800000190734863,803.010009765625,0.05990000069141388,1.0999799966812134,0.8230000138282776,0.7870000004768372,0.29711198806762695,0.2841159999370575,1.045740008354187,4.0,0.0,0.9371430277824402,0.982483983039856,18.605199813842773,0.3467000126838684,45.1986008,-23.0511944,9.3162,26.317800521850586,0.00010098700295202434,0.047842901200056076,-0.06321670114994049,0.00020467799913603812,t17_f5_c3,ZTF20abxyayj
2459154.8188889,1,1400318884015,18.78420066833496,/ztf/archive/sci/2020/1101/318877/ztf_20201101318877_000251_zg_c11_o_q1_scimrefdiffimg.fits.fz,Kulkarni,1,1.400318884015015e+18,t,1.0,1400,40,251,924.7990112304688,2277.489990234375,45.1986436,-23.0510949,18.60580062866211,0.14372499287128448,0.8220099806785583,18.724300384521484,0.3012999892234802,0.38020700216293335,18.625999450683594,0.020999999716877937,1.2009999752044678,0.05999999865889549,-0.3996819853782654,0.11854799836874008,2.7699999809265137,0.9800000190734863,803.010009765625,0.05990000069141388,1.0999799966812134,0.8230000138282776,0.7870000004768372,0.29711198806762695,0.2841159999370575,1.045740008354187,4.0,0.0,0.9371430277824402,0.982483983039856,18.605199813842773,0.3467000126838684,45.1986008,-23.0511944,9.3162,26.317800521850586,0.00010098700295202434,0.047842901200056076,-0.06321670114994049,0.00020467799913603812,t17_f5_c3,ZTF20abxyayj
2459154.8198264,1,1400319824015,18.794599533081055,/ztf/archive/sci/2020/1101/319815/ztf_20201101319815_000251_zg_c11_o_q1_scimrefdiffimg.fits.fz,TESS,3,1.400319824015015e+18,t,6.0,1400,40,251,929.9910278320312,2278.919921875,45.198542,-23.0512647,18.667400360107422,0.13766799867153168,1.0911600589752197,18.60700035095215,0.2824000120162964,0.3152979910373688,18.625999450683594,0.020999999716877937,1.2009999752044678,0.05999999865889549,0.5044029951095581,-0.06035999953746796,4.940000057220459,0.9940000176429749,801.5819702148438,0.1875779926776886,0.5849180221557617,0.9860000014305115,0.7870000004768372,0.19959500432014465,0.15931199491024017,1.2528599500656128,4.0,0.0,0.7585710287094116,0.9796469807624817,18.786100387573242,0.427700012922287,45.1986008,-23.0511944,9.46177,26.273399353027344,8.001919923117384e-05,0.04590719938278198,-0.017954999580979347,0.00015330599853768945,t17_f5_c3,ZTF20abxyayj
2459155.8566551,1,1401356654015,19.126399993896484,/ztf/archive/sci/2020/1102/356644/ztf_20201102356644_000251_zg_c11_o_q1_scimrefdiffimg.fits.fz,TESS,3,1.401356654015015e+18,t,4.0,1401,40,251,935.291015625,2277.1298828125,45.1986323,-23.0512225,18.636899948120117,0.1048780009150505,1.138159990310669,18.614299774169922,0.22269999980926514,0.14439600706100464,18.625999450683594,0.020999999716877937,1.2009999752044678,0.05999999865889549,-0.6923949718475342,-0.022582000121474266,2.5299999713897705,0.984000027179718,803.3690185546875,0.512054979801178,1.077180027961731,0.8769999742507935,0.8450000286102295,0.3466399908065796,0.33399200439453125,1.0378700494766235,2.0,0.0,0.9542859792709351,1.0,18.9950008392334,0.40540000796318054,45.1986008,-23.0511944,11.2677,26.307899475097656,7.446629751939327e-05,0.0485835000872612,-0.036486901342868805,0.00013430700346361846,t17_f5_c3,ZTF20abxyayj
2459156.795544,2,1402295544015,19.603599548339844,/ztf/archive/sci/2020/1103/295544/ztf_20201103295544_000251_zr_c11_o_q1_scimrefdiffimg.fits.fz,TESS,3,1.402295544015015e+18,1,1.0,1402,40,251,924.5640258789062,2259.610107421875,45.1985892,-23.051203,18.76959991455078,0.104544997215271,2.3524301052093506,18.969600677490234,0.20990000665187836,0.08259899914264679,18.13599967956543,0.032999999821186066,2.927000045776367,0.1469999998807907,0.45178499817848206,0.2000499963760376,2.109999895095825,1.0,820.885986328125,0.6339979767799377,1.234320044517517,0.6520000100135803,0.621999979019165,0.3090049922466278,0.2947869896888733,1.0482300519943237,3.0,0.0,0.942857027053833,1.0,18.716299057006836,0.21289999783039093,45.1986134,-23.0511963,16.1959,26.38759994506836,2.030729956459254e-05,0.027862200513482094,0.11528000235557556,2.8129399652243592e-05,t17_f5_c3,ZTF20abxyayj
2459156.8115856,2,1402311584015,19.728700637817383,/ztf/archive/sci/2020/1103/311586/ztf_20201103311586_000251_zr_c11_o_q1_scimrefdiffimg.fits.fz,Kulkarni,1,1.402311584015015e+18,1,4.0,1402,40,251,925.0280151367188,2260.419921875,45.198609,-23.051211,18.88249969482422,0.10651300102472305,1.7265700101852417,19.047199249267578,0.21199999749660492,0.054104000329971313,18.13599967956543,0.032999999821186066,2.927000045776367,0.1469999998807907,-0.11974400281906128,0.16466699540615082,2.2300000190734863,0.9810000061988831,820.0819702148438,0.6814749836921692,1.1087599992752075,0.722000002861023,0.6449999809265137,0.3237670063972473,0.28923800587654114,1.119379997253418,3.0,0.0,0.9528570175170898,0.9797469973564148,18.76289939880371,0.20890000462532043,45.1986134,-23.0511963,12.5996,26.370500564575195,2.4462500732624903e-05,0.03053399920463562,0.1328440010547638,3.3884098229464144e-05,t17_f5_c3,ZTF20abxyayj
2459156.8115856,2,1402311584015,19.728700637817383,/ztf/archive/sci/2020/1103/311586/ztf_20201103311586_000251_zr_c11_o_q1_scimrefdiffimg.fits.fz,Kulkarni,1,1.402311584015015e+18,t,4.0,1402,40,251,925.0280151367188,2260.419921875,45.198609,-23.051211,18.88249969482422,0.10651300102472305,1.7265700101852417,19.047199249267578,0.21199999749660492,0.054104000329971313,18.13599967956543,0.032999999821186066,2.927000045776367,0.1469999998807907,-0.11974400281906128,0.16466699540615082,2.2300000190734863,0.9810000061988831,820.0819702148438,0.6814749836921692,1.1087599992752075,0.722000002861023,0.6449999809265137,0.3237670063972473,0.28923800587654114,1.119379997253418,3.0,0.0,0.9528570175170898,0.9797469973564148,18.76289939880371,0.20890000462532043,45.1986134,-23.0511963,12.5996,26.370500564575195,2.4462500732624903e-05,0.03053399920463562,0.1328440010547638,3.3884098229464144e-05,t17_f5_c3,ZTF20abxyayj
2459156.8431829,1,1402343184015,19.327600479125977,/ztf/archive/sci/2020/1103/343183/ztf_20201103343183_000251_zg_c11_o_q1_scimrefdiffimg.fits.fz,Kulkarni,1,1.402343184015015e+18,t,4.0,1402,40,251,916.9199829101562,2265.179931640625,45.1985786,-23.0511841,18.702600479125977,0.1091729998588562,1.09375,18.819000244140625,0.2287999987602234,0.08124099671840668,18.625999450683594,0.020999999716877937,1.2009999752044678,0.05999999865889549,-0.9637759923934937,0.11638899892568588,2.700000047683716,0.9850000143051147,815.3159790039062,0.5086489915847778,0.9859139919281006,0.8159999847412109,0.7250000238418579,0.30222201347351074,0.26851901412010193,1.1255199909210205,2.0,0.0,0.9557139873504639,1.0,18.693700790405273,0.2615000009536743,45.1986008,-23.0511944,12.7702,26.277599334716797,5.3729101637145504e-05,0.043207600712776184,-0.02581940032541752,9.257160127162933e-05,t17_f5_c3,ZTF20abxyayj
2459158.7929977,1,1404292994015,19.192100524902344,/ztf/archive/sci/2020/1105/292986/ztf_20201105292986_000251_zg_c11_o_q1_scimrefdiffimg.fits.fz,Kulkarni,1,1.404292994015015e+18,1,6.0,1404,40,251,929.010009765625,2273.340087890625,45.1985521,-23.0511271,18.623899459838867,0.12702800333499908,1.089900016784668,18.681400299072266,0.16050000488758087,0.28732600808143616,18.625999450683594,0.020999999716877937,1.2009999752044678,0.05999999865889549,0.11619699746370316,0.057537999004125595,5.139999866485596,0.9779999852180481,807.1580200195312,0.5106920003890991,0.7424600124359131,1.2079999446868896,1.0839999914169312,0.2350189983844757,0.21089500188827515,1.1143900156021118,2.0,0.0,0.7671430110931396,0.9892510175704956,18.655399322509766,0.2003999948501587,45.1986008,-23.0511944,12.1559,26.250900268554688,7.529569847974926e-05,0.04539889842271805,-0.018894199281930923,0.00014410700532607734,t17_f5_c3,ZTF20abxyayj
2459158.7929977,1,1404292994015,19.192100524902344,/ztf/archive/sci/2020/1105/292986/ztf_20201105292986_000251_zg_c11_o_q1_scimrefdiffimg.fits.fz,Kulkarni,1,1.404292994015015e+18,t,6.0,1404,40,251,929.010009765625,2273.340087890625,45.1985521,-23.0511271,18.623899459838867,0.12702800333499908,1.089900016784668,18.681400299072266,0.16050000488758087,0.28732600808143616,18.625999450683594,0.020999999716877937,1.2009999752044678,0.05999999865889549,0.11619699746370316,0.057537999004125595,5.139999866485596,0.9779999852180481,807.1580200195312,0.5106920003890991,0.7424600124359131,1.2079999446868896,1.0839999914169312,0.2350189983844757,0.21089500188827515,1.1143900156021118,2.0,0.0,0.7671430110931396,0.9892510175704956,18.655399322509766,0.2003999948501587,45.1986008,-23.0511944,12.1559,26.250900268554688,7.529569847974926e-05,0.04539889842271805,-0.018894199281930923,0.00014410700532607734,t17_f5_c3,ZTF20abxyayj
2459158.8749421,2,1404374944015,19.136999130249023,/ztf/archive/sci/2020/1105/374931/ztf_20201105374931_000251_zr_c11_o_q1_scimrefdiffimg.fits.fz,Kulkarni,1,1.404374944015015e+18,t,4.0,1404,40,251,945.7540283203125,2273.4599609375,45.1987574,-23.0511164,18.71310043334961,0.16319400072097778,1.2356300354003906,18.631099700927734,0.148499995470047,0.5500590205192566,18.13599967956543,0.032999999821186066,2.927000045776367,0.1469999998807907,-0.25552600622177124,-0.08204100281000137,5.619999885559082,0.9679999947547913,807.0449829101562,0.5059019923210144,0.7391120195388794,1.621000051498413,1.503999948501587,0.2884339988231659,0.26761600375175476,1.0777900218963623,0.0,0.0,0.4328570067882538,1.0,18.449199676513672,0.1606999933719635,45.1986134,-23.0511963,10.038,26.33609962463379,8.244030323112383e-05,0.05372999981045723,0.13865099847316742,0.00011346500104991719,t17_f5_c3,ZTF20abxyayj
2459165.8115162,1,1411311514015,20.31730079650879,/ztf/archive/sci/2020/1112/311505/ztf_20201112311505_000251_zg_c11_o_q1_scimrefdiffimg.fits.fz,Kulkarni,1,1.411311514015015e+18,1,3.0,1411,40,251,914.239990234375,2290.989990234375,45.198588,-23.0511388,18.690500259399414,0.06622699648141861,1.5777599811553955,18.65850067138672,0.07980000227689743,0.1956920027732849,18.625999450683594,0.020999999716877937,1.2009999752044678,0.05999999865889549,-0.43248099088668823,-0.03200799971818924,2.7100000381469727,0.9829999804496765,789.510986328125,1.6587799787521362,1.0209100246429443,0.828000009059906,0.7870000004768372,0.3055349886417389,0.2904059886932373,1.0520999431610107,1.0,0.0,0.9628570079803467,1.0,18.709400177001953,0.10559999942779541,45.1986008,-23.0511944,21.9851,26.305500030517578,2.9506600185413845e-05,0.03379030153155327,-0.06364160031080246,4.218050162307918e-05,t17_f5_c3,ZTF20abxyayj
2459166.7935185,2,1412293514015,20.16469955444336,/ztf/archive/sci/2020/1113/293518/ztf_20201113293518_000251_zr_c11_o_q1_scimrefdiffimg.fits.fz,Kulkarni,1,1.412293514015015e+18,1,5.0,1412,40,251,907.218017578125,2313.0400390625,45.1985668,-23.0511479,18.796899795532227,0.0889120027422905,1.4170199632644653,18.73509979248047,0.10090000182390213,0.22974200546741486,18.13599967956543,0.032999999821186066,2.927000045776367,0.1469999998807907,-0.5686129927635193,-0.06176599860191345,2.200000047683716,0.9810000061988831,767.4600219726562,1.4295899868011475,1.2207200527191162,0.7670000195503235,0.7229999899864197,0.3486360013484955,0.3286359906196594,1.06086003780365,0.0,0.0,0.9642860293388367,1.0,18.65060043334961,0.11829999834299088,45.1986134,-23.0511963,12.1879,26.337900161743164,2.4329299776582047e-05,0.030716700479388237,0.13484099507331848,3.4461099858162925e-05,t17_f5_c3,ZTF20abxyayj
2459168.7712847,1,1414271284015,20.27199935913086,/ztf/archive/sci/2020/1115/271285/ztf_20201115271285_000251_zg_c11_o_q1_scimrefdiffimg.fits.fz,Kulkarni,1,1.414271284015015e+18,1,4.0,1414,40,251,920.5239868164062,2294.360107421875,45.1985843,-23.0512136,18.669200897216797,0.08309800177812576,4.51338005065918,18.703100204467773,0.0877000018954277,0.08705800026655197,18.625999450683594,0.020999999716877937,1.2009999752044678,0.05999999865889549,0.21682000160217285,0.03393299877643585,2.509999990463257,0.9909999966621399,786.1439819335938,1.5688600540161133,1.0848400592803955,0.7879999876022339,0.7580000162124634,0.313944011926651,0.3019919991493225,1.03957998752594,2.0,0.0,0.9614289999008179,1.0,18.635099411010742,0.10429999977350235,45.1986008,-23.0511944,26.0063,26.29319953918457,3.000330070790369e-05,0.03418780118227005,-0.059787798672914505,4.262729999027215e-05,t17_f5_c3,ZTF20abxyayj
2459156.795544,2,1402295544015,19.603599548339844,/ztf/archive/sci/2020/1103/295544/ztf_20201103295544_000251_zr_c11_o_q1_scimrefdiffimg.fits.fz,TESS,3,1.402295544015015e+18,t,1.0,1402,40,251,924.5640258789062,2259.610107421875,45.1985892,-23.051203,18.76959991455078,0.104544997215271,2.3524301052093506,18.969600677490234,0.20990000665187836,0.08259899914264679,18.13599967956543,0.032999999821186066,2.927000045776367,0.1469999998807907,0.45178499817848206,0.2000499963760376,2.109999895095825,1.0,820.885986328125,0.6339979767799377,1.234320044517517,0.6520000100135803,0.621999979019165,0.3090049922466278,0.2947869896888733,1.0482300519943237,3.0,0.0,0.942857027053833,1.0,18.716299057006836,0.21289999783039093,45.1986134,-23.0511963,16.1959,26.38759994506836,2.030729956459254e-05,0.027862200513482094,0.11528000235557556,2.8129399652243592e-05,t17_f5_c3,ZTF20abxyayj
2459156.8354282,1,1402335424015,19.371400833129883,/ztf/archive/sci/2020/1103/335428/ztf_20201103335428_000251_zg_c11_o_q1_scimrefdiffimg.fits.fz,TESS,3,1.402335424015015e+18,t,2.0,1402,40,251,923.5989990234375,2271.800048828125,45.1985811,-23.0511484,18.683500289916992,0.11456800252199173,1.451159954071045,18.476699829101562,0.16009999811649323,0.1756249964237213,18.625999450683594,0.020999999716877937,1.2009999752044678,0.05999999865889549,-0.9653930068016052,-0.2068289965391159,2.2799999713897705,0.9829999804496765,808.697021484375,0.8947100043296814,1.171679973602295,0.7760000228881836,0.6729999780654907,0.3403509855270386,0.2951749861240387,1.1530499458312988,5.0,0.0,0.9657139778137207,0.9676889777183533,18.517799377441406,0.21320000290870667,45.1986008,-23.0511944,15.3664,26.315500259399414,5.179169966140762e-05,0.04196310043334961,-0.07859809696674347,8.639530278742313e-05,t17_f5_c3,ZTF20abxyayj
2459158.8064005,1,1404306401315,19.224300384521484,/ztf/archive/sci/2020/1105/306400/ztf_20201105306400_001293_zg_c04_o_q2_scimrefdiffimg.fits.fz,Kulkarni,2,,,,1404,13,1293,,,,,,,,,,,,,,,,,,,,,,,,,,,,,,,,,,,,26.167800903320312,7.342609751503915e-05,0.044620998203754425,-0.03214539960026741,0.00013636599760502577,t17_f5_c3,ZTF20abxyayj
2459158.806875,1,1404306871315,19.228099822998047,/ztf/archive/sci/2020/1105/306863/ztf_20201105306863_001293_zg_c04_o_q2_scimrefdiffimg.fits.fz,Kulkarni,3,,,,1404,13,1293,,,,,,,,,,,,,,,,,,,,,,,,,,,,,,,,,,,,26.164400100708008,9.986120130633935e-05,0.05413210019469261,-0.0353986993432045,0.0001787450019037351,t17_f5_c3,ZTF20abxyayj
2459168.7493171,1,1414249311315,20.18079948425293,/ztf/archive/sci/2020/1115/249317/ztf_20201115249317_001293_zg_c04_o_q2_scimrefdiffimg.fits.fz,Kulkarni,2,,,,1414,13,1293,,,,,,,,,,,,,,,,,,,,,,,,,,,,,,,,,,,,26.19300079345703,2.243189919681754e-05,0.028917500749230385,-0.07719189673662186,3.294569978606887e-05,t17_f5_c3,ZTF20abxyayj
2459168.7497917,1,1414249791315,20.1825008392334,/ztf/archive/sci/2020/1115/249792/ztf_20201115249792_001293_zg_c04_o_q2_scimrefdiffimg.fits.fz,Kulkarni,3,,,,1414,13,1293,,,,,,,,,,,,,,,,,,,,,,,,,,,,,,,,,,,,26.190200805664062,2.5215400455635972e-05,0.030973199754953384,-0.0653373971581459,3.652249870356172e-05,t17_f5_c3,ZTF20abxyayj
2459169.7722338,2,1415272234015,19.967100143432617,/ztf/archive/sci/2020/1116/272234/ztf_20201116272234_000251_zr_c11_o_q1_scimrefdiffimg.fits.fz,Kulkarni,1,1.415272234015015e+18,1,10.0,1415,40,251,918.0360107421875,2282.260009765625,45.1985909,-23.0511939,18.750699996948242,0.09178300201892853,1.0747699737548828,18.75160026550293,0.1071000024676323,0.07400000095367432,18.13599967956543,0.032999999821186066,2.927000045776367,0.1469999998807907,0.21999900043010712,0.0008629999938420951,2.869999885559082,0.9829999804496765,798.2379760742188,1.2154699563980103,1.0681300163269043,0.9430000185966492,0.8920000195503235,0.32857099175453186,0.3108009994029999,1.0571800470352173,1.0,0.0,0.9585710167884827,1.0,18.8031005859375,0.14249999821186066,45.1986134,-23.0511963,15.3253,26.367700576782227,2.272040001116693e-05,0.02937999926507473,0.13696399331092834,3.1720799597678706e-05,t17_f5_c3,ZTF20abxyayj
2459169.8337037,1,1415333704015,19.89259910583496,/ztf/archive/sci/2020/1116/333704/ztf_20201116333704_000251_zg_c11_o_q1_scimrefdiffimg.fits.fz,Kulkarni,1,1.415333704015015e+18,1,4.0,1415,40,251,921.0919799804688,2277.889892578125,45.1986687,-23.0511787,18.683900833129883,0.08416999876499176,0.9837239980697632,18.748899459838867,0.09960000216960907,0.2271759957075119,18.625999450683594,0.020999999716877937,1.2009999752044678,0.05999999865889549,-0.10701599717140198,0.0649930015206337,4.179999828338623,0.9649999737739563,802.6069946289062,1.1436799764633179,0.8404120206832886,1.1130000352859497,1.027999997138977,0.2662679851055145,0.24593299627304077,1.0826799869537354,0.0,0.0,0.9285709857940674,1.0,18.798500061035156,0.13230000436306,45.1986008,-23.0511944,19.1366,26.285900115966797,4.1955798224080354e-05,0.03919219970703125,-0.034735798835754395,6.661019870080054e-05,t17_f5_c3,ZTF20abxyayj
2459169.8475463,1,1415347541315,19.851200103759766,/ztf/archive/sci/2020/1116/347546/ztf_20201116347546_001293_zg_c04_o_q2_scimrefdiffimg.fits.fz,Kulkarni,2,,,,1415,13,1293,,,,,,,,,,,,,,,,,,,,,,,,,,,,,,,,,,,,26.181299209594727,3.343999924254604e-05,0.03421400114893913,-0.04757479950785637,5.2944298658985645e-05,t17_f5_c3,ZTF20abxyayj
2459171.8071759,1,1417307174015,20.2189998626709,/ztf/archive/sci/2020/1118/307176/ztf_20201118307176_000251_zg_c11_o_q1_scimrefdiffimg.fits.fz,Kulkarni,1,1.417307174015015e+18,1,7.0,1417,40,251,930.97900390625,2273.830078125,45.1985876,-23.0511853,18.631799697875977,0.0735199972987175,1.359320044517517,18.50779914855957,0.07569999992847443,0.054092999547719955,18.625999450683594,0.020999999716877937,1.2009999752044678,0.05999999865889549,-0.26235198974609375,-0.12396900355815887,2.5399999618530273,0.9829999804496765,806.6740112304688,1.7112300395965576,1.091040015220642,0.8899999856948853,0.7860000133514404,0.35039401054382324,0.3094489872455597,1.1323200464248657,0.0,0.0,0.9685710072517395,1.0,18.544300079345703,0.09889999777078629,45.1986008,-23.0511944,23.7311,26.278799057006836,2.4201999622164294e-05,0.030589599162340164,-0.039220698177814484,3.5385201044846326e-05,t17_f5_c3,ZTF20abxyayj
2459176.7593519,1,1422259354015,19.548200607299805,/ztf/archive/sci/2020/1123/259352/ztf_20201123259352_000251_zg_c11_o_q1_scimrefdiffimg.fits.fz,Kulkarni,1,1.422259354015015e+18,1,4.0,1422,40,251,934.4819946289062,2272.1201171875,45.198657,-23.0512237,18.697599411010742,0.09015599638223648,1.1503599882125854,18.524099349975586,0.13259999454021454,0.21135300397872925,18.625999450683594,0.020999999716877937,1.2009999752044678,0.05999999865889549,-0.39244699478149414,-0.17353500425815582,2.809999942779541,0.9819999933242798,808.3790283203125,1.024090051651001,1.026729941368103,0.9179999828338623,0.8820000290870667,0.3266899883747101,0.31387901306152344,1.0408200025558472,2.0,0.0,0.9657139778137207,0.9902240037918091,18.34630012512207,0.14409999549388885,45.1986008,-23.0511944,15.6591,26.13159942626953,4.205519871902652e-05,0.03859980031847954,-0.04597330093383789,6.706950080115348e-05,t17_f5_c3,ZTF20abxyayj
2459184.7433102,1,1430243314015,18.971399307250977,/ztf/archive/sci/2020/1201/243310/ztf_20201201243310_000251_zg_c11_o_q1_scimrefdiffimg.fits.fz,Kulkarni,1,1.430243314015015e+18,1,5.0,1430,40,251,912.7509765625,2298.110107421875,45.1986022,-23.051209,18.559099197387695,0.12085799872875214,1.0082299709320068,18.57900047302246,0.22869999706745148,0.052028998732566833,18.625999450683594,0.020999999716877937,1.2009999752044678,0.05999999865889549,0.7512590289115906,0.019869999960064888,2.6700000762939453,0.9829999804496765,782.3870239257812,0.3923510015010834,1.1088900566101074,0.8840000033378601,0.8100000023841858,0.33108600974082947,0.30337101221084595,1.0913599729537964,3.0,0.0,0.9371430277824402,1.0,18.528400421142578,0.28029999136924744,45.1986008,-23.0511944,11.4827,26.296100616455078,8.5015497461427e-05,0.04781169816851616,-0.02887989953160286,0.00015924200124572963,t17_f5_c3,ZTF20abxyayj
2459185.7531019,2,1431253104015,19.474000930786133,/ztf/archive/sci/2020/1202/253102/ztf_20201202253102_000251_zr_c11_o_q1_scimrefdiffimg.fits.fz,Kulkarni,1,1.431253104015015e+18,1,3.0,1431,40,251,921.3300170898438,2297.47998046875,45.1986366,-23.0511969,18.834800720214844,0.13223500549793243,1.667639970779419,18.790700912475586,0.18619999289512634,0.07600799947977066,18.13599967956543,0.032999999821186066,2.927000045776367,0.1469999998807907,0.35697999596595764,-0.04413200169801712,2.319999933242798,1.0,783.02099609375,0.6833140254020691,1.2081700563430786,0.8949999809265137,0.8019999861717224,0.38577601313591003,0.3456900119781494,1.1159600019454956,2.0,0.0,0.9542859792709351,1.0,18.647499084472656,0.20890000462532043,45.1986134,-23.0511963,12.4098,26.369800567626953,2.8277900128159672e-05,0.03303910046815872,0.12401700019836426,3.951949838665314e-05,t17_f5_c3,ZTF20abxyayj
2459187.7904398,2,1433290434015,19.377199172973633,/ztf/archive/sci/2020/1204/290440/ztf_20201204290440_000251_zr_c11_o_q1_scimrefdiffimg.fits.fz,Kulkarni,1,1.433290434015015e+18,1,8.0,1433,40,251,917.760009765625,2305.719970703125,45.198692,-23.0511475,18.882099151611328,0.1302410066127777,1.2270400524139404,18.854400634765625,0.17010000348091125,0.31002599000930786,18.13599967956543,0.032999999821186066,2.927000045776367,0.1469999998807907,-0.5299080014228821,-0.02770400047302246,3.6500000953674316,0.9779999852180481,774.7780151367188,0.522832989692688,0.9785640239715576,1.1399999856948853,1.0449999570846558,0.3123289942741394,0.28630098700523376,1.0909099578857422,1.0,0.0,0.8714290261268616,1.0,18.905099868774414,0.22779999673366547,45.1986134,-23.0511963,11.1155,26.3710994720459,3.7396199331851676e-05,0.03762270137667656,0.132764995098114,5.257809971226379e-05,t17_f5_c3,ZTF20abxyayj
2460262.8189236,1,2508318924015,20.213899612426758,/ztf/archive/sci/2023/1114/318912/ztf_20231114318912_000251_zg_c11_o_q1_scimrefdiffimg.fits.fz,Kulkarni,1,2.508318924015015e+18,t,11.0,2508,40,251,943.041015625,2322.610107421875,45.1985869,-23.051111,19.148000717163086,0.12177900224924088,1.8879400491714478,19.43000030517578,0.1826999932527542,0.29986000061035156,18.625999450683594,0.020999999716877937,1.2009999752044678,0.05999999865889549,0.2887369990348816,0.28196200728416443,2.059999942779541,0.9789999723434448,757.8900146484375,0.7839170098304749,1.287600040435791,0.6060000061988831,0.5979999899864197,0.29417499899864197,0.2902910113334656,1.0133800506591797,4.0,0.0,0.9614289999008179,0.995872974395752,19.409700393676758,0.2282000035047531,45.1986008,-23.0511944,11.568,26.256999969482422,2.0499299353105016e-05,0.028026500716805458,-0.021127300336956978,2.982769910886418e-05,t17_f5_c3,ZTF20abxyayj
2460285.7296644,1,2531229664015,20.240299224853516,/ztf/archive/sci/2023/1207/229641/ztf_20231207229641_000251_zg_c11_o_q1_scimrefdiffimg.fits.fz,Kulkarni,1,2.531229664015015e+18,t,6.0,2531,40,251,873.5889892578125,2295.260009765625,45.198582,-23.0511528,19.331300735473633,0.13475799560546875,2.163749933242798,19.297700881958008,0.15379999577999115,0.16023799777030945,18.625999450683594,0.020999999716877937,1.2009999752044678,0.05999999865889549,-0.22247999906539917,-0.033569999039173126,2.7100000381469727,0.972000002861023,785.2410278320312,0.9425539970397949,1.0082000494003296,0.8159999847412109,0.7260000109672546,0.3011069893836975,0.26789700984954834,1.1239700317382812,5.0,0.0,0.9642860293388367,0.9848480224609375,19.364900588989258,0.2078000009059906,45.1986008,-23.0511944,13.4319,26.277299880981445,2.5444200218771584e-05,0.030673200264573097,-0.04904479905962944,3.736669896170497e-05,t17_f5_c3,ZTF20abxyayj
2460288.7309491,2,2534230944015,19.049400329589844,/ztf/archive/sci/2023/1210/230938/ztf_20231210230938_000251_zr_c11_o_q1_scimrefdiffimg.fits.fz,Kulkarni,1,,,,2534,40,251,,,,,,,,,,,,,,,,,,,,,,,,,,,,,,,,,,,,26.333099365234375,9.553859854349867e-05,0.04730119928717613,0.1468839943408966,0.0001416000013705343,t17_f5_c3,ZTF20abxyayj
2460288.7743287,1,2534274324015,19.600500106811523,/ztf/archive/sci/2023/1210/274317/ztf_20231210274317_000251_zg_c11_o_q1_scimrefdiffimg.fits.fz,Kulkarni,1,,,,2534,40,251,,,,,,,,,,,,,,,,,,,,,,,,,,,,,,,,,,,,26.261999130249023,6.492830289062113e-05,0.0454815998673439,-0.03803059831261635,0.00011353199806762859,t17_f5_c3,ZTF20abxyayj
2460289.7053241,1,2535205324015,19.840099334716797,/ztf/archive/sci/2023/1211/205312/ztf_20231211205312_000251_zg_c11_o_q1_scimrefdiffimg.fits.fz,Kulkarni,1,,,,2535,40,251,,,,,,,,,,,,,,,,,,,,,,,,,,,,,,,,,,,,26.145599365234375,3.308480154373683e-05,0.03439059853553772,-0.04397739842534065,5.2493200200842693e-05,t17_f5_c3,ZTF20abxyayj
2460289.7941435,2,2535294144015,19.067399978637695,/ztf/archive/sci/2023/1211/294144/ztf_20231211294144_000251_zr_c11_o_q1_scimrefdiffimg.fits.fz,Kulkarni,1,,,,2535,40,251,,,,,,,,,,,,,,,,,,,,,,,,,,,,,,,,,,,,25.814199447631836,3.9288399420911446e-05,0.038079600781202316,0.12581999599933624,5.651500032399781e-05,t17_f5_c3,ZTF20abxyayj
2460291.6981713,1,2537198174015,19.95599937438965,/ztf/archive/sci/2023/1213/198148/ztf_20231213198148_000251_zg_c11_o_q1_scimrefdiffimg.fits.fz,Kulkarni,1,,,,2537,40,251,,,,,,,,,,,,,,,,,,,,,,,,,,,,,,,,,,,,26.267499923706055,5.624210098176263e-05,0.04457860067486763,-0.05595260113477707,8.769759733695537e-05,t17_f5_c3,ZTF20abxyayj
2460291.7315278,2,2537231524015,19.936500549316406,/ztf/archive/sci/2023/1213/231528/ztf_20231213231528_000251_zr_c11_o_q1_scimrefdiffimg.fits.fz,Kulkarni,1,2.537231524015015e+18,t,12.0,2537,40,251,882.1719970703125,2327.56005859375,45.1985742,-23.0511185,19.2898006439209,0.15270400047302246,1.179319977760315,19.197099685668945,0.15780000388622284,0.3047870099544525,18.13599967956543,0.032999999821186066,2.927000045776367,0.1469999998807907,-0.06333599984645844,-0.09269600361585617,2.990000009536743,0.8009999990463257,752.9409790039062,0.7394440174102783,1.0743900537490845,0.9779999852180481,0.9120000004768372,0.32708999514579773,0.30501699447631836,1.0723700523376465,2.0,0.0,0.9528570175170898,1.0,19.058000564575195,0.17659999430179596,45.1986134,-23.0511963,8.66476,26.34079933166504,3.6891098716296256e-05,0.036929599940776825,0.13593000173568726,5.219200102146715e-05,t17_f5_c3,ZTF20abxyayj
2460296.7590741,1,2542259074015,19.202699661254883,/ztf/archive/sci/2023/1218/259074/ztf_20231218259074_000251_zg_c11_o_q1_scimrefdiffimg.fits.fz,Kulkarni,1,2.542259074015015e+18,t,5.0,2542,40,251,884.4920043945312,2336.300048828125,45.1985723,-23.0512942,19.158199310302734,0.21944500505924225,1.216670036315918,19.22249984741211,0.3257000148296356,0.3668760061264038,18.625999450683594,0.020999999716877937,1.2009999752044678,0.05999999865889549,-1.2375600337982178,0.06434299796819687,1.590000033378601,0.9020000100135803,744.2039794921875,-0.019819999113678932,1.9202300310134888,0.9449999928474426,0.7599999904632568,0.5943400263786316,0.47798699140548706,1.2434200048446655,5.0,0.0,0.9185709953308105,0.9990130066871643,19.287099838256836,0.44290000200271606,45.1986008,-23.0511944,7.47474,25.811199188232422,7.02223987900652e-05,0.04641519859433174,-0.025366399437189102,0.0001239179982803762,t17_f5_c3,ZTF20abxyayj
2460306.6676505,1,2552167654015,19.287500381469727,/ztf/archive/sci/2023/1228/167130/ztf_20231228167130_000251_zg_c11_o_q1_scimrefdiffimg.fits.fz,Kulkarni,1,,,,2552,40,251,,,,,,,,,,,,,,,,,,,,,,,,,,,,,,,,,,,,26.283700942993164,5.178969877306372e-05,0.04155220091342926,-0.032642100006341934,8.915940270526335e-05,t17_f5_c3,ZTF20abxyayj
2460306.7596875,2,2552259684015,18.332199096679688,/ztf/archive/sci/2023/1228/259676/ztf_20231228259676_000251_zr_c11_o_q1_scimrefdiffimg.fits.fz,Kulkarni,1,,,,2552,40,251,,,,,,,,,,,,,,,,,,,,,,,,,,,,,,,,,,,,25.781600952148438,0.00012015800166409463,0.05617859959602356,0.11391100287437439,0.00017465300334151834,t17_f5_c3,ZTF20abxyayj
2460308.6681019,1,2554168104015,19.170700073242188,/ztf/archive/sci/2023/1230/168090/ztf_20231230168090_000251_zg_c11_o_q1_scimrefdiffimg.fits.fz,Kulkarni,1,2.554168104015015e+18,t,6.0,2554,40,251,868.5540161132812,2330.7900390625,45.1985928,-23.0510808,19.072099685668945,0.18383699655532837,1.364150047302246,19.331499099731445,0.42399999499320984,0.4045160114765167,18.625999450683594,0.020999999716877937,1.2009999752044678,0.05999999865889549,-0.10064399987459183,0.2593980133533478,3.740000009536743,0.9990000128746033,749.7150268554688,-0.16083499789237976,0.7123900055885315,0.8309999704360962,0.5899999737739563,0.22219300270080566,0.15775400400161743,1.4084800481796265,8.0,0.0,0.802856981754303,0.8935920000076294,19.322099685668945,0.5390999913215637,45.1986008,-23.0511944,8.03666,25.78510093688965,5.85747002332937e-05,0.04379519820213318,-0.04074019938707352,0.00010409799870103598,t17_f5_c3,ZTF20abxyayj
2460314.6302662,2,2560130264015,19.80970001220703,/ztf/archive/sci/2024/0105/130255/ztf_20240105130255_000251_zr_c11_o_q1_scimrefdiffimg.fits.fz,Kulkarni,1,2.560130264015015e+18,1,5.0,2560,40,251,852.7340087890625,2354.85009765625,45.19859,-23.0511545,19.1200008392334,0.1359580010175705,1.3311599493026733,19.278900146484375,0.195700004696846,0.16721199452877045,18.13599967956543,0.032999999821186066,2.927000045776367,0.1469999998807907,-0.1442050039768219,0.15885700285434723,2.3399999141693115,0.972000002861023,725.6500244140625,0.5308359861373901,1.3292900323867798,0.9309999942779541,0.8410000205039978,0.3978630006313324,0.35940200090408325,1.1070200204849243,3.0,0.0,0.9685710072517395,0.979246973991394,19.292600631713867,0.2526000142097473,45.1986134,-23.0511963,11.0566,26.333999633789062,2.5800200091907755e-05,0.031102599576115608,0.13222600519657135,3.683480099425651e-05,t17_f5_c3,ZTF20abxyayj
2460314.6302662,2,2560130264015,19.80970001220703,/ztf/archive/sci/2024/0105/130255/ztf_20240105130255_000251_zr_c11_o_q1_scimrefdiffimg.fits.fz,Kulkarni,1,2.560130264015015e+18,t,5.0,2560,40,251,852.7340087890625,2354.85009765625,45.19859,-23.0511545,19.1200008392334,0.1359580010175705,1.3311599493026733,19.278900146484375,0.195700004696846,0.16721199452877045,18.13599967956543,0.032999999821186066,2.927000045776367,0.1469999998807907,-0.1442050039768219,0.15885700285434723,2.3399999141693115,0.972000002861023,725.6500244140625,0.5308359861373901,1.3292900323867798,0.9309999942779541,0.8410000205039978,0.3978630006313324,0.35940200090408325,1.1070200204849243,3.0,0.0,0.9685710072517395,0.979246973991394,19.292600631713867,0.2526000142097473,45.1986134,-23.0511963,11.0566,26.333999633789062,2.5800200091907755e-05,0.031102599576115608,0.13222600519657135,3.683480099425651e-05,t17_f5_c3,ZTF20abxyayj
2460314.713125,1,2560213124015,19.486600875854492,/ztf/archive/sci/2024/0105/213125/ztf_20240105213125_000251_zg_c11_o_q1_scimrefdiffimg.fits.fz,Kulkarni,1,2.560213124015015e+18,t,5.0,2560,40,251,861.7219848632812,2350.02001953125,45.198671,-23.0511078,19.224700927734375,0.1753930002450943,1.2758400440216064,19.222299575805664,0.1867000013589859,0.38390299677848816,18.625999450683594,0.020999999716877937,1.2009999752044678,0.05999999865889549,-0.45760300755500793,-0.002435999922454357,2.940000057220459,0.7689999938011169,730.4849853515625,0.2643449902534485,1.409749984741211,1.4479999542236328,1.2940000295639038,0.49251699447631836,0.44013598561286926,1.1190099716186523,1.0,0.0,0.6485710144042969,1.0,19.195100784301758,0.23260000348091125,45.1986008,-23.0511944,8.55187,26.240699768066406,0.00010943399684038013,0.05766269937157631,-0.026640500873327255,0.00019561199587769806,t17_f5_c3,ZTF20abxyayj
2460321.6802894,2,2567180284015,19.723600387573242,/ztf/archive/sci/2024/0112/180278/ztf_20240112180278_000251_zr_c11_o_q1_scimrefdiffimg.fits.fz,Kulkarni,1,2.567180284015015e+18,t,11.0,2567,40,251,863.7420043945312,2354.340087890625,45.1985684,-23.0512125,19.097299575805664,0.1613920032978058,1.7585899829864502,19.284500122070312,0.25209999084472656,0.15793299674987793,18.13599967956543,0.032999999821186066,2.927000045776367,0.1469999998807907,-0.7821720242500305,0.18723300099372864,2.450000047683716,0.7799999713897705,726.156005859375,0.4391160011291504,1.0640100240707397,0.8360000252723694,0.6570000052452087,0.3412240147590637,0.2681629955768585,1.2724499702453613,4.0,0.0,0.9857140183448792,0.9903910160064697,19.49090003967285,0.38960000872612,45.1986134,-23.0511963,10.4286,26.19930076599121,2.8260599719942547e-05,0.03251589834690094,0.1281999945640564,4.0156599425245076e-05,t17_f5_c3,ZTF20abxyayj
2460323.7109722,1,2569210974015,18.52389907836914,/ztf/archive/sci/2024/0114/210949/ztf_20240114210949_000251_zg_c11_o_q1_scimrefdiffimg.fits.fz,Kulkarni,1,,,,2569,40,251,,,,,,,,,,,,,,,,,,,,,,,,,,,,,,,,,,,,25.76449966430664,0.00023812000290490687,0.043747399002313614,-0.09112430363893509,0.0006425179890356958,t17_f5_c3,ZTF20abxyayj
2460325.6703125,2,2571170314015,18.252099990844727,/ztf/archive/sci/2024/0116/170243/ztf_20240116170243_000251_zr_c11_o_q1_scimrefdiffimg.fits.fz,Kulkarni,1,,,,2571,40,251,,,,,,,,,,,,,,,,,,,,,,,,,,,,,,,,,,,,25.870399475097656,0.0003800810081884265,0.07476569712162018,0.13552600145339966,0.0005514210206456482,t17_f5_c3,ZTF20abxyayj
2460325.6968981,1,2571196894015,19.6648006439209,/ztf/archive/sci/2024/0116/196898/ztf_20240116196898_000251_zg_c11_o_q1_scimrefdiffimg.fits.fz,Kulkarni,1,2.571196894015015e+18,t,8.0,2571,40,251,855.8460083007812,2332.969970703125,45.1985925,-23.0511892,18.895099639892578,0.10132800042629242,0.9737820029258728,18.694400787353516,0.1298999935388565,0.032940998673439026,18.625999450683594,0.020999999716877937,1.2009999752044678,0.05999999865889549,-0.61353600025177,-0.20074500143527985,3.200000047683716,0.9819999933242798,747.5330200195312,0.9704310297966003,0.971409022808075,1.0820000171661377,1.003999948501587,0.33812499046325684,0.3137499988079071,1.0776900053024292,0.0,0.0,0.945713996887207,1.0,18.65049934387207,0.15929999947547913,45.1986008,-23.0511944,13.6945,26.223100662231445,4.361820174381137e-05,0.038302600383758545,-0.027667399495840073,7.322339661186561e-05,t17_f5_c3,ZTF20abxyayj
2460327.648044,2,2573148044015,19.559099197387695,/ztf/archive/sci/2024/0118/148044/ztf_20240118148044_000251_zr_c11_o_q1_scimrefdiffimg.fits.fz,Kulkarni,1,2.573148044015015e+18,1,7.0,2573,40,251,874.510009765625,2336.389892578125,45.1986028,-23.0512563,19.04400062561035,0.17179399728775024,1.378290057182312,18.99679946899414,0.16899999976158142,0.21480900049209595,18.13599967956543,0.032999999821186066,2.927000045776367,0.1469999998807907,-0.4501180052757263,-0.047249000519514084,2.930000066757202,0.972000002861023,744.1079711914062,0.5622649788856506,1.1890900135040283,1.3250000476837158,1.0670000314712524,0.4522179961204529,0.36416399478912354,1.2417999505996704,4.0,0.0,0.7400000095367432,1.0,18.825000762939453,0.1843000054359436,45.1986134,-23.0511963,10.4278,26.347999572753906,5.460270040202886e-05,0.045017801225185394,0.12960100173950195,7.759810250718147e-05,t17_f5_c3,ZTF20abxyayj
2460327.648044,2,2573148044015,19.559099197387695,/ztf/archive/sci/2024/0118/148044/ztf_20240118148044_000251_zr_c11_o_q1_scimrefdiffimg.fits.fz,Kulkarni,1,,,,2573,40,251,,,,,,,,,,,,,,,,,,,,,,,,,,,,,,,,,,,,26.347999572753906,5.460270040202886e-05,0.045017801225185394,0.12960100173950195,7.759810250718147e-05,t17_f5_c3,ZTF20abxyayj
2460327.6966319,1,2573196634015,19.25200080871582,/ztf/archive/sci/2024/0118/196528/ztf_20240118196528_000251_zg_c11_o_q1_scimrefdiffimg.fits.fz,Kulkarni,1,,,,2573,40,251,,,,,,,,,,,,,,,,,,,,,,,,,,,,,,,,,,,,26.22130012512207,6.209599814610556e-05,0.041060399264097214,-0.03464699909090996,0.00012224700185470283,t17_f5_c3,ZTF20abxyayj
2460337.6408912,2,2583140894015,18.415300369262695,/ztf/archive/sci/2024/0128/140764/ztf_20240128140764_000251_zr_c11_o_q1_scimrefdiffimg.fits.fz,Kulkarni,1,,,,2583,40,251,,,,,,,,,,,,,,,,,,,,,,,,,,,,,,,,,,,,26.056800842285156,0.00017419600044377148,0.051911499351263046,0.11501699686050415,0.00025759800337255,t17_f5_c3,ZTF20abxyayj
2460337.6482986,1,2583148294015,18.722400665283203,/ztf/archive/sci/2024/0128/148287/ztf_20240128148287_000251_zg_c11_o_q1_scimrefdiffimg.fits.fz,Kulkarni,1,2.583148294015015e+18,t,3.0,2583,40,251,874.8380126953125,2335.929931640625,45.1987359,-23.0513938,18.942800521850586,0.29256299138069153,0.7834810018539429,18.949100494384766,0.2766000032424927,0.8351600170135498,18.625999450683594,0.020999999716877937,1.2009999752044678,0.05999999865889549,0.3724929988384247,0.006254000123590231,3.430000066757202,0.6169999837875366,744.5689697265625,-0.22671900689601898,1.265220046043396,1.503999948501587,1.3220000267028809,0.4384840130805969,0.3854230046272278,1.1376700401306152,5.0,0.0,0.45714300870895386,0.9293050169944763,18.877599716186523,0.33219999074935913,45.1986008,-23.0511944,5.90616,25.95479965209961,0.00022147700656205416,0.051060400903224945,-0.08212299644947052,0.0005751600256189704,t17_f5_c3,ZTF20abxyayj
2460201.9388657,2,2447438864015,20.43440055847168,/ztf/archive/sci/2023/0914/438866/ztf_20230914438866_000251_zr_c11_o_q1_scimrefdiffimg.fits.fz,Kulkarni,1,2.447438864015015e+18,1,9.0,2447,40,251,955.4630126953125,2310.8701171875,45.1985848,-23.0511846,19.18440055847168,0.09674199670553207,1.8759900331497192,19.242300033569336,0.13019999861717224,0.10241399705410004,18.13599967956543,0.032999999821186066,2.927000045776367,0.1469999998807907,-0.1754080057144165,0.057851001620292664,2.1600000858306885,0.9190000295639038,769.6270141601562,1.1920700073242188,1.215809941291809,0.7689999938011169,0.6759999990463257,0.356018990278244,0.31296300888061523,1.1375700235366821,2.0,0.0,0.9628570079803467,1.0,19.15839958190918,0.15209999680519104,45.1986134,-23.0511963,10.5915,26.337499618530273,1.8427899703965522e-05,0.026227399706840515,0.11860399693250656,2.5607700081309304e-05,t17_f5_c3,ZTF20abxyayj
2460196.9389931,2,2442438994015,20.07699966430664,/ztf/archive/sci/2023/0909/438993/ztf_20230909438993_000251_zr_c11_o_q1_scimrefdiffimg.fits.fz,Kulkarni,1,2.442438994015015e+18,1,12.0,2442,40,251,960.1610107421875,2298.3798828125,45.1985819,-23.0512601,19.096099853515625,0.11266499757766724,1.255020022392273,19.177600860595703,0.163100004196167,0.24900799989700317,18.13599967956543,0.032999999821186066,2.927000045776367,0.1469999998807907,0.1682319939136505,0.08147600293159485,2.9000000953674316,0.8970000147819519,782.1190185546875,0.8994420170783997,0.9260650277137756,0.8169999718666077,0.753000020980835,0.2817240059375763,0.2596549987792969,1.0849900245666504,4.0,0.0,0.9557139873504639,0.977528989315033,19.272600173950195,0.22609999775886536,45.1986134,-23.0511963,9.66726,26.260099411010742,2.5938199541997164e-05,0.03144489973783493,0.1320980042219162,3.609949999372475e-05,t17_f5_c3,ZTF20abxyayj
2460203.9178704,1,2449417874015,20.557899475097656,/ztf/archive/sci/2023/0916/417870/ztf_20230916417870_000251_zg_c11_o_q1_scimrefdiffimg.fits.fz,Kulkarni,1,2.449417874015015e+18,1,8.0,2449,40,251,956.125,2272.1201171875,45.1985152,-23.0511542,19.19529914855957,0.09006799757480621,1.0081599950790405,19.136499404907227,0.09849999845027924,0.3141779899597168,18.625999450683594,0.020999999716877937,1.2009999752044678,0.05999999865889549,-0.7380520105361938,-0.05881299823522568,2.9100000858306885,0.9769999980926514,808.375,1.4213600158691406,0.9770529866218567,0.8360000252723694,0.800000011920929,0.2872850000858307,0.2749139964580536,1.0449999570846558,0.0,0.0,0.9585710167884827,1.0,19.080699920654297,0.11749999970197678,45.1986008,-23.0511944,13.2841,26.228300094604492,2.932499955932144e-05,0.03335430100560188,-0.07722820341587067,4.103440005565062e-05,t17_f5_c3,ZTF20abxyayj
2460544.9574653,1,2790457461315,19.12420082092285,/ztf/archive/sci/2024/0822/457407/ztf_20240822457407_001293_zg_c04_o_q2_scimrefdiffimg.fits.fz,Kulkarni,2,,,,2790,13,1293,,,,,,,,,,,,,,,,,,,,,,,,,,,,,,,,,,,,26.12540054321289,7.212840137071908e-05,0.045877598226070404,-0.03136000037193298,0.00012846699974033982,t17_f5_c3,ZTF20abxyayj
2460544.9579398,1,2790457931315,19.184900283813477,/ztf/archive/sci/2024/0822/457928/ztf_20240822457928_001293_zg_c04_o_q2_scimrefdiffimg.fits.fz,Kulkarni,3,,,,2790,13,1293,,,,,,,,,,,,,,,,,,,,,,,,,,,,,,,,,,,,26.127899169921875,5.8847901527769864e-05,0.043081700801849365,-0.03149009868502617,0.00010626899893395603,t17_f5_c3,ZTF20abxyayj
2460553.9606944,1,2799460694015,20.212400436401367,/ztf/archive/sci/2024/0831/460683/ztf_20240831460683_000251_zg_c11_o_q1_scimrefdiffimg.fits.fz,Qin,3,2.799460694015015e+18,t,10.0,2799,40,251,921.8619995117188,2287.27001953125,45.1985618,-23.0511898,18.610700607299805,0.08391600102186203,1.6706500053405762,18.473800659179688,0.07599999755620956,0.12852400541305542,18.625999450683594,0.020999999716877937,1.2009999752044678,0.05999999865889549,-0.07786999642848969,-0.13689999282360077,2.4600000381469727,0.9829999804496765,793.2249755859375,1.738610029220581,1.0936100482940674,0.8949999809265137,0.828000009059906,0.36382099986076355,0.33658498525619507,1.0809199810028076,0.0,0.0,0.9700000286102295,1.0,18.46540069580078,0.09539999812841415,45.1986008,-23.0511944,18.6042,26.21470069885254,2.3431099180015735e-05,0.030040599405765533,-0.03472530096769333,3.415520041016862e-05,t17_f5_c3,ZTF20abxyayj
2460555.9133218,2,2801413321315,19.78890037536621,/ztf/archive/sci/2024/0902/413322/ztf_20240902413322_001293_zr_c04_o_q2_scimrefdiffimg.fits.fz,Kulkarni,2,,,,2801,13,1293,,,,,,,,,,,,,,,,,,,,,,,,,,,,,,,,,,,,25.997499465942383,3.770949842873961e-05,0.03684600070118904,0.12385699898004532,5.370299913920462e-05,t17_f5_c3,ZTF20abxyayj
2460555.9137963,2,2801413791315,19.849300384521484,/ztf/archive/sci/2024/0902/413785/ztf_20240902413785_001293_zr_c04_o_q2_scimrefdiffimg.fits.fz,Kulkarni,3,,,,2801,13,1293,,,,,,,,,,,,,,,,,,,,,,,,,,,,,,,,,,,,25.996999740600586,5.711639823857695e-05,0.04566330090165138,0.13749200105667114,8.14970990177244e-05,t17_f5_c3,ZTF20abxyayj
2460557.9618403,1,2803461844015,20.247699737548828,/ztf/archive/sci/2024/0904/461829/ztf_20240904461829_000251_zg_c11_o_q1_scimrefdiffimg.fits.fz,Qin,3,2.803461844015015e+18,t,10.0,2803,40,251,913.7550048828125,2288.760009765625,45.1985969,-23.0511898,18.647499084472656,0.06794299930334091,2.250610113143921,18.57309913635254,0.08250000327825546,0.02065799944102764,18.625999450683594,0.020999999716877937,1.2009999752044678,0.05999999865889549,-0.15092000365257263,-0.07443399727344513,2.569999933242798,0.9829999804496765,791.7440185546875,1.6745799779891968,1.023710012435913,0.8080000281333923,0.7260000109672546,0.31439700722694397,0.28248998522758484,1.1129499673843384,0.0,0.0,0.9557139873504639,1.0,18.52910041809082,0.10019999742507935,45.1986008,-23.0511944,19.8885,26.17650032043457,2.1737800125265494e-05,0.028839899227023125,-0.036438100039958954,3.170649870298803e-05,t17_f5_c3,ZTF20abxyayj
2460558.961713,1,2804461714015,19.75429916381836,/ztf/archive/sci/2024/0905/461701/ztf_20240905461701_000251_zg_c11_o_q1_scimrefdiffimg.fits.fz,Qin,3,2.804461714015015e+18,1,7.0,2804,40,251,922.6859741210938,2286.72998046875,45.1985591,-23.0511685,18.697799682617188,0.09871400147676468,1.2633099555969238,18.57159996032715,0.08640000224113464,0.16452699899673462,18.625999450683594,0.020999999716877937,1.2009999752044678,0.05999999865889549,-0.2522200047969818,-0.12621399760246277,4.909999847412109,0.9300000071525574,793.77001953125,1.1826599836349487,0.7988470196723938,1.468000054359436,1.340999960899353,0.29898199439048767,0.27311599254608154,1.0946999788284302,0.0,0.0,0.7214289903640747,1.0,18.516599655151367,0.10419999808073044,45.1986008,-23.0511944,19.0423,26.21579933166504,4.1629198676673695e-05,0.037952300161123276,-0.043038900941610336,6.98885996825993e-05,t17_f5_c3,ZTF20abxyayj
2460561.9539352,2,2807453934015,19.78849983215332,/ztf/archive/sci/2024/0908/453924/ztf_20240908453924_000251_zr_c11_o_q1_scimrefdiffimg.fits.fz,Kulkarni,1,2.807453934015015e+18,1,7.0,2807,40,251,936.8460083007812,2283.239990234375,45.1985886,-23.051255,18.752399444580078,0.10725600272417068,1.3735500574111938,18.826499938964844,0.15330000221729279,0.223813995718956,18.13599967956543,0.032999999821186066,2.927000045776367,0.1469999998807907,-0.025023000314831734,0.07406199723482132,1.9800000190734863,0.9750000238418579,797.260986328125,0.9620460271835327,1.3527899980545044,0.7689999938011169,0.7419999837875366,0.38838401436805725,0.37474700808525085,1.036389946937561,3.0,0.0,0.9657139778137207,0.9944220185279846,18.83139991760254,0.19609999656677246,45.1986134,-23.0511963,10.1781,26.0044002532959,2.665049942152109e-05,0.031929198652505875,0.14196300506591797,3.758350067073479e-05,t17_f5_c3,ZTF20abxyayj
2460558.961713,1,2804461714015,19.75429916381836,/ztf/archive/sci/2024/0905/461701/ztf_20240905461701_000251_zg_c11_o_q1_scimrefdiffimg.fits.fz,Qin,3,2.804461714015015e+18,t,7.0,2804,40,251,922.6859741210938,2286.72998046875,45.1985591,-23.0511685,18.697799682617188,0.09871400147676468,1.2633099555969238,18.57159996032715,0.08640000224113464,0.16452699899673462,18.625999450683594,0.020999999716877937,1.2009999752044678,0.05999999865889549,-0.2522200047969818,-0.12621399760246277,4.909999847412109,0.9300000071525574,793.77001953125,1.1826599836349487,0.7988470196723938,1.468000054359436,1.340999960899353,0.29898199439048767,0.27311599254608154,1.0946999788284302,0.0,0.0,0.7214289903640747,1.0,18.516599655151367,0.10419999808073044,45.1986008,-23.0511944,19.0423,26.21579933166504,4.1629198676673695e-05,0.037952300161123276,-0.043038900941610336,6.98885996825993e-05,t17_f5_c3,ZTF20abxyayj
2460558.9801042,1,2804480104015,19.94070053100586,/ztf/archive/sci/2024/0905/480046/ztf_20240905480046_000251_zg_c11_o_q1_scimrefdiffimg.fits.fz,Qin,3,2.804480104015015e+18,t,6.0,2804,40,251,912.4099731445312,2284.860107421875,45.1986478,-23.05125,18.623300552368164,0.08596300333738327,1.819200038909912,18.657699584960938,0.09539999812841415,0.25041601061820984,18.625999450683594,0.020999999716877937,1.2009999752044678,0.05999999865889549,-0.2177560031414032,0.03443999961018562,3.640000104904175,0.9800000190734863,795.6439819335938,1.282979965209961,0.8879179954528809,0.9909999966621399,0.9419999718666077,0.27225300669670105,0.2587909996509552,1.0520199537277222,0.0,0.0,0.9585710167884827,1.0,18.79840087890625,0.13770000636577606,45.1986008,-23.0511944,21.9098,26.211299896240234,3.8628098991466686e-05,0.03780930116772652,-0.023221900686621666,6.037979983375408e-05,t17_f5_c3,ZTF20abxyayj
2460561.9539352,2,2807453934015,19.78849983215332,/ztf/archive/sci/2024/0908/453924/ztf_20240908453924_000251_zr_c11_o_q1_scimrefdiffimg.fits.fz,Kulkarni,1,2.807453934015015e+18,t,7.0,2807,40,251,936.8460083007812,2283.239990234375,45.1985886,-23.051255,18.752399444580078,0.10725600272417068,1.3735500574111938,18.826499938964844,0.15330000221729279,0.223813995718956,18.13599967956543,0.032999999821186066,2.927000045776367,0.1469999998807907,-0.025023000314831734,0.07406199723482132,1.9800000190734863,0.9750000238418579,797.260986328125,0.9620460271835327,1.3527899980545044,0.7689999938011169,0.7419999837875366,0.38838401436805725,0.37474700808525085,1.036389946937561,3.0,0.0,0.9657139778137207,0.9944220185279846,18.83139991760254,0.19609999656677246,45.1986134,-23.0511963,10.1781,26.0044002532959,2.665049942152109e-05,0.031929198652505875,0.14196300506591797,3.758350067073479e-05,t17_f5_c3,ZTF20abxyayj
2460561.9597917,1,2807459794015,19.53619956970215,/ztf/archive/sci/2024/0908/459792/ztf_20240908459792_000251_zg_c11_o_q1_scimrefdiffimg.fits.fz,Kulkarni,1,2.807459794015015e+18,t,9.0,2807,40,251,885.208984375,2286.969970703125,45.198624,-23.0511463,18.758699417114258,0.1264359951019287,0.9823269844055176,18.75,0.15870000422000885,0.18786300718784332,18.625999450683594,0.020999999716877937,1.2009999752044678,0.05999999865889549,0.01104199979454279,-0.008693999610841274,3.200000047683716,0.9760000109672546,793.5330200195312,0.7861890196800232,0.9469749927520752,0.9700000286102295,0.8450000286102295,0.3031249940395355,0.26406198740005493,1.1479300260543823,0.0,0.0,0.9442859888076782,1.0,18.772600173950195,0.20659999549388885,45.1986008,-23.0511944,11.9256,25.715700149536133,5.324860103428364e-05,0.04277300089597702,-0.017707500606775284,8.765009988564998e-05,t17_f5_c3,ZTF20abxyayj
2460562.9434838,1,2808443484015,19.96310043334961,/ztf/archive/sci/2024/0909/443472/ztf_20240909443472_000251_zg_c11_o_q1_scimrefdiffimg.fits.fz,Qin,3,2.808443484015015e+18,1,8.0,2808,40,251,930.0040283203125,2285.35009765625,45.1986086,-23.0511634,18.641300201416016,0.10195499658584595,1.6362700462341309,18.686800003051758,0.11869999766349792,0.11305099725723267,18.625999450683594,0.020999999716877937,1.2009999752044678,0.05999999865889549,-0.009727000258862972,0.04554399847984314,2.359999895095825,0.9819999933242798,795.1539916992188,1.276319980621338,1.10562002658844,0.777999997138977,0.7300000190734863,0.3296610116958618,0.3093219995498657,1.065750002861023,2.0,0.0,0.9714289903640747,1.0,18.89389991760254,0.18209999799728394,45.1986008,-23.0511944,13.4875,25.88129997253418,2.8206299248267896e-05,0.03253459930419922,-0.012994999997317791,4.195440124021843e-05,t17_f5_c3,ZTF20abxyayj
2460562.9434838,1,2808443484015,19.96310043334961,/ztf/archive/sci/2024/0909/443472/ztf_20240909443472_000251_zg_c11_o_q1_scimrefdiffimg.fits.fz,Qin,3,2.808443484015015e+18,t,8.0,2808,40,251,930.0040283203125,2285.35009765625,45.1986086,-23.0511634,18.641300201416016,0.10195499658584595,1.6362700462341309,18.686800003051758,0.11869999766349792,0.11305099725723267,18.625999450683594,0.020999999716877937,1.2009999752044678,0.05999999865889549,-0.009727000258862972,0.04554399847984314,2.359999895095825,0.9819999933242798,795.1539916992188,1.276319980621338,1.10562002658844,0.777999997138977,0.7300000190734863,0.3296610116958618,0.3093219995498657,1.065750002861023,2.0,0.0,0.9714289903640747,1.0,18.89389991760254,0.18209999799728394,45.1986008,-23.0511944,13.4875,25.88129997253418,2.8206299248267896e-05,0.03253459930419922,-0.012994999997317791,4.195440124021843e-05,t17_f5_c3,ZTF20abxyayj
2460562.9595833,1,2808459584015,20.104799270629883,/ztf/archive/sci/2024/0909/459583/ztf_20240909459583_000251_zg_c11_o_q1_scimrefdiffimg.fits.fz,Qin,3,2.808459584015015e+18,t,6.0,2808,40,251,927.3079833984375,2286.239990234375,45.19861,-23.0511551,18.666500091552734,0.087227001786232,1.9206000566482544,18.583200454711914,0.09809999912977219,0.1429550051689148,18.625999450683594,0.020999999716877937,1.2009999752044678,0.05999999865889549,-0.13670800626277924,-0.08331400156021118,2.740000009536743,0.9819999933242798,794.2589721679688,1.5215699672698975,0.9244909882545471,0.8190000057220459,0.7860000133514404,0.29890498518943787,0.28686100244522095,1.041990041732788,2.0,0.0,0.9642860293388367,1.0,18.577299118041992,0.12370000034570694,45.1986008,-23.0511944,15.7661,25.938499450683594,2.6178000553045422e-05,0.031321700662374496,-0.025514600798487663,3.969639874412678e-05,t17_f5_c3,ZTF20abxyayj
2460564.9606481,2,2810460644015,20.420299530029297,/ztf/archive/sci/2024/0911/460648/ztf_20240911460648_000251_zr_c11_o_q1_scimrefdiffimg.fits.fz,Kulkarni,1,2.810460644015015e+18,t,14.0,2810,40,251,920.0650024414062,2290.949951171875,45.1985455,-23.0512153,18.70800018310547,0.07319200038909912,1.651960015296936,18.7052001953125,0.08110000193119049,0.232247993350029,18.13599967956543,0.032999999821186066,2.927000045776367,0.1469999998807907,0.11424099653959274,-0.0028059999458491802,2.549999952316284,0.9769999980926514,789.552978515625,1.7150499820709229,1.029860019683838,0.734000027179718,0.6819999814033508,0.2878429889678955,0.2674509882926941,1.0762499570846558,2.0,0.0,0.951429009437561,1.0,18.63520050048828,0.09560000151395798,45.1986134,-23.0511963,11.4623,26.371999740600586,1.6463200154248625e-05,0.02504579909145832,0.12739400565624237,2.3182699806056917e-05,t17_f5_c3,ZTF20abxyayj
2460565.9819792,1,2811481974015,20.350900650024414,/ztf/archive/sci/2024/0912/481968/ztf_20240912481968_000251_zg_c11_o_q1_scimrefdiffimg.fits.fz,Qin,3,2.811481974015015e+18,1,13.0,2811,40,251,911.8159790039062,2304.56005859375,45.1985859,-23.0511762,18.638500213623047,0.07699599862098694,3.685349941253662,18.631200790405273,0.07249999791383743,0.08110900223255157,18.625999450683594,0.020999999716877937,1.2009999752044678,0.05999999865889549,-0.0935249999165535,-0.0072559998370707035,2.9600000381469727,0.9819999933242798,775.9420166015625,1.7196600437164307,0.9850019812583923,0.8849999904632568,0.8389999866485596,0.2989859879016876,0.2834460139274597,1.0548299551010132,2.0,0.0,0.9628570079803467,1.0,18.631500244140625,0.09120000153779984,45.1986008,-23.0511944,24.2084,26.25550079345703,2.9356100640143268e-05,0.03370159864425659,-0.06229700148105621,4.2153700633207336e-05,t17_f5_c3,ZTF20abxyayj
2460566.9388889,1,2812438884015,19.966999053955078,/ztf/archive/sci/2024/0913/438877/ztf_20240913438877_000251_zg_c11_o_q1_scimrefdiffimg.fits.fz,Kulkarni,1,2.812438884015015e+18,1,9.0,2812,40,251,889.530029296875,2302.429931640625,45.1985655,-23.0511934,18.64699935913086,0.12951399385929108,3.645859956741333,18.5856990814209,0.10209999978542328,0.11537399888038635,18.625999450683594,0.020999999716877937,1.2009999752044678,0.05999999865889549,0.28606998920440674,-0.06132499873638153,3.6500000953674316,0.6729999780654907,778.0709838867188,1.3813400268554688,0.7642210125923157,0.9739999771118164,0.9079999923706055,0.26684901118278503,0.24876700341701508,1.0726900100708008,1.0,0.0,0.9485710263252258,1.0,18.639299392700195,0.1356000006198883,45.1986008,-23.0511944,20.7138,25.743999481201172,4.103050014236942e-05,0.03859259933233261,-0.02511719986796379,6.179350020829588e-05,t17_f5_c3,ZTF20abxyayj
2460565.9819792,1,2811481974015,20.350900650024414,/ztf/archive/sci/2024/0912/481968/ztf_20240912481968_000251_zg_c11_o_q1_scimrefdiffimg.fits.fz,Qin,3,2.811481974015015e+18,t,13.0,2811,40,251,911.8159790039062,2304.56005859375,45.1985859,-23.0511762,18.638500213623047,0.07699599862098694,3.685349941253662,18.631200790405273,0.07249999791383743,0.08110900223255157,18.625999450683594,0.020999999716877937,1.2009999752044678,0.05999999865889549,-0.0935249999165535,-0.0072559998370707035,2.9600000381469727,0.9819999933242798,775.9420166015625,1.7196600437164307,0.9850019812583923,0.8849999904632568,0.8389999866485596,0.2989859879016876,0.2834460139274597,1.0548299551010132,2.0,0.0,0.9628570079803467,1.0,18.631500244140625,0.09120000153779984,45.1986008,-23.0511944,24.2084,26.25550079345703,2.9356100640143268e-05,0.03370159864425659,-0.06229700148105621,4.2153700633207336e-05,t17_f5_c3,ZTF20abxyayj
2460566.0008681,1,2811500864015,20.17609977722168,/ztf/archive/sci/2024/0912/500613/ztf_20240912500613_000251_zg_c11_o_q1_scimrefdiffimg.fits.fz,Qin,3,2.811500864015015e+18,t,11.0,2811,40,251,939.9340209960938,2303.030029296875,45.1985721,-23.0512189,18.60260009765625,0.07045000046491623,1.147879958152771,18.488800048828125,0.07180000096559525,0.12816600501537323,18.625999450683594,0.020999999716877937,1.2009999752044678,0.05999999865889549,-0.7300750017166138,-0.11375600099563599,3.359999895095825,0.9829999804496765,777.4660034179688,1.6872800588607788,0.8931549787521362,0.9819999933242798,0.9430000185966492,0.2922619879245758,0.28065499663352966,1.0413600206375122,0.0,0.0,0.9642860293388367,1.0,18.53860092163086,0.09480000287294388,45.1986008,-23.0511944,18.7969,26.24959945678711,2.6432500817463733e-05,0.03136470168828964,-0.06549070030450821,3.903169999830425e-05,t17_f5_c3,ZTF20abxyayj
2460566.9388889,1,2812438884015,19.966999053955078,/ztf/archive/sci/2024/0913/438877/ztf_20240913438877_000251_zg_c11_o_q1_scimrefdiffimg.fits.fz,Kulkarni,1,2.812438884015015e+18,t,9.0,2812,40,251,889.530029296875,2302.429931640625,45.1985655,-23.0511934,18.64699935913086,0.12951399385929108,3.645859956741333,18.5856990814209,0.10209999978542328,0.11537399888038635,18.625999450683594,0.020999999716877937,1.2009999752044678,0.05999999865889549,0.28606998920440674,-0.06132499873638153,3.6500000953674316,0.6729999780654907,778.0709838867188,1.3813400268554688,0.7642210125923157,0.9739999771118164,0.9079999923706055,0.26684901118278503,0.24876700341701508,1.0726900100708008,1.0,0.0,0.9485710263252258,1.0,18.639299392700195,0.1356000006198883,45.1986008,-23.0511944,20.7138,25.743999481201172,4.103050014236942e-05,0.03859259933233261,-0.02511719986796379,6.179350020829588e-05,t17_f5_c3,ZTF20abxyayj
2460566.9615741,2,2812461574015,20.115699768066406,/ztf/archive/sci/2024/0913/461574/ztf_20240913461574_000251_zr_c11_o_q1_scimrefdiffimg.fits.fz,Kulkarni,1,2.812461574015015e+18,t,4.0,2812,40,251,900.0440063476562,2308.510009765625,45.1985457,-23.0512086,18.828100204467773,0.09865999966859818,2.289330005645752,18.774599075317383,0.1088000014424324,0.2258400022983551,18.13599967956543,0.032999999821186066,2.927000045776367,0.1469999998807907,-0.01272400002926588,-0.05347200110554695,2.2100000381469727,0.9769999980926514,771.9869995117188,1.3411400318145752,1.2331600189208984,0.8050000071525574,0.7269999980926514,0.3642530143260956,0.32895898818969727,1.1072900295257568,2.0,0.0,0.9657139778137207,0.9998689889907837,18.775999069213867,0.13760000467300415,45.1986134,-23.0511963,13.89,26.054100036621094,2.115179995598737e-05,0.028200099244713783,0.13344800472259521,2.9953900593682192e-05,t17_f5_c3,ZTF20abxyayj
2460568.9384606,1,2814438464015,20.37540054321289,/ztf/archive/sci/2024/0915/438461/ztf_20240915438461_000251_zg_c11_o_q1_scimrefdiffimg.fits.fz,Qin,3,2.814438464015015e+18,1,5.0,2814,40,251,903.9630126953125,2303.969970703125,45.1985861,-23.0511758,18.694700241088867,0.06093600019812584,1.3849799633026123,18.7903995513916,0.09030000120401382,0.07618600130081177,18.625999450683594,0.020999999716877937,1.2009999752044678,0.05999999865889549,0.2088640034198761,0.0956910029053688,2.1700000762939453,0.9819999933242798,776.5289916992188,1.58502995967865,1.2046500444412231,0.7099999785423279,0.6869999766349792,0.32718899846076965,0.31659001111984253,1.0334800481796265,0.0,0.0,0.9642860293388367,1.0,18.83609962463379,0.11909999698400497,45.1986008,-23.0511944,15.0494,26.287700653076172,2.0560899429256096e-05,0.02793250046670437,-0.08206909894943237,2.945460073533468e-05,t17_f5_c3,ZTF20abxyayj
2460568.9384606,1,2814438464015,20.37540054321289,/ztf/archive/sci/2024/0915/438461/ztf_20240915438461_000251_zg_c11_o_q1_scimrefdiffimg.fits.fz,Qin,3,2.814438464015015e+18,t,5.0,2814,40,251,903.9630126953125,2303.969970703125,45.1985861,-23.0511758,18.694700241088867,0.06093600019812584,1.3849799633026123,18.7903995513916,0.09030000120401382,0.07618600130081177,18.625999450683594,0.020999999716877937,1.2009999752044678,0.05999999865889549,0.2088640034198761,0.0956910029053688,2.1700000762939453,0.9819999933242798,776.5289916992188,1.58502995967865,1.2046500444412231,0.7099999785423279,0.6869999766349792,0.32718899846076965,0.31659001111984253,1.0334800481796265,0.0,0.0,0.9642860293388367,1.0,18.83609962463379,0.11909999698400497,45.1986008,-23.0511944,15.0494,26.287700653076172,2.0560899429256096e-05,0.02793250046670437,-0.08206909894943237,2.945460073533468e-05,t17_f5_c3,ZTF20abxyayj
2460568.9597685,1,2814459764015,20.612300872802734,/ztf/archive/sci/2024/0915/459769/ztf_20240915459769_000251_zg_c11_o_q1_scimrefdiffimg.fits.fz,Qin,3,2.814459764015015e+18,t,13.0,2814,40,251,891.47900390625,2304.699951171875,45.1985935,-23.0511857,18.682899475097656,0.06612899899482727,6.849510192871094,18.668100357055664,0.06650000065565109,0.03905100002884865,18.625999450683594,0.020999999716877937,1.2009999752044678,0.05999999865889549,0.03852400183677673,-0.01477499958127737,2.319999933242798,1.0,775.7990112304688,1.9442299604415894,1.1298799514770508,0.7269999980926514,0.7120000123977661,0.3133620023727417,0.30689701437950134,1.0210700035095215,2.0,0.0,0.9685710072517395,1.0,18.64389991760254,0.08160000294446945,45.1986008,-23.0511944,27.9382,26.2908992767334,2.1268799173412845e-05,0.028240900486707687,-0.08586850017309189,3.028960054507479e-05,t17_f5_c3,ZTF20abxyayj
2460569.8838657,2,2815383861315,18.912500381469727,/ztf/archive/sci/2024/0916/383854/ztf_20240916383854_001293_zr_c04_o_q2_scimrefdiffimg.fits.fz,Kulkarni,2,,,,2815,13,1293,,,,,,,,,,,,,,,,,,,,,,,,,,,,,,,,,,,,26.103700637817383,5.3573501645587385e-05,0.04097039997577667,0.12325099855661392,7.608850137330592e-05,t17_f5_c3,ZTF20abxyayj
2460569.8843403,2,2815384341315,18.94770050048828,/ztf/archive/sci/2024/0916/384329/ztf_20240916384329_001293_zr_c04_o_q2_scimrefdiffimg.fits.fz,Kulkarni,3,,,,2815,13,1293,,,,,,,,,,,,,,,,,,,,,,,,,,,,,,,,,,,,26.102399826049805,4.6538698370568454e-05,0.039542801678180695,0.1241850033402443,6.698659854009748e-05,t17_f5_c3,ZTF20abxyayj
2460571.9614815,1,2817461484015,18.702199935913086,/ztf/archive/sci/2024/0918/461470/ztf_20240918461470_000251_zg_c11_o_q1_scimrefdiffimg.fits.fz,Kulkarni,1,,,,2817,40,251,,,,,,,,,,,,,,,,,,,,,,,,,,,,,,,,,,,,26.29129981994629,0.00010522599768592045,0.0432250015437603,-0.058116599917411804,0.0002324170054635033,t17_f5_c3,ZTF20abxyayj
2460574.9596991,2,2820459694015,19.152799606323242,/ztf/archive/sci/2024/0921/459699/ztf_20240921459699_000251_zr_c11_o_q1_scimrefdiffimg.fits.fz,Kulkarni,1,2.820459694015015e+18,t,4.0,2820,40,251,904.1859741210938,2334.860107421875,45.1985504,-23.0512404,18.65169906616211,0.11928500235080719,1.0846099853515625,18.402999877929688,0.14630000293254852,0.2590639889240265,18.13599967956543,0.032999999821186066,2.927000045776367,0.1469999998807907,-0.6133660078048706,-0.24867799878120422,3.049999952316284,0.9750000238418579,745.6389770507812,0.7498350143432617,1.0993000268936157,1.3029999732971191,1.0779999494552612,0.42721301317214966,0.3534429967403412,1.2087199687957764,2.0,0.0,0.7528570294380188,0.9981719851493835,18.499300003051758,0.20469999313354492,45.1986134,-23.0511963,10.4257,26.314699172973633,4.740330041386187e-05,0.041944198310375214,0.1309400051832199,6.675779877696186e-05,t17_f5_c3,ZTF20abxyayj
2460575.9175231,1,2821417524015,19.30900001525879,/ztf/archive/sci/2024/0922/417442/ztf_20240922417442_000251_zg_c11_o_q1_scimrefdiffimg.fits.fz,Kulkarni,1,2.821417524015015e+18,1,5.0,2821,40,251,894.4210205078125,2308.72998046875,45.1985996,-23.0512022,18.729999542236328,0.12363100051879883,1.3385599851608276,18.83530044555664,0.2142000049352646,0.02798300050199032,18.625999450683594,0.020999999716877937,1.2009999752044678,0.05999999865889549,0.489080011844635,0.10533799976110458,2.7899999618530273,0.9800000190734863,771.7659912109375,0.47369199991226196,1.0558300018310547,0.9369999766349792,0.8479999899864197,0.3358420133590698,0.303943008184433,1.104949951171875,1.0,0.0,0.9528570175170898,1.0,18.80030059814453,0.26589998602867126,45.1986008,-23.0511944,12.3051,26.198999404907227,5.3471001592697576e-05,0.04114999994635582,-0.00405147997662425,9.515599958831444e-05,t17_f5_c3,ZTF20abxyayj
2460575.9175231,1,2821417524015,19.30900001525879,/ztf/archive/sci/2024/0922/417442/ztf_20240922417442_000251_zg_c11_o_q1_scimrefdiffimg.fits.fz,Kulkarni,1,2.821417524015015e+18,t,5.0,2821,40,251,894.4210205078125,2308.72998046875,45.1985996,-23.0512022,18.729999542236328,0.12363100051879883,1.3385599851608276,18.83530044555664,0.2142000049352646,0.02798300050199032,18.625999450683594,0.020999999716877937,1.2009999752044678,0.05999999865889549,0.489080011844635,0.10533799976110458,2.7899999618530273,0.9800000190734863,771.7659912109375,0.47369199991226196,1.0558300018310547,0.9369999766349792,0.8479999899864197,0.3358420133590698,0.303943008184433,1.104949951171875,1.0,0.0,0.9528570175170898,1.0,18.80030059814453,0.26589998602867126,45.1986008,-23.0511944,12.3051,26.198999404907227,5.3471001592697576e-05,0.04114999994635582,-0.00405147997662425,9.515599958831444e-05,t17_f5_c3,ZTF20abxyayj
2460576.0022106,2,2821502214015,19.464500427246094,/ztf/archive/sci/2024/0922/502211/ztf_20240922502211_000251_zr_c11_o_q1_scimrefdiffimg.fits.fz,Kulkarni,1,2.821502214015015e+18,t,10.0,2821,40,251,889.0260009765625,2311.5400390625,45.1985698,-23.0512436,18.660900115966797,0.1085050031542778,1.3827300071716309,18.503999710083008,0.13439999520778656,0.2202879935503006,18.13599967956543,0.032999999821186066,2.927000045776367,0.1469999998807907,0.196834996342659,-0.15688399970531464,3.0299999713897705,0.9769999980926514,768.9609985351562,0.960519015789032,0.9973509907722473,0.9330000281333923,0.8930000066757202,0.30792099237442017,0.29471901059150696,1.0447900295257568,1.0,0.0,0.951429009437561,1.0,18.39109992980957,0.15489999949932098,45.1986134,-23.0511963,11.6726,26.304899215698242,4.032360084238462e-05,0.0387796014547348,0.12383999675512314,5.725739902118221e-05,t17_f5_c3,ZTF20abxyayj
2460576.9182292,2,2822418224015,19.979400634765625,/ztf/archive/sci/2024/0923/418218/ztf_20240923418218_000251_zr_c11_o_q1_scimrefdiffimg.fits.fz,Kulkarni,1,2.822418224015015e+18,1,11.0,2822,40,251,894.02001953125,2303.6298828125,45.1985588,-23.0512286,18.712200164794922,0.08692699670791626,2.163949966430664,18.941600799560547,0.15379999577999115,0.21240900456905365,18.13599967956543,0.032999999821186066,2.927000045776367,0.1469999998807907,0.3074890077114105,0.22942200303077698,1.909999966621399,0.9710000157356262,776.8729858398438,1.0377800464630127,1.2985299825668335,0.628000020980835,0.5870000123977661,0.32879599928855896,0.30733001232147217,1.069849967956543,3.0,0.0,0.9585710167884827,1.0,18.778200149536133,0.1688999980688095,45.1986134,-23.0511963,13.056,26.313199996948242,1.9607599824666977e-05,0.027059800922870636,0.12601399421691895,2.758750088105444e-05,t17_f5_c3,ZTF20abxyayj
2460574.9596991,2,2820459694015,19.152799606323242,/ztf/archive/sci/2024/0921/459699/ztf_20240921459699_000251_zr_c11_o_q1_scimrefdiffimg.fits.fz,Kulkarni,1,2.820459694015025e+18,t,4.0,2820,40,251,904.1859741210938,2334.860107421875,45.1985504,-23.0512404,18.65169906616211,0.11928500235080719,1.0846099853515625,18.402999877929688,0.14630000293254852,0.2590639889240265,18.13599967956543,0.032999999821186066,2.927000045776367,0.1469999998807907,-0.6133660078048706,-0.24867799878120422,3.049999952316284,0.9750000238418579,745.6389770507812,0.7498350143432617,1.0993000268936157,1.3029999732971191,1.0779999494552612,0.42721301317214966,0.3534429967403412,1.2087199687957764,2.0,0.0,0.7528570294380188,0.9981719851493835,18.499300003051758,0.20469999313354492,45.1986134,-23.0511963,10.4257,26.314699172973633,4.740330041386187e-05,0.041944198310375214,0.1309400051832199,6.675779877696186e-05,t17_f5_c3,ZTF20abxyayj
2460576.0022106,2,2821502214015,19.464500427246094,/ztf/archive/sci/2024/0922/502211/ztf_20240922502211_000251_zr_c11_o_q1_scimrefdiffimg.fits.fz,Kulkarni,1,2.821502214015025e+18,t,10.0,2821,40,251,889.0260009765625,2311.5400390625,45.1985698,-23.0512436,18.660900115966797,0.1085050031542778,1.3827300071716309,18.503999710083008,0.13439999520778656,0.2202879935503006,18.13599967956543,0.032999999821186066,2.927000045776367,0.1469999998807907,0.196834996342659,-0.15688399970531464,3.0299999713897705,0.9769999980926514,768.9609985351562,0.960519015789032,0.9973509907722473,0.9330000281333923,0.8930000066757202,0.30792099237442017,0.29471901059150696,1.0447900295257568,1.0,0.0,0.951429009437561,1.0,18.39109992980957,0.15489999949932098,45.1986134,-23.0511963,11.6726,26.304899215698242,4.032360084238462e-05,0.0387796014547348,0.12383999675512314,5.725739902118221e-05,t17_f5_c3,ZTF20abxyayj
2460576.9182292,2,2822418224015,19.979400634765625,/ztf/archive/sci/2024/0923/418218/ztf_20240923418218_000251_zr_c11_o_q1_scimrefdiffimg.fits.fz,Kulkarni,1,2.822418224015015e+18,t,11.0,2822,40,251,894.02001953125,2303.6298828125,45.1985588,-23.0512286,18.712200164794922,0.08692699670791626,2.163949966430664,18.941600799560547,0.15379999577999115,0.21240900456905365,18.13599967956543,0.032999999821186066,2.927000045776367,0.1469999998807907,0.3074890077114105,0.22942200303077698,1.909999966621399,0.9710000157356262,776.8729858398438,1.0377800464630127,1.2985299825668335,0.628000020980835,0.5870000123977661,0.32879599928855896,0.30733001232147217,1.069849967956543,3.0,0.0,0.9585710167884827,1.0,18.778200149536133,0.1688999980688095,45.1986134,-23.0511963,13.056,26.313199996948242,1.9607599824666977e-05,0.027059800922870636,0.12601399421691895,2.758750088105444e-05,t17_f5_c3,ZTF20abxyayj
2460576.980787,1,2822480784015,19.5802001953125,/ztf/archive/sci/2024/0923/480625/ztf_20240923480625_000251_zg_c11_o_q1_scimrefdiffimg.fits.fz,Kulkarni,1,2.822480784015015e+18,t,7.0,2822,40,251,903.0289916992188,2304.56005859375,45.1986311,-23.0511856,18.68939971923828,0.09948500245809555,1.908519983291626,18.78580093383789,0.1664000004529953,0.10396800190210342,18.625999450683594,0.020999999716877937,1.2009999752044678,0.05999999865889549,0.34061399102211,0.09641499817371368,2.819999933242798,0.9810000061988831,775.9390258789062,0.7943609952926636,1.005079984664917,0.7749999761581421,0.7200000286102295,0.27482300996780396,0.2553189992904663,1.076390027999878,3.0,0.0,0.9542859792709351,1.0,18.83049964904785,0.22200000286102295,45.1986008,-23.0511944,13.1244,26.21139907836914,3.7047098885523155e-05,0.03605329990386963,-0.04389819875359535,6.0827998822787777e-05,t17_f5_c3,ZTF20abxyayj
2460577.9293866,2,2823429384015,20.132099151611328,/ztf/archive/sci/2024/0924/429375/ztf_20240924429375_000251_zr_c11_o_q1_scimrefdiffimg.fits.fz,Kulkarni,1,2.823429384015015e+18,1,10.0,2823,40,251,903.5449829101562,2299.659912109375,45.1985971,-23.0511669,18.697200775146484,0.08401399850845337,3.512510061264038,18.68950080871582,0.10379999876022339,0.1172259971499443,18.13599967956543,0.032999999821186066,2.927000045776367,0.1469999998807907,-0.13429699838161469,-0.007683999836444855,2.4700000286102295,1.0,780.8389892578125,1.4425699710845947,1.03957998752594,0.7210000157356262,0.6880000233650208,0.29190298914909363,0.27854299545288086,1.0479700565338135,2.0,0.0,0.9599999785423279,1.0,18.82900047302246,0.14959999918937683,45.1986134,-23.0511963,18.0151,26.318199157714844,1.9255199731560424e-05,0.02699729986488819,0.14033199846744537,2.7191599656362087e-05,t17_f5_c3,ZTF20abxyayj
2460572.9181019,1,2818418104015,18.879600524902344,/ztf/archive/sci/2024/0919/418102/ztf_20240919418102_000251_zg_c11_o_q1_scimrefdiffimg.fits.fz,Qin,3,2.818418104015015e+18,t,3.0,2818,40,251,890.4660034179688,2315.75,45.1985723,-23.051229,18.594100952148438,0.14747300744056702,1.2589000463485718,18.539199829101562,0.26750001311302185,0.15437699854373932,18.625999450683594,0.020999999716877937,1.2009999752044678,0.05999999865889549,0.8343440294265747,-0.05493300035595894,2.380000114440918,0.9800000190734863,764.7490234375,0.34043100476264954,1.1134799718856812,0.7929999828338623,0.6669999957084656,0.33319300413131714,0.28025200963020325,1.1889100074768066,6.0,0.0,0.9528570175170898,0.9520149827003479,18.905399322509766,0.4810999929904938,45.1986008,-23.0511944,10.3208,26.24209976196289,7.906780228950083e-05,0.043848201632499695,-0.04010339826345444,0.00014939899847377092,t17_f5_c3,ZTF20abxyayj
2460577.9293866,2,2823429384015,20.132099151611328,/ztf/archive/sci/2024/0924/429375/ztf_20240924429375_000251_zr_c11_o_q1_scimrefdiffimg.fits.fz,Kulkarni,1,2.823429384015015e+18,t,10.0,2823,40,251,903.5449829101562,2299.659912109375,45.1985971,-23.0511669,18.697200775146484,0.08401399850845337,3.512510061264038,18.68950080871582,0.10379999876022339,0.1172259971499443,18.13599967956543,0.032999999821186066,2.927000045776367,0.1469999998807907,-0.13429699838161469,-0.007683999836444855,2.4700000286102295,1.0,780.8389892578125,1.4425699710845947,1.03957998752594,0.7210000157356262,0.6880000233650208,0.29190298914909363,0.27854299545288086,1.0479700565338135,2.0,0.0,0.9599999785423279,1.0,18.82900047302246,0.14959999918937683,45.1986134,-23.0511963,18.0151,26.318199157714844,1.9255199731560424e-05,0.02699729986488819,0.14033199846744537,2.7191599656362087e-05,t17_f5_c3,ZTF20abxyayj
2460577.9808449,1,2823480844015,19.723400115966797,/ztf/archive/sci/2024/0924/480683/ztf_20240924480683_000251_zg_c11_o_q1_scimrefdiffimg.fits.fz,Kulkarni,1,2.823480844015015e+18,t,2.0,2823,40,251,900.885009765625,2299.6201171875,45.1986125,-23.0512239,18.513200759887695,0.0845320001244545,1.8732199668884277,18.497900009155273,0.10729999840259552,0.11151400208473206,18.625999450683594,0.020999999716877937,1.2009999752044678,0.05999999865889549,-0.27988898754119873,-0.015301999635994434,3.4700000286102295,0.9789999723434448,780.8779907226562,1.2255200147628784,0.8611950278282166,1.003999948501587,0.8600000143051147,0.28933700919151306,0.24783900380134583,1.1674400568008423,2.0,0.0,0.949999988079071,1.0,18.43560028076172,0.12919999659061432,45.1986008,-23.0511944,17.8081,26.204200744628906,3.388460027053952e-05,0.0346481017768383,-0.01764719933271408,5.417630018200725e-05,t17_f5_c3,ZTF20abxyayj
2460578.9336806,1,2824433684015,20.060100555419922,/ztf/archive/sci/2024/0925/433669/ztf_20240925433669_000251_zg_c11_o_q1_scimrefdiffimg.fits.fz,Qin,3,2.824433684015015e+18,1,3.0,2824,40,251,923.9580078125,2300.090087890625,45.1986133,-23.0511477,18.674400329589844,0.07464899867773056,1.2632399797439575,18.827499389648438,0.11479999870061874,0.17073999345302582,18.625999450683594,0.020999999716877937,1.2009999752044678,0.05999999865889549,0.4810500144958496,0.1530500054359436,2.740000009536743,0.9829999804496765,780.406005859375,1.2325999736785889,1.0196800231933594,0.7710000276565552,0.7200000286102295,0.28138700127601624,0.2627739906311035,1.07082998752594,0.0,0.0,0.9628570079803467,1.0,18.909500122070312,0.1573999971151352,45.1986008,-23.0511944,14.1895,26.245399475097656,2.9929200536571443e-05,0.03376840054988861,-0.058251600712537766,4.404849823913537e-05,t17_f5_c3,ZTF20abxyayj
2460578.9379167,1,2824437911315,19.99880027770996,/ztf/archive/sci/2024/0925/437917/ztf_20240925437917_001293_zg_c04_o_q2_scimrefdiffimg.fits.fz,Kulkarni,2,,,,2824,13,1293,,,,,,,,,,,,,,,,,,,,,,,,,,,,,,,,,,,,26.129499435424805,3.59090008714702e-05,0.0360306017100811,-0.02520049922168255,5.4957999964244664e-05,t17_f5_c3,ZTF20abxyayj
2460580.9383796,2,2826438374015,20.159700393676758,/ztf/archive/sci/2024/0927/438333/ztf_20240927438333_000251_zr_c11_o_q1_scimrefdiffimg.fits.fz,Kulkarni,1,,,,2826,40,251,,,,,,,,,,,,,,,,,,,,,,,,,,,,,,,,,,,,26.330299377441406,2.07188004424097e-05,0.02813499979674816,0.1271039992570877,2.9441700462484732e-05,t17_f5_c3,ZTF20abxyayj
2460580.9989352,1,2826498934015,19.943599700927734,/ztf/archive/sci/2024/0927/498935/ztf_20240927498935_000251_zg_c11_o_q1_scimrefdiffimg.fits.fz,Kulkarni,1,2.826498934015015e+18,t,3.0,2826,40,251,886.8930053710938,2292.449951171875,45.198635,-23.0511861,18.56839942932129,0.08784200251102448,2.146780014038086,18.682300567626953,0.10140000283718109,0.11570999771356583,18.625999450683594,0.020999999716877937,1.2009999752044678,0.05999999865889549,-0.004643999971449375,0.11391600221395493,2.859999895095825,0.9829999804496765,788.0499877929688,1.261330008506775,1.0819100141525269,0.9169999957084656,0.8629999756813049,0.3206290006637573,0.30174800753593445,1.0625699758529663,0.0,0.0,0.9671429991722107,1.0,18.649499893188477,0.125,45.1986008,-23.0511944,18.1958,26.198400497436523,3.396909960429184e-05,0.03523759916424751,-0.03965570032596588,5.165570109966211e-05,t17_f5_c3,ZTF20abxyayj
2460583.97375,1,2829473744015,20.02519989013672,/ztf/archive/sci/2024/0930/473750/ztf_20240930473750_000251_zg_c11_o_q1_scimrefdiffimg.fits.fz,Kulkarni,1,2.829473744015015e+18,t,4.0,2829,40,251,951.3679809570312,2322.27001953125,45.1985934,-23.0512387,18.67889976501465,0.09931600093841553,1.681939959526062,18.83009910583496,0.10540000349283218,0.15926800668239594,18.625999450683594,0.020999999716877937,1.2009999752044678,0.05999999865889549,0.1968899965286255,0.15118800103664398,3.319999933242798,0.9819999933242798,758.2319946289062,1.1950600147247314,0.9556800127029419,0.9139999747276306,0.8640000224113464,0.2753010094165802,0.26024100184440613,1.0578700304031372,0.0,0.0,0.949999988079071,1.0,18.806499481201172,0.13089999556541443,45.1986008,-23.0511944,18.9455,26.25189971923828,4.0606599213788286e-05,0.03846760094165802,-0.048794299364089966,6.0754799051210284e-05,t17_f5_c3,ZTF20abxyayj
2460591.9607639,2,2837460764015,19.911100387573242,/ztf/archive/sci/2024/1008/460764/ztf_20241008460764_000251_zr_c11_o_q1_scimrefdiffimg.fits.fz,Kulkarni,1,2.837460764015015e+18,t,9.0,2837,40,251,909.969970703125,2266.27001953125,45.1985445,-23.0511551,18.748199462890625,0.09598000347614288,0.9170129895210266,18.93709945678711,0.1436000019311905,0.2690019905567169,18.13599967956543,0.032999999821186066,2.927000045776367,0.1469999998807907,0.5257220268249512,0.18886999785900116,2.2699999809265137,0.9750000238418579,814.2269897460938,0.9740440249443054,1.2495800256729126,0.8190000057220459,0.7839999794960022,0.36079299449920654,0.3453739881515503,1.0446399450302124,0.0,0.0,0.9542859792709351,1.0,18.798799514770508,0.16089999675750732,45.1986134,-23.0511963,13.7185,26.278200149536133,2.3769000108586624e-05,0.030366800725460052,0.13833099603652954,3.3891301427502185e-05,t17_f5_c3,ZTF20abxyayj
2460593.8561227,1,2839356124015,19.9773006439209,/ztf/archive/sci/2024/1010/355961/ztf_20241010355961_000251_zg_c11_o_q1_scimrefdiffimg.fits.fz,Kulkarni,1,2.839356124015015e+18,1,6.0,2839,40,251,911.3079833984375,2300.909912109375,45.1985899,-23.0512004,18.696399688720703,0.08517500013113022,1.3522499799728394,18.689300537109375,0.08940000087022781,0.04149499908089638,18.625999450683594,0.020999999716877937,1.2009999752044678,0.05999999865889549,-0.06269799917936325,-0.007133999839425087,3.740000009536743,0.9800000190734863,779.5910034179688,1.287969946861267,0.9247509837150574,1.0980000495910645,1.062999963760376,0.2935830056667328,0.2842249870300293,1.0329300165176392,1.0,0.0,0.9328569769859314,1.0,18.72719955444336,0.11710000038146973,45.1986008,-23.0511944,18.8307,26.220399856567383,4.701930083683692e-05,0.04174080118536949,-0.04737130180001259,7.355020352406427e-05,t17_f5_c3,ZTF20abxyayj
2460578.9336806,1,2824433684015,20.060100555419922,/ztf/archive/sci/2024/0925/433669/ztf_20240925433669_000251_zg_c11_o_q1_scimrefdiffimg.fits.fz,Qin,3,2.824433684015015e+18,t,3.0,2824,40,251,923.9580078125,2300.090087890625,45.1986133,-23.0511477,18.674400329589844,0.07464899867773056,1.2632399797439575,18.827499389648438,0.11479999870061874,0.17073999345302582,18.625999450683594,0.020999999716877937,1.2009999752044678,0.05999999865889549,0.4810500144958496,0.1530500054359436,2.740000009536743,0.9829999804496765,780.406005859375,1.2325999736785889,1.0196800231933594,0.7710000276565552,0.7200000286102295,0.28138700127601624,0.2627739906311035,1.07082998752594,0.0,0.0,0.9628570079803467,1.0,18.909500122070312,0.1573999971151352,45.1986008,-23.0511944,14.1895,26.245399475097656,2.9929200536571443e-05,0.03376840054988861,-0.058251600712537766,4.404849823913537e-05,t17_f5_c3,ZTF20abxyayj
2460578.9383912,1,2824438394015,20.03350067138672,/ztf/archive/sci/2024/0925/438380/ztf_20240925438380_000251_zg_c11_o_q1_scimrefdiffimg.fits.fz,Qin,3,2.824438394015015e+18,t,4.0,2824,40,251,923.35302734375,2300.969970703125,45.1986325,-23.0511573,18.59160041809082,0.07596100121736526,2.1343300342559814,18.601699829101562,0.09719999879598618,0.16761499643325806,18.625999450683594,0.020999999716877937,1.2009999752044678,0.05999999865889549,-0.01115300040692091,0.010081999935209751,2.4600000381469727,0.9829999804496765,779.5269775390625,1.4318000078201294,1.1190799474716187,0.8109999895095825,0.7910000085830688,0.32967498898506165,0.3215450048446655,1.0252799987792969,1.0,0.0,0.9685710072517395,1.0,18.67300033569336,0.13189999759197235,45.1986008,-23.0511944,17.1646,26.218599319458008,2.5055600417545065e-05,0.03063560090959072,-0.021041499450802803,3.714569902513176e-05,t17_f5_c3,ZTF20abxyayj
2460578.9959259,1,2824495921315,19.891000747680664,/ztf/archive/sci/2024/0925/495868/ztf_20240925495868_001293_zg_c04_o_q2_scimrefdiffimg.fits.fz,Kulkarni,3,,,,2824,13,1293,,,,,,,,,,,,,,,,,,,,,,,,,,,,,,,,,,,,26.078800201416016,3.6008699680678546e-05,0.03561430051922798,-0.004410089924931526,5.577330011874437e-05,t17_f5_c3,ZTF20abxyayj
2460579.87,1,2825370001315,19.987699508666992,/ztf/archive/sci/2024/0926/369988/ztf_20240926369988_001293_zg_c04_o_q2_scimrefdiffimg.fits.fz,Kulkarni,2,2.825370001315015e+18,t,5.0,2825,13,1293,747.6530151367188,1546.8499755859375,45.1985815,-23.0513272,20.196199417114258,0.24942299723625183,1.19868004322052,19.613399505615234,0.24699999392032623,0.5106149911880493,18.014999389648438,0.028999999165534973,1.5989999771118164,0.0820000022649765,-0.04316199943423271,-0.5828350186347961,1.4414700269699097,0.7080000042915344,747.6530151367188,0.3742859959602356,2.0,0.7260000109672546,0.6029999852180481,0.5036540031433105,0.41832399368286133,1.2039799690246582,7.0,0.0,0.701429009437561,0.9745910167694092,19.50779914855957,0.2847000062465668,45.1986211,-23.0511882,5.83844,26.082199096679688,4.686250031227246e-05,0.04104280099272728,-0.03865490108728409,7.000449841143563e-05,t17_f5_c3,ZTF20abxyayj
2460579.870463,1,2825370461315,20.000999450683594,/ztf/archive/sci/2024/0926/370463/ztf_20240926370463_001293_zg_c04_o_q2_scimrefdiffimg.fits.fz,Kulkarni,3,,,,2825,13,1293,,,,,,,,,,,,,,,,,,,,,,,,,,,,,,,,,,,,26.09749984741211,3.3646101655904204e-05,0.0344403013586998,-0.04592769965529442,5.1470800826791674e-05,t17_f5_c3,ZTF20abxyayj
2460579.9298611,2,2825429861315,19.901399612426758,/ztf/archive/sci/2024/0926/429861/ztf_20240926429861_001293_zr_c04_o_q2_scimrefdiffimg.fits.fz,Kulkarni,2,,,,2825,13,1293,,,,,,,,,,,,,,,,,,,,,,,,,,,,,,,,,,,,26.106300354003906,2.5404400730622e-05,0.030562400817871094,0.1241919994354248,3.5903700336348265e-05,t17_f5_c3,ZTF20abxyayj
2460579.9303356,2,2825430331315,19.79960060119629,/ztf/archive/sci/2024/0926/430324/ztf_20240926430324_001293_zr_c04_o_q2_scimrefdiffimg.fits.fz,Kulkarni,3,,,,2825,13,1293,,,,,,,,,,,,,,,,,,,,,,,,,,,,,,,,,,,,26.079999923706055,2.5429599190829322e-05,0.030447499826550484,0.13480399549007416,3.581829878385179e-05,t17_f5_c3,ZTF20abxyayj
2460593.8561227,1,2839356124015,19.9773006439209,/ztf/archive/sci/2024/1010/355961/ztf_20241010355961_000251_zg_c11_o_q1_scimrefdiffimg.fits.fz,Kulkarni,1,2.839356124015015e+18,t,6.0,2839,40,251,911.3079833984375,2300.909912109375,45.1985899,-23.0512004,18.696399688720703,0.08517500013113022,1.3522499799728394,18.689300537109375,0.08940000087022781,0.04149499908089638,18.625999450683594,0.020999999716877937,1.2009999752044678,0.05999999865889549,-0.06269799917936325,-0.007133999839425087,3.740000009536743,0.9800000190734863,779.5910034179688,1.287969946861267,0.9247509837150574,1.0980000495910645,1.062999963760376,0.2935830056667328,0.2842249870300293,1.0329300165176392,1.0,0.0,0.9328569769859314,1.0,18.72719955444336,0.11710000038146973,45.1986008,-23.0511944,18.8307,26.220399856567383,4.701930083683692e-05,0.04174080118536949,-0.04737130180001259,7.355020352406427e-05,t17_f5_c3,ZTF20abxyayj
2460593.8771875,2,2839377184015,20.07939910888672,/ztf/archive/sci/2024/1010/377188/ztf_20241010377188_000251_zr_c11_o_q1_scimrefdiffimg.fits.fz,Kulkarni,1,2.839377184015015e+18,t,8.0,2839,40,251,919.8510131835938,2303.580078125,45.1986077,-23.0511737,18.74959945678711,0.09409300237894058,1.8653600215911865,18.764400482177734,0.10289999842643738,0.08251100033521652,18.13599967956543,0.032999999821186066,2.927000045776367,0.1469999998807907,-0.2218710035085678,0.014829999767243862,2.7100000381469727,0.9750000238418579,776.9180297851562,1.3149900436401367,1.0822399854660034,0.8730000257492065,0.8500000238418579,0.32214000821113586,0.31365299224853516,1.0270600318908691,1.0,0.0,0.949999988079071,1.0,18.711200714111328,0.12409999966621399,45.1986134,-23.0511963,15.7566,26.31760025024414,2.2750500647816807e-05,0.02958199940621853,0.13678500056266785,3.202060179319233e-05,t17_f5_c3,ZTF20abxyayj
2460593.9142824,2,2839414281315,19.695499420166016,/ztf/archive/sci/2024/1010/414271/ztf_20241010414271_001293_zr_c04_o_q2_scimrefdiffimg.fits.fz,Kulkarni,2,,,,2839,13,1293,,,,,,,,,,,,,,,,,,,,,,,,,,,,,,,,,,,,26.107900619506836,2.6140000045415945e-05,0.03087569959461689,0.13215599954128265,3.7026598874945194e-05,t17_f5_c3,ZTF20abxyayj
2460593.9147569,2,2839414751315,19.68280029296875,/ztf/archive/sci/2024/1010/414745/ztf_20241010414745_001293_zr_c04_o_q2_scimrefdiffimg.fits.fz,Kulkarni,3,,,,2839,13,1293,,,,,,,,,,,,,,,,,,,,,,,,,,,,,,,,,,,,26.11090087890625,3.1736100936541334e-05,0.033927999436855316,0.12776699662208557,4.482900112634525e-05,t17_f5_c3,ZTF20abxyayj
2460594.9188889,1,2840418884015,20.011899948120117,/ztf/archive/sci/2024/1011/418889/ztf_20241011418889_000251_zg_c11_o_q1_scimrefdiffimg.fits.fz,Qin,3,2.840418884015015e+18,1,3.0,2840,40,251,905.4030151367188,2302.949951171875,45.1985873,-23.0511771,18.700700759887695,0.09797699749469757,1.6330300569534302,18.736600875854492,0.1023000031709671,0.07564999908208847,18.625999450683594,0.020999999716877937,1.2009999752044678,0.05999999865889549,-0.5128939747810364,0.03586599975824356,2.6700000762939453,0.9829999804496765,777.5449829101562,1.2752799987792969,1.1318199634552002,0.9620000123977661,0.8349999785423279,0.3603000044822693,0.3127340078353882,1.1520999670028687,1.0,0.0,0.9599999785423279,1.0,18.667999267578125,0.12210000306367874,45.1986008,-23.0511944,18.2341,26.257699966430664,3.6141998862149194e-05,0.036829300224781036,-0.04148570075631142,5.5685999541310593e-05,t17_f5_c3,ZTF20abxyayj
2460595.8586806,2,2841358684015,20.25349998474121,/ztf/archive/sci/2024/1012/358681/ztf_20241012358681_000251_zr_c11_o_q1_scimrefdiffimg.fits.fz,Kulkarni,2,,,,2841,40,251,,,,,,,,,,,,,,,,,,,,,,,,,,,,,,,,,,,,26.337900161743164,2.060979932139162e-05,0.02767370082437992,0.13109000027179718,2.8951000786037184e-05,t17_f5_c3,ZTF20abxyayj
2460596.8905903,2,2842390594015,20.30500030517578,/ztf/archive/sci/2024/1013/390590/ztf_20241013390590_000251_zr_c11_o_q1_scimrefdiffimg.fits.fz,Kulkarni,1,,,,2842,40,251,,,,,,,,,,,,,,,,,,,,,,,,,,,,,,,,,,,,26.36750030517578,2.0167199181742035e-05,0.02746810019016266,0.12657499313354492,2.8516400561784394e-05,t17_f5_c3,ZTF20abxyayj
2460596.9227662,1,2842422764015,20.228500366210938,/ztf/archive/sci/2024/1013/422766/ztf_20241013422766_000251_zg_c11_o_q1_scimrefdiffimg.fits.fz,Kulkarni,1,2.842422764015015e+18,t,7.0,2842,40,251,903.7509765625,2280.030029296875,45.1986741,-23.0511127,18.664899826049805,0.0726189985871315,2.0116701126098633,18.579200744628906,0.07900000363588333,0.3764500021934509,18.625999450683594,0.020999999716877937,1.2009999752044678,0.05999999865889549,-0.19998799264431,-0.08567299693822861,5.170000076293945,0.9800000190734863,800.469970703125,1.6492500305175781,0.5447670221328735,1.0449999570846558,0.9350000023841858,0.20212799310684204,0.18085099756717682,1.117650032043457,1.0,0.0,0.8299999833106995,1.0,18.601200103759766,0.10189999639987946,45.1986008,-23.0511944,15.5218,26.258899688720703,3.406830001040362e-05,0.035743601620197296,-0.03292829915881157,5.017990042688325e-05,t17_f5_c3,ZTF20abxyayj
2460595.8987269,1,2841398724015,20.16160011291504,/ztf/archive/sci/2024/1012/398727/ztf_20241012398727_000251_zg_c11_o_q1_scimrefdiffimg.fits.fz,Kulkarni,2,2.841398724015015e+18,t,6.0,2841,40,251,893.9600219726562,2282.199951171875,45.1985744,-23.051207,18.597700119018555,0.076494000852108,1.6358400583267212,18.6658992767334,0.09040000289678574,0.09722500294446945,18.625999450683594,0.020999999716877937,1.2009999752044678,0.05999999865889549,-0.19653700292110443,0.06818000227212906,2.799999952316284,0.9829999804496765,798.301025390625,1.495710015296936,1.0042699575424194,0.8410000205039978,0.7870000004768372,0.30035701394081116,0.2810710072517395,1.0686099529266357,1.0,0.0,0.9628570079803467,1.0,18.71139907836914,0.11940000206232071,45.1986008,-23.0511944,15.8968,26.2726993560791,2.58783002209384e-05,0.030904000625014305,-0.02724830061197281,3.855219983961433e-05,t17_f5_c3,ZTF20abxyayj
2460597.8084259,2,2843308421315,19.439599990844727,/ztf/archive/sci/2024/1014/308426/ztf_20241014308426_001293_zr_c04_o_q2_scimrefdiffimg.fits.fz,Kulkarni,2,,,,2843,13,1293,,,,,,,,,,,,,,,,,,,,,,,,,,,,,,,,,,,,26.116500854492188,4.12875997426454e-05,0.03916430100798607,0.12549200654029846,5.858140139025636e-05,t17_f5_c3,ZTF20abxyayj
2460597.8234606,1,2843323461315,19.458099365234375,/ztf/archive/sci/2024/1014/322975/ztf_20241014322975_001293_zg_c04_o_q2_scimrefdiffimg.fits.fz,Kulkarni,2,,,,2843,13,1293,,,,,,,,,,,,,,,,,,,,,,,,,,,,,,,,,,,,26.132999420166016,5.094210064271465e-05,0.041976798325777054,-0.0334261991083622,8.854050247464329e-05,t17_f5_c3,ZTF20abxyayj
2460597.8573148,2,2843357314015,19.773799896240234,/ztf/archive/sci/2024/1014/357303/ztf_20241014357303_000251_zr_c11_o_q1_scimrefdiffimg.fits.fz,Kulkarni,1,2.843357314015015e+18,1,9.0,2843,40,251,894.1640014648438,2310.22998046875,45.1985917,-23.051214,18.6343994140625,0.08122000098228455,0.951990008354187,18.792299270629883,0.1535000056028366,0.09496399760246277,18.13599967956543,0.032999999821186066,2.927000045776367,0.1469999998807907,-0.18841800093650818,0.15785899758338928,2.2100000381469727,0.9779999852180481,770.27099609375,0.9814770221710205,1.1784600019454956,0.7250000238418579,0.6819999814033508,0.3280540108680725,0.30859699845314026,1.0630500316619873,2.0,0.0,0.9557139873504639,1.0,18.96139907836914,0.2289000004529953,45.1986134,-23.0511963,10.3394,26.356399536132812,2.488939935574308e-05,0.030208200216293335,0.12839700281620026,3.522069891914725e-05,t17_f5_c3,ZTF20abxyayj
2460597.8621181,2,2843362114015,19.77899932861328,/ztf/archive/sci/2024/1014/362118/ztf_20241014362118_000251_zr_c11_o_q1_scimrefdiffimg.fits.fz,Kulkarni,2,2.843362114015015e+18,1,5.0,2843,40,251,904.7890014648438,2309.81005859375,45.1985672,-23.0511887,18.67970085144043,0.08507400006055832,1.3416999578475952,18.822999954223633,0.1581999957561493,0.15352000296115875,18.13599967956543,0.032999999821186066,2.927000045776367,0.1469999998807907,0.3237200081348419,0.14325299859046936,2.619999885559082,0.9919999837875366,770.68798828125,0.9560210108757019,0.986615002155304,0.7210000157356262,0.6690000295639038,0.2751910090446472,0.2553440034389496,1.0777299404144287,4.0,0.0,0.942857027053833,1.0,18.863399505615234,0.20970000326633453,45.1986134,-23.0511963,14.1668,26.358699798583984,2.4929999199230224e-05,0.03062259964644909,0.13334999978542328,3.541490150382742e-05,t17_f5_c3,ZTF20abxyayj
2460597.8981713,1,2843398174015,19.551700592041016,/ztf/archive/sci/2024/1014/398171/ztf_20241014398171_000251_zg_c11_o_q1_scimrefdiffimg.fits.fz,Kulkarni,1,2.843398174015015e+18,1,2.0,2843,40,251,906.1110229492188,2311.2900390625,45.1986266,-23.0511252,18.69809913635254,0.09745199978351593,1.5410200357437134,18.537700653076172,0.13809999823570251,0.259988009929657,18.625999450683594,0.020999999716877937,1.2009999752044678,0.05999999865889549,0.7621470093727112,-0.1604290008544922,3.3399999141693115,0.9829999804496765,769.2130126953125,1.0140199661254883,0.8365060091018677,1.0579999685287476,0.9100000262260437,0.31676599383354187,0.27245500683784485,1.1626399755477905,2.0,0.0,0.9385709762573242,1.0,18.545499801635742,0.17790000140666962,45.1986008,-23.0511944,11.3855,26.287099838256836,3.778489917749539e-05,0.0361442007124424,-0.0328684002161026,6.26797991571948e-05,t17_f5_c3,ZTF20abxyayj
2460597.8573148,2,2843357314015,19.773799896240234,/ztf/archive/sci/2024/1014/357303/ztf_20241014357303_000251_zr_c11_o_q1_scimrefdiffimg.fits.fz,Kulkarni,1,2.843357314015015e+18,t,9.0,2843,40,251,894.1640014648438,2310.22998046875,45.1985917,-23.051214,18.6343994140625,0.08122000098228455,0.951990008354187,18.792299270629883,0.1535000056028366,0.09496399760246277,18.13599967956543,0.032999999821186066,2.927000045776367,0.1469999998807907,-0.18841800093650818,0.15785899758338928,2.2100000381469727,0.9779999852180481,770.27099609375,0.9814770221710205,1.1784600019454956,0.7250000238418579,0.6819999814033508,0.3280540108680725,0.30859699845314026,1.0630500316619873,2.0,0.0,0.9557139873504639,1.0,18.96139907836914,0.2289000004529953,45.1986134,-23.0511963,10.3394,26.356399536132812,2.488939935574308e-05,0.030208200216293335,0.12839700281620026,3.522069891914725e-05,t17_f5_c3,ZTF20abxyayj
2460597.8981713,1,2843398174015,19.551700592041016,/ztf/archive/sci/2024/1014/398171/ztf_20241014398171_000251_zg_c11_o_q1_scimrefdiffimg.fits.fz,Kulkarni,1,2.843398174015015e+18,t,2.0,2843,40,251,906.1110229492188,2311.2900390625,45.1986266,-23.0511252,18.69809913635254,0.09745199978351593,1.5410200357437134,18.537700653076172,0.13809999823570251,0.259988009929657,18.625999450683594,0.020999999716877937,1.2009999752044678,0.05999999865889549,0.7621470093727112,-0.1604290008544922,3.3399999141693115,0.9829999804496765,769.2130126953125,1.0140199661254883,0.8365060091018677,1.0579999685287476,0.9100000262260437,0.31676599383354187,0.27245500683784485,1.1626399755477905,2.0,0.0,0.9385709762573242,1.0,18.545499801635742,0.17790000140666962,45.1986008,-23.0511944,11.3855,26.287099838256836,3.778489917749539e-05,0.0361442007124424,-0.0328684002161026,6.26797991571948e-05,t17_f5_c3,ZTF20abxyayj
2460598.8771065,2,2844377104015,19.42490005493164,/ztf/archive/sci/2024/1015/377095/ztf_20241015377095_000251_zr_c11_o_q1_scimrefdiffimg.fits.fz,Kulkarni,1,2.844377104015015e+18,1,5.0,2844,40,251,912.3140258789062,2312.2099609375,45.1985669,-23.0512233,18.811399459838867,0.12058299779891968,1.736340045928955,18.966800689697266,0.23229999840259552,0.18001799285411835,18.13599967956543,0.032999999821186066,2.927000045776367,0.1469999998807907,-0.30040600895881653,0.1554429978132248,2.9100000858306885,0.9089999794960022,768.2919921875,0.4581260085105896,0.949176013469696,0.7300000190734863,0.6570000052452087,0.25085899233818054,0.22577300667762756,1.111109972000122,2.0,0.0,0.9399999976158142,1.0,18.930400848388672,0.28760001063346863,45.1986134,-23.0511963,8.98504,26.337400436401367,3.849419954349287e-05,0.03836840018630028,0.13255399465560913,5.4300799092743546e-05,t17_f5_c3,ZTF20abxyayj
2460598.8771065,2,2844377104015,19.42490005493164,/ztf/archive/sci/2024/1015/377095/ztf_20241015377095_000251_zr_c11_o_q1_scimrefdiffimg.fits.fz,Kulkarni,1,2.844377104015015e+18,t,5.0,2844,40,251,912.3140258789062,2312.2099609375,45.1985669,-23.0512233,18.811399459838867,0.12058299779891968,1.736340045928955,18.966800689697266,0.23229999840259552,0.18001799285411835,18.13599967956543,0.032999999821186066,2.927000045776367,0.1469999998807907,-0.30040600895881653,0.1554429978132248,2.9100000858306885,0.9089999794960022,768.2919921875,0.4581260085105896,0.949176013469696,0.7300000190734863,0.6570000052452087,0.25085899233818054,0.22577300667762756,1.111109972000122,2.0,0.0,0.9399999976158142,1.0,18.930400848388672,0.28760001063346863,45.1986134,-23.0511963,8.98504,26.337400436401367,3.849419954349287e-05,0.03836840018630028,0.13255399465560913,5.4300799092743546e-05,t17_f5_c3,ZTF20abxyayj
2460598.9441088,1,2844444104015,19.033300399780273,/ztf/archive/sci/2024/1015/444097/ztf_20241015444097_000251_zg_c11_o_q1_scimrefdiffimg.fits.fz,Kulkarni,1,2.844444104015015e+18,t,5.0,2844,40,251,912.6900024414062,2303.800048828125,45.1986881,-23.0511166,18.69219970703125,0.11098600178956985,1.157580018043518,18.485200881958008,0.1818999946117401,0.3970099985599518,18.625999450683594,0.020999999716877937,1.2009999752044678,0.05999999865889549,0.12168899923563004,-0.20698699355125427,4.960000038146973,0.9800000190734863,776.697998046875,0.548114001750946,0.652010977268219,1.1510000228881836,0.9810000061988831,0.23205600678920746,0.1977819949388504,1.1732900142669678,4.0,0.0,0.7728570103645325,0.9626550078392029,18.52389907836914,0.24169999361038208,45.1986008,-23.0511944,10.025,26.224199295043945,9.392369975103065e-05,0.04952479898929596,-0.013561399653553963,0.00018020899733528495,t17_f5_c3,ZTF20abxyayj
2460600.8345833,1,2846334584015,18.44700050354004,/ztf/archive/sci/2024/1017/334016/ztf_20241017334016_000251_zg_c11_o_q1_scimrefdiffimg.fits.fz,Kulkarni,1,,,,2846,40,251,,,,,,,,,,,,,,,,,,,,,,,,,,,,,,,,,,,,26.25909996032715,9.69437969615683e-05,0.03995009884238243,-0.0423675999045372,0.00021662900689989328,t17_f5_c3,ZTF20abxyayj
2460600.9207755,2,2846420774015,18.724000930786133,/ztf/archive/sci/2024/1017/420764/ztf_20241017420764_000251_zr_c11_o_q1_scimrefdiffimg.fits.fz,Kulkarni,1,2.846420774015015e+18,t,2.0,2846,40,251,906.5339965820312,2276.489990234375,45.1985458,-23.0512328,18.783599853515625,0.24279600381851196,1.7430599927902222,19.547100067138672,0.7214000225067139,0.2565149962902069,18.13599967956543,0.032999999821186066,2.927000045776367,0.1469999998807907,-0.9227420091629028,0.7634990215301514,1.5,0.8889999985694885,804.0070190429688,-0.8230829834938049,1.9117000102996826,0.8289999961853027,0.6620000004768372,0.5526670217514038,0.44133299589157104,1.252269983291626,6.0,0.0,0.7185710072517395,0.9275879859924316,19.28459930419922,0.7278000116348267,45.1986134,-23.0511963,7.75333,26.346599578857422,5.5580898333573714e-05,0.041999898850917816,0.12738600373268127,7.93901999713853e-05,t17_f5_c3,ZTF20abxyayj
2460603.9510995,1,2849451094015,18.973899841308594,/ztf/archive/sci/2024/1020/451019/ztf_20241020451019_000251_zg_c11_o_q1_scimrefdiffimg.fits.fz,Kulkarni,1,2.849451094015015e+18,t,2.0,2849,40,251,882.822998046875,2366.699951171875,45.1986059,-23.0511222,18.764299392700195,0.1483220010995865,0.7822059988975525,18.90999984741211,0.2944999933242798,0.2568739950656891,18.625999450683594,0.020999999716877937,1.2009999752044678,0.05999999865889549,0.17256100475788116,0.14568300545215607,3.9700000286102295,0.9829999804496765,713.7999877929688,0.0638590008020401,0.7850440144538879,1.0119999647140503,0.9350000023841858,0.25491198897361755,0.2355159968137741,1.0823500156402588,0.0,0.0,0.9157140254974365,1.0,18.77989959716797,0.33489999175071716,45.1986008,-23.0511944,9.7272,26.202299118041992,7.653739885427058e-05,0.04385979846119881,-0.021666400134563446,0.00015125000209081918,t17_f5_c3,ZTF20abxyayj
2460604.8485532,1,2850348554015,19.67460060119629,/ztf/archive/sci/2024/1021/348542/ztf_20241021348542_000251_zg_c11_o_q1_scimrefdiffimg.fits.fz,Kulkarni,1,2.850348554015015e+18,1,8.0,2850,40,251,892.1339721679688,2316.75,45.1985913,-23.0512106,18.73710060119629,0.09110400080680847,1.4843900203704834,18.647300720214844,0.15299999713897705,0.06525500118732452,18.625999450683594,0.020999999716877937,1.2009999752044678,0.05999999865889549,-0.13481000065803528,-0.08977600187063217,2.2799999713897705,0.9900000095367432,763.7529907226562,1.0273200273513794,1.088919997215271,0.6940000057220459,0.6710000038146973,0.3043859899044037,0.294297993183136,1.0342799425125122,6.0,0.0,0.9599999785423279,0.9511010050773621,18.591899871826172,0.18629999458789825,45.1986008,-23.0511944,11.1927,26.294099807739258,2.9653900128323585e-05,0.032402899116277695,-0.04989650100469589,4.719469870906323e-05,t17_f5_c3,ZTF20abxyayj
2460604.8485532,1,2850348554015,19.67460060119629,/ztf/archive/sci/2024/1021/348542/ztf_20241021348542_000251_zg_c11_o_q1_scimrefdiffimg.fits.fz,Kulkarni,1,2.850348554015015e+18,t,8.0,2850,40,251,892.1339721679688,2316.75,45.1985913,-23.0512106,18.73710060119629,0.09110400080680847,1.4843900203704834,18.647300720214844,0.15299999713897705,0.06525500118732452,18.625999450683594,0.020999999716877937,1.2009999752044678,0.05999999865889549,-0.13481000065803528,-0.08977600187063217,2.2799999713897705,0.9900000095367432,763.7529907226562,1.0273200273513794,1.088919997215271,0.6940000057220459,0.6710000038146973,0.3043859899044037,0.294297993183136,1.0342799425125122,6.0,0.0,0.9599999785423279,0.9511010050773621,18.591899871826172,0.18629999458789825,45.1986008,-23.0511944,11.1927,26.294099807739258,2.9653900128323585e-05,0.032402899116277695,-0.04989650100469589,4.719469870906323e-05,t17_f5_c3,ZTF20abxyayj
2460604.9004167,2,2850400414015,19.80109977722168,/ztf/archive/sci/2024/1021/400417/ztf_20241021400417_000251_zr_c11_o_q1_scimrefdiffimg.fits.fz,Kulkarni,1,2.850400414015015e+18,t,7.0,2850,40,251,897.344970703125,2318.3701171875,45.198612,-23.0512281,18.711999893188477,0.10789299756288528,2.4808199405670166,18.91080093383789,0.1738000065088272,0.11305300146341324,18.13599967956543,0.032999999821186066,2.927000045776367,0.1469999998807907,-0.033730000257492065,0.1988220065832138,2.809999942779541,0.9919999837875366,762.135009765625,0.890254020690918,0.8889520168304443,0.6959999799728394,0.6209999918937683,0.24768699705600739,0.22099600732326508,1.12076997756958,7.0,0.0,0.9385709762573242,0.8924810290336609,18.74970054626465,0.19140000641345978,45.1986134,-23.0511963,14.4787,26.34000015258789,2.328650043637026e-05,0.029738599434494972,0.1340779960155487,3.3120799344033e-05,t17_f5_c3,ZTF20abxyayj
2460606.8352315,2,2852335234015,20.00830078125,/ztf/archive/sci/2024/1023/335231/ztf_20241023335231_000251_zr_c11_o_q1_scimrefdiffimg.fits.fz,Kulkarni,1,2.852335234015015e+18,1,5.0,2852,40,251,892.6640014648438,2312.419921875,45.1985829,-23.0512263,18.729700088500977,0.08475600183010101,3.0718700885772705,18.519800186157227,0.09610000252723694,0.1460449993610382,18.13599967956543,0.032999999821186066,2.927000045776367,0.1469999998807907,-0.37164101004600525,-0.20993800461292267,2.200000047683716,0.9890000224113464,768.0780029296875,1.488510012626648,1.2013299465179443,0.8500000238418579,0.7519999742507935,0.38636401295661926,0.3418180048465729,1.1303199529647827,4.0,0.0,0.942857027053833,0.9956169724464417,18.422700881958008,0.11180000007152557,45.1986134,-23.0511963,18.0502,26.356700897216797,1.8055799955618568e-05,0.02573779970407486,0.12678499519824982,2.553249942138791e-05,t17_f5_c3,ZTF20abxyayj
2460594.9188889,1,2840418884015,20.011899948120117,/ztf/archive/sci/2024/1011/418889/ztf_20241011418889_000251_zg_c11_o_q1_scimrefdiffimg.fits.fz,Qin,3,2.840418884015015e+18,t,3.0,2840,40,251,905.4030151367188,2302.949951171875,45.1985873,-23.0511771,18.700700759887695,0.09797699749469757,1.6330300569534302,18.736600875854492,0.1023000031709671,0.07564999908208847,18.625999450683594,0.020999999716877937,1.2009999752044678,0.05999999865889549,-0.5128939747810364,0.03586599975824356,2.6700000762939453,0.9829999804496765,777.5449829101562,1.2752799987792969,1.1318199634552002,0.9620000123977661,0.8349999785423279,0.3603000044822693,0.3127340078353882,1.1520999670028687,1.0,0.0,0.9599999785423279,1.0,18.667999267578125,0.12210000306367874,45.1986008,-23.0511944,18.2341,26.257699966430664,3.6141998862149194e-05,0.036829300224781036,-0.04148570075631142,5.5685999541310593e-05,t17_f5_c3,ZTF20abxyayj
2460594.9396181,1,2840439614015,19.9768009185791,/ztf/archive/sci/2024/1011/439618/ztf_20241011439618_000251_zg_c11_o_q1_scimrefdiffimg.fits.fz,Qin,3,2.840439614015015e+18,t,5.0,2840,40,251,900.43701171875,2297.300048828125,45.1986296,-23.0511863,18.7096004486084,0.11577299982309341,2.1120500564575195,18.823200225830078,0.11509999632835388,0.09844700247049332,18.625999450683594,0.020999999716877937,1.2009999752044678,0.05999999865889549,0.03172200173139572,0.11362600326538086,2.5299999713897705,0.9819999933242798,783.2030029296875,1.1535999774932861,1.186169981956482,0.8370000123977661,0.7889999747276306,0.33083000779151917,0.31185799837112427,1.0608400106430054,2.0,0.0,0.9671429991722107,1.0,18.795700073242188,0.14270000159740448,45.1986008,-23.0511944,19.5078,26.242599487304688,3.383230068720877e-05,0.03506330028176308,-0.04489390179514885,5.134599996381439e-05,t17_f5_c3,ZTF20abxyayj
2460597.8089005,2,2843308901315,19.33690071105957,/ztf/archive/sci/2024/1014/308889/ztf_20241014308889_001293_zr_c04_o_q2_scimrefdiffimg.fits.fz,Kulkarni,3,,,,2843,13,1293,,,,,,,,,,,,,,,,,,,,,,,,,,,,,,,,,,,,26.11520004272461,3.239270154153928e-05,0.03461800143122673,0.13166099786758423,4.613450073520653e-05,t17_f5_c3,ZTF20abxyayj
2460597.8239352,1,2843323931315,19.467899322509766,/ztf/archive/sci/2024/1014/323924/ztf_20241014323924_001293_zg_c04_o_q2_scimrefdiffimg.fits.fz,Kulkarni,3,,,,2843,13,1293,,,,,,,,,,,,,,,,,,,,,,,,,,,,,,,,,,,,26.14349937438965,5.9628600865835324e-05,0.04489490017294884,-0.02849699929356575,9.835659875534475e-05,t17_f5_c3,ZTF20abxyayj
2460597.8621181,2,2843362114015,19.77899932861328,/ztf/archive/sci/2024/1014/362118/ztf_20241014362118_000251_zr_c11_o_q1_scimrefdiffimg.fits.fz,Kulkarni,2,2.843362114015015e+18,t,5.0,2843,40,251,904.7890014648438,2309.81005859375,45.1985672,-23.0511887,18.67970085144043,0.08507400006055832,1.3416999578475952,18.822999954223633,0.1581999957561493,0.15352000296115875,18.13599967956543,0.032999999821186066,2.927000045776367,0.1469999998807907,0.3237200081348419,0.14325299859046936,2.619999885559082,0.9919999837875366,770.68798828125,0.9560210108757019,0.986615002155304,0.7210000157356262,0.6690000295639038,0.2751910090446472,0.2553440034389496,1.0777299404144287,4.0,0.0,0.942857027053833,1.0,18.863399505615234,0.20970000326633453,45.1986134,-23.0511963,14.1668,26.358699798583984,2.4929999199230224e-05,0.03062259964644909,0.13334999978542328,3.541490150382742e-05,t17_f5_c3,ZTF20abxyayj
2460597.9014699,1,2843401464015,19.634300231933594,/ztf/archive/sci/2024/1014/401458/ztf_20241014401458_000251_zg_c11_o_q1_scimrefdiffimg.fits.fz,Kulkarni,2,2.843401464015015e+18,t,0.0,2843,40,251,915.8670043945312,2310.27001953125,45.1985734,-23.0511863,18.642099380493164,0.10391899943351746,1.7056699991226196,18.5447998046875,0.13410000503063202,0.09409300237894058,18.625999450683594,0.020999999716877937,1.2009999752044678,0.05999999865889549,-0.48512399196624756,-0.09733700007200241,2.380000114440918,0.9860000014305115,770.2329711914062,1.08951997756958,1.126420021057129,0.8100000023841858,0.753000020980835,0.34033599495887756,0.31638699769973755,1.075700044631958,1.0,0.0,0.9628570079803467,1.0,18.53860092163086,0.17069999873638153,45.1986008,-23.0511944,13.9787,26.286100387573242,4.262700167600997e-05,0.03933990001678467,-0.032683998346328735,6.914549885550514e-05,t17_f5_c3,ZTF20abxyayj
2460598.8943866,2,2844394381315,19.28059959411621,/ztf/archive/sci/2024/1015/394375/ztf_20241015394375_001293_zr_c04_o_q2_scimrefdiffimg.fits.fz,Kulkarni,2,,,,2844,13,1293,,,,,,,,,,,,,,,,,,,,,,,,,,,,,,,,,,,,26.122499465942383,3.9861399272922426e-05,0.038202401250600815,0.11672399938106537,5.6740300351521e-05,t17_f5_c3,ZTF20abxyayj
2460598.8948611,2,2844394861315,19.301300048828125,/ztf/archive/sci/2024/1015/394850/ztf_20241015394850_001293_zr_c04_o_q2_scimrefdiffimg.fits.fz,Kulkarni,3,,,,2844,13,1293,,,,,,,,,,,,,,,,,,,,,,,,,,,,,,,,,,,,26.135499954223633,4.170490137767047e-05,0.03930709883570671,0.12212400138378143,5.9507401601877064e-05,t17_f5_c3,ZTF20abxyayj
2460599.8697685,1,2845369761315,18.913999557495117,/ztf/archive/sci/2024/1016/369757/ztf_20241016369757_001293_zg_c04_o_q2_scimrefdiffimg.fits.fz,Kulkarni,2,,,,2845,13,1293,,,,,,,,,,,,,,,,,,,,,,,,,,,,,,,,,,,,26.142000198364258,7.871630077715963e-05,0.044193901121616364,-0.02283109910786152,0.000147743005072698,t17_f5_c3,ZTF20abxyayj
2460599.8702315,1,2845370231315,18.97760009765625,/ztf/archive/sci/2024/1016/370231/ztf_20241016370231_001293_zg_c04_o_q2_scimrefdiffimg.fits.fz,Kulkarni,3,,,,2845,13,1293,,,,,,,,,,,,,,,,,,,,,,,,,,,,,,,,,,,,26.162700653076172,0.0001050709979608655,0.052469901740550995,-0.031314998865127563,0.00020388999837450683,t17_f5_c3,ZTF20abxyayj
2460599.8908681,2,2845390861315,19.08139991760254,/ztf/archive/sci/2024/1016/390868/ztf_20241016390868_001293_zr_c04_o_q2_scimrefdiffimg.fits.fz,Kulkarni,2,,,,2845,13,1293,,,,,,,,,,,,,,,,,,,,,,,,,,,,,,,,,,,,26.106199264526367,4.854780127061531e-05,0.04185539856553078,0.1259939968585968,6.880959699628875e-05,t17_f5_c3,ZTF20abxyayj
2460599.8913426,2,2845391341315,19.15399932861328,/ztf/archive/sci/2024/1016/391343/ztf_20241016391343_001293_zr_c04_o_q2_scimrefdiffimg.fits.fz,Kulkarni,3,,,,2845,13,1293,,,,,,,,,,,,,,,,,,,,,,,,,,,,,,,,,,,,26.128599166870117,5.073440115666017e-05,0.04252839833498001,0.12935400009155273,7.161869871197268e-05,t17_f5_c3,ZTF20abxyayj
2460600.8947106,1,2846394711315,18.293800354003906,/ztf/archive/sci/2024/1017/394699/ztf_20241017394699_001293_zg_c04_o_q2_scimrefdiffimg.fits.fz,Kulkarni,2,,,,2846,13,1293,,,,,,,,,,,,,,,,,,,,,,,,,,,,,,,,,,,,26.191999435424805,0.00021770599414594471,0.0488245002925396,-0.051690198481082916,0.0005300419870764017,t17_f5_c3,ZTF20abxyayj
2460600.8951852,1,2846395181315,18.261600494384766,/ztf/archive/sci/2024/1017/395174/ztf_20241017395174_001293_zg_c04_o_q2_scimrefdiffimg.fits.fz,Kulkarni,3,,,,2846,13,1293,,,,,,,,,,,,,,,,,,,,,,,,,,,,,,,,,,,,26.202999114990234,0.000223911993089132,0.042135998606681824,-0.04508280009031296,0.0005900280084460974,t17_f5_c3,ZTF20abxyayj
2460602.9069097,1,2848406901315,18.58049964904785,/ztf/archive/sci/2024/1019/406910/ztf_20241019406910_001293_zg_c04_o_q2_scimrefdiffimg.fits.fz,Kulkarni,2,,,,2848,13,1293,,,,,,,,,,,,,,,,,,,,,,,,,,,,,,,,,,,,26.14229965209961,0.000195906002772972,0.04865429922938347,-0.05928109958767891,0.00048213600530289114,t17_f5_c3,ZTF20abxyayj
2460602.9073843,1,2848407381315,18.544200897216797,/ztf/archive/sci/2024/1019/407384/ztf_20241019407384_001293_zg_c04_o_q2_scimrefdiffimg.fits.fz,Kulkarni,3,,,,2848,13,1293,,,,,,,,,,,,,,,,,,,,,,,,,,,,,,,,,,,,26.15239906311035,0.00024077399575617164,0.053561098873615265,-0.051607999950647354,0.0005715069710277021,t17_f5_c3,ZTF20abxyayj
2460603.8253935,1,2849325391315,19.049299240112305,/ztf/archive/sci/2024/1020/325394/ztf_20241020325394_001293_zg_c04_o_q2_scimrefdiffimg.fits.fz,Kulkarni,2,,,,2849,13,1293,,,,,,,,,,,,,,,,,,,,,,,,,,,,,,,,,,,,26.13330078125,5.9597801737254485e-05,0.04194439947605133,-0.006189319770783186,0.00010770199878606945,t17_f5_c3,ZTF20abxyayj
2460603.8258681,1,2849325861315,19.074399948120117,/ztf/archive/sci/2024/1020/325868/ztf_20241020325868_001293_zg_c04_o_q2_scimrefdiffimg.fits.fz,Kulkarni,3,,,,2849,13,1293,,,,,,,,,,,,,,,,,,,,,,,,,,,,,,,,,,,,26.135799407958984,7.069730054354295e-05,0.04491569846868515,-0.03382749855518341,0.000132871005916968,t17_f5_c3,ZTF20abxyayj
2460604.8330324,1,2850333031315,19.76810073852539,/ztf/archive/sci/2024/1021/333032/ztf_20241021333032_001293_zg_c04_o_q2_scimrefdiffimg.fits.fz,Kulkarni,2,,,,2850,13,1293,,,,,,,,,,,,,,,,,,,,,,,,,,,,,,,,,,,,26.173200607299805,4.177169830654748e-05,0.03805579990148544,-0.03611230105161667,6.948509690118954e-05,t17_f5_c3,ZTF20abxyayj
2460604.8335069,1,2850333501315,19.704700469970703,/ztf/archive/sci/2024/1021/333495/ztf_20241021333495_001293_zg_c04_o_q2_scimrefdiffimg.fits.fz,Kulkarni,3,,,,2850,13,1293,,,,,,,,,,,,,,,,,,,,,,,,,,,,,,,,,,,,26.159099578857422,3.430180004215799e-05,0.03433150053024292,-0.0335875004529953,5.7060700783040375e-05,t17_f5_c3,ZTF20abxyayj
2460606.8352315,2,2852335234015,20.00830078125,/ztf/archive/sci/2024/1023/335231/ztf_20241023335231_000251_zr_c11_o_q1_scimrefdiffimg.fits.fz,Kulkarni,1,2.852335234015015e+18,t,5.0,2852,40,251,892.6640014648438,2312.419921875,45.1985829,-23.0512263,18.729700088500977,0.08475600183010101,3.0718700885772705,18.519800186157227,0.09610000252723694,0.1460449993610382,18.13599967956543,0.032999999821186066,2.927000045776367,0.1469999998807907,-0.37164101004600525,-0.20993800461292267,2.200000047683716,0.9890000224113464,768.0780029296875,1.488510012626648,1.2013299465179443,0.8500000238418579,0.7519999742507935,0.38636401295661926,0.3418180048465729,1.1303199529647827,4.0,0.0,0.942857027053833,0.9956169724464417,18.422700881958008,0.11180000007152557,45.1986134,-23.0511963,18.0502,26.356700897216797,1.8055799955618568e-05,0.02573779970407486,0.12678499519824982,2.553249942138791e-05,t17_f5_c3,ZTF20abxyayj
2460606.854537,2,2852354531315,19.74329948425293,/ztf/archive/sci/2024/1023/354514/ztf_20241023354514_001293_zr_c04_o_q2_scimrefdiffimg.fits.fz,Kulkarni,2,,,,2852,13,1293,,,,,,,,,,,,,,,,,,,,,,,,,,,,,,,,,,,,26.169099807739258,3.066479985136539e-05,0.032535601407289505,0.12719100713729858,4.368410009192303e-05,t17_f5_c3,ZTF20abxyayj
2460606.8726852,1,2852372684015,19.697599411010742,/ztf/archive/sci/2024/1023/372685/ztf_20241023372685_000251_zg_c11_o_q1_scimrefdiffimg.fits.fz,Kulkarni,1,2.852372684015015e+18,t,4.0,2852,40,251,911.7540283203125,2310.239990234375,45.1986206,-23.0511986,18.575199127197266,0.09420599788427353,1.7703100442886353,18.802200317382812,0.1451999992132187,0.06655599921941757,18.625999450683594,0.020999999716877937,1.2009999752044678,0.05999999865889549,-0.8069369792938232,0.22704699635505676,4.059999942779541,0.9819999933242798,770.2650146484375,0.8953880071640015,0.7323930263519287,0.859000027179718,0.7329999804496765,0.21157599985599518,0.1805420070886612,1.1719000339508057,2.0,0.0,0.9100000262260437,0.9898939728736877,18.777599334716797,0.18129999935626984,45.1986008,-23.0511944,15.3792,26.279199600219727,3.739789826795459e-05,0.03633410111069679,-0.0068504698574543,6.242410017875955e-05,t17_f5_c3,ZTF20abxyayj
2460606.8745949,1,2852374591315,19.72089958190918,/ztf/archive/sci/2024/1023/374595/ztf_20241023374595_001293_zg_c04_o_q2_scimrefdiffimg.fits.fz,Kulkarni,2,,,,2852,13,1293,,,,,,,,,,,,,,,,,,,,,,,,,,,,,,,,,,,,26.190500259399414,3.815480158664286e-05,0.036411698907613754,-0.0323248989880085,6.231300358194858e-05,t17_f5_c3,ZTF20abxyayj
2460607.821956,1,2853321954015,19.93160057067871,/ztf/archive/sci/2024/1024/321863/ztf_20241024321863_000251_zg_c11_o_q1_scimrefdiffimg.fits.fz,Qin,3,2.853321954015015e+18,1,7.0,2853,40,251,900.1079711914062,2300.110107421875,45.198594,-23.0511951,18.677900314331055,0.07140800356864929,1.0270700454711914,18.65019989013672,0.10980000346899033,0.02250700071454048,18.625999450683594,0.020999999716877937,1.2009999752044678,0.05999999865889549,-0.1389169991016388,-0.027747999876737595,2.7200000286102295,0.9829999804496765,780.3889770507812,1.2813600301742554,1.0230200290679932,0.8500000238418579,0.8080000281333923,0.3125,0.29705899953842163,1.0519800186157227,2.0,0.0,0.9700000286102295,0.9954919815063477,18.580799102783203,0.13120000064373016,45.1986008,-23.0511944,12.1755,26.265899658203125,2.7464899176266044e-05,0.03176809847354889,-0.03273199871182442,4.2081301216967404e-05,t17_f5_c3,ZTF20abxyayj
2460607.821956,1,2853321954015,19.93160057067871,/ztf/archive/sci/2024/1024/321863/ztf_20241024321863_000251_zg_c11_o_q1_scimrefdiffimg.fits.fz,Qin,3,2.853321954015015e+18,t,7.0,2853,40,251,900.1079711914062,2300.110107421875,45.198594,-23.0511951,18.677900314331055,0.07140800356864929,1.0270700454711914,18.65019989013672,0.10980000346899033,0.02250700071454048,18.625999450683594,0.020999999716877937,1.2009999752044678,0.05999999865889549,-0.1389169991016388,-0.027747999876737595,2.7200000286102295,0.9829999804496765,780.3889770507812,1.2813600301742554,1.0230200290679932,0.8500000238418579,0.8080000281333923,0.3125,0.29705899953842163,1.0519800186157227,2.0,0.0,0.9700000286102295,0.9954919815063477,18.580799102783203,0.13120000064373016,45.1986008,-23.0511944,12.1755,26.265899658203125,2.7464899176266044e-05,0.03176809847354889,-0.03273199871182442,4.2081301216967404e-05,t17_f5_c3,ZTF20abxyayj
2460607.8394907,1,2853339494015,19.88629913330078,/ztf/archive/sci/2024/1024/339491/ztf_20241024339491_000251_zg_c11_o_q1_scimrefdiffimg.fits.fz,Qin,3,2.853339494015015e+18,t,8.0,2853,40,251,896.530029296875,2304.0,45.1986395,-23.0512043,18.70439910888672,0.08597800135612488,2.142210006713867,18.783000946044922,0.12430000305175781,0.13145600259304047,18.625999450683594,0.020999999716877937,1.2009999752044678,0.05999999865889549,-0.6991829872131348,0.07859200239181519,2.7799999713897705,0.9829999804496765,776.5029907226562,1.103350043296814,1.038599967956543,0.878000020980835,0.8180000185966492,0.31582701206207275,0.29424500465393066,1.073349952697754,1.0,0.0,0.9571430087089539,1.0,18.765499114990234,0.155799999833107,45.1986008,-23.0511944,16.9426,26.266399383544922,2.6511399482842535e-05,0.031018899753689766,-0.00375365000218153,4.020200140075758e-05,t17_f5_c3,ZTF20abxyayj
2460607.8476157,1,2853347611315,19.923099517822266,/ztf/archive/sci/2024/1024/347604/ztf_20241024347604_001293_zg_c04_o_q2_scimrefdiffimg.fits.fz,Kulkarni,2,,,,2853,13,1293,,,,,,,,,,,,,,,,,,,,,,,,,,,,,,,,,,,,26.181100845336914,3.0796298233326524e-05,0.03331249952316284,-0.021431000903248787,4.8486701416550204e-05,t17_f5_c3,ZTF20abxyayj
2460607.8490278,1,2853349021315,19.82699966430664,/ztf/archive/sci/2024/1024/349028/ztf_20241024349028_001293_zg_c04_o_q2_scimrefdiffimg.fits.fz,Kulkarni,3,,,,2853,13,1293,,,,,,,,,,,,,,,,,,,,,,,,,,,,,,,,,,,,26.183300018310547,3.7862799217691645e-05,0.036694999784231186,-0.02534949965775013,6.011969890096225e-05,t17_f5_c3,ZTF20abxyayj
2460608.8774306,2,2854377434015,20.12339973449707,/ztf/archive/sci/2024/1025/377419/ztf_20241025377419_000251_zr_c11_o_q1_scimrefdiffimg.fits.fz,Kulkarni,1,2.854377434015015e+18,t,7.0,2854,40,251,898.9769897460938,2307.050048828125,45.1985434,-23.0512136,18.833099365234375,0.08246500045061111,0.9124889969825745,18.842899322509766,0.12150000035762787,0.23708699643611908,18.13599967956543,0.032999999821186066,2.927000045776367,0.1469999998807907,0.34241199493408203,0.009848999790847301,2.2100000381469727,0.9700000286102295,773.4539794921875,1.280500054359436,1.1473300457000732,0.7279999852180481,0.6629999876022339,0.3294120132923126,0.30000001192092896,1.098039984703064,5.0,0.0,0.9571430087089539,0.9955809712409973,18.800399780273438,0.148499995470047,45.1986134,-23.0511963,10.0251,26.357099533081055,2.0888299332000315e-05,0.02808850072324276,0.12816999852657318,2.960110032290686e-05,t17_f5_c3,ZTF20abxyayj
2460609.8355556,1,2855335554015,19.634300231933594,/ztf/archive/sci/2024/1026/335394/ztf_20241026335394_000251_zg_c11_o_q1_scimrefdiffimg.fits.fz,Qin,3,2.855335554015015e+18,1,15.0,2855,40,251,904.0609741210938,2285.719970703125,45.1986359,-23.0511626,18.63360023498535,0.09901099652051926,0.9489709734916687,18.578800201416016,0.13220000267028809,0.1611119955778122,18.625999450683594,0.020999999716877937,1.2009999752044678,0.05999999865889549,0.13874100148677826,-0.05480999872088432,3.1600000858306885,0.9819999933242798,794.7830200195312,1.0555100440979004,0.8955270051956177,0.9369999766349792,0.9049999713897705,0.296519011259079,0.2863920032978058,1.0353599786758423,1.0,0.0,0.9657139778137207,1.0,18.549299240112305,0.16429999470710754,45.1986008,-23.0511944,12.1166,25.936599731445312,4.939769860357046e-05,0.041710201650857925,-0.042950600385665894,8.199940202757716e-05,t17_f5_c3,ZTF20abxyayj
2460610.8703819,2,2856370384015,16.548099517822266,/ztf/archive/sci/2024/1027/370370/ztf_20241027370370_000251_zr_c11_o_q1_scimrefdiffimg.fits.fz,Kulkarni,1,,,,2856,40,251,,,,,,,,,,,,,,,,,,,,,,,,,,,,,,,,,,,,23.359100341796875,0.00046210098662413657,0.04533709958195686,0.10812799632549286,0.0009740989771671593,t17_f5_c3,ZTF20abxyayj
2460614.8783449,1,2860378344015,20.081499099731445,/ztf/archive/sci/2024/1031/378345/ztf_20241031378345_000251_zg_c11_o_q1_scimrefdiffimg.fits.fz,Kulkarni,1,2.860378344015015e+18,1,4.0,2860,40,251,872.7219848632812,2342.97998046875,45.198611,-23.0511697,18.69219970703125,0.0788320004940033,1.7187800407409668,18.760499954223633,0.1103999987244606,0.09358999878168106,18.625999450683594,0.020999999716877937,1.2009999752044678,0.05999999865889549,0.2796500027179718,0.06832700222730637,3.1700000762939453,0.9829999804496765,737.5250244140625,1.3209799528121948,0.844215989112854,0.7670000195503235,0.722000002861023,0.24195599555969238,0.22776000201702118,1.0623300075531006,2.0,0.0,0.9528570175170898,1.0,18.72279930114746,0.13580000400543213,45.1986008,-23.0511944,16.547,26.254199981689453,2.742320066317916e-05,0.031972698867321014,-0.048016998916864395,4.064409949933179e-05,t17_f5_c3,ZTF20abxyayj
2460614.8783449,1,2860378344015,20.081499099731445,/ztf/archive/sci/2024/1031/378345/ztf_20241031378345_000251_zg_c11_o_q1_scimrefdiffimg.fits.fz,Kulkarni,1,2.860378344015015e+18,t,4.0,2860,40,251,872.7219848632812,2342.97998046875,45.198611,-23.0511697,18.69219970703125,0.0788320004940033,1.7187800407409668,18.760499954223633,0.1103999987244606,0.09358999878168106,18.625999450683594,0.020999999716877937,1.2009999752044678,0.05999999865889549,0.2796500027179718,0.06832700222730637,3.1700000762939453,0.9829999804496765,737.5250244140625,1.3209799528121948,0.844215989112854,0.7670000195503235,0.722000002861023,0.24195599555969238,0.22776000201702118,1.0623300075531006,2.0,0.0,0.9528570175170898,1.0,18.72279930114746,0.13580000400543213,45.1986008,-23.0511944,16.547,26.254199981689453,2.742320066317916e-05,0.031972698867321014,-0.048016998916864395,4.064409949933179e-05,t17_f5_c3,ZTF20abxyayj
2460614.9206829,2,2860420684015,20.018699645996094,/ztf/archive/sci/2024/1031/420683/ztf_20241031420683_000251_zr_c11_o_q1_scimrefdiffimg.fits.fz,Kulkarni,1,2.860420684015015e+18,t,5.0,2860,40,251,880.3209838867188,2334.4599609375,45.1985561,-23.0512341,18.686800003051758,0.09640700370073318,4.926249980926514,18.897600173950195,0.14110000431537628,0.23071199655532837,18.13599967956543,0.032999999821186066,2.927000045776367,0.1469999998807907,0.13970300555229187,0.21077899634838104,2.8499999046325684,0.9909999966621399,746.0430297851562,1.1210700273513794,0.8826640248298645,0.6779999732971191,0.6110000014305115,0.23789499700069427,0.2143860012292862,1.109660029411316,5.0,0.0,0.9385709762573242,0.9714739918708801,18.862499237060547,0.17389999330043793,45.1986134,-23.0511963,12.9505,26.30579948425293,2.1258900233078748e-05,0.028219599276781082,0.1280360072851181,3.0036699172342196e-05,t17_f5_c3,ZTF20abxyayj
2460597.8573148,2,2843357314015,19.773799896240234,/ztf/archive/sci/2024/1014/357303/ztf_20241014357303_000251_zr_c11_o_q1_scimrefdiffimg.fits.fz,Kulkarni,1,2.843357314015025e+18,t,9.0,2843,40,251,894.1640014648438,2310.22998046875,45.1985917,-23.051214,18.6343994140625,0.08122000098228455,0.951990008354187,18.792299270629883,0.1535000056028366,0.09496399760246277,18.13599967956543,0.032999999821186066,2.927000045776367,0.1469999998807907,-0.18841800093650818,0.15785899758338928,2.2100000381469727,0.9779999852180481,770.27099609375,0.9814770221710205,1.1784600019454956,0.7250000238418579,0.6819999814033508,0.3280540108680725,0.30859699845314026,1.0630500316619873,2.0,0.0,0.9557139873504639,1.0,18.96139907836914,0.2289000004529953,45.1986134,-23.0511963,10.3394,26.356399536132812,2.488939935574308e-05,0.030208200216293335,0.12839700281620026,3.522069891914725e-05,t17_f5_c3,ZTF20abxyayj
2460616.8757523,1,2862375754015,20.210599899291992,/ztf/archive/sci/2024/1102/375613/ztf_20241102375613_000251_zg_c11_o_q1_scimrefdiffimg.fits.fz,Kulkarni,1,2.862375754015015e+18,t,11.0,2862,40,251,862.1820068359375,2316.169921875,45.1986212,-23.0511771,18.708999633789062,0.07674799859523773,1.4733200073242188,18.674299240112305,0.09260000288486481,0.09071599692106247,18.625999450683594,0.020999999716877937,1.2009999752044678,0.05999999865889549,0.08230099827051163,-0.034703001379966736,2.630000114440918,0.9829999804496765,764.3280029296875,1.5363399982452393,1.0067299604415894,0.8399999737739563,0.7480000257492065,0.31939199566841125,0.2844110131263733,1.1230000257492065,1.0,0.0,0.9614289999008179,1.0,18.607900619506836,0.11050000041723251,45.1986008,-23.0511944,16.4176,26.226999282836914,2.55938994087046e-05,0.030896099284291267,-0.03541810065507889,3.7967500247759745e-05,t17_f5_c3,ZTF20abxyayj
2460597.8573148,2,2843357314015,19.773799896240234,/ztf/archive/sci/2024/1014/357303/ztf_20241014357303_000251_zr_c11_o_q1_scimrefdiffimg.fits.fz,Kulkarni,1,2.843357314015035e+18,t,9.0,2843,40,251,894.1640014648438,2310.22998046875,45.1985917,-23.051214,18.6343994140625,0.08122000098228455,0.951990008354187,18.792299270629883,0.1535000056028366,0.09496399760246277,18.13599967956543,0.032999999821186066,2.927000045776367,0.1469999998807907,-0.18841800093650818,0.15785899758338928,2.2100000381469727,0.9779999852180481,770.27099609375,0.9814770221710205,1.1784600019454956,0.7250000238418579,0.6819999814033508,0.3280540108680725,0.30859699845314026,1.0630500316619873,2.0,0.0,0.9557139873504639,1.0,18.96139907836914,0.2289000004529953,45.1986134,-23.0511963,10.3394,26.356399536132812,2.488939935574308e-05,0.030208200216293335,0.12839700281620026,3.522069891914725e-05,t17_f5_c3,ZTF20abxyayj
2460600.9207755,2,2846420774015,18.724000930786133,/ztf/archive/sci/2024/1017/420764/ztf_20241017420764_000251_zr_c11_o_q1_scimrefdiffimg.fits.fz,Kulkarni,1,2.846420774015025e+18,t,2.0,2846,40,251,906.5339965820312,2276.489990234375,45.1985458,-23.0512328,18.783599853515625,0.24279600381851196,1.7430599927902222,19.547100067138672,0.7214000225067139,0.2565149962902069,18.13599967956543,0.032999999821186066,2.927000045776367,0.1469999998807907,-0.9227420091629028,0.7634990215301514,1.5,0.8889999985694885,804.0070190429688,-0.8230829834938049,1.9117000102996826,0.8289999961853027,0.6620000004768372,0.5526670217514038,0.44133299589157104,1.252269983291626,6.0,0.0,0.7185710072517395,0.9275879859924316,19.28459930419922,0.7278000116348267,45.1986134,-23.0511963,7.75333,26.346599578857422,5.5580898333573714e-05,0.041999898850917816,0.12738600373268127,7.93901999713853e-05,t17_f5_c3,ZTF20abxyayj
2460619.8978125,1,2865397814015,19.407699584960938,/ztf/archive/sci/2024/1105/397801/ztf_20241105397801_000251_zg_c11_o_q1_scimrefdiffimg.fits.fz,Kulkarni,1,2.865397814015015e+18,t,4.0,2865,40,251,880.39501953125,2320.030029296875,45.1986706,-23.051247,18.676700592041016,0.13841800391674042,1.6244200468063354,18.68939971923828,0.11890000104904175,0.29495400190353394,18.625999450683594,0.020999999716877937,1.2009999752044678,0.05999999865889549,-0.9629049897193909,0.012741999700665474,6.070000171661377,0.9729999899864197,760.4739990234375,0.7182919979095459,0.7084400057792664,1.4049999713897705,1.2740000486373901,0.23146599531173706,0.20988500118255615,1.1028300523757935,0.0,0.0,0.7042859792709351,1.0,18.747100830078125,0.1597999930381775,45.1986008,-23.0511944,13.9053,26.22369956970215,7.433300197590142e-05,0.04544709995388985,-0.043173398822546005,0.00013534000026993454,t17_f5_c3,ZTF20abxyayj
2460621.8987963,1,2867398794015,18.912700653076172,/ztf/archive/sci/2024/1107/398796/ztf_20241107398796_000251_zg_c11_o_q1_scimrefdiffimg.fits.fz,Kulkarni,1,,,,2867,40,251,,,,,,,,,,,,,,,,,,,,,,,,,,,,,,,,,,,,26.211000442504883,0.00031987600959837437,0.04471620172262192,-0.00898940023034811,0.0009389710030518472,t17_f5_c3,ZTF20abxyayj
2460606.8352315,2,2852335234015,20.00830078125,/ztf/archive/sci/2024/1023/335231/ztf_20241023335231_000251_zr_c11_o_q1_scimrefdiffimg.fits.fz,Kulkarni,1,2.852335234015025e+18,t,5.0,2852,40,251,892.6640014648438,2312.419921875,45.1985829,-23.0512263,18.729700088500977,0.08475600183010101,3.0718700885772705,18.519800186157227,0.09610000252723694,0.1460449993610382,18.13599967956543,0.032999999821186066,2.927000045776367,0.1469999998807907,-0.37164101004600525,-0.20993800461292267,2.200000047683716,0.9890000224113464,768.0780029296875,1.488510012626648,1.2013299465179443,0.8500000238418579,0.7519999742507935,0.38636401295661926,0.3418180048465729,1.1303199529647827,4.0,0.0,0.942857027053833,0.9956169724464417,18.422700881958008,0.11180000007152557,45.1986134,-23.0511963,18.0502,26.356700897216797,1.8055799955618568e-05,0.02573779970407486,0.12678499519824982,2.553249942138791e-05,t17_f5_c3,ZTF20abxyayj
2460622.9008449,2,2868400844015,19.21969985961914,/ztf/archive/sci/2024/1108/400845/ztf_20241108400845_000251_zr_c11_o_q1_scimrefdiffimg.fits.fz,Kulkarni,1,2.868400844015015e+18,t,3.0,2868,40,251,870.2050170898438,2317.39990234375,45.1986239,-23.0512527,18.7367000579834,0.16859599947929382,1.6047500371932983,19.072099685668945,0.20100000500679016,0.2030870020389557,18.13599967956543,0.032999999821186066,2.927000045776367,0.1469999998807907,-0.5252739787101746,0.335440993309021,3.9600000381469727,0.8420000076293945,763.0989990234375,0.1475829929113388,1.080340027809143,1.2319999933242798,1.0190000534057617,0.3111110031604767,0.2573229968547821,1.209030032157898,1.0,0.0,0.6985710263252258,1.0,18.909799575805664,0.22139999270439148,45.1986134,-23.0511963,9.63352,26.286699295043945,4.6835499233566225e-05,0.04050830006599426,0.1534689962863922,6.739480159012601e-05,t17_f5_c3,ZTF20abxyayj
2460624.7924769,2,2870292474015,19.409500122070312,/ztf/archive/sci/2024/1110/292477/ztf_20241110292477_000251_zr_c11_o_q1_scimrefdiffimg.fits.fz,Kulkarni,1,2.870292474015015e+18,1,48.0,2870,40,251,874.2559814453125,2310.050048828125,45.1985265,-23.0512215,18.870399475097656,0.10562500357627869,1.3374300003051758,19.083099365234375,0.2989000082015991,0.2967190146446228,18.13599967956543,0.032999999821186066,2.927000045776367,0.1469999998807907,-4.076630115509033,0.21272699534893036,1.2899999618530273,0.9990000128746033,770.4530029296875,0.32644298672676086,1.8766800165176392,0.5899999737739563,0.515999972820282,0.4573639929294586,0.4000000059604645,1.1434099674224854,8.0,0.0,0.7357140183448792,0.8578490018844604,19.134599685668945,0.40139999985694885,45.1986134,-23.0511963,6.42306,26.07040023803711,6.016350016579963e-05,0.047075700014829636,0.1311040073633194,8.613060344941914e-05,t17_f5_c3,ZTF20abxyayj
2460624.7924769,2,2870292474015,19.409500122070312,/ztf/archive/sci/2024/1110/292477/ztf_20241110292477_000251_zr_c11_o_q1_scimrefdiffimg.fits.fz,Kulkarni,1,2.870292474015015e+18,t,48.0,2870,40,251,874.2559814453125,2310.050048828125,45.1985265,-23.0512215,18.870399475097656,0.10562500357627869,1.3374300003051758,19.083099365234375,0.2989000082015991,0.2967190146446228,18.13599967956543,0.032999999821186066,2.927000045776367,0.1469999998807907,-4.076630115509033,0.21272699534893036,1.2899999618530273,0.9990000128746033,770.4530029296875,0.32644298672676086,1.8766800165176392,0.5899999737739563,0.515999972820282,0.4573639929294586,0.4000000059604645,1.1434099674224854,8.0,0.0,0.7357140183448792,0.8578490018844604,19.134599685668945,0.40139999985694885,45.1986134,-23.0511963,6.42306,26.07040023803711,6.016350016579963e-05,0.047075700014829636,0.1311040073633194,8.613060344941914e-05,t17_f5_c3,ZTF20abxyayj
2460624.8351157,1,2870335114015,19.783300399780273,/ztf/archive/sci/2024/1110/334954/ztf_20241110334954_000251_zg_c11_o_q1_scimrefdiffimg.fits.fz,Kulkarni,1,2.870335114015015e+18,t,24.0,2870,40,251,884.6019897460938,2318.60009765625,45.198587,-23.0511865,18.596799850463867,0.06668099761009216,2.0868101119995117,18.6156005859375,0.1234000027179718,0.053040001541376114,18.625999450683594,0.020999999716877937,1.2009999752044678,0.05999999865889549,-0.8538140058517456,0.018751999363303185,3.069999933242798,0.9890000224113464,761.89599609375,1.1676700115203857,0.889972984790802,0.8939999938011169,0.7710000276565552,0.2912049889564514,0.2511399984359741,1.1595300436019897,0.0,0.0,0.949999988079071,1.0,18.579700469970703,0.15240000188350677,45.1986008,-23.0511944,19.4305,26.175800323486328,5.931000123382546e-05,0.04556490108370781,-0.03005640022456646,9.501729800831527e-05,t17_f5_c3,ZTF20abxyayj
2460627.7717593,2,2873271754015,19.42140007019043,/ztf/archive/sci/2024/1113/271273/ztf_20241113271273_000251_zr_c11_o_q1_scimrefdiffimg.fits.fz,Kulkarni,1,2.873271754015015e+18,1,5.0,2873,40,251,854.7789916992188,2342.449951171875,45.1985954,-23.0512103,18.86949920654297,0.1432420015335083,1.2818100452423096,19.30340003967285,0.32260000705718994,0.07691700011491776,18.13599967956543,0.032999999821186066,2.927000045776367,0.1469999998807907,-0.2326889932155609,0.433912992477417,2.440000057220459,0.7889999747276306,738.0460205078125,0.11800000071525574,1.1121599674224854,0.777999997138977,0.6140000224113464,0.3188520073890686,0.2516390085220337,1.2670999765396118,6.0,0.0,0.9285709857940674,0.9830830097198486,19.24180030822754,0.39100000262260437,45.1986134,-23.0511963,11.1097,26.353500366210938,3.650000144261867e-05,0.036946799606084824,0.13265399634838104,5.198609869694337e-05,t17_f5_c3,ZTF20abxyayj
2460627.7717593,2,2873271754015,19.42140007019043,/ztf/archive/sci/2024/1113/271273/ztf_20241113271273_000251_zr_c11_o_q1_scimrefdiffimg.fits.fz,Kulkarni,1,2.873271754015025e+18,t,5.0,2873,40,251,854.7789916992188,2342.449951171875,45.1985954,-23.0512103,18.86949920654297,0.1432420015335083,1.2818100452423096,19.30340003967285,0.32260000705718994,0.07691700011491776,18.13599967956543,0.032999999821186066,2.927000045776367,0.1469999998807907,-0.2326889932155609,0.433912992477417,2.440000057220459,0.7889999747276306,738.0460205078125,0.11800000071525574,1.1121599674224854,0.777999997138977,0.6140000224113464,0.3188520073890686,0.2516390085220337,1.2670999765396118,6.0,0.0,0.9285709857940674,0.9830830097198486,19.24180030822754,0.39100000262260437,45.1986134,-23.0511963,11.1097,26.353500366210938,3.650000144261867e-05,0.036946799606084824,0.13265399634838104,5.198609869694337e-05,t17_f5_c3,ZTF20abxyayj
2460627.8154514,1,2873315454015,19.194900512695312,/ztf/archive/sci/2024/1113/315289/ztf_20241113315289_000251_zg_c11_o_q1_scimrefdiffimg.fits.fz,Kulkarni,1,2.873315454015015e+18,t,3.0,2873,40,251,874.3330078125,2362.780029296875,45.1986208,-23.0511916,18.63629913330078,0.125560000538826,1.6003299951553345,19.094999313354492,0.3230000138282776,0.06612399965524673,18.625999450683594,0.020999999716877937,1.2009999752044678,0.05999999865889549,1.4685900211334229,0.4587160050868988,2.059999942779541,0.9879999756813049,717.7230224609375,0.09987399727106094,1.3330299854278564,0.6729999780654907,0.6150000095367432,0.32669898867607117,0.2985439896583557,1.0943100452423096,3.0,0.0,0.9342859983444214,1.0,18.909900665283203,0.349700003862381,45.1986008,-23.0511944,12.0649,26.284299850463867,8.288949902635068e-05,0.05024990066885948,-0.0303311999887228,0.00015017599798738956,t17_f5_c3,ZTF20abxyayj
2460631.7504977,1,2877250494015,18.603200912475586,/ztf/archive/sci/2024/1117/250463/ztf_20241117250463_000251_zg_c11_o_q1_scimrefdiffimg.fits.fz,Kulkarni,1,2.877250494015015e+18,1,2.0,2877,40,251,848.468994140625,2371.239990234375,45.1988038,-23.0511683,18.651500701904297,0.22056999802589417,0.7409809827804565,18.975500106811523,0.34360000491142273,0.6707010269165039,18.625999450683594,0.020999999716877937,1.2009999752044678,0.05999999865889549,1.3370800018310547,0.32397401332855225,2.890000104904175,0.9160000085830688,709.2559814453125,-0.3723289966583252,1.3782199621200562,1.0460000038146973,0.9909999966621399,0.3619379997253418,0.34290701150894165,1.0555000305175781,2.0,0.0,0.7814289927482605,0.9979940056800842,18.868099212646484,0.3995000123977661,45.1986008,-23.0511944,7.30026,26.25349998474121,0.0002010890020756051,0.05008300021290779,-0.05777579918503761,0.0004973799805156887,t17_f5_c3,ZTF20abxyayj
2460631.7504977,1,2877250494015,18.603200912475586,/ztf/archive/sci/2024/1117/250463/ztf_20241117250463_000251_zg_c11_o_q1_scimrefdiffimg.fits.fz,Kulkarni,1,2.877250494015015e+18,t,2.0,2877,40,251,848.468994140625,2371.239990234375,45.1988038,-23.0511683,18.651500701904297,0.22056999802589417,0.7409809827804565,18.975500106811523,0.34360000491142273,0.6707010269165039,18.625999450683594,0.020999999716877937,1.2009999752044678,0.05999999865889549,1.3370800018310547,0.32397401332855225,2.890000104904175,0.9160000085830688,709.2559814453125,-0.3723289966583252,1.3782199621200562,1.0460000038146973,0.9909999966621399,0.3619379997253418,0.34290701150894165,1.0555000305175781,2.0,0.0,0.7814289927482605,0.9979940056800842,18.868099212646484,0.3995000123977661,45.1986008,-23.0511944,7.30026,26.25349998474121,0.0002010890020756051,0.05008300021290779,-0.05777579918503761,0.0004973799805156887,t17_f5_c3,ZTF20abxyayj
2460631.815463,2,2877315464015,19.112499237060547,/ztf/archive/sci/2024/1117/315463/ztf_20241117315463_000251_zr_c11_o_q1_scimrefdiffimg.fits.fz,Kulkarni,1,2.877315464015015e+18,t,7.0,2877,40,251,865.4760131835938,2348.18994140625,45.1985871,-23.0511467,18.89699935913086,0.16909800469875336,1.1029000282287598,19.099599838256836,0.3068999946117401,0.1960279941558838,18.13599967956543,0.032999999821186066,2.927000045776367,0.1469999998807907,-0.22607100009918213,0.20255999267101288,3.4000000953674316,0.9459999799728394,732.3070068359375,0.012934000231325626,0.9231870174407959,0.9160000085830688,0.7319999933242798,0.26941201090812683,0.2152940034866333,1.2513699531555176,4.0,0.0,0.9114289879798889,0.9141629934310913,19.31290054321289,0.47859999537467957,45.1986134,-23.0511963,8.71783,26.334999084472656,4.6231900341808796e-05,0.041598398238420486,0.1194470003247261,6.650880095548928e-05,t17_f5_c3,ZTF20abxyayj
2460632.8305671,1,2878330564015,18.93600082397461,/ztf/archive/sci/2024/1118/330567/ztf_20241118330567_000251_zg_c11_o_q1_scimrefdiffimg.fits.fz,Kulkarni,1,2.878330564015015e+18,t,5.0,2878,40,251,877.041015625,2328.43994140625,45.1986091,-23.0513335,18.69409942626953,0.1629990041255951,0.9156450033187866,19.117900848388672,0.3125,0.49496200680732727,18.625999450683594,0.020999999716877937,1.2009999752044678,0.05999999865889549,2.044189929962158,0.42382800579071045,2.8499999046325684,0.9750000238418579,752.0549926757812,-0.18193799257278442,1.2923500537872314,0.9430000185966492,0.8199999928474426,0.33087700605392456,0.2877190113067627,1.149999976158142,1.0,0.0,0.8314290046691895,1.0,19.09239959716797,0.39149999618530273,45.1986008,-23.0511944,9.15025,26.25909996032715,9.470179793424904e-05,0.04487060010433197,-0.020117400214076042,0.00018444900342728943,t17_f5_c3,ZTF20abxyayj
2460635.764375,2,2881264374015,20.05150032043457,/ztf/archive/sci/2024/1121/264375/ztf_20241121264375_000251_zr_c11_o_q1_scimrefdiffimg.fits.fz,Kulkarni,1,2.881264374015015e+18,t,4.0,2881,40,251,868.2000122070312,2308.0,45.1985475,-23.0511954,18.734600067138672,0.0972680002450943,1.8949600458145142,18.885400772094727,0.1348000019788742,0.21559299528598785,18.13599967956543,0.032999999821186066,2.927000045776367,0.1469999998807907,0.34435299038887024,0.1508290022611618,1.9800000190734863,0.9789999723434448,772.4959716796875,1.1661299467086792,1.278090000152588,0.6489999890327454,0.6079999804496765,0.32777801156044006,0.3070710003376007,1.067430019378662,3.0,0.0,0.9671429991722107,0.9736670255661011,18.866600036621094,0.16859999299049377,45.1986134,-23.0511963,9.31385,26.3346004486084,1.6262200006167404e-05,0.02457289956510067,0.12293300032615662,2.3493099433835596e-05,t17_f5_c3,ZTF20abxyayj
2460610.8245023,2,2856324501315,19.643400192260742,/ztf/archive/sci/2024/1027/324456/ztf_20241027324456_001293_zr_c04_o_q2_scimrefdiffimg.fits.fz,Kulkarni,2,,,,2856,13,1293,,,,,,,,,,,,,,,,,,,,,,,,,,,,,,,,,,,,26.012800216674805,3.0093700843281113e-05,0.03340129926800728,0.12605300545692444,4.3226798879913986e-05,t17_f5_c3,ZTF20abxyayj
2460627.8271644,2,2873327161315,19.103500366210938,/ztf/archive/sci/2024/1113/327153/ztf_20241113327153_001293_zr_c04_o_q2_scimrefdiffimg.fits.fz,Kulkarni,2,,,,2873,13,1293,,,,,,,,,,,,,,,,,,,,,,,,,,,,,,,,,,,,26.104700088500977,4.118449942325242e-05,0.03872320055961609,0.12241499871015549,5.9388101362856105e-05,t17_f5_c3,ZTF20abxyayj
2460627.8732523,1,2873373251315,19.003999710083008,/ztf/archive/sci/2024/1113/373241/ztf_20241113373241_001293_zg_c04_o_q2_scimrefdiffimg.fits.fz,Kulkarni,2,,,,2873,13,1293,,,,,,,,,,,,,,,,,,,,,,,,,,,,,,,,,,,,26.13159942626953,7.56779991206713e-05,0.04688839986920357,-0.038730401545763016,0.0001410510012647137,t17_f5_c3,ZTF20abxyayj
2460628.8004282,2,2874300424015,19.2096004486084,/ztf/archive/sci/2024/1114/300417/ztf_20241114300417_000251_zr_c11_o_q1_scimrefdiffimg.fits.fz,Kulkarni,2,,,,2874,40,251,,,,,,,,,,,,,,,,,,,,,,,,,,,,,,,,,,,,26.361400604248047,3.5800199839286506e-05,0.036603398621082306,0.11943899840116501,5.073690044810064e-05,t17_f5_c3,ZTF20abxyayj
2460635.8126389,1,2881312631315,16.810199737548828,/ztf/archive/sci/2024/1121/312593/ztf_20241121312593_001293_zg_c04_o_q2_scimrefdiffimg.fits.fz,Kulkarni,2,,,,2881,13,1293,,,,,,,,,,,,,,,,,,,,,,,,,,,,,,,,,,,,23.784400939941406,0.00352071993984282,0.056241098791360855,-0.08216989785432816,0.012181700207293034,t17_f5_c3,ZTF20abxyayj
2460636.8384954,2,2882338494015,19.811399459838867,/ztf/archive/sci/2024/1122/338484/ztf_20241122338484_000251_zr_c11_o_q1_scimrefdiffimg.fits.fz,Kulkarni,1,2.882338494015015e+18,t,4.0,2882,40,251,880.2100219726562,2305.85009765625,45.1985817,-23.0512116,18.767200469970703,0.0844699963927269,1.4841099977493286,19.01930046081543,0.16899999976158142,0.11703100055456161,18.13599967956543,0.032999999821186066,2.927000045776367,0.1469999998807907,0.14284199476242065,0.2521030008792877,3.549999952316284,0.9639999866485596,774.6539916992188,0.7921090126037598,0.796517014503479,0.7799999713897705,0.7260000109672546,0.21971799433231354,0.2045069932937622,1.0743800401687622,2.0,0.0,0.9442859888076782,1.0,18.89739990234375,0.19269999861717224,45.1986134,-23.0511963,10.8566,26.32819938659668,1.8759999875328504e-05,0.02635899931192398,0.1323380023241043,2.667660010047257e-05,t17_f5_c3,ZTF20abxyayj
2460637.770625,1,2883270624015,20.178699493408203,/ztf/archive/sci/2024/1123/270613/ztf_20241123270613_000251_zg_c11_o_q1_scimrefdiffimg.fits.fz,Kulkarni,1,2.883270624015015e+18,1,8.0,2883,40,251,883.3690185546875,2305.489990234375,45.1985952,-23.0512092,18.655899047851562,0.09048599749803543,3.6829400062561035,18.750200271606445,0.09929999709129333,0.05581799894571304,18.625999450683594,0.020999999716877937,1.2009999752044678,0.05999999865889549,-0.15222600102424622,0.09427099674940109,2.430000066757202,1.0,775.0130004882812,1.4284900426864624,1.116729974746704,0.8050000071525574,0.7369999885559082,0.331275999546051,0.30329200625419617,1.092270016670227,4.0,0.0,0.9642860293388367,1.0,18.842300415039062,0.1370999962091446,45.1986008,-23.0511944,22.4851,26.27589988708496,2.6999900001101196e-05,0.031690098345279694,-0.04069200158119202,4.023189831059426e-05,t17_f5_c3,ZTF20abxyayj
2460637.770625,1,2883270624015,20.178699493408203,/ztf/archive/sci/2024/1123/270613/ztf_20241123270613_000251_zg_c11_o_q1_scimrefdiffimg.fits.fz,Kulkarni,1,2.883270624015015e+18,t,8.0,2883,40,251,883.3690185546875,2305.489990234375,45.1985952,-23.0512092,18.655899047851562,0.09048599749803543,3.6829400062561035,18.750200271606445,0.09929999709129333,0.05581799894571304,18.625999450683594,0.020999999716877937,1.2009999752044678,0.05999999865889549,-0.15222600102424622,0.09427099674940109,2.430000066757202,1.0,775.0130004882812,1.4284900426864624,1.116729974746704,0.8050000071525574,0.7369999885559082,0.331275999546051,0.30329200625419617,1.092270016670227,4.0,0.0,0.9642860293388367,1.0,18.842300415039062,0.1370999962091446,45.1986008,-23.0511944,22.4851,26.27589988708496,2.6999900001101196e-05,0.031690098345279694,-0.04069200158119202,4.023189831059426e-05,t17_f5_c3,ZTF20abxyayj
2460637.7938079,2,2883293804015,20.013200759887695,/ztf/archive/sci/2024/1123/293808/ztf_20241123293808_000251_zr_c11_o_q1_scimrefdiffimg.fits.fz,Kulkarni,1,2.883293804015015e+18,t,5.0,2883,40,251,884.760986328125,2310.81005859375,45.1985859,-23.0511767,18.869800567626953,0.10002300143241882,1.7546499967575073,19.002700805664062,0.13410000503063202,0.11371999979019165,18.13599967956543,0.032999999821186066,2.927000045776367,0.1469999998807907,-0.3258819878101349,0.13293999433517456,2.359999895095825,0.9990000128746033,769.6950073242188,1.0104600191116333,1.2500300407409668,0.8679999709129333,0.7429999709129333,0.36779698729515076,0.3148309886455536,1.168239951133728,3.0,0.0,0.949999988079071,0.9739500284194946,19.01799964904785,0.17270000278949738,45.1986134,-23.0511963,14.2082,26.34079933166504,2.095260060741566e-05,0.028015900403261185,0.13533200323581696,2.9760900360997766e-05,t17_f5_c3,ZTF20abxyayj
2460640.7540856,2,2886254084015,20.1481990814209,/ztf/archive/sci/2024/1126/254086/ztf_20241126254086_000251_zr_c11_o_q1_scimrefdiffimg.fits.fz,Kulkarni,1,2.886254084015015e+18,t,12.0,2886,40,251,870.5609741210938,2316.360107421875,45.1986059,-23.0511835,18.671499252319336,0.09460800141096115,3.7191200256347656,18.686100006103516,0.10050000250339508,0.05178200080990791,18.13599967956543,0.032999999821186066,2.927000045776367,0.1469999998807907,-0.5175889730453491,0.014600999653339386,2.0299999713897705,0.9890000224113464,764.1409912109375,1.4620599746704102,1.2877299785614014,0.7639999985694885,0.746999979019165,0.37635499238967896,0.3679800033569336,1.022760033607483,0.0,0.0,0.9599999785423279,1.0,18.614999771118164,0.1193000003695488,45.1986134,-23.0511963,20.5136,26.326499938964844,1.8566599464975297e-05,0.026157600805163383,0.13395999372005463,2.6529600290814415e-05,t17_f5_c3,ZTF20abxyayj
2460644.7948032,2,2890294804015,19.968299865722656,/ztf/archive/sci/2024/1130/294803/ztf_20241130294803_000251_zr_c11_o_q1_scimrefdiffimg.fits.fz,Kulkarni,1,2.890294804015015e+18,t,11.0,2890,40,251,876.5709838867188,2310.06005859375,45.1985801,-23.0512113,18.674800872802734,0.08058100193738937,2.0084500312805176,18.864599227905273,0.12839999794960022,0.12110800296068192,18.13599967956543,0.032999999821186066,2.927000045776367,0.1469999998807907,0.20490199327468872,0.18976899981498718,2.9800000190734863,0.9769999980926514,770.4400024414062,1.1036499738693237,0.9458680152893066,0.7919999957084656,0.7390000224113464,0.2657720148563385,0.24798700213432312,1.071720004081726,2.0,0.0,0.9557139873504639,1.0,18.790700912475586,0.1526000052690506,45.1986134,-23.0511963,12.5623,26.324800491333008,2.161090014851652e-05,0.028334299102425575,0.13019800186157227,3.0883198633091524e-05,t17_f5_c3,ZTF20abxyayj
2460646.7752431,1,2892275244015,20.21310043334961,/ztf/archive/sci/2024/1202/275231/ztf_20241202275231_000251_zg_c11_o_q1_scimrefdiffimg.fits.fz,Kulkarni,1,2.892275244015015e+18,t,12.0,2892,40,251,885.031982421875,2288.780029296875,45.1986196,-23.0511842,18.520700454711914,0.06490100175142288,1.5268199443817139,18.690200805664062,0.09700000286102295,0.07135900110006332,18.625999450683594,0.020999999716877937,1.2009999752044678,0.05999999865889549,0.16965100169181824,0.16947400569915771,2.609999895095825,0.9819999933242798,791.718017578125,1.5228699445724487,0.9753029942512512,0.7289999723434448,0.7160000205039978,0.2793099880218506,0.2743299901485443,1.0181599855422974,0.0,0.0,0.9642860293388367,1.0,18.71179962158203,0.1256999969482422,45.1986008,-23.0511944,14.2999,26.268699645996094,2.3455400878447108e-05,0.02957260049879551,-0.044142600148916245,3.4149499697377905e-05,t17_f5_c3,ZTF20abxyayj
2460649.7593866,1,2895259384015,20.14109992980957,/ztf/archive/sci/2024/1205/259363/ztf_20241205259363_000251_zg_c11_o_q1_scimrefdiffimg.fits.fz,Kulkarni,1,2.895259384015015e+18,t,11.0,2895,40,251,879.1320190429688,2339.030029296875,45.1985798,-23.0511813,18.614200592041016,0.06789399683475494,1.0683399438858032,18.54960060119629,0.08550000190734863,0.08133299648761749,18.625999450683594,0.020999999716877937,1.2009999752044678,0.05999999865889549,0.11898999661207199,-0.06460800021886826,2.299999952316284,0.9819999933242798,741.469970703125,1.591539978981018,1.1818699836730957,0.7739999890327454,0.7639999985694885,0.33652201294898987,0.33217400312423706,1.0130900144577026,0.0,0.0,0.9685710072517395,1.0,18.668699264526367,0.12080000340938568,45.1986008,-23.0511944,13.9644,26.266199111938477,2.530510028009303e-05,0.030699200928211212,-0.055693499743938446,3.740620013559237e-05,t17_f5_c3,ZTF20abxyayj
2460650.8280208,1,2896328024015,19.69029998779297,/ztf/archive/sci/2024/1206/328021/ztf_20241206328021_000251_zg_c11_o_q1_scimrefdiffimg.fits.fz,Kulkarni,1,2.896328024015015e+18,t,5.0,2896,40,251,875.2830200195312,2318.909912109375,45.198631,-23.0511155,18.58930015563965,0.08774799853563309,1.359879970550537,18.491300582885742,0.10540000349283218,0.29734501242637634,18.625999450683594,0.020999999716877937,1.2009999752044678,0.05999999865889549,0.046727001667022705,-0.09796199947595596,3.4600000381469727,0.9850000143051147,761.5869750976562,1.198989987373352,0.9025139808654785,0.996999979019165,0.9629999995231628,0.28815001249313354,0.2783240079879761,1.0353100299835205,1.0,0.0,0.9628570079803467,1.0,18.770000457763672,0.17329999804496765,45.1986008,-23.0511944,16.5774,26.135299682617188,3.4481101465644315e-05,0.034747399389743805,-0.019037600606679916,5.795279867015779e-05,t17_f5_c3,ZTF20abxyayj
2460637.7491319,1,2883249131315,20.119699478149414,/ztf/archive/sci/2024/1123/249120/ztf_20241123249120_001293_zg_c04_o_q2_scimrefdiffimg.fits.fz,Kulkarni,2,2.883249131315015e+18,t,3.0,2883,13,1293,696.9509887695312,1562.4599609375,45.1984626,-23.0512051,19.98430061340332,0.1969980001449585,1.1991499662399292,20.368799209594727,0.47279998660087585,0.5219879746437073,18.014999389648438,0.028999999165534973,1.5989999771118164,0.0820000022649765,-0.017433999106287956,0.3844519853591919,1.3154699802398682,0.8690000176429749,696.9509887695312,-0.24914400279521942,2.0,0.734000027179718,0.5460000038146973,0.5579749941825867,0.41506001353263855,1.3443200588226318,10.0,0.0,0.9228569865226746,0.7829489707946777,20.334800720214844,0.5837000012397766,45.1986211,-23.0511882,7.00113,26.154300689697266,2.8710499464068562e-05,0.03259719908237457,-0.036772698163986206,4.3158201151527464e-05,t17_f5_c3,ZTF20abxyayj
2460640.789294,1,2886289291315,19.954999923706055,/ztf/archive/sci/2024/1126/289282/ztf_20241126289282_001293_zg_c04_o_q2_scimrefdiffimg.fits.fz,Kulkarni,2,,,,2886,13,1293,,,,,,,,,,,,,,,,,,,,,,,,,,,,,,,,,,,,26.175500869750977,3.845170067506842e-05,0.0375032015144825,-0.04045270010828972,5.985190000501461e-05,t17_f5_c3,ZTF20abxyayj
2460643.7674653,1,2889267461315,19.162200927734375,/ztf/archive/sci/2024/1129/267465/ztf_20241129267465_001293_zg_c04_o_q2_scimrefdiffimg.fits.fz,Kulkarni,2,,,,2889,13,1293,,,,,,,,,,,,,,,,,,,,,,,,,,,,,,,,,,,,25.576499938964844,0.00014059600653126836,0.06667009741067886,-0.051288798451423645,0.0002519169938750565,t17_f5_c3,ZTF20abxyayj
2460651.7306944,1,2897230694015,19.677200317382812,/ztf/archive/sci/2024/1207/230694/ztf_20241207230694_000251_zg_c11_o_q1_scimrefdiffimg.fits.fz,Kulkarni,1,2.897230694015015e+18,t,5.0,2897,40,251,904.593994140625,2304.330078125,45.1985988,-23.0512342,18.59320068359375,0.10428199917078018,1.7544100284576416,18.61639976501465,0.10779999941587448,0.1414940059185028,18.625999450683594,0.020999999716877937,1.2009999752044678,0.05999999865889549,0.369596004486084,0.023209000006318092,3.7100000381469727,0.9819999933242798,776.1740112304688,1.0608400106430054,0.9351770281791687,1.0679999589920044,1.0160000324249268,0.28787100315093994,0.27385398745536804,1.0511800050735474,1.0,0.0,0.9385709762573242,1.0,18.588300704956055,0.1339000016450882,45.1986008,-23.0511944,18.6825,26.263200759887695,4.762820026371628e-05,0.040879398584365845,-0.054501499980688095,8.185680053429678e-05,t17_f5_c3,ZTF20abxyayj
2460653.7237384,1,2899223734015,19.352500915527344,/ztf/archive/sci/2024/1209/223681/ztf_20241209223681_000251_zg_c11_o_q1_scimrefdiffimg.fits.fz,Kulkarni,1,2.899223734015015e+18,1,4.0,2899,40,251,884.9199829101562,2316.070068359375,45.1985809,-23.051225,18.545799255371094,0.1061599999666214,1.2666599750518799,18.61949920654297,0.1289999932050705,0.12669000029563904,18.625999450683594,0.020999999716877937,1.2009999752044678,0.05999999865889549,-0.14634600281715393,0.07374799996614456,5.440000057220459,0.9789999723434448,764.4340209960938,0.7330170273780823,0.7141780257225037,1.2139999866485596,1.1440000534057617,0.2231619954109192,0.2102939933538437,1.0611900091171265,1.0,0.0,0.7957140207290649,1.0,18.625,0.1657000035047531,45.1986008,-23.0511944,14.8861,26.266799926757812,6.637629849137738e-05,0.044390399008989334,-0.020022299140691757,0.00011885500134667382,t17_f5_c3,ZTF20abxyayj
2460653.7237384,1,2899223734015,19.352500915527344,/ztf/archive/sci/2024/1209/223681/ztf_20241209223681_000251_zg_c11_o_q1_scimrefdiffimg.fits.fz,Kulkarni,1,2.899223734015015e+18,t,4.0,2899,40,251,884.9199829101562,2316.070068359375,45.1985809,-23.051225,18.545799255371094,0.1061599999666214,1.2666599750518799,18.61949920654297,0.1289999932050705,0.12669000029563904,18.625999450683594,0.020999999716877937,1.2009999752044678,0.05999999865889549,-0.14634600281715393,0.07374799996614456,5.440000057220459,0.9789999723434448,764.4340209960938,0.7330170273780823,0.7141780257225037,1.2139999866485596,1.1440000534057617,0.2231619954109192,0.2102939933538437,1.0611900091171265,1.0,0.0,0.7957140207290649,1.0,18.625,0.1657000035047531,45.1986008,-23.0511944,14.8861,26.266799926757812,6.637629849137738e-05,0.044390399008989334,-0.020022299140691757,0.00011885500134667382,t17_f5_c3,ZTF20abxyayj
2460653.7316319,2,2899231634015,19.612499237060547,/ztf/archive/sci/2024/1209/231632/ztf_20241209231632_000251_zr_c11_o_q1_scimrefdiffimg.fits.fz,Kulkarni,1,2.899231634015015e+18,t,10.0,2899,40,251,876.4219970703125,2316.77001953125,45.1986138,-23.0511882,18.702800750732422,0.09781400114297867,1.3507499694824219,18.51580047607422,0.10779999941587448,0.028812000527977943,18.13599967956543,0.032999999821186066,2.927000045776367,0.1469999998807907,-0.9580730199813843,-0.1870419979095459,3.4700000286102295,0.9800000190734863,763.7340087890625,1.0967299938201904,0.9662439823150635,1.190999984741211,1.0779999494552612,0.3432280123233795,0.31066301465034485,1.1048200130462646,1.0,0.0,0.8399999737739563,1.0,18.455799102783203,0.13009999692440033,45.1986134,-23.0511963,15.3136,26.361799240112305,2.7713900635717437e-05,0.03207549825310707,0.12695200741291046,3.9495698729297146e-05,t17_f5_c3,ZTF20abxyayj
2460654.6965625,2,2900196564015,18.15730094909668,/ztf/archive/sci/2024/1210/196563/ztf_20241210196563_000251_zr_c11_o_q1_scimrefdiffimg.fits.fz,Kulkarni,1,,,,2900,40,251,,,,,,,,,,,,,,,,,,,,,,,,,,,,,,,,,,,,25.52750015258789,0.0004269439959898591,0.07658729702234268,0.095209501683712,0.0005948279867880046,t17_f5_c3,ZTF20abxyayj
2460654.7314815,1,2900231484015,18.601999282836914,/ztf/archive/sci/2024/1210/231481/ztf_20241210231481_000251_zg_c11_o_q1_scimrefdiffimg.fits.fz,Kulkarni,1,2.900231484015015e+18,t,0.0,2900,40,251,895.25,2303.239990234375,45.1986184,-23.0513389,18.648099899291992,0.26252201199531555,1.292639970779419,18.548900604248047,0.14429999887943268,0.5164330005645752,18.625999450683594,0.020999999716877937,1.2009999752044678,0.05999999865889549,-0.1973710060119629,-0.09922199696302414,10.199999809265137,0.7250000238418579,777.2650146484375,0.053077999502420425,0.6331549882888794,3.131999969482422,2.2899999618530273,0.30705899000167847,0.22450999915599823,1.3676899671554565,3.0,0.0,0.23142899572849274,0.9982399940490723,18.427099227905273,0.16519999504089355,45.1986008,-23.0511944,8.33991,26.299100875854492,0.00020635400142055005,0.03449089825153351,-0.05825680121779442,0.0005517369718290865,t17_f5_c3,ZTF20abxyayj
2460656.6901736,1,2902190174015,16.70039939880371,/ztf/archive/sci/2024/1212/190174/ztf_20241212190174_000251_zg_c11_o_q1_scimrefdiffimg.fits.fz,Kulkarni,1,,,,2902,40,251,,,,,,,,,,,,,,,,,,,,,,,,,,,,,,,,,,,,24.421899795532227,0.011322500184178352,0.053112998604774475,0.2506510019302368,0.0495092011988163,t17_f5_c3,ZTF20abxyayj
2460660.7756134,2,2906275614015,19.256399154663086,/ztf/archive/sci/2024/1216/275613/ztf_20241216275613_000251_zr_c11_o_q1_scimrefdiffimg.fits.fz,Kulkarni,1,2.906275614015015e+18,t,6.0,2906,40,251,883.4749755859375,2329.72998046875,45.1985869,-23.051225,18.623699188232422,0.13741600513458252,2.1350998878479004,19.02910041809082,0.29739999771118164,0.13388599455356598,18.13599967956543,0.032999999821186066,2.927000045776367,0.1469999998807907,-0.3216690123081207,0.40541601181030273,3.25,1.0,750.77001953125,0.2273389995098114,0.8176059722900391,0.6909999847412109,0.6620000004768372,0.2126149982213974,0.2036920040845871,1.0438100099563599,5.0,0.0,0.9271429777145386,0.9489849805831909,19.061599731445312,0.39329999685287476,45.1986134,-23.0511963,12.3283,26.312700271606445,4.0169499698095024e-05,0.03840139880776405,0.1210160031914711,5.7056899095186964e-05,t17_f5_c3,ZTF20abxyayj
2460635.8503356,1,2881350331315,19.613000869750977,/ztf/archive/sci/2024/1121/350220/ztf_20241121350220_001293_zg_c04_o_q2_scimrefdiffimg.fits.fz,Kulkarni,3,,,,2881,13,1293,,,,,,,,,,,,,,,,,,,,,,,,,,,,,,,,,,,,26.09429931640625,4.514629836194217e-05,0.039312999695539474,-0.00235034991055727,7.314320100704208e-05,t17_f5_c3,ZTF20abxyayj
2460637.7496065,1,2883249601315,20.132099151611328,/ztf/archive/sci/2024/1123/249595/ztf_20241123249595_001293_zg_c04_o_q2_scimrefdiffimg.fits.fz,Kulkarni,3,2.883249601315015e+18,t,6.0,2883,13,1293,697.1539916992188,1561.8499755859375,45.1984167,-23.0510283,20.158199310302734,0.22549200057983398,1.0125199556350708,19.93079948425293,0.3127000033855438,0.8776170015335083,18.014999389648438,0.028999999165534973,1.5989999771118164,0.0820000022649765,-0.06029900163412094,-0.22739000618457794,1.3166699409484863,0.6809999942779541,697.1539916992188,0.20128600299358368,2.0,0.800000011920929,0.5630000233650208,0.6075929999351501,0.4275929927825928,1.4209599494934082,7.0,0.0,0.857142984867096,0.7937309741973877,20.20709991455078,0.5131000280380249,45.1986211,-23.0511882,5.23962,26.147199630737305,2.9485099730663933e-05,0.0331277996301651,-0.03441829979419708,4.386169894132763e-05,t17_f5_c3,ZTF20abxyayj
2460640.7897685,1,2886289761315,19.861799240112305,/ztf/archive/sci/2024/1126/289757/ztf_20241126289757_001293_zg_c04_o_q2_scimrefdiffimg.fits.fz,Kulkarni,3,,,,2886,13,1293,,,,,,,,,,,,,,,,,,,,,,,,,,,,,,,,,,,,26.166000366210938,3.622250005719252e-05,0.036247700452804565,-0.032937098294496536,5.4801999795017764e-05,t17_f5_c3,ZTF20abxyayj
2460643.7679398,1,2889267931315,18.995800018310547,/ztf/archive/sci/2024/1129/267928/ztf_20241129267928_001293_zg_c04_o_q2_scimrefdiffimg.fits.fz,Kulkarni,3,,,,2889,13,1293,,,,,,,,,,,,,,,,,,,,,,,,,,,,,,,,,,,,25.49250030517578,0.00017873400065582246,0.0733191967010498,-0.05382499843835831,0.0003289740125183016,t17_f5_c3,ZTF20abxyayj
2460652.6885069,2,2898188504015,19.89889907836914,/ztf/archive/sci/2024/1208/188507/ztf_20241208188507_000251_zr_c11_o_q1_scimrefdiffimg.fits.fz,Kulkarni,2,2.898188504015015e+18,t,9.0,2898,40,251,884.1069946289062,2301.449951171875,45.198503,-23.0511604,18.766799926757812,0.08656500279903412,2.0908100605010986,19.013999938964844,0.16459999978542328,0.3830380141735077,18.13599967956543,0.032999999821186066,2.927000045776367,0.1469999998807907,1.2606099843978882,0.24721600115299225,1.8700000047683716,0.9729999899864197,779.0479736328125,0.8848689794540405,1.4260499477386475,0.699999988079071,0.6949999928474426,0.3743320107460022,0.37165799736976624,1.0071899890899658,3.0,0.0,0.947143018245697,1.0,19.262300491333008,0.263700008392334,45.1986134,-23.0511963,14.226,26.333799362182617,2.1243400624371134e-05,0.027970800176262856,0.12210399657487869,3.010629916389007e-05,t17_f5_c3,ZTF20abxyayj
2460654.708669,1,2900208661315,18.542699813842773,/ztf/archive/sci/2024/1210/208657/ztf_20241210208657_001293_zg_c04_o_q2_scimrefdiffimg.fits.fz,Kulkarni,2,,,,2900,13,1293,,,,,,,,,,,,,,,,,,,,,,,,,,,,,,,,,,,,26.16710090637207,0.00021050800569355488,0.04127009958028793,0.010297000408172607,0.0005672649713233113,t17_f5_c3,ZTF20abxyayj
2460655.6671181,1,2901167111315,18.21179962158203,/ztf/archive/sci/2024/1211/167118/ztf_20241211167118_001293_zg_c04_o_q2_scimrefdiffimg.fits.fz,Kulkarni,2,,,,2901,13,1293,,,,,,,,,,,,,,,,,,,,,,,,,,,,,,,,,,,,25.646299362182617,0.0002943130093626678,0.05262570083141327,-0.04223490133881569,0.0007770759984850883,t17_f5_c3,ZTF20abxyayj
2460655.6808796,1,2901180871315,18.38960075378418,/ztf/archive/sci/2024/1211/180856/ztf_20241211180856_001293_zg_c04_o_q2_scimrefdiffimg.fits.fz,Kulkarni,3,,,,2901,13,1293,,,,,,,,,,,,,,,,,,,,,,,,,,,,,,,,,,,,25.836700439453125,0.0002494950022082776,0.04753899946808815,-0.03797990083694458,0.0006212890148162842,t17_f5_c3,ZTF20abxyayj
2460661.7429977,2,2907242994015,19.406999588012695,/ztf/archive/sci/2024/1217/242998/ztf_20241217242998_000251_zr_c11_o_q1_scimrefdiffimg.fits.fz,Kulkarni,1,2.907242994015015e+18,t,22.0,2907,40,251,893.9719848632812,2314.679931640625,45.1985338,-23.0512551,18.76689910888672,0.11899200081825256,1.1497900485992432,18.913799285888672,0.22200000286102295,0.3337930142879486,18.13599967956543,0.032999999821186066,2.927000045776367,0.1469999998807907,-0.456838995218277,0.1469070017337799,3.259999990463257,0.9679999947547913,765.8159790039062,0.49320200085639954,0.8584200143814087,0.7649999856948853,0.6779999732971191,0.2346629947423935,0.20797500014305115,1.1283199787139893,1.0,0.0,0.9200000166893005,1.0,19.172000885009766,0.36039999127388,45.1986134,-23.0511963,11.8614,26.333900451660156,3.65880987374112e-05,0.036918699741363525,0.11684300005435944,5.194660116103478e-05,t17_f5_c3,ZTF20abxyayj
2460663.6579861,2,2909157984015,19.918899536132812,/ztf/archive/sci/2024/1219/157951/ztf_20241219157951_000251_zr_c11_o_q1_scimrefdiffimg.fits.fz,Prince,3,,,,2909,40,251,,,,,,,,,,,,,,,,,,,,,,,,,,,,,,,,,,,,26.343799591064453,2.532500002416782e-05,0.03055180050432682,0.12613700330257416,3.592879875213839e-05,t17_f5_c3,ZTF20abxyayj
2460663.6584606,2,2909158464015,19.910499572753906,/ztf/archive/sci/2024/1219/158461/ztf_20241219158461_000251_zr_c11_o_q1_scimrefdiffimg.fits.fz,Prince,3,,,,2909,40,251,,,,,,,,,,,,,,,,,,,,,,,,,,,,,,,,,,,,26.33930015563965,3.393139922991395e-05,0.03556770086288452,0.12922200560569763,4.863040157943033e-05,t17_f5_c3,ZTF20abxyayj
2460663.6589352,2,2909158934015,19.909700393676758,/ztf/archive/sci/2024/1219/158924/ztf_20241219158924_000251_zr_c11_o_q1_scimrefdiffimg.fits.fz,Prince,3,2.909158934015015e+18,1,7.0,2909,40,251,872.2080078125,2303.75,45.1985577,-23.0512194,18.78849983215332,0.09527599811553955,1.606119990348816,18.892799377441406,0.13490000367164612,0.1999340057373047,18.13599967956543,0.032999999821186066,2.927000045776367,0.1469999998807907,0.3319289982318878,0.10425599664449692,2.950000047683716,0.972000002861023,776.7509765625,1.0169099569320679,0.9817100167274475,0.7710000276565552,0.7239999771118164,0.261355996131897,0.24542400240898132,1.0649199485778809,2.0,0.0,0.9585710167884827,1.0,18.68269920349121,0.14169999957084656,45.1986134,-23.0511963,10.7932,26.3435001373291,2.2385200281860307e-05,0.028898300603032112,0.12915000319480896,3.202880179742351e-05,t17_f5_c3,ZTF20abxyayj
2460663.6593981,2,2909159394015,19.910200119018555,/ztf/archive/sci/2024/1219/159398/ztf_20241219159398_000251_zr_c11_o_q1_scimrefdiffimg.fits.fz,Prince,3,,,,2909,40,251,,,,,,,,,,,,,,,,,,,,,,,,,,,,,,,,,,,,26.33049964904785,2.1977099095238373e-05,0.02864520065486431,0.13584299385547638,3.1512801797362044e-05,t17_f5_c3,ZTF20abxyayj
2460663.6598727,2,2909159874015,19.91699981689453,/ztf/archive/sci/2024/1219/159873/ztf_20241219159873_000251_zr_c11_o_q1_scimrefdiffimg.fits.fz,Prince,3,2.909159874015015e+18,1,7.0,2909,40,251,872.5800170898438,2303.6298828125,45.1985646,-23.0511712,18.675199508666992,0.1064390018582344,2.838320016860962,18.984500885009766,0.1454000025987625,0.18297100067138672,18.13599967956543,0.032999999821186066,2.927000045776367,0.1469999998807907,0.07829000055789948,0.3092919886112213,2.4000000953674316,1.0,776.8660278320312,0.9324920177459717,1.2103099822998047,0.7559999823570251,0.7419999837875366,0.3149999976158142,0.3091669976711273,1.0188699960708618,2.0,0.0,0.945713996887207,1.0,19.008800506591797,0.1891999989748001,45.1986134,-23.0511963,18.4478,26.342199325561523,2.438060073473025e-05,0.030282700434327126,0.13191300630569458,3.4981600038008764e-05,t17_f5_c3,ZTF20abxyayj
2460663.6603472,2,2909160344015,19.909000396728516,/ztf/archive/sci/2024/1219/160347/ztf_20241219160347_000251_zr_c11_o_q1_scimrefdiffimg.fits.fz,Prince,3,,,,2909,40,251,,,,,,,,,,,,,,,,,,,,,,,,,,,,,,,,,,,,26.338499069213867,2.503160067135468e-05,0.030609000474214554,0.12825000286102295,3.5690198274096474e-05,t17_f5_c3,ZTF20abxyayj
2460663.6608218,2,2909160824015,19.919300079345703,/ztf/archive/sci/2024/1219/160822/ztf_20241219160822_000251_zr_c11_o_q1_scimrefdiffimg.fits.fz,Prince,3,2.909160824015015e+18,1,6.0,2909,40,251,872.3200073242188,2303.760009765625,45.1986163,-23.0511324,18.597900390625,0.09216800332069397,2.4617199897766113,18.7278995513916,0.11500000208616257,0.2272460013628006,18.13599967956543,0.032999999821186066,2.927000045776367,0.1469999998807907,-0.20751400291919708,0.1300020068883896,2.390000104904175,0.9829999804496765,776.7420043945312,1.191349983215332,1.2153799533843994,0.8370000123977661,0.7829999923706055,0.35020899772644043,0.32761499285697937,1.068969964981079,2.0,0.0,0.9557139873504639,1.0,18.60740089416504,0.13079999387264252,45.1986134,-23.0511963,14.0049,26.337900161743164,2.8637199648073874e-05,0.03272879868745804,0.1364459991455078,4.0992501453729346e-05,t17_f5_c3,ZTF20abxyayj
2460663.6612963,2,2909161294015,19.950700759887695,/ztf/archive/sci/2024/1219/161285/ztf_20241219161285_000251_zr_c11_o_q1_scimrefdiffimg.fits.fz,Prince,3,,,,2909,40,251,,,,,,,,,,,,,,,,,,,,,,,,,,,,,,,,,,,,26.34760093688965,2.7536600100575015e-05,0.031964801251888275,0.119268998503685,3.934840060537681e-05,t17_f5_c3,ZTF20abxyayj
2460663.6617593,2,2909161754015,19.985200881958008,/ztf/archive/sci/2024/1219/161759/ztf_20241219161759_000251_zr_c11_o_q1_scimrefdiffimg.fits.fz,Prince,3,,,,2909,40,251,,,,,,,,,,,,,,,,,,,,,,,,,,,,,,,,,,,,26.349700927734375,3.205289976904169e-05,0.03457760065793991,0.12392400205135345,4.5876298827352e-05,t17_f5_c3,ZTF20abxyayj
2460663.6622338,2,2909162234015,19.89349937438965,/ztf/archive/sci/2024/1219/162234/ztf_20241219162234_000251_zr_c11_o_q1_scimrefdiffimg.fits.fz,Prince,3,,,,2909,40,251,,,,,,,,,,,,,,,,,,,,,,,,,,,,,,,,,,,,26.346900939941406,2.691229929041583e-05,0.031697098165750504,0.124549999833107,3.8557100197067484e-05,t17_f5_c3,ZTF20abxyayj
2460663.6627083,2,2909162704015,19.935800552368164,/ztf/archive/sci/2024/1219/162697/ztf_20241219162697_000251_zr_c11_o_q1_scimrefdiffimg.fits.fz,Prince,3,,,,2909,40,251,,,,,,,,,,,,,,,,,,,,,,,,,,,,,,,,,,,,26.329999923706055,2.890960058721248e-05,0.03271690011024475,0.13771499693393707,4.1266699554398656e-05,t17_f5_c3,ZTF20abxyayj
2460663.6631713,2,2909163174015,19.99220085144043,/ztf/archive/sci/2024/1219/163171/ztf_20241219163171_000251_zr_c11_o_q1_scimrefdiffimg.fits.fz,Prince,3,,,,2909,40,251,,,,,,,,,,,,,,,,,,,,,,,,,,,,,,,,,,,,26.346599578857422,2.110800051013939e-05,0.02819710038602352,0.13180199265480042,3.027220009244047e-05,t17_f5_c3,ZTF20abxyayj
2460663.6636458,2,2909163644015,19.983200073242188,/ztf/archive/sci/2024/1219/163646/ztf_20241219163646_000251_zr_c11_o_q1_scimrefdiffimg.fits.fz,Prince,3,,,,2909,40,251,,,,,,,,,,,,,,,,,,,,,,,,,,,,,,,,,,,,26.34040069580078,2.8056900191586465e-05,0.032106198370456696,0.13222099840641022,4.0017199353314936e-05,t17_f5_c3,ZTF20abxyayj
2460663.6641204,2,2909164124015,19.999900817871094,/ztf/archive/sci/2024/1219/164109/ztf_20241219164109_000251_zr_c11_o_q1_scimrefdiffimg.fits.fz,Prince,3,,,,2909,40,251,,,,,,,,,,,,,,,,,,,,,,,,,,,,,,,,,,,,26.341699600219727,2.1495699911611155e-05,0.028471000492572784,0.12994800508022308,3.087940058321692e-05,t17_f5_c3,ZTF20abxyayj
2460663.6645833,2,2909164584015,19.94969940185547,/ztf/archive/sci/2024/1219/164583/ztf_20241219164583_000251_zr_c11_o_q1_scimrefdiffimg.fits.fz,Prince,3,2.909164584015015e+18,1,11.0,2909,40,251,872.39599609375,2304.699951171875,45.198639,-23.0512045,18.770999908447266,0.10283800214529037,2.683759927749634,18.734600067138672,0.11550000309944153,0.09275099635124207,18.13599967956543,0.032999999821186066,2.927000045776367,0.1469999998807907,-0.13452200591564178,-0.03643200173974037,2.9600000381469727,0.9990000128746033,775.802978515625,1.215109944343567,0.9552819728851318,0.7770000100135803,0.7260000109672546,0.26249998807907104,0.2452699989080429,1.0702500343322754,4.0,0.0,0.9599999785423279,0.9830589890480042,18.646299362182617,0.13539999723434448,45.1986134,-23.0511963,16.7312,26.340999603271484,2.4656499590491876e-05,0.030360300093889236,0.1297679990530014,3.5294600820634514e-05,t17_f5_c3,ZTF20abxyayj
2460663.6650579,2,2909165054015,19.952999114990234,/ztf/archive/sci/2024/1219/165058/ztf_20241219165058_000251_zr_c11_o_q1_scimrefdiffimg.fits.fz,Prince,3,,,,2909,40,251,,,,,,,,,,,,,,,,,,,,,,,,,,,,,,,,,,,,26.34830093383789,2.3462500394089147e-05,0.029430199414491653,0.1319510042667389,3.348090103827417e-05,t17_f5_c3,ZTF20abxyayj
2460663.6655324,2,2909165534015,19.958599090576172,/ztf/archive/sci/2024/1219/165521/ztf_20241219165521_000251_zr_c11_o_q1_scimrefdiffimg.fits.fz,Prince,3,2.909165534015015e+18,1,5.0,2909,40,251,872.9979858398438,2304.300048828125,45.1985901,-23.0512242,18.78059959411621,0.08642899990081787,1.0996400117874146,18.961700439453125,0.14100000262260437,0.12504300475120544,18.13599967956543,0.032999999821186066,2.927000045776367,0.1469999998807907,0.49911001324653625,0.1811310052871704,2.3399999141693115,0.972000002861023,776.197998046875,0.9968739748001099,1.2083899974822998,0.8240000009536743,0.7559999823570251,0.3521369993686676,0.323076993227005,1.0899499654769897,3.0,0.0,0.9628570079803467,1.0,18.98419952392578,0.18310000002384186,45.1986134,-23.0511963,10.7579,26.332599639892578,2.3763199351378717e-05,0.029724499210715294,0.1385429948568344,3.4026099456241354e-05,t17_f5_c3,ZTF20abxyayj
2460663.6659954,2,2909165994015,19.98710060119629,/ztf/archive/sci/2024/1219/165995/ztf_20241219165995_000251_zr_c11_o_q1_scimrefdiffimg.fits.fz,Prince,3,,,,2909,40,251,,,,,,,,,,,,,,,,,,,,,,,,,,,,,,,,,,,,26.340599060058594,2.3004000468063168e-05,0.029023300856351852,0.1351429969072342,3.281639874330722e-05,t17_f5_c3,ZTF20abxyayj
2460663.6664699,2,2909166464015,19.837099075317383,/ztf/archive/sci/2024/1219/166470/ztf_20241219166470_000251_zr_c11_o_q1_scimrefdiffimg.fits.fz,Prince,3,,,,2909,40,251,,,,,,,,,,,,,,,,,,,,,,,,,,,,,,,,,,,,26.34480094909668,4.3229800212429836e-05,0.040154699236154556,0.1260260045528412,6.197329639689997e-05,t17_f5_c3,ZTF20abxyayj
2460663.6669444,2,2909166944015,19.94700050354004,/ztf/archive/sci/2024/1219/166933/ztf_20241219166933_000251_zr_c11_o_q1_scimrefdiffimg.fits.fz,Prince,3,,,,2909,40,251,,,,,,,,,,,,,,,,,,,,,,,,,,,,,,,,,,,,26.332399368286133,3.498870137264021e-05,0.036087699234485626,0.13746799528598785,4.991649984731339e-05,t17_f5_c3,ZTF20abxyayj
2460663.6674074,2,2909167404015,19.96579933166504,/ztf/archive/sci/2024/1219/167407/ztf_20241219167407_000251_zr_c11_o_q1_scimrefdiffimg.fits.fz,Prince,3,,,,2909,40,251,,,,,,,,,,,,,,,,,,,,,,,,,,,,,,,,,,,,26.346799850463867,2.3177199182100594e-05,0.029446300119161606,0.12522299587726593,3.313060005893931e-05,t17_f5_c3,ZTF20abxyayj
2460663.6678819,2,2909167884015,19.954299926757812,/ztf/archive/sci/2024/1219/167882/ztf_20241219167882_000251_zr_c11_o_q1_scimrefdiffimg.fits.fz,Prince,3,,,,2909,40,251,,,,,,,,,,,,,,,,,,,,,,,,,,,,,,,,,,,,26.34309959411621,2.628659967740532e-05,0.031145600602030754,0.12682999670505524,3.752759948838502e-05,t17_f5_c3,ZTF20abxyayj
2460663.6683565,2,2909168354015,19.9552001953125,/ztf/archive/sci/2024/1219/168345/ztf_20241219168345_000251_zr_c11_o_q1_scimrefdiffimg.fits.fz,Prince,3,,,,2909,40,251,,,,,,,,,,,,,,,,,,,,,,,,,,,,,,,,,,,,26.345500946044922,2.465370016579982e-05,0.030206499621272087,0.1272609978914261,3.520170139381662e-05,t17_f5_c3,ZTF20abxyayj
2460663.668831,2,2909168834015,19.992000579833984,/ztf/archive/sci/2024/1219/168819/ztf_20241219168819_000251_zr_c11_o_q1_scimrefdiffimg.fits.fz,Prince,3,,,,2909,40,251,,,,,,,,,,,,,,,,,,,,,,,,,,,,,,,,,,,,26.349000930786133,2.457799928379245e-05,0.030211299657821655,0.13252200186252594,3.5107801522826776e-05,t17_f5_c3,ZTF20abxyayj
2460663.669294,2,2909169294015,19.963600158691406,/ztf/archive/sci/2024/1219/169294/ztf_20241219169294_000251_zr_c11_o_q1_scimrefdiffimg.fits.fz,Prince,3,2.909169294015015e+18,1,4.0,2909,40,251,873.3920288085938,2305.1201171875,45.1986287,-23.0512338,18.68320083618164,0.1001729965209961,1.903689980506897,18.79520034790039,0.12049999833106995,0.14235299825668335,18.13599967956543,0.032999999821186066,2.927000045776367,0.1469999998807907,-0.1195330023765564,0.11199600249528885,2.490000009536743,0.9670000076293945,775.3800048828125,1.1684399843215942,1.135599970817566,0.7710000276565552,0.7369999885559082,0.30963900685310364,0.2959839999675751,1.0461299419403076,3.0,0.0,0.9585710167884827,1.0,18.740100860595703,0.14569999277591705,45.1986134,-23.0511963,12.5225,26.340200424194336,2.4447399482596666e-05,0.03025750070810318,0.13216499984264374,3.501959872664884e-05,t17_f5_c3,ZTF20abxyayj
2460663.6697685,2,2909169764015,19.94300079345703,/ztf/archive/sci/2024/1219/169769/ztf_20241219169769_000251_zr_c11_o_q1_scimrefdiffimg.fits.fz,Prince,3,,,,2909,40,251,,,,,,,,,,,,,,,,,,,,,,,,,,,,,,,,,,,,26.354400634765625,2.2512600480695255e-05,0.029055800288915634,0.12188699841499329,3.2243900932371616e-05,t17_f5_c3,ZTF20abxyayj
2460663.6702431,2,2909170244015,19.9242000579834,/ztf/archive/sci/2024/1219/170231/ztf_20241219170231_000251_zr_c11_o_q1_scimrefdiffimg.fits.fz,Prince,3,2.909170244015015e+18,1,9.0,2909,40,251,873.4869995117188,2305.510009765625,45.1986135,-23.0511999,18.700899124145508,0.11287599802017212,2.9607300758361816,18.850200653076172,0.12800000607967377,0.012687000446021557,18.13599967956543,0.032999999821186066,2.927000045776367,0.1469999998807907,0.5591639876365662,0.14927799999713898,3.0999999046325684,0.9779999852180481,774.9940185546875,1.0739799737930298,0.9363160133361816,0.8970000147819519,0.8619999885559082,0.28935500979423523,0.2780649960041046,1.0405999422073364,1.0,0.0,0.949999988079071,1.0,18.890600204467773,0.1688999980688095,45.1986134,-23.0511963,19.5584,26.347900390625,2.642800063767936e-05,0.031241700053215027,0.13200800120830536,3.7744401197414845e-05,t17_f5_c3,ZTF20abxyayj
2460663.670706,2,2909170704015,19.79290008544922,/ztf/archive/sci/2024/1219/170706/ztf_20241219170706_000251_zr_c11_o_q1_scimrefdiffimg.fits.fz,Prince,3,2.909170704015015e+18,1,20.0,2909,40,251,873.375,2305.75,45.1985809,-23.0511823,18.686199188232422,0.1013529971241951,1.7261300086975098,18.843399047851562,0.13130000233650208,0.117467001080513,18.13599967956543,0.032999999821186066,2.927000045776367,0.1469999998807907,0.3440830111503601,0.15721799433231354,2.7899999618530273,0.9800000190734863,774.7520141601562,0.949491024017334,1.1365100145339966,0.9139999747276306,0.8870000243186951,0.3275989890098572,0.3179210126399994,1.0304399728775024,2.0,0.0,0.9657139778137207,1.0,18.86440086364746,0.17020000517368317,45.1986134,-23.0511963,14.6625,26.336200714111328,2.9298900699359365e-05,0.033190999180078506,0.14078499376773834,4.21149015892297e-05,t17_f5_c3,ZTF20abxyayj
2460663.6711806,2,2909171184015,19.78380012512207,/ztf/archive/sci/2024/1219/171181/ztf_20241219171181_000251_zr_c11_o_q1_scimrefdiffimg.fits.fz,Prince,3,2.909171184015015e+18,1,12.0,2909,40,251,873.9390258789062,2305.3701171875,45.198582,-23.0512024,18.81100082397461,0.10351400077342987,1.1240700483322144,19.162599563598633,0.1754000037908554,0.10489500313997269,18.13599967956543,0.032999999821186066,2.927000045776367,0.1469999998807907,0.8685510158538818,0.35164400935173035,2.8399999141693115,0.9760000109672546,775.1309814453125,0.6211900115013123,1.1262799501419067,0.9700000286102295,0.8669999837875366,0.34154900908470154,0.30528199672698975,1.1188000440597534,1.0,0.0,0.9257140159606934,1.0,19.116300582885742,0.2143000066280365,45.1986134,-23.0511963,13.3066,26.347999572753906,3.0609200621256605e-05,0.034008800983428955,0.1292410045862198,4.3889500375371426e-05,t17_f5_c3,ZTF20abxyayj
2460663.6716551,2,2909171654015,19.823699951171875,/ztf/archive/sci/2024/1219/171644/ztf_20241219171644_000251_zr_c11_o_q1_scimrefdiffimg.fits.fz,Prince,3,2.909171654015015e+18,1,6.0,2909,40,251,874.4429931640625,2305.780029296875,45.1985942,-23.0511004,18.790700912475586,0.11834699660539627,1.7912399768829346,18.87820053100586,0.1347000002861023,0.34641700983047485,18.13599967956543,0.032999999821186066,2.927000045776367,0.1469999998807907,0.5029429793357849,0.08748400211334229,2.880000114440918,0.9779999852180481,774.7219848632812,0.9455419778823853,1.0758099555969238,0.8930000066757202,0.8209999799728394,0.3100689947605133,0.28506898880004883,1.0877000093460083,1.0,0.0,0.9557139873504639,1.0,18.86009979248047,0.16859999299049377,45.1986134,-23.0511963,12.4742,26.343700408935547,2.4921200747485273e-05,0.030554000288248062,0.1331389993429184,3.564649887266569e-05,t17_f5_c3,ZTF20abxyayj
2460663.6721296,2,2909172124015,19.7362003326416,/ztf/archive/sci/2024/1219/172118/ztf_20241219172118_000251_zr_c11_o_q1_scimrefdiffimg.fits.fz,Prince,3,2.909172124015015e+18,1,1.0,2909,40,251,874.02197265625,2305.8798828125,45.198592,-23.0511477,18.659400939941406,0.08924700319766998,1.220729947090149,18.84600067138672,0.13259999454021454,0.18636000156402588,18.13599967956543,0.032999999821186066,2.927000045776367,0.1469999998807907,0.08525300025939941,0.1865919977426529,3.3299999237060547,0.9819999933242798,774.6240234375,0.8901600241661072,0.9926249980926514,0.953000009059906,0.8550000190734863,0.28618600964546204,0.256756991147995,1.1146199703216553,0.0,0.0,0.9399999976158142,1.0,18.843900680541992,0.16850000619888306,45.1986134,-23.0511963,12.8598,26.34440040588379,2.9646000257343985e-05,0.03334600105881691,0.12768399715423584,4.235660162521526e-05,t17_f5_c3,ZTF20abxyayj
2460663.6725926,2,2909172594015,19.801599502563477,/ztf/archive/sci/2024/1219/172593/ztf_20241219172593_000251_zr_c11_o_q1_scimrefdiffimg.fits.fz,Prince,3,2.909172594015015e+18,1,2.0,2909,40,251,873.8670043945312,2306.139892578125,45.1985472,-23.0511894,18.701200485229492,0.09353899955749512,1.2443900108337402,18.666799545288086,0.11270000040531158,0.2181369960308075,18.13599967956543,0.032999999821186066,2.927000045776367,0.1469999998807907,-0.02977300062775612,-0.03435400128364563,3.009999990463257,0.9800000190734863,774.3610229492188,1.1348299980163574,1.0340800285339355,1.055999994277954,0.9509999752044678,0.350831001996994,0.3159469962120056,1.1104099750518799,1.0,0.0,0.9399999976158142,1.0,18.58340072631836,0.13289999961853027,45.1986134,-23.0511963,13.8114,26.34119987487793,2.52384998020716e-05,0.030501600354909897,0.1358879953622818,3.587039827834815e-05,t17_f5_c3,ZTF20abxyayj
2460663.6730671,2,2909173064015,19.723800659179688,/ztf/archive/sci/2024/1219/173056/ztf_20241219173056_000251_zr_c11_o_q1_scimrefdiffimg.fits.fz,Prince,3,2.909173064015015e+18,1,8.0,2909,40,251,874.02197265625,2305.8798828125,45.1986439,-23.0511788,18.849300384521484,0.10588999837636948,0.7531449794769287,18.923099517822266,0.1446000039577484,0.11760199815034866,18.13599967956543,0.032999999821186066,2.927000045776367,0.1469999998807907,-0.07280299812555313,0.0737999975681305,3.5299999713897705,0.972000002861023,774.6170043945312,0.8006790280342102,0.933131992816925,1.065000057220459,0.9120000004768372,0.30169999599456787,0.2583569884300232,1.1677600145339966,1.0,0.0,0.9314290285110474,1.0,18.820499420166016,0.16750000417232513,45.1986134,-23.0511963,10.583,26.33530044555664,2.5528299374855123e-05,0.030773300677537918,0.14216600358486176,3.6322900996310636e-05,t17_f5_c3,ZTF20abxyayj
2460663.6735301,2,2909173534015,19.807199478149414,/ztf/archive/sci/2024/1219/173530/ztf_20241219173530_000251_zr_c11_o_q1_scimrefdiffimg.fits.fz,Prince,3,2.909173534015015e+18,1,9.0,2909,40,251,874.197998046875,2306.18994140625,45.1986006,-23.0511977,18.8302001953125,0.09293799847364426,0.9489279985427856,18.74839973449707,0.11969999969005585,0.04215700179338455,18.13599967956543,0.032999999821186066,2.927000045776367,0.1469999998807907,-0.17780600488185883,-0.08184999972581863,3.130000114440918,0.9729999899864197,774.3060302734375,1.058840036392212,1.0034699440002441,1.034000039100647,0.9549999833106995,0.33035099506378174,0.30511200428009033,1.0827200412750244,0.0,0.0,0.9585710167884827,1.0,18.70949935913086,0.14710000157356262,45.1986134,-23.0511963,12.0924,26.34630012512207,2.699330070754513e-05,0.031645700335502625,0.12352199852466583,3.8557100197067484e-05,t17_f5_c3,ZTF20abxyayj
2460663.6740046,2,2909174004015,19.86590003967285,/ztf/archive/sci/2024/1219/173993/ztf_20241219173993_000251_zr_c11_o_q1_scimrefdiffimg.fits.fz,Prince,3,2.909174004015015e+18,1,13.0,2909,40,251,874.06201171875,2306.39990234375,45.1985972,-23.0511943,18.77090072631836,0.10110300034284592,1.7222700119018555,18.890199661254883,0.13519999384880066,0.05346899852156639,18.13599967956543,0.032999999821186066,2.927000045776367,0.1469999998807907,0.11549399793148041,0.11931300163269043,2.509999990463257,0.9670000076293945,774.0980224609375,0.9757080078125,1.1947799921035767,0.828000009059906,0.7770000100135803,0.3298799991607666,0.30956199765205383,1.0656399726867676,3.0,0.0,0.9657139778137207,0.9944519996643066,18.85580062866211,0.16689999401569366,45.1986134,-23.0511963,11.3505,26.350900650024414,2.3152000721893273e-05,0.02954139932990074,0.1340620070695877,3.302549885120243e-05,t17_f5_c3,ZTF20abxyayj
2460663.6744792,2,2909174474015,19.836200714111328,/ztf/archive/sci/2024/1219/174468/ztf_20241219174468_000251_zr_c11_o_q1_scimrefdiffimg.fits.fz,Prince,3,2.909174474015015e+18,1,7.0,2909,40,251,874.0919799804688,2306.139892578125,45.1985394,-23.0511576,18.723499298095703,0.07638400048017502,1.1593799591064453,18.92060089111328,0.14069999754428864,0.27827298641204834,18.13599967956543,0.032999999821186066,2.927000045776367,0.1469999998807907,0.05768999829888344,0.19706399738788605,3.069999933242798,0.9760000109672546,774.364013671875,0.9155949950218201,0.9924910068511963,0.8799999952316284,0.8349999785423279,0.28664499521255493,0.2719869911670685,1.0538899898529053,2.0,0.0,0.9528570175170898,1.0,18.757600784301758,0.1543000042438507,45.1986134,-23.0511963,11.6671,26.345500946044922,2.8105800083721988e-05,0.03217659890651703,0.12973999977111816,4.012600038549863e-05,t17_f5_c3,ZTF20abxyayj
2460663.6749537,2,2909174954015,19.885499954223633,/ztf/archive/sci/2024/1219/174942/ztf_20241219174942_000251_zr_c11_o_q1_scimrefdiffimg.fits.fz,Prince,3,2.909174954015015e+18,1,9.0,2909,40,251,874.6320190429688,2306.75,45.19853,-23.0512044,18.75040054321289,0.09540700167417526,2.0232999324798584,18.851499557495117,0.131400004029274,0.27425599098205566,18.13599967956543,0.032999999821186066,2.927000045776367,0.1469999998807907,0.6474199891090393,0.1011039987206459,2.9100000858306885,0.9810000061988831,773.7490234375,1.0340100526809692,1.0063799619674683,0.9190000295639038,0.8410000205039978,0.3158079981803894,0.28900301456451416,1.0927499532699585,0.0,0.0,0.9557139873504639,1.0,18.74850082397461,0.15219999849796295,45.1986134,-23.0511963,16.9632,26.348400115966797,2.424970080028288e-05,0.0298870000988245,0.13407999277114868,3.464000110398047e-05,t17_f5_c3,ZTF20abxyayj
2460663.6754282,2,2909175424015,19.738300323486328,/ztf/archive/sci/2024/1219/175417/ztf_20241219175417_000251_zr_c11_o_q1_scimrefdiffimg.fits.fz,Prince,3,2.909175424015015e+18,1,7.0,2909,40,251,875.010986328125,2306.679931640625,45.1985256,-23.0512199,18.846599578857422,0.09884899854660034,1.26705002784729,18.76810073852539,0.12630000710487366,0.2994439899921417,18.13599967956543,0.032999999821186066,2.927000045776367,0.1469999998807907,-0.6547920107841492,-0.07852800190448761,4.070000171661377,0.9769999980926514,773.8250122070312,0.9702439904212952,0.7921850085258484,1.11899995803833,0.9480000138282776,0.27493900060653687,0.23292399942874908,1.1803799867630005,2.0,0.0,0.86142897605896,1.0,18.55270004272461,0.13199999928474426,45.1986134,-23.0511963,14.0148,26.345600128173828,2.946479980892036e-05,0.033032599836587906,0.12529000639915466,4.203859862172976e-05,t17_f5_c3,ZTF20abxyayj
2460663.6758912,2,2909175894015,19.72439956665039,/ztf/archive/sci/2024/1219/175891/ztf_20241219175891_000251_zr_c11_o_q1_scimrefdiffimg.fits.fz,Prince,3,2.909175894015015e+18,1,4.0,2909,40,251,874.5360107421875,2306.659912109375,45.1985758,-23.0511288,18.659299850463867,0.1365489959716797,2.351799964904785,19.033000946044922,0.16130000352859497,0.26962199807167053,18.13599967956543,0.032999999821186066,2.927000045776367,0.1469999998807907,0.07520700246095657,0.3736549913883209,3.130000114440918,0.9850000143051147,773.8410034179688,0.6913610100746155,1.0413000583648682,0.8130000233650208,0.7480000257492065,0.25974398851394653,0.23897799849510193,1.086899995803833,1.0,0.0,0.9114289879798889,1.0,18.9242000579834,0.1859000027179718,45.1986134,-23.0511963,15.5059,26.340299606323242,3.095150168519467e-05,0.03401140123605728,0.13484999537467957,4.429099863045849e-05,t17_f5_c3,ZTF20abxyayj
2460663.6763657,2,2909176364015,19.81049919128418,/ztf/archive/sci/2024/1219/176366/ztf_20241219176366_000251_zr_c11_o_q1_scimrefdiffimg.fits.fz,Prince,3,,,,2909,40,251,,,,,,,,,,,,,,,,,,,,,,,,,,,,,,,,,,,,26.35070037841797,3.998889951617457e-05,0.03870819881558418,0.1368730068206787,5.699769826605916e-05,t17_f5_c3,ZTF20abxyayj
2460663.6768403,2,2909176844015,19.85449981689453,/ztf/archive/sci/2024/1219/176829/ztf_20241219176829_000251_zr_c11_o_q1_scimrefdiffimg.fits.fz,Prince,3,2.909176844015015e+18,1,6.0,2909,40,251,875.2210083007812,2307.139892578125,45.1985687,-23.0512019,18.641399383544922,0.08068999648094177,1.5495599508285522,18.695600509643555,0.11559999734163284,0.14767499268054962,18.13599967956543,0.032999999821186066,2.927000045776367,0.1469999998807907,-0.4635219871997833,0.05421299859881401,2.5299999713897705,0.9760000109672546,773.3619995117188,1.1589000225067139,1.1727800369262695,0.843999981880188,0.7820000052452087,0.33359700441360474,0.3090910017490387,1.0792800188064575,1.0,0.0,0.9599999785423279,1.0,18.74449920654297,0.15389999747276306,45.1986134,-23.0511963,12.1297,26.34040069580078,2.7385900466470048e-05,0.031855300068855286,0.13199399411678314,3.8943700928939506e-05,t17_f5_c3,ZTF20abxyayj
2460663.6777778,2,2909177774015,19.81439971923828,/ztf/archive/sci/2024/1219/177766/ztf_20241219177766_000251_zr_c11_o_q1_scimrefdiffimg.fits.fz,Prince,3,2.909177774015015e+18,1,7.0,2909,40,251,874.8469848632812,2307.4599609375,45.1986153,-23.0512032,18.69610023498535,0.09312500059604645,1.587499976158142,18.787399291992188,0.1265999972820282,0.025276999920606613,18.13599967956543,0.032999999821186066,2.927000045776367,0.1469999998807907,0.30020400881767273,0.09134899824857712,2.8399999141693115,0.9810000061988831,773.0430297851562,1.0270299911499023,1.077239990234375,0.925000011920929,0.859000027179718,0.32570400834083557,0.3024649918079376,1.0768300294876099,1.0,0.0,0.9642860293388367,1.0,18.750499725341797,0.15559999644756317,45.1986134,-23.0511963,14.8852,26.34709930419922,2.3936599973239936e-05,0.02986769936978817,0.12851600348949432,3.437210034462623e-05,t17_f5_c3,ZTF20abxyayj
2460663.6773032,2,2909177304015,19.769899368286133,/ztf/archive/sci/2024/1219/177303/ztf_20241219177303_000251_zr_c11_o_q1_scimrefdiffimg.fits.fz,Prince,3,2.909177304015015e+18,1,5.0,2909,40,251,875.2119750976562,2306.820068359375,45.1985747,-23.0511366,18.752300262451172,0.08539500087499619,1.3703399896621704,18.778499603271484,0.12759999930858612,0.2469870001077652,18.13599967956543,0.032999999821186066,2.927000045776367,0.1469999998807907,-0.13458600640296936,0.026242999359965324,2.8499999046325684,0.9779999852180481,773.6820068359375,0.9914230108261108,1.0992300510406494,1.0089999437332153,0.9580000042915344,0.35403499007225037,0.3361400067806244,1.0532399415969849,1.0,0.0,0.9571430087089539,1.0,18.66469955444336,0.14640000462532043,45.1986134,-23.0511963,11.0238,26.337299346923828,2.6461799279786646e-05,0.031560998409986496,0.13308300077915192,3.789610127569176e-05,t17_f5_c3,ZTF20abxyayj
2460663.6782523,2,2909178254015,19.87030029296875,/ztf/archive/sci/2024/1219/178241/ztf_20241219178241_000251_zr_c11_o_q1_scimrefdiffimg.fits.fz,Prince,3,2.909178254015015e+18,1,7.0,2909,40,251,875.3200073242188,2307.389892578125,45.1985647,-23.0511945,18.66699981689453,0.09112899750471115,1.9959100484848022,18.91390037536621,0.14069999754428864,0.1594409942626953,18.13599967956543,0.032999999821186066,2.927000045776367,0.1469999998807907,0.11044800281524658,0.24692599475383759,2.6600000858306885,0.9800000190734863,773.1129760742188,0.9564399719238281,1.1025899648666382,0.8259999752044678,0.7480000257492065,0.3105260133743286,0.2812030017375946,1.1042799949645996,2.0,0.0,0.9528570175170898,1.0,18.95599937438965,0.18619999289512634,45.1986134,-23.0511963,15.5917,26.343000411987305,2.473170025041327e-05,0.030508199706673622,0.12667900323867798,3.5638899134937674e-05,t17_f5_c3,ZTF20abxyayj
2460663.6787269,2,2909178724015,19.88170051574707,/ztf/archive/sci/2024/1219/178715/ztf_20241219178715_000251_zr_c11_o_q1_scimrefdiffimg.fits.fz,Prince,3,2.909178724015015e+18,1,22.0,2909,40,251,875.4840087890625,2307.080078125,45.1986035,-23.0511774,18.738800048828125,0.09642499685287476,1.8351000547409058,18.668800354003906,0.11240000277757645,0.07464800029993057,18.13599967956543,0.032999999821186066,2.927000045776367,0.1469999998807907,-0.04566900059580803,-0.07004600018262863,2.619999885559082,0.9629999995231628,773.4180297851562,1.2128900289535522,1.1086900234222412,0.8040000200271606,0.7649999856948853,0.3068700134754181,0.29198500514030457,1.0509799718856812,1.0,0.0,0.9642860293388367,1.0,18.54439926147461,0.12759999930858612,45.1986134,-23.0511963,13.3532,26.3518009185791,2.5004199414979666e-05,0.030559800565242767,0.12967999279499054,3.57015996996779e-05,t17_f5_c3,ZTF20abxyayj
2460663.6791898,2,2909179184015,19.759300231933594,/ztf/archive/sci/2024/1219/179190/ztf_20241219179190_000251_zr_c11_o_q1_scimrefdiffimg.fits.fz,Prince,3,2.909179184015015e+18,1,7.0,2909,40,251,875.8140258789062,2306.97998046875,45.1985639,-23.0511668,18.67609977722168,0.10018199682235718,1.6052099466323853,18.528099060058594,0.10100000351667404,0.19293400645256042,18.13599967956543,0.032999999821186066,2.927000045776367,0.1469999998807907,-0.4273329973220825,-0.14797300100326538,3.069999933242798,0.9829999804496765,773.5180053710938,1.2311500310897827,1.0348000526428223,1.0850000381469727,1.0069999694824219,0.3534199893474579,0.32801300287246704,1.0774600505828857,0.0,0.0,0.9242860078811646,1.0,18.485200881958008,0.12359999865293503,45.1986134,-23.0511963,13.7543,26.35409927368164,2.6994599465979263e-05,0.03188459947705269,0.13025100529193878,3.8554699131054804e-05,t17_f5_c3,ZTF20abxyayj
2460663.6796644,2,2909179664015,19.720500946044922,/ztf/archive/sci/2024/1219/179664/ztf_20241219179664_000251_zr_c11_o_q1_scimrefdiffimg.fits.fz,Prince,3,2.909179664015015e+18,1,10.0,2909,40,251,875.4580078125,2307.110107421875,45.1985593,-23.0512266,18.596099853515625,0.11287099868059158,1.8341200351715088,18.703500747680664,0.12099999934434891,0.20729300379753113,18.13599967956543,0.032999999821186066,2.927000045776367,0.1469999998807907,-0.11790700256824493,0.10736200213432312,2.690000057220459,0.9810000061988831,773.3870239257812,1.0169999599456787,1.1985900402069092,0.9480000138282776,0.8529999852180481,0.3524160087108612,0.31709998846054077,1.1113699674606323,0.0,0.0,0.949999988079071,1.0,18.700599670410156,0.15360000729560852,45.1986134,-23.0511963,13.5592,26.339099884033203,2.7299500288791023e-05,0.03223390132188797,0.1398250013589859,3.9146598282968625e-05,t17_f5_c3,ZTF20abxyayj
2460663.6801389,2,2909180134015,19.78219985961914,/ztf/archive/sci/2024/1219/180127/ztf_20241219180127_000251_zr_c11_o_q1_scimrefdiffimg.fits.fz,Prince,3,2.909180134015015e+18,1,3.0,2909,40,251,875.4140014648438,2306.64990234375,45.1985864,-23.0511154,18.853500366210938,0.12147899717092514,1.6141999959945679,18.590900421142578,0.10779999941587448,0.30055201053619385,18.13599967956543,0.032999999821186066,2.927000045776367,0.1469999998807907,-0.6083790063858032,-0.2626059949398041,3.0899999141693115,0.9779999852180481,773.85400390625,1.1913100481033325,0.9980689883232117,1.149999976158142,1.0210000276565552,0.37216800451278687,0.33042100071907043,1.1263500452041626,1.0,0.0,0.86142897605896,1.0,18.636499404907227,0.14309999346733093,45.1986134,-23.0511963,13.2504,26.352500915527344,2.7060699721914716e-05,0.03198400139808655,0.12625600397586823,3.91233988921158e-05,t17_f5_c3,ZTF20abxyayj
2460663.6806019,2,2909180604015,19.8356990814209,/ztf/archive/sci/2024/1219/180602/ztf_20241219180602_000251_zr_c11_o_q1_scimrefdiffimg.fits.fz,Prince,3,2.909180604015015e+18,1,2.0,2909,40,251,876.2160034179688,2307.360107421875,45.1985615,-23.0512467,18.755199432373047,0.10326100140810013,1.1258200407028198,18.9596004486084,0.1492999941110611,0.2467470020055771,18.13599967956543,0.032999999821186066,2.927000045776367,0.1469999998807907,-0.3149609863758087,0.20438000559806824,2.369999885559082,0.9819999933242798,773.1380004882812,0.8761019706726074,1.25285005569458,0.8519999980926514,0.8230000138282776,0.35949400067329407,0.34725698828697205,1.0352400541305542,1.0,0.0,0.9542859792709351,1.0,18.966400146484375,0.1914999932050705,45.1986134,-23.0511963,11.5968,26.350200653076172,2.3251399397850037e-05,0.029481900855898857,0.13495400547981262,3.2930998713709414e-05,t17_f5_c3,ZTF20abxyayj
2460663.6810764,2,2909181074015,19.815099716186523,/ztf/archive/sci/2024/1219/181076/ztf_20241219181076_000251_zr_c11_o_q1_scimrefdiffimg.fits.fz,Prince,3,2.909181074015015e+18,1,8.0,2909,40,251,876.2750244140625,2307.610107421875,45.1985632,-23.0512234,18.74679946899414,0.10381899774074554,2.0002999305725098,18.74049949645996,0.12309999763965607,0.1903579980134964,18.13599967956543,0.032999999821186066,2.927000045776367,0.1469999998807907,-0.194923996925354,-0.0063149998895823956,2.859999895095825,0.9900000095367432,772.8900146484375,1.074620008468628,1.0507700443267822,0.9980000257492065,0.8510000109672546,0.3489510118961334,0.2975519895553589,1.1727399826049805,3.0,0.0,0.942857027053833,1.0,18.662700653076172,0.1459999978542328,45.1986134,-23.0511963,13.2187,26.343799591064453,2.7514399334904738e-05,0.032093800604343414,0.1354999989271164,3.945489879697561e-05,t17_f5_c3,ZTF20abxyayj
2460663.6815509,2,2909181554015,19.80299949645996,/ztf/archive/sci/2024/1219/181539/ztf_20241219181539_000251_zr_c11_o_q1_scimrefdiffimg.fits.fz,Prince,3,2.909181554015015e+18,1,4.0,2909,40,251,876.1090087890625,2307.35009765625,45.1985522,-23.0512204,18.67770004272461,0.09325099736452103,1.1090999841690063,18.62299919128418,0.11079999804496765,0.21785899996757507,18.13599967956543,0.032999999821186066,2.927000045776367,0.1469999998807907,-0.060329001396894455,-0.054740000516176224,2.8399999141693115,0.9819999933242798,773.1480102539062,1.1800400018692017,1.0684800148010254,0.9570000171661377,0.8270000219345093,0.3369719982147217,0.2911970019340515,1.157189965248108,1.0,0.0,0.949999988079071,1.0,18.71809959411621,0.15379999577999115,45.1986134,-23.0511963,12.3858,26.352699279785156,2.7784799385699444e-05,0.03211139887571335,0.1292549967765808,3.94907001464162e-05,t17_f5_c3,ZTF20abxyayj
2460663.6820139,2,2909182014015,19.810100555419922,/ztf/archive/sci/2024/1219/182014/ztf_20241219182014_000251_zr_c11_o_q1_scimrefdiffimg.fits.fz,Prince,3,2.909182014015015e+18,1,10.0,2909,40,251,876.114990234375,2307.340087890625,45.198579,-23.051128,18.809200286865234,0.1107499971985817,1.5538699626922607,18.722999572753906,0.12139999866485596,0.2673740088939667,18.13599967956543,0.032999999821186066,2.927000045776367,0.1469999998807907,0.20693400502204895,-0.08623799681663513,2.6700000762939453,0.9789999723434448,773.1580200195312,1.087090015411377,1.1286900043487549,0.9309999942779541,0.8730000257492065,0.3486889898777008,0.32696598768234253,1.0664399862289429,1.0,0.0,0.9728569984436035,1.0,18.586700439453125,0.1363999992609024,45.1986134,-23.0511963,11.4701,26.35420036315918,2.682659942365717e-05,0.031589798629283905,0.12577299773693085,3.816690150415525e-05,t17_f5_c3,ZTF20abxyayj
2460663.6824884,2,2909182484015,19.722999572753906,/ztf/archive/sci/2024/1219/182477/ztf_20241219182477_000251_zr_c11_o_q1_scimrefdiffimg.fits.fz,Prince,3,2.909182484015015e+18,1,1.0,2909,40,251,876.7579956054688,2307.3798828125,45.1985491,-23.0512314,18.74169921875,0.10794399678707123,1.1419899463653564,18.547100067138672,0.10639999806880951,0.24465499818325043,18.13599967956543,0.032999999821186066,2.927000045776367,0.1469999998807907,-0.8571730256080627,-0.1945990025997162,2.869999885559082,0.9869999885559082,773.1240234375,1.1759400367736816,1.1027499437332153,1.1100000143051147,0.9629999995231628,0.38675999641418457,0.3355399966239929,1.152649998664856,1.0,0.0,0.9042860269546509,1.0,18.55340003967285,0.1362999975681305,45.1986134,-23.0511963,16.0349,26.34269905090332,2.8529000701382756e-05,0.03265960142016411,0.13724899291992188,4.068019916303456e-05,t17_f5_c3,ZTF20abxyayj
2460663.682963,2,2909182964015,19.77039909362793,/ztf/archive/sci/2024/1219/182951/ztf_20241219182951_000251_zr_c11_o_q1_scimrefdiffimg.fits.fz,Prince,3,2.909182964015015e+18,1,4.0,2909,40,251,876.5390014648438,2307.3798828125,45.1985972,-23.05116,18.840499877929688,0.12907199561595917,1.8327399492263794,18.83209991455078,0.13779999315738678,0.13958300650119781,18.13599967956543,0.032999999821186066,2.927000045776367,0.1469999998807907,-0.2350350022315979,-0.008441000245511532,2.7799999713897705,0.9710000157356262,773.125,0.9382749795913696,1.0922900438308716,0.9649999737739563,0.859000027179718,0.3471220135688782,0.30899301171302795,1.1233999729156494,3.0,0.0,0.9557139873504639,0.973954975605011,18.787500381469727,0.16859999299049377,45.1986134,-23.0511963,15.6812,26.344499588012695,2.7494699679664336e-05,0.031870100647211075,0.13670699298381805,3.9391499740304425e-05,t17_f5_c3,ZTF20abxyayj
2460663.6834259,2,2909183424015,19.879899978637695,/ztf/archive/sci/2024/1219/183426/ztf_20241219183426_000251_zr_c11_o_q1_scimrefdiffimg.fits.fz,Prince,3,2.909183424015015e+18,1,7.0,2909,40,251,876.094970703125,2307.340087890625,45.198571,-23.0511351,18.56209945678711,0.09329299628734589,1.6030399799346924,18.559799194335938,0.10289999842643738,0.2577979862689972,18.13599967956543,0.032999999821186066,2.927000045776367,0.1469999998807907,-0.08118899911642075,-0.0022730000782757998,2.2699999809265137,0.9819999933242798,773.1589965820312,1.32014000415802,1.2680799961090088,0.847000002861023,0.8090000152587891,0.3731279969215393,0.35638800263404846,1.046970009803772,2.0,0.0,0.9571430087089539,1.0,18.44499969482422,0.11779999732971191,45.1986134,-23.0511963,13.5076,26.357099533081055,2.101800055243075e-05,0.027998199686408043,0.1307149976491928,3.0031500500626862e-05,t17_f5_c3,ZTF20abxyayj
2460663.6839005,2,2909183904015,19.721799850463867,/ztf/archive/sci/2024/1219/183889/ztf_20241219183889_000251_zr_c11_o_q1_scimrefdiffimg.fits.fz,Prince,3,2.909183904015015e+18,1,8.0,2909,40,251,876.4149780273438,2307.43994140625,45.1985753,-23.0511579,18.773099899291992,0.12064199894666672,2.0497000217437744,18.644100189208984,0.11760000139474869,0.1846970021724701,18.13599967956543,0.032999999821186066,2.927000045776367,0.1469999998807907,0.17477299273014069,-0.12903299927711487,2.7300000190734863,0.9800000190734863,773.0650024414062,1.0777100324630737,1.1482800245285034,1.0859999656677246,0.9769999980926514,0.3978019952774048,0.3578749895095825,1.1115700006484985,0.0,0.0,0.9357140064239502,1.0,18.700300216674805,0.15760000050067902,45.1986134,-23.0511963,15.0543,26.35110092163086,2.3008800781099126e-05,0.029363099485635757,0.12804199755191803,3.3003700082190335e-05,t17_f5_c3,ZTF20abxyayj
2460663.6843634,2,2909184364015,19.786399841308594,/ztf/archive/sci/2024/1219/184363/ztf_20241219184363_000251_zr_c11_o_q1_scimrefdiffimg.fits.fz,Prince,3,2.909184364015015e+18,1,8.0,2909,40,251,876.8660278320312,2307.659912109375,45.1986056,-23.0512151,18.639400482177734,0.0952949970960617,1.4619200229644775,18.84630012512207,0.1386999934911728,0.07158400118350983,18.13599967956543,0.032999999821186066,2.927000045776367,0.1469999998807907,0.4529770016670227,0.20691600441932678,2.4200000762939453,0.9779999852180481,772.8369750976562,0.9401010274887085,1.2452900409698486,0.8389999866485596,0.8259999752044678,0.3466939926147461,0.34132200479507446,1.0157400369644165,0.0,0.0,0.9657139778137207,1.0,18.92919921875,0.1906999945640564,45.1986134,-23.0511963,14.913,26.352399826049805,2.418730036879424e-05,0.030031200498342514,0.13080300390720367,3.4651799069251865e-05,t17_f5_c3,ZTF20abxyayj
2460663.684838,2,2909184834015,19.78820037841797,/ztf/archive/sci/2024/1219/184838/ztf_20241219184838_000251_zr_c11_o_q1_scimrefdiffimg.fits.fz,Prince,3,2.909184834015015e+18,1,11.0,2909,40,251,876.8569946289062,2307.590087890625,45.1985437,-23.0511736,18.675199508666992,0.09948299825191498,1.8801900148391724,18.541200637817383,0.10570000112056732,0.24167299270629883,18.13599967956543,0.032999999821186066,2.927000045776367,0.1469999998807907,-0.1675799936056137,-0.1340000033378601,2.6700000762939453,0.9779999852180481,772.9119873046875,1.2469899654388428,1.1200200319290161,1.0180000066757202,0.8309999704360962,0.3812730014324188,0.3112359941005707,1.2250299453735352,0.0,0.0,0.9114289879798889,1.0,18.396400451660156,0.11779999732971191,45.1986134,-23.0511963,16.6696,26.345199584960938,2.346809924347326e-05,0.029506899416446686,0.13346999883651733,3.339759859954938e-05,t17_f5_c3,ZTF20abxyayj
2460663.6853125,2,2909185314015,19.80699920654297,/ztf/archive/sci/2024/1219/185313/ztf_20241219185313_000251_zr_c11_o_q1_scimrefdiffimg.fits.fz,Prince,3,2.909185314015015e+18,1,9.0,2909,40,251,876.7119750976562,2307.570068359375,45.198554,-23.0511594,18.722999572753906,0.11113999783992767,1.9082900285720825,18.834999084472656,0.13850000500679016,0.24045099318027496,18.13599967956543,0.032999999821186066,2.927000045776367,0.1469999998807907,0.4329890012741089,0.11197199672460556,2.2699999809265137,0.9769999980926514,772.9340209960938,0.9720249772071838,1.290120005607605,0.8510000109672546,0.753000020980835,0.374889999628067,0.33171799778938293,1.1301499605178833,1.0,0.0,0.9571430087089539,1.0,18.709800720214844,0.1573999971151352,45.1986134,-23.0511963,17.2629,26.341999053955078,2.7400399631005712e-05,0.03194649890065193,0.13120600581169128,3.8972499169176444e-05,t17_f5_c3,ZTF20abxyayj
2460663.68625,2,2909186244015,19.855300903320312,/ztf/archive/sci/2024/1219/186250/ztf_20241219186250_000251_zr_c11_o_q1_scimrefdiffimg.fits.fz,Prince,3,2.909186244015015e+18,1,5.0,2909,40,251,877.18701171875,2307.830078125,45.198579,-23.0511384,18.79840087890625,0.09756399691104889,1.4666600227355957,18.7544002532959,0.1264999955892563,0.23445899784564972,18.13599967956543,0.032999999821186066,2.927000045776367,0.1469999998807907,-0.922357976436615,-0.04400800168514252,2.4100000858306885,0.9739999771118164,772.6740112304688,1.1008599996566772,1.1843600273132324,0.8550000190734863,0.7329999804496765,0.35477200150489807,0.30414900183677673,1.1664400100708008,3.0,0.0,0.947143018245697,1.0,18.698400497436523,0.15299999713897705,45.1986134,-23.0511963,9.08985,26.343399047851562,2.2551899746758863e-05,0.028949599713087082,0.1317729949951172,3.224920146749355e-05,t17_f5_c3,ZTF20abxyayj
2460663.685787,2,2909185784015,19.793699264526367,/ztf/archive/sci/2024/1219/185775/ztf_20241219185775_000251_zr_c11_o_q1_scimrefdiffimg.fits.fz,Prince,3,2.909185784015015e+18,1,10.0,2909,40,251,876.60498046875,2307.4599609375,45.1985767,-23.051121,18.799400329589844,0.11503300070762634,2.137589931488037,18.825700759887695,0.1363999992609024,0.293285995721817,18.13599967956543,0.032999999821186066,2.927000045776367,0.1469999998807907,-0.20777800679206848,0.02633499912917614,2.4600000381469727,0.9789999723434448,773.0380249023438,0.9679549932479858,1.2130600214004517,1.0199999809265137,0.8849999904632568,0.41463398933410645,0.3597559928894043,1.1525399684906006,2.0,0.0,0.9371430277824402,0.9939720034599304,18.68670082092285,0.15309999883174896,45.1986134,-23.0511963,15.7164,26.358400344848633,2.09479003387969e-05,0.027931999415159225,0.13038599491119385,2.9858299967600033e-05,t17_f5_c3,ZTF20abxyayj
2460663.6867245,2,2909186724015,19.74799919128418,/ztf/archive/sci/2024/1219/186713/ztf_20241219186713_000251_zr_c11_o_q1_scimrefdiffimg.fits.fz,Prince,3,2.909186724015015e+18,1,4.0,2909,40,251,877.2890014648438,2307.9599609375,45.1986109,-23.0512106,18.767499923706055,0.12119700014591217,2.271239995956421,18.83799934387207,0.1404000073671341,0.05159800127148628,18.13599967956543,0.032999999821186066,2.927000045776367,0.1469999998807907,0.1612509936094284,0.07050599902868271,2.559999942779541,0.9549999833106995,772.541015625,0.909991979598999,1.1942499876022339,0.7879999876022339,0.6679999828338623,0.30781200528144836,0.26093700528144836,1.1796400547027588,5.0,0.0,0.9271429777145386,0.94343501329422,18.731300354003906,0.1623000055551529,45.1986134,-23.0511963,11.9251,26.35449981689453,2.7556499844649807e-05,0.03202569857239723,0.12180399894714355,3.940090027754195e-05,t17_f5_c3,ZTF20abxyayj
2460663.6871875,2,2909187184015,19.788700103759766,/ztf/archive/sci/2024/1219/187188/ztf_20241219187188_000251_zr_c11_o_q1_scimrefdiffimg.fits.fz,Prince,3,2.909187184015015e+18,1,4.0,2909,40,251,877.1690063476562,2307.919921875,45.1985644,-23.0511762,18.630800247192383,0.07847300171852112,1.4321600198745728,18.804399490356445,0.13510000705718994,0.17544199526309967,18.13599967956543,0.032999999821186066,2.927000045776367,0.1469999998807907,-0.3011299967765808,0.17356300354003906,2.4800000190734863,0.9779999852180481,772.583984375,0.9842879772186279,1.198140025138855,0.8309999704360962,0.7680000066757202,0.3350810110569,0.30967700481414795,1.0820300579071045,2.0,0.0,0.9599999785423279,1.0,18.659400939941406,0.15070000290870667,45.1986134,-23.0511963,11.1477,26.346799850463867,2.283990033902228e-05,0.029263099655508995,0.13805699348449707,3.275529888924211e-05,t17_f5_c3,ZTF20abxyayj
2460663.687662,2,2909187664015,19.732200622558594,/ztf/archive/sci/2024/1219/187662/ztf_20241219187662_000251_zr_c11_o_q1_scimrefdiffimg.fits.fz,Prince,3,2.909187664015015e+18,1,4.0,2909,40,251,877.1530151367188,2307.68994140625,45.1985628,-23.051167,18.68670082092285,0.08462099730968475,1.6335300207138062,18.755399703979492,0.13269999623298645,0.19549399614334106,18.13599967956543,0.032999999821186066,2.927000045776367,0.1469999998807907,0.4266520142555237,0.06871700286865234,2.7100000381469727,0.9769999980926514,772.8140258789062,0.9767670035362244,1.122040033340454,0.9169999957084656,0.8199999928474426,0.338375985622406,0.3025830090045929,1.1182899475097656,2.0,0.0,0.9585710167884827,1.0,18.646900177001953,0.15320000052452087,45.1986134,-23.0511963,11.1505,26.341699600219727,3.0163400879246183e-05,0.03352060168981552,0.13621999323368073,4.326739872340113e-05,t17_f5_c3,ZTF20abxyayj
2460663.6881366,2,2909188134015,19.76759910583496,/ztf/archive/sci/2024/1219/188125/ztf_20241219188125_000251_zr_c11_o_q1_scimrefdiffimg.fits.fz,Prince,3,2.909188134015015e+18,1,8.0,2909,40,251,877.3800048828125,2307.800048828125,45.1985952,-23.0511957,18.695999145507812,0.09550199657678604,2.226300001144409,18.65369987487793,0.11869999766349792,0.059516001492738724,18.13599967956543,0.032999999821186066,2.927000045776367,0.1469999998807907,-0.47231701016426086,-0.04226100072264671,3.559999942779541,0.9589999914169312,772.7000122070312,1.1138800382614136,0.8429780006408691,0.8040000200271606,0.7360000014305115,0.22584299743175507,0.20674200356006622,1.0923899412155151,4.0,0.0,0.9414290189743042,0.9784629940986633,18.63599967956543,0.14869999885559082,45.1986134,-23.0511963,13.8589,26.35099983215332,2.2681400878354907e-05,0.02920049987733364,0.13082300126552582,3.251410089433193e-05,t17_f5_c3,ZTF20abxyayj
2460663.6885995,2,2909188594015,19.75029945373535,/ztf/archive/sci/2024/1219/188600/ztf_20241219188600_000251_zr_c11_o_q1_scimrefdiffimg.fits.fz,Prince,3,2.909188594015015e+18,1,14.0,2909,40,251,877.8489990234375,2307.7099609375,45.1985512,-23.0511628,18.79050064086914,0.10035199671983719,1.586959958076477,18.72719955444336,0.1289999932050705,0.23566299676895142,18.13599967956543,0.032999999821186066,2.927000045776367,0.1469999998807907,0.11297199875116348,-0.06327500194311142,2.109999895095825,0.9760000109672546,772.7860107421875,1.023069977760315,1.421280026435852,0.9919999837875366,0.8870000243186951,0.4701420068740845,0.42037901282310486,1.1183799505233765,1.0,0.0,0.947143018245697,1.0,18.821699142456055,0.179299995303154,45.1986134,-23.0511963,13.6646,26.346500396728516,2.6616500690579414e-05,0.0315140001475811,0.1318259984254837,3.8167698221514e-05,t17_f5_c3,ZTF20abxyayj
2460663.6890741,2,2909189074015,19.79450035095215,/ztf/archive/sci/2024/1219/189074/ztf_20241219189074_000251_zr_c11_o_q1_scimrefdiffimg.fits.fz,Prince,3,2.909189074015015e+18,1,9.0,2909,40,251,877.3880004882812,2307.85009765625,45.1986149,-23.0511927,18.647199630737305,0.09266000241041183,1.903689980506897,18.694900512695312,0.12380000203847885,0.013914999552071095,18.13599967956543,0.032999999821186066,2.927000045776367,0.1469999998807907,-0.025537999346852303,0.04764999821782112,2.380000114440918,0.9940000176429749,772.655029296875,1.0995700359344482,1.2250399589538574,0.8240000009536743,0.7630000114440918,0.3462179899215698,0.32058799266815186,1.079949975013733,2.0,0.0,0.9542859792709351,1.0,18.596399307250977,0.14409999549388885,45.1986134,-23.0511963,15.1609,26.356199264526367,2.553950071160216e-05,0.030834700912237167,0.1263750046491623,3.648690108093433e-05,t17_f5_c3,ZTF20abxyayj
2460663.6895486,2,2909189544015,19.775699615478516,/ztf/archive/sci/2024/1219/189537/ztf_20241219189537_000251_zr_c11_o_q1_scimrefdiffimg.fits.fz,Prince,3,2.909189544015015e+18,1,6.0,2909,40,251,877.6069946289062,2307.639892578125,45.1985986,-23.0511747,18.72260093688965,0.11189500242471695,1.8223700523376465,18.923799514770508,0.1525000035762787,0.09067700058221817,18.13599967956543,0.032999999821186066,2.927000045776367,0.1469999998807907,0.2190299928188324,0.20115500688552856,2.880000114440918,0.9800000190734863,772.8629760742188,0.8519300222396851,1.0302599668502808,0.8090000152587891,0.7789999842643738,0.28090301156044006,0.2704859972000122,1.0385099649429321,2.0,0.0,0.9557139873504639,0.9877049922943115,18.91629981994629,0.1931000053882599,45.1986134,-23.0511963,16.6828,26.360599517822266,2.4554199626436457e-05,0.030216699466109276,0.12637700140476227,3.514789932523854e-05,t17_f5_c3,ZTF20abxyayj
2460663.6900231,2,2909190024015,19.804000854492188,/ztf/archive/sci/2024/1219/190012/ztf_20241219190012_000251_zr_c11_o_q1_scimrefdiffimg.fits.fz,Prince,3,2.909190024015015e+18,1,7.0,2909,40,251,878.22900390625,2308.4599609375,45.1985885,-23.0513171,18.7677001953125,0.09541100263595581,1.415310025215149,18.49489974975586,0.10239999741315842,0.4369780123233795,18.13599967956543,0.032999999821186066,2.927000045776367,0.1469999998807907,-0.11527799814939499,-0.2728230059146881,2.690000057220459,0.9769999980926514,772.0440063476562,1.309059977531433,1.0814499855041504,1.0230000019073486,0.9589999914169312,0.3802970051765442,0.35650599002838135,1.0667400360107422,1.0,0.0,0.9042860269546509,1.0,18.321300506591797,0.11129999905824661,45.1986134,-23.0511963,12.2132,26.349700927734375,2.4629900508443825e-05,0.03038709983229637,0.13274399936199188,3.5366301744943485e-05,t17_f5_c3,ZTF20abxyayj
2460663.6904861,2,2909190484015,19.836000442504883,/ztf/archive/sci/2024/1219/190486/ztf_20241219190486_000251_zr_c11_o_q1_scimrefdiffimg.fits.fz,Prince,3,2.909190484015015e+18,1,4.0,2909,40,251,877.9840087890625,2308.3798828125,45.1986051,-23.0512567,18.76259994506836,0.09213300049304962,1.160889983177185,18.98200035095215,0.1589999943971634,0.21616600453853607,18.13599967956543,0.032999999821186066,2.927000045776367,0.1469999998807907,0.5066159963607788,0.21942099928855896,2.7100000381469727,0.972000002861023,772.1199951171875,0.8540289998054504,1.0483399629592896,0.8429999947547913,0.7630000114440918,0.3110699951648712,0.28154999017715454,1.1048500537872314,2.0,0.0,0.9528570175170898,1.0,18.889299392700195,0.18629999458789825,45.1986134,-23.0511963,11.2578,26.346599578857422,2.4009599655983038e-05,0.03011149913072586,0.13261699676513672,3.463200118858367e-05,t17_f5_c3,ZTF20abxyayj
2460663.6909606,2,2909190964015,19.81060028076172,/ztf/archive/sci/2024/1219/190949/ztf_20241219190949_000251_zr_c11_o_q1_scimrefdiffimg.fits.fz,Prince,3,2.909190964015015e+18,1,6.0,2909,40,251,877.6179809570312,2307.909912109375,45.1986064,-23.0511487,18.698699951171875,0.0977260023355484,1.7101199626922607,18.857799530029297,0.14429999887943268,0.1706089973449707,18.13599967956543,0.032999999821186066,2.927000045776367,0.1469999998807907,-0.29244500398635864,0.15908199548721313,2.759999990463257,0.9769999980926514,772.5869750976562,0.9528489708900452,1.035770058631897,0.8259999752044678,0.753000020980835,0.2992750108242035,0.2728259861469269,1.0969500541687012,0.0,0.0,0.9585710167884827,1.0,18.80270004272461,0.17489999532699585,45.1986134,-23.0511963,12.394,26.33970069885254,3.117460073553957e-05,0.03382769972085953,0.13674800097942352,4.4564101699506864e-05,t17_f5_c3,ZTF20abxyayj
2460663.6914236,2,2909191424015,19.784700393676758,/ztf/archive/sci/2024/1219/191424/ztf_20241219191424_000251_zr_c11_o_q1_scimrefdiffimg.fits.fz,Prince,3,2.909191424015015e+18,1,7.0,2909,40,251,878.0830078125,2308.22998046875,45.1985912,-23.0512093,18.616500854492188,0.08797299861907959,1.1412299871444702,18.597400665283203,0.11299999803304672,0.08631599694490433,18.13599967956543,0.032999999821186066,2.927000045776367,0.1469999998807907,-0.39362600445747375,-0.01911100000143051,3.1600000858306885,0.9789999723434448,772.2730102539062,1.1872899532318115,0.9322080016136169,0.878000020980835,0.8320000171661377,0.2778480052947998,0.26329100131988525,1.0552899837493896,1.0,0.0,0.9528570175170898,1.0,18.491100311279297,0.1306000053882599,45.1986134,-23.0511963,12.49,26.352500915527344,2.853559999493882e-05,0.03246510028839111,0.12317799776792526,4.068850103067234e-05,t17_f5_c3,ZTF20abxyayj
2460663.6923727,2,2909192374015,19.8164005279541,/ztf/archive/sci/2024/1219/192361/ztf_20241219192361_000251_zr_c11_o_q1_scimrefdiffimg.fits.fz,Prince,3,2.909192374015015e+18,1,4.0,2909,40,251,878.2119750976562,2308.0400390625,45.1985495,-23.0511575,18.685300827026367,0.09040600061416626,1.0872299671173096,18.66900062561035,0.12189999967813492,0.25024500489234924,18.13599967956543,0.032999999821186066,2.927000045776367,0.1469999998807907,-0.18129099905490875,-0.016284000128507614,2.2699999809265137,0.9739999771118164,772.4619750976562,1.1473699808120728,1.2486000061035156,0.8569999933242798,0.8009999990463257,0.3775329887866974,0.35286301374435425,1.0699100494384766,0.0,0.0,0.9585710167884827,1.0,18.778400421142578,0.17159999907016754,45.1986134,-23.0511963,9.13983,26.34630012512207,2.4008100808714516e-05,0.029832299798727036,0.13635900616645813,3.435039980104193e-05,t17_f5_c3,ZTF20abxyayj
2460663.6918981,2,2909191894015,19.843399047851562,/ztf/archive/sci/2024/1219/191898/ztf_20241219191898_000251_zr_c11_o_q1_scimrefdiffimg.fits.fz,Prince,3,2.909191894015015e+18,1,6.0,2909,40,251,878.3419799804688,2307.93994140625,45.1985869,-23.0511585,18.73040008544922,0.09759200364351273,2.2533199787139893,19.005800247192383,0.16369999945163727,0.1599320024251938,18.13599967956543,0.032999999821186066,2.927000045776367,0.1469999998807907,-0.13034699857234955,0.27542200684547424,2.2699999809265137,0.972000002861023,772.5599975585938,0.8376049995422363,1.2337900400161743,0.7269999980926514,0.6499999761581421,0.3202640116214752,0.2863439917564392,1.1184600591659546,2.0,0.0,0.9442859888076782,1.0,18.918500900268555,0.19269999861717224,45.1986134,-23.0511963,10.284,26.348400115966797,2.7618300009635277e-05,0.03206140175461769,0.1304430067539215,3.9530699723400176e-05,t17_f5_c3,ZTF20abxyayj
2460663.6928356,2,2909192834015,19.818300247192383,/ztf/archive/sci/2024/1219/192836/ztf_20241219192836_000251_zr_c11_o_q1_scimrefdiffimg.fits.fz,Prince,3,2.909192834015015e+18,1,4.0,2909,40,251,877.9099731445312,2307.8701171875,45.1985743,-23.0511506,18.672500610351562,0.07014500349760056,1.0608099699020386,18.68239974975586,0.12290000170469284,0.20678900182247162,18.13599967956543,0.032999999821186066,2.927000045776367,0.1469999998807907,-0.054993998259305954,0.009934999980032444,2.9600000381469727,0.9789999723434448,772.6309814453125,1.135890007019043,0.9590470194816589,0.8429999947547913,0.7689999938011169,0.2847970128059387,0.25979700684547424,1.0962300300598145,1.0,0.0,0.9542859792709351,1.0,18.83650016784668,0.18039999902248383,45.1986134,-23.0511963,11.9539,26.34950065612793,2.2911799533176236e-05,0.029197899624705315,0.13595600426197052,3.2780601031845436e-05,t17_f5_c3,ZTF20abxyayj
2460663.6933102,2,2909193314015,19.83489990234375,/ztf/archive/sci/2024/1219/193299/ztf_20241219193299_000251_zr_c11_o_q1_scimrefdiffimg.fits.fz,Prince,3,2.909193314015015e+18,1,6.0,2909,40,251,878.5360107421875,2307.77001953125,45.1985217,-23.0511628,18.8085994720459,0.09969399869441986,2.0356500148773193,18.843900680541992,0.14190000295639038,0.32270801067352295,18.13599967956543,0.032999999821186066,2.927000045776367,0.1469999998807907,-0.732571005821228,0.035333000123500824,2.950000047683716,0.9929999709129333,772.72802734375,0.9910309910774231,0.9501550197601318,0.8740000128746033,0.847000002861023,0.2962709963321686,0.2871190011501312,1.0318800210952759,1.0,0.0,0.9528570175170898,1.0,18.723600387573242,0.16210000216960907,45.1986134,-23.0511963,12.7532,26.35460090637207,2.721269993344322e-05,0.03183019906282425,0.1302029937505722,3.870639920933172e-05,t17_f5_c3,ZTF20abxyayj
2460663.6937847,2,2909193784015,19.836999893188477,/ztf/archive/sci/2024/1219/193773/ztf_20241219193773_000251_zr_c11_o_q1_scimrefdiffimg.fits.fz,Prince,3,2.909193784015015e+18,1,4.0,2909,40,251,878.7930297851562,2308.1201171875,45.1986068,-23.0512256,18.70170021057129,0.08956699818372726,1.1676900386810303,18.524999618530273,0.10679999738931656,0.10631400346755981,18.13599967956543,0.032999999821186066,2.927000045776367,0.1469999998807907,-0.6535170078277588,-0.1766670048236847,2.630000114440918,0.9739999771118164,772.3770141601562,1.3120100498199463,1.0563000440597534,0.875,0.7639999985694885,0.3327000141143799,0.29049399495124817,1.1452900171279907,3.0,0.0,0.9485710263252258,1.0,18.503000259399414,0.13339999318122864,45.1986134,-23.0511963,11.2181,26.353700637817383,2.4166000002878718e-05,0.029809700325131416,0.14052000641822815,3.423769885557704e-05,t17_f5_c3,ZTF20abxyayj
2460663.6942477,2,2909194244015,19.83300018310547,/ztf/archive/sci/2024/1219/194248/ztf_20241219194248_000251_zr_c11_o_q1_scimrefdiffimg.fits.fz,Prince,3,2.909194244015015e+18,1,8.0,2909,40,251,878.8309936523438,2308.47998046875,45.1986029,-23.0512772,18.70479965209961,0.09244299679994583,1.5497599840164185,18.568199157714844,0.11069999635219574,0.2895500063896179,18.13599967956543,0.032999999821186066,2.927000045776367,0.1469999998807907,-0.36748600006103516,-0.13662099838256836,2.9000000953674316,0.9789999723434448,772.0239868164062,1.2647600173950195,0.9673140048980713,0.8899999856948853,0.7429999709129333,0.30689701437950134,0.2562069892883301,1.197849988937378,2.0,0.0,0.9485710263252258,1.0,18.454200744628906,0.12690000236034393,45.1986134,-23.0511963,13.6077,26.356800079345703,2.4096099878079258e-05,0.029973000288009644,0.1280129998922348,3.4564698580652475e-05,t17_f5_c3,ZTF20abxyayj
2460663.6947222,2,2909194724015,19.84440040588379,/ztf/archive/sci/2024/1219/194722/ztf_20241219194722_000251_zr_c11_o_q1_scimrefdiffimg.fits.fz,Prince,3,2.909194724015015e+18,1,6.0,2909,40,251,878.5239868164062,2308.31005859375,45.1985772,-23.051236,18.63719940185547,0.10762199759483337,2.9736599922180176,18.780799865722656,0.13449999690055847,0.18409200012683868,18.13599967956543,0.032999999821186066,2.927000045776367,0.1469999998807907,-0.2237659990787506,0.1435610055923462,2.2899999618530273,0.9860000014305115,772.1909790039062,1.0636199712753296,1.2111400365829468,0.7459999918937683,0.7070000171661377,0.325764000415802,0.3087339997291565,1.0551600456237793,0.0,0.0,0.9585710167884827,1.0,18.739099502563477,0.164900004863739,45.1986134,-23.0511963,16.2658,26.35219955444336,2.62594003288541e-05,0.03150710090994835,0.1278589963912964,3.77707983716391e-05,t17_f5_c3,ZTF20abxyayj
2460663.6951968,2,2909195194015,19.85140037536621,/ztf/archive/sci/2024/1219/195185/ztf_20241219195185_000251_zr_c11_o_q1_scimrefdiffimg.fits.fz,Prince,3,2.909195194015015e+18,1,5.0,2909,40,251,878.6480102539062,2307.97998046875,45.1985919,-23.0511939,18.703399658203125,0.08731000125408173,1.8803399801254272,18.703899383544922,0.1256999969482422,0.07077500224113464,18.13599967956543,0.032999999821186066,2.927000045776367,0.1469999998807907,-0.46470698714256287,0.00046400001156143844,2.9200000762939453,0.9750000238418579,772.5159912109375,1.1475000381469727,0.9396399855613708,0.8389999866485596,0.7319999933242798,0.2873289883136749,0.2506850063800812,1.1461800336837769,3.0,0.0,0.9557139873504639,1.0,18.604000091552734,0.1462000012397766,45.1986134,-23.0511963,12.6027,26.35140037536621,2.1950800146441907e-05,0.028631800785660744,0.13291999697685242,3.146149902022444e-05,t17_f5_c3,ZTF20abxyayj
2460663.6956713,2,2909195674015,19.772199630737305,/ztf/archive/sci/2024/1219/195660/ztf_20241219195660_000251_zr_c11_o_q1_scimrefdiffimg.fits.fz,Prince,3,2.909195674015015e+18,1,6.0,2909,40,251,879.0850219726562,2308.31005859375,45.1986011,-23.0512431,18.734600067138672,0.11039900034666061,1.9432499408721924,18.76959991455078,0.13779999315738678,0.1788710057735443,18.13599967956543,0.032999999821186066,2.927000045776367,0.1469999998807907,0.46860799193382263,0.0349700003862381,2.359999895095825,0.9769999980926514,772.1900024414062,1.0025500059127808,1.2094500064849854,0.8159999847412109,0.7059999704360962,0.3457629978656769,0.29915300011634827,1.155809998512268,5.0,0.0,0.9585710167884827,0.9708939790725708,18.787900924682617,0.17890000343322754,45.1986134,-23.0511963,11.0565,26.35460090637207,2.2458500097854994e-05,0.02908089943230152,0.12592700123786926,3.231409937143326e-05,t17_f5_c3,ZTF20abxyayj
2460663.6961343,2,2909196134015,19.77199935913086,/ztf/archive/sci/2024/1219/196134/ztf_20241219196134_000251_zr_c11_o_q1_scimrefdiffimg.fits.fz,Prince,3,2.909196134015015e+18,1,6.0,2909,40,251,879.1680297851562,2308.419921875,45.19858,-23.0511888,18.775800704956055,0.11762399971485138,2.073129892349243,18.95949935913086,0.16110000014305115,0.112575002014637,18.13599967956543,0.032999999821186066,2.927000045776367,0.1469999998807907,-0.3318150043487549,0.1837110072374344,2.4800000190734863,0.9819999933242798,772.0809936523438,0.8125460147857666,1.1730200052261353,0.7739999890327454,0.652999997138977,0.3120970129966736,0.26330599188804626,1.1852999925613403,4.0,0.0,0.9614289999008179,0.991424024105072,18.965099334716797,0.20640000700950623,45.1986134,-23.0511963,11.4265,26.3518009185791,2.271410085086245e-05,0.029153399169445038,0.13517799973487854,3.2393498258898035e-05,t17_f5_c3,ZTF20abxyayj
2460663.6966088,2,2909196604015,19.705699920654297,/ztf/archive/sci/2024/1219/196597/ztf_20241219196597_000251_zr_c11_o_q1_scimrefdiffimg.fits.fz,Prince,3,2.909196604015015e+18,1,6.0,2909,40,251,878.8989868164062,2308.080078125,45.1985852,-23.0511729,18.74449920654297,0.08398900181055069,0.7255669832229614,18.65730094909668,0.1264999955892563,0.13036000728607178,18.13599967956543,0.032999999821186066,2.927000045776367,0.1469999998807907,-0.40785500407218933,-0.08724500238895416,2.369999885559082,0.9729999899864197,772.4240112304688,1.0484299659729004,1.2564400434494019,1.003000020980835,0.8939999938011169,0.42320701479911804,0.3772149980068207,1.1219199895858765,2.0,0.0,0.9557139873504639,1.0,18.646699905395508,0.1598999947309494,45.1986134,-23.0511963,10.5657,26.346500396728516,2.603490065666847e-05,0.03125010058283806,0.13418999314308167,3.7277801311574876e-05,t17_f5_c3,ZTF20abxyayj
2460663.6970718,2,2909197074015,19.730300903320312,/ztf/archive/sci/2024/1219/197072/ztf_20241219197072_000251_zr_c11_o_q1_scimrefdiffimg.fits.fz,Prince,3,2.909197074015015e+18,1,7.0,2909,40,251,879.5659790039062,2308.389892578125,45.1986387,-23.0511973,18.797399520874023,0.1245879977941513,1.9291399717330933,18.919700622558594,0.15790000557899475,0.08283799886703491,18.13599967956543,0.032999999821186066,2.927000045776367,0.1469999998807907,-0.46705499291419983,0.12232200056314468,2.440000057220459,0.9990000128746033,772.1099853515625,0.8106420040130615,1.2169100046157837,0.8619999885559082,0.8109999895095825,0.3532789945602417,0.33237698674201965,1.0628900527954102,4.0,0.0,0.9614289999008179,0.9936360120773315,18.773000717163086,0.1762000024318695,45.1986134,-23.0511963,14.6681,26.35140037536621,2.3648099158890545e-05,0.02966720052063465,0.13480499386787415,3.3804200938902795e-05,t17_f5_c3,ZTF20abxyayj
2460663.6975463,2,2909197544015,19.717599868774414,/ztf/archive/sci/2024/1219/197546/ztf_20241219197546_000251_zr_c11_o_q1_scimrefdiffimg.fits.fz,Prince,3,2.909197544015015e+18,1,10.0,2909,40,251,879.6630249023438,2309.10009765625,45.1986114,-23.0511884,18.7273006439209,0.08876000344753265,1.2391899824142456,18.841100692749023,0.1485999971628189,0.028867000713944435,18.13599967956543,0.032999999821186066,2.927000045776367,0.1469999998807907,-0.10434000194072723,0.1137939989566803,2.2100000381469727,0.9760000109672546,771.4010009765625,0.8764749765396118,1.343559980392456,0.9309999942779541,0.8510000109672546,0.42126700282096863,0.38506799936294556,1.0940099954605103,2.0,0.0,0.9628570079803467,1.0,18.748600006103516,0.17419999837875366,45.1986134,-23.0511963,12.0505,26.354299545288086,2.2251000700634904e-05,0.028831200674176216,0.13478399813175201,3.174539961037226e-05,t17_f5_c3,ZTF20abxyayj
2460663.6980208,2,2909198024015,19.74139976501465,/ztf/archive/sci/2024/1219/198021/ztf_20241219198021_000251_zr_c11_o_q1_scimrefdiffimg.fits.fz,Prince,3,2.909198024015015e+18,1,4.0,2909,40,251,879.2650146484375,2308.679931640625,45.1985565,-23.0511647,18.756999969482422,0.12387699633836746,1.8317999839782715,18.904300689697266,0.15649999678134918,0.21747300028800964,18.13599967956543,0.032999999821186066,2.927000045776367,0.1469999998807907,0.34356799721717834,0.14731599390506744,2.490000009536743,0.9919999837875366,771.8189697265625,0.8371059894561768,1.1735299825668335,0.753000020980835,0.7429999709129333,0.3024100065231323,0.29839399456977844,1.0134600400924683,4.0,0.0,0.9542859792709351,0.9747329950332642,18.933300018310547,0.20509999990463257,45.1986134,-23.0511963,11.1893,26.358999252319336,2.3281299945665523e-05,0.02944299951195717,0.12930700182914734,3.322510019643232e-05,t17_f5_c3,ZTF20abxyayj
2460663.6989583,2,2909198954015,19.740999221801758,/ztf/archive/sci/2024/1219/198958/ztf_20241219198958_000251_zr_c11_o_q1_scimrefdiffimg.fits.fz,Prince,3,2.909198954015015e+18,1,5.0,2909,40,251,880.1749877929688,2308.820068359375,45.1985945,-23.0512197,18.672100067138672,0.10056000202894211,1.7568999528884888,18.759199142456055,0.13930000364780426,0.10389100015163422,18.13599967956543,0.032999999821186066,2.927000045776367,0.1469999998807907,0.3305850028991699,0.08705099672079086,2.880000114440918,0.9929999709129333,771.6810302734375,0.9818099737167358,0.9994950294494629,0.9269999861717224,0.7720000147819519,0.3218750059604645,0.2680560052394867,1.2007800340652466,3.0,0.0,0.9542859792709351,1.0,18.8346004486084,0.19040000438690186,45.1986134,-23.0511963,11.1732,26.348100662231445,2.8883800041512586e-05,0.03259129822254181,0.13085199892520905,4.1129900637315586e-05,t17_f5_c3,ZTF20abxyayj
2460663.6984954,2,2909198494015,19.777799606323242,/ztf/archive/sci/2024/1219/198484/ztf_20241219198484_000251_zr_c11_o_q1_scimrefdiffimg.fits.fz,Prince,3,2.909198494015015e+18,1,2.0,2909,40,251,879.8410034179688,2308.949951171875,45.198595,-23.0512067,18.68600082397461,0.07609599828720093,1.1670299768447876,18.67169952392578,0.12549999356269836,0.07062699645757675,18.13599967956543,0.032999999821186066,2.927000045776367,0.1469999998807907,0.0552700012922287,-0.014341999776661396,2.369999885559082,0.9800000190734863,771.551025390625,1.106119990348816,1.2043499946594238,0.9179999828338623,0.8629999756813049,0.38734200596809387,0.3641349971294403,1.063730001449585,0.0,0.0,0.9599999785423279,1.0,18.625699996948242,0.1534000039100647,45.1986134,-23.0511963,12.2845,26.349000930786133,2.418589974695351e-05,0.03013950027525425,0.1308099925518036,3.4602100640768185e-05,t17_f5_c3,ZTF20abxyayj
2460663.6994329,2,2909199434015,19.724700927734375,/ztf/archive/sci/2024/1219/199433/ztf_20241219199433_000251_zr_c11_o_q1_scimrefdiffimg.fits.fz,Prince,3,2.909199434015015e+18,1,9.0,2909,40,251,879.9340209960938,2308.669921875,45.1986031,-23.0511712,18.648799896240234,0.09685000032186508,1.3415199518203735,18.898500442504883,0.15790000557899475,0.095210000872612,18.13599967956543,0.032999999821186066,2.927000045776367,0.1469999998807907,0.2620829939842224,0.24972200393676758,2.569999933242798,0.9769999980926514,771.8300170898438,0.8261920213699341,1.1395200490951538,0.7850000262260437,0.7020000219345093,0.3054470121860504,0.2731519937515259,1.1182299852371216,3.0,0.0,0.947143018245697,1.0,18.899200439453125,0.2013999968767166,45.1986134,-23.0511963,12.7351,26.352800369262695,2.4816699806251563e-05,0.030352100729942322,0.1320589929819107,3.5347598895896226e-05,t17_f5_c3,ZTF20abxyayj
2460663.6999074,2,2909199904015,19.760000228881836,/ztf/archive/sci/2024/1219/199896/ztf_20241219199896_000251_zr_c11_o_q1_scimrefdiffimg.fits.fz,Prince,3,2.909199904015015e+18,1,6.0,2909,40,251,879.5369873046875,2308.590087890625,45.1985691,-23.0511821,18.70639991760254,0.10598599910736084,2.3190300464630127,18.628999710083008,0.1225999966263771,0.1536259949207306,18.13599967956543,0.032999999821186066,2.927000045776367,0.1469999998807907,-0.6091049909591675,-0.07736899703741074,2.3499999046325684,1.0,771.9119873046875,1.1310299634933472,1.2136600017547607,0.9279999732971191,0.8669999837875366,0.394894003868103,0.3689360022544861,1.0703599452972412,3.0,0.0,0.9671429991722107,1.0,18.53510093688965,0.14350000023841858,45.1986134,-23.0511963,17.2142,26.35540008544922,2.3679100195295177e-05,0.029835300520062447,0.1288519948720932,3.381269925739616e-05,t17_f5_c3,ZTF20abxyayj
2460663.7003704,2,2909200374015,19.736499786376953,/ztf/archive/sci/2024/1219/200370/ztf_20241219200370_000251_zr_c11_o_q1_scimrefdiffimg.fits.fz,Prince,3,2.909200374015015e+18,1,5.0,2909,40,251,880.2479858398438,2308.8701171875,45.1985804,-23.0512585,18.63479995727539,0.09260299801826477,1.8853199481964111,18.49180030822754,0.10840000212192535,0.2460079938173294,18.13599967956543,0.032999999821186066,2.927000045776367,0.1469999998807907,0.37959301471710205,-0.14296500384807587,3.809999942779541,0.9800000190734863,771.6309814453125,1.2446800470352173,0.7635430097579956,0.9160000085830688,0.8090000152587891,0.24041999876499176,0.212336003780365,1.1322599649429321,2.0,0.0,0.9314290285110474,1.0,18.419099807739258,0.12919999659061432,45.1986134,-23.0511963,13.7957,26.350799560546875,2.4124799892888404e-05,0.02989030070602894,0.13264399766921997,3.4479799069231376e-05,t17_f5_c3,ZTF20abxyayj
2460663.7008449,2,2909200844015,19.786699295043945,/ztf/archive/sci/2024/1219/200845/ztf_20241219200845_000251_zr_c11_o_q1_scimrefdiffimg.fits.fz,Prince,3,2.909200844015015e+18,1,2.0,2909,40,251,880.5900268554688,2308.6298828125,45.1985933,-23.0512147,18.729799270629883,0.0949689969420433,2.230639934539795,18.594100952148438,0.11680000275373459,0.09282100200653076,18.13599967956543,0.032999999821186066,2.927000045776367,0.1469999998807907,0.580551028251648,-0.1357489973306656,3.0199999809265137,0.9819999933242798,771.8690185546875,1.1926100254058838,0.9392560124397278,0.9449999928474426,0.8849999904632568,0.31291401386260986,0.2930459976196289,1.0678000450134277,0.0,0.0,0.9700000286102295,1.0,18.603200912475586,0.15000000596046448,45.1986134,-23.0511963,17.4623,26.34980010986328,2.5862800612230785e-05,0.031055599451065063,0.13054199516773224,3.698840009747073e-05,t17_f5_c3,ZTF20abxyayj
2460663.7013194,2,2909201314015,19.782499313354492,/ztf/archive/sci/2024/1219/201319/ztf_20241219201319_000251_zr_c11_o_q1_scimrefdiffimg.fits.fz,Prince,3,2.909201314015015e+18,1,6.0,2909,40,251,881.2429809570312,2308.830078125,45.1985266,-23.0511432,18.563600540161133,0.08853600174188614,1.565659999847412,18.56570053100586,0.11429999768733978,0.34095498919487,18.13599967956543,0.032999999821186066,2.927000045776367,0.1469999998807907,-0.4363110065460205,0.002053000032901764,2.119999885559082,0.9810000061988831,771.6649780273438,1.2168200016021729,1.3348400592803955,0.8040000200271606,0.7540000081062317,0.37924501299858093,0.35565999150276184,1.0663100481033325,2.0,0.0,0.9585710167884827,1.0,18.60650062561035,0.15129999816417694,45.1986134,-23.0511963,10.3405,26.343599319458008,2.5667899535619654e-05,0.030879000201821327,0.14096100628376007,3.646999903139658e-05,t17_f5_c3,ZTF20abxyayj
2460663.701794,2,2909201794015,19.785999298095703,/ztf/archive/sci/2024/1219/201782/ztf_20241219201782_000251_zr_c11_o_q1_scimrefdiffimg.fits.fz,Prince,3,2.909201794015015e+18,1,4.0,2909,40,251,881.0460205078125,2309.090087890625,45.1985264,-23.0512193,18.736400604248047,0.08095099776983261,1.1188900470733643,18.799400329589844,0.14169999957084656,0.29839301109313965,18.13599967956543,0.032999999821186066,2.927000045776367,0.1469999998807907,-0.3004649877548218,0.06297300010919571,2.049999952316284,0.9750000238418579,771.4099731445312,0.9866390228271484,1.3749699592590332,0.8769999742507935,0.8040000200271606,0.42780500650405884,0.3921949863433838,1.0908000469207764,1.0,0.0,0.951429009437561,1.0,18.750900268554688,0.1728000044822693,45.1986134,-23.0511963,11.1201,26.34939956665039,2.3625600078958087e-05,0.0295196995139122,0.13387499749660492,3.355430089868605e-05,t17_f5_c3,ZTF20abxyayj
2460663.7022569,2,2909202254015,19.778200149536133,/ztf/archive/sci/2024/1219/202257/ztf_20241219202257_000251_zr_c11_o_q1_scimrefdiffimg.fits.fz,Prince,3,,,,2909,40,251,,,,,,,,,,,,,,,,,,,,,,,,,,,,,,,,,,,,26.35919952392578,2.63423007709207e-05,0.031166400760412216,0.12909500300884247,3.744630157598294e-05,t17_f5_c3,ZTF20abxyayj
2460663.7027315,2,2909202734015,19.689599990844727,/ztf/archive/sci/2024/1219/202731/ztf_20241219202731_000251_zr_c11_o_q1_scimrefdiffimg.fits.fz,Prince,3,2.909202734015015e+18,1,7.0,2909,40,251,881.7369995117188,2309.14990234375,45.198578,-23.051219,18.78860092163086,0.09266600012779236,1.0220500230789185,18.841400146484375,0.15060000121593475,0.14120399951934814,18.13599967956543,0.032999999821186066,2.927000045776367,0.1469999998807907,0.28595298528671265,0.05282200127840042,2.809999942779541,0.9760000109672546,771.3519897460938,0.8481839895248413,1.0687199831008911,0.9100000262260437,0.7900000214576721,0.32384300231933594,0.28113898634910583,1.151900053024292,1.0,0.0,0.9485710263252258,1.0,18.725799560546875,0.17299999296665192,45.1986134,-23.0511963,12.2139,26.35260009765625,3.259140066802502e-05,0.03452660143375397,0.12602299451828003,4.631240153685212e-05,t17_f5_c3,ZTF20abxyayj
2460663.703206,2,2909203204015,19.651599884033203,/ztf/archive/sci/2024/1219/203194/ztf_20241219203194_000251_zr_c11_o_q1_scimrefdiffimg.fits.fz,Prince,3,2.909203204015015e+18,1,8.0,2909,40,251,881.5089721679688,2309.06005859375,45.1985778,-23.0512375,18.665800094604492,0.09253600239753723,1.5867799520492554,18.91950035095215,0.1615999937057495,0.18729999661445618,18.13599967956543,0.032999999821186066,2.927000045776367,0.1469999998807907,1.3199700117111206,0.25370800495147705,2.8499999046325684,0.9810000061988831,771.4409790039062,0.7320870161056519,1.0928399562835693,0.8859999775886536,0.8190000057220459,0.3108769953250885,0.2873679995536804,1.0818099975585938,2.0,0.0,0.951429009437561,1.0,18.967899322509766,0.21580000221729279,45.1986134,-23.0511963,14.3025,26.365800857543945,2.53727994277142e-05,0.0304298996925354,0.12274599820375443,3.6005400033900514e-05,t17_f5_c3,ZTF20abxyayj
2460663.703669,2,2909203664015,19.692399978637695,/ztf/archive/sci/2024/1219/203669/ztf_20241219203669_000251_zr_c11_o_q1_scimrefdiffimg.fits.fz,Prince,3,2.909203664015015e+18,1,7.0,2909,40,251,881.218017578125,2309.2099609375,45.1985856,-23.051184,18.63330078125,0.09142500162124634,1.3056700229644775,18.672700881958008,0.12880000472068787,0.10074099898338318,18.13599967956543,0.032999999821186066,2.927000045776367,0.1469999998807907,0.05007199943065643,0.0393729992210865,2.549999952316284,0.9819999933242798,771.2940063476562,1.0197199583053589,1.1785099506378174,0.9409999847412109,0.8230000138282776,0.3690199851989746,0.3227449953556061,1.143380045890808,3.0,0.0,0.951429009437561,0.9912390112876892,18.8169002532959,0.1876000016927719,45.1986134,-23.0511963,13.0906,26.356300354003906,2.626850073284004e-05,0.03129209950566292,0.13664500415325165,3.744889909285121e-05,t17_f5_c3,ZTF20abxyayj
2460663.7041435,2,2909204144015,19.717500686645508,/ztf/archive/sci/2024/1219/204132/ztf_20241219204132_000251_zr_c11_o_q1_scimrefdiffimg.fits.fz,Prince,3,2.909204144015015e+18,1,2.0,2909,40,251,881.5750122070312,2309.35009765625,45.1986169,-23.0511698,18.719900131225586,0.11266099661588669,2.143389940261841,18.670499801635742,0.12790000438690186,0.09462399780750275,18.13599967956543,0.032999999821186066,2.927000045776367,0.1469999998807907,0.5547130107879639,-0.0493599995970726,2.4700000286102295,0.9850000143051147,771.1519775390625,1.0470099449157715,1.1943600177764893,0.9539999961853027,0.8199999928474426,0.38623499870300293,0.3319840133190155,1.163409948348999,3.0,0.0,0.942857027053833,1.0,18.746599197387695,0.17499999701976776,45.1986134,-23.0511963,16.5996,26.35689926147461,2.4300699806190096e-05,0.02992060035467148,0.12410899996757507,3.455299884080887e-05,t17_f5_c3,ZTF20abxyayj
2460663.7046181,2,2909204614015,19.656400680541992,/ztf/archive/sci/2024/1219/204606/ztf_20241219204606_000251_zr_c11_o_q1_scimrefdiffimg.fits.fz,Prince,3,2.909204614015015e+18,1,2.0,2909,40,251,881.7329711914062,2308.93994140625,45.1986815,-23.0511316,18.749500274658203,0.10593900084495544,1.2030099630355835,18.75550079345703,0.1404999941587448,0.31530600786209106,18.13599967956543,0.032999999821186066,2.927000045776367,0.1469999998807907,-0.2895660102367401,0.006045000161975622,2.9200000762939453,0.9779999852180481,771.56201171875,0.9008960127830505,1.0526599884033203,0.9190000295639038,0.859000027179718,0.31472599506378174,0.2941780090332031,1.069849967956543,2.0,0.0,0.9571430087089539,1.0,18.618499755859375,0.15800000727176666,45.1986134,-23.0511963,10.8889,26.34950065612793,2.3560900444863364e-05,0.029533900320529938,0.13731800019741058,3.356629895279184e-05,t17_f5_c3,ZTF20abxyayj
2460663.705081,2,2909205084015,19.689899444580078,/ztf/archive/sci/2024/1219/205081/ztf_20241219205081_000251_zr_c11_o_q1_scimrefdiffimg.fits.fz,Prince,3,2.909205084015015e+18,1,6.0,2909,40,251,882.426025390625,2309.52001953125,45.1985712,-23.0511892,18.772199630737305,0.12491600215435028,2.052229881286621,18.720600128173828,0.13529999554157257,0.14028200507164001,18.13599967956543,0.032999999821186066,2.927000045776367,0.1469999998807907,-0.14691300690174103,-0.05157800018787384,3.069999933242798,0.9769999980926514,770.9810180664062,0.9693400263786316,0.9754660129547119,0.9629999995231628,0.8989999890327454,0.3136810064315796,0.29283401370048523,1.0711899995803833,1.0,0.0,0.9685710072517395,1.0,18.69230079650879,0.16820000112056732,45.1986134,-23.0511963,14.7316,26.35420036315918,3.295539863756858e-05,0.034829601645469666,0.12912000715732574,4.6805300371488556e-05,t17_f5_c3,ZTF20abxyayj
2460663.7055556,2,2909205554015,19.687400817871094,/ztf/archive/sci/2024/1219/205556/ztf_20241219205556_000251_zr_c11_o_q1_scimrefdiffimg.fits.fz,Prince,3,2.909205554015015e+18,1,8.0,2909,40,251,882.801025390625,2309.8798828125,45.1985407,-23.0512215,18.666900634765625,0.08297999948263168,1.3493499755859375,18.793800354003906,0.14640000462532043,0.25422701239585876,18.13599967956543,0.032999999821186066,2.927000045776367,0.1469999998807907,0.5770019888877869,0.12692399322986603,2.990000009536743,0.9800000190734863,770.6229858398438,0.8935959935188293,0.9916419982910156,0.8510000109672546,0.7770000100135803,0.28461501002311707,0.25986599922180176,1.0952399969100952,1.0,0.0,0.9485710263252258,1.0,18.913000106811523,0.20839999616146088,45.1986134,-23.0511963,15.6203,26.346900939941406,2.6892499590758234e-05,0.03172440081834793,0.1319430023431778,3.831350113614462e-05,t17_f5_c3,ZTF20abxyayj
2460663.7060301,2,2909206034015,19.647600173950195,/ztf/archive/sci/2024/1219/206019/ztf_20241219206019_000251_zr_c11_o_q1_scimrefdiffimg.fits.fz,Prince,3,2.909206034015015e+18,1,8.0,2909,40,251,883.7369995117188,2309.85009765625,45.1985717,-23.0511926,18.680400848388672,0.08815299719572067,1.1505399942398071,18.991899490356445,0.17560000717639923,0.1431570053100586,18.13599967956543,0.032999999821186066,2.927000045776367,0.1469999998807907,-0.11869800090789795,0.31146401166915894,2.6600000858306885,0.9789999723434448,770.6500244140625,0.6557329893112183,1.1547800302505493,0.8629999756813049,0.824999988079071,0.3244360089302063,0.31014999747276306,1.0460599660873413,2.0,0.0,0.9414290189743042,1.0,19.221399307250977,0.2768999934196472,45.1986134,-23.0511963,14.9368,26.347400665283203,2.3532700652140193e-05,0.02957109920680523,0.14221499860286713,3.3527401683386415e-05,t17_f5_c3,ZTF20abxyayj
2460663.7064931,2,2909206494015,19.710599899291992,/ztf/archive/sci/2024/1219/206493/ztf_20241219206493_000251_zr_c11_o_q1_scimrefdiffimg.fits.fz,Prince,3,2.909206494015015e+18,1,9.0,2909,40,251,883.9849853515625,2309.969970703125,45.1985746,-23.051227,18.68160057067871,0.09669599682092667,0.9884049892425537,18.821300506591797,0.14730000495910645,0.16751299798488617,18.13599967956543,0.032999999821186066,2.927000045776367,0.1469999998807907,0.18765200674533844,0.13974200189113617,2.7100000381469727,0.9769999980926514,770.5280151367188,0.8892560005187988,1.094099998474121,0.8450000286102295,0.7739999890327454,0.3118079900741577,0.28560900688171387,1.091729998588562,3.0,0.0,0.9485710263252258,1.0,18.735000610351562,0.17339999973773956,45.1986134,-23.0511963,12.568,26.358600616455078,2.6866700864047743e-05,0.03128080070018768,0.12333499640226364,3.81481004296802e-05,t17_f5_c3,ZTF20abxyayj
2460663.7069676,2,2909206964015,19.77429962158203,/ztf/archive/sci/2024/1219/206968/ztf_20241219206968_000251_zr_c11_o_q1_scimrefdiffimg.fits.fz,Prince,3,2.909206964015015e+18,1,12.0,2909,40,251,883.968994140625,2310.280029296875,45.1985579,-23.0512156,18.677499771118164,0.10372699797153473,1.500249981880188,18.65719985961914,0.12409999966621399,0.1940770000219345,18.13599967956543,0.032999999821186066,2.927000045776367,0.1469999998807907,-0.8468930125236511,-0.020256999880075455,2.1700000762939453,0.9729999899864197,770.218017578125,1.1170799732208252,1.31535005569458,0.8209999799728394,0.7699999809265137,0.3783409893512726,0.3548389971256256,1.066230058670044,3.0,0.0,0.9599999785423279,1.0,18.769899368286133,0.17550000548362732,45.1986134,-23.0511963,12.2163,26.351499557495117,2.407610008958727e-05,0.02994230017066002,0.13262200355529785,3.433079837122932e-05,t17_f5_c3,ZTF20abxyayj
2460663.7074421,2,2909207444015,19.728200912475586,/ztf/archive/sci/2024/1219/207431/ztf_20241219207431_000251_zr_c11_o_q1_scimrefdiffimg.fits.fz,Prince,3,2.909207444015015e+18,1,3.0,2909,40,251,883.2559814453125,2310.0,45.1986009,-23.0512251,18.770200729370117,0.10687699913978577,1.3484899997711182,18.63450050354004,0.12359999865293503,0.11037400364875793,18.13599967956543,0.032999999821186066,2.927000045776367,0.1469999998807907,-0.19936500489711761,-0.13566100597381592,2.8499999046325684,0.9769999980926514,770.5020141601562,1.093690037727356,1.0268100500106812,1.065999984741211,0.9480000138282776,0.3740350008010864,0.33263200521469116,1.1244699954986572,2.0,0.0,0.9357140064239502,1.0,18.682100296020508,0.1647000014781952,45.1986134,-23.0511963,11.4502,26.364200592041016,3.074289998039603e-05,0.033676598221063614,0.13342200219631195,4.3504500354174525e-05,t17_f5_c3,ZTF20abxyayj
2460663.7079051,2,2909207904015,19.752300262451172,/ztf/archive/sci/2024/1219/207905/ztf_20241219207905_000251_zr_c11_o_q1_scimrefdiffimg.fits.fz,Prince,3,2.909207904015015e+18,1,7.0,2909,40,251,884.1209716796875,2310.39990234375,45.1985833,-23.0512194,18.67770004272461,0.09072399884462357,1.9308700561523438,18.616899490356445,0.12240000069141388,0.12831899523735046,18.13599967956543,0.032999999821186066,2.927000045776367,0.1469999998807907,-0.4160880148410797,-0.060830000787973404,2.3399999141693115,0.9810000061988831,770.10400390625,1.1353600025177002,1.215999960899353,0.8220000267028809,0.7940000295639038,0.351282000541687,0.3393160104751587,1.0352599620819092,2.0,0.0,0.9671429991722107,0.9945780038833618,18.662799835205078,0.16279999911785126,45.1986134,-23.0511963,11.0381,26.356700897216797,2.471469997544773e-05,0.030204499140381813,0.1353839933872223,3.511569957481697e-05,t17_f5_c3,ZTF20abxyayj
2460664.7551273,1,2910255124015,19.55459976196289,/ztf/archive/sci/2024/1220/255116/ztf_20241220255116_000251_zg_c11_o_q1_scimrefdiffimg.fits.fz,Kulkarni,1,2.910255124015015e+18,t,3.0,2910,40,251,892.1069946289062,2330.169921875,45.198666,-23.0511833,18.633800506591797,0.08988600224256516,1.2571200132369995,18.64940071105957,0.14419999718666077,0.21682800352573395,18.625999450683594,0.020999999716877937,1.2009999752044678,0.05999999865889549,0.19333399832248688,0.015589999966323376,3.490000009536743,0.9810000061988831,750.3300170898438,0.9051679968833923,0.8477399945259094,1.0069999694824219,0.8489999771118164,0.28853899240493774,0.2432660013437271,1.1861000061035156,2.0,0.0,0.9571430087089539,1.0,18.643299102783203,0.1834000051021576,45.1986008,-23.0511944,13.4586,26.24679946899414,4.300810178392567e-05,0.03796989843249321,-0.024044200778007507,7.090339931892231e-05,t17_f5_c3,ZTF20abxyayj
2460664.8018519,1,2910301851315,19.254499435424805,/ztf/archive/sci/2024/1220/301852/ztf_20241220301852_001293_zg_c04_o_q2_scimrefdiffimg.fits.fz,Kulkarni,2,,,,2910,13,1293,,,,,,,,,,,,,,,,,,,,,,,,,,,,,,,,,,,,26.046499252319336,6.065889829187654e-05,0.044027600437402725,-0.012326199561357498,0.00010621300316415727,t17_f5_c3,ZTF20abxyayj
2460666.6693056,1,2912169304015,19.99410057067871,/ztf/archive/sci/2024/1222/169306/ztf_20241222169306_000251_zg_c11_o_q1_scimrefdiffimg.fits.fz,Kulkarni,1,2.912169304015015e+18,1,3.0,2912,40,251,875.708984375,2306.110107421875,45.1986101,-23.0511871,18.73710060119629,0.09030900150537491,2.101289987564087,18.74020004272461,0.11739999800920486,0.04008299857378006,18.625999450683594,0.020999999716877937,1.2009999752044678,0.05999999865889549,-0.22332000732421875,0.003060000017285347,2.9600000381469727,0.9829999804496765,774.3909912109375,1.2538800239562988,0.9033120274543762,0.8669999837875366,0.7419999837875366,0.2929050028324127,0.2506760060787201,1.1684600114822388,5.0,0.0,0.9585710167884827,0.9823909997940063,18.640499114990234,0.1363999992609024,45.1986008,-23.0511944,14.7815,26.20210075378418,2.8294600269873627e-05,0.03250090032815933,-0.023833800107240677,4.2741499783005565e-05,t17_f5_c3,ZTF20abxyayj
2460666.6693056,1,2912169304015,19.99410057067871,/ztf/archive/sci/2024/1222/169306/ztf_20241222169306_000251_zg_c11_o_q1_scimrefdiffimg.fits.fz,Kulkarni,1,2.912169304015015e+18,t,3.0,2912,40,251,875.708984375,2306.110107421875,45.1986101,-23.0511871,18.73710060119629,0.09030900150537491,2.101289987564087,18.74020004272461,0.11739999800920486,0.04008299857378006,18.625999450683594,0.020999999716877937,1.2009999752044678,0.05999999865889549,-0.22332000732421875,0.003060000017285347,2.9600000381469727,0.9829999804496765,774.3909912109375,1.2538800239562988,0.9033120274543762,0.8669999837875366,0.7419999837875366,0.2929050028324127,0.2506760060787201,1.1684600114822388,5.0,0.0,0.9585710167884827,0.9823909997940063,18.640499114990234,0.1363999992609024,45.1986008,-23.0511944,14.7815,26.20210075378418,2.8294600269873627e-05,0.03250090032815933,-0.023833800107240677,4.2741499783005565e-05,t17_f5_c3,ZTF20abxyayj
2460666.7121296,2,2912212124015,19.688499450683594,/ztf/archive/sci/2024/1222/212130/ztf_20241222212130_000251_zr_c11_o_q1_scimrefdiffimg.fits.fz,Kulkarni,1,2.912212124015015e+18,t,3.0,2912,40,251,891.1279907226562,2305.219970703125,45.1985623,-23.0512064,18.76569938659668,0.12221699953079224,2.119659900665283,18.95159912109375,0.20440000295639038,0.1710290014743805,18.13599967956543,0.032999999821186066,2.927000045776367,0.1469999998807907,0.3496040105819702,0.18588699400424957,1.350000023841858,0.9900000095367432,775.2780151367188,0.7368519902229309,1.8144099712371826,0.5839999914169312,0.5690000057220459,0.4325929880142212,0.42148101329803467,1.026360034942627,7.0,0.0,0.9399999976158142,0.8825129866600037,19.02720069885254,0.2797999978065491,45.1986134,-23.0511963,8.19272,26.068700790405273,1.9861299733747728e-05,0.027501000091433525,0.12919500470161438,2.8316899260971695e-05,t17_f5_c3,ZTF20abxyayj
2460668.6789815,2,2914178984015,17.868999481201172,/ztf/archive/sci/2024/1224/178981/ztf_20241224178981_000251_zr_c11_o_q1_scimrefdiffimg.fits.fz,Kulkarni,1,,,,2914,40,251,,,,,,,,,,,,,,,,,,,,,,,,,,,,,,,,,,,,24.715700149536133,0.00015847600298002362,0.05560800060629845,0.11048900336027145,0.0002307270042365417,t17_f5_c3,ZTF20abxyayj
2460668.7312037,1,2914231204015,18.429500579833984,/ztf/archive/sci/2024/1224/231192/ztf_20241224231192_000251_zg_c11_o_q1_scimrefdiffimg.fits.fz,Kulkarni,1,,,,2914,40,251,,,,,,,,,,,,,,,,,,,,,,,,,,,,,,,,,,,,25.141000747680664,0.00017938000382855535,0.052911099046468735,0.006134190130978823,0.0004208589962217957,t17_f5_c3,ZTF20abxyayj
2460672.6693519,1,2918169354015,19.59709930419922,/ztf/archive/sci/2024/1228/169340/ztf_20241228169340_000251_zg_c11_o_q1_scimrefdiffimg.fits.fz,Kulkarni,1,2.918169354015015e+18,t,9.0,2918,40,251,872.7340087890625,2317.320068359375,45.1986063,-23.0511309,18.564199447631836,0.11284700036048889,1.322849988937378,18.627099990844727,0.09709999710321426,0.2263209968805313,18.625999450683594,0.020999999716877937,1.2009999752044678,0.05999999865889549,0.15645399689674377,0.06294400244951248,5.5,0.8650000095367432,763.177978515625,0.9700080156326294,0.7675769925117493,1.3680000305175781,1.2410000562667847,0.2487269937992096,0.22563600540161133,1.1023399829864502,0.0,0.0,0.7657139897346497,1.0,18.692399978637695,0.13089999556541443,45.1986008,-23.0511944,18.4998,26.20319938659668,6.272090104175732e-05,0.04516470059752464,-0.039207201451063156,0.00011309699766570702,t17_f5_c3,ZTF20abxyayj
2460674.6789583,2,2920178954015,19.833200454711914,/ztf/archive/sci/2024/1230/178958/ztf_20241230178958_000251_zr_c11_o_q1_scimrefdiffimg.fits.fz,Kulkarni,1,2.920178954015015e+18,1,10.0,2920,40,251,890.9920043945312,2306.7099609375,45.198607,-23.0511669,18.64940071105957,0.08957900106906891,1.280769944190979,18.835100173950195,0.12049999833106995,0.10644599795341492,18.13599967956543,0.032999999821186066,2.927000045776367,0.1469999998807907,0.3139770030975342,0.1857219934463501,3.0999999046325684,0.9779999852180481,773.7949829101562,0.9981110095977783,1.068120002746582,0.9769999980926514,0.8880000114440918,0.31516098976135254,0.2864519953727722,1.100219964981079,1.0,0.0,0.9271429777145386,1.0,18.78529930114746,0.14650000631809235,45.1986134,-23.0511963,14.2859,26.35740089416504,2.554949969635345e-05,0.030808700248599052,0.12825100123882294,3.609920167946257e-05,t17_f5_c3,ZTF20abxyayj
2460674.6789583,2,2920178954015,19.833200454711914,/ztf/archive/sci/2024/1230/178958/ztf_20241230178958_000251_zr_c11_o_q1_scimrefdiffimg.fits.fz,Kulkarni,1,2.920178954015015e+18,t,10.0,2920,40,251,890.9920043945312,2306.7099609375,45.198607,-23.0511669,18.64940071105957,0.08957900106906891,1.280769944190979,18.835100173950195,0.12049999833106995,0.10644599795341492,18.13599967956543,0.032999999821186066,2.927000045776367,0.1469999998807907,0.3139770030975342,0.1857219934463501,3.0999999046325684,0.9779999852180481,773.7949829101562,0.9981110095977783,1.068120002746582,0.9769999980926514,0.8880000114440918,0.31516098976135254,0.2864519953727722,1.100219964981079,1.0,0.0,0.9271429777145386,1.0,18.78529930114746,0.14650000631809235,45.1986134,-23.0511963,14.2859,26.35740089416504,2.554949969635345e-05,0.030808700248599052,0.12825100123882294,3.609920167946257e-05,t17_f5_c3,ZTF20abxyayj
2460674.7164352,1,2920216434015,19.53219985961914,/ztf/archive/sci/2024/1230/216424/ztf_20241230216424_000251_zg_c11_o_q1_scimrefdiffimg.fits.fz,Kulkarni,1,2.920216434015015e+18,t,4.0,2920,40,251,877.7349853515625,2321.669921875,45.1986131,-23.0512068,18.65679931640625,0.11962199956178665,1.2850099802017212,18.851499557495117,0.1120000034570694,0.05972300097346306,18.625999450683594,0.020999999716877937,1.2009999752044678,0.05999999865889549,0.8364769816398621,0.19469299912452698,5.510000228881836,0.949999988079071,758.833984375,0.6807230114936829,0.8656190037727356,1.5110000371932983,1.4359999895095825,0.2742289900779724,0.2606169879436493,1.0522300004959106,0.0,0.0,0.6514289975166321,1.0,18.761499404907227,0.13120000064373016,45.1986008,-23.0511944,16.7046,26.286800384521484,6.619890336878598e-05,0.04366350173950195,-0.0782926008105278,0.00012544299534056336,t17_f5_c3,ZTF20abxyayj
2460678.6386343,2,2924138634015,19.72570037841797,/ztf/archive/sci/2025/0103/138634/ztf_20250103138634_000251_zr_c11_o_q1_scimrefdiffimg.fits.fz,Kulkarni,1,2.924138634015015e+18,1,12.0,2924,40,251,885.7160034179688,2326.159912109375,45.1985558,-23.0511755,18.81450080871582,0.09334400296211243,1.49714994430542,18.68829917907715,0.15049999952316284,0.2086939960718155,18.13599967956543,0.032999999821186066,2.927000045776367,0.1469999998807907,-1.5619499683380127,-0.1261640042066574,3.25,0.9679999947547913,754.3389892578125,1.0374200344085693,0.7778810262680054,0.734000027179718,0.6629999876022339,0.22584599256515503,0.20399999618530273,1.1070899963378906,3.0,0.0,0.945713996887207,0.9854490160942078,18.86440086364746,0.22579999268054962,45.1986134,-23.0511963,10.3986,26.10449981689453,4.6679098886670545e-05,0.041578300297260284,0.14326800405979156,6.600470078410581e-05,t17_f5_c3,ZTF20abxyayj
2460678.6386343,2,2924138634015,19.72570037841797,/ztf/archive/sci/2025/0103/138634/ztf_20250103138634_000251_zr_c11_o_q1_scimrefdiffimg.fits.fz,Kulkarni,1,2.924138634015015e+18,t,12.0,2924,40,251,885.7160034179688,2326.159912109375,45.1985558,-23.0511755,18.81450080871582,0.09334400296211243,1.49714994430542,18.68829917907715,0.15049999952316284,0.2086939960718155,18.13599967956543,0.032999999821186066,2.927000045776367,0.1469999998807907,-1.5619499683380127,-0.1261640042066574,3.25,0.9679999947547913,754.3389892578125,1.0374200344085693,0.7778810262680054,0.734000027179718,0.6629999876022339,0.22584599256515503,0.20399999618530273,1.1070899963378906,3.0,0.0,0.945713996887207,0.9854490160942078,18.86440086364746,0.22579999268054962,45.1986134,-23.0511963,10.3986,26.10449981689453,4.6679098886670545e-05,0.041578300297260284,0.14326800405979156,6.600470078410581e-05,t17_f5_c3,ZTF20abxyayj
2460678.6914699,1,2924191464015,19.18280029296875,/ztf/archive/sci/2025/0103/191470/ztf_20250103191470_000251_zg_c11_o_q1_scimrefdiffimg.fits.fz,Kulkarni,1,2.924191464015015e+18,t,29.0,2924,40,251,886.0239868164062,2324.159912109375,45.1985943,-23.0511509,18.46310043334961,0.09452600032091141,1.11981999874115,18.542499542236328,0.19939999282360077,0.15606999397277832,18.625999450683594,0.020999999716877937,1.2009999752044678,0.05999999865889549,-0.003766000038012862,0.07943599671125412,3.25,0.9789999723434448,756.3400268554688,0.6402980089187622,0.8371180295944214,0.8550000190734863,0.7670000195503235,0.2630769908428192,0.23600000143051147,1.1147300004959106,4.0,0.0,0.9357140064239502,1.0,18.686899185180664,0.29159998893737793,45.1986008,-23.0511944,11.6071,25.723100662231445,0.00031699700048193336,0.09931419789791107,-0.02643980085849762,0.0005429110024124384,t17_f5_c3,ZTF20abxyayj
2460680.6897338,2,2926189734015,15.940600395202637,/ztf/archive/sci/2025/0105/189734/ztf_20250105189734_000251_zr_c11_o_q1_scimrefdiffimg.fits.fz,Kulkarni,1,,,,2926,40,251,,,,,,,,,,,,,,,,,,,,,,,,,,,,,,,,,,,,23.405000686645508,0.1191139966249466,0.1950169950723648,0.22446699440479279,0.21934400498867035,t17_f5_c3,ZTF20abxyayj
2460681.7064005,1,2927206404015,19.57859992980957,/ztf/archive/sci/2025/0106/206389/ztf_20250106206389_000251_zg_c11_o_q1_scimrefdiffimg.fits.fz,Kulkarni,1,2.927206404015015e+18,t,5.0,2927,40,251,882.2239990234375,2382.909912109375,45.1986367,-23.0511919,18.73040008544922,0.09716899693012238,0.9124240279197693,18.707700729370117,0.14820000529289246,0.11784099787473679,18.625999450683594,0.020999999716877937,1.2009999752044678,0.05999999865889549,-0.3142150044441223,-0.022693999111652374,2.569999933242798,0.9829999804496765,697.5869750976562,0.8708680272102356,1.1578400135040283,0.9340000152587891,0.8650000095367432,0.36342400312423706,0.33657601475715637,1.0797699689865112,1.0,0.0,0.9542859792709351,1.0,18.794700622558594,0.20509999990463257,45.1986008,-23.0511944,13.4485,26.222400665283203,4.57579008070752e-05,0.039024900645017624,-0.020500700920820236,7.568250293843448e-05,t17_f5_c3,ZTF20abxyayj
2460685.660463,2,2931160464015,18.611900329589844,/ztf/archive/sci/2025/0110/160451/ztf_20250110160451_000251_zr_c11_o_q1_scimrefdiffimg.fits.fz,Kulkarni,1,2.931160464015015e+18,t,1.0,2931,40,251,885.3699951171875,2379.919921875,45.1985002,-23.0510474,18.82990074157715,0.26772600412368774,0.9511209726333618,19.02630043029785,0.25529998540878296,0.6459760069847107,18.13599967956543,0.032999999821186066,2.927000045776367,0.1469999998807907,-0.025188999250531197,0.19641399383544922,2.8023900985717773,0.6470000147819519,700.5780029296875,-0.41438400745391846,2.0,1.1829999685287476,1.003000020980835,0.4221389889717102,0.3579080104827881,1.179460048675537,4.0,0.0,0.607142984867096,1.0,19.38170051574707,0.45339998602867126,45.1986134,-23.0511963,5.55357,26.325899124145508,0.0001302150049014017,0.049851398915052414,0.12656599283218384,0.0001785850035957992,t17_f5_c3,ZTF20abxyayj
2460685.6912269,1,2931191224015,18.523399353027344,/ztf/archive/sci/2025/0110/191215/ztf_20250110191215_000251_zg_c11_o_q1_scimrefdiffimg.fits.fz,Kulkarni,1,2.931191224015015e+18,t,2.0,2931,40,251,875.8980102539062,2375.739990234375,45.1985207,-23.0512472,18.974700927734375,0.3223879933357239,1.1431599855422974,18.683300018310547,0.21799999475479126,0.32225099205970764,18.625999450683594,0.020999999716877937,1.2009999752044678,0.05999999865889549,0.13162100315093994,-0.29138800501823425,3.690000057220459,0.6340000033378601,704.7570190429688,-0.15988999605178833,1.401379942893982,2.180999994277954,1.8569999933242798,0.5910570025444031,0.5032520294189453,1.1744699478149414,8.0,0.0,0.3442859947681427,0.894993007183075,18.575599670410156,0.2533999979496002,45.1986008,-23.0511944,5.79541,26.22570037841797,0.0002696290030144155,0.04693260043859482,-0.009094679728150368,0.0007589070009998977,t17_f5_c3,ZTF20abxyayj
2460687.6690972,1,2933169094015,18.494300842285156,/ztf/archive/sci/2025/0112/169097/ztf_20250112169097_000251_zg_c11_o_q1_scimrefdiffimg.fits.fz,Kulkarni,1,2.933169094015015e+18,t,3.0,2933,40,251,885.47802734375,2355.1298828125,45.1987058,-23.0511264,19.046199798583984,0.2664330005645752,0.9235680103302002,18.808799743652344,0.2939000129699707,0.4201880097389221,18.625999450683594,0.020999999716877937,1.2009999752044678,0.05999999865889549,0.4020949900150299,-0.23741400241851807,2.2088000774383545,0.6029999852180481,725.3690185546875,-0.31451401114463806,2.0,1.5740000009536743,1.409999966621399,0.7126049995422363,0.6383569836616516,1.1163100004196167,4.0,0.0,0.4742859899997711,1.0,18.649999618530273,0.32580000162124634,45.1986008,-23.0511944,5.42079,26.204200744628906,0.0002498330140952021,0.047600798308849335,-0.04301460087299347,0.0006272040191106498,t17_f5_c3,ZTF20abxyayj
2460687.6900694,2,2933190064015,18.704999923706055,/ztf/archive/sci/2025/0112/190058/ztf_20250112190058_000251_zr_c11_o_q1_scimrefdiffimg.fits.fz,Kulkarni,1,2.933190064015015e+18,t,3.0,2933,40,251,870.1690063476562,2323.780029296875,45.1986005,-23.0513455,18.763200759887695,0.2430569976568222,1.0098799467086792,19.16069984436035,0.3353999853134155,0.5314970016479492,18.13599967956543,0.032999999821186066,2.927000045776367,0.1469999998807907,0.40475499629974365,0.39752599596977234,2.209510087966919,0.7099999785423279,756.7230224609375,-0.4556719958782196,2.0,1.475000023841858,1.1260000467300415,0.6675689816474915,0.5096150040626526,1.3099499940872192,3.0,0.0,0.4757139980792999,1.0,18.903400421142578,0.3393999934196472,45.1986134,-23.0511963,6.87723,26.313199996948242,8.589129720348865e-05,0.046757400035858154,0.12225700169801712,0.0001246820029336959,t17_f5_c3,ZTF20abxyayj
2460688.6476157,2,2934147614015,18.535400390625,/ztf/archive/sci/2025/0113/147616/ztf_20250113147616_000251_zr_c11_o_q1_scimrefdiffimg.fits.fz,Kulkarni,1,,,,2934,40,251,,,,,,,,,,,,,,,,,,,,,,,,,,,,,,,,,,,,25.7549991607666,0.00011437100329203531,0.05842360109090805,0.12077199667692184,0.00016373700054828078,t17_f5_c3,ZTF20abxyayj
2460688.6906829,1,2934190684015,18.620899200439453,/ztf/archive/sci/2025/0113/190683/ztf_20250113190683_000251_zg_c11_o_q1_scimrefdiffimg.fits.fz,Kulkarni,1,2.934190684015015e+18,t,4.0,2934,40,251,863.677001953125,2400.280029296875,45.1987577,-23.0510509,18.69379997253418,0.21422000229358673,0.880374014377594,18.346200942993164,0.20569999516010284,0.7234249711036682,18.625999450683594,0.020999999716877937,1.2009999752044678,0.05999999865889549,1.153090000152588,-0.3476470112800598,5.070000171661377,0.9629999995231628,680.218017578125,0.27466699481010437,0.7223970293998718,1.7289999723434448,1.3919999599456787,0.3410260081291199,0.2745560109615326,1.2421000003814697,3.0,0.0,0.3400000035762787,1.0,18.13610076904297,0.21780000627040863,45.1986008,-23.0511944,7.18341,26.2007999420166,0.0001830929977586493,0.04911059886217117,-0.019055400043725967,0.00042457898962311447,t17_f5_c3,ZTF20abxyayj
2460692.7155787,1,2938215574015,18.886699676513672,/ztf/archive/sci/2025/0117/215579/ztf_20250117215579_000251_zg_c11_o_q1_scimrefdiffimg.fits.fz,Kulkarni,1,2.938215574015015e+18,t,2.0,2938,40,251,870.844970703125,2334.64990234375,45.1986006,-23.0512109,18.705400466918945,0.14769800007343292,1.0877000093460083,19.021799087524414,0.2948000133037567,0.05893100053071976,18.625999450683594,0.020999999716877937,1.2009999752044678,0.05999999865889549,-0.19769799709320068,0.31637001037597656,3.549999952316284,0.9330000281333923,745.8480224609375,-0.13513700664043427,1.0542900562286377,1.0230000019073486,0.9769999980926514,0.2881689965724945,0.27521100640296936,1.0470800399780273,3.0,0.0,0.857142984867096,0.9886580109596252,19.006399154663086,0.37290000915527344,45.1986008,-23.0511944,9.00267,26.09040069580078,0.0002587079943623394,0.07266680151224136,-0.0028652299661189318,0.0005809370195493102,t17_f5_c3,ZTF20abxyayj
2460695.6698148,1,2941169814015,20.08989906311035,/ztf/archive/sci/2025/0120/169815/ztf_20250120169815_000251_zg_c11_o_q1_scimrefdiffimg.fits.fz,Kulkarni,1,2.941169814015015e+18,t,12.0,2941,40,251,871.7100219726562,2308.590087890625,45.1985879,-23.0511483,18.91360092163086,0.10087800025939941,1.9811099767684937,18.925800323486328,0.11010000109672546,0.1694359928369522,18.625999450683594,0.020999999716877937,1.2009999752044678,0.05999999865889549,-0.2742229998111725,0.012167000211775303,3.3399999141693115,0.9800000190734863,771.9099731445312,1.164139986038208,0.9373589754104614,1.0390000343322754,0.9559999704360962,0.3110780119895935,0.2862280011177063,1.0868200063705444,0.0,0.0,0.9628570079803467,1.0,18.85569953918457,0.13089999556541443,45.1986008,-23.0511944,18.934,26.259599685668945,3.117420055787079e-05,0.033884499222040176,-0.059150900691747665,4.700130011769943e-05,t17_f5_c3,ZTF20abxyayj
2460698.6274653,1,2944127464015,19.02239990234375,/ztf/archive/sci/2025/0123/127465/ztf_20250123127465_000251_zg_c11_o_q1_scimrefdiffimg.fits.fz,Kulkarni,1,2.944127464015015e+18,t,37.0,2944,40,251,882.4130249023438,2340.800048828125,45.1984017,-23.0510986,18.926700592041016,0.22796200215816498,1.1303600072860718,19.09510040283203,0.22360000014305115,0.7350080013275146,18.625999450683594,0.020999999716877937,1.2009999752044678,0.05999999865889549,0.789788007736206,0.16836099326610565,3.4000000953674316,0.6840000152587891,739.7039794921875,-0.07267799973487854,1.3784500360488892,1.5190000534057617,1.25,0.4467650055885315,0.3676469922065735,1.2151999473571777,2.0,0.0,0.47857099771499634,1.0,19.186199188232422,0.31139999628067017,45.1986008,-23.0511944,7.84567,26.080699920654297,0.00015768699813634157,0.053759101778268814,-0.02842799946665764,0.0003345629957038909,t17_f5_c3,ZTF20abxyayj
2460698.6720023,2,2944172004015,18.90060043334961,/ztf/archive/sci/2025/0123/171991/ztf_20250123171991_000251_zr_c11_o_q1_scimrefdiffimg.fits.fz,Kulkarni,1,2.944172004015015e+18,t,36.0,2944,40,251,888.739990234375,2306.1298828125,45.1983658,-23.0512649,19.23349952697754,0.37918999791145325,1.1286900043487549,18.904300689697266,0.20190000534057617,0.8457080125808716,18.13599967956543,0.032999999821186066,2.927000045776367,0.1469999998807907,-0.9213950037956238,-0.32919201254844666,2.4371700286865234,0.5720000267028809,774.3690185546875,-0.0036510000936686993,2.0,1.7450000047683716,1.4279999732971191,0.7159940004348755,0.5859259963035583,1.2219899892807007,4.0,0.0,0.3700000047683716,1.0,18.803600311279297,0.2354000061750412,45.1986134,-23.0511963,5.53284,26.227500915527344,9.108010272029787e-05,0.05189469829201698,0.12644599378108978,0.0001309850049437955,t17_f5_c3,ZTF20abxyayj
2460706.6274074,1,2952127404015,19.920499801635742,/ztf/archive/sci/2025/0131/127407/ztf_20250131127407_000251_zg_c11_o_q1_scimrefdiffimg.fits.fz,Kulkarni,1,2.952127404015015e+18,1,9.0,2952,40,251,872.1929931640625,2351.6298828125,45.1986208,-23.0511718,18.707599639892578,0.08111800253391266,1.6146899461746216,18.92329978942871,0.14509999752044678,0.10346999764442444,18.625999450683594,0.020999999716877937,1.2009999752044678,0.05999999865889549,0.13026799261569977,0.21566399931907654,2.799999952316284,0.9819999933242798,728.864990234375,0.9972100257873535,0.9733120203018188,0.7960000038146973,0.7210000157356262,0.2842859923839569,0.2574999928474426,1.1040199995040894,2.0,0.0,0.9528570175170898,1.0,18.97010040283203,0.1932000070810318,45.1986008,-23.0511944,14.995,26.234600067138672,3.379359986865893e-05,0.03501509875059128,-0.03898340091109276,5.1973398512927815e-05,t17_f5_c3,ZTF20abxyayj
2460686.6870602,2,2932187061315,19.180500030517578,/ztf/archive/sci/2025/0111/187025/ztf_20250111187025_001293_zr_c04_o_q2_scimrefdiffimg.fits.fz,Kulkarni,2,,,,2932,13,1293,,,,,,,,,,,,,,,,,,,,,,,,,,,,,,,,,,,,26.131000518798828,4.672610157285817e-05,0.04163140058517456,0.12351600080728531,6.687620043521747e-05,t17_f5_c3,ZTF20abxyayj
2460686.6875347,2,2932187531315,19.2185001373291,/ztf/archive/sci/2025/0111/187523/ztf_20250111187523_001293_zr_c04_o_q2_scimrefdiffimg.fits.fz,Kulkarni,3,,,,2932,13,1293,,,,,,,,,,,,,,,,,,,,,,,,,,,,,,,,,,,,26.136600494384766,3.80099008907564e-05,0.03722560033202171,0.10577700287103653,5.4612399253528565e-05,t17_f5_c3,ZTF20abxyayj
2460690.6273148,1,2936127314015,18.367700576782227,/ztf/archive/sci/2025/0115/127303/ztf_20250115127303_000251_zg_c11_o_q1_scimrefdiffimg.fits.fz,Qin,3,2.936127314015015e+18,t,5.0,2936,40,251,861.635009765625,2357.739990234375,45.1981758,-23.0511794,18.83650016784668,0.31233900785446167,0.8991379737854004,18.873600006103516,0.24650000035762787,1.3913899660110474,18.625999450683594,0.020999999716877937,1.2009999752044678,0.05999999865889549,0.6888459920883179,0.0370590016245842,3.1473801136016846,0.6129999756813049,722.7639770507812,-0.5059000253677368,2.0,1.8109999895095825,1.6549999713897705,0.5753999948501587,0.5258349776268005,1.0942599773406982,4.0,0.0,0.29571399092674255,1.0,18.790000915527344,0.2928999960422516,45.1986008,-23.0511944,5.32261,26.228500366210938,0.0007720710127614439,0.05554569885134697,0.004667980130761862,0.002322860062122345,t17_f5_c3,ZTF20abxyayj
2460706.6274074,1,2952127404015,19.920499801635742,/ztf/archive/sci/2025/0131/127407/ztf_20250131127407_000251_zg_c11_o_q1_scimrefdiffimg.fits.fz,Kulkarni,1,2.952127404015015e+18,t,9.0,2952,40,251,872.1929931640625,2351.6298828125,45.1986208,-23.0511718,18.707599639892578,0.08111800253391266,1.6146899461746216,18.92329978942871,0.14509999752044678,0.10346999764442444,18.625999450683594,0.020999999716877937,1.2009999752044678,0.05999999865889549,0.13026799261569977,0.21566399931907654,2.799999952316284,0.9819999933242798,728.864990234375,0.9972100257873535,0.9733120203018188,0.7960000038146973,0.7210000157356262,0.2842859923839569,0.2574999928474426,1.1040199995040894,2.0,0.0,0.9528570175170898,1.0,18.97010040283203,0.1932000070810318,45.1986008,-23.0511944,14.995,26.234600067138672,3.379359986865893e-05,0.03501509875059128,-0.03898340091109276,5.1973398512927815e-05,t17_f5_c3,ZTF20abxyayj
2460706.6689815,2,2952168984015,19.807300567626953,/ztf/archive/sci/2025/0131/168981/ztf_20250131168981_000251_zr_c11_o_q1_scimrefdiffimg.fits.fz,Kulkarni,1,2.952168984015015e+18,t,6.0,2952,40,251,859.9730224609375,2309.830078125,45.1985699,-23.0512082,18.835899353027344,0.08909100294113159,1.3093899488449097,18.726299285888672,0.1386999934911728,0.1529809981584549,18.13599967956543,0.032999999821186066,2.927000045776367,0.1469999998807907,-0.4941459894180298,-0.10961999744176865,2.9000000953674316,0.9990000128746033,770.6729736328125,1.0810500383377075,0.9088760018348694,0.7480000257492065,0.7319999933242798,0.2579309940338135,0.2524139881134033,1.0218600034713745,2.0,0.0,0.9700000286102295,1.0,18.561399459838867,0.15230000019073486,45.1986134,-23.0511963,10.6162,26.298900604248047,2.9465300031006336e-05,0.03328229859471321,0.1272680014371872,4.2289600969525054e-05,t17_f5_c3,ZTF20abxyayj
2460710.6272454,2,2956127244015,19.987300872802734,/ztf/archive/sci/2025/0204/127245/ztf_20250204127245_000251_zr_c11_o_q1_scimrefdiffimg.fits.fz,Qin,3,2.956127244015015e+18,t,8.0,2956,40,251,876.9039916992188,2296.179931640625,45.1985981,-23.0511794,18.8031005859375,0.09284000098705292,1.1488399505615234,18.92639923095703,0.14720000326633453,0.0780550017952919,18.13599967956543,0.032999999821186066,2.927000045776367,0.1469999998807907,0.4081119894981384,0.12325499951839447,1.6799999475479126,0.968999981880188,784.3200073242188,1.0609099864959717,1.5152000188827515,0.7400000095367432,0.6909999847412109,0.4404760003089905,0.41130998730659485,1.0709099769592285,4.0,0.0,0.9557139873504639,0.9909690022468567,18.879199981689453,0.17949999868869781,45.1986134,-23.0511963,9.8472,26.342100143432617,1.8157899830839597e-05,0.026047799736261368,0.12667499482631683,2.5903700588969514e-05,t17_f5_c3,ZTF20abxyayj
2460711.6120023,2,2957112004015,19.6835994720459,/ztf/archive/sci/2025/0205/111991/ztf_20250205111991_000251_zr_c11_o_q1_scimrefdiffimg.fits.fz,Kulkarni,1,2.957112004015015e+18,t,5.0,2957,40,251,866.2839965820312,2302.360107421875,45.198568,-23.0512584,18.784400939941406,0.1189190000295639,1.8191900253295898,18.756399154663086,0.1526000052690506,0.2659650146961212,18.13599967956543,0.032999999821186066,2.927000045776367,0.1469999998807907,-0.17033399641513824,-0.027960000559687614,3.299999952316284,0.9620000123977661,778.1380004882812,0.927232027053833,0.8328329920768738,0.8130000233650208,0.722000002861023,0.24636399745941162,0.2187879979610443,1.126039981842041,4.0,0.0,0.945713996887207,0.9744439721107483,18.811800003051758,0.20520000159740448,45.1986134,-23.0511963,11.2672,26.32040023803711,2.2514299416798167e-05,0.029029300436377525,0.13147099316120148,3.239319994463585e-05,t17_f5_c3,ZTF20abxyayj
2460924.9600347,1,3170460034015,19.149999618530273,/ztf/archive/sci/2025/0906/459873/ztf_20250906459873_000251_zg_c11_o_q1_scimrefdiffimg.fits.fz,Kulkarni,1,3.170460034015015e+18,t,2.0,3170,40,251,907.3460083007812,2298.510009765625,45.1985781,-23.0512235,18.8966007232666,0.18375100195407867,1.4261000156402588,19.35810089111328,0.4498000144958496,0.1274459958076477,18.625999450683594,0.020999999716877937,1.2009999752044678,0.05999999865889549,0.5922319889068604,0.461463987827301,2.9000000953674316,0.968999981880188,781.9869995117188,-0.2080560028553009,0.9022420048713684,0.6759999990463257,0.5699999928474426,0.23310300707817078,0.19655199348926544,1.185960054397583,7.0,0.0,0.9399999976158142,0.8803219795227051,19.56879997253418,0.7013000249862671,45.1986008,-23.0511944,9.16327,26.098600387573242,4.363440166343935e-05,0.0375789999961853,-0.047724101692438126,7.88410980021581e-05,t17_f5_c3,ZTF20abxyayj
2460926.9384491,1,3172438444015,18.88360023498535,/ztf/archive/sci/2025/0908/438241/ztf_20250908438241_000251_zg_c11_o_q1_scimrefdiffimg.fits.fz,Kulkarni,1,3.172438444015015e+18,t,8.0,3172,40,251,910.0900268554688,2299.469970703125,45.1985992,-23.051191,18.73419952392578,0.14247000217437744,1.1821399927139282,18.691699981689453,0.3061999976634979,0.01308900024741888,18.625999450683594,0.020999999716877937,1.2009999752044678,0.05999999865889549,-0.8223519921302795,-0.042451001703739166,2.640000104904175,0.9610000252723694,781.0260009765625,0.1919189989566803,1.005620002746582,0.8790000081062317,0.8600000143051147,0.332955002784729,0.3257580101490021,1.022089958190918,3.0,0.0,0.942857027053833,0.9562839865684509,18.61720085144043,0.367000013589859,45.1986008,-23.0511944,8.25321,26.213199615478516,5.629779843729921e-05,0.039011400192976,-0.08260229974985123,0.0001085519979824312,t17_f5_c3,ZTF20abxyayj
2460928.9387847,1,3174438784015,19.074800491333008,/ztf/archive/sci/2025/0910/438368/ztf_20250910438368_000251_zg_c11_o_q1_scimrefdiffimg.fits.fz,Kulkarni,1,3.174438784015015e+18,1,3.0,3174,40,251,899.031005859375,2287.93994140625,45.1985096,-23.0511016,18.67639923095703,0.1336359977722168,0.8637059926986694,18.57539939880371,0.20649999380111694,0.44439101219177246,18.625999450683594,0.020999999716877937,1.2009999752044678,0.05999999865889549,-0.30417799949645996,-0.10095299780368805,3.319999933242798,0.9810000061988831,792.5579833984375,0.49939000606536865,0.8969159722328186,1.0019999742507935,0.8529999852180481,0.3018069863319397,0.2569279968738556,1.1746799945831299,1.0,0.0,0.9357140064239502,1.0,18.612899780273438,0.27410000562667847,45.1986008,-23.0511944,10.2304,26.247400283813477,7.018850010354072e-05,0.04559740051627159,-0.03021799959242344,0.00012670000432990491,t17_f5_c3,ZTF20abxyayj
2460928.9387847,1,3174438784015,19.074800491333008,/ztf/archive/sci/2025/0910/438368/ztf_20250910438368_000251_zg_c11_o_q1_scimrefdiffimg.fits.fz,Kulkarni,1,3.174438784015015e+18,t,3.0,3174,40,251,899.031005859375,2287.93994140625,45.1985096,-23.0511016,18.67639923095703,0.1336359977722168,0.8637059926986694,18.57539939880371,0.20649999380111694,0.44439101219177246,18.625999450683594,0.020999999716877937,1.2009999752044678,0.05999999865889549,-0.30417799949645996,-0.10095299780368805,3.319999933242798,0.9810000061988831,792.5579833984375,0.49939000606536865,0.8969159722328186,1.0019999742507935,0.8529999852180481,0.3018069863319397,0.2569279968738556,1.1746799945831299,1.0,0.0,0.9357140064239502,1.0,18.612899780273438,0.27410000562667847,45.1986008,-23.0511944,10.2304,26.247400283813477,7.018850010354072e-05,0.04559740051627159,-0.03021799959242344,0.00012670000432990491,t17_f5_c3,ZTF20abxyayj
2460928.9817361,2,3174481734015,19.27560043334961,/ztf/archive/sci/2025/0910/481725/ztf_20250910481725_000251_zr_c11_o_q1_scimrefdiffimg.fits.fz,Kulkarni,1,3.174481734015015e+18,t,2.0,3174,40,251,887.5059814453125,2299.1201171875,45.1985143,-23.0511755,18.9153995513916,0.15324999392032623,1.2467700242996216,18.786300659179688,0.20319999754428864,0.3449369966983795,18.13599967956543,0.032999999821186066,2.927000045776367,0.1469999998807907,-0.5579310059547424,-0.1291469931602478,1.532770037651062,0.8349999785423279,781.3770141601562,0.48930901288986206,2.0,0.9559999704360962,0.7870000004768372,0.6237059831619263,0.5134490132331848,1.2147400379180908,4.0,0.0,0.9242860078811646,1.0,18.739200592041016,0.2492000013589859,45.1986134,-23.0511963,7.96781,26.361400604248047,3.639499846030958e-05,0.036792099475860596,0.11217699944972992,5.1799299399135634e-05,t17_f5_c3,ZTF20abxyayj
2460930.9544792,2,3176454474015,19.667699813842773,/ztf/archive/sci/2025/0912/454468/ztf_20250912454468_000251_zr_c11_o_q1_scimrefdiffimg.fits.fz,Kulkarni,1,3.176454474015015e+18,1,9.0,3176,40,251,889.9099731445312,2318.4599609375,45.1985633,-23.0512419,18.85300064086914,0.09918899834156036,1.764739990234375,19.048099517822266,0.21930000185966492,0.23057200014591217,18.13599967956543,0.032999999821186066,2.927000045776367,0.1469999998807907,-0.00380500010214746,0.19508099555969238,2.950000047683716,1.0,762.0360107421875,0.6195669770240784,0.8569880127906799,0.7369999885559082,0.7300000190734863,0.24983100593090057,0.24745799601078033,1.0095900297164917,2.0,0.0,0.9271429777145386,0.9957029819488525,18.92009925842285,0.24940000474452972,45.1986134,-23.0511963,11.7031,26.31999969482422,2.6385599994682707e-05,0.03122970089316368,0.12182900309562683,3.736179860425182e-05,t17_f5_c3,ZTF20abxyayj
2460918.9603935,1,3164460394015,20.12380027770996,/ztf/archive/sci/2025/0831/459884/ztf_20250831459884_000251_zg_c11_o_q1_scimrefdiffimg.fits.fz,Qin,3,3.164460394015015e+18,t,11.0,3164,40,251,912.510986328125,2273.360107421875,45.1985953,-23.0511458,18.863300323486328,0.11530999839305878,2.768170118331909,18.785200119018555,0.10409999638795853,0.17360399663448334,18.625999450683594,0.020999999716877937,1.2009999752044678,0.05999999865889549,-0.532945990562439,-0.07813800126314163,2.7899999618530273,0.984000027179718,807.1430053710938,1.338610053062439,1.0086699724197388,0.8809999823570251,0.8130000233650208,0.3157710134983063,0.29139798879623413,1.0836399793624878,0.0,0.0,0.9671429991722107,1.0,18.765399932861328,0.1298000067472458,45.1986008,-23.0511944,19.2987,26.200300216674805,3.093210034421645e-05,0.034541599452495575,-0.03014790080487728,4.535089829005301e-05,t17_f5_c3,ZTF20abxyayj
2460923.8920486,2,3169392041315,18.795400619506836,/ztf/archive/sci/2025/0905/392049/ztf_20250905392049_001293_zr_c04_o_q2_scimrefdiffimg.fits.fz,Kulkarni,2,,,,3169,13,1293,,,,,,,,,,,,,,,,,,,,,,,,,,,,,,,,,,,,25.94849967956543,7.649639883311465e-05,0.04836240038275719,0.13555000722408295,0.00010961099906126037,t17_f5_c3,ZTF20abxyayj
2460923.8925231,2,3169392521315,18.838199615478516,/ztf/archive/sci/2025/0905/392523/ztf_20250905392523_001293_zr_c04_o_q2_scimrefdiffimg.fits.fz,Kulkarni,3,,,,3169,13,1293,,,,,,,,,,,,,,,,,,,,,,,,,,,,,,,,,,,,25.9773006439209,8.984099986264482e-05,0.05327169969677925,0.1330990046262741,0.00013463900540955365,t17_f5_c3,ZTF20abxyayj
2460928.9766667,2,3174476664015,19.232999801635742,/ztf/archive/sci/2025/0910/476655/ztf_20250910476655_000251_zr_c11_o_q1_scimrefdiffimg.fits.fz,Ahumada,3,,,,3174,40,251,,,,,,,,,,,,,,,,,,,,,,,,,,,,,,,,,,,,26.351999282836914,4.264040035195649e-05,0.0399090014398098,0.12214700132608414,5.9926100220764056e-05,t17_f5_c3,ZTF20abxyayj
2460930.9544792,2,3176454474015,19.667699813842773,/ztf/archive/sci/2025/0912/454468/ztf_20250912454468_000251_zr_c11_o_q1_scimrefdiffimg.fits.fz,Kulkarni,1,3.176454474015015e+18,t,9.0,3176,40,251,889.9099731445312,2318.4599609375,45.1985633,-23.0512419,18.85300064086914,0.09918899834156036,1.764739990234375,19.048099517822266,0.21930000185966492,0.23057200014591217,18.13599967956543,0.032999999821186066,2.927000045776367,0.1469999998807907,-0.00380500010214746,0.19508099555969238,2.950000047683716,1.0,762.0360107421875,0.6195669770240784,0.8569880127906799,0.7369999885559082,0.7300000190734863,0.24983100593090057,0.24745799601078033,1.0095900297164917,2.0,0.0,0.9271429777145386,0.9957029819488525,18.92009925842285,0.24940000474452972,45.1986134,-23.0511963,11.7031,26.31999969482422,2.6385599994682707e-05,0.03122970089316368,0.12182900309562683,3.736179860425182e-05,t17_f5_c3,ZTF20abxyayj
2460930.960706,1,3176460704015,19.285900115966797,/ztf/archive/sci/2025/0912/460706/ztf_20250912460706_000251_zg_c11_o_q1_scimrefdiffimg.fits.fz,Kulkarni,1,3.176460704015015e+18,t,5.0,3176,40,251,887.6649780273438,2318.9599609375,45.1986018,-23.0511418,18.805099487304688,0.11993499845266342,0.9918889999389648,19.01759910583496,0.26989999413490295,0.1867160052061081,18.625999450683594,0.020999999716877937,1.2009999752044678,0.05999999865889549,0.6307950019836426,0.21245400607585907,2.4600000381469727,0.9779999852180481,761.5399780273438,0.268310010433197,1.146720051765442,0.875,0.8080000281333923,0.35569098591804504,0.32845500111579895,1.082919955253601,3.0,0.0,0.9571430087089539,0.9872400164604187,19.266799926757812,0.43529999256134033,45.1986008,-23.0511944,11.0252,26.180099487304688,4.817720036953688e-05,0.03939250111579895,-0.01997769996523857,8.402830280829221e-05,t17_f5_c3,ZTF20abxyayj
2460934.0019676,1,3179501964015,20.130300521850586,/ztf/archive/sci/2025/0915/501806/ztf_20250915501806_000251_zg_c11_o_q1_scimrefdiffimg.fits.fz,Kulkarni,1,3.179501964015015e+18,t,10.0,3179,40,251,899.0700073242188,2309.7900390625,45.1986038,-23.0511949,18.741300582885742,0.07734400033950806,1.4049299955368042,18.590299606323242,0.09560000151395798,0.01001300010830164,18.625999450683594,0.020999999716877937,1.2009999752044678,0.05999999865889549,-0.21377800405025482,-0.15104800462722778,2.0399999618530273,0.9829999804496765,770.708984375,1.53997004032135,1.2429399490356445,0.7710000276565552,0.7450000047683716,0.3779410123825073,0.36519598960876465,1.0348999500274658,3.0,0.0,0.9771429896354675,1.0,18.537599563598633,0.11580000072717667,45.1986008,-23.0511944,11.9201,26.21030044555664,2.4747800125624053e-05,0.0305160004645586,-0.047617100179195404,3.661030132207088e-05,t17_f5_c3,ZTF20abxyayj
2460935.9176273,2,3181417624015,19.583499908447266,/ztf/archive/sci/2025/0917/417523/ztf_20250917417523_000251_zr_c11_o_q1_scimrefdiffimg.fits.fz,Kulkarni,1,,,,3181,40,251,,,,,,,,,,,,,,,,,,,,,,,,,,,,,,,,,,,,25.963699340820312,6.174689769977704e-05,0.04853609949350357,0.10976000130176544,8.782249642536044e-05,t17_f5_c3,ZTF20abxyayj
2460936.0021181,1,3181502114015,18.567800521850586,/ztf/archive/sci/2025/0917/501956/ztf_20250917501956_000251_zg_c11_o_q1_scimrefdiffimg.fits.fz,Kulkarni,1,,,,3181,40,251,,,,,,,,,,,,,,,,,,,,,,,,,,,,,,,,,,,,25.171499252319336,0.0005988859920762479,0.10245399922132492,-0.0269290991127491,0.0012655600439757109,t17_f5_c3,ZTF20abxyayj
2460941.8966319,1,3187396634015,20.074499130249023,/ztf/archive/sci/2025/0923/396366/ztf_20250923396366_000251_zg_c11_o_q1_scimrefdiffimg.fits.fz,Kulkarni,1,3.187396634015015e+18,1,9.0,3187,40,251,888.291015625,2307.2099609375,45.1985633,-23.0511754,18.80190086364746,0.0891449972987175,1.554710030555725,18.82040023803711,0.11429999768733978,0.1399330049753189,18.625999450683594,0.020999999716877937,1.2009999752044678,0.05999999865889549,-0.36264199018478394,0.01852799952030182,2.4000000953674316,0.9810000061988831,773.291015625,1.25409996509552,1.1489700078964233,0.8100000023841858,0.7310000061988831,0.3375000059604645,0.30458301305770874,1.1080700159072876,2.0,0.0,0.9657139778137207,1.0,18.713899612426758,0.13179999589920044,45.1986008,-23.0511944,13.5866,26.210899353027344,2.3258000510395505e-05,0.02918889932334423,-0.0496039018034935,3.509250018396415e-05,t17_f5_c3,ZTF20abxyayj
2460941.8966319,1,3187396634015,20.074499130249023,/ztf/archive/sci/2025/0923/396366/ztf_20250923396366_000251_zg_c11_o_q1_scimrefdiffimg.fits.fz,Kulkarni,1,3.187396634015015e+18,t,9.0,3187,40,251,888.291015625,2307.2099609375,45.1985633,-23.0511754,18.80190086364746,0.0891449972987175,1.554710030555725,18.82040023803711,0.11429999768733978,0.1399330049753189,18.625999450683594,0.020999999716877937,1.2009999752044678,0.05999999865889549,-0.36264199018478394,0.01852799952030182,2.4000000953674316,0.9810000061988831,773.291015625,1.25409996509552,1.1489700078964233,0.8100000023841858,0.7310000061988831,0.3375000059604645,0.30458301305770874,1.1080700159072876,2.0,0.0,0.9657139778137207,1.0,18.713899612426758,0.13179999589920044,45.1986008,-23.0511944,13.5866,26.210899353027344,2.3258000510395505e-05,0.02918889932334423,-0.0496039018034935,3.509250018396415e-05,t17_f5_c3,ZTF20abxyayj
2460941.9187731,2,3187418774015,20.067800521850586,/ztf/archive/sci/2025/0923/418611/ztf_20250923418611_000251_zr_c11_o_q1_scimrefdiffimg.fits.fz,Kulkarni,1,3.187418774015015e+18,t,10.0,3187,40,251,889.7869873046875,2311.199951171875,45.198583,-23.0512519,18.79640007019043,0.08211699873209,1.710729956626892,18.934499740600586,0.13249999284744263,0.22124800086021423,18.13599967956543,0.032999999821186066,2.927000045776367,0.1469999998807907,-0.07912400364875793,0.13809099793434143,2.4700000286102295,0.777999997138977,769.2999877929688,1.1332900524139404,1.0786800384521484,0.7879999876022339,0.7369999885559082,0.31902799010276794,0.2983810007572174,1.069200038909912,2.0,0.0,0.9571430087089539,1.0,18.755300521850586,0.1428000032901764,45.1986134,-23.0511963,9.5563,26.29640007019043,2.5194400222972035e-05,0.03040900081396103,0.12651200592517853,3.565549923223443e-05,t17_f5_c3,ZTF20abxyayj
2460943.9380556,1,3189438054015,20.194400787353516,/ztf/archive/sci/2025/0925/438032/ztf_20250925438032_000251_zg_c11_o_q1_scimrefdiffimg.fits.fz,Kulkarni,1,3.189438054015015e+18,1,11.0,3189,40,251,898.6719970703125,2275.919921875,45.1985972,-23.0511917,18.763200759887695,0.08585900068283081,1.7848800420761108,18.721799850463867,0.0940999984741211,0.015103000216186047,18.625999450683594,0.020999999716877937,1.2009999752044678,0.05999999865889549,0.10640700161457062,-0.04141100123524666,2.690000057220459,0.9819999933242798,804.5759887695312,1.4725799560546875,1.0259499549865723,0.8700000047683716,0.8309999704360962,0.323419988155365,0.3089219927787781,1.046929955482483,1.0,0.0,0.9685710072517395,1.0,18.720300674438477,0.11919999867677689,45.1986008,-23.0511944,18.1331,26.26919937133789,2.6591000278131105e-05,0.03168699890375137,-0.06590630114078522,3.8872800359968096e-05,t17_f5_c3,ZTF20abxyayj
2460943.9380556,1,3189438054015,20.194400787353516,/ztf/archive/sci/2025/0925/438032/ztf_20250925438032_000251_zg_c11_o_q1_scimrefdiffimg.fits.fz,Kulkarni,1,3.189438054015015e+18,t,11.0,3189,40,251,898.6719970703125,2275.919921875,45.1985972,-23.0511917,18.763200759887695,0.08585900068283081,1.7848800420761108,18.721799850463867,0.0940999984741211,0.015103000216186047,18.625999450683594,0.020999999716877937,1.2009999752044678,0.05999999865889549,0.10640700161457062,-0.04141100123524666,2.690000057220459,0.9819999933242798,804.5759887695312,1.4725799560546875,1.0259499549865723,0.8700000047683716,0.8309999704360962,0.323419988155365,0.3089219927787781,1.046929955482483,1.0,0.0,0.9685710072517395,1.0,18.720300674438477,0.11919999867677689,45.1986008,-23.0511944,18.1331,26.26919937133789,2.6591000278131105e-05,0.03168699890375137,-0.06590630114078522,3.8872800359968096e-05,t17_f5_c3,ZTF20abxyayj
2460943.9810301,2,3189481034015,20.092199325561523,/ztf/archive/sci/2025/0925/480868/ztf_20250925480868_000251_zr_c11_o_q1_scimrefdiffimg.fits.fz,Kulkarni,1,3.189481034015015e+18,t,9.0,3189,40,251,891.114013671875,2277.699951171875,45.1985432,-23.0512231,18.800500869750977,0.07388400286436081,1.7630900144577026,18.69230079650879,0.09929999709129333,0.24869999289512634,18.13599967956543,0.032999999821186066,2.927000045776367,0.1469999998807907,-0.5455710291862488,-0.10816299915313721,3.140000104904175,0.9779999852180481,802.802978515625,1.399880051612854,0.8912249803543091,0.7990000247955322,0.7710000276565552,0.2544589936733246,0.24554100632667542,1.0363199710845947,1.0,0.0,0.9628570079803467,1.0,18.65180015563965,0.12129999697208405,45.1986134,-23.0511963,13.3742,26.3435001373291,2.016889993683435e-05,0.027449199929833412,0.12021300196647644,2.8668600862147287e-05,t17_f5_c3,ZTF20abxyayj
2460932.9749653,2,3178474964015,20.162399291992188,/ztf/archive/sci/2025/0914/474965/ztf_20250914474965_000251_zr_c11_o_q1_scimrefdiffimg.fits.fz,Ahumada,3,3.178474964015015e+18,t,3.0,3178,40,251,905.614990234375,2316.39990234375,45.1985396,-23.0512172,18.9375,0.11521200090646744,3.470829963684082,18.969999313354492,0.13259999454021454,0.25268200039863586,18.13599967956543,0.032999999821186066,2.927000045776367,0.1469999998807907,0.8033429980278015,0.03246799856424332,2.7100000381469727,0.9789999723434448,764.1019897460938,1.1924099922180176,0.9328830242156982,0.718999981880188,0.6600000262260437,0.2653140127658844,0.24354200065135956,1.0893900394439697,6.0,0.0,0.9557139873504639,0.9918320178985596,18.928199768066406,0.16200000047683716,45.1986134,-23.0511963,17.3098,26.315500259399414,1.8218399418401532e-05,0.02623629942536354,0.13202999532222748,2.587169910839293e-05,t17_f5_c3,ZTF20abxyayj
2460949.9401389,2,3195440134015,20.19300079345703,/ztf/archive/sci/2025/1001/440127/ztf_20251001440127_000251_zr_c11_o_q1_scimrefdiffimg.fits.fz,Kulkarni,1,3.195440134015015e+18,t,14.0,3195,40,251,879.8880004882812,2297.409912109375,45.1985629,-23.0511639,18.701900482177734,0.08816099911928177,2.761549949645996,18.684900283813477,0.09920000284910202,0.20137499272823334,18.13599967956543,0.032999999821186066,2.927000045776367,0.1469999998807907,-0.12637099623680115,-0.01702900044620037,2.119999885559082,0.9750000238418579,783.0910034179688,1.5080699920654297,1.1983799934387207,0.6949999928474426,0.6639999747276306,0.3278299868106842,0.3132080137729645,1.0466899871826172,4.0,0.0,0.9585710167884827,1.0,18.703500747680664,0.12780000269412994,45.1986134,-23.0511963,15.8961,26.33489990234375,1.6987500202958472e-05,0.025431999936699867,0.13208000361919403,2.432750079606194e-05,t17_f5_c3,ZTF20abxyayj
2460950.9648148,2,3196464814015,20.25830078125,/ztf/archive/sci/2025/1002/464803/ztf_20251002464803_000251_zr_c11_o_q1_scimrefdiffimg.fits.fz,Ahumada,3,3.196464814015015e+18,t,16.0,3196,40,251,902.375,2316.719970703125,45.1985526,-23.0512086,18.735700607299805,0.09022500365972519,3.5050199031829834,18.745100021362305,0.10209999978542328,0.2037629932165146,18.13599967956543,0.032999999821186066,2.927000045776367,0.1469999998807907,0.05582199990749359,0.009374000132083893,2.4200000762939453,0.9990000128746033,763.7839965820312,1.5131700038909912,1.014299988746643,0.7139999866485596,0.6389999985694885,0.2950409948825836,0.2640500068664551,1.1173700094223022,2.0,0.0,0.9485710263252258,1.0,18.802499771118164,0.13650000095367432,45.1986134,-23.0511963,13.0498,26.351699829101562,1.569639971421566e-05,0.02409129962325096,0.11847399920225143,2.2102700313553214e-05,t17_f5_c3,ZTF20abxyayj
2460951.8932755,2,3197393274015,19.98069953918457,/ztf/archive/sci/2025/1003/393275/ztf_20251003393275_000251_zr_c11_o_q1_scimrefdiffimg.fits.fz,Ahumada,3,3.197393274015015e+18,t,9.0,3197,40,251,899.9940185546875,2312.81005859375,45.1985819,-23.0511902,18.711299896240234,0.09044899791479111,1.439460039138794,18.903200149536133,0.1428000032901764,0.10532499849796295,18.13599967956543,0.032999999821186066,2.927000045776367,0.1469999998807907,-0.26481500267982483,0.19193199276924133,2.369999885559082,0.9789999723434448,767.6920166015625,1.0775200128555298,1.0886199474334717,0.7319999933242798,0.6579999923706055,0.30886098742485046,0.2776370048522949,1.1124600172042847,6.0,0.0,0.9571430087089539,0.9987580180168152,18.719499588012695,0.15379999577999115,45.1986134,-23.0511963,10.8253,26.34429931640625,1.7803500668378547e-05,0.02587120048701763,0.12787100672721863,2.523580042179674e-05,t17_f5_c3,ZTF20abxyayj
2460951.9178472,1,3197417844015,20.165199279785156,/ztf/archive/sci/2025/1003/417222/ztf_20251003417222_000251_zg_c11_o_q1_scimrefdiffimg.fits.fz,Kulkarni,1,3.197417844015015e+18,t,6.0,3197,40,251,883.47998046875,2313.429931640625,45.1985752,-23.0511822,18.670400619506836,0.10510200262069702,4.3194499015808105,18.53860092163086,0.08370000123977661,0.0942630022764206,18.625999450683594,0.020999999716877937,1.2009999752044678,0.05999999865889549,0.23847100138664246,-0.13178199529647827,2.5199999809265137,0.9919999837875366,767.0709838867188,1.62663996219635,1.066640019416809,0.8610000014305115,0.8050000071525574,0.3416669964790344,0.3194440007209778,1.0695699453353882,3.0,0.0,0.9700000286102295,0.9931589961051941,18.54330062866211,0.10660000145435333,45.1986008,-23.0511944,22.8653,26.282400131225586,2.595630030555185e-05,0.030689900740981102,-0.055765699595212936,3.8279300497379154e-05,t17_f5_c3,ZTF20abxyayj
2460952.8991088,2,3198399104015,19.463300704956055,/ztf/archive/sci/2025/1004/399097/ztf_20251004399097_000251_zr_c11_o_q1_scimrefdiffimg.fits.fz,Kulkarni,1,3.198399104015015e+18,t,9.0,3198,40,251,882.0479736328125,2309.830078125,45.1985174,-23.0512751,18.775299072265625,0.11414399743080139,1.122979998588562,19.206499099731445,0.2581000030040741,0.42055898904800415,18.13599967956543,0.032999999821186066,2.927000045776367,0.1469999998807907,0.6213240027427673,0.4312320053577423,3.809999942779541,0.996999979019165,770.6669921875,0.25675201416015625,0.786558985710144,0.8939999938011169,0.7829999923706055,0.2346460074186325,0.20551200211048126,1.141759991645813,2.0,0.0,0.8771430253982544,1.0,19.10770034790039,0.301800012588501,45.1986134,-23.0511963,13.2077,26.345300674438477,2.8104899683967233e-05,0.03235530108213425,0.12032199651002884,4.0084600186673924e-05,t17_f5_c3,ZTF20abxyayj
2460954.9135532,2,3200413554015,19.45400047302246,/ztf/archive/sci/2025/1006/413438/ztf_20251006413438_000251_zr_c11_o_q1_scimrefdiffimg.fits.fz,Kulkarni,1,3.200413554015015e+18,1,2.0,3200,40,251,871.6589965820312,2323.22998046875,45.1985635,-23.0511785,18.824100494384766,0.156467005610466,2.16798996925354,19.058500289916992,0.29339998960494995,0.17496199905872345,18.13599967956543,0.032999999821186066,2.927000045776367,0.1469999998807907,0.6932430267333984,0.23436400294303894,2.3299999237060547,0.7799999713897705,757.2730102539062,0.39545899629592896,0.9908810257911682,0.5730000138282776,0.531000018119812,0.2459229975938797,0.22789700329303741,1.0791000127792358,5.0,0.0,0.9200000166893005,0.979278028011322,18.92690086364746,0.33320000767707825,45.1986134,-23.0511963,9.54297,26.318099975585938,4.149770029471256e-05,0.03927139937877655,0.13290800154209137,5.9243899158900604e-05,t17_f5_c3,ZTF20abxyayj
2460952.8967477,2,3198396744015,19.500200271606445,/ztf/archive/sci/2025/1004/396736/ztf_20251004396736_000251_zr_c11_o_q1_scimrefdiffimg.fits.fz,Ahumada,3,3.198396744015015e+18,t,7.0,3198,40,251,883.4329833984375,2308.18994140625,45.19856,-23.0512102,18.865800857543945,0.1264989972114563,1.36627995967865,18.888500213623047,0.18950000405311584,0.18136300146579742,18.13599967956543,0.032999999821186066,2.927000045776367,0.1469999998807907,-0.516165018081665,0.022735999897122383,2.890000104904175,0.8460000157356262,772.3070068359375,0.6117240190505981,1.0192999839782715,0.7639999985694885,0.7170000076293945,0.2643600106239319,0.2480970025062561,1.0655499696731567,4.0,0.0,0.945713996887207,1.0,18.868499755859375,0.23819999396800995,45.1986134,-23.0511963,10.1918,26.361799240112305,2.6847099434235133e-05,0.03153479844331741,0.11419499665498734,3.827390173682943e-05,t17_f5_c3,ZTF20abxyayj
2460954.9015278,2,3200401524015,19.43720054626465,/ztf/archive/sci/2025/1006/401528/ztf_20251006401528_000251_zr_c11_o_q1_scimrefdiffimg.fits.fz,Ahumada,3,,,,3200,40,251,,,,,,,,,,,,,,,,,,,,,,,,,,,,,,,,,,,,26.351900100708008,2.804769974318333e-05,0.03213080018758774,0.1151529997587204,3.9653601561440155e-05,t17_f5_c3,ZTF20abxyayj
2460954.9135532,2,3200413554015,19.45400047302246,/ztf/archive/sci/2025/1006/413438/ztf_20251006413438_000251_zr_c11_o_q1_scimrefdiffimg.fits.fz,Kulkarni,1,3.200413554015015e+18,t,2.0,3200,40,251,871.6589965820312,2323.22998046875,45.1985635,-23.0511785,18.824100494384766,0.156467005610466,2.16798996925354,19.058500289916992,0.29339998960494995,0.17496199905872345,18.13599967956543,0.032999999821186066,2.927000045776367,0.1469999998807907,0.6932430267333984,0.23436400294303894,2.3299999237060547,0.7799999713897705,757.2730102539062,0.39545899629592896,0.9908810257911682,0.5730000138282776,0.531000018119812,0.2459229975938797,0.22789700329303741,1.0791000127792358,5.0,0.0,0.9200000166893005,0.979278028011322,18.92690086364746,0.33320000767707825,45.1986134,-23.0511963,9.54297,26.318099975585938,4.149770029471256e-05,0.03927139937877655,0.13290800154209137,5.9243899158900604e-05,t17_f5_c3,ZTF20abxyayj
2460954.980787,1,3200480784015,18.843599319458008,/ztf/archive/sci/2025/1006/480602/ztf_20251006480602_000251_zg_c11_o_q1_scimrefdiffimg.fits.fz,Kulkarni,1,3.200480784015015e+18,t,3.0,3200,40,251,876.6400146484375,2314.93994140625,45.1985884,-23.0512078,18.59280014038086,0.13844400644302368,1.0104800462722778,18.746000289916992,0.3314000070095062,0.06239699944853783,18.625999450683594,0.020999999716877937,1.2009999752044678,0.05999999865889549,1.644700050354004,0.153221994638443,2.109999895095825,0.9750000238418579,765.56201171875,0.0975629985332489,1.2683199644088745,0.6800000071525574,0.5699999928474426,0.3222750127315521,0.27014198899269104,1.1929800510406494,4.0,0.0,0.947143018245697,0.9929609894752502,18.43160057067871,0.31850001215934753,45.1986008,-23.0511944,10.2081,26.196800231933594,7.851189729990438e-05,0.04445840045809746,-0.01975570060312748,0.00015315199561882764,t17_f5_c3,ZTF20abxyayj
2460955.9295718,2,3201429574015,19.160499572753906,/ztf/archive/sci/2025/1007/429560/ztf_20251007429560_000251_zr_c11_o_q1_scimrefdiffimg.fits.fz,Kulkarni,1,3.201429574015015e+18,1,1.0,3201,40,251,890.7960205078125,2318.0400390625,45.1985144,-23.0512508,18.796100616455078,0.13230299949645996,0.8778290152549744,18.856000900268555,0.28279998898506165,0.37723100185394287,18.13599967956543,0.032999999821186066,2.927000045776367,0.1469999998807907,-0.7589259743690491,0.059881001710891724,2.799999952316284,0.8600000143051147,762.4630126953125,0.3044629991054535,0.9275429844856262,0.8069999814033508,0.628000020980835,0.2882139980792999,0.2242860049009323,1.2850300073623657,4.0,0.0,0.9200000166893005,1.0,18.87030029296875,0.3677999973297119,45.1986134,-23.0511963,9.54281,26.364099502563477,4.2495099478401244e-05,0.03915710002183914,0.12923100590705872,6.0756199673051015e-05,t17_f5_c3,ZTF20abxyayj
2460943.9380556,1,3189438054015,20.194400787353516,/ztf/archive/sci/2025/0925/438032/ztf_20250925438032_000251_zg_c11_o_q1_scimrefdiffimg.fits.fz,Kulkarni,1,,,,3189,40,251,,,,,,,,,,,,,,,,,,,,,,,,,,,,,,,,,,,,26.26919937133789,2.6591000278131105e-05,0.03168699890375137,-0.06590630114078522,3.8872800359968096e-05,t17_f5_c3,ZTF20abxyayj
2460943.9810301,2,3189481034015,20.092199325561523,/ztf/archive/sci/2025/0925/480868/ztf_20250925480868_000251_zr_c11_o_q1_scimrefdiffimg.fits.fz,Kulkarni,1,,,,3189,40,251,,,,,,,,,,,,,,,,,,,,,,,,,,,,,,,,,,,,26.3435001373291,2.016889993683435e-05,0.027449199929833412,0.12021300196647644,2.8668600862147287e-05,t17_f5_c3,ZTF20abxyayj
2460955.9295718,2,3201429574015,19.160499572753906,/ztf/archive/sci/2025/1007/429560/ztf_20251007429560_000251_zr_c11_o_q1_scimrefdiffimg.fits.fz,Kulkarni,1,,,,3201,40,251,,,,,,,,,,,,,,,,,,,,,,,,,,,,,,,,,,,,26.364099502563477,4.2495099478401244e-05,0.03915710002183914,0.12923100590705872,6.0756199673051015e-05,t17_f5_c3,ZTF20abxyayj
2460955.9815394,1,3201481534015,18.625699996948242,/ztf/archive/sci/2025/1007/481539/ztf_20251007481539_000251_zg_c11_o_q1_scimrefdiffimg.fits.fz,Kulkarni,1,3.201481534015015e+18,t,3.0,3201,40,251,884.718994140625,2310.72998046875,45.1985928,-23.0511718,18.631500244140625,0.19531899690628052,1.127709984779358,18.51449966430664,0.31949999928474426,0.08446700125932693,18.625999450683594,0.020999999716877937,1.2009999752044678,0.05999999865889549,1.4511499404907227,-0.11702000349760056,1.3684200048446655,0.9229999780654907,769.7650146484375,0.11123500019311905,2.0,0.6579999923706055,0.609000027179718,0.48084700107574463,0.4450399875640869,1.0804599523544312,3.0,0.0,0.9042860269546509,1.0,18.621400833129883,0.45320001244544983,45.1986008,-23.0511944,8.26567,26.204500198364258,7.960009679663926e-05,0.038385700434446335,-0.02807619981467724,0.0001792859984561801,t17_f5_c3,ZTF20abxyayj
2460956.8974306,1,3202397434015,18.970300674438477,/ztf/archive/sci/2025/1008/397431/ztf_20251008397431_000251_zg_c11_o_q1_scimrefdiffimg.fits.fz,Kulkarni,1,3.202397434015015e+18,1,1.0,3202,40,251,889.1909790039062,2316.110107421875,45.1985915,-23.0511949,18.425500869750977,0.12176299840211868,1.318850040435791,18.43239974975586,0.22030000388622284,0.03053000010550022,18.625999450683594,0.020999999716877937,1.2009999752044678,0.05999999865889549,1.0962300300598145,0.0068720001727342606,2.5199999809265137,0.9819999933242798,764.385009765625,0.5378739833831787,1.066640019416809,0.8690000176429749,0.7310000061988831,0.34484100341796875,0.2900789976119995,1.1887799501419067,2.0,0.0,0.9542859792709351,1.0,18.45050048828125,0.28760001063346863,45.1986008,-23.0511944,10.1876,26.269500732421875,7.770949741825461e-05,0.04584889858961105,-0.03145299851894379,0.0001443350047338754,t17_f5_c3,ZTF20abxyayj
2460956.8974306,1,3202397434015,18.970300674438477,/ztf/archive/sci/2025/1008/397431/ztf_20251008397431_000251_zg_c11_o_q1_scimrefdiffimg.fits.fz,Kulkarni,1,3.202397434015015e+18,t,1.0,3202,40,251,889.1909790039062,2316.110107421875,45.1985915,-23.0511949,18.425500869750977,0.12176299840211868,1.318850040435791,18.43239974975586,0.22030000388622284,0.03053000010550022,18.625999450683594,0.020999999716877937,1.2009999752044678,0.05999999865889549,1.0962300300598145,0.0068720001727342606,2.5199999809265137,0.9819999933242798,764.385009765625,0.5378739833831787,1.066640019416809,0.8690000176429749,0.7310000061988831,0.34484100341796875,0.2900789976119995,1.1887799501419067,2.0,0.0,0.9542859792709351,1.0,18.45050048828125,0.28760001063346863,45.1986008,-23.0511944,10.1876,26.269500732421875,7.770949741825461e-05,0.04584889858961105,-0.03145299851894379,0.0001443350047338754,t17_f5_c3,ZTF20abxyayj
2460956.9811574,2,3202481154015,18.968799591064453,/ztf/archive/sci/2025/1008/480961/ztf_20251008480961_000251_zr_c11_o_q1_scimrefdiffimg.fits.fz,Kulkarni,1,3.202481154015015e+18,t,10.0,3202,40,251,892.510009765625,2307.2900390625,45.1986406,-23.051193,18.6476993560791,0.16720199584960938,1.4290200471878052,18.75779914855957,0.26489999890327454,0.08975599706172943,18.13599967956543,0.032999999821186066,2.927000045776367,0.1469999998807907,-1.2863999605178833,0.11008799821138382,2.9000000953674316,0.8610000014305115,773.2150268554688,0.2110150009393692,1.0420600175857544,0.9020000100135803,0.8009999990463257,0.3110339939594269,0.27620700001716614,1.1260900497436523,4.0,0.0,0.9371430277824402,0.9977089762687683,18.968000411987305,0.41260001063346863,45.1986134,-23.0511963,9.1721,26.327699661254883,5.387490091379732e-05,0.04314599931240082,0.12668399512767792,7.68192985560745e-05,t17_f5_c3,ZTF20abxyayj
2460957.8964931,1,3203396494015,18.84600067138672,/ztf/archive/sci/2025/1009/396435/ztf_20251009396435_000251_zg_c11_o_q1_scimrefdiffimg.fits.fz,Kulkarni,1,,,,3203,40,251,,,,,,,,,,,,,,,,,,,,,,,,,,,,,,,,,,,,26.225400924682617,6.853300146758556e-05,0.04056210070848465,-0.028574399650096893,0.00013601299724541605,t17_f5_c3,ZTF20abxyayj
2460960.9177778,2,3206417774015,20.023799896240234,/ztf/archive/sci/2025/1012/417222/ztf_20251012417222_000251_zr_c11_o_q1_scimrefdiffimg.fits.fz,Kulkarni,1,3.206417774015015e+18,1,5.0,3206,40,251,896.1749877929688,2311.14990234375,45.1985546,-23.0512403,18.62220001220703,0.07459399849176407,1.537950038909912,18.561899185180664,0.1031000018119812,0.24786899983882904,18.13599967956543,0.032999999821186066,2.927000045776367,0.1469999998807907,-0.2712160050868988,-0.06030799821019173,2.319999933242798,0.9760000109672546,769.3460083007812,1.4619100093841553,1.0864700078964233,0.7429999709129333,0.6880000233650208,0.3202590048313141,0.29655200242996216,1.0799399614334106,4.0,0.0,0.9557139873504639,1.0,18.438499450683594,0.11710000038146973,45.1986134,-23.0511963,8.8469,26.36720085144043,1.818810051190667e-05,0.026007499545812607,0.1192450001835823,2.5710200134199113e-05,t17_f5_c3,ZTF20abxyayj
2460960.9177778,2,3206417774015,20.023799896240234,/ztf/archive/sci/2025/1012/417222/ztf_20251012417222_000251_zr_c11_o_q1_scimrefdiffimg.fits.fz,Kulkarni,1,3.206417774015015e+18,t,5.0,3206,40,251,896.1749877929688,2311.14990234375,45.1985546,-23.0512403,18.62220001220703,0.07459399849176407,1.537950038909912,18.561899185180664,0.1031000018119812,0.24786899983882904,18.13599967956543,0.032999999821186066,2.927000045776367,0.1469999998807907,-0.2712160050868988,-0.06030799821019173,2.319999933242798,0.9760000109672546,769.3460083007812,1.4619100093841553,1.0864700078964233,0.7429999709129333,0.6880000233650208,0.3202590048313141,0.29655200242996216,1.0799399614334106,4.0,0.0,0.9557139873504639,1.0,18.438499450683594,0.11710000038146973,45.1986134,-23.0511963,8.8469,26.36720085144043,1.818810051190667e-05,0.026007499545812607,0.1192450001835823,2.5710200134199113e-05,t17_f5_c3,ZTF20abxyayj
2460960.9906481,1,3206490644015,19.345399856567383,/ztf/archive/sci/2025/1012/490567/ztf_20251012490567_000251_zg_c11_o_q1_scimrefdiffimg.fits.fz,Kulkarni,1,3.206490644015015e+18,t,5.0,3206,40,251,893.9970092773438,2300.2099609375,45.1985871,-23.051126,18.694400787353516,0.1166360005736351,1.3262300491333008,18.94580078125,0.22699999809265137,0.2472030073404312,18.625999450683594,0.020999999716877937,1.2009999752044678,0.05999999865889549,1.1947100162506104,0.2513999938964844,4.260000228881836,0.9890000224113464,780.2880249023438,0.3996320068836212,0.6990050077438354,0.8920000195503235,0.8299999833106995,0.20938999950885773,0.19483600556850433,1.0746999979019165,1.0,0.0,0.9142860174179077,1.0,18.826200485229492,0.26089999079704285,45.1986008,-23.0511944,11.59,26.168399810791016,4.6943299821577966e-05,0.03974590077996254,-0.05062690004706383,7.814249693183228e-05,t17_f5_c3,ZTF20abxyayj
2460961.8548264,1,3207354824015,19.70359992980957,/ztf/archive/sci/2025/1013/354792/ztf_20251013354792_000251_zg_c11_o_q1_scimrefdiffimg.fits.fz,Kulkarni,1,3.207354824015015e+18,1,7.0,3207,40,251,892.7670288085938,2316.090087890625,45.1986035,-23.0512002,18.52720069885254,0.08368600159883499,1.4857699871063232,18.473600387573242,0.10080000013113022,0.022461000829935074,18.625999450683594,0.020999999716877937,1.2009999752044678,0.05999999865889549,-0.31641098856925964,-0.05356400087475777,3.180000066757202,0.9829999804496765,764.406005859375,1.2300000190734863,0.9958739876747131,1.0520000457763672,0.9769999980926514,0.3308179974555969,0.3072330057621002,1.0767699480056763,0.0,0.0,0.9628570079803467,1.0,18.36479949951172,0.11630000174045563,45.1986008,-23.0511944,17.2075,26.276199340820312,4.299189822631888e-05,0.03839059919118881,-0.048944201320409775,7.026809907983989e-05,t17_f5_c3,ZTF20abxyayj
2460961.8548264,1,3207354824015,19.70359992980957,/ztf/archive/sci/2025/1013/354792/ztf_20251013354792_000251_zg_c11_o_q1_scimrefdiffimg.fits.fz,Kulkarni,1,3.207354824015015e+18,t,7.0,3207,40,251,892.7670288085938,2316.090087890625,45.1986035,-23.0512002,18.52720069885254,0.08368600159883499,1.4857699871063232,18.473600387573242,0.10080000013113022,0.022461000829935074,18.625999450683594,0.020999999716877937,1.2009999752044678,0.05999999865889549,-0.31641098856925964,-0.05356400087475777,3.180000066757202,0.9829999804496765,764.406005859375,1.2300000190734863,0.9958739876747131,1.0520000457763672,0.9769999980926514,0.3308179974555969,0.3072330057621002,1.0767699480056763,0.0,0.0,0.9628570079803467,1.0,18.36479949951172,0.11630000174045563,45.1986008,-23.0511944,17.2075,26.276199340820312,4.299189822631888e-05,0.03839059919118881,-0.048944201320409775,7.026809907983989e-05,t17_f5_c3,ZTF20abxyayj
2460961.8992593,2,3207399254015,20.147499084472656,/ztf/archive/sci/2025/1013/399248/ztf_20251013399248_000251_zr_c11_o_q1_scimrefdiffimg.fits.fz,Kulkarni,1,3.207399254015015e+18,t,6.0,3207,40,251,896.0180053710938,2318.929931640625,45.1985944,-23.0512152,18.686100006103516,0.0722770020365715,1.060539960861206,18.746999740600586,0.10999999940395355,0.0915680006146431,18.13599967956543,0.032999999821186066,2.927000045776367,0.1469999998807907,0.04358600080013275,0.060920000076293945,2.440000057220459,0.9660000205039978,761.5709838867188,1.4005000591278076,1.02892005443573,0.7540000081062317,0.6320000290870667,0.30901598930358887,0.2590160071849823,1.1930400133132935,2.0,0.0,0.9528570175170898,1.0,18.692699432373047,0.13289999961853027,45.1986134,-23.0511963,9.31836,26.377099990844727,1.70166003954364e-05,0.02513580024242401,0.11988700181245804,2.3988099201233126e-05,t17_f5_c3,ZTF20abxyayj
2460955.900162,2,3201400164015,19.065399169921875,/ztf/archive/sci/2025/1007/400162/ztf_20251007400162_000251_zr_c11_o_q1_scimrefdiffimg.fits.fz,Ahumada,3,3.201400164015015e+18,t,5.0,3201,40,251,897.6649780273438,2320.3701171875,45.1985587,-23.0511976,18.64590072631836,0.13401900231838226,1.2831300497055054,18.501699447631836,0.21469999849796295,0.17893800139427185,18.13599967956543,0.032999999821186066,2.927000045776367,0.1469999998807907,-0.17398099601268768,-0.14416399598121643,2.0999999046325684,0.9850000143051147,760.1309814453125,0.5637140274047852,1.2833199501037598,0.7170000076293945,0.6620000004768372,0.3414289951324463,0.31523799896240234,1.0830800533294678,4.0,0.0,0.949999988079071,1.0,18.32990074157715,0.23520000278949738,45.1986134,-23.0511963,10.9419,26.346900939941406,3.263489998062141e-05,0.035060398280620575,0.1264220029115677,4.649699985748157e-05,t17_f5_c3,ZTF20abxyayj
2460965.8885069,1,3211388504015,19.739099502563477,/ztf/archive/sci/2025/1017/388414/ztf_20251017388414_000251_zg_c11_o_q1_scimrefdiffimg.fits.fz,Kulkarni,1,3.211388504015015e+18,t,9.0,3211,40,251,897.35302734375,2332.760009765625,45.1985933,-23.0512003,18.48940086364746,0.08899600058794022,1.558859944343567,18.558900833129883,0.09440000355243683,0.032168999314308167,18.625999450683594,0.020999999716877937,1.2009999752044678,0.05999999865889549,0.4264430105686188,0.06946499645709991,3.7300000190734863,0.9800000190734863,747.7369995117188,1.180150032043457,0.9571020007133484,1.1069999933242798,1.059999942779541,0.2967830002307892,0.28418201208114624,1.0443400144577026,1.0,0.0,0.9357140064239502,1.0,18.468299865722656,0.11050000041723251,45.1986008,-23.0511944,21.1411,26.275400161743164,3.658579953480512e-05,0.03549249842762947,-0.0582956001162529,6.068019865779206e-05,t17_f5_c3,ZTF20abxyayj
2460967.8966319,1,3213396634015,20.114200592041016,/ztf/archive/sci/2025/1019/396493/ztf_20251019396493_000251_zg_c11_o_q1_scimrefdiffimg.fits.fz,Kulkarni,1,3.213396634015015e+18,1,4.0,3213,40,251,890.1099853515625,2322.1201171875,45.1985738,-23.0511696,18.435400009155273,0.0711740031838417,1.575029969215393,18.585800170898438,0.09210000187158585,0.12488800287246704,18.625999450683594,0.020999999716877937,1.2009999752044678,0.05999999865889549,0.37140798568725586,0.1504479944705963,2.2799999713897705,0.9829999804496765,758.385009765625,1.528380036354065,1.1685700416564941,0.7879999876022339,0.7149999737739563,0.3456139862537384,0.3135960102081299,1.1021000146865845,1.0,0.0,0.9642860293388367,1.0,18.634000778198242,0.12229999899864197,45.1986008,-23.0511944,15.1884,26.273399353027344,2.9488799555110745e-05,0.03293539956212044,-0.03438340127468109,4.321219967096113e-05,t17_f5_c3,ZTF20abxyayj
2460967.8966319,1,3213396634015,20.114200592041016,/ztf/archive/sci/2025/1019/396493/ztf_20251019396493_000251_zg_c11_o_q1_scimrefdiffimg.fits.fz,Kulkarni,1,3.213396634015015e+18,t,4.0,3213,40,251,890.1099853515625,2322.1201171875,45.1985738,-23.0511696,18.435400009155273,0.0711740031838417,1.575029969215393,18.585800170898438,0.09210000187158585,0.12488800287246704,18.625999450683594,0.020999999716877937,1.2009999752044678,0.05999999865889549,0.37140798568725586,0.1504479944705963,2.2799999713897705,0.9829999804496765,758.385009765625,1.528380036354065,1.1685700416564941,0.7879999876022339,0.7149999737739563,0.3456139862537384,0.3135960102081299,1.1021000146865845,1.0,0.0,0.9642860293388367,1.0,18.634000778198242,0.12229999899864197,45.1986008,-23.0511944,15.1884,26.273399353027344,2.9488799555110745e-05,0.03293539956212044,-0.03438340127468109,4.321219967096113e-05,t17_f5_c3,ZTF20abxyayj
2460967.9394907,2,3213439494015,19.83139991760254,/ztf/archive/sci/2025/1019/439317/ztf_20251019439317_000251_zr_c11_o_q1_scimrefdiffimg.fits.fz,Kulkarni,1,3.213439494015015e+18,t,4.0,3213,40,251,872.3679809570312,2318.820068359375,45.1985958,-23.0511524,18.62470054626465,0.10031899809837341,1.7656999826431274,18.743999481201172,0.12280000001192093,0.16598199307918549,18.13599967956543,0.032999999821186066,2.927000045776367,0.1469999998807907,-0.532139003276825,0.11927299946546555,3.5899999141693115,0.9610000252723694,761.677978515625,1.087399959564209,0.8282780051231384,0.8209999799728394,0.7739999890327454,0.2286909967660904,0.21559900045394897,1.0607199668884277,1.0,0.0,0.9399999976158142,1.0,18.718000411987305,0.1527000069618225,45.1986134,-23.0511963,11.86,26.35770034790039,2.3503200281993486e-05,0.029493000358343124,0.13078799843788147,3.36008015437983e-05,t17_f5_c3,ZTF20abxyayj
2460968.8343519,2,3214334354015,20.256999969482422,/ztf/archive/sci/2025/1020/334213/ztf_20251020334213_000251_zr_c11_o_q1_scimrefdiffimg.fits.fz,Kulkarni,1,3.214334354015015e+18,1,7.0,3214,40,251,884.4400024414062,2316.760009765625,45.1985673,-23.0511821,18.622100830078125,0.07612500339746475,4.081550121307373,18.739900588989258,0.1005999967455864,0.1588599979877472,18.13599967956543,0.032999999821186066,2.927000045776367,0.1469999998807907,-0.2218009978532791,0.11778400093317032,2.7100000381469727,1.0,763.7420043945312,1.5171400308609009,0.9180160164833069,0.675000011920929,0.6399999856948853,0.24907700717449188,0.236162006855011,1.0546900033950806,4.0,0.0,0.9585710167884827,0.9616600275039673,18.597900390625,0.11180000007152557,45.1986134,-23.0511963,14.8948,26.365100860595703,1.6310299542965367e-05,0.024611299857497215,0.12241800129413605,2.3281299945665523e-05,t17_f5_c3,ZTF20abxyayj
2460966.9175694,2,3212417564015,19.880599975585938,/ztf/archive/sci/2025/1018/417500/ztf_20251018417500_000251_zr_c11_o_q1_scimrefdiffimg.fits.fz,Ahumada,3,3.212417564015015e+18,t,14.0,3212,40,251,892.3419799804688,2325.14990234375,45.1985268,-23.0512075,18.661399841308594,0.08877799659967422,1.6171000003814697,18.776199340820312,0.12160000205039978,0.2862609922885895,18.13599967956543,0.032999999821186066,2.927000045776367,0.1469999998807907,-0.12075000256299973,0.11480700224637985,2.819999933242798,0.9789999723434448,755.35498046875,1.1044100522994995,1.051419973373413,0.9020000100135803,0.8360000252723694,0.31985801458358765,0.2964540123939514,1.078950047492981,1.0,0.0,0.9528570175170898,1.0,18.789400100708008,0.156700000166893,45.1986134,-23.0511963,13.0163,26.35540008544922,2.2924399672774598e-05,0.029132399708032608,0.1284240037202835,3.240639853174798e-05,t17_f5_c3,ZTF20abxyayj
2460968.8559838,1,3214355984015,19.912500381469727,/ztf/archive/sci/2025/1020/355810/ztf_20251020355810_000251_zg_c11_o_q1_scimrefdiffimg.fits.fz,Kulkarni,1,3.214355984015015e+18,1,10.0,3214,40,251,880.469970703125,2321.169921875,45.1985674,-23.051237,18.568300247192383,0.09352000057697296,1.5723299980163574,18.431699752807617,0.08150000125169754,0.18657900393009186,18.625999450683594,0.020999999716877937,1.2009999752044678,0.05999999865889549,-0.5417600274085999,-0.13659200072288513,3.75,0.9649999737739563,759.3289794921875,1.4808399677276611,0.839165985584259,1.159000039100647,1.1119999885559082,0.3090670108795166,0.2965329885482788,1.0422699451446533,1.0,0.0,0.8871430158615112,1.0,18.376399993896484,0.09830000251531601,45.1986008,-23.0511944,19.6102,26.268299102783203,3.490140079520643e-05,0.035617001354694366,-0.04060729965567589,5.475770012708381e-05,t17_f5_c3,ZTF20abxyayj
2460968.8343519,2,3214334354015,20.256999969482422,/ztf/archive/sci/2025/1020/334213/ztf_20251020334213_000251_zr_c11_o_q1_scimrefdiffimg.fits.fz,Kulkarni,1,3.214334354015015e+18,t,7.0,3214,40,251,884.4400024414062,2316.760009765625,45.1985673,-23.0511821,18.622100830078125,0.07612500339746475,4.081550121307373,18.739900588989258,0.1005999967455864,0.1588599979877472,18.13599967956543,0.032999999821186066,2.927000045776367,0.1469999998807907,-0.2218009978532791,0.11778400093317032,2.7100000381469727,1.0,763.7420043945312,1.5171400308609009,0.9180160164833069,0.675000011920929,0.6399999856948853,0.24907700717449188,0.236162006855011,1.0546900033950806,4.0,0.0,0.9585710167884827,0.9616600275039673,18.597900390625,0.11180000007152557,45.1986134,-23.0511963,14.8948,26.365100860595703,1.6310299542965367e-05,0.024611299857497215,0.12241800129413605,2.3281299945665523e-05,t17_f5_c3,ZTF20abxyayj
2460968.8559838,1,3214355984015,19.912500381469727,/ztf/archive/sci/2025/1020/355810/ztf_20251020355810_000251_zg_c11_o_q1_scimrefdiffimg.fits.fz,Kulkarni,1,3.214355984015015e+18,t,10.0,3214,40,251,880.469970703125,2321.169921875,45.1985674,-23.051237,18.568300247192383,0.09352000057697296,1.5723299980163574,18.431699752807617,0.08150000125169754,0.18657900393009186,18.625999450683594,0.020999999716877937,1.2009999752044678,0.05999999865889549,-0.5417600274085999,-0.13659200072288513,3.75,0.9649999737739563,759.3289794921875,1.4808399677276611,0.839165985584259,1.159000039100647,1.1119999885559082,0.3090670108795166,0.2965329885482788,1.0422699451446533,1.0,0.0,0.8871430158615112,1.0,18.376399993896484,0.09830000251531601,45.1986008,-23.0511944,19.6102,26.268299102783203,3.490140079520643e-05,0.035617001354694366,-0.04060729965567589,5.475770012708381e-05,t17_f5_c3,ZTF20abxyayj
2460971.8523495,2,3217352344015,20.120899200439453,/ztf/archive/sci/2025/1023/352338/ztf_20251023352338_000251_zr_c11_o_q1_scimrefdiffimg.fits.fz,Kulkarni,1,3.217352344015015e+18,t,7.0,3217,40,251,880.7860107421875,2322.72998046875,45.198566,-23.0512142,18.62649917602539,0.07690700143575668,2.252470016479492,18.62380027770996,0.09149999916553497,0.16766299307346344,18.13599967956543,0.032999999821186066,2.927000045776367,0.1469999998807907,0.6636670231819153,-0.002655999967828393,2.5,0.9810000061988831,757.7730102539062,1.4970899820327759,1.1130399703979492,0.7720000147819519,0.7160000205039978,0.30880001187324524,0.2863999903202057,1.0782099962234497,1.0,0.0,0.9614289999008179,1.0,18.680099487304688,0.12200000137090683,45.1986134,-23.0511963,20.0374,26.36050033569336,1.7628599380259402e-05,0.02571769990026951,0.11356200277805328,2.5167299099848606e-05,t17_f5_c3,ZTF20abxyayj
2460973.8536806,1,3219353684015,20.321500778198242,/ztf/archive/sci/2025/1025/353681/ztf_20251025353681_000251_zg_c11_o_q1_scimrefdiffimg.fits.fz,Kulkarni,1,3.219353684015015e+18,1,6.0,3219,40,251,890.281982421875,2314.199951171875,45.1985853,-23.0512087,18.45949935913086,0.06425800174474716,2.3447999954223633,18.464799880981445,0.06710000336170197,0.07177799940109253,18.625999450683594,0.020999999716877937,1.2009999752044678,0.05999999865889549,0.2927820086479187,0.005332000087946653,2.609999895095825,0.984000027179718,766.302001953125,1.8567500114440918,1.0582799911499023,0.847000002861023,0.8159999847412109,0.324521005153656,0.31264400482177734,1.0379899740219116,1.0,0.0,0.9585710167884827,1.0,18.511999130249023,0.08829999715089798,45.1986008,-23.0511944,19.5703,26.267499923706055,2.6429899662616663e-05,0.03134619817137718,-0.03663409873843193,3.797650060732849e-05,t17_f5_c3,ZTF20abxyayj
2460973.8536806,1,3219353684015,20.321500778198242,/ztf/archive/sci/2025/1025/353681/ztf_20251025353681_000251_zg_c11_o_q1_scimrefdiffimg.fits.fz,Kulkarni,1,3.219353684015015e+18,t,6.0,3219,40,251,890.281982421875,2314.199951171875,45.1985853,-23.0512087,18.45949935913086,0.06425800174474716,2.3447999954223633,18.464799880981445,0.06710000336170197,0.07177799940109253,18.625999450683594,0.020999999716877937,1.2009999752044678,0.05999999865889549,0.2927820086479187,0.005332000087946653,2.609999895095825,0.984000027179718,766.302001953125,1.8567500114440918,1.0582799911499023,0.847000002861023,0.8159999847412109,0.324521005153656,0.31264400482177734,1.0379899740219116,1.0,0.0,0.9585710167884827,1.0,18.511999130249023,0.08829999715089798,45.1986008,-23.0511944,19.5703,26.267499923706055,2.6429899662616663e-05,0.03134619817137718,-0.03663409873843193,3.797650060732849e-05,t17_f5_c3,ZTF20abxyayj
2460973.8983912,2,3219398394015,20.26569938659668,/ztf/archive/sci/2025/1025/398391/ztf_20251025398391_000251_zr_c11_o_q1_scimrefdiffimg.fits.fz,Kulkarni,1,3.219398394015015e+18,t,4.0,3219,40,251,897.3419799804688,2314.969970703125,45.1985586,-23.051226,18.528799057006836,0.06405600160360336,3.0239899158477783,18.465999603271484,0.07450000196695328,0.20794899761676788,18.13599967956543,0.032999999821186066,2.927000045776367,0.1469999998807907,0.19812099635601044,-0.06281200051307678,2.549999952316284,0.9769999980926514,765.5289916992188,1.7997100353240967,1.02701997756958,0.7689999938011169,0.703000009059906,0.30156901478767395,0.27568599581718445,1.0938800573349,2.0,0.0,0.9628570079803467,0.9932559728622437,18.468799591064453,0.094200000166893,45.1986134,-23.0511963,12.3737,26.34079933166504,1.8796099539031275e-05,0.026605699211359024,0.13603299856185913,2.6576899472274818e-05,t17_f5_c3,ZTF20abxyayj
2460975.8625579,2,3221362554015,19.913400650024414,/ztf/archive/sci/2025/1027/362546/ztf_20251027362546_000251_zr_c11_o_q1_scimrefdiffimg.fits.fz,Kulkarni,1,3.221362554015015e+18,t,10.0,3221,40,251,876.0989990234375,2319.02001953125,45.1985924,-23.0511853,18.574600219726562,0.08950799703598022,1.0582799911499023,18.630599975585938,0.09369999915361404,0.07900399714708328,18.13599967956543,0.032999999821186066,2.927000045776367,0.1469999998807907,-0.5222020149230957,0.05603399872779846,3.359999895095825,0.9829999804496765,761.4760131835938,1.2828099727630615,0.9854670166969299,1.128000020980835,1.00600004196167,0.3357140123844147,0.2994050085544586,1.121269941329956,0.0,0.0,0.9014289975166321,1.0,18.586299896240234,0.11389999836683273,45.1986134,-23.0511963,13.3065,26.340599060058594,2.2656500732409768e-05,0.029050299897789955,0.13496500253677368,3.236449992982671e-05,t17_f5_c3,ZTF20abxyayj
2460977.8548843,2,3223354884015,20.15130043029785,/ztf/archive/sci/2025/1029/354803/ztf_20251029354803_000251_zr_c11_o_q1_scimrefdiffimg.fits.fz,Kulkarni,1,3.223354884015015e+18,1,3.0,3223,40,251,896.2730102539062,2306.889892578125,45.1985643,-23.0512159,18.58340072631836,0.0793130025267601,2.2963099479675293,18.604299545288086,0.09260000288486481,0.1750970035791397,18.13599967956543,0.032999999821186066,2.927000045776367,0.1469999998807907,-0.008353999815881252,0.0209369994699955,2.380000114440918,0.9919999837875366,773.614013671875,1.5469900369644165,1.1014000177383423,0.7129999995231628,0.6859999895095825,0.29958000779151917,0.28823500871658325,1.0393600463867188,3.0,0.0,0.9642860293388367,0.9913480281829834,18.6343994140625,0.12070000171661377,45.1986134,-23.0511963,11.4043,26.35540008544922,1.7505000869277865e-05,0.02553820051252842,0.1228879988193512,2.463710006850306e-05,t17_f5_c3,ZTF20abxyayj
2460977.8548843,2,3223354884015,20.15130043029785,/ztf/archive/sci/2025/1029/354803/ztf_20251029354803_000251_zr_c11_o_q1_scimrefdiffimg.fits.fz,Kulkarni,1,3.223354884015015e+18,t,3.0,3223,40,251,896.2730102539062,2306.889892578125,45.1985643,-23.0512159,18.58340072631836,0.0793130025267601,2.2963099479675293,18.604299545288086,0.09260000288486481,0.1750970035791397,18.13599967956543,0.032999999821186066,2.927000045776367,0.1469999998807907,-0.008353999815881252,0.0209369994699955,2.380000114440918,0.9919999837875366,773.614013671875,1.5469900369644165,1.1014000177383423,0.7129999995231628,0.6859999895095825,0.29958000779151917,0.28823500871658325,1.0393600463867188,3.0,0.0,0.9642860293388367,0.9913480281829834,18.6343994140625,0.12070000171661377,45.1986134,-23.0511963,11.4043,26.35540008544922,1.7505000869277865e-05,0.02553820051252842,0.1228879988193512,2.463710006850306e-05,t17_f5_c3,ZTF20abxyayj
2460977.8773148,1,3223377314015,19.619300842285156,/ztf/archive/sci/2025/1029/377315/ztf_20251029377315_000251_zg_c11_o_q1_scimrefdiffimg.fits.fz,Kulkarni,1,3.223377314015015e+18,t,7.0,3223,40,251,897.0800170898438,2307.8798828125,45.1985554,-23.0511755,18.395299911499023,0.07161000370979309,1.264240026473999,18.55940055847168,0.09650000184774399,0.16302600502967834,18.625999450683594,0.020999999716877937,1.2009999752044678,0.05999999865889549,-0.12585699558258057,0.16406799852848053,4.449999809265137,0.949999988079071,772.6199951171875,1.0599100589752197,0.8756160140037537,1.190999984741211,1.128999948501587,0.26763999462127686,0.25370800495147705,1.054919958114624,0.0,0.0,0.8899999856948853,1.0,18.6294002532959,0.13079999387264252,45.1986008,-23.0511944,19.0736,26.26930046081543,4.8814999900059775e-05,0.04017220064997673,-0.02782909944653511,8.570220234105363e-05,t17_f5_c3,ZTF20abxyayj
2460979.8117245,2,3225311724015,19.895099639892578,/ztf/archive/sci/2025/1031/311713/ztf_20251031311713_000251_zr_c11_o_q1_scimrefdiffimg.fits.fz,Kulkarni,1,3.225311724015015e+18,1,2.0,3225,40,251,889.198974609375,2302.1298828125,45.1985601,-23.0511983,18.498699188232422,0.09133599698543549,2.238070011138916,18.5044002532959,0.1151999980211258,0.1746090054512024,18.13599967956543,0.032999999821186066,2.927000045776367,0.1469999998807907,-0.32696598768234253,0.0057069999165833,1.7799999713897705,0.9800000190734863,778.3660278320312,1.3906699419021606,1.3423700332641602,0.6349999904632568,0.5799999833106995,0.3567419946193695,0.3258430063724518,1.09483003616333,7.0,0.0,0.9385709762573242,0.9289420247077942,18.461700439453125,0.1412999927997589,45.1986134,-23.0511963,7.60736,26.336700439453125,2.597660022729542e-05,0.03113570064306259,0.13440200686454773,3.674249819596298e-05,t17_f5_c3,ZTF20abxyayj
2460979.8117245,2,3225311724015,19.895099639892578,/ztf/archive/sci/2025/1031/311713/ztf_20251031311713_000251_zr_c11_o_q1_scimrefdiffimg.fits.fz,Kulkarni,1,3.225311724015015e+18,t,2.0,3225,40,251,889.198974609375,2302.1298828125,45.1985601,-23.0511983,18.498699188232422,0.09133599698543549,2.238070011138916,18.5044002532959,0.1151999980211258,0.1746090054512024,18.13599967956543,0.032999999821186066,2.927000045776367,0.1469999998807907,-0.32696598768234253,0.0057069999165833,1.7799999713897705,0.9800000190734863,778.3660278320312,1.3906699419021606,1.3423700332641602,0.6349999904632568,0.5799999833106995,0.3567419946193695,0.3258430063724518,1.09483003616333,7.0,0.0,0.9385709762573242,0.9289420247077942,18.461700439453125,0.1412999927997589,45.1986134,-23.0511963,7.60736,26.336700439453125,2.597660022729542e-05,0.03113570064306259,0.13440200686454773,3.674249819596298e-05,t17_f5_c3,ZTF20abxyayj
2460979.8338657,1,3225333864015,19.785999298095703,/ztf/archive/sci/2025/1031/333819/ztf_20251031333819_000251_zg_c11_o_q1_scimrefdiffimg.fits.fz,Kulkarni,1,3.225333864015015e+18,t,3.0,3225,40,251,868.7169799804688,2307.780029296875,45.198588,-23.0511911,18.43239974975586,0.07697000354528427,2.618499994277954,18.66699981689453,0.13760000467300415,0.04353699833154678,18.625999450683594,0.020999999716877937,1.2009999752044678,0.05999999865889549,0.5280550122261047,0.2346380054950714,2.5,0.9829999804496765,772.7239990234375,1.1189600229263306,1.0202000141143799,0.7379999756813049,0.6880000233650208,0.295199990272522,0.2752000093460083,1.0726699829101562,1.0,0.0,0.9585710167884827,1.0,18.65130043029785,0.17350000143051147,45.1986008,-23.0511944,19.2324,26.26140022277832,2.9353999707382172e-05,0.032476700842380524,-0.02521120011806488,4.669199915952049e-05,t17_f5_c3,ZTF20abxyayj
2460980.8552894,2,3226355284015,19.963300704956055,/ztf/archive/sci/2025/1101/354768/ztf_20251101354768_000251_zr_c11_o_q1_scimrefdiffimg.fits.fz,Kulkarni,1,3.226355284015015e+18,1,8.0,3226,40,251,901.2369995117188,2309.739990234375,45.1985737,-23.0511604,18.512300491333008,0.09950199723243713,3.1348700523376465,18.61829948425293,0.11349999904632568,0.18203899264335632,18.13599967956543,0.032999999821186066,2.927000045776367,0.1469999998807907,0.2015880048274994,0.10601499676704407,1.940000057220459,0.9950000047683716,770.760009765625,1.345039963722229,1.3082900047302246,0.6340000033378601,0.6129999756813049,0.3268040120601654,0.31597900390625,1.0342600345611572,5.0,0.0,0.9571430087089539,0.9770780205726624,18.576799392700195,0.13920000195503235,45.1986134,-23.0511963,10.6908,26.3572998046875,2.2636799258179963e-05,0.029064999893307686,0.12791000306606293,3.2029900467023253e-05,t17_f5_c3,ZTF20abxyayj
2460980.8552894,2,3226355284015,19.963300704956055,/ztf/archive/sci/2025/1101/354768/ztf_20251101354768_000251_zr_c11_o_q1_scimrefdiffimg.fits.fz,Kulkarni,1,3.226355284015015e+18,t,8.0,3226,40,251,901.2369995117188,2309.739990234375,45.1985737,-23.0511604,18.512300491333008,0.09950199723243713,3.1348700523376465,18.61829948425293,0.11349999904632568,0.18203899264335632,18.13599967956543,0.032999999821186066,2.927000045776367,0.1469999998807907,0.2015880048274994,0.10601499676704407,1.940000057220459,0.9950000047683716,770.760009765625,1.345039963722229,1.3082900047302246,0.6340000033378601,0.6129999756813049,0.3268040120601654,0.31597900390625,1.0342600345611572,5.0,0.0,0.9571430087089539,0.9770780205726624,18.576799392700195,0.13920000195503235,45.1986134,-23.0511963,10.6908,26.3572998046875,2.2636799258179963e-05,0.029064999893307686,0.12791000306606293,3.2029900467023253e-05,t17_f5_c3,ZTF20abxyayj
2460980.9194329,1,3226419434015,20.097000122070312,/ztf/archive/sci/2025/1101/419421/ztf_20251101419421_000251_zg_c11_o_q1_scimrefdiffimg.fits.fz,Kulkarni,1,3.226419434015015e+18,t,6.0,3226,40,251,893.81201171875,2300.699951171875,45.1985685,-23.0512325,18.456600189208984,0.08956900238990784,3.1285998821258545,18.537799835205078,0.0877000018954277,0.1715719997882843,18.625999450683594,0.020999999716877937,1.2009999752044678,0.05999999865889549,0.06995099782943726,0.08124399930238724,2.2699999809265137,0.9829999804496765,779.801025390625,1.5591800212860107,1.2036199569702148,0.7649999856948853,0.6919999718666077,0.33700400590896606,0.30484598875045776,1.10548996925354,2.0,0.0,0.9642860293388367,1.0,18.664199829101562,0.12470000237226486,45.1986008,-23.0511944,22.2567,26.208599090576172,2.2996400730335154e-05,0.02918360009789467,-0.0474013015627861,3.4773500374285504e-05,t17_f5_c3,ZTF20abxyayj
2460981.8134954,2,3227313494015,19.740800857543945,/ztf/archive/sci/2025/1102/313275/ztf_20251102313275_000251_zr_c11_o_q1_scimrefdiffimg.fits.fz,Kulkarni,1,3.227313494015015e+18,1,8.0,3227,40,251,887.72998046875,2304.93994140625,45.1985856,-23.0511846,18.645200729370117,0.09320700168609619,1.4173699617385864,18.6648006439209,0.14229999482631683,0.09990499913692474,18.13599967956543,0.032999999821186066,2.927000045776367,0.1469999998807907,-0.014739999547600746,0.019638000056147575,2.0999999046325684,0.968999981880188,775.5640258789062,1.0759899616241455,1.2239199876785278,0.7020000219345093,0.6629999876022339,0.33428600430488586,0.3157140016555786,1.0588200092315674,5.0,0.0,0.9485710263252258,0.9884269833564758,18.758699417114258,0.19830000400543213,45.1986134,-23.0511963,12.2146,26.3612003326416,2.2663700292469002e-05,0.028896600008010864,0.12954400479793549,3.19696991937235e-05,t17_f5_c3,ZTF20abxyayj
2460973.8536806,1,3219353684015,20.321500778198242,/ztf/archive/sci/2025/1025/353681/ztf_20251025353681_000251_zg_c11_o_q1_scimrefdiffimg.fits.fz,Kulkarni,1,,,,3219,40,251,,,,,,,,,,,,,,,,,,,,,,,,,,,,,,,,,,,,26.267499923706055,2.6429899662616663e-05,0.03134619817137718,-0.03663409873843193,3.797650060732849e-05,t17_f5_c3,ZTF20abxyayj
2460981.8134954,2,3227313494015,19.740800857543945,/ztf/archive/sci/2025/1102/313275/ztf_20251102313275_000251_zr_c11_o_q1_scimrefdiffimg.fits.fz,Kulkarni,1,3.227313494015015e+18,t,8.0,3227,40,251,887.72998046875,2304.93994140625,45.1985856,-23.0511846,18.645200729370117,0.09320700168609619,1.4173699617385864,18.6648006439209,0.14229999482631683,0.09990499913692474,18.13599967956543,0.032999999821186066,2.927000045776367,0.1469999998807907,-0.014739999547600746,0.019638000056147575,2.0999999046325684,0.968999981880188,775.5640258789062,1.0759899616241455,1.2239199876785278,0.7020000219345093,0.6629999876022339,0.33428600430488586,0.3157140016555786,1.0588200092315674,5.0,0.0,0.9485710263252258,0.9884269833564758,18.758699417114258,0.19830000400543213,45.1986134,-23.0511963,12.2146,26.3612003326416,2.2663700292469002e-05,0.028896600008010864,0.12954400479793549,3.19696991937235e-05,t17_f5_c3,ZTF20abxyayj
2460981.9027431,1,3227402744015,19.32939910888672,/ztf/archive/sci/2025/1102/402732/ztf_20251102402732_000251_zg_c11_o_q1_scimrefdiffimg.fits.fz,Kulkarni,1,3.227402744015015e+18,t,1.0,3227,40,251,888.2269897460938,2302.929931640625,45.1986903,-23.0511456,18.468700408935547,0.09165000170469284,0.9880920052528381,18.471200942993164,0.1550000011920929,0.3291429877281189,18.625999450683594,0.020999999716877937,1.2009999752044678,0.05999999865889549,0.3476960062980652,0.002498999936506152,3.049999952316284,0.9829999804496765,777.5670166015625,0.8582149744033813,0.9380130171775818,0.843999981880188,0.7480000257492065,0.2767210006713867,0.24524599313735962,1.1283400058746338,2.0,0.0,0.9442859888076782,1.0,18.305500030517578,0.1704999953508377,45.1986008,-23.0511944,12.9404,26.24970054626465,6.705879786750302e-05,0.047444701194763184,-0.03728729858994484,0.00011720500333467498,t17_f5_c3,ZTF20abxyayj
2460968.9176042,2,3214417604015,20.056800842285156,/ztf/archive/sci/2025/1020/417604/ztf_20251020417604_000251_zr_c11_o_q1_scimrefdiffimg.fits.fz,Ahumada,3,3.214417604015015e+18,t,14.0,3214,40,251,888.8560180664062,2320.5,45.1985601,-23.0512138,18.655799865722656,0.0860389992594719,3.084510087966919,18.66200065612793,0.10429999977350235,0.18496699631214142,18.13599967956543,0.032999999821186066,2.927000045776367,0.1469999998807907,-0.45333901047706604,0.006244999822229147,2.630000114440918,0.9819999933242798,759.9979858398438,1.3948400020599365,1.0130599737167358,0.8429999947547913,0.7509999871253967,0.3205319941043854,0.2855510115623474,1.122499942779541,3.0,0.0,0.942857027053833,0.9887760281562805,18.546100616455078,0.11909999698400497,45.1986134,-23.0511963,16.9961,26.345800399780273,2.057130041066557e-05,0.027520500123500824,0.13947799801826477,2.9107899536029436e-05,t17_f5_c3,ZTF20abxyayj
2460980.8552894,2,3226355284015,19.963300704956055,/ztf/archive/sci/2025/1101/354768/ztf_20251101354768_000251_zr_c11_o_q1_scimrefdiffimg.fits.fz,Kulkarni,1,3.226355284015025e+18,t,8.0,3226,40,251,901.2369995117188,2309.739990234375,45.1985737,-23.0511604,18.512300491333008,0.09950199723243713,3.1348700523376465,18.61829948425293,0.11349999904632568,0.18203899264335632,18.13599967956543,0.032999999821186066,2.927000045776367,0.1469999998807907,0.2015880048274994,0.10601499676704407,1.940000057220459,0.9950000047683716,770.760009765625,1.345039963722229,1.3082900047302246,0.6340000033378601,0.6129999756813049,0.3268040120601654,0.31597900390625,1.0342600345611572,5.0,0.0,0.9571430087089539,0.9770780205726624,18.576799392700195,0.13920000195503235,45.1986134,-23.0511963,10.6908,26.3572998046875,2.2636799258179963e-05,0.029064999893307686,0.12791000306606293,3.2029900467023253e-05,t17_f5_c3,ZTF20abxyayj
2460983.8354167,2,3229335414015,19.46969985961914,/ztf/archive/sci/2025/1104/335255/ztf_20251104335255_000251_zr_c11_o_q1_scimrefdiffimg.fits.fz,Kulkarni,1,3.229335414015015e+18,t,6.0,3229,40,251,888.5339965820312,2316.7900390625,45.1985669,-23.0512056,18.508899688720703,0.10909400135278702,2.6761300563812256,18.512800216674805,0.16619999706745148,0.15587499737739563,18.13599967956543,0.032999999821186066,2.927000045776367,0.1469999998807907,-0.41055798530578613,0.003913000226020813,2.1700000762939453,1.0,763.7059936523438,0.9568729996681213,1.1240099668502808,0.6639999747276306,0.593999981880188,0.305990993976593,0.273732990026474,1.1178499460220337,2.0,0.0,0.942857027053833,1.0,18.75079917907715,0.2646999955177307,45.1986134,-23.0511963,13.6965,26.38290023803711,2.746740028669592e-05,0.03164299950003624,0.1306619942188263,3.882790042553097e-05,t17_f5_c3,ZTF20abxyayj
2460983.8620833,1,3229362084015,19.042600631713867,/ztf/archive/sci/2025/1104/362072/ztf_20251104362072_000251_zg_c11_o_q1_scimrefdiffimg.fits.fz,Kulkarni,1,3.229362084015015e+18,t,3.0,3229,40,251,896.3250122070312,2312.949951171875,45.1985945,-23.0512236,18.498600006103516,0.1282459944486618,1.3266199827194214,17.906299591064453,0.13269999623298645,0.10593699663877487,18.625999450683594,0.020999999716877937,1.2009999752044678,0.05999999865889549,-0.6869500279426575,-0.5922790169715881,2.799999952316284,0.9829999804496765,767.552001953125,1.1362899541854858,0.9196929931640625,1.0880000591278076,0.9670000076293945,0.38857099413871765,0.3453570008277893,1.1251300573349,4.0,0.0,0.5942860245704651,0.9953579902648926,17.84589958190918,0.16099999845027924,45.1986008,-23.0511944,9.96247,26.26959991455078,6.898370338603854e-05,0.04362329840660095,-0.03434320166707039,0.00013291499635670334,t17_f5_c3,ZTF20abxyayj
2460984.8549421,1,3230354944015,18.62540054321289,/ztf/archive/sci/2025/1105/354850/ztf_20251105354850_000251_zg_c11_o_q1_scimrefdiffimg.fits.fz,Kulkarni,1,3.230354944015015e+18,t,5.0,3230,40,251,897.9920043945312,2282.449951171875,45.1986039,-23.0511049,18.443199157714844,0.19626900553703308,1.640589952468872,18.97130012512207,0.44670000672340393,0.3182179927825928,18.625999450683594,0.020999999716877937,1.2009999752044678,0.05999999865889549,-0.012467999942600727,0.5280699729919434,2.25,0.9419999718666077,798.0469970703125,-0.3459149897098541,1.3253300189971924,0.703000009059906,0.5590000152587891,0.3124440014362335,0.24844400584697723,1.257599949836731,8.0,0.0,0.7914289832115173,0.8399999737739563,18.643199920654297,0.4244999885559082,45.1986008,-23.0511944,8.16311,26.292200088500977,0.00010017299791797996,0.038974400609731674,-0.04059499874711037,0.00023630799842067063,t17_f5_c3,ZTF20abxyayj
2460985.8134838,1,3231313484015,18.914600372314453,/ztf/archive/sci/2025/1106/313056/ztf_20251106313056_000251_zg_c11_o_q1_scimrefdiffimg.fits.fz,Kulkarni,1,,,,3231,40,251,,,,,,,,,,,,,,,,,,,,,,,,,,,,,,,,,,,,26.27989959716797,9.640539792599156e-05,0.05065440014004707,-0.04469269886612892,0.0001851190027082339,t17_f5_c3,ZTF20abxyayj
2460985.8752778,1,3231375274015,18.946800231933594,/ztf/archive/sci/2025/1106/375278/ztf_20251106375278_000251_zg_c11_o_q1_scimrefdiffimg.fits.fz,Kulkarni,1,3.231375274015015e+18,t,2.0,3231,40,251,864.1890258789062,2298.14990234375,45.1986504,-23.051232,18.4950008392334,0.10531099885702133,1.1154099702835083,18.655500411987305,0.28040000796318054,0.2102310061454773,18.625999450683594,0.020999999716877937,1.2009999752044678,0.05999999865889549,0.5827940106391907,0.16054899990558624,2.2100000381469727,0.9800000190734863,782.3499755859375,0.291267991065979,1.1991300582885742,0.8360000252723694,0.7200000286102295,0.37828099727630615,0.32579201459884644,1.1611100435256958,1.0,0.0,0.9528570175170898,1.0,18.833499908447266,0.423799991607666,45.1986008,-23.0511944,8.66625,26.277999877929688,5.760449857916683e-05,0.03789160028100014,-0.04534360021352768,0.00011659000301733613,t17_f5_c3,ZTF20abxyayj
2460986.8340509,2,3232334054015,19.472900390625,/ztf/archive/sci/2025/1107/333796/ztf_20251107333796_000251_zr_c11_o_q1_scimrefdiffimg.fits.fz,Kulkarni,1,3.232334054015015e+18,1,4.0,3232,40,251,900.958984375,2280.929931640625,45.1985774,-23.0511882,18.4419002532959,0.08337000012397766,0.9583470225334167,18.404300689697266,0.13760000467300415,0.12141799926757812,18.13599967956543,0.032999999821186066,2.927000045776367,0.1469999998807907,0.011188000440597534,-0.0376100018620491,2.4600000381469727,0.9800000190734863,799.572021484375,1.0685700178146362,1.0821000337600708,0.7990000247955322,0.7170000076293945,0.32479700446128845,0.2914629876613617,1.114359974861145,2.0,0.0,0.9442859888076782,1.0,18.403900146484375,0.17599999904632568,45.1986134,-23.0511963,11.2917,26.36090087890625,2.7921400032937527e-05,0.03225259855389595,0.12824800610542297,3.92596994061023e-05,t17_f5_c3,ZTF20abxyayj
2460986.8340509,2,3232334054015,19.472900390625,/ztf/archive/sci/2025/1107/333796/ztf_20251107333796_000251_zr_c11_o_q1_scimrefdiffimg.fits.fz,Kulkarni,1,3.232334054015015e+18,t,4.0,3232,40,251,900.958984375,2280.929931640625,45.1985774,-23.0511882,18.4419002532959,0.08337000012397766,0.9583470225334167,18.404300689697266,0.13760000467300415,0.12141799926757812,18.13599967956543,0.032999999821186066,2.927000045776367,0.1469999998807907,0.011188000440597534,-0.0376100018620491,2.4600000381469727,0.9800000190734863,799.572021484375,1.0685700178146362,1.0821000337600708,0.7990000247955322,0.7170000076293945,0.32479700446128845,0.2914629876613617,1.114359974861145,2.0,0.0,0.9442859888076782,1.0,18.403900146484375,0.17599999904632568,45.1986134,-23.0511963,11.2917,26.36090087890625,2.7921400032937527e-05,0.03225259855389595,0.12824800610542297,3.92596994061023e-05,t17_f5_c3,ZTF20abxyayj
2460986.8981134,1,3232398114015,18.928699493408203,/ztf/archive/sci/2025/1107/398113/ztf_20251107398113_000251_zg_c11_o_q1_scimrefdiffimg.fits.fz,Kulkarni,1,3.232398114015015e+18,t,3.0,3232,40,251,879.041015625,2274.739990234375,45.1986112,-23.0512654,18.49839973449707,0.11118599772453308,0.9283109903335571,18.65180015563965,0.25440001487731934,0.25470998883247375,18.625999450683594,0.020999999716877937,1.2009999752044678,0.05999999865889549,-0.6262329816818237,0.1534159928560257,2.609999895095825,0.9800000190734863,805.7639770507812,0.2768529951572418,1.1335699558258057,0.8270000219345093,0.800000011920929,0.3168579936027527,0.3065130114555359,1.033750057220459,3.0,0.0,0.9442859888076782,1.0,18.48780059814453,0.2808000147342682,45.1986008,-23.0511944,10.1863,26.245399475097656,7.74907020968385e-05,0.043545499444007874,-0.030775999650359154,0.00015159700706135482,t17_f5_c3,ZTF20abxyayj
2460987.8052083,2,3233305204015,19.823699951171875,/ztf/archive/sci/2025/1108/305185/ztf_20251108305185_000251_zr_c11_o_q1_scimrefdiffimg.fits.fz,Kulkarni,1,3.233305204015015e+18,1,6.0,3233,40,251,888.6519775390625,2297.93994140625,45.198563,-23.0512032,18.5177001953125,0.08782400190830231,3.118259906768799,18.737499237060547,0.15119999647140503,0.16668200492858887,18.13599967956543,0.032999999821186066,2.927000045776367,0.1469999998807907,0.31946098804473877,0.21984300017356873,1.9199999570846558,0.9629999995231628,782.5650024414062,1.0861899852752686,1.248610019683838,0.6269999742507935,0.5960000157356262,0.32656198740005493,0.3104169964790344,1.0520100593566895,4.0,0.0,0.9485710263252258,1.0,18.536399841308594,0.16060000658035278,45.1986134,-23.0511963,12.9986,26.356700897216797,2.532479993533343e-05,0.030749399214982986,0.1230039969086647,3.589240077417344e-05,t17_f5_c3,ZTF20abxyayj
2460987.8052083,2,3233305204015,19.823699951171875,/ztf/archive/sci/2025/1108/305185/ztf_20251108305185_000251_zr_c11_o_q1_scimrefdiffimg.fits.fz,Kulkarni,1,3.233305204015015e+18,t,6.0,3233,40,251,888.6519775390625,2297.93994140625,45.198563,-23.0512032,18.5177001953125,0.08782400190830231,3.118259906768799,18.737499237060547,0.15119999647140503,0.16668200492858887,18.13599967956543,0.032999999821186066,2.927000045776367,0.1469999998807907,0.31946098804473877,0.21984300017356873,1.9199999570846558,0.9629999995231628,782.5650024414062,1.0861899852752686,1.248610019683838,0.6269999742507935,0.5960000157356262,0.32656198740005493,0.3104169964790344,1.0520100593566895,4.0,0.0,0.9485710263252258,1.0,18.536399841308594,0.16060000658035278,45.1986134,-23.0511963,12.9986,26.356700897216797,2.532479993533343e-05,0.030749399214982986,0.1230039969086647,3.589240077417344e-05,t17_f5_c3,ZTF20abxyayj
2460987.9107755,1,3233410774015,19.149900436401367,/ztf/archive/sci/2025/1108/410775/ztf_20251108410775_000251_zg_c11_o_q1_scimrefdiffimg.fits.fz,Kulkarni,1,3.233410774015015e+18,t,8.0,3233,40,251,885.0850219726562,2289.89990234375,45.198604,-23.051204,18.42959976196289,0.09196600317955017,0.8254550099372864,18.447500228881836,0.1915999948978424,0.03584200143814087,18.625999450683594,0.020999999716877937,1.2009999752044678,0.05999999865889549,-0.3512060046195984,0.017855999991297722,2.1600000858306885,0.9819999933242798,790.60400390625,0.7023580074310303,1.233489990234375,0.7870000004768372,0.6850000023841858,0.3643519878387451,0.3171299993991852,1.1489100456237793,4.0,0.0,0.9599999785423279,0.9882069826126099,18.62420082092285,0.2888000011444092,45.1986008,-23.0511944,11.8644,26.17259979248047,6.794060027459636e-05,0.045503098517656326,-0.013954799622297287,0.00011495599756017327,t17_f5_c3,ZTF20abxyayj
2460988.8364468,2,3234336444015,19.457700729370117,/ztf/archive/sci/2025/1109/336447/ztf_20251109336447_000251_zr_c11_o_q1_scimrefdiffimg.fits.fz,Kulkarni,1,3.234336444015015e+18,1,6.0,3234,40,251,906.6409912109375,2327.8798828125,45.1985834,-23.0511881,18.472999572753906,0.1316780000925064,1.9169399738311768,18.733999252319336,0.15199999511241913,0.10253600031137466,18.13599967956543,0.032999999821186066,2.927000045776367,0.1469999998807907,0.2452390044927597,0.26102301478385925,2.950000047683716,0.9819999933242798,752.6220092773438,0.7236559987068176,1.1288800239562988,0.8809999823570251,0.7749999761581421,0.2986440062522888,0.2627120018005371,1.1367700099945068,1.0,0.0,0.9228569865226746,1.0,18.70829963684082,0.18960000574588776,45.1986134,-23.0511963,15.3484,26.354999542236328,3.0491299185086973e-05,0.034021999686956406,0.12919999659061432,4.3419000576250255e-05,t17_f5_c3,ZTF20abxyayj
2460988.8364468,2,3234336444015,19.457700729370117,/ztf/archive/sci/2025/1109/336447/ztf_20251109336447_000251_zr_c11_o_q1_scimrefdiffimg.fits.fz,Kulkarni,1,3.234336444015015e+18,t,6.0,3234,40,251,906.6409912109375,2327.8798828125,45.1985834,-23.0511881,18.472999572753906,0.1316780000925064,1.9169399738311768,18.733999252319336,0.15199999511241913,0.10253600031137466,18.13599967956543,0.032999999821186066,2.927000045776367,0.1469999998807907,0.2452390044927597,0.26102301478385925,2.950000047683716,0.9819999933242798,752.6220092773438,0.7236559987068176,1.1288800239562988,0.8809999823570251,0.7749999761581421,0.2986440062522888,0.2627120018005371,1.1367700099945068,1.0,0.0,0.9228569865226746,1.0,18.70829963684082,0.18960000574588776,45.1986134,-23.0511963,15.3484,26.354999542236328,3.0491299185086973e-05,0.034021999686956406,0.12919999659061432,4.3419000576250255e-05,t17_f5_c3,ZTF20abxyayj
2460988.8580556,1,3234358054015,19.021900177001953,/ztf/archive/sci/2025/1109/358056/ztf_20251109358056_000251_zg_c11_o_q1_scimrefdiffimg.fits.fz,Kulkarni,1,3.234358054015015e+18,t,4.0,3234,40,251,904.7780151367188,2325.389892578125,45.1986157,-23.0511156,18.436800003051758,0.13977199792861938,1.123610019683838,18.32349967956543,0.12479999661445618,0.2841320037841797,18.625999450683594,0.020999999716877937,1.2009999752044678,0.05999999865889549,-0.9879980087280273,-0.11334899812936783,6.179999828338623,0.9800000190734863,755.1079711914062,0.6983630061149597,0.6674469709396362,1.434000015258789,1.2890000343322754,0.23203900456428528,0.2085759937763214,1.1124900579452515,1.0,0.0,0.6142860054969788,1.0,18.290000915527344,0.15489999949932098,45.1986008,-23.0511944,13.1421,26.25279998779297,0.0001032759973895736,0.048376601189374924,-0.009361560456454754,0.0002055429940810427,t17_f5_c3,ZTF20abxyayj
2460989.7810069,1,3235281004015,19.575599670410156,/ztf/archive/sci/2025/1110/280845/ztf_20251110280845_000251_zg_c11_o_q1_scimrefdiffimg.fits.fz,Kulkarni,1,3.235281004015015e+18,1,2.0,3235,40,251,887.635986328125,2296.260009765625,45.1985902,-23.0511555,18.515600204467773,0.09892000257968903,1.9845999479293823,18.490100860595703,0.11860000342130661,0.14257900416851044,18.625999450683594,0.020999999716877937,1.2009999752044678,0.05999999865889549,-0.02076300047338009,-0.025474999099969864,3.3499999046325684,0.9860000014305115,784.2429809570312,1.0854899883270264,0.9126250147819519,1.0210000276565552,0.8230000138282776,0.30477601289749146,0.24567200243473053,1.2405799627304077,1.0,0.0,0.9300000071525574,1.0,18.54159927368164,0.15880000591278076,45.1986008,-23.0511944,18.1062,26.265600204467773,4.518020068644546e-05,0.03886910155415535,-0.02521979995071888,7.500319770770147e-05,t17_f5_c3,ZTF20abxyayj
2460989.7810069,1,3235281004015,19.575599670410156,/ztf/archive/sci/2025/1110/280845/ztf_20251110280845_000251_zg_c11_o_q1_scimrefdiffimg.fits.fz,Kulkarni,1,3.235281004015015e+18,t,2.0,3235,40,251,887.635986328125,2296.260009765625,45.1985902,-23.0511555,18.515600204467773,0.09892000257968903,1.9845999479293823,18.490100860595703,0.11860000342130661,0.14257900416851044,18.625999450683594,0.020999999716877937,1.2009999752044678,0.05999999865889549,-0.02076300047338009,-0.025474999099969864,3.3499999046325684,0.9860000014305115,784.2429809570312,1.0854899883270264,0.9126250147819519,1.0210000276565552,0.8230000138282776,0.30477601289749146,0.24567200243473053,1.2405799627304077,1.0,0.0,0.9300000071525574,1.0,18.54159927368164,0.15880000591278076,45.1986008,-23.0511944,18.1062,26.265600204467773,4.518020068644546e-05,0.03886910155415535,-0.02521979995071888,7.500319770770147e-05,t17_f5_c3,ZTF20abxyayj
2460989.8918171,2,3235391814015,19.655399322509766,/ztf/archive/sci/2025/1110/391806/ztf_20251110391806_000251_zr_c11_o_q1_scimrefdiffimg.fits.fz,Kulkarni,1,3.235391814015015e+18,t,7.0,3235,40,251,875.6110229492188,2287.179931640625,45.1985574,-23.0512303,18.632099151611328,0.09561000019311905,2.135540008544922,18.633800506591797,0.14790000021457672,0.219650998711586,18.13599967956543,0.032999999821186066,2.927000045776367,0.1469999998807907,0.07427500188350677,0.0017130000051110983,2.049999952316284,0.9670000076293945,793.3179931640625,1.0216100215911865,1.266890048980713,0.7839999794960022,0.7689999938011169,0.382438987493515,0.3751220107078552,1.01951003074646,3.0,0.0,0.947143018245697,1.0,18.696300506591797,0.20029999315738678,45.1986134,-23.0511963,11.6352,26.331100463867188,2.21621994569432e-05,0.028794899582862854,0.13157600164413452,3.161350105074234e-05,t17_f5_c3,ZTF20abxyayj
2460990.7753819,2,3236275384015,20.06329917907715,/ztf/archive/sci/2025/1111/275382/ztf_20251111275382_000251_zr_c11_o_q1_scimrefdiffimg.fits.fz,Kulkarni,1,3.236275384015015e+18,1,4.0,3236,40,251,883.969970703125,2263.860107421875,45.1985627,-23.0512018,18.532499313354492,0.059943001717329025,1.1790499687194824,18.760099411010742,0.1216999962925911,0.16719399392604828,18.13599967956543,0.032999999821186066,2.927000045776367,0.1469999998807907,0.18239399790763855,0.22760699689388275,2.4000000953674316,0.9779999852180481,816.6420288085938,1.3031599521636963,1.0302300453186035,0.6679999828338623,0.6299999952316284,0.27833300828933716,0.26249998807907104,1.0603200197219849,3.0,0.0,0.9642860293388367,0.9979379773139954,18.680700302124023,0.14399999380111694,45.1986134,-23.0511963,11.7153,26.32349967956543,1.7795100575312972e-05,0.025500299409031868,0.1255279928445816,2.5118399207713082e-05,t17_f5_c3,ZTF20abxyayj
2460990.7753819,2,3236275384015,20.06329917907715,/ztf/archive/sci/2025/1111/275382/ztf_20251111275382_000251_zr_c11_o_q1_scimrefdiffimg.fits.fz,Kulkarni,1,3.236275384015015e+18,t,4.0,3236,40,251,883.969970703125,2263.860107421875,45.1985627,-23.0512018,18.532499313354492,0.059943001717329025,1.1790499687194824,18.760099411010742,0.1216999962925911,0.16719399392604828,18.13599967956543,0.032999999821186066,2.927000045776367,0.1469999998807907,0.18239399790763855,0.22760699689388275,2.4000000953674316,0.9779999852180481,816.6420288085938,1.3031599521636963,1.0302300453186035,0.6679999828338623,0.6299999952316284,0.27833300828933716,0.26249998807907104,1.0603200197219849,3.0,0.0,0.9642860293388367,0.9979379773139954,18.680700302124023,0.14399999380111694,45.1986134,-23.0511963,11.7153,26.32349967956543,1.7795100575312972e-05,0.025500299409031868,0.1255279928445816,2.5118399207713082e-05,t17_f5_c3,ZTF20abxyayj
2460990.8640509,1,3236364054015,18.674999237060547,/ztf/archive/sci/2025/1111/364039/ztf_20251111364039_000251_zg_c11_o_q1_scimrefdiffimg.fits.fz,Kulkarni,1,3.236364054015015e+18,t,8.0,3236,40,251,900.5709838867188,2268.8798828125,45.1986391,-23.0511429,18.483699798583984,0.15530799329280853,1.0733200311660767,18.808300018310547,0.36809998750686646,0.22153200209140778,18.625999450683594,0.020999999716877937,1.2009999752044678,0.05999999865889549,-0.8139610290527344,0.32462701201438904,2.619999885559082,0.9480000138282776,811.6240234375,-0.13328200578689575,1.139780044555664,0.765999972820282,0.699999988079071,0.29236599802970886,0.2671760022640228,1.094290018081665,5.0,0.0,0.9042860269546509,0.9937739968299866,18.87779998779297,0.5037000179290771,45.1986008,-23.0511944,8.97405,25.593700408935547,9.213289740728214e-05,0.045678600668907166,-0.03290190175175667,0.00018366699805483222,t17_f5_c3,ZTF20abxyayj
2460988.8580556,1,3234358054015,19.021900177001953,/ztf/archive/sci/2025/1109/358056/ztf_20251109358056_000251_zg_c11_o_q1_scimrefdiffimg.fits.fz,Kulkarni,1,,,,3234,40,251,,,,,,,,,,,,,,,,,,,,,,,,,,,,,,,,,,,,26.25279998779297,0.0001032759973895736,0.048376601189374924,-0.009361560456454754,0.0002055429940810427,t17_f5_c3,ZTF20abxyayj
2460991.8137847,2,3237313784015,19.153600692749023,/ztf/archive/sci/2025/1112/313785/ztf_20251112313785_000251_zr_c11_o_q1_scimrefdiffimg.fits.fz,Kulkarni,1,3.237313784015015e+18,t,12.0,3237,40,251,897.4240112304688,2297.68994140625,45.1985864,-23.0512339,18.708499908447266,0.14549300074577332,1.4973299503326416,18.95170021057129,0.3513000011444092,0.16008900105953217,18.13599967956543,0.032999999821186066,2.927000045776367,0.1469999998807907,1.1683499813079834,0.2432129979133606,2.319999933242798,0.9940000176429749,782.8060302734375,0.2018589973449707,0.9951519966125488,0.6290000081062317,0.5849999785423279,0.27112099528312683,0.25215500593185425,1.0752099752426147,3.0,0.0,0.9357140064239502,1.0,19.038000106811523,0.48750001192092896,45.1986134,-23.0511963,9.81959,25.54050064086914,3.2394498703069985e-05,0.03497479856014252,0.13786299526691437,4.584520138450898e-05,t17_f5_c3,ZTF20abxyayj
2461003.8341667,2,3249334164015,20.042600631713867,/ztf/archive/sci/2025/1124/333912/ztf_20251124333912_000251_zr_c11_o_q1_scimrefdiffimg.fits.fz,Kulkarni,1,3.249334164015015e+18,t,8.0,3249,40,251,871.9089965820312,2288.080078125,45.198607,-23.0511727,18.649099349975586,0.06677299737930298,1.3221499919891357,18.781400680541992,0.11110000312328339,0.08624900132417679,18.13599967956543,0.032999999821186066,2.927000045776367,0.1469999998807907,-0.04909899830818176,0.13233399391174316,2.2899999618530273,0.9789999723434448,792.4149780273438,1.261199951171875,1.238669991493225,0.8410000205039978,0.7900000214576721,0.3672490119934082,0.344978004693985,1.064560055732727,2.0,0.0,0.9614289999008179,1.0,18.677099227905273,0.12809999287128448,45.1986134,-23.0511963,11.2226,26.34709930419922,2.475300061632879e-05,0.03015650063753128,0.12231799960136414,3.5359898902243e-05,t17_f5_c3,ZTF20abxyayj
2461005.7722454,1,3251272244015,19.805099487304688,/ztf/archive/sci/2025/1126/272083/ztf_20251126272083_000251_zg_c11_o_q1_scimrefdiffimg.fits.fz,Kulkarni,1,3.251272244015015e+18,1,11.0,3251,40,251,875.291015625,2335.280029296875,45.1985737,-23.0511477,18.40760040283203,0.08167800307273865,1.9806599617004395,18.45560073852539,0.08829999715089798,0.18813200294971466,18.625999450683594,0.020999999716877937,1.2009999752044678,0.05999999865889549,-0.34484800696372986,0.04804199934005737,3.440000057220459,0.9819999933242798,745.219970703125,1.349519968032837,0.9497110247612,1.0269999504089355,0.9160000085830688,0.29854699969291687,0.266279011964798,1.1211800575256348,2.0,0.0,0.9385709762573242,1.0,18.428300857543945,0.10939999669790268,45.1986008,-23.0511944,20.9684,26.270599365234375,3.379159898031503e-05,0.034483399242162704,-0.028300799429416656,5.6036999012576416e-05,t17_f5_c3,ZTF20abxyayj
2461005.7722454,1,3251272244015,19.805099487304688,/ztf/archive/sci/2025/1126/272083/ztf_20251126272083_000251_zg_c11_o_q1_scimrefdiffimg.fits.fz,Kulkarni,1,3.251272244015015e+18,t,11.0,3251,40,251,875.291015625,2335.280029296875,45.1985737,-23.0511477,18.40760040283203,0.08167800307273865,1.9806599617004395,18.45560073852539,0.08829999715089798,0.18813200294971466,18.625999450683594,0.020999999716877937,1.2009999752044678,0.05999999865889549,-0.34484800696372986,0.04804199934005737,3.440000057220459,0.9819999933242798,745.219970703125,1.349519968032837,0.9497110247612,1.0269999504089355,0.9160000085830688,0.29854699969291687,0.266279011964798,1.1211800575256348,2.0,0.0,0.9385709762573242,1.0,18.428300857543945,0.10939999669790268,45.1986008,-23.0511944,20.9684,26.270599365234375,3.379159898031503e-05,0.034483399242162704,-0.028300799429416656,5.6036999012576416e-05,t17_f5_c3,ZTF20abxyayj
2461005.7934606,2,3251293464015,19.484699249267578,/ztf/archive/sci/2025/1126/293299/ztf_20251126293299_000251_zr_c11_o_q1_scimrefdiffimg.fits.fz,Kulkarni,1,3.251293464015015e+18,t,2.0,3251,40,251,876.3300170898438,2335.080078125,45.1985943,-23.0512506,18.49839973449707,0.10860200226306915,2.606070041656494,18.54050064086914,0.09769999980926514,0.2026599943637848,18.13599967956543,0.032999999821186066,2.927000045776367,0.1469999998807907,-0.11411099880933762,0.042096998542547226,6.679999828338623,0.9769999980926514,745.4190063476562,0.9442200064659119,0.6430870294570923,1.4220000505447388,1.2480000257492065,0.21287399530410767,0.18682600557804108,1.1394200325012207,2.0,0.0,0.5557140111923218,1.0,18.41830062866211,0.11100000143051147,45.1986134,-23.0511963,14.7843,26.35140037536621,3.888430001097731e-05,0.03766709938645363,0.13199099898338318,5.5361400882247835e-05,t17_f5_c3,ZTF20abxyayj
2461006.7312731,2,3252231274015,18.6924991607666,/ztf/archive/sci/2025/1127/231262/ztf_20251127231262_000251_zr_c11_o_q1_scimrefdiffimg.fits.fz,Kulkarni,1,,,,3252,40,251,,,,,,,,,,,,,,,,,,,,,,,,,,,,,,,,,,,,25.586000442504883,0.000126351005746983,0.06535010039806366,0.1602649986743927,0.00018367799930274487,t17_f5_c3,ZTF20abxyayj
2461006.7885648,1,3252288564015,19.14069938659668,/ztf/archive/sci/2025/1127/288565/ztf_20251127288565_000251_zg_c11_o_q1_scimrefdiffimg.fits.fz,Kulkarni,1,3.252288564015015e+18,t,6.0,3252,40,251,879.156982421875,2302.5400390625,45.1986057,-23.0511575,18.472400665283203,0.12414199858903885,1.3742599487304688,18.69499969482422,0.24539999663829803,0.13183799386024475,18.625999450683594,0.020999999716877937,1.2009999752044678,0.05999999865889549,-0.08357100188732147,0.22262799739837646,2.569999933242798,0.9990000128746033,777.9580078125,0.4456549882888794,1.0283700227737427,0.7440000176429749,0.7300000190734863,0.28949400782585144,0.28404700756073,1.0191800594329834,0.0,0.0,0.9300000071525574,1.0,18.74720001220703,0.3296999931335449,45.1986008,-23.0511944,10.2642,25.624399185180664,8.673570118844509e-05,0.052392199635505676,-0.00692680012434721,0.00014960599946789443,t17_f5_c3,ZTF20abxyayj
2461007.7316551,1,3253231654015,19.846200942993164,/ztf/archive/sci/2025/1128/231644/ztf_20251128231644_000251_zg_c11_o_q1_scimrefdiffimg.fits.fz,Kulkarni,1,3.253231654015015e+18,1,8.0,3253,40,251,878.9010009765625,2301.85009765625,45.1986032,-23.0511682,18.451099395751953,0.0644339993596077,1.587730050086975,18.4591007232666,0.10440000146627426,0.09333299845457077,18.625999450683594,0.020999999716877937,1.2009999752044678,0.05999999865889549,0.2730349898338318,0.008022000081837177,2.4100000858306885,0.9829999804496765,778.6539916992188,1.3870799541473389,1.0966500043869019,0.8050000071525574,0.7630000114440918,0.33402499556541443,0.31659799814224243,1.055050015449524,1.0,0.0,0.9685710072517395,1.0,18.353900909423828,0.120899997651577,45.1986008,-23.0511944,15.5753,26.25510025024414,3.067230136366561e-05,0.03299010172486305,-0.032778799533843994,4.7392401029355824e-05,t17_f5_c3,ZTF20abxyayj
2461007.7316551,1,3253231654015,19.846200942993164,/ztf/archive/sci/2025/1128/231644/ztf_20251128231644_000251_zg_c11_o_q1_scimrefdiffimg.fits.fz,Kulkarni,1,3.253231654015015e+18,t,8.0,3253,40,251,878.9010009765625,2301.85009765625,45.1986032,-23.0511682,18.451099395751953,0.0644339993596077,1.587730050086975,18.4591007232666,0.10440000146627426,0.09333299845457077,18.625999450683594,0.020999999716877937,1.2009999752044678,0.05999999865889549,0.2730349898338318,0.008022000081837177,2.4100000858306885,0.9829999804496765,778.6539916992188,1.3870799541473389,1.0966500043869019,0.8050000071525574,0.7630000114440918,0.33402499556541443,0.31659799814224243,1.055050015449524,1.0,0.0,0.9685710072517395,1.0,18.353900909423828,0.120899997651577,45.1986008,-23.0511944,15.5753,26.25510025024414,3.067230136366561e-05,0.03299010172486305,-0.032778799533843994,4.7392401029355824e-05,t17_f5_c3,ZTF20abxyayj
2461007.813588,2,3253313584015,20.058700561523438,/ztf/archive/sci/2025/1128/313241/ztf_20251128313241_000251_zr_c11_o_q1_scimrefdiffimg.fits.fz,Kulkarni,1,3.253313584015015e+18,t,1.0,3253,40,251,890.2340087890625,2299.219970703125,45.1985749,-23.0511902,18.521699905395508,0.08329799771308899,2.428380012512207,18.52120018005371,0.09319999814033508,0.12768499553203583,18.13599967956543,0.032999999821186066,2.927000045776367,0.1469999998807907,-0.030646000057458878,-0.0004670000053010881,1.9500000476837158,0.9750000238418579,781.2750244140625,1.5375100374221802,1.340559959411621,0.699999988079071,0.6700000166893005,0.35897400975227356,0.34358999133110046,1.0447800159454346,1.0,0.0,0.9671429991722107,1.0,18.541400909423828,0.12049999833106995,45.1986134,-23.0511963,12.381,26.343700408935547,2.365629916312173e-05,0.029683200642466545,0.13029199838638306,3.350650149513967e-05,t17_f5_c3,ZTF20abxyayj
2461008.7299653,1,3254229964015,19.42930030822754,/ztf/archive/sci/2025/1129/229873/ztf_20251129229873_000251_zg_c11_o_q1_scimrefdiffimg.fits.fz,Kulkarni,1,3.254229964015015e+18,1,7.0,3254,40,251,873.2529907226562,2300.530029296875,45.1986379,-23.0512055,18.446699142456055,0.12217900156974792,1.690369963645935,18.38409996032715,0.11169999837875366,0.12763400375843048,18.625999450683594,0.020999999716877937,1.2009999752044678,0.05999999865889549,-0.4346260130405426,-0.062609001994133,3.9100000858306885,0.9829999804496765,779.9710083007812,1.0451600551605225,0.8613560199737549,1.149999976158142,1.0190000534057617,0.2941179871559143,0.2606140077114105,1.128559947013855,2.0,0.0,0.9014289975166321,0.9937559962272644,18.37299919128418,0.1412000060081482,45.1986008,-23.0511944,16.9441,26.268699645996094,5.612639870378189e-05,0.04341470077633858,-0.047272201627492905,9.863360173767433e-05,t17_f5_c3,ZTF20abxyayj
2461008.7299653,1,3254229964015,19.42930030822754,/ztf/archive/sci/2025/1129/229873/ztf_20251129229873_000251_zg_c11_o_q1_scimrefdiffimg.fits.fz,Kulkarni,1,3.254229964015015e+18,t,7.0,3254,40,251,873.2529907226562,2300.530029296875,45.1986379,-23.0512055,18.446699142456055,0.12217900156974792,1.690369963645935,18.38409996032715,0.11169999837875366,0.12763400375843048,18.625999450683594,0.020999999716877937,1.2009999752044678,0.05999999865889549,-0.4346260130405426,-0.062609001994133,3.9100000858306885,0.9829999804496765,779.9710083007812,1.0451600551605225,0.8613560199737549,1.149999976158142,1.0190000534057617,0.2941179871559143,0.2606140077114105,1.128559947013855,2.0,0.0,0.9014289975166321,0.9937559962272644,18.37299919128418,0.1412000060081482,45.1986008,-23.0511944,16.9441,26.268699645996094,5.612639870378189e-05,0.04341470077633858,-0.047272201627492905,9.863360173767433e-05,t17_f5_c3,ZTF20abxyayj
2461008.8170949,2,3254317094015,19.658199310302734,/ztf/archive/sci/2025/1129/316586/ztf_20251129316586_000251_zr_c11_o_q1_scimrefdiffimg.fits.fz,Kulkarni,1,3.254317094015015e+18,t,7.0,3254,40,251,902.6279907226562,2302.969970703125,45.1985835,-23.0512129,18.577699661254883,0.09943199902772903,1.7137600183486938,18.55270004272461,0.12030000239610672,0.11413399875164032,18.13599967956543,0.032999999821186066,2.927000045776367,0.1469999998807907,-0.9198309779167175,-0.025028999894857407,2.6700000762939453,0.9919999837875366,777.5260009765625,1.1054999828338623,1.1120799779891968,0.9549999833106995,0.7910000085830688,0.35767799615859985,0.2962549924850464,1.2073299884796143,1.0,0.0,0.9414290189743042,1.0,18.43779945373535,0.13830000162124634,45.1986134,-23.0511963,15.002,26.32469940185547,3.0426299417740665e-05,0.03374059870839119,0.13138599693775177,4.2969400965375826e-05,t17_f5_c3,ZTF20abxyayj
2461010.751088,1,3256251084015,17.94219970703125,/ztf/archive/sci/2025/1201/250463/ztf_20251201250463_000251_zg_c11_o_q1_scimrefdiffimg.fits.fz,Kulkarni,1,,,,3256,40,251,,,,,,,,,,,,,,,,,,,,,,,,,,,,,,,,,,,,25.273399353027344,0.0007844620267860591,0.07712599635124207,-0.017174100503325462,0.0021218499168753624,t17_f5_c3,ZTF20abxyayj
2461010.7873264,2,3256287324015,19.52429962158203,/ztf/archive/sci/2025/1201/287326/ztf_20251201287326_000251_zr_c11_o_q1_scimrefdiffimg.fits.fz,Kulkarni,1,3.256287324015015e+18,t,4.0,3256,40,251,879.4979858398438,2306.31005859375,45.1985476,-23.0512268,18.428800582885742,0.1034649983048439,2.7354400157928467,18.51460075378418,0.13860000669956207,0.24112500250339508,18.13599967956543,0.032999999821186066,2.927000045776367,0.1469999998807907,0.08722099661827087,0.08576200157403946,3.3299999237060547,0.9819999933242798,774.1939697265625,1.0096700191497803,0.839697003364563,0.8790000081062317,0.7649999856948853,0.2639639973640442,0.22972999513149261,1.1490199565887451,3.0,0.0,0.9414290189743042,0.9839169979095459,18.427900314331055,0.16380000114440918,45.1986134,-23.0511963,16.9325,26.345800399780273,2.736630085564684e-05,0.03193439915776253,0.1381320059299469,3.903969991370104e-05,t17_f5_c3,ZTF20abxyayj
2461011.751713,1,3257251714015,18.96310043334961,/ztf/archive/sci/2025/1202/251713/ztf_20251202251713_000251_zg_c11_o_q1_scimrefdiffimg.fits.fz,Kulkarni,1,3.257251714015015e+18,1,4.0,3257,40,251,876.5579833984375,2311.669921875,45.19868,-23.0512712,18.316099166870117,0.1162009984254837,1.5244100093841553,18.239900588989258,0.16110000014305115,0.3764370083808899,18.625999450683594,0.020999999716877937,1.2009999752044678,0.05999999865889549,-1.8859000205993652,-0.07616499811410904,3.4600000381469727,0.9819999933242798,768.8289794921875,0.7231820225715637,0.8978250026702881,0.9890000224113464,0.9319999814033508,0.2858380079269409,0.26936399936676025,1.0611599683761597,3.0,0.0,0.9228569865226746,0.9979760050773621,18.16670036315918,0.1931000053882599,45.1986008,-23.0511944,13.9239,26.23710060119629,9.005510219139978e-05,0.04843340069055557,-0.0230919998139143,0.00017417900380678475,t17_f5_c3,ZTF20abxyayj
2461011.751713,1,3257251714015,18.96310043334961,/ztf/archive/sci/2025/1202/251713/ztf_20251202251713_000251_zg_c11_o_q1_scimrefdiffimg.fits.fz,Kulkarni,1,3.257251714015015e+18,t,4.0,3257,40,251,876.5579833984375,2311.669921875,45.19868,-23.0512712,18.316099166870117,0.1162009984254837,1.5244100093841553,18.239900588989258,0.16110000014305115,0.3764370083808899,18.625999450683594,0.020999999716877937,1.2009999752044678,0.05999999865889549,-1.8859000205993652,-0.07616499811410904,3.4600000381469727,0.9819999933242798,768.8289794921875,0.7231820225715637,0.8978250026702881,0.9890000224113464,0.9319999814033508,0.2858380079269409,0.26936399936676025,1.0611599683761597,3.0,0.0,0.9228569865226746,0.9979760050773621,18.16670036315918,0.1931000053882599,45.1986008,-23.0511944,13.9239,26.23710060119629,9.005510219139978e-05,0.04843340069055557,-0.0230919998139143,0.00017417900380678475,t17_f5_c3,ZTF20abxyayj
2461011.8377315,2,3257337734015,19.263099670410156,/ztf/archive/sci/2025/1202/337720/ztf_20251202337720_000251_zr_c11_o_q1_scimrefdiffimg.fits.fz,Kulkarni,1,3.257337734015015e+18,t,5.0,3257,40,251,869.8480224609375,2303.889892578125,45.1985624,-23.0511772,18.572200775146484,0.09554799646139145,1.0613199472427368,18.622100830078125,0.20319999754428864,0.1802069991827011,18.13599967956543,0.032999999821186066,2.927000045776367,0.1469999998807907,-0.2918179929256439,0.049929000437259674,2.940000057220459,0.9729999899864197,776.614990234375,0.6410369873046875,0.9046239852905273,0.7940000295639038,0.7229999899864197,0.2700679898262024,0.24591800570487976,1.0981999635696411,3.0,0.0,0.949999988079071,1.0,18.47879981994629,0.22840000689029694,45.1986134,-23.0511963,10.2046,26.316200256347656,3.308690065750852e-05,0.035271499305963516,0.11867699772119522,4.7912799345795065e-05,t17_f5_c3,ZTF20abxyayj
2461012.7742361,2,3258274234015,18.61440086364746,/ztf/archive/sci/2025/1203/273438/ztf_20251203273438_000251_zr_c11_o_q1_scimrefdiffimg.fits.fz,Kulkarni,1,3.258274234015015e+18,t,3.0,3258,40,251,870.4760131835938,2303.320068359375,45.1986229,-23.0514269,18.69230079650879,0.19859300553798676,0.9851019978523254,18.908700942993164,0.29440000653266907,0.8200640082359314,18.13599967956543,0.032999999821186066,2.927000045776367,0.1469999998807907,0.06869400292634964,0.2164119929075241,3.859999895095825,0.7260000109672546,777.1790161132812,-0.29426899552345276,1.1220099925994873,1.4709999561309814,1.3799999952316284,0.381087988615036,0.3575130105018616,1.065940022468567,2.0,0.0,0.5171430110931396,1.0,19.176799774169922,0.48339998722076416,45.1986134,-23.0511963,7.61082,26.337299346923828,9.59051976678893e-05,0.049426499754190445,0.11792100220918655,0.00013999200018588454,t17_f5_c3,ZTF20abxyayj
2461014.7647454,2,3260264744015,17.700000762939453,/ztf/archive/sci/2025/1205/264745/ztf_20251205264745_000251_zr_c11_o_q1_scimrefdiffimg.fits.fz,Kulkarni,1,,,,3260,40,251,,,,,,,,,,,,,,,,,,,,,,,,,,,,,,,,,,,,25.78809928894043,0.00021026800095569342,0.05383190140128136,0.12120900303125381,0.0003082730108872056,t17_f5_c3,ZTF20abxyayj
2461014.8087384,1,3260308734015,18.50860023498535,/ztf/archive/sci/2025/1205/308565/ztf_20251205308565_000251_zg_c11_o_q1_scimrefdiffimg.fits.fz,Kulkarni,1,3.260308734015015e+18,t,4.0,3260,40,251,862.7130126953125,2293.919921875,45.1987055,-23.0511464,18.254600524902344,0.11745999753475189,1.241070032119751,18.01420021057129,0.17350000143051147,0.38264599442481995,18.625999450683594,0.020999999716877937,1.2009999752044678,0.05999999865889549,-0.28512999415397644,-0.24044400453567505,4.889999866485596,0.9800000190734863,786.5850219726562,0.49444299936294556,0.7253410220146179,1.4630000591278076,1.3040000200271606,0.2991819977760315,0.2666670083999634,1.1219300031661987,2.0,0.0,0.554286003112793,1.0,17.879899978637695,0.19689999520778656,45.1986008,-23.0511944,9.68197,26.23859977722168,0.00016500300262123346,0.0478999987244606,-0.018230000510811806,0.0003878219868056476,t17_f5_c3,ZTF20abxyayj
2461015.7338426,1,3261233844015,18.947099685668945,/ztf/archive/sci/2025/1206/233831/ztf_20251206233831_000251_zg_c11_o_q1_scimrefdiffimg.fits.fz,Kulkarni,1,3.261233844015015e+18,1,5.0,3261,40,251,877.4140014648438,2318.219970703125,45.1986285,-23.0511195,18.41080093383789,0.13623599708080292,0.946058988571167,18.542699813842773,0.2029000073671341,0.28103798627853394,18.625999450683594,0.020999999716877937,1.2009999752044678,0.05999999865889549,0.7488030195236206,0.13189400732517242,2.8499999046325684,0.9819999933242798,762.280029296875,0.4043610095977783,1.1598000526428223,0.8859999775886536,0.8500000238418579,0.3108769953250885,0.29824599623680115,1.0423500537872314,4.0,0.0,0.9257140159606934,0.9711369872093201,18.755199432373047,0.3163999915122986,45.1986008,-23.0511944,11.4432,26.298799514770508,0.00012218099436722696,0.05361500009894371,-0.03225700184702873,0.00022786199406255037,t17_f5_c3,ZTF20abxyayj
2461012.7742361,2,3258274234015,18.61440086364746,/ztf/archive/sci/2025/1203/273438/ztf_20251203273438_000251_zr_c11_o_q1_scimrefdiffimg.fits.fz,Kulkarni,1,,,,3258,40,251,,,,,,,,,,,,,,,,,,,,,,,,,,,,,,,,,,,,26.337299346923828,9.59051976678893e-05,0.049426499754190445,0.11792100220918655,0.00013999200018588454,t17_f5_c3,ZTF20abxyayj
2461015.7338426,1,3261233844015,18.947099685668945,/ztf/archive/sci/2025/1206/233831/ztf_20251206233831_000251_zg_c11_o_q1_scimrefdiffimg.fits.fz,Kulkarni,1,3.261233844015015e+18,t,5.0,3261,40,251,877.4140014648438,2318.219970703125,45.1986285,-23.0511195,18.41080093383789,0.13623599708080292,0.946058988571167,18.542699813842773,0.2029000073671341,0.28103798627853394,18.625999450683594,0.020999999716877937,1.2009999752044678,0.05999999865889549,0.7488030195236206,0.13189400732517242,2.8499999046325684,0.9819999933242798,762.280029296875,0.4043610095977783,1.1598000526428223,0.8859999775886536,0.8500000238418579,0.3108769953250885,0.29824599623680115,1.0423500537872314,4.0,0.0,0.9257140159606934,0.9711369872093201,18.755199432373047,0.3163999915122986,45.1986008,-23.0511944,11.4432,26.298799514770508,0.00012218099436722696,0.05361500009894371,-0.03225700184702873,0.00022786199406255037,t17_f5_c3,ZTF20abxyayj
2461015.7933681,2,3261293364015,19.270599365234375,/ztf/archive/sci/2025/1206/293206/ztf_20251206293206_000251_zr_c11_o_q1_scimrefdiffimg.fits.fz,Kulkarni,1,3.261293364015015e+18,t,6.0,3261,40,251,874.3510131835938,2315.010009765625,45.1985747,-23.0512043,18.351999282836914,0.09787099808454514,1.5893700122833252,18.30940055847168,0.13809999823570251,0.13032299280166626,18.13599967956543,0.032999999821186066,2.927000045776367,0.1469999998807907,-1.6214499473571777,-0.04258099943399429,3.640000104904175,1.0,765.4860229492188,0.9611589908599854,0.8033679723739624,0.9409999847412109,0.7900000214576721,0.25851601362228394,0.2170329988002777,1.191140055656433,4.0,0.0,0.9128569960594177,1.0,18.261999130249023,0.16930000483989716,45.1986134,-23.0511963,11.3118,26.344999313354492,3.581200144253671e-05,0.03657570108771324,0.13786299526691437,5.1422401156742126e-05,t17_f5_c3,ZTF20abxyayj
2461016.7507176,2,3262250714015,19.071800231933594,/ztf/archive/sci/2025/1207/250648/ztf_20251207250648_000251_zr_c11_o_q1_scimrefdiffimg.fits.fz,Kulkarni,1,3.262250714015015e+18,t,6.0,3262,40,251,888.073974609375,2311.89990234375,45.198625,-23.0509764,18.377500534057617,0.11086499691009521,1.2184699773788452,18.550199508666992,0.1395999938249588,0.7823410034179688,18.13599967956543,0.032999999821186066,2.927000045776367,0.1469999998807907,-0.7595369815826416,0.1727370023727417,2.9000000953674316,0.6489999890327454,768.6010131835938,0.5216410160064697,1.499959945678711,1.4570000171661377,1.309999942779541,0.5024139881134033,0.45172399282455444,1.1122100353240967,1.0,0.0,0.557142972946167,1.0,18.510299682617188,0.1720999926328659,45.1986134,-23.0511963,7.26135,26.388500213623047,7.412739796563983e-05,0.04623959958553314,0.11173000186681747,0.00010703199950512499,t17_f5_c3,ZTF20abxyayj
2461017.7297801,2,3263229784015,19.839599609375,/ztf/archive/sci/2025/1208/229653/ztf_20251208229653_000251_zr_c11_o_q1_scimrefdiffimg.fits.fz,Kulkarni,1,3.263229784015015e+18,1,12.0,3263,40,251,886.281005859375,2301.929931640625,45.1985598,-23.051197,18.44729995727539,0.08448799699544907,2.977799892425537,18.51219940185547,0.11180000007152557,0.17564000189304352,18.13599967956543,0.032999999821186066,2.927000045776367,0.1469999998807907,0.1932619959115982,0.06488099694252014,2.8299999237060547,0.9750000238418579,778.5659790039062,1.3273600339889526,0.9237059950828552,0.7239999771118164,0.6159999966621399,0.25582998991012573,0.21766799688339233,1.1753300428390503,8.0,0.0,0.9028570055961609,0.878928005695343,18.589099884033203,0.15279999375343323,45.1986134,-23.0511963,11.1112,26.355300903320312,2.3654300093767233e-05,0.02953230030834675,0.13264399766921997,3.341040064697154e-05,t17_f5_c3,ZTF20abxyayj
2461015.7534606,1,3261253461315,19.006099700927734,/ztf/archive/sci/2025/1206/253461/ztf_20251206253461_001293_zg_c04_o_q2_scimrefdiffimg.fits.fz,Kulkarni,2,,,,3261,13,1293,,,,,,,,,,,,,,,,,,,,,,,,,,,,,,,,,,,,26.19099998474121,6.475499685620889e-05,0.043000299483537674,-0.025748899206519127,0.00012385800073388964,t17_f5_c3,ZTF20abxyayj
2461015.7539352,1,3261253931315,19.011699676513672,/ztf/archive/sci/2025/1206/253935/ztf_20251206253935_001293_zg_c04_o_q2_scimrefdiffimg.fits.fz,Kulkarni,3,,,,3261,13,1293,,,,,,,,,,,,,,,,,,,,,,,,,,,,,,,,,,,,26.180700302124023,8.526490273652598e-05,0.05055529996752739,-0.031783200800418854,0.00015865500608924776,t17_f5_c3,ZTF20abxyayj
2461017.7530903,1,3263253094015,19.381999969482422,/ztf/archive/sci/2025/1208/253090/ztf_20251208253090_000251_zg_c11_o_q1_scimrefdiffimg.fits.fz,Kulkarni,1,3.263253094015015e+18,1,2.0,3263,40,251,892.1510009765625,2304.8701171875,45.1986187,-23.0511911,18.339599609375,0.08374900370836258,0.9232779741287231,18.49410057067871,0.1429000049829483,0.05983699858188629,18.625999450683594,0.020999999716877937,1.2009999752044678,0.05999999865889549,0.9785699844360352,0.15454000234603882,2.9800000190734863,0.9919999837875366,775.6270141601562,0.8878899812698364,1.0154900550842285,0.8769999742507935,0.8539999723434448,0.2942950129508972,0.2865769863128662,1.0269299745559692,2.0,0.0,0.947143018245697,1.0,18.506099700927734,0.18490000069141388,45.1986008,-23.0511944,15.303,26.28260040283203,5.7338198530487716e-05,0.04309700056910515,-0.024208499118685722,9.888120257528499e-05,t17_f5_c3,ZTF20abxyayj
2461017.7297801,2,3263229784015,19.839599609375,/ztf/archive/sci/2025/1208/229653/ztf_20251208229653_000251_zr_c11_o_q1_scimrefdiffimg.fits.fz,Kulkarni,1,3.263229784015015e+18,t,12.0,3263,40,251,886.281005859375,2301.929931640625,45.1985598,-23.051197,18.44729995727539,0.08448799699544907,2.977799892425537,18.51219940185547,0.11180000007152557,0.17564000189304352,18.13599967956543,0.032999999821186066,2.927000045776367,0.1469999998807907,0.1932619959115982,0.06488099694252014,2.8299999237060547,0.9750000238418579,778.5659790039062,1.3273600339889526,0.9237059950828552,0.7239999771118164,0.6159999966621399,0.25582998991012573,0.21766799688339233,1.1753300428390503,8.0,0.0,0.9028570055961609,0.878928005695343,18.589099884033203,0.15279999375343323,45.1986134,-23.0511963,11.1112,26.355300903320312,2.3654300093767233e-05,0.02953230030834675,0.13264399766921997,3.341040064697154e-05,t17_f5_c3,ZTF20abxyayj
2461017.7530903,1,3263253094015,19.381999969482422,/ztf/archive/sci/2025/1208/253090/ztf_20251208253090_000251_zg_c11_o_q1_scimrefdiffimg.fits.fz,Kulkarni,1,3.263253094015015e+18,t,2.0,3263,40,251,892.1510009765625,2304.8701171875,45.1986187,-23.0511911,18.339599609375,0.08374900370836258,0.9232779741287231,18.49410057067871,0.1429000049829483,0.05983699858188629,18.625999450683594,0.020999999716877937,1.2009999752044678,0.05999999865889549,0.9785699844360352,0.15454000234603882,2.9800000190734863,0.9919999837875366,775.6270141601562,0.8878899812698364,1.0154900550842285,0.8769999742507935,0.8539999723434448,0.2942950129508972,0.2865769863128662,1.0269299745559692,2.0,0.0,0.947143018245697,1.0,18.506099700927734,0.18490000069141388,45.1986008,-23.0511944,15.303,26.28260040283203,5.7338198530487716e-05,0.04309700056910515,-0.024208499118685722,9.888120257528499e-05,t17_f5_c3,ZTF20abxyayj
2461021.7519676,2,3267251964015,19.99489974975586,/ztf/archive/sci/2025/1212/251817/ztf_20251212251817_000251_zr_c11_o_q1_scimrefdiffimg.fits.fz,Kulkarni,1,3.267251964015015e+18,1,4.0,3267,40,251,901.8270263671875,2295.179931640625,45.1985681,-23.0512035,18.502500534057617,0.0881820023059845,1.972249984741211,18.57900047302246,0.10010000318288803,0.1504489928483963,18.13599967956543,0.032999999821186066,2.927000045776367,0.1469999998807907,0.5612940192222595,0.07651899755001068,2.2300000190734863,0.9769999980926514,785.322998046875,1.4158999919891357,1.2189699411392212,0.8080000281333923,0.7020000219345093,0.36233198642730713,0.3147979974746704,1.1510000228881836,2.0,0.0,0.9557139873504639,1.0,18.673900604248047,0.1386999934911728,45.1986134,-23.0511963,12.5732,26.333499908447266,2.1721800294471905e-05,0.028618499636650085,0.13479800522327423,3.075379936490208e-05,t17_f5_c3,ZTF20abxyayj
2461021.7519676,2,3267251964015,19.99489974975586,/ztf/archive/sci/2025/1212/251817/ztf_20251212251817_000251_zr_c11_o_q1_scimrefdiffimg.fits.fz,Kulkarni,1,3.267251964015015e+18,t,4.0,3267,40,251,901.8270263671875,2295.179931640625,45.1985681,-23.0512035,18.502500534057617,0.0881820023059845,1.972249984741211,18.57900047302246,0.10010000318288803,0.1504489928483963,18.13599967956543,0.032999999821186066,2.927000045776367,0.1469999998807907,0.5612940192222595,0.07651899755001068,2.2300000190734863,0.9769999980926514,785.322998046875,1.4158999919891357,1.2189699411392212,0.8080000281333923,0.7020000219345093,0.36233198642730713,0.3147979974746704,1.1510000228881836,2.0,0.0,0.9557139873504639,1.0,18.673900604248047,0.1386999934911728,45.1986134,-23.0511963,12.5732,26.333499908447266,2.1721800294471905e-05,0.028618499636650085,0.13479800522327423,3.075379936490208e-05,t17_f5_c3,ZTF20abxyayj
2461021.7728009,1,3267272804015,19.696800231933594,/ztf/archive/sci/2025/1212/272639/ztf_20251212272639_000251_zg_c11_o_q1_scimrefdiffimg.fits.fz,Kulkarni,1,3.267272804015015e+18,t,1.0,3267,40,251,893.3200073242188,2290.85009765625,45.1986307,-23.0511632,18.457599639892578,0.08761800080537796,1.4024100303649902,18.53459930419922,0.10890000313520432,0.14796200394630432,18.625999450683594,0.020999999716877937,1.2009999752044678,0.05999999865889549,0.12278100103139877,0.07695399969816208,3.3499999046325684,0.9829999804496765,789.64501953125,1.162179946899414,0.9303359985351562,1.0260000228881836,0.8650000095367432,0.30626899003982544,0.2582089900970459,1.1861300468444824,1.0,0.0,0.8657140135765076,1.0,18.583999633789062,0.1453000009059906,45.1986008,-23.0511944,17.155,26.2455997467041,4.7377299779327586e-05,0.04037030041217804,-0.011669999919831753,7.711649959674105e-05,t17_f5_c3,ZTF20abxyayj
2461023.6884028,2,3269188404015,19.821800231933594,/ztf/archive/sci/2025/1214/188356/ztf_20251214188356_000251_zr_c11_o_q1_scimrefdiffimg.fits.fz,Kulkarni,1,3.269188404015015e+18,1,48.0,3269,40,251,876.3610229492188,2269.090087890625,45.1985482,-23.0511938,18.722200393676758,0.1410440057516098,3.011850118637085,18.81060028076172,0.1624000072479248,0.21348699927330017,18.13599967956543,0.032999999821186066,2.927000045776367,0.1469999998807907,1.4852099418640137,0.08837699890136719,2.9000000953674316,0.9649999737739563,811.4130249023438,1.0112099647521973,0.8320969939231873,0.593999981880188,0.531000018119812,0.20482799410820007,0.18310299515724182,1.1186399459838867,11.0,0.0,0.695713996887207,0.725741982460022,18.931299209594727,0.23119999468326569,45.1986134,-23.0511963,8.1721,25.976200103759766,0.0001660190027905628,0.07857140153646469,0.13017399609088898,0.00023581199639011174,t17_f5_c3,ZTF20abxyayj
2461023.6884028,2,3269188404015,19.821800231933594,/ztf/archive/sci/2025/1214/188356/ztf_20251214188356_000251_zr_c11_o_q1_scimrefdiffimg.fits.fz,Kulkarni,1,3.269188404015015e+18,t,48.0,3269,40,251,876.3610229492188,2269.090087890625,45.1985482,-23.0511938,18.722200393676758,0.1410440057516098,3.011850118637085,18.81060028076172,0.1624000072479248,0.21348699927330017,18.13599967956543,0.032999999821186066,2.927000045776367,0.1469999998807907,1.4852099418640137,0.08837699890136719,2.9000000953674316,0.9649999737739563,811.4130249023438,1.0112099647521973,0.8320969939231873,0.593999981880188,0.531000018119812,0.20482799410820007,0.18310299515724182,1.1186399459838867,11.0,0.0,0.695713996887207,0.725741982460022,18.931299209594727,0.23119999468326569,45.1986134,-23.0511963,8.1721,25.976200103759766,0.0001660190027905628,0.07857140153646469,0.13017399609088898,0.00023581199639011174,t17_f5_c3,ZTF20abxyayj
2461023.7420023,1,3269242004015,19.534099578857422,/ztf/archive/sci/2025/1214/241991/ztf_20251214241991_000251_zg_c11_o_q1_scimrefdiffimg.fits.fz,Kulkarni,1,3.269242004015015e+18,t,4.0,3269,40,251,891.593017578125,2273.02001953125,45.1985792,-23.0511838,18.429399490356445,0.09590400010347366,2.011470079421997,18.473800659179688,0.14059999585151672,0.08000700175762177,18.625999450683594,0.020999999716877937,1.2009999752044678,0.05999999865889549,0.33687299489974976,0.044429000467061996,2.190000057220459,0.9829999804496765,807.4810180664062,1.0602999925613403,1.211169958114624,0.7929999828338623,0.7129999995231628,0.3621000051498413,0.3255710005760193,1.1122000217437744,2.0,0.0,0.9557139873504639,0.9978020191192627,18.46929931640625,0.1785999983549118,45.1986008,-23.0511944,15.1131,25.69540023803711,8.400779915973544e-05,0.05334030091762543,0.0024665798991918564,0.00013943700469098985,t17_f5_c3,ZTF20abxyayj
2461025.6922569,1,3271192254015,19.81100082397461,/ztf/archive/sci/2025/1216/192245/ztf_20251216192245_000251_zg_c11_o_q1_scimrefdiffimg.fits.fz,Kulkarni,1,3.271192254015015e+18,1,6.0,3271,40,251,901.0150146484375,2293.89990234375,45.1985907,-23.0511755,18.417400360107422,0.07593400031328201,1.4143699407577515,18.450000762939453,0.08829999715089798,0.07481200248003006,18.625999450683594,0.020999999716877937,1.2009999752044678,0.05999999865889549,-0.5529639720916748,0.032632000744342804,3.25,0.9819999933242798,786.5969848632812,1.360990047454834,0.9938660264015198,1.0800000429153442,0.9200000166893005,0.33230799436569214,0.2830770015716553,1.1739100217819214,0.0,0.0,0.9300000071525574,1.0,18.37779998779297,0.10509999841451645,45.1986008,-23.0511944,18.056,26.240400314331055,3.755409852601588e-05,0.036584001034498215,-0.021995099261403084,6.152749847387895e-05,t17_f5_c3,ZTF20abxyayj
2461025.6922569,1,3271192254015,19.81100082397461,/ztf/archive/sci/2025/1216/192245/ztf_20251216192245_000251_zg_c11_o_q1_scimrefdiffimg.fits.fz,Kulkarni,1,3.271192254015015e+18,t,6.0,3271,40,251,901.0150146484375,2293.89990234375,45.1985907,-23.0511755,18.417400360107422,0.07593400031328201,1.4143699407577515,18.450000762939453,0.08829999715089798,0.07481200248003006,18.625999450683594,0.020999999716877937,1.2009999752044678,0.05999999865889549,-0.5529639720916748,0.032632000744342804,3.25,0.9819999933242798,786.5969848632812,1.360990047454834,0.9938660264015198,1.0800000429153442,0.9200000166893005,0.33230799436569214,0.2830770015716553,1.1739100217819214,0.0,0.0,0.9300000071525574,1.0,18.37779998779297,0.10509999841451645,45.1986008,-23.0511944,18.056,26.240400314331055,3.755409852601588e-05,0.036584001034498215,-0.021995099261403084,6.152749847387895e-05,t17_f5_c3,ZTF20abxyayj
2461025.7309838,2,3271230984015,19.900800704956055,/ztf/archive/sci/2025/1216/230822/ztf_20251216230822_000251_zr_c11_o_q1_scimrefdiffimg.fits.fz,Kulkarni,1,3.271230984015015e+18,t,4.0,3271,40,251,898.6890258789062,2298.3798828125,45.1985703,-23.0511846,18.527700424194336,0.09619899839162827,2.281790018081665,18.6742000579834,0.10729999840259552,0.14715200662612915,18.13599967956543,0.032999999821186066,2.927000045776367,0.1469999998807907,-0.4431839883327484,0.14653299748897552,2.680000066757202,0.9819999933242798,782.1179809570312,1.2266499996185303,1.1252599954605103,0.8709999918937683,0.8130000233650208,0.32499998807907104,0.3033579885959625,1.0713399648666382,1.0,0.0,0.9599999785423279,1.0,18.721399307250977,0.14249999821186066,45.1986134,-23.0511963,20.4074,26.341699600219727,2.184490040235687e-05,0.02869109995663166,0.13561999797821045,3.08976013911888e-05,t17_f5_c3,ZTF20abxyayj
2461027.6872917,1,3273187294015,19.67620086669922,/ztf/archive/sci/2025/1218/187292/ztf_20251218187292_000251_zg_c11_o_q1_scimrefdiffimg.fits.fz,Kulkarni,1,3.273187294015015e+18,t,0.0,3273,40,251,884.4110107421875,2265.080078125,45.1986121,-23.0511637,18.419099807739258,0.09475500136613846,1.9128799438476562,18.586599349975586,0.10279999673366547,0.1153160035610199,18.625999450683594,0.020999999716877937,1.2009999752044678,0.05999999865889549,-0.23374800384044647,0.1674560010433197,3.819999933242798,0.9829999804496765,815.4210205078125,1.0895800590515137,0.9294440150260925,1.0870000123977661,1.0230000019073486,0.28455498814582825,0.2678009867668152,1.062559962272644,0.0,0.0,0.9385709762573242,1.0,18.446800231933594,0.1151999980211258,45.1986008,-23.0511944,19.1096,26.236099243164062,4.135429844609462e-05,0.03725440055131912,-0.017492100596427917,6.880959699628875e-05,t17_f5_c3,ZTF20abxyayj
2461029.6795602,2,3275179564015,19.884300231933594,/ztf/archive/sci/2025/1220/179560/ztf_20251220179560_000251_zr_c11_o_q1_scimrefdiffimg.fits.fz,Kulkarni,1,3.275179564015015e+18,1,6.0,3275,40,251,895.31298828125,2288.0400390625,45.1986002,-23.0512083,18.59079933166504,0.08266899734735489,1.367400050163269,18.66990089416504,0.10459999740123749,0.060795001685619354,18.13599967956543,0.032999999821186066,2.927000045776367,0.1469999998807907,0.034550998359918594,0.07907000184059143,3.1500000953674316,0.9819999933242798,792.4650268554688,1.2144399881362915,0.9951779842376709,0.9629999995231628,0.9160000085830688,0.3057140111923218,0.2907939851284027,1.0513099431991577,0.0,0.0,0.9642860293388367,1.0,18.775800704956055,0.14630000293254852,45.1986134,-23.0511963,14.891,26.345800399780273,2.4579299861215986e-05,0.030221400782465935,0.12972599267959595,3.4827000490622595e-05,t17_f5_c3,ZTF20abxyayj
2461029.6795602,2,3275179564015,19.884300231933594,/ztf/archive/sci/2025/1220/179560/ztf_20251220179560_000251_zr_c11_o_q1_scimrefdiffimg.fits.fz,Kulkarni,1,3.275179564015015e+18,t,6.0,3275,40,251,895.31298828125,2288.0400390625,45.1986002,-23.0512083,18.59079933166504,0.08266899734735489,1.367400050163269,18.66990089416504,0.10459999740123749,0.060795001685619354,18.13599967956543,0.032999999821186066,2.927000045776367,0.1469999998807907,0.034550998359918594,0.07907000184059143,3.1500000953674316,0.9819999933242798,792.4650268554688,1.2144399881362915,0.9951779842376709,0.9629999995231628,0.9160000085830688,0.3057140111923218,0.2907939851284027,1.0513099431991577,0.0,0.0,0.9642860293388367,1.0,18.775800704956055,0.14630000293254852,45.1986134,-23.0511963,14.891,26.345800399780273,2.4579299861215986e-05,0.030221400782465935,0.12972599267959595,3.4827000490622595e-05,t17_f5_c3,ZTF20abxyayj
2461029.7375463,1,3275237544015,19.84119987487793,/ztf/archive/sci/2025/1220/237535/ztf_20251220237535_000251_zg_c11_o_q1_scimrefdiffimg.fits.fz,Kulkarni,1,3.275237544015015e+18,t,4.0,3275,40,251,888.0609741210938,2288.489990234375,45.1986092,-23.0512084,18.49679946899414,0.07715799659490585,1.779979944229126,18.49799919128418,0.08540000021457672,0.0578790009021759,18.625999450683594,0.020999999716877937,1.2009999752044678,0.05999999865889549,0.12936900556087494,0.0011859999503940344,3.5299999713897705,0.9800000190734863,792.0150146484375,1.3431999683380127,0.9656959772109985,1.1319999694824219,1.0429999828338623,0.32067999243736267,0.29546698927879333,1.0853300094604492,1.0,0.0,0.9328569769859314,1.0,18.49049949645996,0.10769999772310257,45.1986008,-23.0511944,17.7347,26.266799926757812,3.58122015313711e-05,0.03531790152192116,-0.047589998692274094,5.800569851999171e-05,t17_f5_c3,ZTF20abxyayj
2461030.6865162,2,3276186514015,20.357900619506836,/ztf/archive/sci/2025/1221/186505/ztf_20251221186505_000251_zr_c11_o_q1_scimrefdiffimg.fits.fz,Kulkarni,1,3.276186514015015e+18,1,8.0,3276,40,251,897.208984375,2293.010009765625,45.1985625,-23.0512128,18.622800827026367,0.07408799976110458,2.5825600624084473,18.687400817871094,0.08820000290870667,0.17647700011730194,18.13599967956543,0.032999999821186066,2.927000045776367,0.1469999998807907,-0.19318300485610962,0.06460399925708771,1.840000033378601,0.9779999852180481,787.489013671875,1.6704800128936768,1.3493200540542603,0.6549999713897705,0.6169999837875366,0.35597801208496094,0.3353259861469269,1.0615899562835693,5.0,0.0,0.949999988079071,0.9465320110321045,18.778200149536133,0.120899997651577,45.1986134,-23.0511963,9.06038,26.367799758911133,1.7116000890382566e-05,0.025404399260878563,0.12354599684476852,2.4348100851057097e-05,t17_f5_c3,ZTF20abxyayj
2461030.6865162,2,3276186514015,20.357900619506836,/ztf/archive/sci/2025/1221/186505/ztf_20251221186505_000251_zr_c11_o_q1_scimrefdiffimg.fits.fz,Kulkarni,1,3.276186514015015e+18,t,8.0,3276,40,251,897.208984375,2293.010009765625,45.1985625,-23.0512128,18.622800827026367,0.07408799976110458,2.5825600624084473,18.687400817871094,0.08820000290870667,0.17647700011730194,18.13599967956543,0.032999999821186066,2.927000045776367,0.1469999998807907,-0.19318300485610962,0.06460399925708771,1.840000033378601,0.9779999852180481,787.489013671875,1.6704800128936768,1.3493200540542603,0.6549999713897705,0.6169999837875366,0.35597801208496094,0.3353259861469269,1.0615899562835693,5.0,0.0,0.949999988079071,0.9465320110321045,18.778200149536133,0.120899997651577,45.1986134,-23.0511963,9.06038,26.367799758911133,1.7116000890382566e-05,0.025404399260878563,0.12354599684476852,2.4348100851057097e-05,t17_f5_c3,ZTF20abxyayj
2461030.7069329,1,3276206934015,19.764999389648438,/ztf/archive/sci/2025/1221/206875/ztf_20251221206875_000251_zg_c11_o_q1_scimrefdiffimg.fits.fz,Kulkarni,1,3.276206934015015e+18,t,6.0,3276,40,251,891.8090209960938,2292.239990234375,45.1985886,-23.0511558,18.39889907836914,0.0938740000128746,1.8540300130844116,18.449600219726562,0.08089999854564667,0.1428309977054596,18.625999450683594,0.020999999716877937,1.2009999752044678,0.05999999865889549,0.22799399495124817,0.050707001239061356,3.200000047683716,0.9520000219345093,788.2559814453125,1.3154200315475464,1.1568700075149536,1.2400000095367432,1.0770000219345093,0.38749998807907104,0.33656200766563416,1.1513500213623047,0.0,0.0,0.8100000023841858,1.0,18.505699157714844,0.1080000028014183,45.1986008,-23.0511944,15.2962,26.252899169921875,4.7667799663031474e-05,0.03999580070376396,-0.006141940131783485,8.088230242719874e-05,t17_f5_c3,ZTF20abxyayj
2461031.6672569,2,3277167254015,20.31800079345703,/ztf/archive/sci/2025/1222/167245/ztf_20251222167245_000251_zr_c11_o_q1_scimrefdiffimg.fits.fz,Kulkarni,1,3.277167254015015e+18,1,9.0,3277,40,251,893.3989868164062,2289.090087890625,45.1985617,-23.0511916,18.603099822998047,0.09260900318622589,5.229690074920654,18.776100158691406,0.10320000350475311,0.16983400285243988,18.13599967956543,0.032999999821186066,2.927000045776367,0.1469999998807907,-0.3614630103111267,0.17302900552749634,2.9000000953674316,0.9649999737739563,791.406982421875,1.5418599843978882,0.817529022693634,0.597000002861023,0.5260000228881836,0.20586200058460236,0.18137900531291962,1.1349799633026123,8.0,0.0,0.8642860054969788,0.7937390208244324,18.68779945373535,0.12049999833106995,45.1986134,-23.0511963,8.2328,26.344100952148438,2.2172600438352674e-05,0.028560200706124306,0.12654200196266174,3.127830132143572e-05,t17_f5_c3,ZTF20abxyayj
2461031.6672569,2,3277167254015,20.31800079345703,/ztf/archive/sci/2025/1222/167245/ztf_20251222167245_000251_zr_c11_o_q1_scimrefdiffimg.fits.fz,Kulkarni,1,3.277167254015015e+18,t,9.0,3277,40,251,893.3989868164062,2289.090087890625,45.1985617,-23.0511916,18.603099822998047,0.09260900318622589,5.229690074920654,18.776100158691406,0.10320000350475311,0.16983400285243988,18.13599967956543,0.032999999821186066,2.927000045776367,0.1469999998807907,-0.3614630103111267,0.17302900552749634,2.9000000953674316,0.9649999737739563,791.406982421875,1.5418599843978882,0.817529022693634,0.597000002861023,0.5260000228881836,0.20586200058460236,0.18137900531291962,1.1349799633026123,8.0,0.0,0.8642860054969788,0.7937390208244324,18.68779945373535,0.12049999833106995,45.1986134,-23.0511963,8.2328,26.344100952148438,2.2172600438352674e-05,0.028560200706124306,0.12654200196266174,3.127830132143572e-05,t17_f5_c3,ZTF20abxyayj
2461031.7126736,1,3277212674015,19.821199417114258,/ztf/archive/sci/2025/1222/212674/ztf_20251222212674_000251_zg_c11_o_q1_scimrefdiffimg.fits.fz,Kulkarni,1,3.277212674015015e+18,t,5.0,3277,40,251,898.3140258789062,2291.780029296875,45.1985984,-23.0511864,18.567699432373047,0.07745300233364105,2.609600067138672,18.55389976501465,0.12319999933242798,0.029479999095201492,18.625999450683594,0.020999999716877937,1.2009999752044678,0.05999999865889549,-0.2646310031414032,-0.013787000440061092,1.9700000286102295,0.9819999933242798,788.7210083007812,1.2672699689865112,1.2705600261688232,0.718999981880188,0.6940000057220459,0.3649750053882599,0.3522840142250061,1.036020040512085,3.0,0.0,0.9657139778137207,1.0,18.611499786376953,0.1657000035047531,45.1986008,-23.0511944,15.8311,25.994699478149414,3.67106003977824e-05,0.03659529983997345,-0.04966000095009804,5.7407298299949616e-05,t17_f5_c3,ZTF20abxyayj
2461037.7199421,2,3283219944015,19.374500274658203,/ztf/archive/sci/2025/1228/219931/ztf_20251228219931_000251_zr_c11_o_q1_scimrefdiffimg.fits.fz,Kulkarni,1,3.283219944015015e+18,t,5.0,3283,40,251,879.0919799804688,2306.43994140625,45.1985262,-23.0511507,18.58139991760254,0.10968100279569626,1.2404099702835083,18.587799072265625,0.13500000536441803,0.3281550109386444,18.13599967956543,0.032999999821186066,2.927000045776367,0.1469999998807907,0.5771160125732422,0.006391000002622604,3.700000047683716,0.9800000190734863,774.0549926757812,0.7866529822349548,0.9557340145111084,1.0759999752044678,1.0169999599456787,0.2908110022544861,0.2748650014400482,1.0580099821090698,3.0,0.0,0.8985710144042969,1.0,18.583200454711914,0.17180000245571136,45.1986134,-23.0511963,13.7425,26.339399337768555,4.1144201532006264e-05,0.039194799959659576,0.13691000640392303,5.8606001402949914e-05,t17_f5_c3,ZTF20abxyayj
2461049.7100347,2,3295210034015,19.45199966430664,/ztf/archive/sci/2026/0109/209861/ztf_20260109209861_000251_zr_c11_o_q1_scimrefdiffimg.fits.fz,Kulkarni,1,3.295210034015015e+18,t,6.0,3295,40,251,857.3170166015625,2335.02001953125,45.1986404,-23.0511198,18.79129981994629,0.12354200333356857,0.8420429825782776,18.622699737548828,0.12250000238418579,0.28568801283836365,18.13599967956543,0.032999999821186066,2.927000045776367,0.1469999998807907,0.1419830024242401,-0.16861100494861603,4.099999904632568,0.9750000238418579,745.4819946289062,0.8293280005455017,0.9202359914779663,1.4140000343322754,1.3350000381469727,0.3448779881000519,0.3256100118160248,1.0591800212860107,0.0,0.0,0.6871430277824402,1.0,18.54949951171875,0.1459999978542328,45.1986134,-23.0511963,11.9622,26.319299697875977,3.7832000089110807e-05,0.03768429905176163,0.1254660040140152,5.4039501264924183e-05,t17_f5_c3,ZTF20abxyayj
2461051.6764815,1,3297176484015,19.233699798583984,/ztf/archive/sci/2026/0111/176319/ztf_20260111176319_000251_zg_c11_o_q1_scimrefdiffimg.fits.fz,Kulkarni,1,3.297176484015015e+18,t,0.0,3297,40,251,865.364990234375,2328.56005859375,45.198506,-23.0510991,18.698200225830078,0.17972099781036377,1.651729941368103,18.944499969482422,0.15289999544620514,0.4589889943599701,18.625999450683594,0.020999999716877937,1.2009999752044678,0.05999999865889549,0.8452590107917786,0.2462649941444397,8.65999984741211,0.9520000219345093,751.9429931640625,0.2891710102558136,0.5704360008239746,1.4049999713897705,1.1679999828338623,0.16223999857902527,0.13487300276756287,1.2029099464416504,0.0,0.0,0.5,1.0,18.9950008392334,0.2045000046491623,45.1986008,-23.0511944,11.4011,26.289199829101562,0.00011898900265805423,0.05082020163536072,-0.05497780069708824,0.0002538289991207421,t17_f5_c3,ZTF20abxyayj
2461052.6874306,1,3298187434015,19.03809928894043,/ztf/archive/sci/2026/0112/187431/ztf_20260112187431_000251_zg_c11_o_q1_scimrefdiffimg.fits.fz,Kulkarni,1,3.298187434015015e+18,1,5.0,3298,40,251,877.1240234375,2298.550048828125,45.1986695,-23.0512679,18.665199279785156,0.1830970048904419,1.0912699699401855,18.695499420166016,0.1256999969482422,0.34446099400520325,18.625999450683594,0.020999999716877937,1.2009999752044678,0.05999999865889549,-0.08257199823856354,0.0302520003169775,6.960000038146973,0.9300000071525574,781.948974609375,0.34261900186538696,0.8224260210990906,1.99399995803833,1.7990000247955322,0.2864939868450165,0.25847700238227844,1.108389973640442,1.0,0.0,0.4714289903640747,1.0,18.686800003051758,0.15919999778270721,45.1986008,-23.0511944,10.6154,26.26020050048828,0.00019230099860578775,0.05217919871211052,-0.03519809991121292,0.00045524199958890676,t17_f5_c3,ZTF20abxyayj
2461052.6874306,1,3298187434015,19.03809928894043,/ztf/archive/sci/2026/0112/187431/ztf_20260112187431_000251_zg_c11_o_q1_scimrefdiffimg.fits.fz,Kulkarni,1,3.298187434015015e+18,t,5.0,3298,40,251,877.1240234375,2298.550048828125,45.1986695,-23.0512679,18.665199279785156,0.1830970048904419,1.0912699699401855,18.695499420166016,0.1256999969482422,0.34446099400520325,18.625999450683594,0.020999999716877937,1.2009999752044678,0.05999999865889549,-0.08257199823856354,0.0302520003169775,6.960000038146973,0.9300000071525574,781.948974609375,0.34261900186538696,0.8224260210990906,1.99399995803833,1.7990000247955322,0.2864939868450165,0.25847700238227844,1.108389973640442,1.0,0.0,0.4714289903640747,1.0,18.686800003051758,0.15919999778270721,45.1986008,-23.0511944,10.6154,26.26020050048828,0.00019230099860578775,0.05217919871211052,-0.03519809991121292,0.00045524199958890676,t17_f5_c3,ZTF20abxyayj
2461052.7101505,2,3298210154015,19.138599395751953,/ztf/archive/sci/2026/0112/210139/ztf_20260112210139_000251_zr_c11_o_q1_scimrefdiffimg.fits.fz,Kulkarni,1,3.298210154015015e+18,t,2.0,3298,40,251,865.718994140625,2295.610107421875,45.1986459,-23.0512116,18.835500717163086,0.16087999939918518,1.275589942932129,18.8533992767334,0.15129999816417694,0.11956200003623962,18.13599967956543,0.032999999821186066,2.927000045776367,0.1469999998807907,0.0017359999474138021,0.01786700077354908,5.769999980926514,0.6930000185966492,784.8870239257812,0.28523901104927063,0.872173011302948,1.6679999828338623,1.5759999752044678,0.28908100724220276,0.27313700318336487,1.0583800077438354,2.0,0.0,0.4742859899997711,1.0,18.969999313354492,0.21469999849796295,45.1986134,-23.0511963,9.82285,26.3174991607666,6.726240098942071e-05,0.04618680104613304,0.14949099719524384,9.603019861970097e-05,t17_f5_c3,ZTF20abxyayj
2461054.6455671,1,3300145564015,19.496599197387695,/ztf/archive/sci/2026/0114/145567/ztf_20260114145567_000251_zg_c11_o_q1_scimrefdiffimg.fits.fz,Kulkarni,1,3.300145564015015e+18,1,2.0,3300,40,251,876.1539916992188,2315.2099609375,45.198671,-23.0511781,18.877500534057617,0.10655099898576736,0.9052919745445251,18.777000427246094,0.13089999556541443,0.2368219941854477,18.625999450683594,0.020999999716877937,1.2009999752044678,0.05999999865889549,-0.1557610034942627,-0.10048399865627289,4.239999771118164,0.9639999866485596,765.2949829101562,0.719648003578186,0.9170699715614319,1.3539999723434448,1.194000005722046,0.3193399906158447,0.28160399198532104,1.1339999437332153,2.0,0.0,0.7771430015563965,1.0,18.737600326538086,0.16120000183582306,45.1986008,-23.0511944,11.833,26.291500091552734,8.188949868781492e-05,0.05113910138607025,-0.039857201278209686,0.00014963500143494457,t17_f5_c3,ZTF20abxyayj
2461054.6455671,1,3300145564015,19.496599197387695,/ztf/archive/sci/2026/0114/145567/ztf_20260114145567_000251_zg_c11_o_q1_scimrefdiffimg.fits.fz,Kulkarni,1,3.300145564015015e+18,t,2.0,3300,40,251,876.1539916992188,2315.2099609375,45.198671,-23.0511781,18.877500534057617,0.10655099898576736,0.9052919745445251,18.777000427246094,0.13089999556541443,0.2368219941854477,18.625999450683594,0.020999999716877937,1.2009999752044678,0.05999999865889549,-0.1557610034942627,-0.10048399865627289,4.239999771118164,0.9639999866485596,765.2949829101562,0.719648003578186,0.9170699715614319,1.3539999723434448,1.194000005722046,0.3193399906158447,0.28160399198532104,1.1339999437332153,2.0,0.0,0.7771430015563965,1.0,18.737600326538086,0.16120000183582306,45.1986008,-23.0511944,11.833,26.291500091552734,8.188949868781492e-05,0.05113910138607025,-0.039857201278209686,0.00014963500143494457,t17_f5_c3,ZTF20abxyayj
2461054.6955903,2,3300195594015,19.609600067138672,/ztf/archive/sci/2026/0114/195428/ztf_20260114195428_000251_zr_c11_o_q1_scimrefdiffimg.fits.fz,Kulkarni,1,3.300195594015015e+18,t,5.0,3300,40,251,876.593017578125,2314.330078125,45.1985373,-23.0511605,18.94230079650879,0.17115099728107452,1.4271600246429443,19.05780029296875,0.17479999363422394,0.27945899963378906,18.13599967956543,0.032999999821186066,2.927000045776367,0.1469999998807907,-1.1996400356292725,0.11546900123357773,4.539999961853027,0.9610000252723694,766.1669921875,0.5517910122871399,0.7488179802894592,1.1150000095367432,0.7820000052452087,0.24559499323368073,0.1722469925880432,1.4258300065994263,4.0,0.0,0.5771430134773254,0.9494929909706116,19.00589942932129,0.21279999613761902,45.1986134,-23.0511963,12.8399,26.342300415039062,3.459450090304017e-05,0.03591949865221977,0.12227199971675873,4.934120079269633e-05,t17_f5_c3,ZTF20abxyayj
2461056.6442477,2,3302144244015,19.97920036315918,/ztf/archive/sci/2026/0116/144248/ztf_20260116144248_000251_zr_c11_o_q1_scimrefdiffimg.fits.fz,Kulkarni,1,3.302144244015015e+18,1,11.0,3302,40,251,880.0919799804688,2311.280029296875,45.1986218,-23.0511793,18.840499877929688,0.09231500327587128,1.838320016860962,18.842300415039062,0.1298999935388565,0.06614000350236893,18.13599967956543,0.032999999821186066,2.927000045776367,0.1469999998807907,0.14486700296401978,0.0017719999887049198,1.8799999952316284,0.9629999995231628,769.2230224609375,1.13687002658844,1.433500051498413,0.8399999737739563,0.7440000176429749,0.44680899381637573,0.39574500918388367,1.1290299892425537,5.0,0.0,0.9571430087089539,0.988303005695343,18.85569953918457,0.16740000247955322,45.1986134,-23.0511963,9.79819,26.350500106811523,2.214070082118269e-05,0.02871439978480339,0.12862199544906616,3.167589966324158e-05,t17_f5_c3,ZTF20abxyayj
2461056.6442477,2,3302144244015,19.97920036315918,/ztf/archive/sci/2026/0116/144248/ztf_20260116144248_000251_zr_c11_o_q1_scimrefdiffimg.fits.fz,Kulkarni,1,3.302144244015015e+18,t,11.0,3302,40,251,880.0919799804688,2311.280029296875,45.1986218,-23.0511793,18.840499877929688,0.09231500327587128,1.838320016860962,18.842300415039062,0.1298999935388565,0.06614000350236893,18.13599967956543,0.032999999821186066,2.927000045776367,0.1469999998807907,0.14486700296401978,0.0017719999887049198,1.8799999952316284,0.9629999995231628,769.2230224609375,1.13687002658844,1.433500051498413,0.8399999737739563,0.7440000176429749,0.44680899381637573,0.39574500918388367,1.1290299892425537,5.0,0.0,0.9571430087089539,0.988303005695343,18.85569953918457,0.16740000247955322,45.1986134,-23.0511963,9.79819,26.350500106811523,2.214070082118269e-05,0.02871439978480339,0.12862199544906616,3.167589966324158e-05,t17_f5_c3,ZTF20abxyayj
2461056.6477083,1,3302147704015,19.81369972229004,/ztf/archive/sci/2026/0116/147546/ztf_20260116147546_000251_zg_c11_o_q1_scimrefdiffimg.fits.fz,Kulkarni,1,3.302147704015015e+18,t,8.0,3302,40,251,880.302001953125,2311.43994140625,45.1986172,-23.0512029,18.950899124145508,0.12487699836492538,1.3661400079727173,19.003999710083008,0.1597999930381775,0.061528000980615616,18.625999450683594,0.020999999716877937,1.2009999752044678,0.05999999865889549,0.24483899772167206,0.0531110018491745,3.4600000381469727,0.9739999771118164,769.0549926757812,0.8096650242805481,0.8476539850234985,0.9509999752044678,0.8529999852180481,0.27485498785972595,0.24653199315071106,1.1148899793624878,2.0,0.0,0.9599999785423279,1.0,19.069799423217773,0.2168000042438507,45.1986008,-23.0511944,14.3961,26.269899368286133,3.624540113378316e-05,0.035877201706171036,-0.05203450098633766,5.795519973617047e-05,t17_f5_c3,ZTF20abxyayj
2461058.616794,2,3304116794015,19.393400192260742,/ztf/archive/sci/2026/0118/116782/ztf_20260118116782_000251_zr_c11_o_q1_scimrefdiffimg.fits.fz,Kulkarni,1,3.304116794015015e+18,1,4.0,3304,40,251,873.3510131835938,2304.1201171875,45.1985654,-23.0510805,18.906099319458008,0.14021499454975128,1.11899995803833,18.718599319458008,0.12890000641345978,0.4403260052204132,18.13599967956543,0.032999999821186066,2.927000045776367,0.1469999998807907,-1.1322799921035767,-0.18753600120544434,5.380000114440918,0.9459999799728394,776.375,0.6747850179672241,0.768684983253479,1.6419999599456787,1.434000015258789,0.30520400404930115,0.2665430009365082,1.145050048828125,2.0,0.0,0.42571398615837097,1.0,18.65760040283203,0.15530000627040863,45.1986134,-23.0511963,10.2351,26.337099075317383,4.4045900722267106e-05,0.04048670083284378,0.12644700706005096,6.295280036283657e-05,t17_f5_c3,ZTF20abxyayj
2461058.616794,2,3304116794015,19.393400192260742,/ztf/archive/sci/2026/0118/116782/ztf_20260118116782_000251_zr_c11_o_q1_scimrefdiffimg.fits.fz,Kulkarni,1,3.304116794015015e+18,t,4.0,3304,40,251,873.3510131835938,2304.1201171875,45.1985654,-23.0510805,18.906099319458008,0.14021499454975128,1.11899995803833,18.718599319458008,0.12890000641345978,0.4403260052204132,18.13599967956543,0.032999999821186066,2.927000045776367,0.1469999998807907,-1.1322799921035767,-0.18753600120544434,5.380000114440918,0.9459999799728394,776.375,0.6747850179672241,0.768684983253479,1.6419999599456787,1.434000015258789,0.30520400404930115,0.2665430009365082,1.145050048828125,2.0,0.0,0.42571398615837097,1.0,18.65760040283203,0.15530000627040863,45.1986134,-23.0511963,10.2351,26.337099075317383,4.4045900722267106e-05,0.04048670083284378,0.12644700706005096,6.295280036283657e-05,t17_f5_c3,ZTF20abxyayj
2461058.6609954,1,3304160994015,19.235599517822266,/ztf/archive/sci/2026/0118/160995/ztf_20260118160995_000251_zg_c11_o_q1_scimrefdiffimg.fits.fz,Kulkarni,1,3.304160994015015e+18,t,1.0,3304,40,251,858.8270263671875,2303.3798828125,45.1985356,-23.0513888,18.986299514770508,0.19136300683021545,1.0685299634933472,18.803199768066406,0.14030000567436218,0.7228839993476868,18.625999450683594,0.020999999716877937,1.2009999752044678,0.05999999865889549,-0.5737760066986084,-0.18307900428771973,6.570000171661377,0.9269999861717224,777.1199951171875,0.4324060082435608,0.7180569767951965,1.996999979019165,1.8309999704360962,0.3039569854736328,0.27869099378585815,1.0906599760055542,1.0,0.0,0.36285701394081116,1.0,18.676599502563477,0.15960000455379486,45.1986008,-23.0511944,9.977,26.24329948425293,6.859910354251042e-05,0.040292199701070786,-0.029704200103878975,0.00013099799980409443,t17_f5_c3,ZTF20abxyayj
2461060.6049653,1,3306104964015,19.611000061035156,/ztf/archive/sci/2026/0120/104699/ztf_20260120104699_000251_zg_c11_o_q1_scimrefdiffimg.fits.fz,Kulkarni,1,3.306104964015015e+18,1,6.0,3306,40,251,865.1669921875,2308.070068359375,45.1986709,-23.0512305,18.9950008392334,0.111906997859478,0.9204249978065491,19.0802001953125,0.16349999606609344,0.26287299394607544,18.625999450683594,0.020999999716877937,1.2009999752044678,0.05999999865889549,0.030146000906825066,0.08520200103521347,3.4700000286102295,0.9779999852180481,772.4290161132812,0.5307649970054626,1.0683300495147705,1.2400000095367432,1.1200000047683716,0.3573490083217621,0.3227669894695282,1.1071399450302124,1.0,0.0,0.8371430039405823,1.0,18.996200561523438,0.1932000070810318,45.1986008,-23.0511944,11.5714,26.277999877929688,5.16992986376863e-05,0.041443098336458206,-0.056607600301504135,9.081189637072384e-05,t17_f5_c3,ZTF20abxyayj
2461060.6049653,1,3306104964015,19.611000061035156,/ztf/archive/sci/2026/0120/104699/ztf_20260120104699_000251_zg_c11_o_q1_scimrefdiffimg.fits.fz,Kulkarni,1,3.306104964015015e+18,t,6.0,3306,40,251,865.1669921875,2308.070068359375,45.1986709,-23.0512305,18.9950008392334,0.111906997859478,0.9204249978065491,19.0802001953125,0.16349999606609344,0.26287299394607544,18.625999450683594,0.020999999716877937,1.2009999752044678,0.05999999865889549,0.030146000906825066,0.08520200103521347,3.4700000286102295,0.9779999852180481,772.4290161132812,0.5307649970054626,1.0683300495147705,1.2400000095367432,1.1200000047683716,0.3573490083217621,0.3227669894695282,1.1071399450302124,1.0,0.0,0.8371430039405823,1.0,18.996200561523438,0.1932000070810318,45.1986008,-23.0511944,11.5714,26.277999877929688,5.16992986376863e-05,0.041443098336458206,-0.056607600301504135,9.081189637072384e-05,t17_f5_c3,ZTF20abxyayj
2461060.6477315,2,3306147734015,19.690399169921875,/ztf/archive/sci/2026/0120/147569/ztf_20260120147569_000251_zr_c11_o_q1_scimrefdiffimg.fits.fz,Kulkarni,1,3.306147734015015e+18,t,6.0,3306,40,251,880.833984375,2303.949951171875,45.1985755,-23.0512203,18.8887996673584,0.0951479971408844,1.0338799953460693,18.957799911499023,0.1607999950647354,0.15043100714683533,18.13599967956543,0.032999999821186066,2.927000045776367,0.1469999998807907,0.20957399904727936,0.06901700049638748,2.5999999046325684,0.9679999947547913,776.5469970703125,0.7326220273971558,1.206470012664795,1.0260000228881836,0.8949999809265137,0.3946149945259094,0.3442310094833374,1.1463700532913208,1.0,0.0,0.9414290189743042,1.0,19.07900047302246,0.22920000553131104,45.1986134,-23.0511963,11.8714,26.34980010986328,2.6536499717622064e-05,0.03111729957163334,0.1280370056629181,3.7426398193929344e-05,t17_f5_c3,ZTF20abxyayj
2461066.6452894,1,3312145284015,18.08970069885254,/ztf/archive/sci/2026/0126/145278/ztf_20260126145278_000251_zg_c11_o_q1_scimrefdiffimg.fits.fz,Kulkarni,1,,,,3312,40,251,,,,,,,,,,,,,,,,,,,,,,,,,,,,,,,,,,,,25.423900604248047,0.00028458499582484365,0.0469416007399559,-0.030697200447320938,0.000780146976467222,t17_f5_c3,ZTF20abxyayj
2461068.633588,2,3314133584015,18.155500411987305,/ztf/archive/sci/2026/0128/133576/ztf_20260128133576_000251_zr_c11_o_q1_scimrefdiffimg.fits.fz,Kulkarni,1,,,,3314,40,251,,,,,,,,,,,,,,,,,,,,,,,,,,,,,,,,,,,,25.54490089416504,7.174540223786607e-05,0.04062649980187416,0.1367879956960678,0.00010436499724164605,t17_f5_c3,ZTF20abxyayj
2461069.6273495,1,3315127344015,17.80970001220703,/ztf/archive/sci/2026/0129/127350/ztf_20260129127350_000251_zg_c11_o_q1_scimrefdiffimg.fits.fz,Kulkarni,1,,,,3315,40,251,,,,,,,,,,,,,,,,,,,,,,,,,,,,,,,,,,,,25.183799743652344,0.00036006298614665866,0.04447019845247269,0.0004655130032915622,0.0010140599915757775,t17_f5_c3,ZTF20abxyayj
2461071.6261921,1,3317126194015,18.73780059814453,/ztf/archive/sci/2026/0131/125648/ztf_20260131125648_000251_zg_c11_o_q1_scimrefdiffimg.fits.fz,Kulkarni,1,3.317126194015015e+18,1,2.0,3317,40,251,872.6630249023438,2307.610107421875,45.1987519,-23.0511803,18.43829917907715,0.1570490002632141,1.7636200189590454,18.815799713134766,0.2858000099658966,0.49685999751091003,18.625999450683594,0.020999999716877937,1.2009999752044678,0.05999999865889549,0.5459579825401306,0.3774619996547699,4.860000133514404,0.9810000061988831,772.885009765625,-0.07803700119256973,0.7521910071372986,0.9879999756813049,0.9589999914169312,0.20329199731349945,0.19732500612735748,1.0302400588989258,3.0,0.0,0.7585710287094116,0.9739540219306946,18.88599967956543,0.3912000060081482,45.1986008,-23.0511944,9.77627,26.21030044555664,0.00012690399307757616,0.04564730077981949,-0.027748899534344673,0.00027936100377701223,t17_f5_c3,ZTF20abxyayj
2461071.6261921,1,3317126194015,18.73780059814453,/ztf/archive/sci/2026/0131/125648/ztf_20260131125648_000251_zg_c11_o_q1_scimrefdiffimg.fits.fz,Kulkarni,1,3.317126194015015e+18,t,2.0,3317,40,251,872.6630249023438,2307.610107421875,45.1987519,-23.0511803,18.43829917907715,0.1570490002632141,1.7636200189590454,18.815799713134766,0.2858000099658966,0.49685999751091003,18.625999450683594,0.020999999716877937,1.2009999752044678,0.05999999865889549,0.5459579825401306,0.3774619996547699,4.860000133514404,0.9810000061988831,772.885009765625,-0.07803700119256973,0.7521910071372986,0.9879999756813049,0.9589999914169312,0.20329199731349945,0.19732500612735748,1.0302400588989258,3.0,0.0,0.7585710287094116,0.9739540219306946,18.88599967956543,0.3912000060081482,45.1986008,-23.0511944,9.77627,26.21030044555664,0.00012690399307757616,0.04564730077981949,-0.027748899534344673,0.00027936100377701223,t17_f5_c3,ZTF20abxyayj
2461071.6709606,2,3317170964015,18.916400909423828,/ztf/archive/sci/2026/0131/170961/ztf_20260131170961_000251_zr_c11_o_q1_scimrefdiffimg.fits.fz,Kulkarni,1,3.317170964015015e+18,t,4.0,3317,40,251,878.1060180664062,2300.7099609375,45.1985345,-23.0510991,18.971200942993164,0.17830899357795715,1.0809199810028076,19.566099166870117,0.5303999781608582,0.4312869906425476,18.13599967956543,0.032999999821186066,2.927000045776367,0.1469999998807907,-0.4693700075149536,0.5949400067329407,1.6660399436950684,0.9629999995231628,779.7899780273438,-0.6496769785881042,2.0,0.8889999985694885,0.8610000014305115,0.5335999727249146,0.5167940258979797,1.032520055770874,4.0,0.0,0.804286003112793,0.9411200284957886,19.236099243164062,0.5024999976158142,45.1986134,-23.0511963,6.42763,26.26919937133789,5.9279798733768985e-05,0.04555770009756088,0.1095300018787384,8.503520075464621e-05,t17_f5_c3,ZTF20abxyayj
2461073.6259259,1,3319125924015,18.899599075317383,/ztf/archive/sci/2026/0202/125694/ztf_20260202125694_000251_zg_c11_o_q1_scimrefdiffimg.fits.fz,Kulkarni,1,3.319125924015015e+18,1,5.0,3319,40,251,864.4240112304688,2301.780029296875,45.1986838,-23.0511306,18.555599212646484,0.16276900470256805,1.5106500387191772,18.752700805664062,0.30059999227523804,0.3537740111351013,18.625999450683594,0.020999999716877937,1.2009999752044678,0.05999999865889549,-0.049118999391794205,0.19713200628757477,2.7200000286102295,0.9729999899864197,778.7150268554688,0.1468529999256134,1.0370999574661255,0.800000011920929,0.6290000081062317,0.2941179871559143,0.23125000298023224,1.2718600034713745,5.0,0.0,0.9128569960594177,0.982774019241333,18.650699615478516,0.351500004529953,45.1986008,-23.0511944,9.95228,26.223600387573242,9.404840238858014e-05,0.048105400055646896,-0.020854100584983826,0.00018979499873239547,t17_f5_c3,ZTF20abxyayj
2461073.6259259,1,3319125924015,18.899599075317383,/ztf/archive/sci/2026/0202/125694/ztf_20260202125694_000251_zg_c11_o_q1_scimrefdiffimg.fits.fz,Kulkarni,1,3.319125924015015e+18,t,5.0,3319,40,251,864.4240112304688,2301.780029296875,45.1986838,-23.0511306,18.555599212646484,0.16276900470256805,1.5106500387191772,18.752700805664062,0.30059999227523804,0.3537740111351013,18.625999450683594,0.020999999716877937,1.2009999752044678,0.05999999865889549,-0.049118999391794205,0.19713200628757477,2.7200000286102295,0.9729999899864197,778.7150268554688,0.1468529999256134,1.0370999574661255,0.800000011920929,0.6290000081062317,0.2941179871559143,0.23125000298023224,1.2718600034713745,5.0,0.0,0.9128569960594177,0.982774019241333,18.650699615478516,0.351500004529953,45.1986008,-23.0511944,9.95228,26.223600387573242,9.404840238858014e-05,0.048105400055646896,-0.020854100584983826,0.00018979499873239547,t17_f5_c3,ZTF20abxyayj
2461073.647419,2,3319147414015,19.250099182128906,/ztf/archive/sci/2026/0202/147234/ztf_20260202147234_000251_zr_c11_o_q1_scimrefdiffimg.fits.fz,Kulkarni,1,3.319147414015015e+18,t,6.0,3319,40,251,871.4039916992188,2298.679931640625,45.1986242,-23.0512021,18.80739974975586,0.14801199734210968,1.664989948272705,19.190799713134766,0.3546999990940094,0.04095999896526337,18.13599967956543,0.032999999821186066,2.927000045776367,0.1469999998807907,-0.011242999695241451,0.38342100381851196,2.9800000190734863,0.9649999737739563,781.8170166015625,0.05933300033211708,0.872331976890564,0.859000027179718,0.7009999752044678,0.2882550060749054,0.23523500561714172,1.2253899574279785,3.0,0.0,0.9385709762573242,1.0,18.80900001525879,0.32010000944137573,45.1986134,-23.0511963,9.85801,26.30340003967285,3.232069866498932e-05,0.03445950150489807,0.13881300389766693,4.603160050464794e-05,t17_f5_c3,ZTF20abxyayj
2461074.6273032,1,3320127304015,19.24720001220703,/ztf/archive/sci/2026/0203/127303/ztf_20260203127303_000251_zg_c11_o_q1_scimrefdiffimg.fits.fz,Kulkarni,1,3.320127304015015e+18,1,4.0,3320,40,251,875.3829956054688,2303.919921875,45.1985698,-23.0511927,18.712200164794922,0.11664199829101562,1.36257004737854,18.617599487304688,0.19920000433921814,0.1016170009970665,18.625999450683594,0.020999999716877937,1.2009999752044678,0.05999999865889549,-1.16975998878479,-0.09458299726247787,2.0999999046325684,0.9819999933242798,776.5789794921875,0.6295830011367798,1.3043500185012817,0.7919999957084656,0.7289999723434448,0.377142995595932,0.3471429944038391,1.0864200592041016,5.0,0.0,0.9585710167884827,0.9984740018844604,18.35420036315918,0.2003999948501587,45.1986008,-23.0511944,10.6337,26.190200805664062,4.7828001697780564e-05,0.040084898471832275,-0.03538310155272484,8.607890049461275e-05,t17_f5_c3,ZTF20abxyayj
2461074.6273032,1,3320127304015,19.24720001220703,/ztf/archive/sci/2026/0203/127303/ztf_20260203127303_000251_zg_c11_o_q1_scimrefdiffimg.fits.fz,Kulkarni,1,3.320127304015015e+18,t,4.0,3320,40,251,875.3829956054688,2303.919921875,45.1985698,-23.0511927,18.712200164794922,0.11664199829101562,1.36257004737854,18.617599487304688,0.19920000433921814,0.1016170009970665,18.625999450683594,0.020999999716877937,1.2009999752044678,0.05999999865889549,-1.16975998878479,-0.09458299726247787,2.0999999046325684,0.9819999933242798,776.5789794921875,0.6295830011367798,1.3043500185012817,0.7919999957084656,0.7289999723434448,0.377142995595932,0.3471429944038391,1.0864200592041016,5.0,0.0,0.9585710167884827,0.9984740018844604,18.35420036315918,0.2003999948501587,45.1986008,-23.0511944,10.6337,26.190200805664062,4.7828001697780564e-05,0.040084898471832275,-0.03538310155272484,8.607890049461275e-05,t17_f5_c3,ZTF20abxyayj
2461074.6694097,2,3320169404015,19.18600082397461,/ztf/archive/sci/2026/0203/169398/ztf_20260203169398_000251_zr_c11_o_q1_scimrefdiffimg.fits.fz,Kulkarni,1,3.320169404015015e+18,t,3.0,3320,40,251,872.8989868164062,2296.840087890625,45.1985952,-23.0511875,18.77739906311035,0.11418099701404572,1.089020013809204,18.763399124145508,0.24940000474452972,0.06717199832201004,18.13599967956543,0.032999999821186066,2.927000045776367,0.1469999998807907,-0.10651099681854248,-0.014046000316739082,1.3238500356674194,0.6700000166893005,783.6599731445312,0.4226459860801697,2.0,0.8029999732971191,0.7329999804496765,0.606564998626709,0.5536890029907227,1.0954999923706055,4.0,0.0,0.9285709857940674,0.97496098279953,18.680200576782227,0.2962000072002411,45.1986134,-23.0511963,8.03495,26.23740005493164,4.080239887116477e-05,0.03857190161943436,0.1210549995303154,5.866759966011159e-05,t17_f5_c3,ZTF20abxyayj
